mtllib material.mtl
usemtl material_shoulder_1
v -0.03750061 -0.02185171 0.04504281
v -0.03721410 -0.02392476 0.04243123
v -0.03639602 -0.02360618 0.04481422
v -0.03832596 -0.02212381 0.04269206
v -0.01392316 0.04122555 0.05479162
v -0.01408529 0.04172205 0.05394244
v -0.01637649 0.04030305 0.05465853
v -0.02946287 -0.02405744 0.05010670
v -0.03032875 -0.02493643 0.04928690
v -0.02966636 -0.02494537 0.04960304
v -0.01634967 0.04022753 0.05475938
v -0.03823482 0.00747174 0.05356580
v -0.03894627 0.00764906 0.05323511
v -0.03854990 0.00321484 0.05317276
v -0.03796815 0.00449616 0.05348294
v -0.01388126 0.04115265 0.05489540
v -0.03584766 -0.02257347 0.04670518
v -0.03266304 -0.02686071 0.04619830
v -0.03248286 -0.02653259 0.04665172
v -0.03506433 -0.02295511 0.04719513
v -0.04086428 0.01612627 0.04992789
v -0.04094791 0.01725101 0.04863834
v -0.04135519 0.01621019 0.04852205
v -0.01682281 0.03725355 0.05646222
v -0.01779955 0.03761255 0.05608755
v -0.01776224 0.03708499 0.05630242
v -0.03745508 0.00439644 0.05365252
v -0.02859538 -0.02344131 0.05064964
v -0.02581125 -0.02693843 0.05009162
v -0.02522635 -0.02675431 0.05033999
v -0.01742541 0.03703981 0.05639088
v -0.02125549 0.03474593 0.05618238
v -0.04041719 0.01643198 0.05055904
v -0.04203391 0.01227086 0.04968112
v -0.04097706 0.01298856 0.05109006
v -0.01393252 0.04098200 0.05506461
v -0.03967660 -0.01963520 0.04305410
v -0.04011017 -0.01957792 0.04063111
v -0.03832596 -0.02212381 0.04269206
v -0.02942365 -0.02378833 0.05024284
v -0.03997278 0.01808023 0.05046391
v -0.00937670 0.04342138 0.05317473
v -0.00940174 0.04357838 0.05207633
v -0.01414996 0.04212713 0.05292034
v -0.03870576 0.00988770 0.05338907
v -0.03963273 0.01112747 0.05275529
v -0.03964316 0.00783056 0.05282121
v -0.01629018 0.04006123 0.05496960
v -0.03435766 -0.02257853 0.04810553
v -0.03967660 -0.01963520 0.04305410
v -0.03731513 0.00725222 0.05388486
v -0.01621466 0.03985291 0.05520242
v -0.03149402 -0.02602070 0.04788553
v -0.03984445 0.01250737 0.05241650
v -0.04059553 0.01203203 0.05179262
v -0.04041630 0.01049154 0.05213266
v -0.02409988 -0.02607738 0.05082839
v -0.04144823 -0.01656872 0.04112559
v -0.04011017 -0.01957792 0.04063111
v -0.04212832 -0.01476716 0.04141634
v -0.04144823 -0.01656872 0.04112559
v -0.02730560 -0.02277851 0.05120444
v -0.01374626 0.04072380 0.05537796
v -0.03691339 0.00902748 0.05409997
v -0.01606273 0.03851091 0.05615442
v -0.01810026 0.03838837 0.05558145
v -0.00937670 0.04342138 0.05317473
v -0.01414996 0.04212713 0.05292034
v -0.03989410 0.01170158 0.05247211
v -0.03614330 0.00712585 0.05416536
v -0.03437721 -0.02171349 0.04867702
v -0.03132820 -0.02557080 0.04832029
v -0.02152436 0.03375142 0.05634510
v -0.04013162 0.01909780 0.04897189
v -0.02399617 -0.02541840 0.05104070
v -0.01730841 0.03626656 0.05658674
v -0.02118927 0.03345388 0.05641978
v -0.03453779 0.00055585 0.05368012
v -0.03555768 -0.00057983 0.05354547
v -0.01364845 0.04020398 0.05584138
v -0.01604264 0.03940623 0.05562973
v -0.03583288 -0.02111530 0.04782772
v -0.04013860 0.01559650 0.05138283
v -0.03071737 -0.02547591 0.04876637
v -0.03909540 0.01404476 0.05285835
v -0.03989410 0.01170158 0.05247211
v -0.03997755 0.01034021 0.05251938
v -0.03342574 -0.02133131 0.04951906
v -0.04001867 0.01560968 0.05153095
v -0.03909540 0.01404476 0.05285835
v -0.00013457 -0.04445534 0.03665018
v -0.00499171 -0.04419046 0.03668743
v -0.00297755 -0.04438132 0.03666347
v -0.00261813 -0.04398894 0.03956955
v -0.00297755 -0.04438132 0.03666347
v -0.00013457 -0.04445534 0.03665018
v -0.00013297 -0.04407572 0.03945654
v -0.03884655 -0.01942521 0.04536002
v -0.00328791 -0.04303544 0.04224222
v -0.00013297 -0.04407572 0.03945654
v -0.00013190 -0.04311299 0.04227185
v -0.03897428 0.02184605 0.04779690
v -0.04092413 0.01795828 0.04708313
v -0.00628752 -0.04369747 0.03929060
v -0.00499171 -0.04419046 0.03668743
v -0.03774827 0.01015847 0.05383825
v -0.02614289 -0.02198994 0.05155044
v -0.02136898 -0.02640724 0.05113852
v -0.00597936 -0.04358583 0.03989839
v -0.00937033 0.04301190 0.05421352
v -0.03877812 0.01209002 0.05325835
v -0.03909540 0.01404476 0.05285835
v -0.01604264 0.03940623 0.05562973
v -0.01691621 0.03575187 0.05668473
v -0.02286911 0.03189468 0.05633991
v -0.00013136 -0.04193240 0.04435575
v -0.01344752 0.03969717 0.05619430
v -0.03980928 0.01536834 0.05186218
v -0.02726852 -0.02030509 0.05174309
v -0.03884655 -0.01942521 0.04536002
v -0.02217102 -0.02390766 0.05152779
v -0.00919950 -0.04353845 0.03651267
v -0.03910487 0.01985734 0.05077028
v -0.04105144 -0.01661634 0.04349535
v -0.00407928 -0.04175192 0.04437202
v -0.02286911 0.03189468 0.05633991
v -0.02022171 0.03343766 0.05652928
v -0.01658058 0.03564548 0.05672109
v -0.03228777 -0.02038288 0.05050128
v -0.00754517 -0.04245942 0.04243612
v -0.00876570 -0.04318439 0.03967368
v -0.00528479 -0.04256510 0.04276847
v -0.00937033 0.04301190 0.05421352
v -0.00460243 -0.04166311 0.04442310
v -0.00492668 -0.04154682 0.04456228
v -0.03766155 0.01317501 0.05385017
v -0.03952664 0.01704943 0.05162686
v -0.04105144 -0.01661634 0.04349535
v -0.03935807 0.01566308 0.05228710
v -0.03465044 -0.02055615 0.04912334
v -0.03455930 0.00872493 0.05439490
v -0.03913116 0.01801872 0.05171823
v -0.01321697 0.03789258 0.05679970
v -0.01321309 0.03868639 0.05663931
v -0.00769609 -0.04125690 0.04441636
v -0.03787446 -0.01909536 0.04710799
v -0.03943407 0.01686489 0.05181288
v -0.00884837 -0.04239326 0.04198366
v -0.00919247 0.04234308 0.05522489
v -0.01146596 -0.04256170 0.03976398
v -0.01164442 -0.04294270 0.03689509
v -0.02792650 -0.01798069 0.05202853
v -0.03851670 0.02214139 0.04951184
v -0.03761321 -0.01899838 0.04748350
v -0.00600719 -0.04070854 0.04550164
v -0.03903716 0.01504617 0.05270916
v -0.00801212 -0.04119509 0.04443156
v -0.03895562 0.01723289 0.05223751
v -0.00915116 0.04255712 0.05497640
v -0.00937033 0.04301190 0.05421352
v -0.00919247 0.04234308 0.05522489
v -0.00788158 -0.04059678 0.04527735
v -0.04169183 -0.01502066 0.04378145
v -0.04212832 -0.01476716 0.04141634
v -0.00763112 -0.03988456 0.04615527
v -0.00652164 -0.03923028 0.04700940
v -0.03163915 -0.01948869 0.05105155
v -0.03857874 0.01624894 0.05285561
v -0.03675693 -0.01866531 0.04854130
v -0.04046642 -0.01595139 0.04579496
v -0.00476342 0.04416579 0.05326080
v -0.00483727 0.04430592 0.05223625
v -0.03989410 0.01170158 0.05247211
v -0.04169183 -0.01502066 0.04378145
v -0.01116055 -0.04165208 0.04248386
v -0.00013714 0.04436051 0.05346798
v -0.00013714 0.04455441 0.05229151
v -0.01146596 -0.04256170 0.03976398
v -0.01377451 -0.04190069 0.03990030
v -0.01418972 -0.04218006 0.03701919
v -0.03112268 -0.01831436 0.05155938
v -0.03618061 -0.01843202 0.04915010
v -0.01377451 -0.04190069 0.03990030
v -0.03874397 0.01704788 0.05252075
v -0.00999522 -0.03911972 0.04653358
v -0.03602093 -0.01836609 0.04930543
v -0.03654867 0.02568084 0.04851466
v -0.03573405 -0.01824617 0.04956334
v -0.00913143 0.04174578 0.05579376
v -0.03663635 0.01423710 0.05427420
v -0.00643504 -0.03777736 0.04818391
v -0.00600100 -0.03720474 0.04862785
v -0.01080995 -0.04051858 0.04458773
v -0.01080995 -0.04051858 0.04458773
v -0.00801212 -0.04119509 0.04443156
v -0.00769609 -0.04125690 0.04441636
v -0.02969169 -0.01736450 0.05201047
v -0.03788423 0.01650995 0.05337613
v -0.03931713 -0.01656723 0.04714196
v -0.01355415 -0.04115957 0.04214704
v -0.00902271 0.04137802 0.05610585
v -0.01193946 -0.03967857 0.04537582
v 0.00007653 -0.03252518 0.05068325
v -0.00254738 -0.03347504 0.05042463
v -0.00112176 -0.03299713 0.05053877
v -0.00901967 -0.03828954 0.04744356
v -0.03488409 -0.01788282 0.05024313
v -0.00709319 -0.03669929 0.04886627
v -0.00473463 0.04375565 0.05434751
v -0.03771448 0.02100127 0.05209565
v -0.00476342 0.04416579 0.05326080
v -0.03928852 -0.01494103 0.04818964
v -0.00013714 0.04436051 0.05346798
v -0.00013714 0.04391479 0.05452859
v -0.00663185 -0.03557866 0.04950278
v -0.00538445 -0.03586101 0.04942846
v -0.01669859 -0.04085880 0.03996181
v -0.01652568 -0.04133337 0.03715485
v -0.00399619 -0.03240919 0.05069106
v -0.00346190 -0.03379052 0.05033499
v -0.00254738 -0.03347504 0.05042463
v -0.03859031 -0.01603990 0.04831647
v -0.01340925 -0.04079163 0.04299682
v -0.02917557 -0.01500105 0.05231904
v -0.03737521 0.01543706 0.05383229
v 0.00007653 -0.03252518 0.05068325
v -0.03410875 -0.01754242 0.05076098
v -0.03751230 0.01868653 0.05317783
v -0.03857874 0.01624894 0.05285561
v -0.03845572 0.01653063 0.05290174
v -0.03751230 0.01868653 0.05317783
v -0.03857874 0.01624894 0.05285561
v -0.01252287 0.03736430 0.05688065
v -0.03803211 0.01957082 0.05235916
v -0.04294264 -0.01102030 0.04431670
v -0.04332149 -0.01079815 0.04207652
v -0.03985708 -0.01465237 0.04768878
v -0.03574085 0.01338160 0.05455172
v -0.00487530 -0.03416872 0.05017340
v -0.01174545 -0.03716021 0.04788303
v -0.03778171 -0.01536554 0.04940736
v -0.00882292 0.04044097 0.05661600
v -0.03845572 0.01653063 0.05290174
v -0.00476724 0.04323387 0.05512660
v -0.00937033 0.04301190 0.05421352
v -0.00915116 0.04255712 0.05497640
v 0.00811309 -0.02998393 0.05101072
v -0.00279570 -0.03067874 0.05094736
v -0.00473463 0.04375565 0.05434751
v -0.03318423 -0.01712650 0.05126494
v -0.00013714 0.04391479 0.05452859
v -0.00013714 0.04328829 0.05540388
v -0.03796476 0.02195370 0.05102860
v -0.03773736 -0.01492762 0.04964047
v -0.01467019 0.03587841 0.05677050
v -0.01305145 -0.03989934 0.04462844
v -0.03760379 -0.01488858 0.04975825
v -0.03755021 -0.01469421 0.04991674
v -0.03630423 0.02564340 0.05009382
v -0.03751230 0.01868653 0.05317783
v -0.03634715 -0.01499646 0.05057597
v -0.01018714 -0.03840076 0.04714471
v -0.00453758 0.04278850 0.05564594
v -0.00892019 0.03979301 0.05681622
v -0.03495073 0.01314198 0.05470180
v -0.03756785 0.01621335 0.05362814
v -0.03856056 -0.01432114 0.04923832
v -0.03630423 0.02564340 0.05009382
v -0.04214513 -0.01100295 0.04645770
v -0.04294264 -0.01102030 0.04431670
v -0.00466227 0.04254817 0.05584973
v -0.01626920 -0.04018300 0.04227584
v -0.01669859 -0.04085880 0.03996181
v 0.00045967 0.04241657 0.05619090
v -0.03824746 -0.01423543 0.04954707
v -0.03536415 0.02728748 0.04882615
v -0.03377777 0.02921617 0.04918736
v -0.03654867 0.02568084 0.04851466
v -0.03375816 0.01280212 0.05476123
v -0.00459623 0.04219770 0.05613678
v -0.03592103 0.01368945 0.05449676
v -0.03668165 0.02407395 0.05133640
v -0.03554046 -0.01362228 0.05140107
v -0.03458917 -0.01468867 0.05145841
v -0.03647989 0.02113306 0.05329173
v -0.03536415 0.02728748 0.04882615
v -0.00826454 0.03888416 0.05698430
v -0.03704518 0.02140611 0.05263495
v -0.03668165 0.02407395 0.05133640
v -0.03592103 0.01368945 0.05449676
v -0.03219032 -0.01315301 0.05238497
v -0.01609659 -0.03982937 0.04311954
v -0.00498640 -0.03151696 0.05084377
v -0.00517845 -0.03274631 0.05059099
v -0.03440672 0.02816617 0.05046606
v -0.04115772 -0.01078033 0.04815483
v -0.03588289 0.02524936 0.05155175
v -0.03540509 0.02480471 0.05259025
v -0.00985706 -0.03632164 0.04874968
v -0.03377777 0.02921617 0.04918736
v -0.00113100 0.04144382 0.05670493
v -0.03459215 0.02720808 0.05156439
v -0.00457990 0.04139083 0.05659788
v -0.01273471 -0.03812426 0.04679477
v -0.00907707 -0.03356736 0.05017757
v -0.03534460 0.02408486 0.05305260
v -0.04396349 -0.00597680 0.04507941
v -0.04426282 -0.00604129 0.04287463
v -0.00624996 0.03850632 0.05700039
v -0.04083549 -0.01081001 0.04853332
v -0.03440672 0.02816617 0.05046606
v -0.03058671 0.03253805 0.04983592
v -0.03514385 0.02304351 0.05370181
v -0.02023857 -0.03922814 0.04025548
v -0.02079701 -0.03937149 0.03746753
v -0.00449115 0.04010027 0.05700105
v -0.00457990 0.04139083 0.05659788
v -0.03331470 -0.01402103 0.05200767
v 0.00103056 0.04047453 0.05699563
v -0.03453475 0.02692151 0.05198436
v -0.04396349 -0.00597680 0.04507941
v -0.01228141 -0.03767246 0.04732948
v -0.04053175 -0.01074486 0.04891359
v -0.03515338 0.02459293 0.05298012
v -0.03475421 0.02515250 0.05305308
v -0.01565235 -0.03899496 0.04472482
v -0.03346675 0.02736979 0.05297535
v -0.03994530 -0.01072824 0.04951626
v -0.00060761 0.03967905 0.05708241
v -0.03373664 0.02815955 0.05192661
v -0.03975319 -0.01061767 0.04973959
v -0.03946465 -0.01054763 0.05001348
v -0.03421103 0.02478206 0.05373370
v -0.03415775 0.02496331 0.05369663
v -0.03394949 0.02660608 0.05298703
v -0.03909510 -0.01061552 0.05028319
v -0.03824746 -0.01423543 0.04954707
v -0.03778171 -0.01536554 0.04940736
v -0.03909510 -0.01061552 0.05028319
v -0.03391212 0.02484804 0.05392819
v -0.01542639 -0.03856986 0.04538124
v -0.03909510 -0.01061552 0.05028319
v -0.04317903 -0.00605845 0.04715389
v -0.03920137 -0.01048082 0.05024701
v -0.03909510 -0.01061552 0.05028319
v -0.01541018 -0.03761291 0.04649639
v -0.03363823 0.02666711 0.05326640
v -0.04317903 -0.00605845 0.04715389
v -0.03358775 0.02624440 0.05354863
v -0.03809118 -0.01040261 0.05103588
v -0.01228612 -0.03536170 0.04897618
v -0.03507775 -0.01001673 0.05236327
v -0.01976048 -0.03849154 0.04283738
v -0.02023857 -0.03922814 0.04025548
v -0.01006692 -0.03134346 0.05076783
v -0.03080987 0.03205657 0.05111926
v -0.03722995 -0.01017761 0.05156946
v -0.04210692 -0.00662565 0.04864698
v -0.04139035 -0.00591707 0.04978752
v -0.01494401 -0.03693860 0.04727745
v -0.03249830 0.02686589 0.05412626
v -0.03296393 -0.00820631 0.05290198
v -0.03239148 0.02640819 0.05437660
v -0.04432588 -0.00170010 0.04572284
v -0.04465031 -0.00142854 0.04365724
v -0.01460868 -0.03654462 0.04768508
v -0.01117038 -0.03465467 0.04952251
v -0.01320421 -0.03390878 0.04961866
v -0.01117038 -0.03465467 0.04952251
v -0.03260040 0.02718728 0.05387783
v -0.03349113 0.02437251 0.05440044
v -0.04228317 -0.00516647 0.04890048
v -0.01415979 -0.03585958 0.04830813
v -0.01925832 -0.03738427 0.04491823
v -0.03686469 -0.00588602 0.05261278
v -0.03201961 0.02720928 0.05430322
v -0.04025149 -0.00651813 0.05062443
v -0.03058832 0.03158813 0.05245304
v -0.03080987 0.03205657 0.05111926
v -0.03278255 0.02458906 0.05473321
v -0.01458638 -0.03213495 0.05021899
v -0.00935078 -0.03017807 0.05098319
v -0.01029825 -0.03216403 0.05056262
v -0.04362040 -0.00188297 0.04766076
v -0.04432588 -0.00170010 0.04572284
v -0.03058832 0.03158813 0.05245304
v -0.01873201 -0.03704047 0.04564797
v -0.04025352 -0.00581169 0.05080085
v -0.03960222 -0.00646317 0.05112028
v -0.04437679 0.00069094 0.04607743
v -0.04466027 0.00100994 0.04407602
v -0.02494198 -0.03647691 0.04061031
v -0.02497476 -0.03688645 0.03785729
v -0.03427517 -0.00903791 0.05268740
v -0.04362040 -0.00188297 0.04766076
v -0.03111368 0.02551060 0.05523908
v -0.03159332 0.02458786 0.05522370
v -0.01835948 -0.03638219 0.04652655
v -0.03009629 0.03111720 0.05347722
v -0.01601570 -0.03393793 0.04912257
v -0.04437679 0.00069094 0.04607743
v -0.03113365 0.02613449 0.05510824
v -0.03515905 -0.00523668 0.05306529
v -0.03840589 -0.00591946 0.05197125
v -0.02733957 0.03505915 0.05163460
v -0.02709472 0.03548383 0.05041921
v -0.01812940 -0.03597533 0.04702413
v -0.03011637 0.03043353 0.05397713
v -0.04237556 -0.00197977 0.04966259
v -0.02885723 0.02768230 0.05564856
v -0.03844881 -0.00563526 0.05199861
v -0.03840589 -0.00591946 0.05197125
v -0.03722995 -0.01017761 0.05156946
v -0.03938078 -0.00506437 0.05158472
v -0.01784205 -0.03564262 0.04743427
v -0.04367232 0.00057125 0.04802268
v -0.02951020 0.03112912 0.05398947
v -0.03786665 -0.00572395 0.05225270
v -0.03844881 -0.00563526 0.05199861
v -0.02961272 0.03025645 0.05444663
v -0.02422678 -0.03584831 0.04323571
v -0.02494198 -0.03647691 0.04061031
v -0.03026884 0.02420127 0.05560612
v -0.01242578 -0.03203696 0.05044198
v -0.04367232 0.00057125 0.04802268
v -0.02929633 0.03027480 0.05466991
v -0.04422610 0.00367415 0.04654496
v -0.04437392 0.00530481 0.04481768
v -0.04422610 0.00367415 0.04654496
v -0.02710247 0.03457713 0.05292552
v -0.02733957 0.03505915 0.05163460
v -0.01753044 -0.03435099 0.04849982
v -0.04113405 -0.00147724 0.05100870
v -0.02922201 0.03013873 0.05476379
v -0.02929633 0.03027480 0.05466991
v -0.01633971 -0.02976220 0.05079710
v -0.03573197 -0.00554788 0.05292350
v -0.04249995 0.00038242 0.04986095
v -0.02901506 0.02952742 0.05511033
v -0.02295172 -0.03514760 0.04536432
v -0.02422678 -0.03584831 0.04323571
v -0.02504467 0.03670996 0.05196017
v -0.02500855 0.03696787 0.05071151
v -0.01429492 -0.02979731 0.05090188
v -0.04394459 0.00637418 0.04695773
v -0.02818864 -0.03400671 0.04098659
v -0.02857244 -0.03419679 0.03828710
v -0.02846091 0.02925723 0.05544412
v -0.02698361 0.03398007 0.05379903
v -0.01646023 -0.03240150 0.04982364
v -0.02287143 -0.03471177 0.04591536
v -0.02287083 -0.03422451 0.04642212
v -0.02675718 0.03403204 0.05394589
v -0.04354196 0.00345224 0.04842209
v -0.02960675 0.02429383 0.05570381
v -0.02953982 0.02367603 0.05568552
v -0.02374196 0.03039687 0.05627924
v -0.04005408 -0.00150609 0.05179935
v -0.02421629 -0.03448438 0.04523354
v -0.04178231 0.00031138 0.05066102
v -0.02542448 0.03525727 0.05388134
v -0.02387225 -0.03406202 0.04597151
v -0.02303278 0.03801584 0.05220907
v -0.02288609 0.03831273 0.05098336
v -0.02671808 0.03384691 0.05414211
v -0.04354196 0.00345224 0.04842209
v -0.02232480 -0.03327703 0.04759591
v -0.02483421 0.03629457 0.05315822
v -0.02504467 0.03670996 0.05196017
v -0.02641141 0.03340774 0.05467867
v -0.02303278 0.03801584 0.05220907
v -0.02628988 0.03398329 0.05435627
v -0.03910613 -0.00070381 0.05249369
v -0.02749723 -0.03339338 0.04354977
v -0.02818864 -0.03400671 0.04098659
v -0.04120177 0.00026739 0.05119872
v -0.04332375 0.00566667 0.04878991
v -0.04394459 0.00637418 0.04695773
v -0.02654075 0.02856820 0.05603092
v -0.03910613 -0.00070381 0.05249369
v -0.03840589 -0.00591946 0.05197125
v -0.03844881 -0.00563526 0.05199861
v -0.02218705 -0.03283596 0.04798710
v -0.02609539 0.03315210 0.05502074
v -0.01496577 -0.02985239 0.05085307
v -0.04083532 0.00032425 0.05152148
v -0.04104137 0.00092320 0.05140388
v -0.02308416 -0.03307050 0.04739201
v -0.03094923 -0.03157413 0.04128146
v -0.03140825 -0.03163880 0.03869730
v -0.02160090 -0.03251183 0.04844576
v -0.02274513 0.03764832 0.05336230
v -0.04260158 0.00466198 0.05004113
v -0.03846853 -0.00103372 0.05272811
v -0.04332375 0.00566667 0.04878991
v -0.01422095 -0.02869027 0.05110388
v -0.02108520 -0.03114682 0.04943037
v -0.04236388 0.00405693 0.05033898
v -0.02416849 0.03603029 0.05413740
v -0.04025650 0.00017023 0.05191987
v -0.02661991 -0.03251576 0.04567492
v -0.02274513 0.03764832 0.05336230
v -0.02437651 0.03550726 0.05446118
v -0.03989410 0.00353622 0.05252075
v -0.04025650 0.00017023 0.05191987
v -0.01831763 0.04068970 0.05147653
v -0.03721094 -0.00049400 0.05323451
v -0.04345268 0.00910157 0.04739254
v -0.04374372 0.00910807 0.04548615
v -0.04125970 0.00339317 0.05147266
v -0.02049106 -0.03063130 0.04982817
v -0.02618598 -0.03206056 0.04648476
v -0.02505350 0.03240054 0.05578881
v -0.03026551 -0.03120911 0.04345095
v -0.03094923 -0.03157413 0.04128146
v -0.04345268 0.00910157 0.04739254
v -0.02278637 0.03698587 0.05420404
v -0.02416849 0.03603029 0.05413740
v -0.02254050 0.03699421 0.05435913
v -0.02997088 -0.03097522 0.04424178
v -0.02544575 -0.03126543 0.04765743
v -0.02317905 0.03553956 0.05517762
v -0.01960527 -0.02937996 0.05049914
v -0.04109662 0.00468445 0.05167627
v -0.04125970 0.00339317 0.05147266
v -0.04120177 0.00026739 0.05119872
v -0.04099267 0.00456428 0.05176341
v -0.04120177 0.00026739 0.05119872
v -0.04113405 -0.00147724 0.05100870
v -0.02528357 -0.03108835 0.04788297
v -0.04099267 0.00456428 0.05176341
v -0.04109662 0.00468445 0.05167627
v -0.04120177 0.00026739 0.05119872
v -0.04099267 0.00456428 0.05176341
v -0.04113405 -0.00147724 0.05100870
v -0.04104137 0.00092320 0.05140388
v -0.02243137 0.03676253 0.05466693
v -0.02504825 -0.03078317 0.04823112
v -0.03645461 0.00129503 0.05361407
v -0.01889210 0.04021662 0.05259120
v -0.02918243 -0.03027963 0.04598975
v -0.02261066 0.03537422 0.05553811
v -0.04140847 0.00570393 0.05142349
v -0.02264571 0.03623759 0.05495923
v -0.04283303 0.00881648 0.04916507
v -0.02432614 -0.03002637 0.04901915
v -0.02462571 0.03130817 0.05612915
v -0.02215749 0.03632211 0.05515974
v -0.04287993 0.01153343 0.04777723
v -0.04260313 0.01349371 0.04626595
v -0.02856332 -0.02976453 0.04696589
v -0.03452050 -0.02767586 0.04188418
v -0.03494143 -0.02772283 0.03932344
v -0.04283303 0.00881648 0.04916507
v -0.02365458 -0.02926790 0.04966163
v -0.04287993 0.01153343 0.04777723
v -0.02279311 0.03447335 0.05582857
v -0.04065132 0.00523758 0.05206537
v -0.01860070 -0.02622443 0.05131411
v -0.01814222 0.04012137 0.05375593
v -0.02814555 -0.02907133 0.04782205
v -0.02764987 -0.02913570 0.04806900
v -0.01666468 0.04118758 0.05276048
v -0.02298247 -0.02849876 0.05019205
v -0.02198410 0.03480952 0.05597782
v -0.02749538 -0.02870941 0.04845309
v -0.04195404 0.00857639 0.05065536
v -0.02142286 0.03544741 0.05593526
v -0.03387397 -0.02731782 0.04396146
v -0.03452050 -0.02767586 0.04188418
v -0.02710789 -0.02816605 0.04898083
v -0.04225748 0.01366204 0.04811555
v -0.01843798 0.03938204 0.05453389
v -0.03355687 -0.02713042 0.04472976
v -0.01825273 0.03911560 0.05492609
v -0.04106903 0.00825119 0.05169773
v -0.04225748 0.01366204 0.04811555
v -0.02587121 -0.02757132 0.04978293
v -0.01809698 0.03934890 0.05476415
v -0.01411628 0.04230576 0.05180883
v -0.04106903 0.00825119 0.05169773
v -0.04055207 0.00803327 0.05216455
v -0.04152798 0.01090258 0.05084133
v -0.03721410 -0.02392476 0.04243123
v -0.03785955 -0.02360618 0.03997898
v -0.02215749 0.03632211 0.05515974
v -0.01810026 0.03838837 0.05558145
v -0.04135519 0.01621019 0.04852205
v -0.03989410 0.01170158 0.05247211
v -0.04041630 0.01049154 0.05213266
v -0.04106903 0.00825119 0.05169773
v -0.01779955 0.03761255 0.05608755
v -0.02142286 0.03544741 0.05593526
v -0.02198410 0.03480952 0.05597782
v 0.00243580 0.04449480 0.05192571
v -0.00013739 0.04456901 0.05195564
v 0.00437039 0.04433393 0.05224412
v 0.00840264 0.04373192 0.05210614
v 0.00489789 0.04428470 0.05184054
v 0.03541487 -0.02673739 0.03938341
v 0.03586000 -0.02710336 0.02639669
v 0.03757554 -0.02444267 0.02958101
v 0.03253161 -0.03116762 0.02353376
v 0.03233039 -0.03153908 0.02106034
v 0.03452980 -0.02903091 0.02251940
v 0.03445339 -0.02867949 0.02892237
v 0.03241509 -0.03105497 0.02724665
v 0.03099054 -0.03274714 0.02258867
v 0.03115397 -0.03272843 0.02039813
v 0.03707373 -0.02452892 0.03809082
v 0.03962200 -0.02042621 0.03609991
v 0.03951448 -0.02039182 0.03851908
v 0.00243580 0.04449480 0.05192571
v 0.00947869 0.04352658 0.05153220
v 0.03927183 -0.02067995 0.04045236
v 0.01268315 0.04268616 0.05153185
v 0.01409965 0.04226309 0.05097872
v 0.00947869 0.04352658 0.05153220
v 0.00947869 0.04352658 0.05153220
v 0.01267850 0.04267054 0.05188566
v 0.01500236 0.04190766 0.05172479
v 0.01864629 0.04046654 0.05029278
v 0.01810795 0.04066187 0.05146813
v 0.02207654 0.03863596 0.05105102
v 0.02223527 0.03858095 0.05040997
v 0.02269834 0.03833842 0.04942625
v 0.03680199 -0.02481228 0.03978657
v 0.02580463 0.03622972 0.05056172
v 0.02641320 0.03589671 0.04843169
v 0.02613788 0.03604054 0.04943341
v 0.02788239 0.03471285 0.04934602
v 0.02880281 -0.03471934 0.02171343
v 0.02887070 -0.03478527 0.01953852
v 0.03009396 0.03289175 0.04721474
v 0.03023910 0.03273195 0.04769814
v 0.03013688 0.03270733 0.04987454
v 0.03394335 -0.02858865 0.03912115
v 0.02864259 -0.03452491 0.02748280
v 0.02631491 -0.03645640 0.02515983
v 0.02625173 -0.03684043 0.01875644
v 0.03321993 0.02973169 0.04655319
v 0.03340697 0.02954787 0.04583835
v 0.03298974 0.02980542 0.04930406
v 0.03211718 -0.03063213 0.03883498
v 0.03094476 -0.03233218 0.03011566
v 0.03638374 0.02584856 0.04433584
v 0.02600181 -0.03694909 0.01984101
v 0.03618645 0.02605807 0.04525053
v 0.03571540 0.02646458 0.04866713
v 0.03641003 0.02561122 0.04681628
v 0.03859823 0.02202516 0.04783540
v 0.03068447 -0.03230345 0.03466933
v 0.03883606 0.02198052 0.04345268
v 0.03900444 0.02174735 0.04267454
v 0.03871822 0.02205812 0.04499834
v 0.02252405 -0.03921639 0.01883155
v 0.02232635 -0.03938007 0.01767456
v 0.03995603 0.01996648 0.04196888
v 0.04116964 0.01739585 0.04090642
v 0.03900444 0.02174735 0.04267454
v 0.03995603 0.01996648 0.04196888
v 0.02626371 -0.03616070 0.03097599
v 0.04000943 0.01933854 0.04734086
v 0.04114013 0.01738274 0.04163146
v 0.04116964 0.01739585 0.04090642
v 0.02261161 -0.03890645 0.02385848
v 0.02044963 -0.04038929 0.01764845
v 0.01988595 -0.04070127 0.01707172
v 0.02007347 -0.04054379 0.01826417
v 0.04102855 0.01735419 0.04415822
v 0.04278689 0.01304221 0.03913682
v 0.04091209 0.01732087 0.04696291
v 0.04280829 0.01285487 0.03978264
v 0.04269188 0.01287788 0.04222720
v 0.01794201 -0.04153978 0.01808971
v 0.01759392 -0.04174900 0.01671922
v 0.04252439 0.01283389 0.04619354
v 0.04402863 0.00812018 0.03704863
v 0.02847641 -0.03432333 0.03346669
v 0.03019624 -0.03252917 0.03854995
v 0.04386961 0.00834417 0.03977721
v 0.01759624 -0.04161190 0.01956313
v 0.02838671 -0.03421437 0.03669869
v 0.01972013 -0.04050260 0.02257311
v 0.04464393 0.00323248 0.03619629
v 0.04468917 0.00331026 0.03516566
v 0.02231311 -0.03885817 0.02840209
v 0.04361343 0.00837755 0.04536330
v 0.04459422 0.00326216 0.03741019
v 0.01799064 -0.04134762 0.02151751
v 0.02023637 -0.04010218 0.02551084
v 0.01337242 -0.04331326 0.01610046
v 0.04443579 0.00337207 0.04075592
v 0.01785719 -0.04135656 0.02276986
v 0.02688634 -0.03533005 0.03811192
v 0.04478645 -0.00135970 0.03433847
v 0.01369965 -0.04318422 0.01678526
v 0.04482835 -0.00152403 0.03319633
v 0.01351791 -0.04321944 0.01722967
v 0.04431605 0.00301039 0.04441660
v 0.02031415 -0.03995496 0.02771896
v 0.04458373 -0.00145286 0.03892415
v 0.01368242 -0.04293513 0.02235692
v 0.04442012 -0.00655013 0.03109717
v 0.04434818 -0.00646544 0.03298330
v 0.04437768 -0.00118619 0.04369664
v 0.02559608 -0.03636932 0.03605067
v 0.02263659 -0.03819853 0.03766220
v 0.00910598 -0.04439651 0.01639103
v 0.00906527 -0.04444062 0.01560509
v 0.04419773 -0.00646388 0.03640151
v 0.02029526 -0.03976786 0.03174442
v 0.04353827 -0.01113307 0.02924418
v 0.04342103 -0.01125401 0.03134870
v 0.01833200 -0.04066228 0.03273886
v 0.04262310 -0.01435256 0.02802914
v 0.04196262 -0.01623511 0.02715814
v 0.04353827 -0.01113307 0.02924418
v 0.00909352 -0.04417270 0.02155876
v 0.01739943 -0.04122489 0.02949124
v 0.04262310 -0.01435256 0.02802914
v 0.02008312 -0.03968614 0.03560054
v 0.04249614 -0.01426374 0.03153508
v 0.04317200 -0.01136779 0.03607171
v 0.04398500 -0.00603449 0.04287725
v 0.04196262 -0.01623511 0.02715814
v 0.04189652 -0.01636672 0.02753889
v 0.00432807 -0.04516392 0.01531773
v 0.04190224 -0.01628136 0.02812165
v 0.02078562 -0.03923636 0.03749227
v 0.04176414 -0.01649308 0.02914696
v 0.00465077 -0.04509562 0.01618808
v 0.04243797 -0.01402395 0.03441107
v -0.00013720 -0.04539006 0.01524043
v 0.01777219 -0.04084521 0.03406620
v 0.00449473 -0.04484272 0.02242279
v 0.01334321 -0.04257041 0.03273385
v 0.04010444 -0.02048945 0.02547693
v 0.00926512 -0.04387503 0.02725106
v 0.03999102 -0.02067083 0.02607583
v 0.01771247 -0.04072952 0.03725916
v 0.03998929 -0.02054554 0.02745205
v 0.04208791 -0.01409965 0.04153764
v 0.04165107 -0.01628226 0.03343397
v 0.04301333 -0.01097828 0.04204922
v 0.04152143 -0.01631075 0.03595274
v 0.03983074 -0.02047586 0.03136837
v 0.03780907 -0.02456474 0.02375209
v 0.04134154 -0.01614773 0.04119122
v 0.00912613 -0.04364532 0.03309631
v 0.01356291 -0.04236572 0.03541582
v 0.01340687 -0.04235821 0.03699195
v -0.00013457 -0.04445534 0.03665018
v 0.03592044 -0.02728688 0.02279525
v 0.03486996 -0.02865272 0.02211362
v 0.03780907 -0.02456474 0.02375209
v 0.03592044 -0.02728688 0.02279525
v 0.00436002 -0.04440820 0.03262799
v 0.00916922 -0.04347777 0.03680497
v 0.03486996 -0.02865272 0.02211362
v 0.00458085 -0.04420572 0.03669083
v 0.03233039 -0.03153908 0.02106034
v 0.03115397 -0.03272843 0.02039813
v 0.03486996 -0.02865272 0.02211362
v -0.01881957 0.04101681 0.04942947
v -0.01794797 0.04146051 0.04561209
v -0.02196359 0.03943192 0.04878634
v -0.01427096 0.04277199 0.05013740
v -0.01343017 0.04310828 0.04634481
v -0.00953436 0.04411286 0.04693686
v -0.00874519 0.04426622 0.04674780
v -0.01009118 0.04392176 0.05060958
v -0.00536978 0.04472893 0.05093228
v -0.00619388 0.04468232 0.04687958
v -0.00874519 0.04426622 0.04674780
v -0.00387365 0.04492270 0.04695630
v -0.00008791 0.04502546 0.05107921
v -0.00013572 0.04508918 0.04710680
v -0.00380433 -0.04575479 0.01067161
v -0.00009692 -0.04589742 0.01052469
v -0.00016096 -0.04582566 0.01443958
v -0.00397974 -0.04563868 0.01464867
v -0.00786364 -0.04516714 0.01469695
v -0.00756460 -0.04529368 0.01085841
v -0.01243126 -0.04411840 0.01523494
v -0.01244080 -0.04420357 0.01130092
v -0.01689881 -0.04261076 0.01583921
v -0.01716262 -0.04259604 0.01194548
v -0.02135634 -0.04065096 0.01272362
v -0.02093577 -0.04076814 0.01659661
v -0.02516806 -0.03831857 0.01736104
v -0.02565497 -0.03807049 0.01376402
v -0.02913218 -0.03539699 0.01852798
v -0.02977162 -0.03494143 0.01500862
v -0.03301268 -0.03186452 0.01625967
v -0.03464806 -0.03003776 0.01702857
v -0.03657072 -0.02766418 0.01794660
v -0.03301268 -0.03186452 0.01625967
v -0.03240078 -0.03239780 0.01978516
v -0.03464806 -0.03003776 0.01702857
v -0.03466463 -0.02985239 0.02103710
v -0.03662115 -0.02746367 0.02185821
v -0.03657072 -0.02766418 0.01794660
v -0.03927141 -0.02360939 0.01951217
v -0.03919094 -0.02356570 0.02356415
v -0.04162514 -0.01892709 0.02518671
v -0.04157543 -0.01919126 0.02137190
v -0.04335159 -0.01440656 0.02709478
v -0.04338520 -0.01453012 0.02322769
v -0.04459875 -0.00972897 0.02890032
v -0.04470413 -0.00954324 0.02508908
v -0.04544335 -0.00453115 0.02721887
v -0.04536980 -0.00456971 0.03103983
v -0.04556351 0.00019682 0.03291064
v -0.04560989 0.00039375 0.02903056
v -0.04528105 0.00523955 0.03109228
v -0.04525429 0.00491631 0.03482294
v -0.04434561 0.01003783 0.03689575
v -0.04437321 0.01018953 0.03301990
v -0.04285019 0.01507759 0.03894394
v -0.04290097 0.01510411 0.03495866
v -0.04084378 0.01976287 0.04082661
v -0.04094606 0.01970762 0.03694134
v -0.03831833 0.02416723 0.04284375
v -0.03855693 0.02396202 0.03860926
v -0.03602385 0.02756130 0.04006338
v -0.03303730 0.03091472 0.04533910
v -0.03313624 0.03087377 0.04127562
v -0.03518670 0.02849036 0.04435884
v -0.03176444 0.03229331 0.04219800
v -0.02969950 0.03416556 0.04263514
v -0.03313624 0.03087377 0.04127562
v -0.03176444 0.03229331 0.04219800
v -0.03175652 0.03221786 0.04588204
v -0.03518670 0.02849036 0.04435884
v -0.03303730 0.03091472 0.04533910
v -0.02965265 0.03412669 0.04663842
v -0.02969950 0.03416556 0.04263514
v -0.03175652 0.03221786 0.04588204
v -0.02789098 0.03563666 0.04354900
v -0.02602010 0.03698092 0.04373371
v -0.02969950 0.03416556 0.04263514
v -0.02789098 0.03563666 0.04354900
v -0.02736145 0.03597635 0.04738169
v -0.03175652 0.03221786 0.04588204
v -0.02965265 0.03412669 0.04663842
v -0.02736145 0.03597635 0.04738169
v -0.02602010 0.03698092 0.04373371
v -0.02372008 0.03842461 0.04840648
v -0.02211618 0.03941720 0.04474115
v -0.01881957 0.04101681 0.04942947
v -0.02372008 0.03842461 0.04840648
v -0.02196359 0.03943192 0.04878634
v -0.00833493 0.04194432 0.04578852
v -0.00835138 0.04198926 0.04844230
v -0.00422931 0.04259151 0.04876202
v -0.00015415 0.04280382 0.04890275
v -0.00017549 0.04274344 0.04615736
v -0.00408983 0.04253220 0.04596471
v -0.00192040 -0.04292166 0.01174718
v -0.00161445 -0.04296129 0.01391094
v -0.00415510 -0.04281079 0.01399523
v -0.00678515 -0.04244208 0.01200342
v -0.00659853 -0.04250466 0.01411193
v -0.01116454 -0.04155313 0.01451474
v -0.01151168 -0.04142516 0.01241421
v -0.01617324 -0.03985172 0.01304268
v -0.01566278 -0.04010176 0.01507949
v -0.02036303 -0.03790056 0.01381301
v -0.01987111 -0.03818506 0.01586651
v -0.02489024 -0.03508383 0.01488685
v -0.02361643 -0.03599703 0.01675075
v -0.02752095 -0.03312695 0.01794880
v -0.02891409 -0.03182125 0.01609086
v -0.03057372 -0.03034305 0.01911044
v -0.03232645 -0.02839243 0.01754927
v -0.03394329 -0.02650088 0.02061593
v -0.03536099 -0.02450972 0.01919662
v -0.03665947 -0.02260041 0.02226376
v -0.03794664 -0.02027302 0.02086871
v -0.03891474 -0.01844096 0.02389836
v -0.03900152 -0.01817458 0.02174896
v -0.04162949 -0.01078593 0.02461951
v -0.04010480 -0.01554167 0.02270931
v -0.04069048 -0.01407623 0.02567034
v -0.04262244 -0.00576299 0.02672207
v -0.04193896 -0.00972348 0.02744591
v -0.04273962 -0.00506812 0.02936720
v -0.04303658 -0.00027379 0.03131026
v -0.04298329 -0.00114363 0.02858793
v -0.04207718 0.00869089 0.03252226
v -0.04284560 0.00342810 0.03035062
v -0.04281175 0.00430393 0.03317099
v -0.04202783 0.00913155 0.03512334
v -0.04070311 0.01382035 0.03705513
v -0.04095357 0.01292699 0.03421980
v -0.04057753 0.01407092 0.03486311
v -0.03932172 0.01725924 0.03594321
v -0.04095357 0.01292699 0.03421980
v -0.04057753 0.01407092 0.03486311
v -0.03932172 0.01725924 0.03594321
v -0.03894591 0.01816809 0.03879231
v -0.03894591 0.01816809 0.03879231
v -0.03648698 0.02267837 0.04068154
v -0.03699982 0.02184933 0.04016417
v -0.03699982 0.02184933 0.04016417
v -0.03725337 0.02130413 0.03752058
v -0.03699982 0.02184933 0.04016417
v -0.03648698 0.02267837 0.04068154
v -0.03405565 0.02615201 0.04203522
v -0.03405565 0.02615201 0.04203522
v -0.03444182 0.02557951 0.03928458
v -0.03095269 0.02974486 0.04354006
v -0.03144162 0.02915954 0.04070472
v -0.03095269 0.02974486 0.04354006
v -0.02705127 0.03329813 0.04500138
v -0.02829849 0.03224921 0.04434543
v -0.02829849 0.03224921 0.04434543
v -0.02813136 0.03234273 0.04193925
v -0.02705127 0.03329813 0.04500138
v -0.02484673 0.03486770 0.04288125
v -0.02355343 0.03584009 0.04596161
v -0.02303278 0.03611505 0.04377847
v -0.02087795 0.03738743 0.04403948
v -0.02484673 0.03486770 0.04288125
v -0.02303278 0.03611505 0.04377847
v -0.01821434 0.03880518 0.04718029
v -0.01700961 0.03929603 0.04489803
v -0.01270490 0.04084658 0.04530727
v -0.01423507 0.04036515 0.04549747
v -0.01406800 0.04047358 0.04789954
v -0.01125448 0.04132246 0.04821228
v -0.01123803 0.04128563 0.04586970
v -0.00035170 -0.00555116 0.05313920
v -0.00016238 0.01045256 0.05450654
v -0.00025904 0.01033204 0.05453234
v -0.03327029 0.02029621 0.05215620
v -0.03315997 0.02206021 0.05390453
v -0.03398233 0.02163529 0.05362623
v -0.03409409 0.01994788 0.05214911
v -0.03327029 0.02029621 0.05215620
v -0.03485792 0.02091306 0.05337595
v -0.03398233 0.02163529 0.05362623
v -0.03451830 0.01944363 0.05215036
v -0.03409409 0.01994788 0.05214911
v -0.03558379 0.01967221 0.05319237
v -0.03485792 0.02091306 0.05337595
v -0.03474849 0.01878619 0.05215156
v -0.03451830 0.01944363 0.05215036
v -0.03558379 0.01967221 0.05319237
v -0.03572714 0.01835185 0.05313247
v 0.03259915 0.02029997 0.05213755
v 0.03380215 0.02156877 0.05359721
v 0.03281944 0.02207642 0.05393487
v 0.03479576 0.01630061 0.05350309
v 0.03517091 0.01705908 0.05329585
v 0.03407180 0.01634192 0.05305039
v 0.03398919 0.01543825 0.05381006
v 0.03479576 0.01630061 0.05350309
v 0.03407180 0.01634192 0.05305039
v 0.03326851 0.01465702 0.05430281
v 0.03398919 0.01543825 0.05381006
v 0.03407180 0.01634192 0.05305039
v 0.03242081 0.01515352 0.05388170
v 0.03295624 0.01688849 0.05215674
v 0.03242081 0.01515352 0.05388170
v 0.03407180 0.01634192 0.05305039
v 0.03380900 0.01722908 0.05214959
v 0.03435981 0.01795566 0.05214935
v 0.03380900 0.01722908 0.05214959
v 0.03534162 0.01756513 0.05320948
v 0.03435248 0.01925402 0.05214661
v 0.03447175 0.01859349 0.05215036
v 0.03547281 0.01884239 0.05314368
v 0.03447175 0.01859349 0.05215036
v 0.03435981 0.01795566 0.05214935
v 0.03547281 0.01884239 0.05314368
v 0.03534162 0.01756513 0.05320948
v 0.03380942 0.01995569 0.05214792
v 0.03435248 0.01925402 0.05214661
v 0.03515660 0.02003717 0.05321824
v 0.03515660 0.02003717 0.05321824
v 0.03321164 0.02023553 0.05215036
v 0.03380942 0.01995569 0.05214792
v 0.03439772 0.02108687 0.05341404
v 0.03259915 0.02029997 0.05213755
v 0.03321164 0.02023553 0.05215036
v 0.03439772 0.02108687 0.05341404
v 0.03439772 0.02108687 0.05341404
v 0.03380215 0.02156877 0.05359721
v 0.03259915 0.02029997 0.05213755
v 0.03439772 0.02108687 0.05341404
v -0.01902794 0.01655906 0.05506539
v -0.01872962 0.01650643 0.05479454
v -0.01875913 0.01664942 0.05483293
v -0.00017539 -0.03435134 0.04554539
v -0.00031847 -0.03412091 0.04915595
v -0.00114030 -0.03423023 0.04911148
v -0.00120324 -0.03447484 0.04560303
v -0.00235408 -0.03501409 0.04553043
v -0.00120324 -0.03447484 0.04560303
v -0.00197279 -0.03459125 0.04865097
v -0.00114030 -0.03423023 0.04911148
v -0.00247967 -0.03481853 0.04886919
v -0.00326937 -0.03581625 0.04557931
v -0.00235408 -0.03501409 0.04553043
v -0.00322461 -0.03548765 0.04850602
v -0.00247967 -0.03481853 0.04886919
v -0.00326937 -0.03581625 0.04557931
v -0.00322461 -0.03548765 0.04850602
v -0.00375980 -0.03622734 0.04801911
v -0.00381655 -0.03671580 0.04550641
v -0.00326937 -0.03581625 0.04557931
v -0.00415313 -0.03717088 0.04725754
v -0.00414813 -0.03792774 0.04554170
v -0.00381655 -0.03671580 0.04550641
v -0.00415313 -0.03717088 0.04725754
v -0.00375980 -0.03622734 0.04801911
v -0.03147560 0.01790368 0.05214774
v -0.03134924 0.01885294 0.05216306
v -0.03135383 0.01829403 0.04945045
v -0.03147560 0.01790368 0.05214774
v -0.03135383 0.01829403 0.04945045
v -0.03168553 0.01756417 0.04945033
v -0.03201913 0.01722353 0.05215018
v -0.03147560 0.01790368 0.05214774
v -0.03168553 0.01756417 0.04945033
v -0.03201913 0.01722353 0.05215018
v -0.03168553 0.01756417 0.04945033
v -0.03221893 0.01709586 0.04945045
v -0.03260606 0.01695156 0.05215036
v -0.03201913 0.01722353 0.05215018
v -0.03221893 0.01709586 0.04945045
v -0.03328931 0.01689445 0.05214160
v -0.03260606 0.01695156 0.05215036
v -0.03308075 0.01687324 0.04945039
v -0.03221893 0.01709586 0.04945045
v -0.03389596 0.01712137 0.05215036
v -0.03328931 0.01689445 0.05214160
v -0.03389590 0.01710844 0.04945045
v -0.03308075 0.01687324 0.04945039
v -0.03439205 0.01753389 0.05215412
v -0.03389596 0.01712137 0.05215036
v -0.03389590 0.01710844 0.04945045
v -0.03445863 0.01762455 0.04945033
v -0.03468817 0.01815348 0.05215036
v -0.03439205 0.01753389 0.05215412
v -0.03445863 0.01762455 0.04945033
v -0.03474849 0.01878619 0.05215156
v -0.03468817 0.01815348 0.05215036
v -0.03473913 0.01837408 0.04945039
v -0.03473913 0.01837408 0.04945039
v 0.03447175 0.01859349 0.05215036
v 0.03446495 0.01881355 0.04945039
v 0.03442478 0.01816111 0.04945045
v 0.03435981 0.01795566 0.05214935
v 0.03435981 0.01795566 0.05214935
v 0.03442478 0.01816111 0.04945045
v 0.03413248 0.01756459 0.04945033
v 0.03380900 0.01722908 0.05214959
v 0.03435981 0.01795566 0.05214935
v 0.03413248 0.01756459 0.04945033
v 0.03380900 0.01722908 0.05214959
v 0.03413248 0.01756459 0.04945033
v 0.03361415 0.01710313 0.04945045
v 0.03295624 0.01688849 0.05215674
v 0.03380900 0.01722908 0.05214959
v 0.03361415 0.01710313 0.04945045
v 0.03290760 0.01689153 0.04945039
v 0.03211849 0.01701128 0.05215269
v 0.03295624 0.01688849 0.05215674
v 0.03227192 0.01695781 0.04945039
v 0.03290760 0.01689153 0.04945039
v 0.03142184 0.01753997 0.05214846
v 0.03211849 0.01701128 0.05215269
v 0.03145670 0.01746475 0.04945039
v 0.03227192 0.01695781 0.04945039
v 0.03107094 0.01836276 0.05215227
v 0.03142184 0.01753997 0.05214846
v 0.03145670 0.01746475 0.04945039
v 0.03108227 0.01835459 0.04945039
v -0.00225902 -0.03533750 0.04526472
v -0.00180840 -0.03477412 0.04545050
v -0.00235408 -0.03501409 0.04553043
v -0.00180840 -0.03477412 0.04545050
v -0.00307536 -0.03599548 0.04528021
v -0.00326937 -0.03581625 0.04557931
v -0.00369835 -0.03720331 0.04526579
v -0.00307536 -0.03599548 0.04528021
v -0.00381655 -0.03671580 0.04550641
v -0.00381655 -0.03671580 0.04550641
v -0.00400764 -0.03744024 0.04542917
v -0.00400764 -0.03744024 0.04542917
v -0.00225902 -0.03533750 0.04526472
v -0.00027510 -0.03465920 0.04526913
v -0.00100857 -0.03468805 0.04529494
v -0.00027510 -0.03465920 0.04526913
v -0.00017539 -0.03435134 0.04554539
v -0.00100857 -0.03468805 0.04529494
v -0.00100857 -0.03468805 0.04529494
v -0.00180840 -0.03477412 0.04545050
v -0.00225902 -0.03533750 0.04526472
v -0.00120324 -0.03447484 0.04560303
v -0.00180840 -0.03477412 0.04545050
v -0.00183958 -0.03819489 0.04364836
v -0.00345802 -0.03822040 0.04523944
v -0.00330359 -0.03928989 0.04521638
v -0.00169754 -0.03911119 0.04364109
v -0.00169754 -0.03911119 0.04364109
v -0.00330359 -0.03928989 0.04521638
v -0.00267595 -0.04049503 0.04521578
v -0.00133920 -0.03960829 0.04365032
v -0.00077716 -0.03999447 0.04364544
v -0.00133920 -0.03960829 0.04365032
v -0.00145364 -0.04110366 0.04492098
v -0.00267595 -0.04049503 0.04521578
v -0.00013714 -0.04010623 0.04365032
v -0.00077716 -0.03999447 0.04364544
v -0.00028530 -0.04140156 0.04487335
v 0.00050045 -0.03999692 0.04364985
v -0.00013714 -0.04010623 0.04365032
v -0.00028530 -0.04140156 0.04487335
v -0.00145364 -0.04110366 0.04492098
v 0.00057059 -0.04123675 0.04485821
v 0.00106478 -0.03960829 0.04365032
v 0.00050045 -0.03999692 0.04364985
v 0.00126970 -0.04113906 0.04498589
v 0.00126970 -0.04113906 0.04498589
v 0.00181454 -0.04093933 0.04509985
v 0.00143099 -0.03909814 0.04364979
v 0.00246477 -0.04045778 0.04522848
v 0.00306451 -0.03929996 0.04524332
v 0.00156581 -0.03818690 0.04365491
v 0.00143099 -0.03909814 0.04364979
v 0.00306451 -0.03929996 0.04524332
v 0.00316989 -0.03794479 0.04524511
v 0.00098202 -0.03532809 0.04520177
v 0.00222611 -0.03609639 0.04523068
v 0.00277323 -0.03619474 0.04525601
v 0.00089593 -0.03524219 0.04524278
v 0.00098202 -0.03532809 0.04520177
v 0.00277323 -0.03619474 0.04525601
v 0.00089593 -0.03524219 0.04524278
v -0.00054911 -0.03509390 0.04523849
v 0.00098202 -0.03532809 0.04520177
v 0.00276130 -0.03684222 0.04522526
v 0.00316989 -0.03794479 0.04524511
v -0.00178707 -0.03881675 0.04205048
v -0.00182676 -0.03809320 0.04204964
v -0.00183958 -0.03819489 0.04364836
v -0.00145197 -0.03953522 0.04205042
v -0.00178707 -0.03881675 0.04205048
v -0.00169754 -0.03911119 0.04364109
v -0.00169754 -0.03911119 0.04364109
v -0.00145197 -0.03953522 0.04205042
v -0.00169754 -0.03911119 0.04364109
v -0.00133920 -0.03960829 0.04365032
v -0.00048028 -0.04009240 0.04205042
v -0.00145197 -0.03953522 0.04205042
v -0.00077716 -0.03999447 0.04364544
v -0.00133920 -0.03960829 0.04365032
v 0.00033855 -0.04004919 0.04205048
v -0.00048028 -0.04009240 0.04205042
v -0.00013714 -0.04010623 0.04365032
v -0.00048028 -0.04009240 0.04205042
v -0.00077716 -0.03999447 0.04364544
v -0.00013714 -0.04010623 0.04365032
v 0.00050045 -0.03999692 0.04364985
v 0.00099713 -0.03968691 0.04205042
v 0.00033855 -0.04004919 0.04205048
v 0.00050045 -0.03999692 0.04364985
v 0.00106478 -0.03960829 0.04365032
v 0.00147229 -0.03901422 0.04205054
v 0.00099713 -0.03968691 0.04205042
v 0.00143099 -0.03909814 0.04364979
v 0.00106478 -0.03960829 0.04365032
v 0.00153351 -0.03797394 0.04204982
v 0.00147229 -0.03901422 0.04205054
v 0.00156581 -0.03818690 0.04365491
v 0.00143099 -0.03909814 0.04364979
v -0.03407335 0.01525610 0.04945039
v -0.03249764 0.01514554 0.04945045
v -0.03336501 0.01499372 0.04195046
v -0.03407335 0.01525610 0.04945039
v -0.03336501 0.01499372 0.04195046
v -0.03447782 0.01528841 0.04195058
v 0.03191035 0.01522284 0.04945039
v 0.03308272 0.01513552 0.04945045
v 0.03235113 0.01499378 0.04195046
v 0.03067827 0.01580947 0.04945045
v 0.03191035 0.01522284 0.04945039
v 0.03114897 0.01538372 0.04195052
v 0.03235113 0.01499378 0.04195046
v 0.03022271 0.01602983 0.04195046
v 0.02995890 0.01657015 0.04945039
v 0.03067827 0.01580947 0.04945045
v 0.03022271 0.01602983 0.04195046
v 0.02944350 0.01756554 0.04945039
v 0.02955812 0.01697987 0.04195052
v 0.02920109 0.01802140 0.04195052
v 0.02931416 0.01901918 0.04945045
v 0.02944350 0.01756554 0.04945039
v 0.02920109 0.01802140 0.04195052
v 0.02929544 0.01959151 0.04195052
v 0.02976453 0.02033787 0.04945045
v 0.02931416 0.01901918 0.04945045
v 0.02929544 0.01959151 0.04195052
v 0.03055948 0.02127099 0.04945045
v 0.02976453 0.02033787 0.04945045
v 0.02986466 0.02071040 0.04195052
v 0.02986466 0.02071040 0.04195052
v 0.03055351 0.02143537 0.04195046
v -0.00315136 -0.04082721 0.03702640
v -0.00177383 -0.04182910 0.03893005
v -0.00195247 -0.04217422 0.01732087
v -0.00177383 -0.04182910 0.03893005
v -0.00013714 -0.04215621 0.04205048
v -0.00195247 -0.04217422 0.01732087
v -0.00340432 -0.04028964 0.04205048
v -0.00378639 -0.03941881 0.04165792
v -0.00385255 -0.03910017 0.04204356
v -0.00004359 -0.04265433 0.01428705
v -0.00340432 -0.04028964 0.04205048
v -0.00249809 -0.04134774 0.04205095
v -0.00349945 -0.04017806 0.03999376
v -0.00349945 -0.04017806 0.03999376
v -0.00253159 -0.04196482 0.01192438
v -0.00004359 -0.04265433 0.01428705
v -0.00072758 -0.04261839 0.01424837
v -0.00195247 -0.04217422 0.01732087
v -0.00195247 -0.04217422 0.01732087
v -0.00072758 -0.04261839 0.01424837
v -0.00149459 -0.04244226 0.01403379
v -0.00149459 -0.04244226 0.01403379
v -0.00147426 -0.04244744 0.01397454
v -0.00178182 -0.04236418 0.01173365
v -0.00249809 -0.04134774 0.04205095
v -0.00110990 -0.04204291 0.04205024
v -0.00177383 -0.04182910 0.03893005
v -0.00110990 -0.04204291 0.04205024
v -0.00322461 -0.04069405 0.03801184
v -0.00249809 -0.04134774 0.04205095
v -0.00322461 -0.04069405 0.03801184
v -0.02733540 0.01722139 0.04790920
v -0.02691805 0.01885068 0.04822051
v -0.02697479 0.01715987 0.04843413
v -0.03124135 0.01271843 0.04823601
v -0.02983498 0.01350092 0.04803514
v -0.02984404 0.01313370 0.04867559
v -0.03130668 0.01251071 0.04867184
v -0.02802735 0.01964867 0.04748737
v -0.02759015 0.01974642 0.04766982
v -0.02773314 0.01787620 0.04754513
v -0.02879828 0.02242696 0.04776167
v -0.02953118 0.02361339 0.04823440
v -0.02848029 0.02268081 0.04823440
v -0.02979981 0.02329319 0.04775369
v -0.02779531 0.01560974 0.04806590
v -0.02697479 0.01715987 0.04843413
v -0.02758741 0.01539605 0.04866755
v -0.02779531 0.01560974 0.04806590
v -0.02733540 0.01722139 0.04790920
v -0.02697479 0.01715987 0.04843413
v -0.02764964 0.02149713 0.04823440
v -0.02825647 0.02273488 0.04874449
v -0.02739441 0.02145344 0.04875075
v -0.03124135 0.01271843 0.04823601
v -0.03130668 0.01251071 0.04867184
v -0.03304594 0.01246547 0.04823440
v -0.03124135 0.01271843 0.04823601
v -0.03304594 0.01246547 0.04823440
v -0.03299874 0.01287990 0.04775685
v -0.02848029 0.02268081 0.04823440
v -0.02779531 0.01560974 0.04806590
v -0.02758741 0.01539605 0.04866755
v -0.02858132 0.01411092 0.04867619
v -0.03005331 0.01441121 0.04749041
v -0.02880352 0.01575940 0.04747688
v -0.02927225 0.01453191 0.04764759
v -0.02773314 0.01787620 0.04754513
v -0.02859354 0.01792830 0.04743921
v -0.02802735 0.01964867 0.04748737
v -0.02717286 0.01859349 0.04790920
v -0.02733540 0.01722139 0.04790920
v -0.03129076 0.01297390 0.04790556
v -0.02983498 0.01350092 0.04803514
v -0.03124135 0.01271843 0.04823601
v -0.03111821 0.01338493 0.04764848
v -0.02927225 0.01453191 0.04764759
v -0.02983498 0.01350092 0.04803514
v -0.02801746 0.02132296 0.04776114
v -0.02764964 0.02149713 0.04823440
v -0.03129076 0.01297390 0.04790556
v -0.02870190 0.02109140 0.04746234
v -0.03214299 0.02422732 0.04747980
v -0.02941727 0.02226918 0.04750061
v -0.03005331 0.01441121 0.04749041
v -0.02719873 0.01999962 0.04803448
v -0.02739441 0.02145344 0.04875075
v -0.02684229 0.01985478 0.04867988
v -0.02764964 0.02149713 0.04823440
v -0.02864050 0.01432871 0.04822283
v -0.03129076 0.01297390 0.04790556
v -0.02941727 0.02226918 0.04750061
v -0.02979981 0.02329319 0.04775369
v -0.02879828 0.02242696 0.04776167
v -0.03111821 0.01338493 0.04764848
v -0.03299874 0.01287990 0.04775685
v -0.03193616 0.01357400 0.04748302
v -0.03129076 0.01297390 0.04790556
v -0.02691805 0.01885068 0.04822051
v -0.02719873 0.01999962 0.04803448
v -0.02684229 0.01985478 0.04867988
v -0.02886652 0.01691776 0.04744088
v -0.02880352 0.01575940 0.04747688
v -0.03193616 0.01357400 0.04748302
v -0.03107523 0.01454555 0.04743736
v -0.03005331 0.01441121 0.04749041
v -0.03193616 0.01357400 0.04748302
v -0.02864050 0.01432871 0.04822283
v -0.02858132 0.01411092 0.04867619
v -0.02984404 0.01313370 0.04867559
v -0.02719873 0.01999962 0.04803448
v -0.02819746 0.01587176 0.04766130
v -0.02779531 0.01560974 0.04806590
v -0.02691805 0.01885068 0.04822051
v -0.02684229 0.01985478 0.04867988
v -0.02671700 0.01834231 0.04876685
v -0.02697479 0.01715987 0.04843413
v -0.02671700 0.01834231 0.04876685
v -0.02698850 0.01668357 0.04902261
v -0.02881741 0.01453369 0.04789906
v -0.02779531 0.01560974 0.04806590
v -0.02864050 0.01432871 0.04822283
v -0.02870190 0.02109140 0.04746234
v -0.02983498 0.01350092 0.04803514
v -0.02801746 0.02132296 0.04776114
v -0.02801746 0.02132296 0.04776114
v -0.02719873 0.01999962 0.04803448
v -0.02691805 0.01885068 0.04822051
v -0.02697479 0.01715987 0.04843413
v -0.02691805 0.01885068 0.04822051
v -0.02671700 0.01834231 0.04876685
v -0.02773314 0.01787620 0.04754513
v -0.02819746 0.01587176 0.04766130
v -0.02698850 0.01668357 0.04902261
v -0.02862602 0.01957803 0.04744303
v -0.03306436 0.01227253 0.04870879
v -0.02848029 0.02268081 0.04823440
v -0.02953118 0.02361339 0.04823440
v -0.02946633 0.02382099 0.04873645
v -0.02717286 0.01859349 0.04790920
v -0.02825647 0.02273488 0.04874449
v -0.00178182 -0.04236418 0.01173365
v -0.00160104 -0.04260146 0.01175522
v -0.00177807 -0.04259771 0.01153206
v -0.00013714 -0.01637589 0.04778659
v -0.00016570 -0.01641917 0.04645395
v -0.00194287 -0.01632606 0.04643803
v -0.00257122 -0.01620328 0.04780817
v -0.00309765 -0.01617199 0.04637140
v -0.00532544 -0.01551926 0.04785978
v -0.00481725 -0.01573896 0.04639387
v -0.00625193 -0.01521104 0.04644018
v -0.00779647 -0.01442718 0.04794746
v -0.00755149 -0.01460349 0.04644244
v -0.00905943 -0.01370406 0.04644864
v -0.01039111 -0.01266437 0.04810988
v -0.01010352 -0.01293987 0.04645514
v -0.01236373 -0.01068657 0.04825407
v -0.01148438 -0.01168924 0.04652160
v -0.01230633 -0.01085966 0.04635632
v -0.01412540 -0.00809216 0.04846644
v -0.01352763 -0.00918871 0.04647845
v -0.01414477 -0.00817734 0.04647779
v -0.01524603 -0.00554603 0.04867821
v -0.01500123 -0.00633365 0.04652297
v -0.01589322 -0.00298673 0.04889744
v -0.01543778 -0.00523502 0.04637295
v -0.01585555 -0.00349677 0.04644584
v -0.01608508 -0.00041723 0.04909640
v -0.01610231 -0.00195825 0.04635947
v -0.01616680 -0.00043914 0.04639148
v -0.01599997 0.00127000 0.04923474
v -0.01605176 0.00124407 0.04653018
v -0.01562613 0.00342667 0.04944938
v -0.01581370 0.00297618 0.04638397
v -0.01550430 0.00412732 0.04645919
v -0.01471108 0.00606769 0.04971510
v -0.01490938 0.00580364 0.04642075
v -0.01325505 0.00867277 0.04993140
v -0.01425921 0.00719708 0.04636567
v -0.01332587 0.00864649 0.04658418
v -0.00100267 -0.03190654 0.04202836
v -0.00016854 -0.03143322 0.04026269
v -0.00072208 -0.03163421 0.04025328
v -0.00100267 -0.03190654 0.04202836
v -0.00072208 -0.03163421 0.04025328
v -0.00104010 -0.03204661 0.04026824
v -0.00100267 -0.03190654 0.04202836
v -0.00108981 -0.03269684 0.04197621
v -0.00114167 -0.03243130 0.04220932
v -0.00100267 -0.03190654 0.04202836
v -0.00114167 -0.03243130 0.04220932
v -0.00114864 -0.03209602 0.04304349
v -0.00100267 -0.03190654 0.04202836
v -0.00114864 -0.03209602 0.04304349
v -0.00102395 -0.03190648 0.04330784
v -0.00100267 -0.03190654 0.04202836
v -0.00104010 -0.03204661 0.04026824
v -0.00108981 -0.03269684 0.04197621
v -0.00100267 -0.03190654 0.04202836
v -0.00102395 -0.03190648 0.04330784
v -0.00016854 -0.03143322 0.04026269
v -0.00109601 -0.03236442 0.04023212
v -0.00098584 -0.03293645 0.04182988
v -0.00109601 -0.03236442 0.04023212
v -0.00103605 -0.03275418 0.04024463
v -0.00098584 -0.03293645 0.04182988
v -0.00108981 -0.03269684 0.04197621
v -0.00109601 -0.03236442 0.04023212
v -0.00098584 -0.03293645 0.04182988
v -0.00103605 -0.03275418 0.04024463
v -0.00071983 -0.03318822 0.04028517
v -0.00081610 -0.03317016 0.04187768
v -0.00038129 -0.03340196 0.04187196
v -0.00071983 -0.03318822 0.04028517
v -0.00032320 -0.03336036 0.04023450
v -0.00081610 -0.03317016 0.04187768
v -0.00013232 -0.03128957 0.04717105
v -0.00092941 -0.03170317 0.04654806
v -0.00039212 -0.03134745 0.04708266
v -0.00013232 -0.03128957 0.04717105
v -0.00092941 -0.03170317 0.04654806
v -0.00066491 -0.03143739 0.04709440
v -0.00039212 -0.03134745 0.04708266
v -0.00092941 -0.03170317 0.04654806
v 0.01017230 -0.01266366 0.04644829
v 0.01119190 -0.01171296 0.04650950
v 0.01127010 -0.01182389 0.04624891
v 0.00870883 -0.01376086 0.04645299
v 0.01017230 -0.01266366 0.04644829
v 0.01083540 -0.01244652 0.04611974
v 0.00896960 -0.01382231 0.04617452
v 0.00766367 -0.01443171 0.04634839
v 0.00896960 -0.01382231 0.04617452
v 0.00786525 -0.01472556 0.04607737
v 0.00524825 -0.01575732 0.04614925
v 0.00786525 -0.01472556 0.04607737
v 0.00466049 -0.01628792 0.04605913
v 0.00766367 -0.01443171 0.04634839
v 0.00489277 -0.01563239 0.04642194
v 0.00524825 -0.01575732 0.04614925
v 0.00583053 -0.01528137 0.04642933
v 0.00766367 -0.01443171 0.04634839
v 0.00489277 -0.01563239 0.04642194
v 0.00331360 -0.01625835 0.04616862
v 0.00050485 -0.01695406 0.04603916
v 0.00331360 -0.01625835 0.04616862
v 0.00466049 -0.01628792 0.04605913
v 0.00147069 -0.01650375 0.04619538
v -0.00100613 -0.01663053 0.04617065
v 0.01411533 0.00728625 0.04618901
v 0.01333600 0.00902885 0.04606121
v 0.01488608 0.00652808 0.04604673
v 0.01310896 0.00899464 0.04619461
v 0.00331360 -0.01625835 0.04616862
v 0.01510649 0.00516480 0.04618000
v 0.00302851 -0.01610296 0.04646140
v 0.01411533 0.00728625 0.04618901
v 0.01301461 0.00872248 0.04654073
v 0.01310896 0.00899464 0.04619461
v 0.00147069 -0.01650375 0.04619538
v -0.00100613 -0.01663053 0.04617065
v -0.00016570 -0.01641917 0.04645395
v 0.00144792 -0.01633119 0.04651224
v 0.01394706 0.00720173 0.04647213
v 0.01596009 0.00253296 0.04609227
v 0.01699829 0.00039265 0.04606312
v 0.01623082 0.00039089 0.04607468
v 0.01488608 0.00652808 0.04604673
v 0.01510649 0.00516480 0.04618000
v 0.01488608 0.00652808 0.04604673
v 0.01596009 0.00253296 0.04609227
v 0.01510649 0.00516480 0.04618000
v 0.01472985 0.00556791 0.04644984
v 0.01514261 0.00435609 0.04650390
v 0.01560986 0.00264776 0.04638510
v 0.01590132 0.00145161 0.04623723
v 0.01560986 0.00264776 0.04638510
v 0.01514261 0.00435609 0.04650390
v 0.01510649 0.00516480 0.04618000
v 0.01608258 -0.00181001 0.04613137
v 0.01654654 -0.00108922 0.04605066
v 0.01623082 0.00039089 0.04607468
v 0.01578110 0.00122690 0.04651117
v 0.01560986 0.00264776 0.04638510
v 0.01590132 0.00145161 0.04623723
v 0.01589560 -0.00031717 0.04639047
v 0.01576828 -0.00461227 0.04607182
v 0.01589560 -0.00031717 0.04639047
v 0.01608258 -0.00181001 0.04613137
v 0.01589560 -0.00031717 0.04639047
v 0.01623082 0.00039089 0.04607468
v 0.01560199 -0.00429642 0.04619169
v 0.01608258 -0.00181001 0.04613137
v 0.01576828 -0.00461227 0.04607182
v 0.01578402 -0.00212461 0.04647254
v 0.01561528 -0.00332612 0.04643154
v 0.01560199 -0.00429642 0.04619169
v 0.01469630 -0.00749916 0.04606842
v 0.01472085 -0.00644326 0.04635912
v 0.01560199 -0.00429642 0.04619169
v 0.01469630 -0.00749916 0.04606842
v 0.01521444 -0.00497556 0.04645037
v 0.01472085 -0.00644326 0.04635912
v 0.01521444 -0.00497556 0.04645037
v 0.01560199 -0.00429642 0.04619169
v 0.01418352 -0.00789261 0.04623192
v 0.01472085 -0.00644326 0.04635912
v 0.01469630 -0.00749916 0.04606842
v 0.01307767 -0.01017063 0.04607319
v 0.01469630 -0.00749916 0.04606842
v 0.01243025 -0.01201969 0.04604399
v 0.01300126 -0.00991577 0.04618090
v 0.01307767 -0.01017063 0.04607319
v 0.01403921 -0.00784027 0.04649990
v 0.01472085 -0.00644326 0.04635912
v 0.01418352 -0.00789261 0.04623192
v 0.01317900 -0.00929475 0.04647225
v 0.01300126 -0.00991577 0.04618090
v 0.01083540 -0.01244652 0.04611974
v 0.01237607 -0.01040554 0.04644459
v 0.01127010 -0.01182389 0.04624891
v 0.01307767 -0.01017063 0.04607319
v 0.01083540 -0.01244652 0.04611974
v 0.01127010 -0.01182389 0.04624891
v 0.01237607 -0.01040554 0.04644459
v 0.01300126 -0.00991577 0.04618090
v 0.00786525 -0.01472556 0.04607737
v 0.00786525 -0.01472556 0.04607737
v 0.01017230 -0.01266366 0.04644829
v 0.00588787 -0.01666206 0.04620748
v 0.00789499 -0.01595360 0.04648357
v 0.00598699 -0.01679837 0.04652529
v 0.00789052 -0.01569044 0.04615402
v 0.00360364 -0.01750278 0.04646825
v 0.00374639 -0.01734775 0.04626131
v 0.00384557 -0.01704823 0.04606539
v 0.00789052 -0.01569044 0.04615402
v 0.00588787 -0.01666206 0.04620748
v 0.00899541 -0.01487255 0.04606807
v 0.00193274 -0.01767104 0.04627585
v 0.00194853 -0.01778727 0.04655057
v -0.00011950 -0.01785159 0.04634284
v 0.00384557 -0.01704823 0.04606539
v 0.00588787 -0.01666206 0.04620748
v 0.00374639 -0.01734775 0.04626131
v 0.00943792 -0.01506263 0.04651391
v 0.01128721 -0.01345103 0.04621136
v 0.01142334 -0.01357549 0.04653751
v 0.00193274 -0.01767104 0.04627585
v 0.00056422 -0.01754391 0.04608726
v 0.00193274 -0.01767104 0.04627585
v -0.00011950 -0.01785159 0.04634284
v 0.00927967 -0.01502805 0.04626923
v 0.00056422 -0.01754391 0.04608726
v 0.00056422 -0.01754391 0.04608726
v 0.00050485 -0.01695406 0.04603916
v 0.00384557 -0.01704823 0.04606539
v 0.00789499 -0.01595360 0.04648357
v 0.00899541 -0.01487255 0.04606807
v 0.01128721 -0.01345103 0.04621136
v 0.00927967 -0.01502805 0.04626923
v 0.00789052 -0.01569044 0.04615402
v 0.00927967 -0.01502805 0.04626923
v -0.00093409 -0.03231579 0.04006075
v -0.00109601 -0.03236442 0.04023212
v -0.00082862 -0.03188508 0.04010713
v -0.00088328 -0.03275364 0.04007560
v -0.00066176 -0.03311789 0.04011523
v -0.00103605 -0.03275418 0.04024463
v -0.00072208 -0.03163421 0.04025328
v -0.00082862 -0.03188508 0.04010713
v -0.00104010 -0.03204661 0.04026824
v -0.00017822 -0.03316944 0.04005324
v -0.00066176 -0.03311789 0.04011523
v -0.00088328 -0.03275364 0.04007560
v -0.00066176 -0.03311789 0.04011523
v -0.00032320 -0.03336036 0.04023450
v -0.00071983 -0.03318822 0.04028517
v -0.00109601 -0.03236442 0.04023212
v -0.00088328 -0.03275364 0.04007560
v -0.00103605 -0.03275418 0.04024463
v -0.00093409 -0.03231579 0.04006075
v -0.00021774 -0.03160572 0.04005450
v -0.00082862 -0.03188508 0.04010713
v -0.00072208 -0.03163421 0.04025328
v -0.00016854 -0.03143322 0.04026269
v -0.00021774 -0.03160572 0.04005450
v -0.00072208 -0.03163421 0.04025328
v -0.00071983 -0.03318822 0.04028517
v -0.00017822 -0.03316944 0.04005324
v -0.00032320 -0.03336036 0.04023450
v -0.00066176 -0.03311789 0.04011523
v -0.00021774 -0.03160572 0.04005450
v -0.00093409 -0.03231579 0.04006075
v -0.00082862 -0.03188508 0.04010713
v -0.00104010 -0.03204661 0.04026824
v -0.00284654 0.00361496 0.05394619
v -0.00307083 0.00284767 0.05387949
v -0.00035170 -0.00555116 0.05313920
v 0.02064323 0.03310585 0.05649018
v 0.02703833 0.02124977 0.05549138
v 0.02627897 0.02676934 0.05597347
v 0.01257503 0.01601278 0.05501812
v -0.00272757 0.00480264 0.05404549
v -0.00283688 0.00611925 0.05416142
v 0.01710999 -0.01837182 0.05201750
v 0.01768171 -0.02583277 0.05137139
v 0.02273190 -0.02224308 0.05168545
v -0.00025904 0.01033204 0.05453234
v -0.01261997 -0.00907660 0.05283737
v -0.01298093 -0.00812733 0.05292046
v 0.01692980 -0.01847273 0.05200028
v 0.01205670 -0.01849460 0.05200654
v 0.02570277 -0.01931071 0.05194199
v 0.02729821 -0.01920032 0.05190432
v 0.01710999 -0.01837182 0.05201750
v 0.02729821 -0.01920032 0.05190432
v 0.03070104 -0.01218438 0.05256515
v 0.03239530 -0.00824296 0.05291020
v -0.00338817 0.00778437 0.05430835
v 0.01195263 -0.01840668 0.05200785
v 0.01067250 0.01649945 0.05506694
v -0.00435400 0.00916505 0.05441838
v 0.00008577 0.01182597 0.05465620
v 0.03009176 0.01345080 0.05480825
v 0.03460127 0.00446111 0.05402171
v 0.03395467 0.01282542 0.05474483
v -0.00841582 0.00585151 0.05413830
v -0.00803113 0.00424153 0.05398982
v -0.00795275 0.00469345 0.05402016
v -0.00821346 0.00367451 0.05394268
v -0.00878692 0.00629747 0.05416607
v -0.01155507 -0.00109571 0.05353504
v 0.00362128 -0.01026636 0.05273169
v 0.00296497 -0.01096880 0.05266678
v 0.01182931 -0.01825898 0.05203264
v 0.00058933 0.01295256 0.05473417
v -0.01315009 -0.00711411 0.05300903
v 0.00209767 -0.01164263 0.05260831
v 0.00422788 -0.00936079 0.05281025
v 0.01663321 0.03473007 0.05667001
v -0.01308977 -0.00502533 0.05316960
v 0.00585461 0.03915804 0.05704188
v 0.00111049 -0.01220536 0.05256021
v 0.00766820 0.01667785 0.05508488
v -0.01269865 -0.00331974 0.05331498
v 0.00563759 0.01638251 0.05504989
v 0.00011027 -0.01263266 0.05252403
v 0.00481498 -0.00793034 0.05293756
v 0.00497121 -0.00599861 0.05308902
v -0.01902794 0.01655906 0.05506539
v -0.01534402 0.02011454 0.05538213
v 0.00160980 0.01443624 0.05488997
v 0.00323862 0.01568073 0.05500459
v -0.00162083 -0.01304799 0.05248522
v -0.00400174 -0.01315373 0.05245721
v 0.01708215 0.01012557 0.05450487
v 0.03532028 -0.00188446 0.05340760
v 0.02784538 0.01555347 0.05498033
v 0.01701837 0.01081395 0.05456608
v -0.00637853 -0.01300364 0.05247116
v 0.00431764 0.01600974 0.05501365
v -0.00208336 -0.00818473 0.05290281
v -0.00122553 -0.00769305 0.05294317
v -0.00082897 -0.00725794 0.05298352
v -0.00045374 -0.00618696 0.05308794
v -0.00042975 -0.00554752 0.05314612
v 0.01629573 0.01302772 0.05476260
v 0.02713805 0.01809883 0.05519086
v -0.02754783 0.01633542 0.05505692
v -0.00830245 -0.01254653 0.05251306
v -0.00336772 -0.00841558 0.05289351
v -0.03010833 0.01409757 0.05483049
v -0.01013994 -0.01178532 0.05260294
v -0.03174120 0.01339948 0.05475997
v 0.01579892 0.01377993 0.05482220
v 0.00499046 0.00377446 0.05395209
v 0.01153141 0.01074934 0.05456715
v -0.02756816 0.02051186 0.05539423
v -0.01555973 0.02015453 0.05538511
v -0.00706697 -0.00755137 0.05296552
v -0.00664163 -0.00791478 0.05292952
v -0.00520235 -0.00841069 0.05287939
v -0.01209729 -0.01001822 0.05276572
v 0.01455920 0.01498025 0.05491685
v 0.02941060 0.02388447 0.05568408
v 0.01052737 0.01169723 0.05464261
v 0.01112735 0.01124936 0.05461549
v -0.00773269 -0.00520247 0.05316781
v 0.00886047 0.01202863 0.05466949
v -0.00755310 -0.00412512 0.05325984
v -0.00595778 -0.00153637 0.05349034
v 0.00620806 0.01156675 0.05464130
v 0.00501943 0.00995469 0.05447226
v -0.00463724 0.00013781 0.05362147
v 0.00520498 0.01038700 0.05453860
v 0.00501943 0.00995469 0.05447226
v 0.00620806 0.01156675 0.05464130
v 0.00572729 0.01126235 0.05460518
v 0.00520498 0.01038700 0.05453860
v 0.00620806 0.01156675 0.05464130
v -0.00343567 0.00213611 0.05381083
v 0.01869159 -0.03503704 0.04753679
v 0.02047544 -0.03414362 0.04755836
v 0.02405643 -0.03194230 0.04773181
v 0.04089874 -0.00988006 0.04857254
v 0.04216092 -0.00655270 0.04823487
v 0.04155153 -0.00568956 0.04930543
v 0.04143142 -0.01506286 0.04364705
v 0.04280275 -0.01056528 0.04433363
v 0.04198098 -0.01071637 0.04649448
v 0.02000248 -0.03385823 0.04796934
v 0.01869159 -0.03503704 0.04753679
v 0.02405643 -0.03194230 0.04773181
v 0.02693605 0.02919238 0.05583822
v 0.02462196 0.03236103 0.05583715
v 0.02380788 0.03237271 0.05605113
v 0.01757353 -0.03017753 0.05048012
v 0.01908677 -0.03056812 0.05010598
v 0.02240383 -0.02701348 0.05079472
v 0.02784508 0.02919894 0.05556678
v 0.01860547 -0.02900224 0.05074518
v 0.03647089 -0.00561649 0.05266124
v 0.03768134 -0.00043392 0.05301523
v 0.03680241 -0.00248992 0.05302077
v 0.03765136 -0.00393802 0.05251502
v 0.02693605 0.02919238 0.05583822
v 0.02380788 0.03237271 0.05605113
v 0.02482223 0.03121274 0.05603861
v 0.03158855 0.02786725 0.05412507
v 0.02991718 0.03069698 0.05373281
v 0.02956765 0.03029048 0.05427837
v 0.04143142 -0.01506286 0.04364705
v 0.01906961 -0.03733855 0.04492455
v 0.01955997 -0.03814035 0.04333406
v 0.02129834 -0.03613758 0.04502511
v 0.03218418 0.02812713 0.05345875
v 0.04032707 -0.00637722 0.05041211
v 0.02302777 -0.03162688 0.04839956
v 0.02845716 0.02888822 0.05543285
v 0.02840614 0.02971220 0.05520737
v 0.02629375 0.03149980 0.05551832
v 0.03369992 0.02674716 0.05284476
v 0.03269720 0.02863186 0.05252981
v 0.03207314 0.02863258 0.05321878
v 0.04075658 -0.01139420 0.04800355
v 0.04055482 -0.01136320 0.04827415
v 0.01970016 -0.03353965 0.04831159
v 0.03689771 -0.00727630 0.05221492
v 0.03782671 -0.00565547 0.05214804
v 0.01885896 -0.03698426 0.04549580
v 0.03486865 -0.00508112 0.05309367
v 0.02893370 0.03072065 0.05446982
v 0.03959649 -0.01053541 0.04971051
v 0.01727157 -0.03944158 0.04279756
v 0.01783818 -0.04026687 0.04001927
v 0.01976960 -0.03846973 0.04250067
v 0.02286607 -0.03108453 0.04881286
v 0.03728008 0.02379274 0.04975104
v 0.03515625 0.02686589 0.05025947
v 0.04110115 -0.01394361 0.04573798
v 0.02870839 0.03066635 0.05463963
v 0.03458046 -0.00717175 0.05285698
v 0.01633882 -0.02875036 0.05099314
v 0.01783818 -0.04026687 0.04001927
v 0.03432202 0.02707129 0.05181217
v 0.01952701 -0.03285598 0.04881900
v 0.03896367 -0.01144164 0.04988312
v 0.04032707 -0.00637722 0.05041211
v 0.02130079 -0.03520107 0.04620075
v 0.03162139 0.02753496 0.05425417
v 0.04134154 -0.01614773 0.04119122
v 0.03927183 -0.02067995 0.04045236
v 0.04050880 -0.01813143 0.04087257
v 0.01856040 -0.03647470 0.04622179
v 0.02191543 -0.02517312 0.05132174
v 0.02880793 0.03031635 0.05476248
v 0.04050880 -0.01813143 0.04087257
v 0.03910058 -0.01033401 0.05017757
v 0.03896367 -0.01144164 0.04988312
v 0.04032707 -0.00637722 0.05041211
v 0.01835268 -0.03389811 0.04848444
v 0.02652597 0.02880871 0.05596417
v 0.02482223 0.03121274 0.05603861
v 0.02422326 0.03107643 0.05616569
v 0.03554105 0.02546286 0.05142003
v 0.03515625 0.02686589 0.05025947
v 0.01925301 -0.03235542 0.04920125
v 0.02245932 -0.03024202 0.04943567
v 0.03119516 0.02776360 0.05442953
v 0.04052615 -0.01519101 0.04588192
v 0.03359872 0.02644377 0.05316644
v 0.00278139 0.04429984 0.05336165
v 0.03843241 -0.01078873 0.05050969
v 0.03910058 -0.01033401 0.05017757
v 0.03948283 -0.00556081 0.05123227
v 0.00486535 0.04412508 0.05327129
v 0.02213197 -0.02951472 0.04988646
v 0.00235891 0.04386585 0.05450940
v 0.00278139 0.04429984 0.05336165
v 0.03442013 0.02556020 0.05287218
v 0.01761811 -0.03597861 0.04710692
v 0.02036875 -0.03455251 0.04725641
v 0.00478834 0.04374051 0.05429428
v 0.00486535 0.04412508 0.05327129
v 0.00235891 0.04386585 0.05450940
v 0.00241536 0.04337567 0.05519717
v 0.03166478 0.02705574 0.05440783
v 0.03119516 0.02776360 0.05442953
v 0.02880793 0.03031635 0.05476248
v 0.03728008 0.02379274 0.04975104
v 0.03547137 0.02434444 0.05250060
v 0.00274849 0.04279828 0.05580854
v 0.03824770 -0.01018542 0.05082494
v 0.03072929 0.02710056 0.05494976
v 0.03166478 0.02705574 0.05440783
v 0.02830553 0.03040760 0.05499976
v 0.02047544 -0.03414362 0.04755836
v 0.03772580 -0.00993967 0.05123192
v 0.03857243 -0.00587940 0.05174356
v 0.01672559 -0.03840351 0.04483032
v 0.00472707 0.04322183 0.05511260
v 0.00478834 0.04374051 0.05429428
v 0.00868177 0.04352766 0.05315065
v 0.02775955 0.02671432 0.05588102
v 0.02382278 0.03061574 0.05624759
v 0.00418013 0.04309737 0.05533093
v 0.01598787 -0.03635829 0.04734468
v 0.02047544 -0.03414362 0.04755836
v 0.01869159 -0.03503704 0.04753679
v 0.01598787 -0.03635829 0.04734468
v 0.02703183 0.02726835 0.05596500
v 0.00406981 0.04228878 0.05609565
v 0.02869749 0.02677059 0.05571269
v 0.03979545 -0.01370382 0.04797762
v 0.01300793 -0.04206800 0.03985875
v 0.03329002 0.02560901 0.05387836
v 0.01756274 -0.03255915 0.04947668
v 0.04010814 -0.01816046 0.04326927
v 0.03330898 0.02535915 0.05398416
v 0.00870323 0.04311853 0.05420249
v 0.01652896 -0.03777247 0.04572987
v 0.01300793 -0.04206800 0.03985875
v 0.00353956 0.04188168 0.05639934
v 0.03696310 -0.01011443 0.05156624
v 0.03642576 0.02425795 0.05112272
v 0.03702640 0.02290123 0.05141258
v 0.03904145 -0.01386535 0.04872828
v 0.00480294 0.04234927 0.05597925
v 0.00490558 0.04266816 0.05568188
v 0.04010814 -0.01816046 0.04326927
v 0.00802231 0.04275441 0.05498218
v 0.00870323 0.04311853 0.05420249
v 0.01612210 -0.03702133 0.04669332
v 0.03045940 0.02667045 0.05516815
v 0.00279117 0.04108691 0.05680024
v 0.01524561 -0.03439283 0.04898446
v 0.03667527 -0.00941324 0.05189633
v 0.03492355 0.02440828 0.05308049
v 0.03926301 -0.01549428 0.04756021
v 0.03986304 -0.01624214 0.04612457
v 0.03321361 0.02433562 0.05441093
v 0.03825801 -0.01386833 0.04946804
v 0.03884518 -0.01511830 0.04828101
v 0.01255571 -0.04137939 0.04211807
v 0.01594030 -0.03662919 0.04713273
v 0.03747648 -0.01547902 0.04938602
v 0.03832131 0.02204525 0.04940247
v 0.03927803 -0.01798510 0.04554879
v 0.03030198 0.02625942 0.05531835
v 0.00473523 0.04142838 0.05654788
v 0.03505843 -0.00976944 0.05234819
v 0.01573181 -0.03601074 0.04771971
v 0.03799057 -0.01360076 0.04979968
v 0.03896367 -0.01144164 0.04988312
v 0.01397299 0.04210376 0.05292928
v 0.03766071 -0.01387465 0.04993510
v 0.03824847 0.02128553 0.05065816
v 0.00902927 0.04236996 0.05517077
v 0.00802231 0.04275441 0.05498218
v 0.03416651 0.02470010 0.05357199
v 0.01241838 -0.04100817 0.04296904
v 0.03880286 -0.02083593 0.04283905
v 0.01513433 -0.03493988 0.04865998
v 0.03736883 -0.01343238 0.05031478
v 0.00861132 0.04185062 0.05578303
v 0.00902927 0.04236996 0.05517077
v 0.01531672 -0.03226512 0.05001085
v 0.03880286 -0.02083593 0.04283905
v 0.00423861 0.03992438 0.05701249
v 0.03716462 -0.01358747 0.05041456
v 0.01456421 -0.03149795 0.05041790
v 0.01210403 -0.04012745 0.04456615
v 0.03218787 -0.01251316 0.05244839
v 0.03745478 -0.01499909 0.04961818
v 0.03745478 -0.01499909 0.04961818
v 0.03896367 -0.01144164 0.04988312
v 0.03799057 -0.01360076 0.04979968
v 0.00825810 0.04158169 0.05604749
v 0.03793579 -0.01710349 0.04807406
v 0.01258850 -0.03967094 0.04502862
v 0.03301477 -0.01056766 0.05260753
v 0.01251709 0.04198074 0.05434674
v 0.03200912 0.02422899 0.05501335
v 0.03045940 0.02667045 0.05516815
v 0.02845716 0.02888822 0.05543285
v 0.03825855 -0.01769161 0.04730594
v 0.00916839 -0.04304713 0.03969293
v 0.00916922 -0.04347777 0.03680497
v 0.00458085 -0.04420572 0.03669083
v 0.00678593 -0.04391568 0.03674298
v 0.03200912 0.02422899 0.05501335
v 0.03200912 0.02422899 0.05501335
v 0.02845716 0.02888822 0.05543285
v 0.03030198 0.02625942 0.05531835
v 0.01368987 -0.03129988 0.05054318
v 0.03573268 -0.01438134 0.05095511
v 0.03429114 0.02416992 0.05370795
v 0.03920203 0.02034693 0.04926013
v 0.01469784 -0.03377103 0.04941225
v 0.03678131 0.02157831 0.05259650
v 0.03566348 -0.01338702 0.05127435
v 0.03455257 0.02375793 0.05365508
v 0.03507137 0.02289581 0.05361366
v 0.03038311 0.02435594 0.05552023
v 0.02869749 0.02677059 0.05571269
v 0.03551882 -0.01289820 0.05147731
v 0.01064372 -0.03118133 0.05077439
v 0.03815621 -0.02057892 0.04485303
v 0.01164335 -0.03896802 0.04617303
v 0.00527644 0.04047411 0.05686306
v 0.03655982 -0.01594829 0.04984903
v 0.03429114 0.02416992 0.05370795
v 0.03742361 0.02102041 0.05208259
v 0.01411300 -0.03295511 0.04989546
v 0.00833011 0.04082489 0.05648130
v 0.03075647 0.02495425 0.05535256
v 0.03782141 -0.02046412 0.04558259
v 0.01142263 -0.03785419 0.04732668
v 0.04066634 0.01735466 0.04861927
v 0.03200912 0.02422899 0.05501335
v 0.03411334 -0.01366639 0.05178928
v 0.00896573 -0.04231166 0.04199385
v 0.01251709 0.04198074 0.05434674
v 0.03571701 -0.01586771 0.05041408
v 0.03571701 -0.01586771 0.05041408
v 0.03455257 0.02375793 0.05365508
v 0.01482713 0.04137235 0.05393505
v 0.03678131 0.02157831 0.05259650
v 0.00683838 -0.04348272 0.03962934
v 0.00678593 -0.04391568 0.03674298
v 0.00808060 0.04063165 0.05659085
v 0.03674542 -0.01715648 0.04915523
v 0.01124727 -0.04002344 0.04502630
v 0.01411724 0.04084509 0.05501008
v 0.01076698 -0.03697770 0.04815644
v 0.03455257 0.02375793 0.05365508
v 0.03507137 0.02289581 0.05361366
v 0.03635931 0.02072006 0.05329269
v 0.03354817 -0.01286983 0.05213296
v 0.03924942 0.01891034 0.05067205
v 0.03824847 0.02128553 0.05065816
v 0.00518441 -0.04373610 0.03960371
v 0.03647655 -0.01705747 0.04941362
v 0.00725281 -0.04222244 0.04286378
v 0.01236552 0.04137927 0.05514878
v 0.01411724 0.04084509 0.05501008
v 0.00902927 0.04236996 0.05517077
v 0.03702259 -0.02019017 0.04692888
v 0.01827353 0.04039168 0.05264878
v 0.03635931 0.02072006 0.05329269
v 0.00458085 -0.04420572 0.03669083
v 0.03492814 -0.01557868 0.05092912
v 0.03829896 0.01846218 0.05221050
v 0.01224493 0.04090464 0.05562752
v 0.01236552 0.04137927 0.05514878
v 0.03802061 0.01891976 0.05234581
v 0.01004159 -0.03144949 0.05073493
v 0.03889894 0.01801395 0.05170464
v 0.03626400 -0.02493155 0.04237049
v 0.01465731 0.04085654 0.05475026
v 0.01482713 0.04137235 0.05393505
v 0.03891307 0.01732641 0.05193227
v 0.03891307 0.01732641 0.05193227
v 0.03742361 0.02102041 0.05208259
v 0.03645128 -0.01986938 0.04780578
v 0.04045677 0.01608133 0.05021524
v 0.01096153 -0.03596115 0.04883235
v 0.03573918 -0.01677930 0.05004221
v 0.03402501 -0.01480716 0.05152863
v 0.01291936 0.04052007 0.05574619
v 0.03802061 0.01891976 0.05234581
v 0.03739738 0.01851129 0.05308955
v 0.00860238 -0.03843253 0.04735708
v 0.00859994 -0.04085630 0.04469192
v 0.03811538 0.01723361 0.05278569
v 0.03829896 0.01846218 0.05221050
v 0.00859994 -0.04085630 0.04469192
v 0.01258850 -0.03967094 0.04502862
v 0.01124727 -0.04002344 0.04502630
v 0.00551963 -0.04290390 0.04193830
v 0.00777721 0.03921794 0.05697035
v 0.03766584 0.01708596 0.05319714
v 0.03747093 0.01744478 0.05328404
v 0.01357942 0.04010766 0.05585163
v 0.03964036 0.01554960 0.05171006
v 0.00241882 -0.04401189 0.03947013
v 0.00244725 -0.04439043 0.03666687
v 0.01186776 0.04043173 0.05605667
v 0.01357942 0.04010766 0.05585163
v 0.00825810 0.04158169 0.05604749
v 0.00518441 -0.04373610 0.03960371
v 0.03858375 0.01557868 0.05277746
v 0.03577512 -0.01963526 0.04858303
v 0.03530836 -0.01941418 0.04907858
v 0.01068061 0.03943055 0.05674117
v 0.01445198 0.04024249 0.05543583
v 0.00850356 -0.04045933 0.04525238
v 0.01734668 0.04032391 0.05378168
v 0.04250061 0.01198905 0.04786437
v 0.03355211 -0.01744079 0.05094712
v 0.03223848 -0.01622956 0.05172699
v 0.03927510 0.01564121 0.05208015
v 0.01104301 -0.03481674 0.04942393
v 0.00759780 -0.04000556 0.04596889
v 0.00458085 -0.04420572 0.03669083
v -0.00013457 -0.04445534 0.03665018
v 0.00244725 -0.04439043 0.03666687
v 0.03568500 -0.02425289 0.04473096
v 0.03626400 -0.02493155 0.04237049
v 0.00915861 -0.03439992 0.04983258
v 0.03498208 -0.01932364 0.04935747
v 0.01288557 0.03978115 0.05621522
v 0.01186776 0.04043173 0.05605667
v 0.00350970 -0.04294925 0.04232066
v 0.00817096 -0.03906100 0.04685646
v 0.01491785 0.03975504 0.05567520
v 0.00798762 -0.03606796 0.04910421
v 0.03499990 -0.02667438 0.04203504
v 0.00610352 -0.04128783 0.04467487
v 0.01291936 0.04052007 0.05574619
v 0.00945949 -0.03311634 0.05030030
v 0.03418165 -0.01901710 0.04999732
v 0.03023815 -0.01594853 0.05214184
v 0.04184079 0.01220470 0.04952996
v 0.01885741 0.03962504 0.05367219
v 0.03446412 -0.01921427 0.04974710
v 0.03837776 0.01530736 0.05297327
v 0.03473961 -0.02586579 0.04415220
v 0.03499990 -0.02667438 0.04203504
v 0.01381683 0.03899741 0.05637639
v 0.03789895 0.01507902 0.05338090
v 0.03356951 -0.01858085 0.05049854
v 0.01725769 0.03968256 0.05470371
v 0.01734668 0.04032391 0.05378168
v 0.03884309 0.01497238 0.05265492
v 0.03441673 -0.02569472 0.04491227
v 0.00241882 -0.04401189 0.03947013
v 0.03714960 0.01549857 0.05381143
v 0.03453570 -0.02411985 0.04646444
v 0.01068061 0.03943055 0.05674117
v 0.00470543 -0.04155540 0.04453182
v 0.00381935 -0.04162293 0.04453676
v 0.01181793 0.03783011 0.05688667
v 0.00777721 0.03921794 0.05697035
v 0.00423861 0.03992438 0.05701249
v 0.01181793 0.03783011 0.05688667
v 0.00593048 -0.03780549 0.04822915
v 0.03451567 -0.02365756 0.04689598
v 0.01885741 0.03962504 0.05367219
v 0.01357942 0.04010766 0.05585163
v 0.00615108 -0.03957837 0.04668474
v 0.00552177 -0.04083633 0.04536819
v 0.03316944 -0.01834869 0.05076599
v 0.03355211 -0.01744079 0.05094712
v 0.02212989 0.03840672 0.05227315
v 0.04093819 0.01230323 0.05095195
v 0.04079049 0.01135170 0.05136299
v 0.03411924 -0.02344024 0.04745352
v 0.04166358 0.01096916 0.05025380
v 0.02212989 0.03840672 0.05227315
v 0.03338181 -0.02866911 0.04174834
v 0.04391235 0.00659615 0.04505306
v 0.04431605 0.00301039 0.04441660
v 0.04361343 0.00837755 0.04536330
v 0.04356718 0.00711381 0.04707449
v 0.00954044 -0.03122997 0.05080056
v 0.01762408 0.03886795 0.05533099
v 0.03346776 -0.02550262 0.04633188
v 0.01857417 0.03892946 0.05479431
v 0.03338181 -0.02866911 0.04174834
v 0.03197997 -0.01840591 0.05120652
v 0.03620362 0.01409101 0.05433028
v 0.03713124 0.01447695 0.05388671
v 0.01490300 0.03814077 0.05649453
v 0.03986883 0.01144021 0.05229514
v 0.03333044 -0.02497935 0.04694658
v 0.03268003 -0.02296441 0.04891031
v 0.01181793 0.03783011 0.05688667
v 0.01761049 0.03858423 0.05552828
v 0.00594234 -0.03805536 0.04801172
v 0.00540632 -0.03637498 0.04915142
v 0.00143957 -0.04284465 0.04273194
v 0.03929710 0.01096099 0.05281782
v 0.00498581 -0.03438568 0.05007839
v 0.01761049 0.03858423 0.05552828
v 0.01491785 0.03975504 0.05567520
v 0.01291936 0.04052007 0.05574619
v 0.02147102 0.03824204 0.05345672
v 0.04391235 0.00659615 0.04505306
v 0.01761049 0.03858423 0.05552828
v 0.01291936 0.04052007 0.05574619
v 0.01357942 0.04010766 0.05585163
v 0.04271936 0.00812435 0.04904985
v 0.00365412 -0.03285932 0.05058735
v 0.00480080 -0.03537559 0.04967492
v 0.03189241 -0.03036463 0.04142284
v 0.00477791 -0.03232187 0.05068451
v 0.01779222 0.03815257 0.05572634
v 0.03222882 -0.02455168 0.04819309
v 0.00574267 -0.03201377 0.05072903
v 0.03096985 -0.01730489 0.05175268
v 0.03260165 -0.02821946 0.04421609
v 0.02147102 0.03824204 0.05345672
v 0.01753044 0.03813183 0.05584383
v 0.03189241 -0.03036463 0.04142284
v 0.03446412 -0.01921427 0.04974710
v 0.00375366 -0.03414052 0.05020564
v 0.01724201 0.03789055 0.05603981
v 0.03177165 -0.02451962 0.04853916
v 0.03848832 0.01048272 0.05334854
v 0.03117692 -0.02374225 0.04934614
v 0.01460069 0.03730690 0.05670773
v 0.01728248 0.03616994 0.05657935
v 0.03133684 -0.02205610 0.05008935
v 0.04299837 0.00613374 0.04879415
v 0.01460069 0.03730690 0.05670773
v 0.04177856 0.00776482 0.05060952
v 0.02300375 0.03732043 0.05331420
v 0.01750820 0.03723412 0.05626583
v 0.03776836 0.01055908 0.05371373
v 0.02130365 0.03745067 0.05461311
v 0.01647949 0.03594964 0.05669593
v 0.03127187 -0.02993714 0.04361712
v 0.03027302 -0.02293562 0.05016046
v 0.04060745 0.00743765 0.05189555
v 0.04406899 0.00243038 0.04632633
v 0.03747034 0.00981712 0.05384850
v 0.02559143 0.03613650 0.05185741
v 0.03101915 -0.02828395 0.04614210
v 0.01711225 0.03719282 0.05635327
v 0.04406899 0.00243038 0.04632633
v 0.03054237 -0.02553749 0.04865670
v 0.03545713 0.01355046 0.05455553
v 0.02130365 0.03745067 0.05461311
v 0.04211276 0.00587487 0.05027818
v 0.03030121 -0.02148950 0.05072724
v 0.04299837 0.00613374 0.04879415
v 0.02559143 0.03613650 0.05185741
v 0.03096848 -0.02971899 0.04440069
v 0.03100645 -0.02766734 0.04669266
v 0.03608506 0.00936127 0.05426877
v 0.02982771 -0.03234457 0.04122442
v 0.02256196 0.03652501 0.05464118
v 0.02982771 -0.03234457 0.04122442
v 0.04061031 0.00612116 0.05191278
v 0.02152293 0.03633326 0.05535197
v 0.02918994 -0.02333962 0.05040282
v 0.02989822 -0.02747571 0.04771906
v 0.04174453 0.00578022 0.05074924
v 0.02888697 -0.02223229 0.05090004
v 0.03457731 0.01310348 0.05471146
v 0.02846050 -0.02071183 0.05147123
v 0.04329413 0.00304943 0.04836827
v 0.02739351 0.03479558 0.05161881
v 0.02880531 -0.02809786 0.04797959
v 0.03972244 0.00610733 0.05258989
v 0.02653282 0.03495019 0.05280423
v 0.03657066 0.00858742 0.05408310
v 0.02970290 -0.02892392 0.04664462
v 0.01922369 0.03552937 0.05639141
v 0.02060222 0.03592842 0.05591893
v 0.03877347 0.00635713 0.05314105
v 0.02910202 -0.03178405 0.04375755
v 0.02884745 -0.03040504 0.04590177
v 0.01181793 0.03783011 0.05688667
v 0.02256196 0.03652501 0.05464118
v 0.02823472 -0.02761518 0.04863333
v 0.02785581 -0.03405421 0.04098069
v 0.04253387 0.00178814 0.04963296
v 0.02633905 -0.02120965 0.05165636
v 0.04336911 0.00098017 0.04808437
v 0.02864509 -0.02598190 0.04939240
v 0.03754895 0.00600815 0.05366230
v 0.02739351 0.03479558 0.05161881
v 0.02785581 -0.03405421 0.04098069
v 0.04179096 0.00275803 0.05062764
v 0.02502149 0.03513932 0.05410897
v 0.04406279 -0.00138521 0.04576987
v 0.02040100 0.03533840 0.05616635
v 0.02864396 -0.02785581 0.04825389
v 0.04406279 -0.00138521 0.04576987
v 0.02481043 0.03480476 0.05455011
v 0.02707093 -0.02616494 0.04994195
v 0.03023314 0.03233820 0.05123203
v 0.02761751 -0.02886158 0.04811954
v 0.04084897 0.00200844 0.05147641
v 0.03023314 0.03233820 0.05123203
v 0.03864288 0.00331491 0.05302882
v 0.02708333 0.03402698 0.05338519
v 0.03587573 0.00547790 0.05403798
v 0.02401536 0.03311491 0.05580878
v 0.02034378 0.03454208 0.05637383
v 0.02626723 -0.03529226 0.04080396
v 0.02460205 0.03448116 0.05491131
v 0.02740937 -0.02434009 0.05058765
v 0.04334014 -0.00160497 0.04773491
v 0.02716559 -0.03343951 0.04354453
v 0.02030938 0.03414195 0.05644309
v 0.02678215 0.03371268 0.05397570
v 0.02547550 0.03348088 0.05504179
v 0.02547550 0.03348088 0.05504179
v 0.02460205 0.03448116 0.05491131
v 0.02256196 0.03652501 0.05464118
v 0.02690213 -0.03162568 0.04622834
v 0.04162788 0.00074673 0.05060768
v 0.04001986 0.00247800 0.05214351
v 0.02752107 -0.02726173 0.04920011
v 0.02708423 -0.02994436 0.04761677
v 0.02493184 0.03381025 0.05512726
v 0.02569228 -0.02433151 0.05100530
v 0.04370075 -0.00582933 0.04511809
v 0.03917878 0.00215149 0.05265665
v 0.03684425 0.00166696 0.05349636
v 0.02658480 0.03349703 0.05430901
v 0.02934026 0.03247404 0.05257821
v 0.04370075 -0.00582933 0.04511809
v 0.04083013 -0.00149721 0.05103445
v 0.02530038 -0.02696251 0.05015093
v 0.02412223 0.03375571 0.05552303
v 0.02601695 -0.02507317 0.05070126
v 0.02560734 -0.03463733 0.04339009
v 0.02626723 -0.03529226 0.04080396
v 0.04219573 -0.00164509 0.04954808
v 0.02637243 -0.03264600 0.04550302
v 0.02666401 -0.02953898 0.04816854
v 0.04012203 -0.00036144 0.05174630
v 0.02651149 0.03313177 0.05461722
v 0.02630513 0.03310555 0.05476534
v 0.02643090 -0.02931141 0.04844486
v 0.02672141 0.03263562 0.05478900
v 0.02630513 0.03310555 0.05476534
v 0.02460205 0.03448116 0.05491131
v 0.02672141 0.03263562 0.05478900
v 0.02460205 0.03448116 0.05491131
v 0.02547550 0.03348088 0.05504179
v 0.02578818 -0.02867740 0.04912734
v 0.03922432 -0.00031853 0.05232501
v 0.04320991 -0.00479400 0.04698258
v 0.03047752 0.03138828 0.05241537
v 0.03790032 0.00246066 0.05323219
v 0.04249590 -0.00490427 0.04831498
v 0.02416461 -0.03241062 0.04729652
v 0.02277398 -0.03767055 0.04049706
v 0.02388668 -0.02462577 0.05121344
v 0.02894783 0.03195047 0.05360615
v 0.02487367 -0.02854460 0.04954242
v 0.03722596 0.00216049 0.05343914
v 0.02518558 -0.03355211 0.04541009
v 0.02606046 0.03255516 0.05520898
v 0.02512973 -0.03132051 0.04763692
v 0.02410906 -0.02853554 0.04979294
v 0.02873861 0.03168541 0.05399620
v 0.03289175 0.02958273 0.05072867
v 0.04296374 -0.00655091 0.04674237
v 0.02405643 -0.03194230 0.04773181
v 0.02405643 -0.03194230 0.04773181
v 0.02761751 -0.02886158 0.04811954
v 0.02666401 -0.02953898 0.04816854
v 0.02459484 -0.03073060 0.04833590
v 0.02445310 -0.03333884 0.04618346
v 0.03590708 0.00085245 0.05359297
v 0.02482223 0.03121274 0.05603861
v 0.02482223 0.03121274 0.05603861
v 0.01922369 0.03552937 0.05639141
v 0.02034378 0.03454208 0.05637383
v 0.03006112 0.03086853 0.05346268
v 0.02368301 -0.02729779 0.05043774
v 0.02224820 -0.03709363 0.04268068
v 0.02277398 -0.03767055 0.04049706
v 0.04280275 -0.01056528 0.04433363
v 0.02870839 0.03066635 0.05463963
v 0.02630513 0.03310555 0.05476534
v 0.02672141 0.03263562 0.05478900
v 0.03852850 -0.00179464 0.05247443
v 0.04076153 -0.00482690 0.05037963
v 0.02201581 -0.03678327 0.04350596
v 0.02672141 0.03263562 0.05478900
v 0.02547550 0.03348088 0.05504179
v 0.03263527 0.02925270 0.05187249
v 0.03289175 0.02958273 0.05072867
v 0.02019447 -0.03908830 0.04026216
v 0.02606046 0.03255516 0.05520898
v 0.02019447 -0.03908830 0.04026216
v 0.04026216 -0.00481152 0.05082219
v 0.03765136 -0.00393802 0.05251502
v 0.03532028 -0.00188446 0.05340760
v 0.03486865 -0.00508112 0.05309367
v 0.03590708 0.00085245 0.05359297
v -0.02982527 0.02256625 0.05536884
v -0.02928751 0.02156537 0.05514526
v -0.02871412 0.02167892 0.05539351
v -0.02945113 0.02298265 0.05558025
v -0.03260469 0.01393127 0.05462670
v -0.03311473 0.01465368 0.05429321
v -0.03362506 0.01391649 0.05465286
v -0.03368330 0.01340895 0.05474299
v -0.03260469 0.01393127 0.05462670
v -0.03362506 0.01391649 0.05465286
v -0.03175497 0.01470315 0.05440086
v -0.03247493 0.01517301 0.05389010
v -0.03311473 0.01465368 0.05429321
v -0.03175497 0.01470315 0.05440086
v -0.03132259 0.01554751 0.05394160
v -0.03247493 0.01517301 0.05389010
v -0.03175497 0.01470315 0.05440086
v -0.03139781 0.01393961 0.05471909
v -0.03174120 0.01339948 0.05475997
v -0.03368330 0.01340895 0.05474299
v -0.03050613 0.01542752 0.05438488
v -0.03011858 0.01520872 0.05461698
v -0.03011858 0.01520872 0.05461698
v -0.03042161 0.01615124 0.05402594
v -0.03010833 0.01409757 0.05483049
v -0.02923703 0.01562458 0.05479121
v -0.02926152 0.01662516 0.05457532
v -0.02971220 0.01696610 0.05414170
v -0.02926152 0.01662516 0.05457532
v -0.03050613 0.01542752 0.05438488
v -0.02848601 0.01585936 0.05495166
v -0.02754783 0.01633542 0.05505692
v -0.02864134 0.01749616 0.05479860
v -0.02923703 0.01562458 0.05479121
v -0.02864134 0.01749616 0.05479860
v -0.02915197 0.01843518 0.05433303
v -0.02773302 0.01784563 0.05511820
v -0.02856236 0.01875305 0.05482316
v -0.02800095 0.01990509 0.05521851
v -0.02773302 0.01784563 0.05511820
v -0.02756816 0.02051186 0.05539423
v -0.02800095 0.01990509 0.05521851
v -0.02864795 0.02030241 0.05501335
v -0.02919429 0.02006465 0.05454111
v -0.02754783 0.01633542 0.05505692
v -0.02800095 0.01990509 0.05521851
v -0.02864795 0.02030241 0.05501335
v -0.02856236 0.01875305 0.05482316
v -0.02919429 0.02006465 0.05454111
v -0.02864795 0.02030241 0.05501335
v -0.02975732 0.02132320 0.05472558
v -0.03037369 0.02208846 0.05482643
v -0.02871412 0.02167892 0.05539351
v -0.02756816 0.02051186 0.05539423
v 0.03208339 0.01466816 0.05432379
v 0.03122973 0.01488852 0.05434888
v 0.03204160 0.01422613 0.05453234
v 0.03159743 0.01364749 0.05472236
v 0.03204160 0.01422613 0.05453234
v 0.03020286 0.01466012 0.05468416
v 0.02921181 0.01477932 0.05484187
v 0.03208339 0.01466816 0.05432379
v 0.03009176 0.01345080 0.05480825
v 0.03159743 0.01364749 0.05472236
v 0.02921181 0.01477932 0.05484187
v 0.03326851 0.01465702 0.05430281
v 0.03344827 0.01358330 0.05473107
v 0.03332012 0.01419466 0.05454576
v 0.03395467 0.01282542 0.05474483
v 0.03344827 0.01358330 0.05473107
v 0.03332012 0.01419466 0.05454576
v 0.02938592 0.02212119 0.05522114
v 0.02948886 0.02134311 0.05474078
v 0.03007960 0.02204680 0.05481910
v 0.02878022 0.02169609 0.05527687
v 0.02840536 0.02046924 0.05507165
v 0.02878022 0.02169609 0.05527687
v 0.02910649 0.02062577 0.05462944
v 0.02842432 0.02214735 0.05549633
v 0.02878022 0.02169609 0.05527687
v 0.02938592 0.02212119 0.05522114
v 0.02840536 0.02046924 0.05507165
v 0.02877449 0.01918578 0.05446386
v 0.02910649 0.02062577 0.05462944
v 0.02840536 0.02046924 0.05507165
v 0.02761077 0.02011394 0.05529052
v 0.02835863 0.01927709 0.05483430
v 0.02761077 0.02011394 0.05529052
v 0.02835863 0.01927709 0.05483430
v 0.02834129 0.01798069 0.05478054
v 0.02761077 0.02011394 0.05529052
v 0.02834129 0.01798069 0.05478054
v 0.02835863 0.01927709 0.05483430
v 0.02901744 0.01783829 0.05426841
v 0.02834129 0.01798069 0.05478054
v 0.02834129 0.01798069 0.05478054
v 0.02956897 0.01676487 0.05411243
v 0.02901744 0.01783829 0.05426841
v 0.02764075 0.01738017 0.05506420
v 0.02834129 0.01798069 0.05478054
v 0.02713805 0.01809883 0.05519086
v 0.02889955 0.01648640 0.05467820
v 0.02950543 0.01582568 0.05456167
v 0.02956897 0.01676487 0.05411243
v 0.02889955 0.01648640 0.05467820
v 0.02833938 0.01737165 0.05481553
v 0.02889955 0.01648640 0.05467820
v 0.02784538 0.01555347 0.05498033
v 0.02819401 0.01613456 0.05495023
v 0.03045564 0.01591396 0.05399292
v 0.02921181 0.01477932 0.05484187
v 0.02819401 0.01613456 0.05495023
v 0.03035855 0.01533144 0.05440044
v 0.03103578 0.01557004 0.05392295
v 0.02950543 0.01582568 0.05456167
v 0.03020286 0.01466012 0.05468416
v 0.03035855 0.01533144 0.05440044
v 0.02950543 0.01582568 0.05456167
v 0.03122973 0.01488852 0.05434888
v 0.02950543 0.01582568 0.05456167
v 0.03242081 0.01515352 0.05388170
v 0.03103578 0.01557004 0.05392295
v -0.00706697 -0.00755137 0.05296552
v -0.00733691 -0.00713420 0.05300003
v -0.00740707 -0.00716579 0.05294758
v -0.00733691 -0.00713420 0.05300003
v -0.00761628 -0.00661027 0.05302029
v -0.00740707 -0.00716579 0.05294758
v -0.00761628 -0.00661027 0.05302029
v -0.00749105 -0.00723642 0.05276584
v -0.00727832 -0.00764149 0.05267643
v -0.00664163 -0.00791478 0.05292952
v -0.00706697 -0.00755137 0.05296552
v -0.00727832 -0.00764149 0.05267643
v -0.00761628 -0.00661027 0.05302029
v -0.00706697 -0.00755137 0.05296552
v -0.00776178 -0.00578970 0.05308264
v -0.00776178 -0.00578970 0.05308264
v -0.00773269 -0.00520247 0.05316781
v -0.00781792 -0.00525266 0.05311554
v -0.00717622 -0.00321138 0.05330479
v -0.00601721 -0.00147581 0.05343985
v -0.00611621 -0.00135016 0.05323559
v -0.00781792 -0.00525266 0.05311554
v -0.00761628 -0.00661027 0.05302029
v -0.00776178 -0.00578970 0.05308264
v -0.00755310 -0.00412512 0.05325984
v -0.00595778 -0.00153637 0.05349034
v -0.00601721 -0.00147581 0.05343985
v -0.00755310 -0.00412512 0.05325984
v -0.00601721 -0.00147581 0.05343985
v -0.00717622 -0.00321138 0.05330479
v -0.00755310 -0.00412512 0.05325984
v -0.00459552 0.00028220 0.05359846
v -0.00463724 0.00013781 0.05362147
v -0.00459552 0.00028220 0.05359846
v -0.00343567 0.00213611 0.05381083
v -0.00346887 0.00215483 0.05379718
v -0.00349903 0.00220352 0.05376183
v -0.00463724 0.00013781 0.05362147
v -0.00349903 0.00220352 0.05376183
v -0.00463724 0.00013781 0.05362147
v -0.00343567 0.00213611 0.05381083
v -0.00349903 0.00220352 0.05376183
v -0.00291073 0.00608474 0.05411756
v -0.00293487 0.00620371 0.05412799
v -0.00291073 0.00608474 0.05411756
v -0.00293487 0.00620371 0.05412799
v -0.00294179 0.00339162 0.05392193
v -0.00288266 0.00362366 0.05394238
v -0.00307172 0.00309575 0.05387175
v -0.00287646 0.00608921 0.05414134
v -0.00290066 0.00620890 0.05415189
v -0.00293487 0.00620371 0.05412799
v -0.00294179 0.00339162 0.05392193
v -0.00288266 0.00362366 0.05394238
v -0.00291073 0.00608474 0.05411756
v -0.00294179 0.00339162 0.05392193
v -0.00288266 0.00362366 0.05394238
v -0.00287646 0.00608921 0.05414134
v -0.00290066 0.00620890 0.05415189
v -0.00283688 0.00611925 0.05416142
v -0.00290066 0.00620890 0.05415189
v -0.00287646 0.00608921 0.05414134
v -0.00277007 0.00484866 0.05403286
v -0.00302970 0.00636500 0.05404150
v -0.00286442 0.00486696 0.05393260
v -0.00291073 0.00608474 0.05411756
v -0.00277007 0.00484866 0.05403286
v -0.00310749 0.00287831 0.05387717
v -0.00294179 0.00339162 0.05392193
v -0.00307172 0.00309575 0.05387175
v -0.00277007 0.00484866 0.05403286
v -0.00310749 0.00287831 0.05387717
v -0.00307172 0.00309575 0.05387175
v -0.00314814 0.00289470 0.05386173
v -0.00310749 0.00287831 0.05387717
v -0.00287646 0.00608921 0.05414134
v -0.00310749 0.00287831 0.05387717
v -0.00294179 0.00339162 0.05392193
v -0.00277007 0.00484866 0.05403286
v -0.00272757 0.00480264 0.05404549
v -0.00277007 0.00484866 0.05403286
v -0.00310749 0.00287831 0.05387717
v -0.00347370 0.00771069 0.05423450
v -0.00347412 0.00771177 0.05423450
v -0.00347865 0.00771338 0.05422651
v -0.00272757 0.00480264 0.05404549
v -0.00319552 0.00276995 0.05385088
v -0.00314814 0.00289470 0.05386173
v -0.00307172 0.00309575 0.05387175
v -0.00272757 0.00480264 0.05404549
v -0.00277007 0.00484866 0.05403286
v -0.00286442 0.00486696 0.05393260
v -0.00345057 0.00771916 0.05426055
v -0.00345153 0.00772124 0.05426079
v -0.00347412 0.00771177 0.05423450
v -0.00347370 0.00771069 0.05423450
v -0.00319552 0.00276995 0.05385088
v -0.00314814 0.00289470 0.05386173
v -0.00319552 0.00276995 0.05385088
v -0.00345057 0.00771916 0.05426055
v -0.00345153 0.00772124 0.05426079
v -0.00341880 0.00773168 0.05428498
v -0.00342029 0.00773495 0.05428522
v -0.00345153 0.00772124 0.05426079
v -0.00315523 0.00275284 0.05386608
v -0.00345057 0.00771916 0.05426055
v -0.00315523 0.00275284 0.05386608
v -0.00341880 0.00773168 0.05428498
v -0.00342029 0.00773495 0.05428522
v -0.00315523 0.00275284 0.05386608
v -0.00307172 0.00309575 0.05387175
v -0.00272757 0.00480264 0.05404549
v -0.00286442 0.00486696 0.05393260
v -0.00338817 0.00778437 0.05430835
v -0.00342029 0.00773495 0.05428522
v -0.00341880 0.00773168 0.05428498
v -0.00293487 0.00620371 0.05412799
v -0.00302970 0.00636500 0.05404150
v -0.00293487 0.00620371 0.05412799
v -0.00307172 0.00309575 0.05387175
v -0.00346839 0.00215602 0.05379730
v -0.00349903 0.00220352 0.05376183
v -0.00346887 0.00215483 0.05379718
v -0.00307172 0.00309575 0.05387175
v -0.00346839 0.00215602 0.05379730
v -0.00319552 0.00276995 0.05385088
v -0.00307172 0.00309575 0.05387175
v -0.00346839 0.00215602 0.05379730
v -0.00346887 0.00215483 0.05379718
v -0.00343567 0.00213611 0.05381083
v -0.00346839 0.00215602 0.05379730
v -0.00346887 0.00215483 0.05379718
v -0.00291073 0.00608474 0.05411756
v -0.00293487 0.00620371 0.05412799
v -0.00302970 0.00636500 0.05404150
v -0.00435400 0.00916505 0.05441838
v -0.00435400 0.00916505 0.05441838
v -0.00347429 0.00771218 0.05423456
v -0.00347412 0.00771177 0.05423450
v -0.00435400 0.00916505 0.05441838
v -0.00427055 0.00893932 0.05434185
v -0.00347429 0.00771218 0.05423456
v -0.00435400 0.00916505 0.05441838
v -0.00435400 0.00916505 0.05441838
v -0.00427782 0.00894898 0.05434268
v -0.00522923 0.01004266 0.05443835
v -0.00533164 0.00996006 0.05421710
v -0.00440341 0.00890118 0.05413234
v -0.00427782 0.00894898 0.05434268
v -0.00522923 0.01004266 0.05443835
v -0.00427782 0.00894898 0.05434268
v -0.00522923 0.01004266 0.05443835
v -0.00427055 0.00893932 0.05434185
v -0.00427055 0.00893932 0.05434185
v -0.00347865 0.00771338 0.05422651
v -0.00347429 0.00771218 0.05423456
v -0.00427055 0.00893932 0.05434185
v -0.00347429 0.00771218 0.05423456
v -0.00522923 0.01004266 0.05443835
v -0.00435400 0.00916505 0.05441838
v -0.01534402 0.02011454 0.05538213
v -0.01534402 0.02011454 0.05538213
v -0.01555973 0.02015453 0.05538511
v -0.01545763 0.01990962 0.05508542
v -0.01534402 0.02011454 0.05538213
v -0.00812715 0.00553823 0.05406415
v -0.00878692 0.00629747 0.05416607
v -0.00841582 0.00585151 0.05413830
v -0.00812715 0.00553823 0.05406415
v -0.00831020 0.00593293 0.05401551
v -0.00878692 0.00629747 0.05416607
v -0.00794560 0.00490093 0.05402642
v -0.00812715 0.00553823 0.05406415
v -0.00799107 0.00414383 0.05393576
v -0.00794560 0.00490093 0.05402642
v -0.00795275 0.00469345 0.05402016
v -0.00821346 0.00367451 0.05394268
v -0.00795275 0.00469345 0.05402016
v -0.00803113 0.00424153 0.05398982
v -0.00821346 0.00367451 0.05394268
v -0.00799107 0.00414383 0.05393576
v -0.00795275 0.00469345 0.05402016
v -0.00814277 0.00364268 0.05386024
v -0.00799107 0.00414383 0.05393576
v -0.00821346 0.00367451 0.05394268
v -0.00870418 0.00273693 0.05381083
v -0.00878674 0.00279415 0.05387395
v -0.00874573 0.00276327 0.05385035
v -0.00870418 0.00273693 0.05381083
v -0.00870418 0.00273693 0.05381083
v -0.00821346 0.00367451 0.05394268
v -0.00878674 0.00279415 0.05387395
v -0.00878674 0.00279415 0.05387395
v -0.00821346 0.00367451 0.05394268
v -0.01155507 -0.00109571 0.05353504
v -0.00874591 0.00276309 0.05385035
v -0.00874573 0.00276327 0.05385035
v -0.00878674 0.00279415 0.05387395
v -0.00874591 0.00276309 0.05385035
v -0.00870418 0.00273693 0.05381083
v -0.00874573 0.00276327 0.05385035
v -0.00874591 0.00276309 0.05385035
v -0.00874573 0.00276327 0.05385035
v -0.01218479 -0.00213128 0.05343425
v -0.00878674 0.00279415 0.05387395
v -0.01148414 -0.00113386 0.05350935
v -0.01218479 -0.00213128 0.05343425
v -0.01148658 -0.00113761 0.05350893
v -0.01148414 -0.00113386 0.05350935
v -0.01148414 -0.00113386 0.05350935
v -0.00878674 0.00279415 0.05387395
v -0.01218479 -0.00213128 0.05343425
v -0.01148414 -0.00113386 0.05350935
v -0.01148658 -0.00113761 0.05350893
v -0.01145392 -0.00116551 0.05347341
v -0.01148414 -0.00113386 0.05350935
v -0.01148658 -0.00113761 0.05350893
v -0.01218479 -0.00213128 0.05343425
v -0.01269865 -0.00331974 0.05331498
v -0.01228111 -0.00243115 0.05335259
v -0.01300400 -0.00708693 0.05295038
v -0.01306664 -0.00711501 0.05299192
v -0.01302307 -0.00709742 0.05296427
v -0.01310122 -0.00710762 0.05300343
v -0.01310110 -0.00710857 0.05300325
v -0.01306664 -0.00711501 0.05299192
v -0.01308977 -0.00502533 0.05316960
v -0.01306664 -0.00711501 0.05299192
v -0.01300400 -0.00708693 0.05295038
v -0.01218479 -0.00213128 0.05343425
v -0.01228111 -0.00243115 0.05335259
v -0.01308977 -0.00502533 0.05316960
v -0.01253682 -0.00903356 0.05281817
v -0.01207697 -0.00973731 0.05273187
v -0.01250553 -0.00901610 0.05279636
v -0.01253682 -0.00903356 0.05281817
v -0.01252925 -0.00904870 0.05281686
v -0.01207697 -0.00973731 0.05273187
v -0.01302284 -0.00710088 0.05296397
v -0.01285803 -0.00808930 0.05287736
v -0.01283311 -0.00808132 0.05285263
v -0.01300400 -0.00708693 0.05295038
v -0.01253682 -0.00903356 0.05281817
v -0.01252925 -0.00904870 0.05281686
v -0.01253682 -0.00903356 0.05281817
v -0.01252925 -0.00904870 0.05281686
v -0.01302307 -0.00709742 0.05296427
v -0.01256787 -0.00906944 0.05283164
v -0.01202774 -0.00993520 0.05275607
v -0.01199305 -0.00990790 0.05274164
v -0.01302284 -0.00710088 0.05296397
v -0.01302307 -0.00709742 0.05296427
v -0.01306664 -0.00711501 0.05299192
v -0.01302284 -0.00710088 0.05296397
v -0.01302307 -0.00709742 0.05296427
v -0.01285803 -0.00808930 0.05287736
v -0.01252925 -0.00904870 0.05281686
v -0.01302284 -0.00710088 0.05296397
v -0.01285803 -0.00808930 0.05287736
v -0.01256787 -0.00906944 0.05283164
v -0.01202774 -0.00993520 0.05275607
v -0.01256787 -0.00906944 0.05283164
v -0.01202774 -0.00993520 0.05275607
v -0.01290977 -0.00805187 0.05290520
v -0.01285803 -0.00808930 0.05287736
v -0.01257550 -0.00905418 0.05283308
v -0.01253682 -0.00903356 0.05281817
v -0.01257550 -0.00905418 0.05283308
v -0.01256787 -0.00906944 0.05283164
v -0.01257550 -0.00905418 0.05283308
v -0.01310092 -0.00711006 0.05300325
v -0.01293361 -0.00811303 0.05291551
v -0.01290977 -0.00805187 0.05290520
v -0.01257550 -0.00905418 0.05283308
v -0.01306664 -0.00711501 0.05299192
v -0.01310110 -0.00710857 0.05300325
v -0.01310092 -0.00711006 0.05300325
v -0.01293361 -0.00811303 0.05291551
v -0.01310110 -0.00710857 0.05300325
v -0.01293361 -0.00811303 0.05291551
v -0.01283311 -0.00808132 0.05285263
v -0.01248270 -0.00900257 0.05277210
v -0.01281350 -0.00807470 0.05282443
v -0.01310092 -0.00711006 0.05300325
v -0.01310110 -0.00710857 0.05300325
v -0.01283288 -0.00808239 0.05285269
v -0.01248270 -0.00900257 0.05277210
v -0.01283288 -0.00808239 0.05285269
v -0.01194471 -0.00986755 0.05269634
v -0.01194334 -0.00986934 0.05269616
v -0.01188278 -0.00981879 0.05258202
v -0.01244133 -0.00899506 0.05272024
v -0.01194471 -0.00986755 0.05269634
v -0.01207697 -0.00973731 0.05273187
v -0.01194334 -0.00986934 0.05269616
v -0.01194471 -0.00986755 0.05269634
v -0.01194334 -0.00986934 0.05269616
v -0.01285737 -0.00809121 0.05287712
v -0.01248270 -0.00900257 0.05277210
v -0.01283288 -0.00808239 0.05285269
v -0.01199305 -0.00990790 0.05274164
v -0.01199221 -0.00990885 0.05274158
v -0.01207697 -0.00973731 0.05273187
v -0.01250547 -0.00901604 0.05279636
v -0.01199305 -0.00990790 0.05274164
v -0.01209729 -0.01001822 0.05276572
v -0.01199221 -0.00990885 0.05274158
v -0.01199305 -0.00990790 0.05274164
v -0.01199221 -0.00990885 0.05274158
v -0.01285737 -0.00809121 0.05287712
v -0.01250547 -0.00901604 0.05279636
v -0.01202774 -0.00993520 0.05275607
v -0.01209729 -0.01001822 0.05276572
v -0.01199305 -0.00990790 0.05274164
v -0.01285737 -0.00809121 0.05287712
v -0.01250553 -0.00901610 0.05279636
v -0.01250547 -0.00901604 0.05279636
v -0.01247519 -0.00901759 0.05277079
v -0.01285737 -0.00809121 0.05287712
v -0.01247519 -0.00901759 0.05277079
v -0.01289129 -0.00810230 0.05289965
v -0.01253682 -0.00903356 0.05281817
v -0.01290977 -0.00805187 0.05290520
v -0.01289129 -0.00810230 0.05289965
v -0.01248270 -0.00900257 0.05277210
v -0.01247519 -0.00901759 0.05277079
v -0.01247519 -0.00901759 0.05277079
v -0.01293313 -0.00811493 0.05291527
v -0.01289129 -0.00810230 0.05289965
v -0.01293313 -0.00811493 0.05291527
v -0.01247519 -0.00901759 0.05277079
v -0.01207697 -0.00973731 0.05273187
v -0.01293313 -0.00811493 0.05291527
v -0.01207697 -0.00973731 0.05273187
v -0.01293361 -0.00811303 0.05291551
v -0.01252925 -0.00904870 0.05281686
v -0.01199305 -0.00990790 0.05274164
v -0.01207697 -0.00973731 0.05273187
v -0.01293313 -0.00811493 0.05291527
v -0.01199305 -0.00990790 0.05274164
v -0.01300400 -0.00708693 0.05295038
v -0.01108729 -0.01089823 0.05263465
v -0.01207697 -0.00973731 0.05273187
v -0.01111215 -0.01092392 0.05265289
v -0.01108729 -0.01089823 0.05263465
v -0.01114171 -0.01095622 0.05266660
v -0.01041275 -0.01149541 0.05260276
v -0.00971997 -0.01192998 0.05256474
v -0.00967526 -0.01189661 0.05253112
v -0.01039171 -0.01145648 0.05258023
v -0.01041275 -0.01149541 0.05260276
v -0.00971997 -0.01192998 0.05256474
v -0.01041275 -0.01149541 0.05260276
v -0.01013994 -0.01178532 0.05260294
v -0.00971997 -0.01192998 0.05256474
v -0.01041275 -0.01149541 0.05260276
v -0.00971997 -0.01192998 0.05256474
v -0.01046603 -0.01145696 0.05260628
v -0.01046603 -0.01145696 0.05260628
v -0.01046603 -0.01145696 0.05260628
v -0.01046603 -0.01145696 0.05260628
v -0.00964308 -0.01197201 0.05256116
v -0.00830245 -0.01254653 0.05251306
v -0.01013994 -0.01178532 0.05260294
v -0.00830245 -0.01254653 0.05251306
v -0.00964308 -0.01197201 0.05256116
v -0.01111191 -0.01092416 0.05265289
v -0.01111191 -0.01092416 0.05265289
v -0.01013994 -0.01178532 0.05260294
v -0.01114171 -0.01095622 0.05266660
v -0.01209729 -0.01001822 0.05276572
v -0.00964308 -0.01197201 0.05256116
v -0.00964308 -0.01197201 0.05256116
v -0.00216532 -0.01305228 0.05245769
v 0.00009310 -0.01253443 0.05249333
v -0.00177562 -0.01280260 0.05224812
v -0.00162083 -0.01304799 0.05248522
v 0.00009310 -0.01253443 0.05249333
v -0.00216532 -0.01305228 0.05245769
v 0.00011027 -0.01263266 0.05252403
v -0.00216532 -0.01305228 0.05245769
v -0.00400174 -0.01315373 0.05245721
v -0.00162083 -0.01304799 0.05248522
v 0.00119549 -0.01210194 0.05254966
v 0.00206965 -0.01160043 0.05259352
v 0.00209582 -0.01153993 0.05257576
v 0.00119549 -0.01210194 0.05254966
v 0.00209582 -0.01153993 0.05257576
v 0.00125021 -0.01197659 0.05248457
v 0.00119549 -0.01210194 0.05254966
v 0.00206965 -0.01160043 0.05259352
v 0.00111049 -0.01220536 0.05256021
v 0.00206965 -0.01160043 0.05259352
v 0.00119549 -0.01210194 0.05254966
v 0.00209767 -0.01164263 0.05260831
v 0.00111890 -0.01213932 0.05254656
v 0.00111890 -0.01213932 0.05254656
v 0.00111890 -0.01213932 0.05254656
v 0.00119549 -0.01210194 0.05254966
v 0.00209582 -0.01153993 0.05257576
v 0.00289881 -0.01089674 0.05263191
v 0.00288135 -0.01087599 0.05260819
v 0.00288135 -0.01087599 0.05260819
v 0.00283670 -0.01081180 0.05250012
v 0.00203431 -0.01144593 0.05243802
v 0.00111890 -0.01213932 0.05254656
v 0.00292289 -0.01092392 0.05265289
v 0.00289881 -0.01089674 0.05263191
v 0.00213385 -0.01155710 0.05259746
v 0.00296497 -0.01096880 0.05266678
v 0.00009310 -0.01253443 0.05249333
v 0.00010762 -0.01255816 0.05250984
v 0.00010762 -0.01255816 0.05250984
v 0.00011027 -0.01263266 0.05252403
v 0.00010762 -0.01255816 0.05250984
v 0.00011027 -0.01263266 0.05252403
v 0.00010762 -0.01255816 0.05250984
v 0.00009310 -0.01253443 0.05249333
v 0.00213385 -0.01155710 0.05259746
v 0.00352752 -0.01017218 0.05266976
v 0.00405681 -0.00944436 0.05275899
v 0.00403476 -0.00942951 0.05273479
v 0.00352752 -0.01017218 0.05266976
v 0.00403476 -0.00942951 0.05273479
v 0.00351089 -0.01019299 0.05266797
v 0.00352752 -0.01017218 0.05266976
v 0.00378573 -0.00982291 0.05268090
v 0.00351089 -0.01019299 0.05266797
v 0.00351089 -0.01019299 0.05266797
v 0.00352752 -0.01017218 0.05266976
v 0.00354743 -0.01019018 0.05269366
v 0.00351089 -0.01019299 0.05266797
v 0.00354743 -0.01019018 0.05269366
v 0.00405681 -0.00944436 0.05275899
v 0.00354743 -0.01019018 0.05269366
v 0.00408894 -0.00945807 0.05278050
v 0.00405681 -0.00944436 0.05275899
v 0.00353092 -0.01021105 0.05269175
v 0.00353092 -0.01021105 0.05269175
v 0.00353092 -0.01021105 0.05269175
v 0.00354743 -0.01019018 0.05269366
v 0.00357485 -0.01021391 0.05271500
v 0.00353092 -0.01021105 0.05269175
v 0.00357485 -0.01021391 0.05271500
v 0.00408709 -0.00946379 0.05278056
v 0.00408894 -0.00945807 0.05278050
v 0.00357485 -0.01021391 0.05271500
v 0.00408709 -0.00946379 0.05278056
v 0.00357485 -0.01021391 0.05271500
v 0.00422788 -0.00936079 0.05281025
v 0.00355822 -0.01023477 0.05271321
v 0.00355822 -0.01023477 0.05271321
v 0.00404501 -0.00941563 0.05273509
v 0.00432563 -0.00854325 0.05263960
v 0.00378573 -0.00982291 0.05268090
v 0.00362128 -0.01026636 0.05273169
v 0.00355822 -0.01023477 0.05271321
v 0.00404501 -0.00941563 0.05273509
v 0.00445723 -0.00860637 0.05283206
v 0.00432563 -0.00854325 0.05263960
v 0.00403476 -0.00942951 0.05273479
v 0.00404501 -0.00941563 0.05273509
v 0.00378573 -0.00982291 0.05268090
v 0.00406665 -0.00942719 0.05276048
v 0.00288129 -0.01087594 0.05260831
v 0.00283670 -0.01081180 0.05250012
v 0.00288135 -0.01087599 0.05260819
v 0.00406665 -0.00942719 0.05276048
v 0.00462806 -0.00828195 0.05288702
v 0.00445723 -0.00860637 0.05283206
v 0.00288129 -0.01087594 0.05260831
v 0.00378573 -0.00982291 0.05268090
v 0.00283670 -0.01081180 0.05250012
v 0.00288129 -0.01087594 0.05260831
v 0.00351089 -0.01019299 0.05266797
v 0.00378573 -0.00982291 0.05268090
v 0.00406665 -0.00942719 0.05276048
v 0.00445723 -0.00860637 0.05283206
v 0.00288129 -0.01087594 0.05260831
v 0.00288135 -0.01087599 0.05260819
v 0.00288129 -0.01087594 0.05260831
v 0.00289893 -0.01089656 0.05263191
v 0.00405681 -0.00944436 0.05275899
v 0.00289893 -0.01089656 0.05263191
v 0.00289893 -0.01089656 0.05263191
v 0.00288129 -0.01087594 0.05260831
v 0.00288135 -0.01087599 0.05260819
v 0.00406665 -0.00942719 0.05276048
v 0.00288129 -0.01087594 0.05260831
v 0.00462806 -0.00828195 0.05288702
v 0.00406665 -0.00942719 0.05276048
v 0.00289893 -0.01089656 0.05263191
v 0.00289893 -0.01089656 0.05263191
v 0.00462806 -0.00828195 0.05288702
v 0.00289881 -0.01089674 0.05263191
v 0.00292307 -0.01092374 0.05265289
v 0.00289893 -0.01089656 0.05263191
v 0.00292307 -0.01092374 0.05265289
v 0.00292307 -0.01092374 0.05265289
v 0.00355822 -0.01023477 0.05271321
v 0.00292289 -0.01092392 0.05265289
v 0.00292307 -0.01092374 0.05265289
v 0.00352752 -0.01017218 0.05266976
v 0.00481498 -0.00793034 0.05293756
v 0.00462806 -0.00828195 0.05288702
v 0.00422788 -0.00936079 0.05281025
v 0.00481498 -0.00793034 0.05293756
v 0.00486082 -0.00715214 0.05297559
v 0.00462806 -0.00828195 0.05288702
v 0.00464976 -0.00765502 0.05274838
v 0.00486082 -0.00715214 0.05297559
v 0.00481498 -0.00793034 0.05293756
v 0.00497121 -0.00599861 0.05308902
v 0.00462806 -0.00828195 0.05288702
v 0.00486082 -0.00715214 0.05297559
v 0.00464976 -0.00765502 0.05274838
v 0.00462806 -0.00828195 0.05288702
v 0.00464976 -0.00765502 0.05274838
v 0.00445723 -0.00860637 0.05283206
v 0.00499046 0.00377446 0.05395209
v 0.00485510 0.00959760 0.05426418
v 0.00497121 -0.00599861 0.05308902
v 0.00496286 0.00932121 0.05441743
v 0.00501943 0.00995469 0.05447226
v 0.00520498 0.01038700 0.05453860
v 0.00519884 0.01085174 0.05435413
v 0.00519884 0.01085174 0.05435413
v 0.00572729 0.01126235 0.05460518
v 0.00561267 0.01140797 0.05438941
v 0.00537986 0.01087898 0.05454272
v 0.00496286 0.00932121 0.05441743
v 0.00537986 0.01087898 0.05454272
v 0.00520498 0.01038700 0.05453860
v 0.00572729 0.01126235 0.05460518
v 0.00537986 0.01087898 0.05454272
v 0.00641173 0.01173520 0.05462884
v 0.00709087 0.01193535 0.05464226
v 0.00595057 0.01153117 0.05457568
v 0.00572729 0.01126235 0.05460518
v 0.00641173 0.01173520 0.05462884
v 0.00595057 0.01153117 0.05457568
v 0.00572729 0.01126235 0.05460518
v 0.00620806 0.01156675 0.05464130
v 0.00641173 0.01173520 0.05462884
v 0.01052737 0.01169723 0.05464261
v 0.01046967 0.01188689 0.05443894
v 0.00982028 0.01206833 0.05446535
v 0.01112735 0.01124936 0.05461549
v 0.01117575 0.01130580 0.05456286
v 0.01052737 0.01169723 0.05464261
v 0.00886047 0.01202863 0.05466949
v 0.01052737 0.01169723 0.05464261
v 0.00982028 0.01206833 0.05446535
v 0.01112735 0.01124936 0.05461549
v 0.01153141 0.01074934 0.05456715
v 0.01117575 0.01130580 0.05456286
v 0.01185232 0.00982189 0.05447041
v 0.01208806 0.00977778 0.05419433
v 0.01195293 0.01035338 0.05425572
v 0.01153141 0.01074934 0.05456715
v 0.01192539 -0.01827728 0.05199104
v 0.01185232 0.00982189 0.05447041
v 0.01182931 -0.01825898 0.05203264
v 0.01192539 -0.01827728 0.05199104
v 0.01185232 0.00982189 0.05447041
v 0.01192539 -0.01827728 0.05199104
v 0.01182931 -0.01825898 0.05203264
v 0.01195263 -0.01840668 0.05200785
v 0.01195263 -0.01840668 0.05200785
v 0.01211977 -0.01820147 0.05175524
v 0.01192539 -0.01827728 0.05199104
v 0.01210969 -0.01842671 0.05195719
v 0.01195263 -0.01840668 0.05200785
v 0.01205670 -0.01849460 0.05200654
v 0.01692980 -0.01847273 0.05200028
v 0.01684260 -0.01823318 0.05175310
v 0.01210969 -0.01842671 0.05195719
v 0.01205670 -0.01849460 0.05200654
v 0.01708215 0.01012557 0.05450487
v 0.01697868 -0.01819217 0.05186164
v 0.01710999 -0.01837182 0.05201750
v 0.01701837 0.01081395 0.05456608
v 0.01629573 0.01302772 0.05476260
v 0.01660025 0.01222169 0.05465620
v 0.01579892 0.01377993 0.05482220
v 0.01455920 0.01498025 0.05491685
v 0.01505315 0.01442980 0.05472993
v 0.01385980 0.01539760 0.05493909
v 0.01257503 0.01601278 0.05501812
v 0.01240849 0.01590687 0.05476790
v 0.01455920 0.01498025 0.05491685
v 0.01257503 0.01601278 0.05501812
v 0.01385980 0.01539760 0.05493909
v 0.01063388 0.01636117 0.05487263
v 0.00787121 0.01661306 0.05504083
v 0.00845778 0.01649892 0.05485719
v 0.01067250 0.01649945 0.05506694
v 0.00766820 0.01667785 0.05508488
v 0.00787121 0.01661306 0.05504083
v 0.01067250 0.01649945 0.05506694
v 0.00787121 0.01661306 0.05504083
v 0.01063388 0.01636117 0.05487263
v 0.00766820 0.01667785 0.05508488
v 0.00563759 0.01638251 0.05504989
v 0.00787121 0.01661306 0.05504083
v 0.00323862 0.01568073 0.05500459
v 0.00329429 0.01558393 0.05497211
v 0.00337839 0.01555991 0.05491393
v 0.00323862 0.01568073 0.05500459
v 0.00246614 0.01509106 0.05492877
v 0.00329429 0.01558393 0.05497211
v 0.00431764 0.01600974 0.05501365
v 0.00323862 0.01568073 0.05500459
v 0.00337839 0.01555991 0.05491393
v 0.00245601 0.01502788 0.05489456
v 0.00166577 0.01442790 0.05487090
v 0.00167596 0.01436501 0.05482727
v 0.00240719 0.01504963 0.05492532
v 0.00240719 0.01504963 0.05492532
v 0.00160980 0.01443624 0.05488997
v 0.00166577 0.01442790 0.05487090
v 0.00240719 0.01504963 0.05492532
v 0.00166577 0.01442790 0.05487090
v 0.00323862 0.01568073 0.05500459
v 0.00160980 0.01443624 0.05488997
v 0.00240719 0.01504963 0.05492532
v 0.00246614 0.01509106 0.05492877
v 0.00246614 0.01509106 0.05492877
v 0.00246614 0.01509106 0.05492877
v 0.00240719 0.01504963 0.05492532
v 0.00246614 0.01509106 0.05492877
v 0.00323862 0.01568073 0.05500459
v 0.00240719 0.01504963 0.05492532
v 0.00337839 0.01555991 0.05491393
v 0.00329429 0.01558393 0.05497211
v 0.00329429 0.01558393 0.05497211
v 0.00110930 0.01370590 0.05476135
v 0.00058933 0.01295256 0.05473417
v 0.00110930 0.01370590 0.05476135
v 0.00160980 0.01443624 0.05488997
v 0.00110930 0.01370590 0.05476135
v 0.00058933 0.01295256 0.05473417
v 0.00008577 0.01182597 0.05465620
v 0.00036488 0.01214414 0.05446779
v 0.00008577 0.01182597 0.05465620
v -0.00016238 0.01045256 0.05450654
v 0.00002292 0.01096802 0.05437344
v 0.00008577 0.01182597 0.05465620
v -0.00027707 -0.00554347 0.05308187
v -0.00002247 0.00318289 0.05362093
v -0.00016238 0.01045256 0.05450654
v -0.00035170 -0.00555116 0.05313920
v -0.00027707 -0.00554347 0.05308187
v -0.00016238 0.01045256 0.05450654
v -0.00053340 -0.00673884 0.05300891
v -0.00082897 -0.00725794 0.05298352
v -0.00037311 -0.00674200 0.05280673
v -0.00034034 -0.00620258 0.05303251
v -0.00035170 -0.00555116 0.05313920
v -0.00045374 -0.00618696 0.05308794
v -0.00034034 -0.00620258 0.05303251
v -0.00082897 -0.00725794 0.05298352
v -0.00122553 -0.00769305 0.05294317
v -0.00114649 -0.00773603 0.05283850
v -0.00034034 -0.00620258 0.05303251
v -0.00045374 -0.00618696 0.05308794
v -0.00082897 -0.00725794 0.05298352
v -0.00053340 -0.00673884 0.05300891
v -0.00053340 -0.00673884 0.05300891
v -0.00161088 -0.00800711 0.05288016
v -0.00208336 -0.00818473 0.05290281
v -0.00336772 -0.00841558 0.05289351
v -0.00271356 -0.00839317 0.05285358
v -0.00161088 -0.00800711 0.05288016
v -0.00271356 -0.00839317 0.05285358
v -0.00200945 -0.00829470 0.05267554
v -0.00161088 -0.00800711 0.05288016
v -0.00208336 -0.00818473 0.05290281
v -0.00271356 -0.00839317 0.05285358
v -0.00271356 -0.00839317 0.05285358
v -0.00336772 -0.00841558 0.05289351
v -0.00401199 -0.00863463 0.05262094
v -0.00122553 -0.00769305 0.05294317
v -0.00208336 -0.00818473 0.05290281
v -0.00161088 -0.00800711 0.05288016
v -0.00593662 -0.00825936 0.05287683
v -0.00520235 -0.00841069 0.05287939
v -0.00664163 -0.00791478 0.05292952
v -0.00520235 -0.00841069 0.05287939
v -0.04042786 -0.01953208 0.03457731
v -0.03830504 -0.02407431 0.02567976
v -0.03804498 -0.02394771 0.03200715
v -0.04257732 -0.01508134 0.02936482
v -0.04272794 -0.01487421 0.02773785
v -0.04089766 -0.01941239 0.02589660
v -0.04074132 -0.01958507 0.02760696
v -0.03819257 -0.02350741 0.03462797
v -0.04244393 -0.01481246 0.03426504
v -0.00507116 -0.04504776 0.01695251
v -0.00501323 -0.04511910 0.01535940
v -0.04391431 -0.01075541 0.02944070
v -0.00498688 -0.04466372 0.02587664
v -0.00962216 -0.04437607 0.01563489
v -0.00960052 -0.04428225 0.01798003
v -0.01175630 -0.04385632 0.01606786
v -0.01466679 -0.04297775 0.01623702
v -0.00962216 -0.04437607 0.01563489
v -0.04362505 -0.01058071 0.03660893
v -0.04379618 -0.01033186 0.03421616
v -0.01175630 -0.04385632 0.01606786
v -0.01181477 -0.04362237 0.02081209
v -0.04437303 -0.00611377 0.03991311
v -0.04475820 -0.00606710 0.03135371
v -0.00942349 -0.04398298 0.02554130
v -0.01466679 -0.04297775 0.01623702
v -0.04511278 -0.00120038 0.03329634
v -0.01687216 -0.04215228 0.01674360
v -0.01938408 -0.04106146 0.01701951
v -0.01466679 -0.04297775 0.01623702
v -0.04509198 0.00095236 0.03424465
v -0.04492461 0.00369692 0.03530496
v -0.04511278 -0.00120038 0.03329634
v -0.01681995 -0.04199957 0.02043342
v -0.01687216 -0.04215228 0.01674360
v -0.01445573 -0.04266041 0.02464270
v -0.04509198 0.00095236 0.03424465
v -0.04492461 0.00369692 0.03530496
v -0.04471898 0.00551802 0.03610748
v -0.04422944 0.00850695 0.03729099
v -0.04492461 0.00369692 0.03530496
v -0.01938408 -0.04106146 0.01701951
v -0.02137368 -0.03993332 0.01995378
v -0.02360653 -0.03877776 0.01794159
v -0.02161020 -0.03993391 0.01747161
v -0.04411888 0.00884980 0.03822749
v -0.04422944 0.00850695 0.03729099
v -0.04471898 0.00551802 0.03610748
v -0.04461437 0.00367552 0.04245650
v -0.04393655 0.00898814 0.04151809
v -0.01919353 -0.04066926 0.02703374
v -0.04302805 0.01301103 0.03988307
v -0.04299145 0.01327615 0.03921663
v -0.00944197 -0.04355144 0.03496581
v -0.04110157 0.01774406 0.04510879
v -0.04126828 0.01780688 0.04107522
v -0.02530992 -0.03767412 0.01856303
v -0.02795338 -0.03575515 0.01916265
v -0.02360653 -0.03877776 0.01794159
v -0.02122676 -0.03961420 0.02799075
v -0.02530992 -0.03767412 0.01856303
v -0.03923445 0.02182745 0.04270738
v -0.03661203 0.02590250 0.04436939
v -0.02795338 -0.03575515 0.01916265
v -0.03369051 0.02955418 0.04584980
v -0.02902758 -0.03487449 0.01970469
v -0.03178024 -0.03237450 0.02052474
v -0.02795338 -0.03575515 0.01916265
v -0.03044152 0.03282850 0.04718339
v -0.02840965 -0.03526479 0.02168083
v -0.02902758 -0.03487449 0.01970469
v -0.02669483 0.03589719 0.04843431
v -0.02278053 0.03845316 0.04947221
v -0.01856261 0.04062110 0.05032950
v -0.03200650 -0.03212881 0.02111482
v -0.03178024 -0.03237450 0.02052474
v -0.01410531 0.04234176 0.05103784
v -0.00943696 0.04359418 0.05155998
v -0.00500208 0.04430526 0.05181062
v -0.03383272 -0.03020995 0.02140790
v -0.01904034 -0.04033917 0.03537029
v -0.03158950 -0.03237861 0.02367728
v -0.03579252 -0.02782344 0.02240556
v -0.03559404 -0.02801460 0.02358436
v -0.02878153 -0.03448915 0.03008478
v -0.02342903 -0.03795570 0.03617900
v -0.03351080 -0.03002923 0.02959531
v -0.02750957 -0.03515249 0.03630912
v -0.03544163 -0.02794891 0.02704906
v -0.03160905 -0.03189778 0.03122520
v -0.03833580 -0.02415591 0.02413976
v -0.03861206 -0.02369719 0.02408897
v -0.03579252 -0.02782344 0.02240556
v -0.03833580 -0.02415591 0.02413976
v -0.03521591 -0.02796804 0.03064358
v -0.03338736 -0.02991676 0.03342145
v -0.03861206 -0.02369719 0.02408897
v -0.03328233 -0.02982103 0.03667443
v -0.03572857 0.02029746 0.05349272
v -0.03485792 0.02091306 0.05337595
v -0.03521943 0.02113109 0.05363553
v -0.03558379 0.01967221 0.05319237
v -0.03526592 0.02229779 0.05378502
v -0.03514385 0.02304351 0.05370181
v -0.03647989 0.02113306 0.05329173
v -0.03619819 0.02020710 0.05351382
v -0.03572857 0.02029746 0.05349272
v -0.03521943 0.02113109 0.05363553
v -0.03566241 0.02146196 0.05366331
v -0.03566241 0.02146196 0.05366331
v -0.03653883 0.02006626 0.05346465
v -0.03620111 0.01886039 0.05341625
v -0.03558379 0.01967221 0.05319237
v -0.03572857 0.02029746 0.05349272
v -0.03653883 0.02006626 0.05346465
v -0.03620111 0.01886039 0.05341625
v -0.03620111 0.01886039 0.05341625
v -0.03572714 0.01835185 0.05313247
v -0.03558379 0.01967221 0.05319237
v -0.03751230 0.01868653 0.05317783
v -0.03671681 0.01857078 0.05350726
v -0.03671681 0.01857078 0.05350726
v -0.03616476 0.01768487 0.05351847
v -0.03572714 0.01835185 0.05313247
v -0.03620111 0.01886039 0.05341625
v -0.03714537 0.01808542 0.05349099
v -0.03681159 0.01758372 0.05362671
v -0.03620111 0.01886039 0.05341625
v -0.03671681 0.01857078 0.05350726
v -0.03556066 0.01732355 0.05324667
v -0.03092432 0.02298539 0.05518811
v -0.03714537 0.01808542 0.05349099
v -0.03681159 0.01758372 0.05362671
v -0.03196758 0.02242851 0.05439072
v -0.03616476 0.01768487 0.05351847
v -0.03599053 0.01685190 0.05368900
v -0.03506225 0.01626491 0.05350726
v -0.03023988 0.02344024 0.05554109
v -0.03092432 0.02298539 0.05518811
v -0.03599053 0.01685190 0.05368900
v -0.03653895 0.01618617 0.05393415
v -0.03580296 0.01629495 0.05383157
v -0.03695529 0.01606941 0.05390787
v -0.03653895 0.01618617 0.05393415
v -0.03580296 0.01629495 0.05383157
v -0.03264999 0.02305078 0.05464977
v -0.03296852 0.02342331 0.05467122
v -0.03148794 0.02405929 0.05529427
v -0.03589838 0.01531785 0.05422008
v -0.03264999 0.02305078 0.05464977
v -0.03148794 0.02405929 0.05529427
v -0.03589838 0.01531785 0.05422008
v -0.03530341 0.01543265 0.05413329
v -0.03530341 0.01543265 0.05413329
v -0.03435748 0.01550531 0.05378699
v -0.03445881 0.01483297 0.05430400
v -0.03322577 0.02261430 0.05430775
v -0.03196758 0.02242851 0.05439072
v -0.03264999 0.02305078 0.05464977
v -0.03559875 0.01419609 0.05454266
v -0.03380203 0.02358627 0.05435937
v -0.03296852 0.02342331 0.05467122
v -0.03148794 0.02405929 0.05529427
v -0.03663635 0.01423710 0.05427420
v -0.03737521 0.01543706 0.05383229
v -0.03445881 0.01483297 0.05430400
v -0.03349113 0.02437251 0.05440044
v -0.03380203 0.02358627 0.05435937
v -0.03315997 0.02206021 0.05390453
v -0.03322577 0.02261430 0.05430775
v -0.03422302 0.02201896 0.05392390
v -0.03322577 0.02261430 0.05430775
v -0.03456640 0.02274578 0.05405092
v -0.03433364 0.02231884 0.05402916
v -0.03422302 0.02201896 0.05392390
v -0.03322577 0.02261430 0.05430775
v -0.03311473 0.01465368 0.05429321
v -0.03456640 0.02274578 0.05405092
v -0.03456640 0.02274578 0.05405092
v -0.03433364 0.02231884 0.05402916
v -0.03322577 0.02261430 0.05430775
v -0.03495073 0.01314198 0.05470180
v -0.03663635 0.01423710 0.05427420
v -0.03592103 0.01368945 0.05449676
v -0.03495073 0.01314198 0.05470180
v -0.03445816 0.01375120 0.05469781
v -0.03456640 0.02274578 0.05405092
v -0.03526592 0.02229779 0.05378502
v -0.03559875 0.01419609 0.05454266
v -0.03566241 0.02146196 0.05366331
v -0.03521943 0.02113109 0.05363553
v -0.03422302 0.02201896 0.05392390
v 0.00191420 -0.03440845 0.04949826
v 0.00072333 -0.03401535 0.04962730
v 0.00050502 -0.03416800 0.04913771
v 0.00169200 -0.03453242 0.04897117
v 0.00103587 -0.03384345 0.04995608
v 0.00072333 -0.03401535 0.04962730
v 0.00191420 -0.03440845 0.04949826
v 0.00263751 -0.03459423 0.04967039
v 0.00103587 -0.03384345 0.04995608
v 0.00191420 -0.03440845 0.04949826
v 0.00207806 -0.03375816 0.05025458
v 0.00032032 -0.03356313 0.05016833
v 0.00207806 -0.03375816 0.05025458
v 0.00103587 -0.03384345 0.04995608
v 0.00263751 -0.03459423 0.04967039
v 0.00191420 -0.03440845 0.04949826
v 0.00169200 -0.03453242 0.04897117
v 0.00264871 -0.03516656 0.04869413
v 0.00207806 -0.03375816 0.05025458
v 0.00044537 -0.03304028 0.05051451
v 0.00032032 -0.03356313 0.05016833
v 0.00007653 -0.03252518 0.05068325
v 0.00044537 -0.03304028 0.05051451
v 0.00207806 -0.03375816 0.05025458
v 0.00207806 -0.03375816 0.05025458
v 0.00301743 -0.03409379 0.05019181
v 0.00296330 -0.03520679 0.04911160
v 0.00296330 -0.03520679 0.04911160
v 0.00263751 -0.03459423 0.04967039
v 0.00191420 -0.03440845 0.04949826
v -0.00435972 -0.03855246 0.04600030
v -0.00444770 -0.03740018 0.04763644
v -0.00435972 -0.03855246 0.04600030
v -0.00415313 -0.03717088 0.04725754
v -0.00461662 -0.03888130 0.04629445
v 0.00408518 -0.03563094 0.04941278
v 0.00207806 -0.03375816 0.05025458
v 0.00263751 -0.03459423 0.04967039
v -0.00477880 -0.03751748 0.04792588
v -0.00493789 -0.03904533 0.04659932
v -0.00461662 -0.03888130 0.04629445
v 0.00371718 -0.03601115 0.04882282
v 0.00340813 -0.03605258 0.04813611
v -0.00501108 -0.03684997 0.04871559
v -0.00493789 -0.03904533 0.04659932
v -0.00477880 -0.03751748 0.04792588
v -0.00375980 -0.03622734 0.04801911
v 0.00263751 -0.03459423 0.04967039
v -0.00550604 -0.03717797 0.04863357
v -0.00586373 -0.03929322 0.04693979
v -0.00501108 -0.03684997 0.04871559
v -0.00400633 -0.03589528 0.04896491
v 0.00439119 -0.03545439 0.04961067
v -0.00360876 -0.03560608 0.04891157
v -0.00400633 -0.03589528 0.04896491
v -0.00375980 -0.03622734 0.04801911
v -0.00400633 -0.03589528 0.04896491
v -0.00586373 -0.03929322 0.04693979
v 0.00371718 -0.03601115 0.04882282
v 0.00405741 -0.03697007 0.04798501
v 0.00371718 -0.03601115 0.04882282
v 0.00340813 -0.03605258 0.04813611
v -0.00322461 -0.03548765 0.04850602
v 0.00448245 -0.03730767 0.04809856
v -0.00364828 -0.03455591 0.04999232
v 0.00485223 -0.03741836 0.04829400
v 0.00448245 -0.03730767 0.04809856
v -0.00247967 -0.03481853 0.04886919
v 0.00386763 -0.03713148 0.04727685
v -0.00311881 -0.03478282 0.04959130
v -0.00501108 -0.03684997 0.04871559
v 0.00520468 -0.03710079 0.04868221
v -0.00251800 -0.03451567 0.04957228
v -0.00311881 -0.03478282 0.04959130
v -0.00360876 -0.03560608 0.04891157
v -0.00251800 -0.03451567 0.04957228
v 0.00428277 -0.03844285 0.04660362
v 0.00386763 -0.03713148 0.04727685
v 0.00403511 -0.03807812 0.04630482
v 0.00405741 -0.03697007 0.04798501
v -0.00139380 -0.03409564 0.04960697
v -0.00247967 -0.03481853 0.04886919
v -0.00114030 -0.03423023 0.04911148
v 0.00428277 -0.03844285 0.04660362
v -0.00251800 -0.03451567 0.04957228
v 0.00448245 -0.03730767 0.04809856
v 0.00428277 -0.03844285 0.04660362
v 0.00465912 -0.03893852 0.04668045
v 0.00465912 -0.03893852 0.04668045
v 0.00523019 -0.04039222 0.04580324
v 0.00593048 -0.03780549 0.04822915
v 0.00564468 -0.03922653 0.04701417
v 0.00523019 -0.04039222 0.04580324
v -0.00126934 -0.03349679 0.05026000
v -0.00126934 -0.03349679 0.05026000
v -0.00139380 -0.03409564 0.04960697
v -0.00114030 -0.03423023 0.04911148
v -0.00031847 -0.03412091 0.04915595
v -0.00093031 -0.03367424 0.05007064
v -0.00093031 -0.03367424 0.05007064
v -0.00251800 -0.03451567 0.04957228
v -0.00034933 -0.03392380 0.04966455
v -0.00093031 -0.03367424 0.05007064
v -0.00139380 -0.03409564 0.04960697
v -0.00034933 -0.03392380 0.04966455
v -0.00034933 -0.03392380 0.04966455
v -0.00031847 -0.03412091 0.04915595
v 0.00050502 -0.03416800 0.04913771
v 0.00072333 -0.03401535 0.04962730
v -0.00112176 -0.03299713 0.05053877
v -0.00093031 -0.03367424 0.05007064
v -0.00112176 -0.03299713 0.05053877
v -0.00548697 -0.04036903 0.04582780
v -0.00501746 -0.04000967 0.04589319
v -0.00493789 -0.03904533 0.04659932
v -0.00548697 -0.04036903 0.04582780
v -0.00501746 -0.04000967 0.04589319
v -0.00492668 -0.04154682 0.04456228
v -0.00435972 -0.03855246 0.04600030
v -0.00422203 -0.03913074 0.04548758
v -0.00414813 -0.03792774 0.04554170
v -0.00457501 -0.03965902 0.04575687
v -0.00461662 -0.03888130 0.04629445
v -0.00501746 -0.04000967 0.04589319
v -0.00457501 -0.03965902 0.04575687
v -0.00435972 -0.03855246 0.04600030
v -0.00461662 -0.03888130 0.04629445
v -0.00482029 -0.04120486 0.04494422
v -0.00458717 -0.04030364 0.04547160
v -0.00458717 -0.04030364 0.04547160
v -0.00482029 -0.04120486 0.04494422
v -0.00460243 -0.04166311 0.04442310
v -0.00422203 -0.03913074 0.04548758
v -0.00433183 -0.04071593 0.04518944
v -0.00458717 -0.04030364 0.04547160
v -0.00482029 -0.04120486 0.04494422
v -0.00421041 -0.04130113 0.04484546
v -0.00434655 -0.04100316 0.04505968
v -0.00433183 -0.04071593 0.04518944
v -0.00482029 -0.04120486 0.04494422
v -0.00407928 -0.04175192 0.04437202
v -0.00435579 -0.04024565 0.04537642
v -0.00406617 -0.04021126 0.04527187
v -0.00422203 -0.03913074 0.04548758
v -0.00435579 -0.04024565 0.04537642
v -0.00422203 -0.03913074 0.04548758
v -0.00457501 -0.03965902 0.04575687
v -0.00435579 -0.04024565 0.04537642
v -0.00421041 -0.04130113 0.04484546
v -0.00434655 -0.04100316 0.04505968
v -0.00482029 -0.04120486 0.04494422
v -0.00433183 -0.04071593 0.04518944
v -0.00404507 -0.04048717 0.04522871
v -0.00433183 -0.04071593 0.04518944
v -0.00434655 -0.04100316 0.04505968
v -0.00406617 -0.04021126 0.04527187
v -0.00394130 -0.04069262 0.04516512
v -0.00394130 -0.04069262 0.04516512
v -0.00404507 -0.04048717 0.04522871
v -0.00434655 -0.04100316 0.04505968
v -0.00404507 -0.04048717 0.04522871
v -0.00406617 -0.04021126 0.04527187
v -0.00433183 -0.04071593 0.04518944
v -0.00112235 -0.04138261 0.04490333
v -0.00028530 -0.04140156 0.04487335
v 0.00210977 -0.04134947 0.04488521
v 0.00378060 -0.04128497 0.04485505
v 0.00257742 -0.04119688 0.04496812
v 0.00191420 -0.04144948 0.04482245
v -0.00307459 -0.04140275 0.04482078
v -0.00112235 -0.04138261 0.04490333
v -0.00197118 -0.04110568 0.04505908
v -0.00307459 -0.04140275 0.04482078
v -0.00394130 -0.04069262 0.04516512
v -0.00421041 -0.04130113 0.04484546
v -0.00275981 -0.04052966 0.04522353
v 0.00368190 -0.04087460 0.04510986
v 0.00181454 -0.04093933 0.04509985
v -0.00197118 -0.04110568 0.04505908
v 0.00135761 -0.04126679 0.04496455
v 0.00246477 -0.04045778 0.04522848
v 0.00368190 -0.04087460 0.04510986
v 0.00366241 -0.04034245 0.04523855
v 0.00181454 -0.04093933 0.04509985
v 0.00015928 -0.04147446 0.04484248
v 0.00015928 -0.04147446 0.04484248
v -0.03468817 0.01815348 0.05215036
v -0.03474849 0.01878619 0.05215156
v -0.03572714 0.01835185 0.05313247
v -0.03439205 0.01753389 0.05215412
v -0.03556066 0.01732355 0.05324667
v -0.03389596 0.01712137 0.05215036
v -0.03506225 0.01626491 0.05350726
v -0.03328931 0.01689445 0.05214160
v -0.03389596 0.01712137 0.05215036
v -0.03328931 0.01689445 0.05214160
v -0.03260606 0.01695156 0.05215036
v -0.03328931 0.01689445 0.05214160
v -0.03201913 0.01722353 0.05215018
v -0.03260606 0.01695156 0.05215036
v -0.03147560 0.01790368 0.05214774
v -0.03201913 0.01722353 0.05215018
v -0.03132259 0.01554751 0.05394160
v -0.03134924 0.01885294 0.05216306
v -0.03147560 0.01790368 0.05214774
v -0.02915197 0.01843518 0.05433303
v -0.02971220 0.01696610 0.05414170
v -0.03327029 0.02029621 0.05215620
v -0.03239327 0.02017617 0.05214810
v -0.03041756 0.02011120 0.05348569
v -0.03152847 0.02122211 0.05348569
v -0.03152847 0.02122211 0.05348569
v -0.03239327 0.02017617 0.05214810
v -0.03168714 0.01963597 0.05214339
v -0.03152847 0.02122211 0.05348569
v -0.03168714 0.01963597 0.05214339
v -0.03134924 0.01885294 0.05216306
v -0.03134924 0.01885294 0.05216306
v 0.00438112 -0.04138892 0.04475164
v 0.00436449 -0.04107809 0.04503059
v 0.00392771 -0.04079967 0.04513835
v 0.00392771 -0.04079967 0.04513835
v 0.00552177 -0.04083633 0.04536819
v 0.00436449 -0.04107809 0.04503059
v 0.00378078 -0.04038649 0.04524064
v 0.00420332 -0.04065233 0.04526060
v 0.00523019 -0.04039222 0.04580324
v 0.00420332 -0.04065233 0.04526060
v 0.00523019 -0.04039222 0.04580324
v 0.00420332 -0.04065233 0.04526060
v 0.00436449 -0.04107809 0.04503059
v 0.00448966 -0.04009675 0.04569244
v 0.00417727 -0.03971481 0.04559433
v 0.00392944 -0.03938192 0.04542928
v 0.00378078 -0.04038649 0.04524064
v 0.00417727 -0.03971481 0.04559433
v 0.00483686 -0.03976529 0.04614585
v 0.00523019 -0.04039222 0.04580324
v 0.00465912 -0.03893852 0.04668045
v 0.00483686 -0.03976529 0.04614585
v 0.00448966 -0.04009675 0.04569244
v 0.00523019 -0.04039222 0.04580324
v 0.00417727 -0.03971481 0.04559433
v 0.00420332 -0.04065233 0.04526060
v 0.00448966 -0.04009675 0.04569244
v 0.00483686 -0.03976529 0.04614585
v 0.00448966 -0.04009675 0.04569244
v 0.00483686 -0.03976529 0.04614585
v 0.00428277 -0.03844285 0.04660362
v 0.00448966 -0.04009675 0.04569244
v 0.00417727 -0.03971481 0.04559433
v 0.00403511 -0.03807812 0.04630482
v 0.00387752 -0.03793758 0.04555130
v 0.00387752 -0.03793758 0.04555130
v 0.00403511 -0.03807812 0.04630482
v 0.03476935 0.02123790 0.05365008
v 0.03439772 0.02108687 0.05341404
v 0.03561019 0.02016413 0.05350375
v 0.03579390 0.02104371 0.05353802
v 0.03635931 0.02072006 0.05329269
v 0.03507137 0.02289581 0.05361366
v 0.03631150 0.02002334 0.05344855
v 0.03478878 0.02194404 0.05383038
v 0.03476935 0.02123790 0.05365008
v 0.03561019 0.02016413 0.05350375
v 0.03387051 0.02207875 0.05395382
v 0.03579390 0.02104371 0.05353802
v 0.03478878 0.02194404 0.05383038
v 0.03561019 0.02016413 0.05350375
v 0.03476935 0.02123790 0.05365008
v 0.03478878 0.02194404 0.05383038
v 0.03387051 0.02207875 0.05395382
v 0.03476935 0.02123790 0.05365008
v 0.03358507 0.02264881 0.05420821
v 0.03387051 0.02207875 0.05395382
v 0.03281944 0.02207642 0.05393487
v 0.03380215 0.02156877 0.05359721
v 0.03400707 0.02310746 0.05416482
v 0.03478878 0.02194404 0.05383038
v 0.03579390 0.02104371 0.05353802
v 0.03400707 0.02310746 0.05416482
v 0.03269314 0.02290678 0.05450987
v 0.03390145 0.01478672 0.05429542
v 0.03390145 0.01478672 0.05429542
v 0.03400707 0.02310746 0.05416482
v 0.03358507 0.02264881 0.05420821
v 0.03478878 0.02194404 0.05383038
v 0.03269314 0.02290678 0.05450987
v 0.03387051 0.02207875 0.05395382
v 0.03269314 0.02290678 0.05450987
v 0.03193801 0.02234220 0.05428832
v 0.03281944 0.02207642 0.05393487
v 0.03461259 0.01450729 0.05448651
v 0.03461259 0.01450729 0.05448651
v 0.03106212 0.02242177 0.05462759
v 0.03490734 0.01403737 0.05461609
v 0.03512930 0.01573067 0.05398374
v 0.03512930 0.01573067 0.05398374
v 0.03076928 0.02305942 0.05518436
v 0.03545713 0.01355046 0.05455553
v 0.03395467 0.01282542 0.05474483
v 0.03457731 0.01310348 0.05471146
v 0.03479576 0.01630061 0.05350309
v 0.03026223 0.02258741 0.05512338
v 0.03593462 0.01626396 0.05390775
v 0.03561455 0.01681542 0.05365395
v 0.03512930 0.01573067 0.05398374
v 0.03093910 0.02382326 0.05533879
v 0.03669691 0.01650995 0.05380886
v 0.03593462 0.01626396 0.05390775
v 0.03076928 0.02305942 0.05518436
v 0.03622448 0.01527965 0.05416852
v 0.03534162 0.01756513 0.05320948
v 0.03561455 0.01681542 0.05365395
v 0.03669691 0.01650995 0.05380886
v 0.03009408 0.02357423 0.05553919
v 0.02992767 0.02313095 0.05545467
v 0.03026223 0.02258741 0.05512338
v 0.03583931 0.01783454 0.05347687
v 0.03627425 0.01796591 0.05356025
v 0.03583931 0.01783454 0.05347687
v 0.03561455 0.01681542 0.05365395
v 0.03593462 0.01626396 0.05390775
v 0.03627425 0.01796591 0.05356025
v 0.03547281 0.01884239 0.05314368
v 0.03534162 0.01756513 0.05320948
v 0.03583931 0.01783454 0.05347687
v 0.03581523 0.01896524 0.05339640
v 0.03671801 0.01789766 0.05355989
v 0.03671801 0.01789766 0.05355989
v 0.03581523 0.01896524 0.05339640
v 0.03515660 0.02003717 0.05321824
v 0.03547281 0.01884239 0.05314368
v 0.03581523 0.01896524 0.05339640
v 0.03612726 0.01909685 0.05348193
v 0.03659445 0.01910150 0.05344724
v 0.03714960 0.01549857 0.05381143
v 0.03659445 0.01910150 0.05344724
v 0.03612726 0.01909685 0.05348193
v 0.03561019 0.02016413 0.05350375
v 0.03561019 0.02016413 0.05350375
v 0.03739738 0.01851129 0.05308955
v 0.03561019 0.02016413 0.05350375
v 0.03579390 0.02104371 0.05353802
v 0.03515660 0.02003717 0.05321824
v 0.03119450 0.01926821 0.05215054
v 0.03173702 0.01995790 0.05214768
v 0.03125458 0.02122128 0.05348461
v 0.02973759 0.01859349 0.05348461
v 0.03107094 0.01836276 0.05215227
v 0.03119450 0.01926821 0.05215054
v 0.02973759 0.01859349 0.05348461
v 0.03142184 0.01753997 0.05214846
v 0.03107094 0.01836276 0.05215227
v 0.02973759 0.01859349 0.05348461
v 0.03211849 0.01701128 0.05215269
v 0.03142184 0.01753997 0.05214846
v 0.03103578 0.01557004 0.05392295
v 0.02956897 0.01676487 0.05411243
v 0.03045564 0.01591396 0.05399292
v 0.03103578 0.01557004 0.05392295
v 0.02956897 0.01676487 0.05411243
v 0.03211849 0.01701128 0.05215269
v 0.03295624 0.01688849 0.05215674
v 0.03173702 0.01995790 0.05214768
v 0.03259915 0.02029997 0.05213755
v -0.00676399 -0.00806487 0.05264729
v -0.00771487 -0.00679028 0.05278927
v -0.00789613 -0.00578952 0.05287688
v -0.00761628 -0.00661027 0.05302029
v -0.00781792 -0.00525266 0.05311554
v -0.00789613 -0.00578952 0.05287688
v -0.00781792 -0.00525266 0.05311554
v -0.00789910 -0.00507235 0.05296570
v -0.00789910 -0.00507235 0.05296570
v -0.00781792 -0.00525266 0.05311554
v -0.00775790 -0.00436604 0.05304861
v -0.00755310 -0.00412512 0.05325984
v -0.00775790 -0.00436604 0.05304861
v -0.00755310 -0.00412512 0.05325984
v -0.00717622 -0.00321138 0.05330479
v -0.00708169 -0.00281727 0.05317097
v -0.00708169 -0.00281727 0.05317097
v -0.00473857 0.00039947 0.05337584
v -0.00307852 0.00367498 0.05372798
v -0.00307852 0.00367498 0.05372798
v -0.00307172 0.00309575 0.05387175
v -0.00286442 0.00486696 0.05393260
v -0.01875913 0.01664942 0.05483293
v -0.01555973 0.02015453 0.05538511
v -0.01902794 0.01655906 0.05506539
v -0.00869876 0.00643647 0.05396115
v -0.01872962 0.01650643 0.05479454
v -0.00878692 0.00629747 0.05416607
v -0.01902794 0.01655906 0.05506539
v -0.00831020 0.00593293 0.05401551
v -0.00812715 0.00553823 0.05406415
v -0.00794560 0.00490093 0.05402642
v -0.00785983 0.00495684 0.05386435
v -0.00785983 0.00495684 0.05386435
v -0.00794560 0.00490093 0.05402642
v -0.00784475 0.00454515 0.05382823
v -0.00784475 0.00454515 0.05382823
v -0.00794560 0.00490093 0.05402642
v -0.00799107 0.00414383 0.05393576
v -0.01228111 -0.00243115 0.05335259
v -0.01269865 -0.00331974 0.05331498
v -0.01283085 -0.00422585 0.05306094
v -0.01283085 -0.00422585 0.05306094
v -0.01269865 -0.00331974 0.05331498
v -0.01308977 -0.00502533 0.05316960
v -0.01274091 -0.00804490 0.05269992
v -0.00967526 -0.01189661 0.05253112
v -0.00830245 -0.01254653 0.05251306
v -0.00825268 -0.01241290 0.05233389
v -0.00964987 -0.01179575 0.05239850
v -0.01039171 -0.01145648 0.05258023
v -0.00637853 -0.01300364 0.05247116
v -0.00411230 -0.01301485 0.05228245
v -0.00644398 -0.01283168 0.05225813
v -0.00177562 -0.01280260 0.05224812
v 0.00464976 -0.00765502 0.05274838
v 0.00497121 -0.00599861 0.05308902
v 0.00474369 -0.00681639 0.05276381
v 0.00464976 -0.00765502 0.05274838
v 0.00474369 -0.00681639 0.05276381
v 0.00500387 0.01039755 0.05431163
v 0.00485510 0.00959760 0.05426418
v 0.00501943 0.00995469 0.05447226
v 0.00500387 0.01039755 0.05431163
v 0.00501943 0.00995469 0.05447226
v 0.00709087 0.01193535 0.05464226
v 0.00886047 0.01202863 0.05466949
v 0.00878519 0.01216751 0.05449330
v 0.00613642 0.01175814 0.05445647
v 0.00641173 0.01173520 0.05462884
v 0.00709087 0.01193535 0.05464226
v 0.00595057 0.01153117 0.05457568
v 0.00641173 0.01173520 0.05462884
v 0.00613642 0.01175814 0.05445647
v 0.00561267 0.01140797 0.05438941
v 0.00595057 0.01153117 0.05457568
v 0.00613642 0.01175814 0.05445647
v 0.01090019 0.01169544 0.05440151
v 0.01052737 0.01169723 0.05464261
v 0.01117575 0.01130580 0.05456286
v 0.01090019 0.01169544 0.05440151
v 0.00982028 0.01206833 0.05446535
v 0.01150274 0.01106536 0.05439889
v 0.01153141 0.01074934 0.05456715
v 0.01150274 0.01106530 0.05439889
v 0.01117575 0.01130580 0.05456286
v 0.01153141 0.01074934 0.05456715
v 0.01150274 0.01106536 0.05439889
v 0.01123774 0.01137948 0.05442637
v 0.01195263 -0.01840668 0.05200785
v 0.01210969 -0.01842671 0.05195719
v 0.01211977 -0.01820147 0.05175524
v 0.01710999 -0.01837182 0.05201750
v 0.01697868 -0.01819217 0.05186164
v 0.01684260 -0.01823318 0.05175310
v 0.01692980 -0.01847273 0.05200028
v 0.01710999 -0.01837182 0.05201750
v 0.01684260 -0.01823318 0.05175310
v 0.01693683 0.01024997 0.05430299
v 0.01675724 0.01109522 0.05431908
v 0.01701837 0.01081395 0.05456608
v 0.01660025 0.01222169 0.05465620
v 0.01708215 0.01012557 0.05450487
v 0.01701837 0.01081395 0.05456608
v 0.01675724 0.01109522 0.05431908
v 0.01675724 0.01109522 0.05431908
v 0.01579892 0.01377993 0.05482220
v 0.01505315 0.01442980 0.05472993
v 0.01569128 0.01367276 0.05462276
v 0.01629573 0.01302772 0.05476260
v 0.01373827 0.01528626 0.05468297
v 0.01455920 0.01498025 0.05491685
v 0.01440238 0.01487630 0.05466020
v 0.01505315 0.01442980 0.05472993
v 0.00787121 0.01661306 0.05504083
v 0.00563759 0.01638251 0.05504989
v 0.00611234 0.01630657 0.05478399
v 0.00845778 0.01649892 0.05485719
v 0.00787121 0.01661306 0.05504083
v 0.00611234 0.01630657 0.05478399
v 0.00070843 0.01291775 0.05453270
v 0.00110930 0.01370590 0.05476135
v 0.00002292 0.01096802 0.05437344
v 0.00001772 0.01046407 0.05425840
v 0.00036488 0.01214414 0.05446779
v 0.00008577 0.01182597 0.05465620
v 0.00002292 0.01096802 0.05437344
v -0.00027707 -0.00554347 0.05308187
v -0.00019216 -0.00590837 0.05287700
v -0.00002247 0.00318289 0.05362093
v -0.00034034 -0.00620258 0.05303251
v -0.00287497 -0.00849891 0.05268633
v -0.00200945 -0.00829470 0.05267554
v -0.00271356 -0.00839317 0.05285358
v -0.00287497 -0.00849891 0.05268633
v -0.00141156 -0.00803232 0.05267101
v -0.00200945 -0.00829470 0.05267554
v -0.00593662 -0.00825936 0.05287683
v -0.00664163 -0.00791478 0.05292952
v -0.00676399 -0.00806487 0.05264729
v -0.00601369 -0.00833565 0.05270147
v -0.00559771 -0.00844562 0.05269175
v -0.00520235 -0.00841069 0.05287939
v -0.00516599 -0.00856131 0.05262130
v -0.00401199 -0.00863463 0.05262094
v 0.00254917 -0.04539901 0.01499629
v -0.00013714 -0.04547977 0.01496344
v 0.00254917 -0.04539901 0.01499629
v -0.00013714 -0.04547977 0.01496344
v 0.00171387 -0.04567790 0.01473104
v 0.00440311 -0.04524910 0.01505702
v 0.00432807 -0.04516392 0.01531773
v 0.00254917 -0.04539901 0.01499629
v 0.00440311 -0.04524910 0.01505702
v 0.00642729 -0.04525065 0.01488566
v 0.00440311 -0.04524910 0.01505702
v 0.00906527 -0.04444062 0.01560509
v 0.00708276 -0.04489570 0.01520043
v 0.00708276 -0.04489570 0.01520043
v 0.00708276 -0.04489570 0.01520043
v -0.03178024 -0.03237450 0.02052474
v -0.03191316 -0.03239506 0.02027487
v -0.02888065 -0.03513926 0.01916074
v -0.02795338 -0.03575515 0.01916265
v -0.02888065 -0.03513926 0.01916074
v -0.03191316 -0.03239506 0.02027487
v -0.03191316 -0.03239506 0.02027487
v -0.03195190 -0.03261089 0.02003949
v -0.02891111 -0.03543901 0.01884889
v -0.02888065 -0.03513926 0.01916074
v -0.02808791 -0.03577876 0.01890110
v -0.02568960 -0.03767991 0.01803427
v -0.02808791 -0.03577876 0.01890110
v -0.02808791 -0.03577876 0.01890110
v 0.00893932 -0.04455465 0.01533895
v -0.02360653 -0.03877776 0.01794159
v -0.02795338 -0.03575515 0.01916265
v -0.02560424 -0.03760308 0.01816064
v -0.02560424 -0.03760308 0.01816064
v -0.02560424 -0.03760308 0.01816064
v -0.02560424 -0.03760308 0.01816064
v -0.02808791 -0.03577876 0.01890110
v -0.02560424 -0.03760308 0.01816064
v 0.00642729 -0.04525065 0.01488566
v 0.01159089 -0.04403293 0.01546984
v 0.00893932 -0.04455465 0.01533895
v 0.00893932 -0.04455465 0.01533895
v 0.00893932 -0.04455465 0.01533895
v 0.01154118 -0.04394000 0.01558846
v 0.01337242 -0.04331326 0.01610046
v 0.01154118 -0.04394000 0.01558846
v 0.00893932 -0.04455465 0.01533895
v 0.01154118 -0.04394000 0.01558846
v 0.01154118 -0.04394000 0.01558846
v -0.02394676 -0.03868424 0.01772183
v -0.02394676 -0.03868424 0.01772183
v -0.02394676 -0.03868424 0.01772183
v -0.02394676 -0.03868424 0.01772183
v -0.02173507 -0.03997421 0.01719826
v -0.02161020 -0.03993391 0.01747161
v -0.02173507 -0.03997421 0.01719826
v -0.02173507 -0.03997421 0.01719826
v -0.02394676 -0.03868424 0.01772183
v -0.02180498 -0.04005479 0.01707977
v -0.02180498 -0.04005479 0.01707977
v -0.02180498 -0.04005479 0.01707977
v -0.02394676 -0.03868424 0.01772183
v -0.02145767 -0.04028511 0.01697874
v -0.02394676 -0.03868424 0.01772183
v -0.02568960 -0.03767991 0.01803427
v -0.02145767 -0.04028511 0.01697874
v -0.01938408 -0.04106146 0.01701951
v -0.02124595 -0.04023712 0.01709145
v 0.01338976 -0.04340302 0.01580631
v -0.02124595 -0.04023712 0.01709145
v -0.02124595 -0.04023712 0.01709145
v -0.02173507 -0.03997421 0.01719826
v 0.01511192 -0.04310339 0.01575046
v 0.01338976 -0.04340302 0.01580631
v -0.02131438 -0.04031860 0.01697289
v -0.02124595 -0.04023712 0.01709145
v -0.02131438 -0.04031860 0.01697289
v 0.01338976 -0.04340302 0.01580631
v 0.01338976 -0.04340302 0.01580631
v 0.01759392 -0.04174900 0.01671922
v 0.01585787 -0.04254961 0.01615273
v -0.02131438 -0.04031860 0.01697289
v -0.02180498 -0.04005479 0.01707977
v -0.02131438 -0.04031860 0.01697289
v -0.02180498 -0.04005479 0.01707977
v -0.02145767 -0.04028511 0.01697874
v 0.01585787 -0.04254961 0.01615273
v 0.01585787 -0.04254961 0.01615273
v 0.01585787 -0.04254961 0.01615273
v -0.01946485 -0.04113084 0.01672863
v -0.02145767 -0.04028511 0.01697874
v -0.01672554 -0.04245233 0.01609778
v -0.01946485 -0.04113084 0.01672863
v -0.01946485 -0.04113084 0.01672863
v -0.01946485 -0.04113084 0.01672863
v -0.01946485 -0.04113084 0.01672863
v -0.01946485 -0.04113084 0.01672863
v -0.01667118 -0.04234147 0.01623725
v -0.01466679 -0.04297775 0.01623702
v -0.01667118 -0.04234147 0.01623725
v 0.01769614 -0.04180634 0.01645445
v 0.01769614 -0.04180634 0.01645445
v -0.01667118 -0.04234147 0.01623725
v -0.01946485 -0.04113084 0.01672863
v -0.01672554 -0.04245233 0.01609778
v 0.01769614 -0.04180634 0.01645445
v 0.01988595 -0.04070127 0.01707172
v 0.02000039 -0.04073673 0.01688861
v 0.02000039 -0.04073673 0.01688861
v 0.02006208 -0.04070580 0.01690125
v 0.02006208 -0.04070580 0.01690125
v 0.02006208 -0.04070580 0.01690125
v 0.02000039 -0.04073673 0.01688861
v 0.02000039 -0.04073673 0.01688861
v 0.01769614 -0.04180634 0.01645445
v 0.02013492 -0.04080677 0.01677840
v -0.01477622 -0.04303818 0.01595455
v -0.01477622 -0.04303818 0.01595455
v -0.01477622 -0.04303818 0.01595455
v -0.01477622 -0.04303818 0.01595455
v -0.01667118 -0.04234147 0.01623725
v -0.01672554 -0.04245233 0.01609778
v -0.01205039 -0.04400783 0.01547753
v -0.01477622 -0.04303818 0.01595455
v 0.02013492 -0.04080677 0.01677840
v -0.01190066 -0.04391717 0.01559776
v 0.02006208 -0.04070580 0.01690125
v -0.00962216 -0.04437607 0.01563489
v -0.01466679 -0.04297775 0.01623702
v -0.01190066 -0.04391717 0.01559776
v -0.01190066 -0.04391717 0.01559776
v -0.01190066 -0.04391717 0.01559776
v -0.01190066 -0.04391717 0.01559776
v -0.01477622 -0.04303818 0.01595455
v 0.02225130 -0.03953230 0.01737767
v 0.02225130 -0.03953230 0.01737767
v 0.02232635 -0.03938007 0.01767456
v 0.02375078 -0.03893995 0.01744478
v 0.02225130 -0.03953230 0.01737767
v 0.02225130 -0.03953230 0.01737767
v -0.00991535 -0.04440486 0.01539987
v -0.00725222 -0.04513889 0.01495438
v -0.00991535 -0.04440486 0.01539987
v -0.00991535 -0.04440486 0.01539987
v 0.02625173 -0.03684043 0.01875644
v 0.02407282 -0.03843241 0.01782405
v 0.02407282 -0.03843241 0.01782405
v 0.02225130 -0.03953230 0.01737767
v 0.02407282 -0.03843247 0.01782405
v -0.00991535 -0.04440486 0.01539987
v -0.00501323 -0.04511910 0.01535940
v -0.00695372 -0.04495972 0.01517456
v 0.02407282 -0.03843247 0.01782405
v 0.02407282 -0.03843247 0.01782405
v -0.00695372 -0.04495972 0.01517456
v -0.00695372 -0.04495972 0.01517456
v -0.00991535 -0.04440486 0.01539987
v -0.00698477 -0.04505455 0.01505333
v 0.02625173 -0.03684043 0.01875644
v 0.02407282 -0.03843241 0.01782405
v 0.02617073 -0.03698343 0.01841259
v 0.02879953 -0.03533309 0.01888966
v 0.02614653 -0.03703176 0.01839256
v 0.02614653 -0.03703176 0.01839256
v -0.00725222 -0.04513889 0.01495438
v 0.02617073 -0.03698343 0.01841259
v 0.02407282 -0.03843241 0.01782405
v 0.02614653 -0.03703176 0.01839256
v 0.02782839 -0.03576701 0.01890581
v 0.02782839 -0.03576701 0.01890581
v 0.02887070 -0.03478527 0.01953852
v 0.02625173 -0.03684043 0.01875644
v 0.02782839 -0.03576701 0.01890581
v 0.02782839 -0.03576701 0.01890581
v 0.02614653 -0.03703176 0.01839256
v 0.02782839 -0.03576701 0.01890581
v 0.02898871 -0.03481996 0.01929032
v 0.02898871 -0.03481996 0.01929032
v 0.02898871 -0.03481996 0.01929032
v -0.00503075 -0.04521238 0.01507192
v -0.00503075 -0.04521238 0.01507192
v 0.02898871 -0.03481996 0.01929032
v 0.02782839 -0.03576701 0.01890581
v 0.03115397 -0.03272843 0.02039813
v 0.02979314 -0.03412461 0.01957273
v -0.00725222 -0.04513889 0.01495438
v -0.00249052 -0.04562348 0.01477104
v -0.00503075 -0.04521238 0.01507192
v 0.03166264 -0.03237146 0.02028459
v 0.02979314 -0.03412461 0.01957273
v 0.03166264 -0.03237146 0.02028459
v 0.02979314 -0.03412461 0.01957273
v 0.03188318 -0.03253930 0.01998043
v 0.03166264 -0.03237146 0.02028459
v 0.02979314 -0.03412461 0.01957273
v -0.00503075 -0.04521238 0.01507192
v -0.00695372 -0.04495972 0.01517456
v -0.00503075 -0.04521238 0.01507192
v -0.00013720 -0.04539006 0.01524043
v -0.00245464 -0.04542005 0.01498770
v -0.00245464 -0.04542005 0.01498770
v -0.00245464 -0.04542005 0.01498770
v -0.00245464 -0.04542005 0.01498770
v -0.00013714 -0.04547977 0.01496344
v 0.00254917 -0.04539901 0.01499629
v 0.03017061 0.03286588 0.04701673
v 0.03092575 0.03226941 0.04659408
v 0.03019374 0.03294962 0.04687047
v 0.03085041 0.03263753 0.04646795
v 0.02695626 0.03593629 0.04774492
v 0.03019374 0.03294962 0.04687047
v 0.03092575 0.03226941 0.04659408
v 0.03092575 0.03226947 0.04659408
v 0.03019374 0.03294962 0.04687047
v -0.04299145 0.01327615 0.03921663
v -0.04301023 0.01354038 0.03897762
v -0.04313325 0.01315540 0.03882098
v 0.03092575 0.03226947 0.04659408
v 0.03019374 0.03294962 0.04687047
v 0.03092575 0.03226941 0.04659408
v -0.04301023 0.01354038 0.03897762
v -0.04311347 0.01399129 0.03887248
v -0.04313325 0.01315540 0.03882098
v 0.02641320 0.03589671 0.04843169
v 0.03009396 0.03289175 0.04721474
v 0.02704900 0.03555661 0.04793024
v -0.04438591 0.00951767 0.03701967
v -0.04313325 0.01315540 0.03882098
v -0.04301023 0.01354038 0.03897762
v 0.03009396 0.03289175 0.04721474
v 0.03017061 0.03286588 0.04701673
v 0.02704900 0.03555661 0.04793024
v -0.04301023 0.01354038 0.03897762
v -0.04313325 0.01315540 0.03882098
v 0.02704900 0.03555661 0.04793024
v 0.02704900 0.03555661 0.04793024
v 0.02704900 0.03555661 0.04793024
v -0.04422944 0.00850695 0.03729099
v -0.04423958 0.00894552 0.03710830
v 0.02704900 0.03555661 0.04793024
v -0.04423958 0.00894552 0.03710818
v -0.04423958 0.00894552 0.03710830
v -0.04423958 0.00894552 0.03710818
v 0.02704900 0.03555661 0.04793024
v 0.02653229 0.03584510 0.04822880
v -0.04423958 0.00894552 0.03710818
v 0.02653229 0.03584510 0.04822880
v -0.04422944 0.00850695 0.03729099
v -0.04423958 0.00894552 0.03710830
v -0.04425692 0.00848067 0.03708767
v 0.02653229 0.03584510 0.04822880
v 0.02704900 0.03555661 0.04793024
v 0.02654993 0.03592813 0.04808109
v 0.02654993 0.03592813 0.04808109
v 0.02654993 0.03592813 0.04808109
v 0.02654993 0.03592813 0.04808109
v -0.04425692 0.00848067 0.03708767
v -0.04423958 0.00894552 0.03710830
v -0.04432153 0.00855011 0.03694725
v 0.02281516 0.03869104 0.04885423
v -0.04517245 0.00447339 0.03505957
v -0.04432153 0.00855011 0.03694725
v -0.04432153 0.00855011 0.03694725
v -0.04432153 0.00855011 0.03694725
v -0.04423958 0.00894552 0.03710830
v 0.02279901 0.03831547 0.04923361
v -0.04497796 0.00427574 0.03520792
v -0.04497796 0.00427574 0.03520792
v 0.02279901 0.03831547 0.04923361
v -0.04492461 0.00369692 0.03530496
v -0.04422944 0.00850695 0.03729099
v -0.04497796 0.00427574 0.03520792
v -0.04497796 0.00427574 0.03520792
v -0.04497796 0.00427574 0.03520792
v -0.04432153 0.00855011 0.03694725
v 0.02268755 0.03838121 0.04926031
v 0.02268755 0.03838121 0.04926031
v -0.04497796 0.00427574 0.03520792
v -0.04432153 0.00855011 0.03694725
v -0.04517245 0.00447339 0.03505957
v 0.02281248 0.03839761 0.04908490
v 0.02279901 0.03831547 0.04923361
v 0.02268755 0.03838121 0.04926031
v 0.02281248 0.03839761 0.04908490
v 0.02281248 0.03839761 0.04908490
v 0.02270090 0.03846347 0.04911160
v 0.02270090 0.03846347 0.04911160
v -0.04502290 0.00382584 0.03502500
v -0.04502290 0.00382584 0.03502500
v -0.04522389 -0.00093287 0.03308588
v -0.04502290 0.00382584 0.03502500
v 0.02281248 0.03839761 0.04908490
v 0.02270090 0.03846347 0.04911160
v 0.01865303 0.04049015 0.05011785
v 0.01865303 0.04049015 0.05011785
v -0.04514282 -0.00096747 0.03323650
v -0.04511278 -0.00120038 0.03329634
v 0.01866263 0.04057097 0.04996800
v 0.01865303 0.04049015 0.05011785
v 0.01866263 0.04057097 0.04996800
v 0.01842069 0.04097890 0.04973816
v 0.01866263 0.04057097 0.04996800
v 0.01866263 0.04057097 0.04996800
v 0.02270090 0.03846347 0.04911160
v 0.01834833 0.04071366 0.05002599
v 0.01834833 0.04071366 0.05002599
v -0.04522067 -0.00091222 0.03309655
v -0.04522067 -0.00091222 0.03309655
v 0.01409965 0.04226309 0.05097872
v 0.01864629 0.04046654 0.05029278
v 0.01834833 0.04071366 0.05002599
v 0.01834833 0.04071366 0.05002599
v -0.04511278 -0.00120038 0.03329634
v -0.04522067 -0.00091222 0.03309655
v 0.01834833 0.04071372 0.05002599
v 0.01834833 0.04071366 0.05002599
v 0.01866263 0.04057097 0.04996800
v 0.01834833 0.04071372 0.05002599
v -0.04522389 -0.00093287 0.03308588
v 0.01834833 0.04071372 0.05002599
v -0.04475820 -0.00606710 0.03135371
v -0.04511278 -0.00120038 0.03329634
v -0.04483526 -0.00567687 0.03131598
v -0.04483526 -0.00567687 0.03131598
v -0.04511278 -0.00120038 0.03329634
v -0.04483526 -0.00567687 0.03131586
v 0.01410859 0.04236698 0.05069726
v 0.01376700 0.04272538 0.05050504
v 0.01410859 0.04236698 0.05069726
v 0.01410859 0.04236698 0.05069726
v -0.04482918 -0.00572830 0.03129488
v 0.00947869 0.04352658 0.05153220
v 0.01366645 0.04251128 0.05075609
v -0.04482918 -0.00572830 0.03129488
v -0.04482918 -0.00572830 0.03129488
v -0.04483526 -0.00567687 0.03131598
v -0.04483526 -0.00567687 0.03131586
v -0.04511278 -0.00120038 0.03329634
v -0.04491341 -0.00568008 0.03115558
v 0.01366645 0.04251128 0.05075609
v 0.01410859 0.04236698 0.05069726
v 0.01366645 0.04251134 0.05075609
v -0.04491341 -0.00568008 0.03115558
v 0.01366645 0.04251134 0.05075609
v -0.04483526 -0.00567687 0.03131586
v -0.04491341 -0.00568008 0.03115558
v -0.04491209 -0.00568199 0.03115499
v -0.04482918 -0.00572830 0.03129488
v -0.04483526 -0.00567687 0.03131586
v -0.04491209 -0.00568199 0.03115499
v 0.00947869 0.04352658 0.05153220
v 0.01366645 0.04251128 0.05075609
v 0.00947004 0.04356068 0.05136579
v -0.04491341 -0.00568008 0.03115558
v -0.04519546 -0.00533199 0.03103917
v 0.00947004 0.04356068 0.05136579
v 0.01366645 0.04251128 0.05075609
v 0.00947004 0.04356068 0.05136579
v 0.01366645 0.04251128 0.05075609
v 0.00947392 0.04363894 0.05121439
v 0.00947392 0.04363894 0.05121439
v 0.00947392 0.04363894 0.05121439
v 0.01366645 0.04251128 0.05075609
v 0.00916928 0.04398262 0.05095624
v 0.00947392 0.04363894 0.05121439
v -0.04403740 -0.01032811 0.02941852
v 0.00924379 0.04360944 0.05138570
v -0.04391431 -0.01075541 0.02944070
v -0.04475820 -0.00606710 0.03135371
v -0.04403740 -0.01032811 0.02941852
v 0.00489789 0.04428470 0.05184054
v 0.00924379 0.04360944 0.05138570
v 0.00947004 0.04356068 0.05136579
v 0.00924379 0.04360944 0.05138570
v -0.04403740 -0.01032811 0.02941852
v 0.00924379 0.04360944 0.05138570
v 0.00924754 0.04368770 0.05123442
v -0.04403567 -0.01033574 0.02941542
v 0.00924754 0.04368770 0.05123442
v -0.04403567 -0.01033574 0.02941542
v 0.00924754 0.04368770 0.05123442
v -0.04412448 -0.01029127 0.02927827
v -0.04403740 -0.01032811 0.02941852
v -0.04403567 -0.01033574 0.02941542
v -0.04491209 -0.00568199 0.03115499
v -0.04491341 -0.00568008 0.03115558
v -0.04412448 -0.01029127 0.02927827
v -0.04412448 -0.01029127 0.02927827
v -0.04491209 -0.00568199 0.03115499
v -0.04412275 -0.01029890 0.02927517
v -0.04412275 -0.01029890 0.02927517
v 0.00489414 0.04431653 0.05167371
v 0.00489414 0.04431653 0.05167371
v -0.04412275 -0.01029890 0.02927517
v -0.04412448 -0.01029127 0.02927827
v -0.04440599 -0.01016378 0.02907538
v -0.04412448 -0.01029127 0.02927827
v 0.00489610 0.04439449 0.05152159
v -0.04412275 -0.01029890 0.02927517
v 0.00489414 0.04431653 0.05167371
v 0.00428593 0.04457706 0.05142444
v 0.00489610 0.04439449 0.05152159
v 0.00489610 0.04439449 0.05152159
v 0.00489610 0.04439449 0.05152159
v 0.00924754 0.04368770 0.05123442
v 0.00427920 0.04445976 0.05154830
v -0.04278779 -0.01478630 0.02759957
v 0.00427920 0.04445976 0.05154830
v 0.00427920 0.04445976 0.05154830
v -0.04278779 -0.01478630 0.02759957
v 0.00243580 0.04449480 0.05192571
v 0.00489789 0.04428470 0.05184054
v 0.00427920 0.04445976 0.05154830
v 0.00427920 0.04445976 0.05154830
v -0.04278779 -0.01478630 0.02759957
v 0.00427920 0.04445976 0.05154830
v -0.04287779 -0.01475983 0.02745866
v -0.04278779 -0.01478630 0.02759957
v -0.04298847 -0.01514428 0.02709031
v -0.04287779 -0.01475983 0.02745866
v -0.04287779 -0.01475983 0.02745866
v 0.00427920 0.04445976 0.05154830
v 0.00243276 0.04452633 0.05175888
v -0.04269862 -0.01528376 0.02724546
v 0.00243276 0.04452633 0.05175888
v -0.04269862 -0.01528376 0.02724546
v -0.04269862 -0.01528376 0.02724546
v -0.04089766 -0.01941239 0.02589660
v -0.04272794 -0.01487421 0.02773785
v -0.04269862 -0.01528376 0.02724546
v 0.00243276 0.04452633 0.05175888
v 0.00427920 0.04445976 0.05154830
v 0.00243372 0.04460406 0.05160683
v -0.04269862 -0.01528376 0.02724546
v 0.00428593 0.04457706 0.05142444
v -0.00066203 0.04489648 0.05141115
v 0.00243372 0.04460406 0.05160683
v 0.00243372 0.04460406 0.05160683
v -0.04269862 -0.01528376 0.02724546
v 0.00243372 0.04460406 0.05160683
v -0.00013714 0.04460042 0.05178868
v -0.00013714 0.04460042 0.05178868
v -0.00013714 0.04460042 0.05178868
v -0.00013714 0.04467797 0.05163681
v -0.04108285 -0.01928246 0.02561694
v -0.00013714 0.04467797 0.05163681
v -0.04129546 -0.01943200 0.02532482
v -0.04108285 -0.01928246 0.02561694
v -0.04108285 -0.01928246 0.02561694
v -0.00013714 0.04467797 0.05163681
v 0.00243372 0.04460406 0.05160683
v 0.00243372 0.04460406 0.05160683
v -0.00066203 0.04489648 0.05141115
v -0.00013714 0.04467797 0.05163681
v -0.00070193 0.04467427 0.05163532
v -0.00500208 0.04430526 0.05181062
v -0.00013739 0.04456901 0.05195564
v -0.00070193 0.04467427 0.05163532
v -0.00070193 0.04467427 0.05163532
v -0.00070193 0.04467427 0.05163532
v -0.03861206 -0.02369719 0.02408897
v -0.04072588 -0.02003771 0.02530926
v -0.00070193 0.04467427 0.05163532
v -0.04072588 -0.02003771 0.02530926
v -0.04072588 -0.02003771 0.02530926
v -0.04108285 -0.01928246 0.02561694
v -0.00070193 0.04467427 0.05163532
v -0.00070193 0.04467433 0.05163532
v -0.00070193 0.04467433 0.05163532
v -0.04072588 -0.02003771 0.02530926
v -0.00500208 0.04430526 0.05181062
v -0.00070193 0.04467427 0.05163532
v -0.00497723 0.04433786 0.05168199
v -0.00497723 0.04433786 0.05168199
v -0.00070193 0.04467427 0.05163532
v -0.00497979 0.04441535 0.05153012
v -0.00497979 0.04441535 0.05153012
v -0.03872740 -0.02371948 0.02380955
v -0.03872740 -0.02371948 0.02380955
v -0.00520754 0.04467356 0.05120980
v -0.00497979 0.04441535 0.05153012
v -0.03831768 -0.02460008 0.02334576
v -0.03872746 -0.02371948 0.02380955
v -0.03872740 -0.02371948 0.02380955
v -0.04072588 -0.02003771 0.02530926
v -0.03872746 -0.02371948 0.02380955
v -0.00526530 0.04430568 0.05166888
v -0.00943696 0.04359418 0.05155998
v -0.03819948 -0.02457177 0.02346247
v -0.03819948 -0.02457177 0.02346247
v -0.00526530 0.04430568 0.05166888
v -0.03579252 -0.02782344 0.02240556
v -0.00526530 0.04430568 0.05166888
v -0.00497723 0.04433786 0.05168199
v -0.03819948 -0.02457177 0.02346247
v -0.03872746 -0.02371948 0.02380955
v 0.03422158 -0.02960586 0.02141547
v 0.03486996 -0.02865272 0.02211362
v -0.03819948 -0.02457177 0.02346247
v -0.03872746 -0.02371948 0.02380955
v -0.03831732 -0.02459996 0.02334624
v -0.03831768 -0.02460008 0.02334576
v -0.00526726 0.04438328 0.05151700
v -0.00526726 0.04438328 0.05151700
v -0.00526726 0.04438334 0.05151700
v 0.03422158 -0.02960586 0.02141547
v -0.00526726 0.04438334 0.05151700
v -0.00942999 0.04362779 0.05139333
v -0.00942999 0.04362779 0.05139333
v -0.03594517 -0.02780193 0.02214670
v -0.03580904 -0.02827453 0.02183246
v -0.03594517 -0.02780193 0.02214670
v -0.03594517 -0.02780193 0.02214670
v -0.00942999 0.04362779 0.05139333
v -0.00526530 0.04430568 0.05166888
v -0.03594517 -0.02780193 0.02214670
v -0.00943375 0.04370611 0.05124199
v 0.03422158 -0.02960586 0.02141547
v 0.03645604 -0.02712059 0.02220249
v 0.03508329 -0.02855497 0.02183943
v -0.03529667 -0.02863001 0.02180922
v 0.03422158 -0.02960586 0.02141547
v 0.03508329 -0.02855497 0.02183943
v 0.03626281 -0.02701038 0.02246886
v -0.03529667 -0.02863001 0.02180922
v -0.00942999 0.04362779 0.05139333
v -0.03383272 -0.03020995 0.02140790
v -0.00991559 0.04384434 0.05097436
v -0.00943375 0.04370611 0.05124199
v -0.03529667 -0.02863001 0.02180922
v -0.00943375 0.04370611 0.05124199
v 0.03780907 -0.02456474 0.02375209
v 0.03486996 -0.02865272 0.02211362
v 0.03626281 -0.02701038 0.02246886
v -0.00943375 0.04370611 0.05124199
v -0.00526726 0.04438328 0.05151700
v 0.03486996 -0.02865272 0.02211362
v 0.03422158 -0.02960586 0.02141547
v 0.03626281 -0.02701038 0.02246886
v -0.03529667 -0.02863001 0.02180922
v 0.03626281 -0.02701038 0.02246886
v 0.03508329 -0.02855497 0.02183943
v -0.00976908 0.04363429 0.05121260
v -0.00976908 0.04363429 0.05121260
v -0.00976908 0.04363429 0.05121260
v 0.03626281 -0.02701038 0.02246886
v -0.01410531 0.04234176 0.05103784
v -0.00943696 0.04359418 0.05155998
v -0.00976908 0.04363429 0.05121260
v -0.00976908 0.04363429 0.05121260
v -0.00976908 0.04363429 0.05121260
v 0.03780907 -0.02456474 0.02375209
v 0.03626281 -0.02701038 0.02246886
v 0.03804868 -0.02437561 0.02354234
v 0.03804868 -0.02437561 0.02354234
v -0.03391492 -0.03027194 0.02114003
v 0.03804868 -0.02437561 0.02354234
v 0.03626281 -0.02701038 0.02246886
v 0.03865337 -0.02389192 0.02351588
v 0.03804868 -0.02437561 0.02354234
v -0.03580904 -0.02827453 0.02183246
v -0.03195190 -0.03261089 0.02003949
v -0.03391492 -0.03027194 0.02114003
v -0.03391492 -0.03027194 0.02114003
v 0.03883135 -0.02308166 0.02406942
v -0.03391492 -0.03027194 0.02114003
v -0.03391492 -0.03027194 0.02114003
v -0.01410585 0.04245841 0.05073499
v 0.03883135 -0.02308166 0.02406942
v -0.03191316 -0.03239506 0.02027487
v -0.01466220 0.04255998 0.05038392
v -0.01410585 0.04245841 0.05073499
v -0.03391492 -0.03027194 0.02114003
v -0.01410585 0.04245841 0.05073499
v 0.04010444 -0.02048945 0.02547693
v -0.01410585 0.04245841 0.05073499
v 0.03883135 -0.02308166 0.02406942
v 0.03883135 -0.02308166 0.02406936
v 0.03883135 -0.02308166 0.02406936
v -0.01462024 0.04228758 0.05066561
v -0.01856261 0.04062110 0.05032950
v -0.01462024 0.04228758 0.05066561
v -0.01462024 0.04228758 0.05066561
v 0.04010444 -0.02048945 0.02547693
v 0.03883135 -0.02308166 0.02406942
v 0.04033517 -0.02027601 0.02521222
v 0.04033517 -0.02027601 0.02521222
v 0.04100030 -0.01946163 0.02531957
v 0.04033517 -0.02027601 0.02521222
v 0.04033517 -0.02027601 0.02521222
v 0.03883135 -0.02308166 0.02406936
v 0.04196262 -0.01623511 0.02715814
v 0.04098165 -0.01890254 0.02577161
v -0.01856052 0.04074168 0.05003738
v -0.01908111 0.04083061 0.04962962
v -0.01856052 0.04074168 0.05003738
v -0.01856052 0.04074168 0.05003738
v 0.04098165 -0.01890254 0.02577161
v 0.04098165 -0.01890254 0.02577161
v -0.01856052 0.04074168 0.05003738
v -0.01462024 0.04228758 0.05066561
v -0.02278053 0.03845316 0.04947221
v -0.01888555 0.04059439 0.04997754
v 0.04098165 -0.01890254 0.02577161
v -0.01888555 0.04059439 0.04997754
v -0.01888555 0.04059439 0.04997754
v 0.04218024 -0.01596546 0.02696788
v 0.04218024 -0.01596546 0.02696788
v 0.04283469 -0.01474380 0.02726674
v 0.04218024 -0.01596546 0.02696788
v -0.02278053 0.03845316 0.04947221
v -0.01888555 0.04059439 0.04997754
v -0.02272742 0.03851795 0.04931533
v -0.02272742 0.03851795 0.04931533
v 0.04268151 -0.01452529 0.02755439
v 0.04353827 -0.01113307 0.02924418
v 0.04268151 -0.01452529 0.02755439
v 0.04268151 -0.01452529 0.02755439
v 0.04218024 -0.01596546 0.02696788
v -0.02274048 0.03859961 0.04916667
v -0.02272742 0.03851795 0.04931533
v -0.01888555 0.04059439 0.04997754
v -0.02274048 0.03859961 0.04916667
v -0.02274048 0.03859961 0.04916667
v -0.01888555 0.04059439 0.04997754
v -0.02274048 0.03859961 0.04916656
v 0.04268151 -0.01452529 0.02755439
v -0.02309751 0.03866142 0.04886651
v -0.02274048 0.03859961 0.04916656
v -0.02295982 0.03838205 0.04926002
v -0.02295982 0.03838205 0.04926002
v -0.02295982 0.03838205 0.04926002
v -0.02295982 0.03838205 0.04926002
v -0.02272742 0.03851795 0.04931533
v -0.02297312 0.03846389 0.04911160
v -0.02297312 0.03846389 0.04911160
v 0.04368650 -0.01099383 0.02899235
v -0.02297312 0.03846389 0.04911148
v 0.04353827 -0.01113307 0.02924418
v 0.04268151 -0.01452529 0.02755439
v 0.04368650 -0.01099383 0.02899235
v 0.04396367 -0.00984430 0.02944988
v -0.02297312 0.03846389 0.04911148
v 0.04368650 -0.01099383 0.02899235
v 0.04268151 -0.01452529 0.02755439
v 0.04396367 -0.00984430 0.02944988
v 0.04396367 -0.00984430 0.02944988
v 0.04442012 -0.00655013 0.03109717
v -0.02662748 0.03597605 0.04828202
v -0.02662748 0.03597605 0.04828202
v -0.02662748 0.03597605 0.04828202
v -0.02664488 0.03605914 0.04813426
v -0.02664488 0.03605914 0.04813426
v -0.02662748 0.03597605 0.04828202
v -0.02735322 0.03587675 0.04767346
v -0.02664488 0.03605914 0.04813426
v -0.02664488 0.03605914 0.04813426
v -0.02297312 0.03846389 0.04911148
v -0.02681040 0.03584218 0.04822748
v 0.04442012 -0.00655013 0.03109717
v 0.04396367 -0.00984430 0.02944988
v 0.04454219 -0.00643736 0.03084743
v 0.04454219 -0.00643736 0.03084743
v 0.04396367 -0.00984430 0.02944988
v 0.04454225 -0.00643736 0.03084743
v -0.02681040 0.03584218 0.04822748
v 0.04396367 -0.00984430 0.02944988
v 0.04494911 -0.00484937 0.03125572
v 0.04454225 -0.00643736 0.03084743
v -0.02681040 0.03584218 0.04822748
v 0.04473453 -0.00478649 0.03151959
v 0.04473453 -0.00478649 0.03151959
v -0.02682811 0.03592520 0.04807990
v 0.04482835 -0.00152403 0.03319633
v -0.02681040 0.03584218 0.04822748
v 0.04473453 -0.00478649 0.03151959
v 0.04454225 -0.00643736 0.03084743
v -0.02682811 0.03592520 0.04807990
v -0.02682811 0.03592520 0.04807990
v 0.04473453 -0.00478649 0.03151959
v 0.04454225 -0.00643736 0.03084743
v 0.04494911 -0.00484937 0.03125572
v -0.02682811 0.03592520 0.04807990
v -0.03040409 0.03290319 0.04703217
v 0.04482835 -0.00152403 0.03319633
v 0.04473453 -0.00478649 0.03151959
v 0.04485666 -0.00158054 0.03298646
v 0.04485666 -0.00158054 0.03298646
v -0.03040409 0.03290319 0.04703217
v 0.04485666 -0.00158054 0.03298646
v -0.03040409 0.03290319 0.04703217
v 0.04494911 -0.00484937 0.03125572
v 0.04500186 0.00048542 0.03360837
v 0.04485666 -0.00158054 0.03298646
v 0.04485666 -0.00158054 0.03298646
v 0.04473453 -0.00478649 0.03151959
v 0.04494148 0.00042315 0.03363996
v 0.04494148 0.00042315 0.03363996
v -0.03042685 0.03298699 0.04688566
v 0.04468917 0.00331026 0.03516566
v 0.04482835 -0.00152403 0.03319633
v 0.04494148 0.00042315 0.03363996
v -0.03040409 0.03290319 0.04703217
v 0.04494148 0.00042315 0.03363996
v 0.04485666 -0.00158054 0.03298646
v 0.04500186 0.00048542 0.03360837
v -0.03042685 0.03298699 0.04688566
v -0.03042685 0.03298705 0.04688566
v -0.03042685 0.03298705 0.04688566
v -0.03083127 0.03294706 0.04655504
v -0.03042685 0.03298705 0.04688566
v 0.04468917 0.00331026 0.03516566
v 0.04494148 0.00042315 0.03363996
v 0.04471904 0.00328344 0.03496885
v 0.04500186 0.00048542 0.03360837
v 0.04473209 0.00576872 0.03557205
v 0.04471904 0.00328344 0.03496885
v 0.04471904 0.00328344 0.03496885
v -0.03364205 0.02964407 0.04570591
v 0.04402863 0.00812018 0.03704863
v 0.04468917 0.00331026 0.03516566
v 0.04454267 0.00561762 0.03575420
v 0.04454267 0.00561762 0.03575420
v -0.03364205 0.02964407 0.04570591
v 0.04471904 0.00328344 0.03496885
v 0.04473209 0.00576872 0.03557205
v 0.04454267 0.00561762 0.03575420
v -0.03364205 0.02964407 0.04570591
v -0.03367328 0.02960908 0.04569149
v 0.04473209 0.00576872 0.03557205
v 0.04373306 0.01039689 0.03757286
v 0.04402863 0.00812018 0.03704863
v -0.03367328 0.02960908 0.04569149
v 0.04402863 0.00812018 0.03704863
v -0.03367328 0.02960908 0.04569149
v 0.04278689 0.01304221 0.03913682
v 0.04402863 0.00812018 0.03704863
v 0.04366105 0.01027971 0.03765106
v -0.03367072 0.02972799 0.04556065
v -0.03367072 0.02972799 0.04556065
v -0.03364205 0.02964407 0.04570591
v -0.03367328 0.02960908 0.04569149
v -0.03376501 0.02979660 0.04542821
v -0.03367072 0.02972799 0.04556065
v 0.04366105 0.01027971 0.03765106
v 0.04402863 0.00812018 0.03704863
v 0.04373306 0.01039689 0.03757286
v -0.03367072 0.02972799 0.04556065
v -0.03042685 0.03298705 0.04688566
v -0.03370213 0.02969288 0.04554653
v -0.03370213 0.02969288 0.04554653
v 0.04278689 0.01304221 0.03913682
v 0.04366105 0.01027971 0.03765106
v 0.04288619 0.01280766 0.03885078
v -0.03370213 0.02969288 0.04554653
v 0.04373306 0.01039689 0.03757286
v 0.04223442 0.01533699 0.03955936
v 0.04288619 0.01280766 0.03885078
v 0.04288619 0.01280766 0.03885078
v 0.04288619 0.01280766 0.03885078
v 0.04366105 0.01027971 0.03765106
v -0.03659951 0.02597433 0.04421222
v 0.04116964 0.01739585 0.04090642
v 0.04278689 0.01304221 0.03913682
v 0.04214102 0.01525336 0.03967440
v 0.04214102 0.01525336 0.03967440
v -0.03659951 0.02597433 0.04421222
v 0.04214102 0.01525336 0.03967440
v -0.03659951 0.02597433 0.04421222
v 0.04214102 0.01525336 0.03967440
v 0.04288619 0.01280766 0.03885078
v 0.04214102 0.01525336 0.03967440
v 0.04288619 0.01280766 0.03885078
v 0.04223442 0.01533699 0.03955936
v -0.03663092 0.02593082 0.04419440
v -0.03663092 0.02593082 0.04419440
v -0.03659951 0.02597433 0.04421222
v -0.03663480 0.02605742 0.04406827
v 0.04116964 0.01739585 0.04090642
v 0.04214102 0.01525336 0.03967440
v 0.04123461 0.01731652 0.04068750
v -0.03663092 0.02593082 0.04419440
v -0.03663480 0.02605742 0.04406827
v 0.04123461 0.01731652 0.04068750
v 0.04123461 0.01731652 0.04068750
v -0.03663480 0.02605742 0.04406827
v -0.03370213 0.02969288 0.04554653
v 0.04223442 0.01533699 0.03955936
v 0.04022407 0.02012825 0.04140520
v 0.04123461 0.01731652 0.04068750
v 0.04123461 0.01731652 0.04068750
v 0.04007905 0.01997131 0.04159349
v -0.03666633 0.02601397 0.04405069
v 0.04007905 0.01997131 0.04159349
v -0.03677845 0.02623367 0.04385948
v -0.03936052 0.02227783 0.04223871
v -0.03666633 0.02601397 0.04405069
v 0.03900444 0.02174735 0.04267454
v 0.04116964 0.01739585 0.04090642
v 0.04007905 0.01997131 0.04159349
v -0.03666633 0.02601397 0.04405069
v 0.04007905 0.01997131 0.04159349
v -0.03666633 0.02601397 0.04405069
v -0.03663480 0.02605742 0.04406827
v 0.04007905 0.01997131 0.04159349
v 0.04123461 0.01731652 0.04068750
v 0.04022407 0.02012825 0.04140520
v -0.03916287 0.02201002 0.04259878
v -0.03916287 0.02201002 0.04259878
v 0.03900444 0.02174735 0.04267454
v 0.04007905 0.01997131 0.04159349
v 0.03908979 0.02165633 0.04245465
v -0.03916287 0.02201002 0.04259878
v -0.03663092 0.02593082 0.04419440
v 0.03908979 0.02165633 0.04245465
v 0.03908979 0.02165633 0.04245465
v 0.03908979 0.02165633 0.04245465
v 0.04022407 0.02012825 0.04140520
v 0.03749275 0.02456372 0.04336357
v 0.03908979 0.02165633 0.04245465
v -0.03920525 0.02209180 0.04245591
v 0.03748625 0.02443104 0.04340720
v 0.03748625 0.02443104 0.04340720
v -0.03916287 0.02201002 0.04259878
v 0.03638374 0.02584856 0.04433584
v 0.03900444 0.02174735 0.04267454
v 0.03748625 0.02443104 0.04340720
v -0.03920525 0.02209180 0.04245591
v 0.03748625 0.02443104 0.04340720
v 0.03908979 0.02165633 0.04245465
v 0.03749275 0.02456372 0.04336357
v -0.03925472 0.02184963 0.04253339
v -0.03925472 0.02184963 0.04253339
v -0.03925472 0.02184963 0.04253339
v -0.03925472 0.02184963 0.04253339
v -0.03920525 0.02209180 0.04245591
v -0.03929734 0.02193123 0.04239058
v -0.03929734 0.02193123 0.04239058
v -0.04143959 0.01819634 0.04061824
v -0.03929734 0.02193123 0.04239058
v -0.03929734 0.02193123 0.04239058
v -0.03920525 0.02209180 0.04245591
v 0.03638374 0.02584856 0.04433584
v 0.03748625 0.02443104 0.04340720
v 0.03653275 0.02581816 0.04397118
v 0.03749275 0.02456372 0.04336357
v 0.03426790 0.02907514 0.04501748
v 0.03653275 0.02581816 0.04397118
v 0.03653275 0.02581816 0.04397118
v -0.04127967 0.01784193 0.04090148
v 0.03653275 0.02581816 0.04397118
v 0.03440612 0.02856403 0.04508739
v -0.04127967 0.01784193 0.04090148
v -0.04127967 0.01784193 0.04090148
v 0.03340697 0.02954787 0.04583835
v 0.03638374 0.02584856 0.04433584
v 0.03440612 0.02856403 0.04508739
v 0.03440612 0.02856403 0.04508739
v 0.03440612 0.02856403 0.04508739
v 0.03653275 0.02581816 0.04397118
v 0.03426790 0.02907514 0.04501748
v -0.04132926 0.01792091 0.04075962
v -0.04127967 0.01784193 0.04090148
v -0.04132926 0.01792091 0.04075962
v -0.04132926 0.01792097 0.04075950
v -0.04132926 0.01792097 0.04075950
v -0.04138904 0.01759320 0.04080021
v -0.04138904 0.01759320 0.04080021
v -0.04138904 0.01759320 0.04080021
v -0.04142808 0.01771199 0.04065853
v -0.04132926 0.01792097 0.04075950
v -0.03929734 0.02193123 0.04239058
v -0.04142808 0.01771199 0.04065853
v 0.03353303 0.02957499 0.04549849
v 0.03353303 0.02957499 0.04549849
v 0.03353303 0.02957499 0.04549849
v -0.04143905 0.01767200 0.04065829
v 0.03353303 0.02957499 0.04549849
v 0.03440612 0.02856403 0.04508739
v -0.04138904 0.01759320 0.04080021
v 0.03009396 0.03289175 0.04721474
v 0.03092575 0.03226941 0.04659408
v -0.04142808 0.01771199 0.04065853
v -0.04142808 0.01771199 0.04065853
v 0.03092575 0.03226947 0.04659408
v -0.04301023 0.01354038 0.03897762
v -0.04301023 0.01354038 0.03897762
v -0.04143905 0.01767200 0.04065829
v 0.03092575 0.03226941 0.04659408
v 0.00365657 -0.03694766 0.04556018
v 0.00386763 -0.03713148 0.04727685
v 0.00365657 -0.03694766 0.04556018
v 0.00386763 -0.03713148 0.04727685
v 0.00301790 -0.03583633 0.04562228
v 0.00340813 -0.03605258 0.04813611
v 0.00215137 -0.03505396 0.04556411
v 0.00301790 -0.03583633 0.04562228
v 0.00340813 -0.03605258 0.04813611
v 0.00264871 -0.03516656 0.04869413
v 0.00116491 -0.03455948 0.04555821
v 0.00215137 -0.03505396 0.04556411
v 0.00169200 -0.03453242 0.04897117
v 0.00264871 -0.03516656 0.04869413
v -0.00017539 -0.03435134 0.04554539
v 0.00116491 -0.03455948 0.04555821
v 0.00050502 -0.03416800 0.04913771
v 0.00169200 -0.03453242 0.04897117
v -0.00031847 -0.03412091 0.04915595
v -0.00548697 -0.04036903 0.04582780
v -0.00548697 -0.04036903 0.04582780
v -0.00414813 -0.03792774 0.04554170
v -0.00422203 -0.03913074 0.04548758
v -0.00400764 -0.03744024 0.04542917
v -0.00369835 -0.03720331 0.04526579
v -0.00400764 -0.03744024 0.04542917
v -0.00406617 -0.04021126 0.04527187
v -0.00406617 -0.04021126 0.04527187
v -0.00404507 -0.04048717 0.04522871
v -0.00361377 -0.03886091 0.04525518
v -0.00369835 -0.03720331 0.04526579
v -0.00404507 -0.04048717 0.04522871
v -0.00197118 -0.04110568 0.04505908
v -0.00112235 -0.04138261 0.04490333
v -0.00145364 -0.04110366 0.04492098
v -0.00197118 -0.04110568 0.04505908
v -0.00145364 -0.04110366 0.04492098
v -0.00267595 -0.04049503 0.04521578
v -0.00267595 -0.04049503 0.04521578
v -0.00275981 -0.04052966 0.04522353
v -0.00197118 -0.04110568 0.04505908
v 0.00135761 -0.04126679 0.04496455
v 0.00181454 -0.04093933 0.04509985
v 0.00126970 -0.04113906 0.04498589
v 0.00015928 -0.04147446 0.04484248
v 0.00015928 -0.04147446 0.04484248
v 0.00126970 -0.04113906 0.04498589
v 0.00057059 -0.04123675 0.04485821
v 0.00015928 -0.04147446 0.04484248
v 0.00057059 -0.04123675 0.04485821
v -0.00028530 -0.04140156 0.04487335
v -0.00112235 -0.04138261 0.04490333
v -0.00028530 -0.04140156 0.04487335
v -0.00145364 -0.04110366 0.04492098
v -0.03474849 0.01878619 0.05215156
v -0.03473913 0.01837408 0.04945039
v -0.03466027 0.01918554 0.04945045
v -0.03451830 0.01944363 0.05215036
v -0.03474849 0.01878619 0.05215156
v -0.03466027 0.01918554 0.04945045
v -0.03409409 0.01994788 0.05214911
v -0.03451830 0.01944363 0.05215036
v -0.03403687 0.02001243 0.04945039
v -0.03466027 0.01918554 0.04945045
v -0.03327029 0.02029621 0.05215620
v -0.03409409 0.01994788 0.05214911
v -0.03403687 0.02001243 0.04945039
v -0.03283739 0.02031677 0.04945045
v -0.03239327 0.02017617 0.05214810
v -0.03327029 0.02029621 0.05215620
v -0.03283739 0.02031677 0.04945045
v -0.03168714 0.01963597 0.05214339
v -0.03239327 0.02017617 0.05214810
v -0.03190034 0.01986664 0.04945045
v -0.03239327 0.02017617 0.05214810
v -0.03283739 0.02031677 0.04945045
v -0.03190034 0.01986664 0.04945045
v -0.03134924 0.01885294 0.05216306
v -0.03168714 0.01963597 0.05214339
v -0.03143596 0.01917695 0.04945039
v -0.03168714 0.01963597 0.05214339
v -0.03190034 0.01986664 0.04945045
v -0.03143596 0.01917695 0.04945039
v -0.03134924 0.01885294 0.05216306
v -0.03143596 0.01917695 0.04945039
v -0.03135383 0.01829403 0.04945045
v 0.00357693 -0.03738057 0.04531067
v 0.00366241 -0.04034245 0.04523855
v 0.00378078 -0.04038649 0.04524064
v 0.00357693 -0.03738057 0.04531067
v 0.00366241 -0.04034245 0.04523855
v 0.00357693 -0.03738057 0.04531067
v 0.00330478 -0.03689777 0.04526269
v 0.03107094 0.01836276 0.05215227
v 0.03108227 0.01835459 0.04945039
v 0.03115433 0.01917755 0.04945045
v 0.03119450 0.01926821 0.05215054
v 0.03173702 0.01995790 0.05214768
v 0.03119450 0.01926821 0.05215054
v 0.03163737 0.01987421 0.04945045
v 0.03115433 0.01917755 0.04945045
v 0.03259915 0.02029997 0.05213755
v 0.03173702 0.01995790 0.05214768
v 0.03242903 0.02028006 0.04945039
v 0.03163737 0.01987421 0.04945045
v 0.03321164 0.02023553 0.05215036
v 0.03259915 0.02029997 0.05213755
v 0.03327155 0.02022922 0.04945039
v 0.03242903 0.02028006 0.04945039
v 0.03380942 0.01995569 0.05214792
v 0.03321164 0.02023553 0.05215036
v 0.03327155 0.02022922 0.04945039
v 0.03409749 0.01970732 0.04945039
v 0.03435248 0.01925402 0.05214661
v 0.03380942 0.01995569 0.05214792
v 0.03409749 0.01970732 0.04945039
v 0.03447175 0.01859349 0.05215036
v 0.03435248 0.01925402 0.05214661
v 0.03446495 0.01881355 0.04945039
v 0.03435248 0.01925402 0.05214661
v 0.03409749 0.01970732 0.04945039
v 0.03446495 0.01881355 0.04945039
v -0.00795150 -0.00578153 0.05284166
v -0.00788587 -0.00631714 0.05279076
v -0.00789613 -0.00578952 0.05287688
v -0.00771487 -0.00679028 0.05278927
v -0.00727832 -0.00764149 0.05267643
v -0.00749105 -0.00723642 0.05276584
v -0.00802010 -0.00528902 0.05287742
v -0.00788587 -0.00631714 0.05279076
v -0.00795150 -0.00578153 0.05284166
v -0.00788587 -0.00631714 0.05279076
v -0.00727832 -0.00764149 0.05267643
v -0.00771487 -0.00679028 0.05278927
v -0.00788587 -0.00631714 0.05279076
v -0.00788587 -0.00631714 0.05279076
v -0.00792980 -0.00520682 0.05292391
v -0.00789910 -0.00507235 0.05296570
v -0.00802010 -0.00528902 0.05287742
v -0.00792980 -0.00520682 0.05292391
v -0.00784701 -0.00437135 0.05296730
v -0.00784701 -0.00437135 0.05296730
v -0.00792980 -0.00520682 0.05292391
v -0.00790375 -0.00506270 0.05295920
v -0.00792980 -0.00520682 0.05292391
v -0.00790375 -0.00506270 0.05295920
v -0.00784701 -0.00437135 0.05296730
v -0.00777721 -0.00435805 0.05302077
v -0.00713539 -0.00271773 0.05310446
v -0.00775790 -0.00436604 0.05304861
v -0.00708169 -0.00281727 0.05317097
v -0.00711429 -0.00284153 0.05315345
v -0.00777721 -0.00435805 0.05302077
v -0.00711429 -0.00284153 0.05315345
v -0.00777721 -0.00435805 0.05302077
v -0.00711429 -0.00284153 0.05315345
v -0.00611621 -0.00135016 0.05323559
v -0.00713539 -0.00271773 0.05310446
v -0.00473857 0.00039947 0.05337584
v -0.00790375 -0.00506270 0.05295920
v -0.00778806 -0.00439888 0.05301707
v -0.00778806 -0.00439888 0.05301707
v -0.00790375 -0.00506270 0.05295920
v -0.00778806 -0.00439888 0.05301707
v -0.00795150 -0.00578153 0.05284166
v -0.00611621 -0.00135016 0.05323559
v -0.00366586 0.00227147 0.05355209
v -0.00370497 0.00229156 0.05353718
v -0.00371760 0.00229663 0.05353391
v -0.00363451 0.00225431 0.05357384
v -0.00363451 0.00225431 0.05357384
v -0.00366586 0.00227147 0.05355209
v -0.00473857 0.00039947 0.05337584
v -0.00366586 0.00227147 0.05355209
v -0.00371760 0.00229663 0.05353391
v -0.00473857 0.00039947 0.05337584
v -0.00314444 0.00367737 0.05367511
v -0.00311047 0.00366723 0.05369746
v -0.00310248 0.00370067 0.05370038
v -0.00331896 0.00692326 0.05395907
v -0.00328594 0.00693244 0.05398327
v -0.00358492 0.00768703 0.05404746
v -0.00315875 0.00618786 0.05387789
v -0.00303072 0.00502604 0.05377638
v -0.00311637 0.00619537 0.05389535
v -0.00333315 0.00696427 0.05396252
v -0.00331896 0.00692326 0.05395907
v -0.00358492 0.00768703 0.05404746
v -0.00298744 0.00502473 0.05379295
v -0.00297874 0.00518817 0.05381894
v -0.00311637 0.00619537 0.05389535
v -0.00311047 0.00366723 0.05369746
v -0.00310248 0.00370067 0.05370038
v -0.00328594 0.00693244 0.05398327
v -0.00330013 0.00697362 0.05398672
v -0.00311047 0.00366723 0.05369746
v -0.00308561 0.00365913 0.05372226
v -0.00358492 0.00768703 0.05404746
v -0.00328594 0.00693244 0.05398327
v -0.00330013 0.00697362 0.05398672
v -0.00311637 0.00619537 0.05389535
v -0.00298744 0.00502473 0.05379295
v -0.00322628 0.00607550 0.05386185
v -0.00315875 0.00618786 0.05387789
v -0.00316924 0.00623578 0.05388218
v -0.00308561 0.00365913 0.05372226
v -0.00349903 0.00220352 0.05376183
v -0.00307852 0.00367498 0.05372798
v -0.00330013 0.00697362 0.05398672
v -0.00328594 0.00693244 0.05398327
v -0.00327605 0.00697976 0.05401277
v -0.00326180 0.00693834 0.05400902
v -0.00310248 0.00370067 0.05370038
v -0.00307774 0.00369269 0.05372530
v -0.00326180 0.00693834 0.05400902
v -0.00302970 0.00636500 0.05404150
v -0.00327605 0.00697976 0.05401277
v -0.00326180 0.00693834 0.05400902
v -0.00327605 0.00697976 0.05401277
v -0.00307774 0.00369269 0.05372530
v -0.00308561 0.00365913 0.05372226
v -0.00315875 0.00618786 0.05387789
v -0.00316924 0.00623578 0.05388218
v -0.00307774 0.00369269 0.05372530
v -0.00365370 0.00763994 0.05400508
v -0.00366968 0.00763667 0.05400085
v -0.00365281 0.00763786 0.05400478
v -0.00308561 0.00365913 0.05372226
v -0.00307852 0.00367498 0.05372798
v -0.00307774 0.00369269 0.05372530
v -0.00337404 0.00695157 0.05394476
v -0.00337404 0.00695157 0.05394476
v -0.00365281 0.00763786 0.05400478
v -0.00311637 0.00619537 0.05389535
v -0.00297874 0.00518817 0.05381894
v -0.00308227 0.00620061 0.05391907
v -0.00297874 0.00518817 0.05381894
v -0.00295246 0.00502300 0.05381608
v -0.00308227 0.00620061 0.05391913
v -0.00365281 0.00763786 0.05400478
v -0.00337404 0.00695157 0.05394476
v -0.00365370 0.00763994 0.05400508
v -0.00361526 0.00765824 0.05402338
v -0.00365370 0.00763994 0.05400508
v -0.00361341 0.00765449 0.05402284
v -0.00308227 0.00620061 0.05391907
v -0.00297874 0.00518817 0.05381894
v -0.00308227 0.00620061 0.05391913
v -0.00311756 0.00469291 0.05374091
v -0.00317878 0.00372183 0.05366230
v -0.00303060 0.00501788 0.05377554
v -0.00312692 0.00624365 0.05389946
v -0.00365281 0.00763786 0.05400478
v -0.00337404 0.00695157 0.05394476
v -0.00333315 0.00696427 0.05396252
v -0.00316924 0.00623578 0.05388218
v -0.00333315 0.00696427 0.05396252
v -0.00361341 0.00765449 0.05402284
v -0.00361341 0.00765449 0.05402284
v -0.00333315 0.00696427 0.05396252
v -0.00312692 0.00624365 0.05389946
v -0.00303060 0.00501788 0.05377554
v -0.00317878 0.00372183 0.05366230
v -0.00361526 0.00765824 0.05402338
v -0.00305730 0.00620365 0.05394500
v -0.00292701 0.00502092 0.05384135
v -0.00303072 0.00502604 0.05377638
v -0.00361341 0.00765449 0.05402284
v -0.00333315 0.00696427 0.05396252
v -0.00358492 0.00768703 0.05404746
v -0.00286442 0.00486696 0.05393260
v -0.00302970 0.00636500 0.05404150
v -0.00305730 0.00620365 0.05394500
v -0.00292701 0.00502092 0.05384135
v -0.00305730 0.00620365 0.05394500
v -0.00292701 0.00502092 0.05384135
v -0.00361526 0.00765824 0.05402338
v -0.00303072 0.00502604 0.05377638
v -0.00305730 0.00620365 0.05394500
v -0.00292701 0.00502092 0.05384135
v -0.00303072 0.00502604 0.05377638
v -0.00303060 0.00501788 0.05377554
v -0.00309282 0.00624907 0.05392336
v -0.00312692 0.00624365 0.05389946
v -0.00303060 0.00501788 0.05377554
v -0.00317878 0.00372183 0.05366230
v -0.00298732 0.00501656 0.05379205
v -0.00313657 0.00371051 0.05367785
v -0.00309282 0.00624907 0.05392336
v -0.00356138 0.00768125 0.05407404
v -0.00358492 0.00768703 0.05404746
v -0.00355858 0.00767541 0.05407369
v -0.00309282 0.00624907 0.05392336
v -0.00308227 0.00620061 0.05391907
v -0.00309282 0.00624907 0.05392336
v -0.00306797 0.00625241 0.05394905
v -0.00298732 0.00501656 0.05379205
v -0.00313657 0.00371051 0.05367785
v -0.00298732 0.00501656 0.05379217
v -0.00313657 0.00371051 0.05367785
v -0.00298732 0.00501656 0.05379217
v -0.00356138 0.00768125 0.05407404
v -0.00355858 0.00767541 0.05407369
v -0.00302970 0.00636500 0.05404150
v -0.00327605 0.00697976 0.05401277
v -0.00302970 0.00636500 0.05404150
v -0.00355858 0.00767541 0.05407369
v -0.00306797 0.00625241 0.05394905
v -0.00355858 0.00767541 0.05407369
v -0.00298744 0.00502473 0.05379295
v -0.00355858 0.00767541 0.05407369
v -0.00327605 0.00697976 0.05401277
v -0.00356138 0.00768125 0.05407404
v -0.00306797 0.00625241 0.05394905
v -0.00305730 0.00620365 0.05394500
v -0.00302970 0.00636500 0.05404150
v -0.00306797 0.00625241 0.05394905
v -0.00298744 0.00502473 0.05379295
v -0.00298732 0.00501656 0.05379205
v -0.00297874 0.00518817 0.05381894
v -0.00371760 0.00229663 0.05353391
v -0.00370497 0.00229156 0.05353718
v -0.00370449 0.00229234 0.05353713
v -0.00297874 0.00518817 0.05381894
v -0.00370449 0.00229234 0.05353713
v -0.00370497 0.00229156 0.05353718
v -0.00335997 0.00691086 0.05394119
v -0.00298732 0.00501656 0.05379217
v -0.00313657 0.00371051 0.05367785
v -0.00295246 0.00501472 0.05381548
v -0.00335997 0.00691086 0.05394119
v -0.00370449 0.00229234 0.05353713
v -0.00370497 0.00229156 0.05353718
v -0.00366586 0.00227147 0.05355209
v -0.00295246 0.00501472 0.05381548
v -0.00366575 0.00227177 0.05355209
v -0.00335997 0.00691086 0.05394119
v -0.00316924 0.00623578 0.05388218
v -0.00295246 0.00501472 0.05381548
v -0.00310248 0.00370067 0.05370038
v -0.00335997 0.00691086 0.05394119
v -0.00366968 0.00763667 0.05400085
v -0.00337404 0.00695157 0.05394476
v -0.00297874 0.00518817 0.05381894
v -0.00295246 0.00502300 0.05381608
v -0.00297874 0.00518817 0.05381894
v -0.00295246 0.00501472 0.05381548
v -0.00295246 0.00502300 0.05381608
v -0.00292701 0.00501263 0.05384057
v -0.00295246 0.00501472 0.05381548
v -0.00371760 0.00229663 0.05353391
v -0.00318658 0.00368881 0.05365926
v -0.00307774 0.00369269 0.05372530
v -0.00292701 0.00501263 0.05384057
v -0.00292701 0.00501263 0.05384057
v -0.00307774 0.00369269 0.05372530
v -0.00371760 0.00229663 0.05353391
v -0.00370449 0.00229234 0.05353713
v -0.00318658 0.00368881 0.05365926
v -0.00292701 0.00501263 0.05384057
v -0.00331903 0.00692326 0.05395907
v -0.00318658 0.00368881 0.05365926
v -0.00331903 0.00692326 0.05395907
v -0.00312692 0.00624365 0.05389946
v -0.00331896 0.00692326 0.05395907
v -0.00317878 0.00372183 0.05366230
v -0.00331896 0.00692326 0.05395907
v -0.00318658 0.00368881 0.05365926
v -0.00366586 0.00227147 0.05355209
v -0.00366575 0.00227177 0.05355209
v -0.00314444 0.00367737 0.05367511
v -0.00318658 0.00368881 0.05365926
v -0.00370449 0.00229234 0.05353713
v -0.00314444 0.00367737 0.05367511
v -0.00366586 0.00227147 0.05355209
v -0.00309282 0.00624907 0.05392336
v -0.00314444 0.00367737 0.05367511
v -0.00366575 0.00227177 0.05355209
v -0.00328594 0.00693244 0.05398327
v -0.00315875 0.00618786 0.05387789
v -0.00313657 0.00371051 0.05367785
v -0.00333315 0.00696427 0.05396252
v -0.00331903 0.00692326 0.05395907
v -0.00326180 0.00693834 0.05400902
v -0.00363451 0.00225431 0.05357384
v -0.00326180 0.00693834 0.05400902
v -0.00358492 0.00768703 0.05404746
v -0.00365370 0.00763994 0.05400508
v -0.00361526 0.00765824 0.05402338
v -0.00358492 0.00768703 0.05404746
v -0.00366968 0.00763667 0.05400085
v -0.00358492 0.00768703 0.05404746
v -0.00440341 0.00890118 0.05413234
v -0.00366968 0.00763667 0.05400085
v -0.01545763 0.01990962 0.05508542
v -0.01545763 0.01990962 0.05508542
v -0.01555973 0.02015453 0.05538511
v -0.01875913 0.01664942 0.05483293
v -0.01545763 0.01990962 0.05508542
v -0.01875913 0.01664942 0.05483293
v -0.01872962 0.01650643 0.05479454
v -0.01872962 0.01650643 0.05479454
v -0.00869876 0.00643647 0.05396115
v -0.00790930 0.00577474 0.05383723
v -0.00858134 0.00264281 0.05358546
v -0.00826019 0.00318074 0.05365484
v -0.00827706 0.00315237 0.05365246
v -0.00826019 0.00318074 0.05365484
v -0.00827706 0.00315237 0.05365246
v -0.00827706 0.00315237 0.05365246
v -0.00826019 0.00318074 0.05365484
v -0.00826019 0.00318074 0.05365484
v -0.00803882 0.00361121 0.05369246
v -0.00828218 0.00319141 0.05368125
v -0.00827706 0.00315237 0.05365246
v -0.00806218 0.00361913 0.05371856
v -0.00828218 0.00319141 0.05368125
v -0.00806218 0.00361913 0.05371856
v -0.00828218 0.00319147 0.05368125
v -0.00856042 0.00275892 0.05364143
v -0.00856042 0.00275892 0.05364143
v -0.00814277 0.00364268 0.05386024
v -0.00870418 0.00273693 0.05381083
v -0.00856042 0.00275892 0.05364143
v -0.00828218 0.00319147 0.05368125
v -0.00806218 0.00361913 0.05371856
v -0.00814277 0.00364268 0.05386024
v -0.00828218 0.00319147 0.05368125
v -0.00858134 0.00264281 0.05358546
v -0.00827706 0.00315237 0.05365246
v -0.00859713 0.00267601 0.05361080
v -0.00859749 0.00267541 0.05361080
v -0.00859713 0.00267601 0.05361080
v -0.00859749 0.00267541 0.05361080
v -0.00861806 0.00268823 0.05363738
v -0.00859749 0.00267541 0.05361080
v -0.00856042 0.00275892 0.05364143
v -0.00859749 0.00267541 0.05361080
v -0.00859713 0.00267601 0.05361080
v -0.00856042 0.00275892 0.05364143
v -0.00859713 0.00267601 0.05361080
v -0.00827706 0.00315237 0.05365246
v -0.00856042 0.00275892 0.05364143
v -0.00861806 0.00268823 0.05363738
v -0.00790930 0.00577474 0.05383723
v -0.00869876 0.00643647 0.05396115
v -0.00799215 0.00568414 0.05385696
v -0.00799215 0.00568414 0.05385696
v -0.00869876 0.00643647 0.05396115
v -0.00822061 0.00590760 0.05391883
v -0.00869876 0.00643647 0.05396115
v -0.00868136 0.00642425 0.05396407
v -0.00822061 0.00590760 0.05391883
v -0.00822061 0.00590760 0.05391883
v -0.00822061 0.00590760 0.05391883
v -0.00868136 0.00642425 0.05396407
v -0.00868136 0.00642425 0.05396407
v -0.00869876 0.00643647 0.05396115
v -0.00822061 0.00590760 0.05391883
v -0.00799215 0.00568414 0.05385696
v -0.00822061 0.00590760 0.05391883
v -0.00821745 0.00590318 0.05391860
v -0.00821745 0.00590318 0.05391860
v -0.00821745 0.00590318 0.05391860
v -0.00822061 0.00590760 0.05391883
v -0.00821745 0.00590318 0.05391860
v -0.00799215 0.00568414 0.05385696
v -0.00821745 0.00590318 0.05391860
v -0.00797176 0.00545329 0.05387920
v -0.00812715 0.00553823 0.05406415
v -0.00797176 0.00545329 0.05387920
v -0.00797176 0.00545329 0.05387920
v -0.00795507 0.00541091 0.05387538
v -0.00795507 0.00541091 0.05387538
v -0.00795507 0.00541091 0.05387538
v -0.00797176 0.00545329 0.05387920
v -0.00795513 0.00541085 0.05387538
v -0.00795513 0.00541085 0.05387538
v -0.00797176 0.00545329 0.05387920
v -0.00770676 0.00483418 0.05375748
v -0.00799215 0.00568414 0.05385696
v -0.00777823 0.00480521 0.05378866
v -0.00778013 0.00497448 0.05378848
v -0.00770676 0.00483418 0.05375748
v -0.00799215 0.00568414 0.05385696
v -0.00778013 0.00497448 0.05378848
v -0.00799215 0.00568414 0.05385696
v -0.00795507 0.00541091 0.05387538
v -0.00784302 0.00498265 0.05383807
v -0.00777823 0.00480521 0.05378866
v -0.00784302 0.00498265 0.05383807
v -0.00784302 0.00498265 0.05383807
v -0.00784302 0.00498265 0.05383807
v -0.00777823 0.00480521 0.05378866
v -0.00784302 0.00498265 0.05383807
v -0.00784004 0.00496203 0.05383616
v -0.00784004 0.00496203 0.05383616
v -0.00784004 0.00496203 0.05383616
v -0.00784302 0.00498265 0.05383807
v -0.00785983 0.00495684 0.05386435
v -0.00784004 0.00496203 0.05383616
v -0.00784302 0.00498265 0.05383807
v -0.00785983 0.00495684 0.05386435
v -0.00770676 0.00483418 0.05375748
v -0.00790930 0.00577474 0.05383723
v -0.00771266 0.00427830 0.05370461
v -0.00770676 0.00483418 0.05375748
v -0.00778013 0.00497448 0.05378848
v -0.00776446 0.00454706 0.05375105
v -0.00778013 0.00497448 0.05378848
v -0.00777823 0.00480521 0.05378866
v -0.00776446 0.00454706 0.05375105
v -0.00776446 0.00454706 0.05375105
v -0.00778013 0.00497448 0.05378848
v -0.00781107 0.00407809 0.05369961
v -0.00770676 0.00483418 0.05375748
v -0.00776732 0.00450671 0.05374759
v -0.00770676 0.00483418 0.05375748
v -0.00776446 0.00454706 0.05375105
v -0.00776732 0.00450671 0.05374759
v -0.00776732 0.00450671 0.05374759
v -0.00777823 0.00480521 0.05378866
v -0.00784004 0.00496203 0.05383616
v -0.00782478 0.00454652 0.05379974
v -0.00782478 0.00454652 0.05379974
v -0.00776732 0.00450671 0.05374759
v -0.00776446 0.00454706 0.05375105
v -0.00780207 0.00450742 0.05377084
v -0.00777823 0.00480521 0.05378866
v -0.00785983 0.00495684 0.05386435
v -0.00784475 0.00454515 0.05382823
v -0.00782478 0.00454652 0.05379974
v -0.00784475 0.00454515 0.05382823
v -0.00784475 0.00454515 0.05382823
v -0.00777823 0.00480521 0.05378866
v -0.00782478 0.00454652 0.05379974
v -0.00782758 0.00450718 0.05379635
v -0.00782758 0.00450718 0.05379635
v -0.00782758 0.00450718 0.05379635
v -0.00782758 0.00450718 0.05379635
v -0.00782478 0.00454652 0.05379974
v -0.00782758 0.00450718 0.05379635
v -0.00771266 0.00427830 0.05370461
v -0.00770676 0.00483418 0.05375748
v -0.00781107 0.00407809 0.05369961
v -0.00781107 0.00407809 0.05369961
v -0.00776732 0.00450671 0.05374759
v -0.00782931 0.00412053 0.05371367
v -0.00782931 0.00412053 0.05371367
v -0.00786328 0.00412661 0.05373764
v -0.00786328 0.00412661 0.05373764
v -0.00780207 0.00450742 0.05377084
v -0.00780207 0.00450742 0.05377084
v -0.00777823 0.00480521 0.05378866
v -0.00786328 0.00412661 0.05373764
v -0.00786328 0.00412661 0.05373764
v -0.00777823 0.00480521 0.05378866
v -0.00788808 0.00413024 0.05376332
v -0.00777823 0.00480521 0.05378866
v -0.00782758 0.00450718 0.05379635
v -0.00788808 0.00413024 0.05376332
v -0.00788808 0.00413024 0.05376332
v -0.00788808 0.00413024 0.05376332
v -0.00787789 0.00406843 0.05373257
v -0.00787789 0.00406843 0.05373257
v -0.00786328 0.00412661 0.05373764
v -0.00787789 0.00406843 0.05373257
v -0.00788808 0.00413024 0.05376332
v -0.00790256 0.00407267 0.05375838
v -0.00787789 0.00406843 0.05373257
v -0.00790256 0.00407267 0.05375838
v -0.00790256 0.00407267 0.05375838
v -0.00790256 0.00407267 0.05375838
v -0.00771266 0.00427830 0.05370461
v -0.00781107 0.00407809 0.05369961
v -0.00801587 0.00354379 0.05365645
v -0.00799310 0.00372046 0.05370205
v -0.00799316 0.00372058 0.05370205
v -0.00799310 0.00372046 0.05370205
v -0.00799316 0.00372058 0.05370205
v -0.00799316 0.00372058 0.05370205
v -0.00801682 0.00372767 0.05372816
v -0.00801682 0.00372767 0.05372816
v -0.00801682 0.00372767 0.05372816
v -0.00801682 0.00372767 0.05372816
v -0.00781107 0.00407809 0.05369961
v -0.00799310 0.00372046 0.05370205
v -0.00803882 0.00361121 0.05369246
v -0.00803882 0.00361121 0.05369246
v -0.00803882 0.00361121 0.05369246
v -0.00803882 0.00361121 0.05369246
v -0.00799310 0.00372046 0.05370205
v -0.00806218 0.00361913 0.05371856
v -0.00858134 0.00264281 0.05358546
v -0.00801587 0.00354379 0.05365645
v -0.00826019 0.00318074 0.05365484
v -0.00826019 0.00318074 0.05365484
v -0.00803882 0.00361121 0.05369246
v -0.00861859 0.00268757 0.05363714
v -0.00858134 0.00264281 0.05358546
v -0.00859749 0.00267541 0.05361080
v -0.00861859 0.00268757 0.05363714
v -0.01145392 -0.00116551 0.05347341
v -0.00861859 0.00268757 0.05363714
v -0.00861859 0.00268757 0.05363714
v -0.00861806 0.00268823 0.05363738
v -0.01123279 -0.00129396 0.05321717
v -0.00858134 0.00264281 0.05358546
v -0.01131200 -0.00123650 0.05324757
v -0.01127278 -0.00126565 0.05322599
v -0.01123279 -0.00129396 0.05321717
v -0.01131200 -0.00123650 0.05324757
v -0.01130813 -0.00124180 0.05324465
v -0.01127278 -0.00126565 0.05322599
v -0.01131200 -0.00123650 0.05324757
v -0.01133656 -0.00122356 0.05326980
v -0.01130813 -0.00124180 0.05324465
v -0.01131200 -0.00123650 0.05324757
v -0.01135736 -0.00121134 0.05329614
v -0.01133656 -0.00122356 0.05326980
v -0.01131200 -0.00123650 0.05324757
v -0.00858134 0.00264281 0.05358546
v -0.00861859 0.00268757 0.05363714
v -0.01135718 -0.00121075 0.05329602
v -0.01135736 -0.00121134 0.05329614
v -0.01131200 -0.00123650 0.05324757
v -0.01135718 -0.00121075 0.05329602
v -0.01131200 -0.00123650 0.05324757
v -0.01145392 -0.00116551 0.05347341
v -0.01135736 -0.00121134 0.05329614
v -0.01135718 -0.00121075 0.05329602
v -0.01135718 -0.00121075 0.05329602
v -0.01135718 -0.00121075 0.05329602
v -0.00861859 0.00268757 0.05363714
v -0.01135718 -0.00121075 0.05329602
v -0.01135736 -0.00121134 0.05329614
v -0.01223933 -0.00263590 0.05314618
v -0.01223933 -0.00263590 0.05314606
v -0.01223462 -0.00262612 0.05314683
v -0.01223462 -0.00262612 0.05314683
v -0.01223933 -0.00263590 0.05314618
v -0.01278042 -0.00420332 0.05300897
v -0.01274639 -0.00420862 0.05298519
v -0.01220798 -0.00264901 0.05312144
v -0.01287257 -0.00564194 0.05284309
v -0.01287090 -0.00558543 0.05284798
v -0.01291674 -0.00561309 0.05286258
v -0.01287257 -0.00564194 0.05284309
v -0.01287090 -0.00558543 0.05284798
v -0.01287090 -0.00558543 0.05284798
v -0.01287257 -0.00564194 0.05284309
v -0.01223933 -0.00263590 0.05314606
v -0.01287090 -0.00558543 0.05284798
v -0.01287257 -0.00564194 0.05284309
v -0.01282119 -0.00558644 0.05284166
v -0.01274794 -0.00421482 0.05298411
v -0.01220798 -0.00264901 0.05312144
v -0.01283085 -0.00422585 0.05306094
v -0.01294910 -0.00558633 0.05288785
v -0.01281130 -0.00422752 0.05303215
v -0.01220798 -0.00264901 0.05312144
v -0.01274639 -0.00420862 0.05298519
v -0.01223462 -0.00262612 0.05314683
v -0.01220315 -0.00263935 0.05312246
v -0.01281130 -0.00422752 0.05303215
v -0.01294910 -0.00558633 0.05288785
v -0.01220315 -0.00263935 0.05312246
v -0.01228111 -0.00243115 0.05335259
v -0.01280540 -0.00420016 0.05303466
v -0.01220315 -0.00263935 0.05312246
v -0.01220798 -0.00264901 0.05312144
v -0.01274794 -0.00421482 0.05298411
v -0.01270407 -0.00421631 0.05296766
v -0.01216900 -0.00266635 0.05310326
v -0.01280540 -0.00420016 0.05303466
v -0.01280540 -0.00420016 0.05303466
v -0.01281130 -0.00422752 0.05303215
v -0.01220798 -0.00264901 0.05312144
v -0.01280540 -0.00420016 0.05303466
v -0.01281130 -0.00422752 0.05303215
v -0.01278626 -0.00423062 0.05300647
v -0.01265561 -0.00422627 0.05296057
v -0.01211977 -0.00267768 0.05309593
v -0.01216900 -0.00266635 0.05310326
v -0.01270407 -0.00421631 0.05296766
v -0.01216900 -0.00266635 0.05310326
v -0.01270407 -0.00421631 0.05296766
v -0.01294910 -0.00558633 0.05288785
v -0.01294910 -0.00558633 0.05288785
v -0.01278626 -0.00423062 0.05300647
v -0.01216900 -0.00266635 0.05310326
v -0.01270407 -0.00421631 0.05296766
v -0.01220315 -0.00263935 0.05312246
v -0.01216435 -0.00265670 0.05310416
v -0.01278626 -0.00423062 0.05300647
v -0.01294910 -0.00558633 0.05288785
v -0.01291674 -0.00561309 0.05286258
v -0.01278626 -0.00423062 0.05300647
v -0.01216435 -0.00265670 0.05310416
v -0.01216435 -0.00265670 0.05310416
v -0.01216435 -0.00265670 0.05310416
v -0.01278042 -0.00420332 0.05300897
v -0.01145392 -0.00116551 0.05347341
v -0.01225751 -0.00261730 0.05317318
v -0.01135843 -0.00121254 0.05329596
v -0.01278042 -0.00420332 0.05300897
v -0.01135736 -0.00121134 0.05329614
v -0.01278042 -0.00420332 0.05300897
v -0.01225751 -0.00261730 0.05317318
v -0.01135843 -0.00121254 0.05329596
v -0.01135843 -0.00121254 0.05329596
v -0.01225751 -0.00261730 0.05317318
v -0.01288223 -0.00706166 0.05276376
v -0.01287508 -0.00706482 0.05275869
v -0.01287508 -0.00706434 0.05275869
v -0.01225751 -0.00261730 0.05317318
v -0.01223462 -0.00262612 0.05314683
v -0.01135843 -0.00121254 0.05329596
v -0.01287508 -0.00706434 0.05275869
v -0.01287508 -0.00706482 0.05275869
v -0.01133865 -0.00122613 0.05326932
v -0.01133656 -0.00122356 0.05326980
v -0.01135736 -0.00121134 0.05329614
v -0.01287508 -0.00706434 0.05275869
v -0.01287508 -0.00706482 0.05275869
v -0.01283967 -0.00715965 0.05272877
v -0.01133865 -0.00122613 0.05326932
v -0.01223462 -0.00262612 0.05314683
v -0.01283967 -0.00715965 0.05272877
v -0.01279705 -0.00705397 0.05271959
v -0.01279759 -0.00705135 0.05271977
v -0.01133865 -0.00122613 0.05326932
v -0.01270973 -0.00424331 0.05296540
v -0.01277267 -0.00705004 0.05271673
v -0.01279705 -0.00705397 0.05271959
v -0.01279759 -0.00705135 0.05271977
v -0.01133656 -0.00122356 0.05326980
v -0.01270973 -0.00424331 0.05296540
v -0.01270973 -0.00424331 0.05296540
v -0.01288223 -0.00706166 0.05276376
v -0.01308977 -0.00502533 0.05316960
v -0.01270973 -0.00424331 0.05296540
v -0.01130813 -0.00124180 0.05324465
v -0.01133656 -0.00122356 0.05326980
v -0.01131135 -0.00124586 0.05324435
v -0.01133865 -0.00122613 0.05326932
v -0.01131135 -0.00124586 0.05324435
v -0.01131135 -0.00124586 0.05324435
v -0.01130813 -0.00124180 0.05324465
v -0.01127737 -0.00127131 0.05322527
v -0.01295077 -0.00564343 0.05288285
v -0.01131135 -0.00124586 0.05324435
v -0.01295077 -0.00564343 0.05288285
v -0.01123279 -0.00129396 0.05321717
v -0.01127278 -0.00126565 0.05322599
v -0.01127737 -0.00127131 0.05322527
v -0.01226234 -0.00262702 0.05317229
v -0.01127278 -0.00126565 0.05322599
v -0.01127737 -0.00127131 0.05322527
v -0.01226234 -0.00262702 0.05317229
v -0.01295077 -0.00564343 0.05288285
v -0.01287508 -0.00706434 0.05275869
v -0.01283967 -0.00715965 0.05272877
v -0.01295077 -0.00564343 0.05288285
v -0.01308977 -0.00502533 0.05316960
v -0.01295077 -0.00564343 0.05288285
v -0.01223933 -0.00263590 0.05314618
v -0.01226234 -0.00262702 0.05317229
v -0.01223933 -0.00263590 0.05314606
v -0.01277267 -0.00705004 0.05271673
v -0.01278042 -0.00420332 0.05300897
v -0.01279759 -0.00705135 0.05271977
v -0.01279759 -0.00705135 0.05271977
v -0.01181602 -0.00975847 0.05249947
v -0.01236456 -0.00894886 0.05259364
v -0.01184391 -0.00978082 0.05252099
v -0.01184374 -0.00978118 0.05252099
v -0.01186430 -0.00979835 0.05254501
v -0.01184374 -0.00978118 0.05252099
v -0.01184391 -0.00978082 0.05252099
v -0.01268005 -0.00802505 0.05265116
v -0.01283967 -0.00715965 0.05272877
v -0.01271373 -0.00803614 0.05267357
v -0.01184391 -0.00978082 0.05252099
v -0.01184374 -0.00978118 0.05252099
v -0.01236456 -0.00894886 0.05259364
v -0.01283967 -0.00715965 0.05272877
v -0.01271462 -0.00803292 0.05267399
v -0.01271373 -0.00803614 0.05267357
v -0.01236456 -0.00894886 0.05259364
v -0.01238745 -0.00896245 0.05261796
v -0.01184391 -0.00978082 0.05252099
v -0.01271373 -0.00803614 0.05267357
v -0.01271468 -0.00803292 0.05267399
v -0.01271462 -0.00803292 0.05267399
v -0.01186430 -0.00979835 0.05254501
v -0.01184391 -0.00978082 0.05252099
v -0.01186442 -0.00979829 0.05254489
v -0.01271373 -0.00803614 0.05267357
v -0.01271462 -0.00803292 0.05267399
v -0.01238745 -0.00896245 0.05261796
v -0.01186442 -0.00979829 0.05254489
v -0.01186442 -0.00979829 0.05254489
v -0.01188278 -0.00981879 0.05258202
v -0.01186430 -0.00979835 0.05254501
v -0.01186442 -0.00979829 0.05254489
v -0.01238745 -0.00896245 0.05261796
v -0.01186442 -0.00979829 0.05254489
v -0.01186442 -0.00979829 0.05254489
v -0.01186430 -0.00979835 0.05254501
v -0.01238745 -0.00896245 0.05261796
v -0.01271468 -0.00803292 0.05267399
v -0.01288223 -0.00706166 0.05276376
v -0.01273924 -0.00804168 0.05269867
v -0.01273924 -0.00804168 0.05269867
v -0.01288223 -0.00706166 0.05276376
v -0.01274091 -0.00804490 0.05269992
v -0.01271373 -0.00803614 0.05267357
v -0.01273822 -0.00804496 0.05269837
v -0.01273822 -0.00804496 0.05269837
v -0.01273924 -0.00804168 0.05269867
v -0.01273822 -0.00804496 0.05269837
v -0.01274091 -0.00804490 0.05269992
v -0.01273924 -0.00804168 0.05269867
v -0.01210594 -0.00918007 0.05252271
v -0.01263821 -0.00801235 0.05263561
v -0.01229918 -0.00890130 0.05255776
v -0.01229918 -0.00890130 0.05255776
v -0.01263821 -0.00801235 0.05263561
v -0.01229465 -0.00891054 0.05255705
v -0.01279705 -0.00705397 0.05271959
v -0.01279687 -0.00705725 0.05271905
v -0.01229465 -0.00891054 0.05255705
v -0.01229465 -0.00891054 0.05255705
v -0.01229918 -0.00890130 0.05255776
v -0.01279705 -0.00705397 0.05271959
v -0.01283967 -0.00715965 0.05272877
v -0.01279687 -0.00705725 0.05271905
v -0.01279687 -0.00705725 0.05271905
v -0.01279705 -0.00705397 0.05271959
v -0.01229465 -0.00891054 0.05255705
v -0.01229918 -0.00890130 0.05255776
v -0.01233810 -0.00892198 0.05257266
v -0.01263821 -0.00801235 0.05263561
v -0.01268005 -0.00802505 0.05265116
v -0.01233810 -0.00892198 0.05257266
v -0.01268005 -0.00802505 0.05265116
v -0.01283967 -0.00715965 0.05272877
v -0.01233345 -0.00893128 0.05257195
v -0.01233345 -0.00893128 0.05257195
v -0.01233345 -0.00893128 0.05257195
v -0.01233810 -0.00892198 0.05257266
v -0.01233810 -0.00892198 0.05257266
v -0.01236939 -0.00893950 0.05259466
v -0.01233345 -0.00893128 0.05257195
v -0.01263892 -0.00800920 0.05263584
v -0.01263892 -0.00800920 0.05263584
v -0.01279687 -0.00705725 0.05271905
v -0.01236939 -0.00893950 0.05259466
v -0.01263892 -0.00800920 0.05263584
v -0.01236456 -0.00894886 0.05259364
v -0.01236939 -0.00893950 0.05259466
v -0.01236939 -0.00893950 0.05259466
v -0.01239222 -0.00895298 0.05261886
v -0.01263821 -0.00801235 0.05263561
v -0.01273822 -0.00804496 0.05269837
v -0.01274091 -0.00804490 0.05269992
v -0.01239222 -0.00895298 0.05261886
v -0.01239222 -0.00895298 0.05261886
v -0.01239222 -0.00895298 0.05261886
v -0.01279687 -0.00705725 0.05271905
v -0.01283967 -0.00715965 0.05272877
v -0.01268076 -0.00802183 0.05265146
v -0.01263892 -0.00800920 0.05263584
v -0.01239222 -0.00895298 0.05261886
v -0.01178145 -0.00973058 0.05248516
v -0.01210594 -0.00918007 0.05252271
v -0.01229465 -0.00891054 0.05255705
v -0.01178145 -0.00973058 0.05248516
v -0.01178038 -0.00973201 0.05248516
v -0.01210594 -0.00918007 0.05252271
v -0.01178145 -0.00973058 0.05248516
v -0.01178038 -0.00973201 0.05248516
v -0.01268005 -0.00802505 0.05265116
v -0.01268076 -0.00802183 0.05265146
v -0.01181602 -0.00975847 0.05249947
v -0.01178038 -0.00973201 0.05248516
v -0.01178145 -0.00973058 0.05248516
v -0.01268076 -0.00802183 0.05265146
v -0.01283967 -0.00715965 0.05272877
v -0.01288223 -0.00706166 0.05276376
v -0.01271462 -0.00803292 0.05267399
v -0.01178145 -0.00973058 0.05248516
v -0.01181608 -0.00975794 0.05249959
v -0.01181602 -0.00975847 0.05249947
v -0.01178145 -0.00973058 0.05248516
v -0.01181608 -0.00975794 0.05249959
v -0.01181608 -0.00975794 0.05249959
v -0.01271462 -0.00803292 0.05267399
v -0.01288223 -0.00706166 0.05276376
v -0.01271468 -0.00803292 0.05267399
v -0.01181608 -0.00975794 0.05249959
v -0.01233345 -0.00893128 0.05257195
v -0.01181602 -0.00975847 0.05249947
v -0.01100295 -0.01079183 0.05245786
v -0.01098555 -0.01077139 0.05243438
v -0.01188278 -0.00981879 0.05258202
v -0.01100295 -0.01079183 0.05245786
v -0.01098555 -0.01077139 0.05243438
v -0.01052814 -0.01111334 0.05236732
v -0.01184374 -0.00978118 0.05252099
v -0.01184374 -0.00978118 0.05252099
v -0.01186430 -0.00979835 0.05254501
v -0.01188278 -0.00981879 0.05258202
v -0.01184374 -0.00978118 0.05252099
v -0.01052814 -0.01111334 0.05236732
v -0.01052814 -0.01111334 0.05236732
v -0.01178038 -0.00973201 0.05248516
v -0.01052814 -0.01111334 0.05236732
v -0.00962812 -0.01175129 0.05234855
v -0.01022922 -0.01141369 0.05240345
v -0.00964051 -0.01177567 0.05237174
v -0.00964051 -0.01177567 0.05237174
v -0.01022922 -0.01141369 0.05240345
v -0.00964051 -0.01177567 0.05237174
v -0.01022922 -0.01141369 0.05240345
v -0.00897527 -0.01200860 0.05227875
v -0.00962812 -0.01175129 0.05234855
v -0.00930333 -0.01192134 0.05233365
v -0.00962812 -0.01175129 0.05234855
v -0.00930333 -0.01192134 0.05233365
v -0.00930333 -0.01192134 0.05233365
v -0.00962812 -0.01175129 0.05234855
v -0.00931466 -0.01194638 0.05235683
v -0.00930333 -0.01192134 0.05233365
v -0.00931466 -0.01194638 0.05235683
v -0.00931466 -0.01194638 0.05235683
v -0.01052814 -0.01111334 0.05236732
v -0.01098555 -0.01077139 0.05243438
v -0.01035702 -0.01129060 0.05238872
v -0.01035702 -0.01129060 0.05238872
v -0.01035702 -0.01129060 0.05238872
v -0.01098555 -0.01077139 0.05243438
v -0.01037198 -0.01131337 0.05241239
v -0.01037198 -0.01131337 0.05241239
v -0.01037198 -0.01131337 0.05241239
v -0.01100295 -0.01079183 0.05245786
v -0.00897527 -0.01200860 0.05227875
v -0.00930333 -0.01192134 0.05233365
v -0.00825256 -0.01236563 0.05229485
v -0.00825214 -0.01236581 0.05229485
v -0.00897527 -0.01200860 0.05227875
v -0.00825256 -0.01236563 0.05229485
v -0.00825256 -0.01236563 0.05229485
v -0.00825214 -0.01236581 0.05229485
v -0.00826120 -0.01239168 0.05231785
v -0.00825268 -0.01241290 0.05233389
v -0.00825214 -0.01236581 0.05229485
v -0.00825256 -0.01236563 0.05229485
v -0.00826120 -0.01239174 0.05231785
v -0.00826120 -0.01239174 0.05231785
v -0.00826120 -0.01239168 0.05231785
v -0.00825268 -0.01241290 0.05233389
v -0.00826120 -0.01239168 0.05231785
v -0.00931466 -0.01194638 0.05235683
v -0.00826120 -0.01239174 0.05231785
v -0.00931466 -0.01194638 0.05235683
v -0.00964987 -0.01179575 0.05239850
v -0.00825268 -0.01241290 0.05233389
v -0.00826120 -0.01239174 0.05231785
v -0.00931466 -0.01194638 0.05235683
v -0.00825268 -0.01241290 0.05233389
v -0.01052814 -0.01111334 0.05236732
v -0.01035702 -0.01129060 0.05238872
v -0.01021498 -0.01139044 0.05238014
v -0.01021498 -0.01139044 0.05238014
v -0.01021498 -0.01139044 0.05238014
v -0.01035702 -0.01129060 0.05238872
v -0.01021498 -0.01139044 0.05238014
v -0.01022922 -0.01141369 0.05240345
v -0.00897527 -0.01200860 0.05227875
v -0.01052814 -0.01111334 0.05236732
v -0.00962812 -0.01175129 0.05234855
v -0.01021498 -0.01139044 0.05238014
v -0.00964051 -0.01177567 0.05237174
v -0.00411230 -0.01301485 0.05228245
v -0.00500858 -0.01291209 0.05220758
v -0.00644398 -0.01283168 0.05225813
v -0.00500858 -0.01291209 0.05220758
v -0.00644398 -0.01283168 0.05225813
v -0.00703424 -0.01272875 0.05228561
v -0.00703424 -0.01272875 0.05228561
v -0.00825268 -0.01241290 0.05233389
v -0.00644398 -0.01283168 0.05225813
v -0.00703424 -0.01272875 0.05228561
v 0.00016594 -0.01224201 0.05226242
v -0.00177562 -0.01280260 0.05224812
v 0.00004614 -0.01236552 0.05229485
v 0.00004614 -0.01236552 0.05229485
v 0.00016594 -0.01224201 0.05226242
v -0.00500858 -0.01291209 0.05220758
v -0.00177562 -0.01280260 0.05224812
v -0.00500858 -0.01291209 0.05220758
v -0.00411230 -0.01301485 0.05228245
v -0.00177562 -0.01280260 0.05224812
v 0.00190216 -0.01144051 0.05235081
v 0.00202817 -0.01138699 0.05238050
v 0.00216204 -0.01129311 0.05238854
v 0.00202817 -0.01138699 0.05238050
v 0.00216204 -0.01129311 0.05238854
v 0.00202817 -0.01138699 0.05238050
v 0.00204259 -0.01140999 0.05240374
v 0.00216204 -0.01129311 0.05238854
v 0.00216204 -0.01129311 0.05238854
v 0.00202817 -0.01138699 0.05238050
v 0.00204259 -0.01140999 0.05240374
v 0.00217694 -0.01131588 0.05241209
v 0.00111216 -0.01191908 0.05233389
v 0.00217694 -0.01131588 0.05241209
v 0.00111216 -0.01191908 0.05233389
v 0.00204259 -0.01140999 0.05240374
v 0.00217694 -0.01131588 0.05241209
v 0.00111216 -0.01191908 0.05233389
v 0.00004614 -0.01236552 0.05229485
v 0.00112343 -0.01194387 0.05235707
v 0.00112343 -0.01194387 0.05235707
v 0.00009310 -0.01253443 0.05249333
v 0.00275910 -0.01076400 0.05240029
v 0.00190216 -0.01144051 0.05235081
v 0.00279331 -0.01076740 0.05242937
v 0.00016594 -0.01224201 0.05226242
v 0.00111216 -0.01191908 0.05233389
v 0.00190216 -0.01144051 0.05235081
v 0.00190216 -0.01144051 0.05235081
v 0.00216204 -0.01129311 0.05238854
v 0.00279331 -0.01076740 0.05242937
v 0.00279331 -0.01076740 0.05242937
v 0.00216204 -0.01129311 0.05238854
v 0.00279599 -0.01077163 0.05243414
v 0.00279599 -0.01077163 0.05243414
v 0.00279599 -0.01077163 0.05243414
v 0.00281382 -0.01079171 0.05245786
v 0.00279331 -0.01076740 0.05242937
v 0.00281346 -0.01079231 0.05245774
v 0.00281346 -0.01079231 0.05245774
v 0.00279331 -0.01076740 0.05242937
v 0.00279599 -0.01077163 0.05243414
v 0.00281346 -0.01079231 0.05245774
v 0.00281346 -0.01079231 0.05245774
v 0.00281346 -0.01079231 0.05245774
v 0.00217694 -0.01131588 0.05241209
v 0.00142801 -0.01175457 0.05234813
v 0.00281382 -0.01079171 0.05245786
v 0.00142801 -0.01175457 0.05234813
v 0.00281346 -0.01079231 0.05245774
v 0.00217694 -0.01131588 0.05241209
v 0.00283670 -0.01081180 0.05250012
v 0.00217694 -0.01131588 0.05241209
v 0.00203431 -0.01144593 0.05243802
v 0.00283670 -0.01081180 0.05250012
v 0.00281382 -0.01079171 0.05245786
v 0.00281346 -0.01079231 0.05245774
v 0.00283670 -0.01081180 0.05250012
v 0.00144035 -0.01177901 0.05237156
v 0.00142801 -0.01175457 0.05234813
v 0.00144035 -0.01177901 0.05237156
v 0.00144035 -0.01177901 0.05237156
v 0.00112343 -0.01194387 0.05235707
v 0.00275910 -0.01076400 0.05240029
v 0.00190216 -0.01144051 0.05235081
v 0.00190216 -0.01144051 0.05235081
v 0.00142801 -0.01175457 0.05234813
v 0.00202817 -0.01138699 0.05238050
v 0.00142801 -0.01175457 0.05234813
v 0.00204259 -0.01140999 0.05240374
v 0.00144035 -0.01177901 0.05237156
v 0.00355029 -0.00976610 0.05247724
v 0.00340277 -0.01005792 0.05247324
v 0.00390601 -0.00931805 0.05253797
v 0.00340277 -0.01005792 0.05247324
v 0.00390601 -0.00931805 0.05253797
v 0.00390601 -0.00931805 0.05253797
v 0.00340277 -0.01005792 0.05247324
v 0.00340277 -0.01005792 0.05247324
v 0.00372797 -0.00970119 0.05252534
v 0.00390601 -0.00931805 0.05253797
v 0.00423777 -0.00849605 0.05259156
v 0.00390655 -0.00931710 0.05253803
v 0.00390655 -0.00931710 0.05253803
v 0.00390655 -0.00931710 0.05253803
v 0.00390601 -0.00931805 0.05253797
v 0.00372797 -0.00970119 0.05252534
v 0.00432563 -0.00854325 0.05263960
v 0.00390655 -0.00931710 0.05253803
v 0.00390601 -0.00931805 0.05253797
v 0.00432563 -0.00854325 0.05263960
v 0.00372797 -0.00970119 0.05252534
v 0.00345016 -0.01009953 0.05251842
v 0.00395846 -0.00935215 0.05258399
v 0.00345016 -0.01009953 0.05251842
v 0.00395846 -0.00935215 0.05258399
v 0.00345016 -0.01009953 0.05251842
v 0.00378573 -0.00982291 0.05268090
v 0.00395846 -0.00935215 0.05258399
v 0.00395846 -0.00935215 0.05258399
v 0.00378573 -0.00982291 0.05268090
v 0.00395900 -0.00935125 0.05258411
v 0.00395900 -0.00935125 0.05258411
v 0.00395900 -0.00935125 0.05258411
v 0.00395846 -0.00935215 0.05258399
v 0.00372797 -0.00970119 0.05252534
v 0.00428563 -0.00852108 0.05260777
v 0.00428563 -0.00852108 0.05260777
v 0.00275910 -0.01076400 0.05240029
v 0.00340158 -0.01005941 0.05247306
v 0.00428569 -0.00852090 0.05260789
v 0.00423777 -0.00849605 0.05259156
v 0.00428563 -0.00852108 0.05260777
v 0.00428569 -0.00852090 0.05260789
v 0.00390655 -0.00931710 0.05253803
v 0.00432563 -0.00854325 0.05263960
v 0.00428563 -0.00852108 0.05260777
v 0.00428569 -0.00852090 0.05260789
v 0.00428563 -0.00852108 0.05260777
v 0.00432563 -0.00854325 0.05263960
v 0.00340277 -0.01005792 0.05247324
v 0.00275910 -0.01076400 0.05240029
v 0.00340158 -0.01005941 0.05247306
v 0.00340158 -0.01005941 0.05247306
v 0.00275910 -0.01076400 0.05240029
v 0.00279331 -0.01076740 0.05242937
v 0.00372797 -0.00970119 0.05252534
v 0.00372797 -0.00970119 0.05252534
v 0.00395900 -0.00935125 0.05258411
v 0.00432563 -0.00854325 0.05263960
v 0.00281382 -0.01079171 0.05245786
v 0.00395900 -0.00935125 0.05258411
v 0.00378573 -0.00982291 0.05268090
v 0.00432563 -0.00854325 0.05263960
v 0.00340277 -0.01005792 0.05247324
v 0.00275910 -0.01076400 0.05240029
v 0.00372797 -0.00970119 0.05252534
v 0.00372797 -0.00970119 0.05252534
v 0.00281382 -0.01079171 0.05245786
v 0.00344890 -0.01010102 0.05251824
v 0.00344890 -0.01010102 0.05251824
v 0.00281382 -0.01079171 0.05245786
v 0.00283670 -0.01081180 0.05250012
v 0.00372797 -0.00970119 0.05252534
v 0.00344890 -0.01010102 0.05251824
v 0.00345016 -0.01009953 0.05251842
v 0.00345016 -0.01009953 0.05251842
v 0.00345016 -0.01009953 0.05251842
v 0.00283670 -0.01081180 0.05250012
v 0.00344890 -0.01010102 0.05251824
v 0.00344890 -0.01010102 0.05251824
v 0.00423777 -0.00849605 0.05259156
v 0.00428569 -0.00852090 0.05260789
v 0.00469941 -0.00703347 0.05272316
v 0.00428569 -0.00852090 0.05260789
v 0.00432563 -0.00854325 0.05263960
v 0.00469941 -0.00703347 0.05272316
v 0.00464976 -0.00765502 0.05274838
v 0.00469941 -0.00703347 0.05272316
v 0.00485510 0.00959760 0.05426418
v 0.00469941 -0.00703347 0.05272316
v 0.00474369 -0.00681639 0.05276381
v 0.00473881 0.00967932 0.05418336
v 0.00469941 -0.00703347 0.05272316
v 0.00485510 0.00959760 0.05426418
v 0.00507373 0.01099586 0.05429267
v 0.00473881 0.00967932 0.05418336
v 0.00514489 0.01089501 0.05430382
v 0.00473881 0.00967932 0.05418336
v 0.00500387 0.01039755 0.05431163
v 0.00514489 0.01089501 0.05430382
v 0.00561267 0.01140797 0.05438941
v 0.00514489 0.01089501 0.05430382
v 0.00598794 0.01182729 0.05436360
v 0.00500387 0.01039755 0.05431163
v 0.00735003 0.01228135 0.05440491
v 0.00752586 0.01226413 0.05440634
v 0.00514489 0.01089501 0.05430382
v 0.00561267 0.01140797 0.05438941
v 0.00598794 0.01182729 0.05436360
v 0.00598794 0.01182729 0.05436360
v 0.00613642 0.01175814 0.05445647
v 0.00752586 0.01226413 0.05440634
v 0.00752586 0.01226413 0.05440634
v 0.00598794 0.01182729 0.05436360
v 0.00561267 0.01140797 0.05438941
v 0.00613642 0.01175814 0.05445647
v 0.00709087 0.01193535 0.05464226
v 0.00878519 0.01216751 0.05449330
v 0.00752586 0.01226413 0.05440634
v 0.01109445 0.01168578 0.05435693
v 0.01090019 0.01169544 0.05440151
v 0.01128065 0.01142984 0.05436301
v 0.00985920 0.01221197 0.05439978
v 0.00982028 0.01206833 0.05446535
v 0.01046967 0.01188689 0.05443894
v 0.00985920 0.01221197 0.05439978
v 0.00752586 0.01226413 0.05440634
v 0.00878519 0.01216751 0.05449330
v 0.01128065 0.01142984 0.05436301
v 0.00878519 0.01216751 0.05449330
v 0.00985920 0.01221197 0.05439978
v 0.01046967 0.01188689 0.05443894
v 0.01109445 0.01168578 0.05435693
v 0.01046967 0.01188689 0.05443894
v 0.01195293 0.01035338 0.05425572
v 0.01159048 0.01107257 0.05431836
v 0.01153141 0.01074934 0.05456715
v 0.01159048 0.01107257 0.05431836
v 0.01150274 0.01106530 0.05439889
v 0.01153141 0.01074934 0.05456715
v 0.01128065 0.01142984 0.05436301
v 0.01117575 0.01130580 0.05456286
v 0.01123774 0.01137948 0.05442637
v 0.01109445 0.01168578 0.05435693
v 0.01128065 0.01142984 0.05436301
v 0.01159048 0.01107257 0.05431836
v 0.01123774 0.01137948 0.05442637
v 0.01150274 0.01106536 0.05439889
v 0.01150274 0.01106530 0.05439889
v 0.01123774 0.01137948 0.05442637
v 0.01150274 0.01106536 0.05439889
v 0.01150274 0.01106530 0.05439889
v 0.01159048 0.01107257 0.05431836
v 0.01150274 0.01106536 0.05439889
v 0.01211977 -0.01820147 0.05175524
v 0.01211977 -0.01820147 0.05175524
v 0.01693683 0.01024997 0.05430299
v 0.01675724 0.01109522 0.05431908
v 0.01684260 -0.01823318 0.05175310
v 0.01693683 0.01024997 0.05430299
v 0.01684260 -0.01823318 0.05175310
v 0.01697868 -0.01819217 0.05186164
v 0.01648586 0.01212966 0.05443793
v 0.01645290 0.01211988 0.05441361
v 0.01675724 0.01109522 0.05431908
v 0.01650995 0.01213598 0.05446392
v 0.01675724 0.01109522 0.05431908
v 0.01650995 0.01213598 0.05446392
v 0.01641207 0.01210695 0.05439591
v 0.01611328 0.01272004 0.05444186
v 0.01675724 0.01109522 0.05431908
v 0.01645290 0.01211988 0.05441361
v 0.01641207 0.01210695 0.05439591
v 0.01675724 0.01109522 0.05431908
v 0.01615804 0.01292467 0.05453300
v 0.01615864 0.01292347 0.05453288
v 0.01615804 0.01292467 0.05453300
v 0.01615864 0.01292347 0.05453288
v 0.01615864 0.01292347 0.05453288
v 0.01615804 0.01292467 0.05453300
v 0.01606673 0.01288115 0.05446362
v 0.01560407 0.01359969 0.05452638
v 0.01502156 0.01426702 0.05458492
v 0.01560407 0.01359969 0.05452638
v 0.01606673 0.01288115 0.05446362
v 0.01502156 0.01426702 0.05458492
v 0.01505208 0.01429623 0.05460411
v 0.01502156 0.01426702 0.05458492
v 0.01563870 0.01362419 0.05454528
v 0.01606673 0.01288115 0.05446362
v 0.01610475 0.01290029 0.05448198
v 0.01560407 0.01359969 0.05452638
v 0.01610475 0.01290029 0.05448198
v 0.01563870 0.01362419 0.05454528
v 0.01505208 0.01429623 0.05460411
v 0.01505208 0.01429623 0.05460411
v 0.01566761 0.01364243 0.05457091
v 0.01610475 0.01290029 0.05448198
v 0.01613765 0.01291126 0.05451107
v 0.01505208 0.01429623 0.05460411
v 0.01563870 0.01362419 0.05454528
v 0.01440238 0.01487630 0.05466020
v 0.01568704 0.01365602 0.05459690
v 0.01615804 0.01292467 0.05453300
v 0.01568704 0.01365602 0.05459690
v 0.01568704 0.01365602 0.05459690
v 0.01615804 0.01292467 0.05453300
v 0.01611328 0.01272004 0.05444186
v 0.01641207 0.01210695 0.05439591
v 0.01606726 0.01288014 0.05446338
v 0.01606726 0.01288014 0.05446338
v 0.01606726 0.01288014 0.05446338
v 0.01641207 0.01210695 0.05439591
v 0.01611328 0.01272004 0.05444186
v 0.01606726 0.01288014 0.05446338
v 0.01606673 0.01288115 0.05446362
v 0.01606673 0.01288115 0.05446362
v 0.01606726 0.01288014 0.05446338
v 0.01610541 0.01289916 0.05448192
v 0.01610541 0.01289916 0.05448192
v 0.01610541 0.01289916 0.05448192
v 0.01645290 0.01211988 0.05441361
v 0.01610475 0.01290029 0.05448198
v 0.01610541 0.01289916 0.05448192
v 0.01615864 0.01292347 0.05453288
v 0.01650995 0.01213598 0.05446392
v 0.01440238 0.01487630 0.05466020
v 0.01373827 0.01528626 0.05468297
v 0.01240849 0.01590687 0.05476790
v 0.01093566 0.01625227 0.05476605
v 0.01240849 0.01590687 0.05476790
v 0.01063388 0.01636117 0.05487263
v 0.01093566 0.01625227 0.05476605
v 0.01093566 0.01625227 0.05476605
v 0.01063388 0.01636117 0.05487263
v 0.00948483 0.01639813 0.05476438
v 0.00948483 0.01639813 0.05476438
v 0.00948483 0.01639813 0.05476438
v 0.00845778 0.01649892 0.05485719
v 0.00611234 0.01630657 0.05478399
v 0.00385529 0.01565057 0.05472409
v 0.00948483 0.01639813 0.05476438
v 0.00611234 0.01630657 0.05478399
v 0.00438183 0.01590001 0.05479317
v 0.00385529 0.01565057 0.05472409
v 0.00611234 0.01630657 0.05478399
v 0.00431764 0.01600974 0.05501365
v 0.00438183 0.01590001 0.05479317
v 0.00563759 0.01638251 0.05504989
v 0.00611234 0.01630657 0.05478399
v 0.00257498 0.01492959 0.05464571
v 0.00306934 0.01530170 0.05474078
v 0.00249988 0.01493936 0.05470907
v 0.00306934 0.01530170 0.05474078
v 0.00249988 0.01493936 0.05470907
v 0.00337839 0.01555991 0.05491393
v 0.00249988 0.01493936 0.05470907
v 0.00306934 0.01530170 0.05474078
v 0.00245601 0.01502788 0.05489456
v 0.00150549 0.01399195 0.05457955
v 0.00185090 0.01426702 0.05458498
v 0.00257498 0.01492959 0.05464571
v 0.00179553 0.01431876 0.05462950
v 0.00385529 0.01565057 0.05472409
v 0.00438183 0.01590001 0.05479317
v 0.00336707 0.01546216 0.05475491
v 0.00177759 0.01433444 0.05465620
v 0.00179553 0.01431876 0.05462950
v 0.00336707 0.01546216 0.05475491
v 0.00336707 0.01546216 0.05475491
v 0.00438183 0.01590001 0.05479317
v 0.00237495 0.01484829 0.05470108
v 0.00167596 0.01436501 0.05482727
v 0.00177759 0.01433444 0.05465620
v 0.00237495 0.01484829 0.05470108
v 0.00237495 0.01484829 0.05470108
v 0.00385529 0.01565057 0.05472409
v 0.00336707 0.01546216 0.05475491
v 0.00257498 0.01492959 0.05464571
v 0.00306934 0.01530170 0.05474078
v 0.00306934 0.01530170 0.05474078
v 0.00336707 0.01546216 0.05475491
v 0.00126803 0.01359981 0.05452638
v 0.00150549 0.01399195 0.05457955
v 0.00077963 0.01290464 0.05447834
v 0.00080594 0.01288121 0.05446362
v 0.00126803 0.01359981 0.05452638
v 0.00077963 0.01290464 0.05447834
v 0.00072837 0.01273339 0.05444574
v 0.00023982 0.01164305 0.05437654
v 0.00072837 0.01273339 0.05444574
v 0.00077963 0.01290464 0.05447834
v 0.00150549 0.01399195 0.05457955
v 0.00120544 0.01364302 0.05457025
v 0.00077963 0.01290464 0.05447834
v 0.00120544 0.01364302 0.05457025
v 0.00073705 0.01291471 0.05450654
v 0.00023982 0.01164305 0.05437654
v 0.00077963 0.01290464 0.05447834
v 0.00073705 0.01291471 0.05450654
v 0.00120544 0.01364302 0.05457025
v 0.00073705 0.01291471 0.05450654
v 0.00120544 0.01364302 0.05457025
v 0.00073704 0.01291471 0.05450654
v 0.00120544 0.01364302 0.05457025
v 0.00118512 0.01365607 0.05459690
v 0.00073704 0.01291471 0.05450654
v 0.00023982 0.01164305 0.05437654
v 0.00071464 0.01292467 0.05453288
v 0.00036488 0.01214414 0.05446779
v 0.00023982 0.01164305 0.05437654
v 0.00071464 0.01292467 0.05453288
v 0.00023982 0.01164305 0.05437654
v 0.00118512 0.01365607 0.05459690
v 0.00071464 0.01292467 0.05453288
v 0.00071464 0.01292467 0.05453288
v 0.00118512 0.01365607 0.05459690
v 0.00070843 0.01291775 0.05453270
v 0.00036488 0.01214414 0.05446779
v 0.00118512 0.01365607 0.05459690
v 0.00257498 0.01492959 0.05464571
v 0.00185090 0.01426702 0.05458498
v 0.00126952 0.01360172 0.05452656
v 0.00185090 0.01426702 0.05458498
v 0.00150549 0.01399195 0.05457955
v 0.00126952 0.01360172 0.05452656
v 0.00126952 0.01360172 0.05452656
v 0.00185090 0.01426702 0.05458498
v 0.00126803 0.01359981 0.05452638
v 0.00072837 0.01273339 0.05444574
v 0.00126803 0.01359981 0.05452638
v 0.00126952 0.01360172 0.05452656
v 0.00126803 0.01359981 0.05452638
v 0.00126803 0.01359981 0.05452638
v 0.00150549 0.01399195 0.05457955
v 0.00179553 0.01431876 0.05462950
v 0.00120693 0.01364505 0.05457037
v 0.00120693 0.01364505 0.05457037
v 0.00120693 0.01364505 0.05457037
v 0.00179553 0.01431876 0.05462950
v 0.00120693 0.01364505 0.05457037
v 0.00118661 0.01365798 0.05459702
v 0.00118661 0.01365798 0.05459702
v 0.00118661 0.01365798 0.05459702
v 0.00177759 0.01433444 0.05465620
v 0.00126803 0.01359981 0.05452638
v 0.00080594 0.01288121 0.05446362
v 0.00001772 0.01046407 0.05425840
v 0.00023982 0.01164305 0.05437654
v 0.00023982 0.01164305 0.05437654
v 0.00036488 0.01214414 0.05446779
v 0.00002292 0.01096802 0.05437344
v 0.00001772 0.01046407 0.05425840
v 0.00023982 0.01164305 0.05437654
v 0.00002292 0.01096802 0.05437344
v -0.00019216 -0.00590837 0.05287700
v -0.00014213 -0.00613898 0.05280679
v -0.00002247 0.00318289 0.05362093
v -0.00039691 -0.00689495 0.05275541
v -0.00014213 -0.00613898 0.05280679
v -0.00037311 -0.00674200 0.05280673
v -0.00083062 -0.00753534 0.05272358
v -0.00053144 -0.00739729 0.05268216
v -0.00039691 -0.00689495 0.05275541
v -0.00083062 -0.00753534 0.05272358
v -0.00039691 -0.00689495 0.05275541
v -0.00037311 -0.00674200 0.05280673
v -0.00083062 -0.00753534 0.05272358
v -0.00083062 -0.00753534 0.05272358
v -0.00014213 -0.00613898 0.05280679
v -0.00019216 -0.00590837 0.05287700
v -0.00037311 -0.00674200 0.05280673
v -0.00053144 -0.00739729 0.05268216
v -0.00083062 -0.00753534 0.05272358
v -0.00141156 -0.00803232 0.05267101
v -0.00019216 -0.00590837 0.05287700
v -0.00034034 -0.00620258 0.05303251
v -0.00037311 -0.00674200 0.05280673
v -0.00053144 -0.00739729 0.05268216
v -0.00194991 -0.00836378 0.05261856
v -0.00141156 -0.00803232 0.05267101
v -0.00200945 -0.00829470 0.05267554
v -0.00332743 -0.00878769 0.05255746
v -0.00157332 -0.00828123 0.05260688
v -0.00297224 -0.00856584 0.05261170
v -0.00157332 -0.00828123 0.05260688
v -0.00194991 -0.00836378 0.05261856
v -0.00297224 -0.00856584 0.05261170
v -0.00157332 -0.00828123 0.05260688
v -0.00297224 -0.00856584 0.05261170
v -0.00297224 -0.00856584 0.05261170
v -0.00401199 -0.00863463 0.05262094
v -0.00083062 -0.00753534 0.05272358
v -0.00114649 -0.00773603 0.05283850
v -0.00141156 -0.00803232 0.05267101
v -0.00157332 -0.00828123 0.05260688
v -0.00141156 -0.00803232 0.05267101
v -0.00194991 -0.00836378 0.05261856
v -0.00401199 -0.00863463 0.05262094
v -0.00297224 -0.00856584 0.05261170
v -0.00287497 -0.00849891 0.05268633
v -0.00551766 -0.00861484 0.05257475
v -0.00516599 -0.00856131 0.05262130
v -0.00580537 -0.00841558 0.05265784
v -0.00332743 -0.00878769 0.05255746
v -0.00401199 -0.00863463 0.05262094
v -0.00559771 -0.00844562 0.05269175
v -0.00601369 -0.00833565 0.05270147
v -0.00580537 -0.00841558 0.05265784
v -0.00559771 -0.00844562 0.05269175
v -0.00601369 -0.00833565 0.05270147
v -0.00559771 -0.00844562 0.05269175
v -0.00601369 -0.00833565 0.05270147
v -0.00601369 -0.00833565 0.05270147
v -0.00676399 -0.00806487 0.05264729
v -0.00609756 -0.00833619 0.05266135
v -0.00609756 -0.00833619 0.05266135
v -0.00609756 -0.00833619 0.05266135
v -0.00609756 -0.00833619 0.05266135
v -0.00551766 -0.00861484 0.05257475
v -0.00609756 -0.00833619 0.05266135
v -0.00676399 -0.00806487 0.05264729
v -0.00516599 -0.00856131 0.05262130
v -0.00559771 -0.00844562 0.05269175
v -0.00533623 -0.00852209 0.05264514
v -0.00516599 -0.00856131 0.05262130
v -0.00533623 -0.00852209 0.05264514
v -0.00580537 -0.00841558 0.05265784
v -0.00533623 -0.00852209 0.05264514
v -0.00533623 -0.00852209 0.05264514
v -0.02515101 -0.03824615 0.01768100
v -0.02145767 -0.04028511 0.01697874
v 0.01511192 -0.04310339 0.01575046
v 0.01390528 -0.04362493 0.01521533
v 0.01872903 -0.04174143 0.01598745
v -0.02093577 -0.04076814 0.01659661
v -0.02145767 -0.04028511 0.01697874
v -0.02515101 -0.03824615 0.01768100
v -0.02093577 -0.04076814 0.01659661
v -0.02515101 -0.03824615 0.01768100
v -0.02516806 -0.03831857 0.01736104
v 0.01924794 -0.04142230 0.01640200
v 0.01924794 -0.04142230 0.01640200
v 0.02013492 -0.04080677 0.01677840
v 0.01511192 -0.04310339 0.01575046
v 0.01924794 -0.04142230 0.01640200
v 0.02303141 -0.03950673 0.01687264
v 0.02375078 -0.03893995 0.01744478
v 0.01924794 -0.04142230 0.01640200
v 0.02303141 -0.03950673 0.01687264
v 0.01924794 -0.04142230 0.01640200
v -0.01689881 -0.04261076 0.01583921
v 0.02375078 -0.03893995 0.01744478
v 0.02715301 -0.03674209 0.01801127
v 0.02715301 -0.03674209 0.01801127
v 0.02879953 -0.03533309 0.01888966
v 0.02961605 -0.03473448 0.01879894
v -0.01243126 -0.04411840 0.01523494
v 0.03229659 -0.03223031 0.01979929
v 0.03188318 -0.03253930 0.01998043
v -0.00786364 -0.04516714 0.01469695
v -0.00397974 -0.04563868 0.01464867
v -0.00397974 -0.04563868 0.01464867
v -0.00397974 -0.04563868 0.01464867
v -0.00016096 -0.04582566 0.01443958
v 0.00171387 -0.04567790 0.01473104
v 0.00469935 -0.04558235 0.01447886
v 0.00642729 -0.04525065 0.01488566
v 0.00171387 -0.04567790 0.01473104
v 0.00469935 -0.04558235 0.01447886
v 0.00642729 -0.04525065 0.01488566
v 0.00957632 -0.04479181 0.01475554
v -0.02891111 -0.03543901 0.01884889
v -0.03240078 -0.03239780 0.01978516
v -0.02913218 -0.03539699 0.01852798
v -0.03195190 -0.03261089 0.02003949
v 0.01012325 -0.04460132 0.01510608
v 0.01012325 -0.04460132 0.01510608
v 0.01159089 -0.04403293 0.01546984
v 0.00642729 -0.04525065 0.01488566
v 0.01511192 -0.04310339 0.01575046
v 0.01012325 -0.04460132 0.01510608
v 0.01390528 -0.04362493 0.01521533
v 0.01012325 -0.04460132 0.01510608
v -0.01466220 0.04255998 0.05038392
v -0.00991559 0.04384434 0.05097436
v -0.01009118 0.04392176 0.05060958
v -0.01427096 0.04277199 0.05013740
v -0.01908111 0.04083061 0.04962962
v -0.01427096 0.04277199 0.05013740
v -0.01881957 0.04101681 0.04942947
v -0.01466220 0.04255998 0.05038392
v -0.02309751 0.03866142 0.04886651
v -0.01908111 0.04083061 0.04962962
v -0.01881957 0.04101681 0.04942947
v -0.02372008 0.03842461 0.04840648
v -0.02735322 0.03587675 0.04767346
v -0.02309751 0.03866142 0.04886651
v -0.02372008 0.03842461 0.04840648
v -0.02736145 0.03597635 0.04738169
v -0.03083127 0.03294706 0.04655504
v -0.03175652 0.03221786 0.04588204
v -0.03463643 0.02903938 0.04492300
v -0.03175652 0.03221786 0.04588204
v -0.03518670 0.02849036 0.04435884
v -0.03463643 0.02903938 0.04492300
v -0.03376501 0.02979660 0.04542821
v -0.03083127 0.03294706 0.04655504
v -0.03175652 0.03221786 0.04588204
v -0.03463643 0.02903938 0.04492300
v -0.03677845 0.02623367 0.04385948
v -0.03376501 0.02979660 0.04542821
v -0.03677845 0.02623367 0.04385948
v -0.03463643 0.02903938 0.04492300
v -0.03518670 0.02849036 0.04435884
v -0.03677845 0.02623367 0.04385948
v -0.03831833 0.02416723 0.04284375
v -0.03936052 0.02227783 0.04223871
v -0.04081767 0.01966762 0.04110002
v -0.04081767 0.01966762 0.04110002
v -0.04143959 0.01819634 0.04061824
v -0.03936052 0.02227783 0.04223871
v -0.04143959 0.01819634 0.04061824
v -0.04311347 0.01399129 0.03887248
v -0.04143959 0.01819634 0.04061824
v -0.04285019 0.01507759 0.03894394
v -0.04311347 0.01399129 0.03887248
v -0.04438591 0.00951767 0.03701967
v -0.04517245 0.00447339 0.03505957
v -0.04438591 0.00951767 0.03701967
v -0.04525429 0.00491631 0.03482294
v -0.04549694 -0.00017071 0.03308463
v -0.04549694 -0.00017071 0.03308463
v -0.04519546 -0.00533199 0.03103917
v -0.04549694 -0.00017071 0.03308463
v -0.04536980 -0.00456971 0.03103983
v -0.04519546 -0.00533199 0.03103917
v -0.04536980 -0.00456971 0.03103983
v -0.04459875 -0.00972897 0.02890032
v -0.04440599 -0.01016378 0.02907538
v -0.04335159 -0.01440656 0.02709478
v -0.04298847 -0.01514428 0.02709031
v -0.04440599 -0.01016378 0.02907538
v -0.04335159 -0.01440656 0.02709478
v -0.04298847 -0.01514428 0.02709031
v -0.04335159 -0.01440656 0.02709478
v -0.04129546 -0.01943200 0.02532482
v -0.03919094 -0.02356570 0.02356415
v -0.03831768 -0.02460008 0.02334576
v -0.04129546 -0.01943200 0.02532482
v 0.03464889 -0.02947133 0.02126574
v -0.03580904 -0.02827453 0.02183246
v -0.03831768 -0.02460008 0.02334576
v -0.03919094 -0.02356570 0.02356415
v 0.03464889 -0.02947133 0.02126574
v -0.03662115 -0.02746367 0.02185821
v 0.03547137 -0.02862077 0.02131623
v -0.03466463 -0.02985239 0.02103710
v 0.03645604 -0.02712059 0.02220249
v -0.03466463 -0.02985239 0.02103710
v -0.03195190 -0.03261089 0.02003949
v -0.03580904 -0.02827453 0.02183246
v 0.03645604 -0.02712059 0.02220249
v 0.03464889 -0.02947133 0.02126574
v 0.03547137 -0.02862077 0.02131623
v -0.03466463 -0.02985239 0.02103710
v 0.03645604 -0.02712059 0.02220249
v 0.03547137 -0.02862077 0.02131623
v 0.03836363 -0.02451550 0.02294492
v 0.03865337 -0.02389192 0.02351588
v 0.03865337 -0.02389192 0.02351588
v 0.03836363 -0.02451550 0.02294492
v 0.04077839 -0.02016055 0.02468639
v 0.04100030 -0.01946163 0.02531957
v 0.03865337 -0.02389192 0.02351588
v 0.04077839 -0.02016055 0.02468639
v 0.04100030 -0.01946163 0.02531957
v 0.04275673 -0.01538437 0.02662163
v 0.04283469 -0.01474380 0.02726674
v 0.04100030 -0.01946163 0.02531957
v 0.04275673 -0.01538437 0.02662163
v 0.04420894 -0.01027858 0.02868139
v 0.04283469 -0.01474380 0.02726674
v 0.04275673 -0.01538437 0.02662163
v 0.04418742 -0.01004737 0.02908390
v 0.04418742 -0.01004737 0.02908390
v 0.04497247 -0.00562912 0.03069299
v 0.04494911 -0.00484937 0.03125572
v 0.04418742 -0.01004737 0.02908390
v 0.04497247 -0.00562912 0.03069299
v 0.04494911 -0.00484937 0.03125572
v 0.04529130 -0.00080949 0.03250789
v 0.04494911 -0.00484937 0.03125572
v 0.04497247 -0.00562912 0.03069299
v 0.04522198 -0.00044584 0.03298354
v 0.04522198 -0.00044584 0.03298354
v 0.04500186 0.00048542 0.03360837
v 0.04494911 -0.00484937 0.03125572
v 0.04522198 -0.00044584 0.03298354
v 0.04529130 -0.00080949 0.03250789
v 0.04508841 0.00390768 0.03441232
v 0.04501390 0.00392628 0.03473663
v 0.04501390 0.00392628 0.03473663
v 0.04500186 0.00048542 0.03360837
v 0.04522198 -0.00044584 0.03298354
v 0.04501390 0.00392628 0.03473663
v 0.04473209 0.00576872 0.03557205
v 0.04500186 0.00048542 0.03360837
v 0.04473209 0.00576872 0.03557205
v 0.04438042 0.00862718 0.03635025
v 0.04408693 0.00958156 0.03707313
v 0.04373306 0.01039689 0.03757286
v 0.04473209 0.00576872 0.03557205
v 0.04408693 0.00958156 0.03707313
v 0.04473209 0.00576872 0.03557205
v 0.04438042 0.00862718 0.03635025
v 0.04408693 0.00958156 0.03707313
v 0.04438042 0.00862718 0.03635025
v 0.04304552 0.01370006 0.03837281
v 0.04285061 0.01410716 0.03885191
v 0.04285061 0.01410716 0.03885191
v 0.04223442 0.01533699 0.03955936
v 0.04373306 0.01039689 0.03757286
v 0.04285061 0.01410716 0.03885191
v 0.04373306 0.01039689 0.03757286
v 0.04408693 0.00958156 0.03707313
v 0.04285061 0.01410716 0.03885191
v 0.04135966 0.01802843 0.04035699
v 0.04135966 0.01802843 0.04035699
v 0.04022407 0.02012825 0.04140520
v 0.04223442 0.01533699 0.03955936
v 0.04135966 0.01802843 0.04035699
v 0.04223442 0.01533699 0.03955936
v 0.04285061 0.01410716 0.03885191
v 0.03916651 0.02230739 0.04211068
v 0.04022407 0.02012825 0.04140520
v 0.04135966 0.01802843 0.04035699
v 0.03916651 0.02230739 0.04211068
v 0.03749275 0.02456372 0.04336357
v 0.04022407 0.02012825 0.04140520
v 0.03710883 0.02543824 0.04349446
v 0.03749275 0.02456372 0.04336357
v 0.03916651 0.02230739 0.04211068
v 0.03649783 0.02647119 0.04354876
v 0.03710883 0.02543824 0.04349446
v 0.03916651 0.02230739 0.04211068
v 0.03710883 0.02543824 0.04349446
v 0.03426790 0.02907514 0.04501748
v 0.03749275 0.02456372 0.04336357
v 0.03426790 0.02907514 0.04501748
v 0.03710883 0.02543824 0.04349446
v 0.03649783 0.02647119 0.04354876
v 0.03426790 0.02907514 0.04501748
v 0.03649783 0.02647119 0.04354876
v 0.03344672 0.03019309 0.04504656
v 0.03085041 0.03263753 0.04646795
v 0.03426790 0.02907514 0.04501748
v 0.03344672 0.03019309 0.04504656
v 0.03085041 0.03263753 0.04646795
v 0.03344672 0.03019309 0.04504656
v 0.03010201 0.03350859 0.04639738
v 0.02695626 0.03593629 0.04774492
v 0.03085041 0.03263753 0.04646795
v 0.03010201 0.03350859 0.04639738
v 0.02643132 0.03644776 0.04757815
v 0.02695626 0.03593629 0.04774492
v 0.03010201 0.03350859 0.04639738
v 0.02281516 0.03869104 0.04885423
v 0.02695626 0.03593629 0.04774492
v 0.02643132 0.03644776 0.04757815
v 0.02281516 0.03869104 0.04885423
v 0.02643132 0.03644776 0.04757815
v 0.02227735 0.03911274 0.04865872
v 0.01842069 0.04097890 0.04973816
v 0.02281516 0.03869104 0.04885423
v 0.02227735 0.03911274 0.04865872
v 0.01815629 0.04119056 0.04949927
v 0.01408827 0.04274106 0.05013936
v 0.01376700 0.04272538 0.05050504
v 0.00916928 0.04398262 0.05095624
v 0.00825578 0.04426056 0.05073982
v 0.00452775 0.04478061 0.05095553
v 0.00916928 0.04398262 0.05095624
v 0.00825578 0.04426056 0.05073982
v 0.00442380 0.04473870 0.05122137
v 0.00916928 0.04398262 0.05095624
v 0.00452775 0.04478061 0.05095553
v 0.00442380 0.04473870 0.05122137
v -0.00066203 0.04489648 0.05141115
v -0.00066203 0.04489648 0.05141115
v 0.00442380 0.04473870 0.05122137
v -0.00008791 0.04502546 0.05107921
v -0.00066203 0.04489648 0.05141115
v -0.00008791 0.04502546 0.05107921
v -0.00536978 0.04472893 0.05093228
v -0.00520754 0.04467356 0.05120980
v 0.00070830 -0.03451853 0.04541075
v 0.00357693 -0.03738057 0.04531067
v 0.00387752 -0.03793758 0.04555130
v 0.00365657 -0.03694766 0.04556018
v 0.00330478 -0.03689777 0.04526269
v 0.00357693 -0.03738057 0.04531067
v 0.00336272 -0.03643399 0.04548674
v 0.00365657 -0.03694766 0.04556018
v 0.00287110 -0.03589314 0.04537147
v 0.00277323 -0.03619474 0.04525601
v 0.00287110 -0.03589314 0.04537147
v 0.00205392 -0.03532195 0.04527652
v 0.00336272 -0.03643399 0.04548674
v 0.00287110 -0.03589314 0.04537147
v 0.00336272 -0.03643399 0.04548674
v 0.00301790 -0.03583633 0.04562228
v 0.00205392 -0.03532195 0.04527652
v 0.00287110 -0.03589314 0.04537147
v 0.00215137 -0.03505396 0.04556411
v 0.00124675 -0.03487277 0.04527360
v -0.00027510 -0.03465920 0.04526913
v 0.00124675 -0.03487277 0.04527360
v 0.00070830 -0.03451853 0.04541075
v 0.00215137 -0.03505396 0.04556411
v 0.00116491 -0.03455948 0.04555821
v 0.00070830 -0.03451853 0.04541075
v 0.00070830 -0.03451853 0.04541075
v 0.00330478 -0.03689777 0.04526269
v 0.00205392 -0.03532195 0.04527652
v 0.00124675 -0.03487277 0.04527360
v 0.00089593 -0.03524219 0.04524278
v 0.00277323 -0.03619474 0.04525601
v -0.00345802 -0.03822040 0.04523944
v -0.00318360 -0.03713917 0.04523062
v -0.00268805 -0.03629559 0.04523700
v -0.00307536 -0.03599548 0.04528021
v -0.00171745 -0.03549283 0.04523968
v -0.00054911 -0.03509390 0.04523849
v 0.00306451 -0.03929996 0.04524332
v 0.00246477 -0.04045778 0.04522848
v 0.00366241 -0.04034245 0.04523855
v 0.00330478 -0.03689777 0.04526269
v 0.00316989 -0.03794479 0.04524511
v 0.00306451 -0.03929996 0.04524332
v 0.00330478 -0.03689777 0.04526269
v 0.00330478 -0.03689777 0.04526269
v 0.00122267 -0.03736513 0.04364830
v 0.00156581 -0.03818690 0.04365491
v 0.00316989 -0.03794479 0.04524511
v 0.00276130 -0.03684222 0.04522526
v 0.00071286 -0.03693395 0.04365032
v 0.00122267 -0.03736513 0.04364830
v 0.00222611 -0.03609639 0.04523068
v 0.00276130 -0.03684222 0.04522526
v 0.00010432 -0.03671360 0.04364675
v 0.00098202 -0.03532809 0.04520177
v -0.00057713 -0.03676426 0.04365032
v -0.00054911 -0.03509390 0.04523849
v -0.00115710 -0.03703451 0.04364424
v -0.00057713 -0.03676426 0.04365032
v -0.00054911 -0.03509390 0.04523849
v -0.00171745 -0.03549283 0.04523968
v -0.00160932 -0.03755635 0.04365032
v -0.00115710 -0.03703451 0.04364424
v -0.00268805 -0.03629559 0.04523700
v -0.00171745 -0.03549283 0.04523968
v -0.00183958 -0.03819489 0.04364836
v -0.00318360 -0.03713917 0.04523062
v -0.00345802 -0.03822040 0.04523944
v -0.03082090 0.02126199 0.04945033
v -0.03190034 0.01986664 0.04945045
v -0.03283739 0.02031677 0.04945045
v -0.03168553 0.01756417 0.04945033
v -0.03005623 0.01680386 0.04945039
v -0.03105884 0.01573228 0.04945045
v -0.03221893 0.01709586 0.04945045
v -0.03736060 0.01708418 0.04945009
v -0.03445863 0.01762455 0.04945033
v -0.03407335 0.01525610 0.04945039
v -0.03473913 0.01837408 0.04945039
v -0.03249764 0.01514554 0.04945045
v -0.03580302 0.02017885 0.04945039
v -0.03403687 0.02001243 0.04945039
v -0.03466027 0.01918554 0.04945045
v -0.03135383 0.01829403 0.04945045
v -0.02959215 0.01816821 0.04945039
v -0.03398942 0.02313929 0.04945039
v -0.03308075 0.01687324 0.04945039
v -0.02968484 0.01950627 0.04945045
v -0.03143596 0.01917695 0.04945039
v -0.03389590 0.01710844 0.04945045
v -0.03016752 0.02052265 0.04945039
v 0.03242903 0.02028006 0.04945039
v 0.03163737 0.01987421 0.04945045
v 0.03055948 0.02127099 0.04945045
v 0.03067827 0.01580947 0.04945045
v 0.02995890 0.01657015 0.04945039
v 0.03145670 0.01746475 0.04945039
v 0.03413248 0.01756459 0.04945033
v 0.03442478 0.01816111 0.04945045
v 0.03708249 0.01708167 0.04945039
v 0.03446495 0.01881355 0.04945039
v 0.03407627 0.01537764 0.04945039
v 0.02944350 0.01756554 0.04945039
v 0.03409749 0.01970732 0.04945039
v 0.03549778 0.02023047 0.04944992
v 0.03191035 0.01522284 0.04945039
v 0.03227192 0.01695781 0.04945039
v 0.03327155 0.02022922 0.04945039
v 0.03371518 0.02313929 0.04945045
v 0.03108227 0.01835459 0.04945039
v 0.03308272 0.01513552 0.04945045
v 0.03290760 0.01689153 0.04945039
v 0.02931416 0.01901918 0.04945045
v 0.03115433 0.01917755 0.04945045
v 0.02976453 0.02033787 0.04945045
v 0.03361415 0.01710313 0.04945045
v -0.00053144 -0.00739729 0.05268216
v 0.00355029 -0.00976610 0.05247724
v -0.00157332 -0.00828123 0.05260688
v 0.00423777 -0.00849605 0.05259156
v -0.00014213 -0.00613898 0.05280679
v 0.00469941 -0.00703347 0.05272316
v -0.00332743 -0.00878769 0.05255746
v -0.00551766 -0.00861484 0.05257475
v -0.00676399 -0.00806487 0.05264729
v -0.00897527 -0.01200860 0.05227875
v 0.01195293 0.01035338 0.05425572
v 0.01208806 0.00977778 0.05419433
v 0.01159048 0.01107257 0.05431836
v -0.00727832 -0.00764149 0.05267643
v 0.01109445 0.01168578 0.05435693
v 0.01373827 0.01528626 0.05468297
v -0.00002247 0.00318289 0.05362093
v -0.00788587 -0.00631714 0.05279076
v 0.00473881 0.00967932 0.05418336
v 0.01093566 0.01625227 0.05476605
v 0.00985920 0.01221197 0.05439978
v -0.00802010 -0.00528902 0.05287742
v -0.00784701 -0.00437135 0.05296730
v -0.00713539 -0.00271773 0.05310446
v -0.00473857 0.00039947 0.05337584
v -0.00858134 0.00264281 0.05358546
v -0.00801587 0.00354379 0.05365645
v -0.00440341 0.00890118 0.05413234
v -0.00533164 0.00996006 0.05421710
v -0.01872962 0.01650643 0.05479454
v -0.01545763 0.01990962 0.05508542
v 0.01211977 -0.01820147 0.05175524
v 0.01684260 -0.01823318 0.05175310
v 0.02566790 -0.03787904 0.01383501
v 0.02912855 -0.03525882 0.01489526
v 0.02172976 -0.04031616 0.01285630
v 0.01753687 -0.04233723 0.01204073
v 0.01309967 -0.04394155 0.01141136
v 0.00873411 -0.04503166 0.01096946
v 0.00606966 -0.04547375 0.01078724
v 0.00370556 -0.04572361 0.01058977
v 0.00323015 0.04495102 0.04694771
v 0.00671440 0.04458147 0.04692399
v 0.00825578 0.04426056 0.05073982
v 0.00912672 0.04412972 0.04698127
v 0.01155430 0.04354470 0.04637104
v 0.00671440 0.04458147 0.04692399
v 0.00912672 0.04412972 0.04698127
v 0.01168465 0.04345339 0.05041378
v 0.01155430 0.04354470 0.04637104
v 0.01404178 0.04281550 0.04642647
v 0.01649940 0.04193788 0.04584866
v 0.01155430 0.04354470 0.04637104
v 0.01404178 0.04281550 0.04642647
v 0.01408827 0.04274106 0.05013936
v 0.00825578 0.04426056 0.05073982
v 0.01168465 0.04345339 0.05041378
v 0.01815629 0.04119056 0.04949927
v 0.01649940 0.04193788 0.04584866
v 0.01408827 0.04274106 0.05013936
v 0.01835095 0.04115986 0.04576182
v 0.02120006 0.03978151 0.04500818
v 0.01649940 0.04193788 0.04584866
v 0.01835095 0.04115986 0.04576182
v 0.02120006 0.03978151 0.04500818
v 0.02546072 0.03718811 0.04384613
v 0.02678263 0.03626328 0.04378306
v 0.02974450 0.03390318 0.04257076
v 0.02546072 0.03718811 0.04384613
v 0.02678263 0.03626328 0.04378306
v 0.03010201 0.03350859 0.04639738
v 0.02974450 0.03390318 0.04257076
v 0.03344672 0.03019309 0.04504656
v 0.03304630 0.03071284 0.04124122
v 0.03626251 0.02688390 0.03972846
v 0.03896272 0.02284407 0.03814935
v 0.04131531 0.01834183 0.03632581
v 0.04314088 0.01360470 0.03432738
v 0.04440808 0.00877452 0.03238421
v 0.04517132 0.00374669 0.03052359
v 0.04535186 -0.00106525 0.02856546
v 0.04500275 -0.00609100 0.02660411
v 0.04497247 -0.00562912 0.03069299
v 0.04416346 -0.01081132 0.02473807
v 0.04420894 -0.01027858 0.02868139
v 0.04271727 -0.01569563 0.02275079
v 0.04069942 -0.02046650 0.02083301
v 0.03837072 -0.02463275 0.01915168
v 0.03574520 -0.02838593 0.01762944
v 0.03275007 -0.03184366 0.01626545
v -0.00330359 -0.03928989 0.04521638
v -0.00330359 -0.03928989 0.04521638
v -0.00361377 -0.03886091 0.04525518
v -0.00267595 -0.04049503 0.04521578
v 0.00100827 -0.03713303 0.04205036
v 0.00153351 -0.03797394 0.04204982
v 0.00122267 -0.03736513 0.04364830
v 0.00153351 -0.03797394 0.04204982
v 0.00156581 -0.03818690 0.04365491
v 0.00122267 -0.03736513 0.04364830
v 0.00005218 -0.03667896 0.04205060
v 0.00100827 -0.03713303 0.04205036
v 0.00071286 -0.03693395 0.04365032
v 0.00100827 -0.03713303 0.04205036
v 0.00122267 -0.03736513 0.04364830
v 0.00071286 -0.03693395 0.04365032
v 0.00010432 -0.03671360 0.04364675
v -0.00096488 -0.03690886 0.04205048
v 0.00005218 -0.03667896 0.04205060
v -0.00057713 -0.03676426 0.04365032
v 0.00010432 -0.03671360 0.04364675
v -0.00096488 -0.03690886 0.04205048
v -0.00057713 -0.03676426 0.04365032
v -0.00115710 -0.03703451 0.04364424
v -0.00148755 -0.03736233 0.04205036
v -0.00096488 -0.03690886 0.04205048
v -0.00115710 -0.03703451 0.04364424
v -0.00182676 -0.03809320 0.04204964
v -0.00148755 -0.03736233 0.04205036
v -0.00160932 -0.03755635 0.04365032
v -0.00160932 -0.03755635 0.04365032
v -0.00183958 -0.03819489 0.04364836
v -0.03736060 0.01708418 0.04945009
v -0.03447782 0.01528841 0.04195058
v -0.03769576 0.01712661 0.04195046
v -0.03407335 0.01525610 0.04945039
v -0.03016752 0.02052265 0.04945039
v -0.03082090 0.02126199 0.04945033
v -0.02999866 0.02054446 0.04195052
v -0.03089416 0.02148342 0.04195046
v -0.02968484 0.01950627 0.04945045
v -0.03016752 0.02052265 0.04945039
v -0.02999866 0.02054446 0.04195052
v -0.02946496 0.01907056 0.04195052
v -0.02959215 0.01816821 0.04945039
v -0.02968484 0.01950627 0.04945045
v -0.02946496 0.01907056 0.04195052
v -0.02955055 0.01768177 0.04195052
v -0.03005623 0.01680386 0.04945039
v -0.02959215 0.01816821 0.04945039
v -0.02955055 0.01768177 0.04195052
v -0.03018045 0.01638925 0.04195052
v -0.03105884 0.01573228 0.04945045
v -0.03005623 0.01680386 0.04945039
v -0.03018045 0.01638925 0.04195052
v -0.03129440 0.01543182 0.04195046
v -0.03249764 0.01514554 0.04945045
v -0.03105884 0.01573228 0.04945045
v -0.03129440 0.01543182 0.04195046
v -0.03230977 0.01507359 0.04195052
v -0.03230977 0.01507359 0.04195052
v -0.03398942 0.02313929 0.04945039
v -0.03420227 0.02341246 0.04195046
v -0.03089416 0.02148342 0.04195046
v -0.03082090 0.02126199 0.04945033
v -0.02554237 -0.03236955 0.03404659
v -0.02774518 -0.03088426 0.02802026
v -0.02747774 -0.03053790 0.03830605
v -0.04149276 0.00205952 0.03580284
v -0.04172891 0.00201297 0.03042894
v -0.04111373 0.00709677 0.03267544
v -0.01776635 0.03725618 0.04759925
v -0.01769775 0.03738856 0.04573112
v -0.01360905 0.03897964 0.04738092
v -0.01354533 0.03881728 0.05161696
v -0.04144197 -0.00247037 0.03542309
v -0.04145038 0.00206077 0.03667145
v -0.04140043 0.00189084 0.03816896
v -0.02164137 -0.03494369 0.03613567
v -0.02292144 -0.03416675 0.03556650
v -0.02335298 -0.03376448 0.03774285
v -0.01930290 -0.03618443 0.03767699
v -0.02168059 -0.03486430 0.03756219
v -0.01372224 0.03900963 0.04602181
v -0.01367890 0.03907513 0.04491913
v -0.00974905 0.04021281 0.04537850
v -0.04140728 -0.00241756 0.03633213
v -0.04069548 -0.00723231 0.03856515
v -0.04125761 -0.00234598 0.03975957
v -0.04118740 -0.00261343 0.04115658
v -0.02952450 -0.02922105 0.02804875
v -0.03097790 -0.02771008 0.02802079
v -0.03109145 -0.02738571 0.03105705
v -0.02327692 -0.03432077 0.02809000
v -0.04065907 -0.00708836 0.04005849
v -0.00921309 0.04027003 0.04681789
v -0.04134666 0.00202668 0.03913748
v -0.04114741 -0.00240415 0.04221141
v -0.03607732 -0.02144002 0.02040761
v -0.03743213 -0.01897650 0.02129405
v -0.03711593 -0.01911872 0.02605730
v -0.04136317 -0.00245601 0.03727215
v -0.01773786 0.03711724 0.05082464
v -0.01750123 0.03721797 0.05125612
v -0.04112499 -0.00211650 0.04335176
v -0.04120051 0.00684047 0.03179419
v -0.04003655 0.01173055 0.03379523
v -0.02928620 -0.02881962 0.03860002
v -0.04115235 0.00176960 0.04407811
v -0.04006993 0.01145118 0.03492188
v -0.04132640 -0.00241983 0.03817576
v -0.00499731 0.04105108 0.04572731
v -0.04128652 0.00208652 0.04038816
v -0.00478834 0.04104536 0.04632925
v -0.00032729 0.04133415 0.04583323
v -0.03743213 -0.01897650 0.02129405
v -0.03900140 -0.01541781 0.02272516
v -0.03818166 -0.01736873 0.02208787
v -0.00477242 0.04100310 0.04730105
v -0.00918996 0.04005807 0.05190539
v -0.00330061 -0.04164510 0.01808542
v -0.00253159 -0.04196482 0.01192438
v -0.00596034 -0.04158455 0.01289600
v -0.03261297 -0.02582210 0.02794289
v -0.00684971 -0.04153382 0.01198559
v -0.04089695 0.00703090 0.03788083
v -0.00480235 0.04098600 0.04759770
v -0.00605303 -0.04141908 0.01643562
v -0.02533555 -0.03232574 0.03799623
v -0.04120773 0.00206167 0.04218578
v -0.03818166 -0.01736873 0.02208787
v -0.00473875 0.04079830 0.05207759
v -0.00008941 0.04106760 0.05219417
v -0.00948620 -0.04098337 0.01225948
v -0.00918847 -0.04100197 0.01292765
v -0.03262013 -0.02552729 0.03157091
v -0.04081583 0.00719899 0.03902333
v -0.03493887 -0.02270704 0.02710187
v -0.03506600 -0.02309143 0.01977699
v -0.00862229 -0.04098021 0.01635378
v -0.03384464 -0.02406191 0.02956438
v -0.03415274 -0.02381432 0.02784973
v -0.03476679 -0.02291977 0.02761775
v -0.03477221 -0.02281004 0.02875822
v -0.00620413 -0.04134792 0.01756203
v -0.04116404 0.00211746 0.04336732
v -0.04078996 0.00705111 0.04020470
v -0.01191335 -0.04033803 0.01253688
v -0.04003655 0.01173055 0.03379523
v -0.03790605 0.01731157 0.03605383
v -0.03865587 0.01556366 0.03554868
v -0.04068160 0.00699121 0.04279083
v -0.04058218 0.00704163 0.04507988
v -0.03865587 0.01556366 0.03554868
v -0.03867441 0.01546990 0.03621518
v -0.03569644 -0.02136969 0.02868551
v -0.00593239 -0.04130703 0.01931136
v -0.04006993 0.01145118 0.03492188
v -0.03867441 0.01546990 0.03621518
v -0.03806275 0.01681590 0.03724408
v -0.03990471 0.01121211 0.03986835
v -0.03790605 0.01731157 0.03605383
v -0.03807580 0.01689219 0.03615814
v -0.03806275 0.01681590 0.03724408
v -0.03860843 0.01543045 0.03776550
v -0.00898463 -0.04084020 0.01768678
v -0.03442877 -0.02309942 0.03165572
v -0.01030176 -0.04058092 0.01661288
v -0.03900140 -0.01541781 0.02272516
v -0.03861969 -0.01579970 0.02772885
v -0.01426339 -0.03956747 0.01290178
v -0.01402407 -0.03947132 0.01681798
v -0.03974807 0.01130092 0.04286831
v -0.03431022 -0.02316534 0.03305917
v -0.00591981 -0.04107064 0.02467584
v -0.00848925 -0.04082322 0.02031236
v -0.03783500 0.01709789 0.03922200
v -0.03788906 -0.01728945 0.02873533
v -0.03070396 -0.02731359 0.03885632
v -0.00327194 -0.04136997 0.02436316
v -0.03961008 0.01196265 0.04151988
v -0.00315136 -0.04082721 0.03702640
v -0.03900140 -0.01541781 0.02272516
v -0.04040592 -0.01115697 0.02438497
v -0.04023516 -0.01176106 0.02428919
v -0.01199668 -0.04012095 0.01661992
v -0.01116645 -0.04031097 0.01773482
v -0.04023516 -0.01176106 0.02428919
v -0.03968685 -0.01275736 0.02911400
v -0.03835624 0.01560026 0.04146641
v -0.03567993 0.02144771 0.03773230
v -0.03697133 -0.01904237 0.02980297
v -0.01149058 -0.04014253 0.01972109
v -0.03567993 0.02144771 0.03773230
v -0.03600776 0.02082574 0.03812098
v -0.03542929 -0.02147275 0.03287643
v -0.00882143 -0.04064100 0.02314370
v -0.03248637 -0.02535730 0.03662586
v -0.01136541 -0.04018503 0.01914829
v -0.03833425 0.01539772 0.04369419
v -0.03973567 0.01084047 0.04580724
v -0.03769576 0.01712661 0.04195046
v -0.03593766 0.02072852 0.04076331
v -0.04024916 -0.01121032 0.02728784
v -0.03802114 0.01637798 0.04195052
v -0.01426339 -0.03956747 0.01290178
v -0.01903909 -0.03750461 0.01375579
v -0.01750421 -0.03823441 0.01358151
v -0.01312917 -0.03970772 0.01808327
v -0.01068872 -0.04031687 0.02036100
v -0.00898463 -0.04084020 0.01768678
v -0.01116645 -0.04031097 0.01773482
v -0.01312917 -0.03970772 0.01808327
v -0.03881156 -0.01506340 0.02982115
v -0.01159060 -0.04006648 0.02079617
v -0.01028388 -0.04035037 0.02171534
v -0.03684151 -0.01897382 0.03316503
v -0.03784883 -0.01721745 0.03038352
v -0.03936022 0.01224708 0.04520702
v -0.03844493 0.01474338 0.04674637
v -0.03837347 0.01518750 0.04466724
v -0.01750421 -0.03823441 0.01358151
v -0.01784539 -0.03781121 0.01925444
v -0.03567993 0.02144771 0.03773230
v -0.03275549 0.02561444 0.03942412
v -0.03422480 0.02363514 0.03880703
v -0.00615030 -0.04061084 0.03452396
v -0.01903909 -0.03750461 0.01375579
v -0.03834080 0.01510035 0.04602766
v -0.01427239 -0.03927922 0.01901113
v -0.03422480 0.02363514 0.03880703
v -0.03870588 -0.01521003 0.03078985
v -0.03247314 -0.02520459 0.03923356
v -0.00859016 -0.04058188 0.02530014
v -0.03536683 -0.02098053 0.03996247
v -0.03787595 0.01620376 0.04656034
v -0.03413748 -0.02291345 0.03962028
v -0.01293081 -0.03959345 0.02195101
v -0.03420227 0.02341246 0.04195046
v -0.04040592 -0.01115697 0.02438497
v -0.04129904 -0.00690955 0.02621448
v -0.04122757 -0.00727999 0.02645993
v -0.01025098 -0.04021787 0.02475309
v -0.04040592 -0.01115697 0.02438497
v -0.03374171 0.02407878 0.04195034
v -0.01425778 -0.03915792 0.02179425
v -0.03576201 0.02075642 0.04371100
v -0.03961551 -0.01252269 0.03232282
v -0.03291845 0.02528429 0.04088532
v -0.01161998 -0.03992259 0.02317333
v -0.00878352 -0.04033946 0.03004962
v -0.03584086 0.02055966 0.04436719
v -0.04007190 -0.01116645 0.03147852
v -0.03229618 0.02611911 0.04056942
v -0.03275549 0.02561444 0.03942412
v -0.03264129 0.02558386 0.04184359
v -0.03750658 0.01714831 0.04566454
v -0.03742468 0.01711481 0.04773306
v -0.01191300 -0.03980553 0.02418762
v -0.03574138 0.02051818 0.04683583
v -0.03666317 -0.01887977 0.03778320
v -0.01068288 -0.04007345 0.02577406
v -0.03859013 -0.01504498 0.03462594
v -0.03398942 0.02313929 0.04945039
v -0.03196358 0.02645289 0.04133307
v -0.03177905 0.02673643 0.04059284
v -0.01330858 -0.03936892 0.02438235
v -0.01796585 -0.03770691 0.02008718
v -0.03736060 0.01708418 0.04945009
v -0.03362882 0.02412533 0.04352802
v -0.03730392 -0.01735585 0.04059910
v -0.01229649 -0.03963989 0.02533876
v -0.03183239 0.02629315 0.04626083
v -0.03999465 -0.01113510 0.03336352
v -0.01967567 -0.03690022 0.01932924
v -0.04101389 -0.00717699 0.03171581
v -0.03183424 0.02646505 0.04352325
v -0.03569030 0.02053475 0.04764789
v -0.01737445 -0.03790628 0.02167260
v -0.03965026 -0.01194179 0.03583949
v -0.01409751 -0.03903979 0.02561807
v -0.04175359 -0.00302881 0.02772927
v -0.04174554 -0.00251317 0.02848321
v -0.03352272 0.02404814 0.04652196
v -0.03565931 0.02050924 0.04865926
v -0.02965581 0.02908313 0.04086124
v -0.03838324 -0.01482361 0.04104423
v -0.02954202 0.02914422 0.04182052
v -0.01934128 -0.03699737 0.02076613
v -0.01933789 -0.03697454 0.02146250
v -0.03580302 0.02017885 0.04945039
v -0.02929174 0.02932894 0.04286110
v -0.01804900 -0.03751242 0.02358525
v -0.03245055 0.02543538 0.04698497
v -0.04092454 -0.00727153 0.03326159
v -0.03197848 0.02603769 0.04735749
v -0.02254295 -0.03551352 0.01443701
v -0.04091960 -0.00716674 0.03385472
v -0.01742428 -0.03770977 0.02537727
v -0.02638447 0.03203338 0.04205447
v -0.02740436 0.03114753 0.04218536
v -0.01379680 -0.03889894 0.03097432
v -0.01184558 -0.03957539 0.02967941
v -0.03921520 -0.01247131 0.04146212
v -0.04085558 -0.00715756 0.03532785
v -0.02182829 -0.03555482 0.02189755
v -0.02551060 0.03270787 0.04255825
v -0.00567520 -0.04055351 0.03714519
v -0.01186501 -0.03937900 0.03396892
v -0.02573883 0.03247284 0.04349756
v -0.04084903 -0.00704134 0.03602266
v -0.02931267 0.02901339 0.04753440
v -0.02638447 0.03203338 0.04205447
v -0.02251201 0.03482073 0.04314285
v -0.02551060 0.03270787 0.04255825
v -0.04175359 -0.00302881 0.02772927
v -0.04178303 0.00164884 0.02965617
v -0.00989544 -0.03993213 0.03322243
v -0.04151469 -0.00248605 0.03385561
v -0.03978943 -0.01109772 0.03809261
v -0.02716600 0.03091025 0.04989767
v -0.01754868 -0.03760319 0.02644634
v -0.02921676 0.02903795 0.04873102
v -0.03178930 0.02623111 0.04786700
v -0.00831818 -0.04021638 0.03477120
v -0.02198028 -0.03520995 0.02708470
v -0.02891469 0.02930700 0.04957789
v -0.03149181 0.02649217 0.04913085
v -0.00761920 -0.04021698 0.03736966
v -0.01954925 -0.03663021 0.02613753
v -0.03970968 -0.01105421 0.04015040
v -0.02251201 0.03482073 0.04314285
v -0.02211529 0.03500390 0.04442679
v -0.01089191 -0.03951478 0.03689885
v -0.02234607 0.03485000 0.04461163
v -0.02535730 0.03267902 0.04514044
v -0.02540141 0.03237050 0.05030089
v -0.02200317 0.03503334 0.04525995
v -0.01720452 -0.03752869 0.03115803
v -0.01895666 -0.03675389 0.02998161
v -0.01354295 -0.03871458 0.03691959
v -0.04045808 -0.00757420 0.04234838
v -0.02251201 0.03482073 0.04314285
v -0.01826441 0.03719371 0.04415827
v -0.01953488 0.03654623 0.04404896
v -0.01953488 0.03654623 0.04404896
v -0.02225536 -0.03500473 0.02766376
v -0.01967144 0.03638470 0.04548949
v -0.01706552 -0.03728425 0.03761714
v -0.01826441 0.03719371 0.04415827
v -0.01774549 0.03740066 0.04483830
v -0.02188748 -0.03500133 0.03205835
v -0.01787722 0.03732067 0.04521811
v -0.02321648 -0.03440022 0.02786874
v -0.02562242 -0.03263998 0.02804356
v -0.02327692 -0.03432077 0.02809000
v -0.02321648 -0.03440022 0.02786874
v -0.02554237 -0.03236955 0.03404659
v -0.01964730 0.03615695 0.05042439
v -0.02190572 0.03481018 0.05074274
v -0.01961356 0.03614801 0.05102080
v -0.03514593 -0.02299571 0.01963323
v -0.03743213 -0.01897650 0.02129405
v -0.03607732 -0.02144002 0.02040761
v -0.03514593 -0.02299571 0.01963323
v -0.02774518 -0.03088426 0.02802026
v -0.03097790 -0.02771008 0.02802079
v -0.02952450 -0.02922105 0.02804875
v 0.03371518 0.02313929 0.04945045
v 0.03055948 0.02127099 0.04945045
v 0.03055351 0.02143537 0.04195046
v 0.03392767 0.02341431 0.04194927
v 0.03064507 -0.02744650 0.03303349
v 0.03072118 -0.02774471 0.02724879
v 0.02719241 -0.03087794 0.03243440
v 0.02745342 -0.03101676 0.02605390
v 0.03825491 0.01519316 0.04124891
v 0.03816968 0.01590156 0.03723973
v 0.03917968 0.01331806 0.03583651
v 0.03314840 -0.02394080 0.03944343
v 0.03027951 -0.02748483 0.03882455
v 0.02193874 -0.03547888 0.01886296
v 0.01970171 -0.03695046 0.01507776
v 0.01968717 -0.03681302 0.01802402
v 0.03899836 0.01305139 0.04159110
v 0.03775131 0.01637423 0.04195189
v 0.03815966 0.01523828 0.04302597
v 0.02189522 -0.03543692 0.02027791
v 0.04052001 0.00882804 0.03260076
v 0.04133415 0.00381488 0.03056216
v 0.04100334 0.00631219 0.03167003
v 0.02531969 -0.03271692 0.02703392
v 0.03758960 0.01619350 0.04672664
v 0.01980143 -0.03697526 0.01387429
v 0.01554751 -0.03896886 0.01314359
v 0.00283778 0.04123455 0.04572314
v 0.00291687 0.04119354 0.04642057
v 0.01967543 -0.03673392 0.01975345
v 0.00268400 0.04114532 0.04796588
v 0.04002684 0.01078081 0.03347331
v 0.03950399 0.01063895 0.04586434
v 0.03806620 0.01496851 0.04681640
v 0.03886318 0.01302570 0.04472512
v 0.00625014 0.04084646 0.04561096
v 0.00268561 0.04108792 0.04916012
v 0.00519609 0.04095977 0.04638588
v 0.00516808 0.04089361 0.04799705
v 0.02723014 -0.03067392 0.03541231
v 0.02361994 -0.03429019 0.02063482
v 0.02337670 -0.03400319 0.02927380
v 0.00235939 0.04099369 0.05213934
v 0.01306980 -0.03987705 0.01276075
v 0.01309490 -0.03968852 0.01697462
v 0.04052001 0.00882804 0.03260076
v 0.04100334 0.00631219 0.03167003
v 0.04133415 0.00381488 0.03056216
v 0.04078674 0.00372136 0.04312890
v 0.01540905 -0.03881996 0.01745033
v 0.04000914 0.00865346 0.04486179
v 0.00688934 0.04070323 0.04642188
v 0.04133415 0.00381488 0.03056216
v 0.04154598 -0.00056291 0.02875900
v 0.04148703 0.00177836 0.02982676
v 0.04148703 0.00177836 0.02982676
v 0.00722867 0.04057461 0.04777663
v 0.01090931 -0.04054290 0.01250541
v 0.02510720 -0.03244054 0.03502058
v 0.01548308 -0.03870987 0.01918220
v 0.01020514 0.04002642 0.04531311
v 0.00995284 0.04004597 0.04642683
v 0.02709704 -0.03059208 0.03880316
v 0.04044210 0.00608927 0.04517531
v 0.00452805 0.04079395 0.05207765
v 0.02308738 -0.03376328 0.03774732
v 0.00989276 0.04000061 0.04771697
v 0.00714922 0.04040586 0.05203562
v 0.04154598 -0.00056291 0.02875900
v 0.04126071 -0.00520170 0.02689403
v 0.04146879 -0.00282794 0.02795201
v 0.01308900 -0.03961890 0.01842367
v 0.02168321 -0.03506362 0.03003394
v 0.01433020 0.03874176 0.04477363
v 0.01071965 -0.04041254 0.01644873
v 0.01419550 0.03873324 0.04618352
v 0.02156496 -0.03487145 0.03519999
v 0.00968343 0.03987807 0.05183756
v 0.01419413 0.03866064 0.04750323
v 0.01074582 -0.04032713 0.01818037
v 0.02509260 -0.03227680 0.03815019
v 0.04154598 -0.00056291 0.02875900
v 0.04115968 -0.00072072 0.03752255
v 0.01528763 -0.03841811 0.02706807
v 0.01830261 0.03703343 0.04409015
v 0.01812267 0.03706651 0.04531347
v 0.04126071 -0.00520170 0.02689403
v 0.04036450 -0.01019108 0.02487492
v 0.04093986 -0.00738937 0.02610301
v 0.01381045 0.03862220 0.05157071
v 0.04146879 -0.00282794 0.02795201
v 0.04084855 0.00173283 0.04441434
v 0.01932644 -0.03614830 0.03541558
v 0.00657940 -0.04148960 0.01211673
v 0.00682044 -0.04126769 0.01614421
v 0.02190738 0.03503561 0.04327303
v 0.02211499 0.03489995 0.04343253
v 0.02186232 0.03499430 0.04445517
v 0.00304019 -0.04190897 0.01197338
v 0.00225311 -0.04196351 0.01195067
v 0.00657940 -0.04148960 0.01211673
v 0.00673360 -0.04121202 0.01772570
v 0.02205902 0.03485518 0.04484158
v 0.02174359 0.03502947 0.04516017
v 0.01064389 -0.04017210 0.02230167
v 0.01801735 0.03685325 0.05074989
v 0.01298892 -0.03929054 0.02625894
v 0.01759910 0.03704869 0.05122041
v 0.02492159 0.03277432 0.04537767
v 0.01912671 -0.03616958 0.03733837
v 0.02565062 0.03239774 0.04221063
v 0.04036450 -0.01019108 0.02487492
v 0.03891628 -0.01491761 0.02293646
v 0.03989529 -0.01194494 0.02427631
v 0.02539706 0.03252476 0.04360365
v 0.02555197 0.03237116 0.04419040
v 0.04076892 -0.00238383 0.04407513
v 0.02153486 0.03492599 0.04970192
v 0.04126071 -0.00520170 0.02689403
v 0.04093986 -0.00738937 0.02610301
v 0.04021865 -0.00720310 0.04304522
v 0.00304019 -0.04190897 0.01197338
v 0.00225311 -0.04196351 0.01195067
v 0.00302994 -0.04165601 0.01777577
v 0.04036450 -0.01019108 0.02487492
v 0.03989529 -0.01194494 0.02427631
v 0.03972488 -0.01180475 0.02889013
v 0.02169770 0.03476601 0.05072814
v 0.01759910 0.03704869 0.05122041
v 0.01518923 -0.03817355 0.03310590
v 0.01289856 -0.03889852 0.03535366
v 0.00672138 -0.04104137 0.02176278
v 0.04071897 -0.00518495 0.03924006
v 0.02795863 0.03043794 0.04140889
v 0.02901554 0.02936631 0.04249894
v 0.02807384 0.03025019 0.04304862
v 0.02539706 0.03252476 0.04360365
v 0.02901554 0.02936631 0.04249894
v 0.02807384 0.03025019 0.04304862
v 0.01054871 -0.03954678 0.03673845
v 0.02804028 0.03023153 0.04361444
v 0.03985863 -0.01005798 0.03685253
v 0.01538676 -0.03792399 0.03701943
v 0.03857928 -0.01547652 0.02524256
v 0.02550023 0.03214675 0.04887717
v 0.03891628 -0.01491761 0.02293646
v 0.03966206 -0.01177734 0.03045904
v 0.03798621 -0.01724529 0.02191257
v 0.02951186 0.02894330 0.04081279
v 0.00658673 -0.04073667 0.02901762
v 0.03962945 -0.01176732 0.03123730
v 0.03679049 -0.01968586 0.02101516
v 0.03663551 -0.01993054 0.02151715
v 0.02511340 0.03238880 0.05022066
v 0.03772670 -0.01725578 0.02683103
v 0.01275724 -0.03887999 0.03686398
v 0.02938067 0.02895694 0.04300886
v 0.03865468 -0.01501393 0.02776372
v 0.00674069 -0.04037946 0.03659385
v 0.02936512 0.02871173 0.04689353
v 0.00298220 -0.04115504 0.02929782
v 0.02788764 0.03013235 0.04762893
v 0.03854966 -0.01517850 0.02868574
v 0.00286412 -0.04085302 0.03651839
v 0.03165334 0.02661401 0.03989326
v 0.03187108 0.02628982 0.04083311
v 0.03940957 -0.01170015 0.03650480
v 0.03165334 0.02661401 0.03989326
v 0.02951186 0.02894330 0.04081279
v 0.03235095 0.02577131 0.03949457
v 0.03235095 0.02577131 0.03949457
v 0.03293848 0.02500021 0.03948032
v 0.03847754 -0.01517069 0.03006565
v 0.03203809 0.02601552 0.04171550
v 0.02775937 0.03017395 0.04907679
v 0.03777253 -0.01701843 0.02831351
v 0.03679049 -0.01968586 0.02101516
v 0.03425312 -0.02390480 0.01923125
v 0.03497427 -0.02281510 0.01977694
v 0.02874016 0.02921950 0.04952394
v 0.03497427 -0.02281510 0.01977694
v 0.03500080 -0.02271217 0.02058535
v 0.03645682 -0.01989567 0.02538180
v 0.03294628 0.02488589 0.04068809
v 0.03833419 -0.01511013 0.03384202
v 0.03915154 -0.01177906 0.04181593
v 0.03639179 -0.01997423 0.02584034
v 0.03425312 -0.02390480 0.01923125
v 0.03375917 -0.02457964 0.01944899
v 0.03400743 0.02355277 0.03866827
v 0.03647744 -0.01970630 0.02712851
v 0.03644126 -0.01968944 0.02795076
v 0.03758555 -0.01698577 0.03256481
v 0.03385496 0.02367246 0.04006338
v 0.03235095 0.02577131 0.03949457
v 0.03507035 0.02196455 0.03790932
v 0.03400743 0.02355277 0.03866827
v 0.03486835 -0.02261388 0.02425771
v 0.03392767 0.02341431 0.04194927
v 0.03491234 -0.02238941 0.02608829
v 0.03635811 -0.01954323 0.03137803
v 0.03757429 -0.01611775 0.04081356
v 0.03145074 0.02643573 0.04592943
v 0.03203809 0.02601552 0.04171550
v 0.03392767 0.02341431 0.04194927
v 0.03346782 0.02408534 0.04195040
v 0.03379964 -0.02420878 0.02379858
v 0.03108412 -0.02797734 0.01764804
v 0.03367590 -0.02428460 0.02494543
v 0.03257805 0.02503877 0.04536336
v 0.03480011 -0.02230072 0.02945053
v 0.03507035 0.02196455 0.03790932
v 0.03502523 0.02164095 0.04260814
v 0.03818804 -0.01470679 0.04024487
v 0.03359335 -0.02411335 0.02871847
v 0.03619277 -0.01949083 0.03505820
v 0.03117859 0.02655667 0.04896134
v 0.03260040 0.02499437 0.04559493
v 0.03172516 0.02599281 0.04729485
v 0.03507035 0.02196455 0.03790932
v 0.03748458 0.01761794 0.03618317
v 0.03591585 0.02055454 0.03750568
v 0.03104656 -0.02770751 0.02227073
v 0.03591585 0.02055454 0.03750568
v 0.03346782 0.02408534 0.04195040
v 0.03323733 0.02404212 0.04662513
v 0.03082156 -0.02789491 0.02323198
v 0.03275460 0.02471518 0.04654842
v 0.03434926 -0.02218937 0.03976148
v 0.03588902 0.02046805 0.03900194
v 0.03570026 0.02036756 0.04390245
v 0.03591585 0.02055454 0.03750568
v 0.03748458 0.01761794 0.03618317
v 0.03786611 0.01678395 0.03592687
v 0.02772831 -0.03135031 0.01627695
v 0.02763646 -0.03117942 0.02055847
v 0.03786611 0.01678395 0.03592687
v 0.03775459 0.01694059 0.03687560
v 0.03575360 -0.01983070 0.04016315
v 0.02772831 -0.03135031 0.01627695
v 0.02408266 -0.03428333 0.01499384
v 0.02544993 -0.03324776 0.01561051
v 0.03766161 0.01706427 0.03751373
v 0.02544993 -0.03324776 0.01561051
v 0.03748458 0.01761794 0.03618317
v 0.03928130 0.01318925 0.03438246
v 0.03786611 0.01678395 0.03592687
v 0.02749598 -0.03116542 0.02290171
v 0.03371518 0.02313929 0.04945045
v 0.02555298 -0.03292739 0.01989001
v 0.03742849 0.01712357 0.04195088
v 0.03882360 0.01437473 0.03588765
v 0.03549778 0.02023047 0.04944992
v 0.03928130 0.01318925 0.03438246
v 0.02408266 -0.03428333 0.01499384
v 0.02230000 -0.03549683 0.01446264
v 0.02383339 -0.03421986 0.01930826
v 0.03708249 0.01708167 0.04945039
v 0.03928130 0.01318925 0.03438246
v 0.04052001 0.00882804 0.03260076
v 0.04002684 0.01078081 0.03347331
v 0.03928130 0.01318925 0.03438246
v 0.03708249 0.01708167 0.04945039
v 0.03742849 0.01712357 0.04195088
v 0.03394418 0.01516610 0.04195046
v 0.03407627 0.01537764 0.04945039
v 0.03308272 0.01513552 0.04945045
v 0.03407627 0.01537764 0.04945039
v 0.03394418 0.01516610 0.04195046
v 0.03235113 0.01499378 0.04195046
v 0.01933896 0.04063475 0.04516214
v 0.01559531 0.04222071 0.04580128
v 0.01649940 0.04193788 0.04584866
v 0.01933896 0.04063475 0.04516214
v 0.01649940 0.04193788 0.04584866
v 0.02120006 0.03978151 0.04500818
v 0.02962613 -0.03454995 0.01480215
v 0.02611535 -0.03720659 0.01369357
v 0.03249168 -0.03172111 0.01590633
v 0.02607959 -0.03747540 0.01372063
v 0.02912855 -0.03525882 0.01489526
v 0.02566790 -0.03787904 0.01383501
v 0.02607959 -0.03747540 0.01372063
v 0.02963888 -0.03470999 0.01485383
v 0.02912855 -0.03525882 0.01489526
v 0.04514104 0.00273222 0.02984946
v 0.04440808 0.00877452 0.03238421
v 0.04517132 0.00374669 0.03052359
v 0.02607959 -0.03747540 0.01372063
v 0.02962613 -0.03454995 0.01480215
v 0.02963888 -0.03470999 0.01485383
v 0.02108204 0.03981190 0.04489684
v 0.01933896 0.04063475 0.04516214
v 0.04514104 0.00273222 0.02984946
v 0.04433441 0.00832558 0.03208923
v 0.04440808 0.00877452 0.03238421
v 0.02611535 -0.03720659 0.01369357
v 0.04514104 0.00273222 0.02984946
v 0.04517132 0.00374669 0.03052359
v 0.04535186 -0.00106525 0.02856546
v 0.02403545 0.03804159 0.04409122
v 0.02403545 0.03804159 0.04409122
v 0.01933896 0.04063475 0.04516214
v 0.02108204 0.03981190 0.04489684
v 0.02229064 -0.03978514 0.01269608
v 0.02607959 -0.03747540 0.01372063
v 0.02566790 -0.03787904 0.01383501
v 0.02172976 -0.04031616 0.01285630
v 0.04521507 -0.00186580 0.02799892
v 0.04514104 0.00273222 0.02984946
v 0.04535186 -0.00106525 0.02856546
v 0.02229064 -0.03978514 0.01269608
v 0.04521507 -0.00186580 0.02799892
v 0.04535186 -0.00106525 0.02856546
v 0.04500275 -0.00609100 0.02660411
v 0.02724266 0.03581804 0.04321217
v 0.02546072 0.03718811 0.04384613
v 0.02974450 0.03390318 0.04257076
v 0.04480260 -0.00684923 0.02602303
v 0.02724266 0.03581804 0.04321217
v 0.02403545 0.03804159 0.04409122
v 0.02546072 0.03718811 0.04384613
v 0.01791065 -0.04203975 0.01187026
v 0.02172976 -0.04031616 0.01285630
v 0.01753687 -0.04233723 0.01204073
v 0.01791065 -0.04203975 0.01187026
v 0.02229064 -0.03978514 0.01269608
v 0.02172976 -0.04031616 0.01285630
v 0.01764726 -0.04196065 0.01177626
v 0.02229064 -0.03978514 0.01269608
v 0.01791065 -0.04203975 0.01187026
v 0.04480260 -0.00684923 0.02602303
v 0.04432868 -0.00543690 0.02650851
v 0.04521507 -0.00186580 0.02799892
v 0.04480260 -0.00684923 0.02602303
v 0.04500275 -0.00609100 0.02660411
v 0.04416346 -0.01081132 0.02473807
v 0.03047561 0.03316062 0.04215127
v 0.02724266 0.03581804 0.04321217
v 0.02974450 0.03390318 0.04257076
v 0.03047561 0.03316062 0.04215127
v 0.03402107 0.02950620 0.04065597
v 0.02724266 0.03581804 0.04321217
v 0.03047561 0.03316062 0.04215127
v 0.02974450 0.03390318 0.04257076
v 0.03304630 0.03071284 0.04124122
v -0.00619388 0.04468232 0.04687958
v -0.00783777 0.04431742 0.04662144
v -0.00874519 0.04426622 0.04674780
v 0.04404205 -0.01110291 0.02440226
v -0.00392365 0.04484653 0.04685270
v -0.00783777 0.04431742 0.04662144
v -0.00619388 0.04468232 0.04687958
v 0.01312428 -0.04384553 0.01118683
v 0.01753687 -0.04233723 0.01204073
v 0.01309967 -0.04394155 0.01141136
v 0.01312428 -0.04384553 0.01118683
v 0.01791065 -0.04203975 0.01187026
v 0.01753687 -0.04233723 0.01204073
v 0.04380863 -0.01137757 0.02413022
v 0.04480260 -0.00684923 0.02602303
v 0.04404205 -0.01110291 0.02440226
v 0.01312428 -0.04384553 0.01118683
v 0.01313656 -0.04360616 0.01111060
v 0.04380863 -0.01137757 0.02413022
v 0.04404205 -0.01110291 0.02440226
v 0.04416346 -0.01081132 0.02473807
v 0.04271727 -0.01569563 0.02275079
v 0.03402107 0.02950620 0.04065597
v 0.03047561 0.03316062 0.04215127
v 0.03304630 0.03071284 0.04124122
v 0.00873411 -0.04503166 0.01096946
v 0.03402107 0.02950620 0.04065597
v 0.03304630 0.03071284 0.04124122
v 0.03626251 0.02688390 0.03972846
v 0.00842285 -0.04498875 0.01071417
v 0.04238986 -0.01631206 0.02221637
v 0.04404205 -0.01110291 0.02440226
v 0.04271727 -0.01569563 0.02275079
v -0.00392365 0.04484653 0.04685270
v 0.00037161 0.04501914 0.04691565
v -0.00783777 0.04431742 0.04662144
v -0.00387365 0.04492270 0.04695630
v 0.04238986 -0.01631206 0.02221637
v 0.00842285 -0.04498875 0.01071417
v 0.00844383 -0.04475903 0.01064240
v 0.04217100 -0.01648896 0.02206182
v 0.04380863 -0.01137757 0.02413022
v 0.04238986 -0.01631206 0.02221637
v 0.04238986 -0.01631206 0.02221637
v 0.04271727 -0.01569563 0.02275079
v 0.04069942 -0.02046650 0.02083301
v 0.03695762 0.02577728 0.03915446
v 0.03402107 0.02950620 0.04065597
v 0.03626251 0.02688390 0.03972846
v 0.00037161 0.04501914 0.04691565
v -0.00387365 0.04492270 0.04695630
v -0.00013572 0.04508918 0.04710680
v 0.03695762 0.02577728 0.03915446
v 0.03626251 0.02688390 0.03972846
v 0.03896272 0.02284407 0.03814935
v 0.00037161 0.04501914 0.04691565
v 0.04008746 -0.02147859 0.02015858
v 0.04238986 -0.01631206 0.02221637
v 0.04069942 -0.02046650 0.02083301
v 0.00323015 0.04495102 0.04694771
v 0.04008746 -0.02147859 0.02015858
v 0.04003041 -0.02124977 0.02013731
v 0.03931969 0.02209246 0.03768658
v 0.03695762 0.02577728 0.03915446
v 0.03896272 0.02284407 0.03814935
v 0.04008746 -0.02147859 0.02015858
v 0.04069942 -0.02046650 0.02083301
v 0.03837072 -0.02463275 0.01915168
v 0.03931969 0.02209246 0.03768658
v 0.03896272 0.02284407 0.03814935
v 0.04131531 0.01834183 0.03632581
v 0.00451660 0.04459303 0.04672437
v 0.00037161 0.04501914 0.04691565
v 0.00323015 0.04495102 0.04694771
v 0.03808265 -0.02474325 0.01875317
v 0.04008746 -0.02147859 0.02015858
v 0.03837072 -0.02463275 0.01915168
v 0.00620198 0.04461646 0.04679220
v 0.03808265 -0.02474325 0.01875317
v 0.00620198 0.04461646 0.04679220
v 0.03673344 -0.02682006 0.01793950
v 0.03837072 -0.02463275 0.01915168
v 0.03574520 -0.02838593 0.01762944
v 0.03673344 -0.02682006 0.01793950
v 0.04160070 0.01748776 0.03582149
v 0.03931969 0.02209246 0.03768658
v 0.04131531 0.01834183 0.03632581
v 0.04160070 0.01748776 0.03582149
v 0.04292672 0.01385110 0.03433752
v 0.03931969 0.02209246 0.03768658
v 0.04160070 0.01748776 0.03582149
v 0.04131531 0.01834183 0.03632581
v 0.04314088 0.01360470 0.03432738
v 0.01140213 0.04338932 0.04623508
v 0.01155430 0.04354470 0.04637104
v 0.00620198 0.04461646 0.04679220
v 0.00671440 0.04458147 0.04692399
v 0.03673344 -0.02682006 0.01793950
v 0.03808265 -0.02474325 0.01875317
v 0.01155430 0.04354470 0.04637104
v 0.03414171 -0.03009796 0.01663804
v 0.03574520 -0.02838593 0.01762944
v 0.03275007 -0.03184366 0.01626545
v 0.03414171 -0.03009796 0.01663804
v 0.03673344 -0.02682006 0.01793950
v 0.03574520 -0.02838593 0.01762944
v 0.04292672 0.01385110 0.03433752
v 0.04160070 0.01748776 0.03582149
v 0.04314088 0.01360470 0.03432738
v 0.03414171 -0.03009796 0.01663804
v 0.03279227 -0.03171771 0.01610231
v 0.01559531 0.04222071 0.04580128
v 0.03249168 -0.03172111 0.01590633
v 0.03414171 -0.03009796 0.01663804
v 0.03279227 -0.03171771 0.01610231
v 0.01559531 0.04222071 0.04580128
v 0.02963888 -0.03470999 0.01485383
v 0.02912855 -0.03525882 0.01489526
v -0.04474258 -0.00819016 0.02541351
v -0.04470413 -0.00954324 0.02508908
v -0.04503887 -0.00710887 0.02594381
v -0.02088463 -0.04077339 0.01238912
v -0.01681214 -0.04262667 0.01164788
v -0.01716262 -0.04259604 0.01194548
v -0.02135634 -0.04065096 0.01272362
v -0.02081632 -0.04060357 0.01232343
v -0.01681214 -0.04262667 0.01164788
v -0.02088463 -0.04077339 0.01238912
v -0.01660341 -0.04247635 0.01155090
v -0.04545205 -0.00347233 0.02739286
v -0.04503887 -0.00710887 0.02594381
v -0.04544335 -0.00453115 0.02721887
v -0.04545205 -0.00347233 0.02739286
v -0.04474258 -0.00819016 0.02541351
v -0.04503887 -0.00710887 0.02594381
v -0.04545205 -0.00347233 0.02739286
v -0.04546225 0.00177759 0.02945750
v -0.04474258 -0.00819016 0.02541351
v -0.04545205 -0.00347233 0.02739286
v -0.02602010 0.03698092 0.04373371
v -0.02971833 0.03399467 0.04246497
v -0.02969950 0.03416556 0.04263514
v -0.02543395 -0.03811502 0.01347965
v -0.02088463 -0.04077339 0.01238912
v -0.02135634 -0.04065096 0.01272362
v -0.02543395 -0.03811502 0.01347965
v -0.02135634 -0.04065096 0.01272362
v -0.02565497 -0.03807049 0.01376402
v -0.02483415 -0.03829646 0.01325953
v -0.02483415 -0.03829646 0.01325953
v -0.02088463 -0.04077339 0.01238912
v -0.02543395 -0.03811502 0.01347965
v -0.02602010 0.03698092 0.04373371
v -0.02196121 0.03931999 0.04459667
v -0.02971833 0.03399467 0.04246497
v -0.04546225 0.00177759 0.02945750
v -0.04545205 -0.00347233 0.02739286
v -0.04560989 0.00039375 0.02903056
v -0.04546225 0.00177759 0.02945750
v -0.04560989 0.00039375 0.02903056
v -0.04528105 0.00523955 0.03109228
v -0.02835035 -0.03593724 0.01432114
v -0.02977162 -0.03494143 0.01500862
v -0.02835035 -0.03593724 0.01432114
v -0.02483415 -0.03829646 0.01325953
v -0.02543395 -0.03811502 0.01347965
v -0.02946710 -0.03487914 0.01465016
v -0.02196121 0.03931999 0.04459667
v -0.02602010 0.03698092 0.04373371
v -0.02211618 0.03941720 0.04474115
v -0.04501926 0.00654066 0.03141772
v -0.04546225 0.00177759 0.02945750
v -0.04528105 0.00523955 0.03109228
v -0.04501926 0.00654066 0.03141772
v -0.04424381 0.00996399 0.03273773
v -0.04546225 0.00177759 0.02945750
v -0.02946710 -0.03487914 0.01465016
v -0.02835035 -0.03593724 0.01432114
v -0.02977162 -0.03494143 0.01500862
v -0.04501926 0.00654066 0.03141772
v 0.00564647 -0.04541188 0.01050716
v 0.00606966 -0.04547375 0.01078724
v -0.03273618 -0.03201013 0.01592046
v -0.03273618 -0.03201013 0.01592046
v -0.02977162 -0.03494143 0.01500862
v -0.03301268 -0.03186452 0.01625967
v -0.03259325 -0.03195786 0.01582634
v -0.02946710 -0.03487914 0.01465016
v -0.03273618 -0.03201013 0.01592046
v 0.00521666 -0.04531925 0.01043617
v 0.00564647 -0.04541188 0.01050716
v -0.01761281 0.04149329 0.04549658
v -0.01794797 0.04146051 0.04561209
v 0.00521666 -0.04531925 0.01043617
v 0.00078985 -0.04562461 0.01030212
v 0.00844383 -0.04475903 0.01064240
v 0.00370556 -0.04572361 0.01058977
v -0.04424381 0.00996399 0.03273773
v -0.04501926 0.00654066 0.03141772
v -0.04437321 0.01018953 0.03301990
v -0.04349374 0.01305943 0.03404194
v -0.04437321 0.01018953 0.03301990
v -0.04290097 0.01510411 0.03495866
v -0.04349374 0.01305943 0.03404194
v 0.00253081 -0.04568910 0.01039266
v 0.00564647 -0.04541188 0.01050716
v 0.00370556 -0.04572361 0.01058977
v -0.03494763 -0.02948737 0.01689594
v -0.03494763 -0.02948737 0.01689594
v -0.03301268 -0.03186452 0.01625967
v -0.03657072 -0.02766418 0.01794660
v -0.03494763 -0.02948737 0.01689594
v -0.01324874 0.04310113 0.04616445
v -0.03671544 -0.02703285 0.01780128
v -0.03259325 -0.03195786 0.01582634
v -0.03494763 -0.02948737 0.01689594
v 0.00253081 -0.04568910 0.01039266
v 0.00370556 -0.04572361 0.01058977
v -0.00009692 -0.04589742 0.01052469
v -0.03639250 -0.02781718 0.01768457
v 0.00078985 -0.04562461 0.01030212
v 0.00564647 -0.04541188 0.01050716
v 0.00253081 -0.04568910 0.01039266
v 0.00078985 -0.04562461 0.01030212
v 0.00521666 -0.04531925 0.01043617
v 0.00564647 -0.04541188 0.01050716
v -0.04349374 0.01305943 0.03404194
v -0.04135549 0.01853132 0.03620725
v -0.04424381 0.00996399 0.03273773
v -0.04203563 0.01713889 0.03572005
v -0.03671544 -0.02703285 0.01780128
v -0.03494763 -0.02948737 0.01689594
v -0.03639250 -0.02781718 0.01768457
v -0.04135549 0.01853132 0.03620725
v -0.04290097 0.01510411 0.03495866
v -0.04203563 0.01713889 0.03572005
v -0.04349374 0.01305943 0.03404194
v -0.03844177 -0.02472412 0.01880025
v -0.03639250 -0.02781718 0.01768457
v -0.03657072 -0.02766418 0.01794660
v -0.01324874 0.04310113 0.04616445
v 0.00078985 -0.04562461 0.01030212
v 0.00253081 -0.04568910 0.01039266
v -0.00009692 -0.04589742 0.01052469
v -0.03927141 -0.02360939 0.01951217
v -0.03844177 -0.02472412 0.01880025
v -0.00309181 -0.04569202 0.01039773
v -0.01324874 0.04310113 0.04616445
v -0.01009076 0.04354143 0.04632622
v -0.04135549 0.01853132 0.03620725
v -0.04203563 0.01713889 0.03572005
v -0.04094606 0.01970762 0.03694134
v -0.00309181 -0.04569202 0.01039773
v -0.00009692 -0.04589742 0.01052469
v -0.00380433 -0.04575479 0.01067161
v -0.00303161 -0.04549789 0.01034426
v 0.00078985 -0.04562461 0.01030212
v -0.00309181 -0.04569202 0.01039773
v -0.03971660 0.02184575 0.03758233
v -0.03971660 0.02184575 0.03758233
v -0.03844177 -0.02472412 0.01880025
v -0.04134607 -0.01919174 0.02097797
v -0.03671544 -0.02703285 0.01780128
v -0.03971660 0.02184575 0.03758233
v -0.03788274 0.02414023 0.03847044
v -0.04045718 -0.02120685 0.02022951
v -0.03927141 -0.02360939 0.01951217
v -0.04157543 -0.01919126 0.02137190
v -0.04045718 -0.02120685 0.02022951
v -0.03844177 -0.02472412 0.01880025
v -0.03927141 -0.02360939 0.01951217
v -0.04045718 -0.02120685 0.02022951
v -0.00714612 -0.04526001 0.01060217
v -0.00380433 -0.04575479 0.01067161
v -0.00756460 -0.04529368 0.01085841
v -0.00714612 -0.04526001 0.01060217
v -0.00309181 -0.04569202 0.01039773
v -0.00380433 -0.04575479 0.01067161
v -0.03805130 0.02461379 0.03871405
v -0.03971660 0.02184575 0.03758233
v -0.03855693 0.02396202 0.03860926
v -0.04152745 -0.01923561 0.02118819
v -0.00722569 -0.04503339 0.01053267
v -0.00714612 -0.04526001 0.01060217
v -0.03632777 0.02697461 0.03962874
v -0.03805130 0.02461379 0.03871405
v -0.04134607 -0.01919174 0.02097797
v -0.04045718 -0.02120685 0.02022951
v -0.04152745 -0.01923561 0.02118819
v -0.03805130 0.02461379 0.03871405
v -0.03855693 0.02396202 0.03860926
v -0.03602385 0.02756130 0.04006338
v -0.04247069 -0.01675599 0.02203577
v -0.04247069 -0.01675599 0.02203577
v -0.04338520 -0.01453012 0.02322769
v -0.04247069 -0.01675599 0.02203577
v -0.04365277 -0.01287549 0.02351611
v -0.04134607 -0.01919174 0.02097797
v -0.03632777 0.02697461 0.03962874
v -0.03805130 0.02461379 0.03871405
v -0.03602385 0.02756130 0.04006338
v -0.01214426 -0.04419928 0.01103574
v -0.00714612 -0.04526001 0.01060217
v -0.00756460 -0.04529368 0.01085841
v -0.01214426 -0.04419928 0.01103574
v -0.00756460 -0.04529368 0.01085841
v -0.01244080 -0.04420357 0.01130092
v -0.04357814 -0.01364749 0.02330875
v -0.04247069 -0.01675599 0.02203577
v -0.04338520 -0.01453012 0.02322769
v -0.01168721 -0.04412078 0.01090633
v -0.01214426 -0.04419928 0.01103574
v -0.03332519 0.03050988 0.04105663
v -0.03313624 0.03087377 0.04127562
v -0.03332519 0.03050988 0.04105663
v -0.03632777 0.02697461 0.03962874
v -0.03313624 0.03087377 0.04127562
v -0.04365277 -0.01287549 0.02351611
v -0.04247069 -0.01675599 0.02203577
v -0.04357814 -0.01364749 0.02330875
v -0.04357814 -0.01364749 0.02330875
v -0.04338520 -0.01453012 0.02322769
v -0.04470413 -0.00954324 0.02508908
v -0.01681214 -0.04262667 0.01164788
v -0.01244080 -0.04420357 0.01130092
v -0.01716262 -0.04259604 0.01194548
v -0.01214426 -0.04419928 0.01103574
v -0.01214426 -0.04419928 0.01103574
v -0.01168721 -0.04412078 0.01090633
v -0.04365277 -0.01287549 0.02351611
v -0.04357814 -0.01364749 0.02330875
v -0.04503887 -0.00710887 0.02594381
v 0.00499636 -0.03862428 0.04203456
v 0.00371945 -0.03879684 0.04204595
v 0.00473255 -0.03674226 0.04206568
v -0.00036240 -0.03361088 0.04203587
v 0.00055057 -0.03346401 0.04205459
v 0.00211412 -0.03367966 0.04206901
v 0.00005218 -0.03667896 0.04205060
v 0.00100827 -0.03713303 0.04205036
v -0.00148755 -0.03736233 0.04205036
v -0.00441760 -0.03535461 0.04206103
v -0.00096488 -0.03690886 0.04205048
v 0.00153351 -0.03797394 0.04204982
v 0.00237298 -0.04122018 0.04205107
v 0.00099713 -0.03968691 0.04205042
v 0.00319284 -0.04015272 0.04205209
v 0.00147229 -0.03901422 0.04205054
v -0.00411022 -0.03873825 0.04203116
v -0.00531745 -0.03830671 0.04207098
v -0.00249809 -0.04134774 0.04205095
v -0.00340432 -0.04028964 0.04205048
v -0.00145197 -0.03953522 0.04205042
v -0.00110990 -0.04204291 0.04205024
v -0.00048028 -0.04009240 0.04205042
v -0.00385255 -0.03910017 0.04204356
v -0.00178707 -0.03881675 0.04205048
v -0.00013714 -0.04215621 0.04205048
v -0.00182676 -0.03809320 0.04204964
v 0.00033855 -0.04004919 0.04205048
v 0.00098116 -0.04200500 0.04205006
v -0.03769576 0.01712661 0.04195046
v -0.03447782 0.01528841 0.04195058
v -0.03802114 0.01637798 0.04195052
v -0.03374171 0.02407878 0.04195034
v -0.03038573 0.02211570 0.04195046
v -0.03089416 0.02148342 0.04195046
v -0.03420227 0.02341246 0.04195046
v -0.03018045 0.01638925 0.04195052
v -0.02942818 0.01604181 0.04195052
v -0.03026461 0.01517897 0.04195052
v -0.03129440 0.01543182 0.04195046
v -0.03132987 0.01451110 0.04195046
v -0.02955055 0.01768177 0.04195052
v -0.02874171 0.01759314 0.04195046
v -0.03230977 0.01507359 0.04195052
v -0.03315681 0.01416534 0.04195052
v -0.02946496 0.01907056 0.04195052
v -0.02866727 0.01925277 0.04195052
v -0.03336501 0.01499372 0.04195046
v -0.03471779 0.01450186 0.04195064
v -0.02999866 0.02054446 0.04195052
v -0.02931457 0.02097851 0.04195046
v -0.00920677 0.03900188 0.05336129
v -0.00950193 0.03929632 0.05313742
v -0.00538921 0.03990894 0.05334305
v -0.00950193 0.03929632 0.05313742
v -0.00413984 0.04011803 0.05335366
v -0.00538921 0.03990894 0.05334305
v -0.01413148 0.03692913 0.05331611
v -0.02111029 0.03265690 0.05292820
v -0.01790809 0.03498840 0.05313301
v -0.02065086 0.03315442 0.05298018
v -0.00556624 0.04036980 0.05295312
v -0.00536287 0.04068660 0.05237722
v -0.00340313 0.04079020 0.05268645
v -0.01378566 0.03868931 0.05192881
v -0.00961953 0.03991198 0.05218654
v -0.01949787 0.03587836 0.05202329
v -0.01742458 0.03694576 0.05220890
v -0.01788115 0.03618133 0.05274355
v -0.00434041 0.03984332 0.05346685
v -0.01349109 0.03858840 0.05244296
v -0.00960797 0.03978139 0.05255532
v -0.00920677 0.03900188 0.05336129
v -0.00352073 0.03955620 0.05356603
v -0.00893974 0.03854382 0.05348384
v -0.01349109 0.03858840 0.05244296
v -0.00930673 0.03961277 0.05290639
v -0.01361078 0.03833031 0.05271506
v -0.00473875 0.04079830 0.05207759
v -0.00008941 0.04106760 0.05219417
v -0.00298160 0.04097259 0.05214375
v -0.00556624 0.04036980 0.05295312
v -0.00319219 0.04055911 0.05307710
v -0.00413984 0.04011803 0.05335366
v -0.02127635 0.03370428 0.05273342
v -0.01788115 0.03618133 0.05274355
v -0.01700776 0.03605318 0.05307078
v -0.02101653 0.03332984 0.05291378
v -0.00950193 0.03929632 0.05313742
v -0.01342475 0.03807342 0.05300760
v -0.01790809 0.03498840 0.05313301
v -0.00536287 0.04068660 0.05237722
v -0.00298160 0.04097259 0.05214375
v -0.01342475 0.03807342 0.05300760
v -0.01231902 0.03815579 0.05322623
v -0.02178984 0.03478705 0.05131018
v -0.00413984 0.04011803 0.05335366
v -0.01413148 0.03692913 0.05331611
v -0.01231902 0.03815579 0.05322623
v -0.01956391 0.03611975 0.05140662
v -0.01771193 0.03704285 0.05167096
v -0.00008941 0.04106760 0.05219417
v -0.00011218 0.04076492 0.05298882
v -0.00340313 0.04079020 0.05268645
v -0.01742458 0.03694576 0.05220890
v -0.01771193 0.03704285 0.05167096
v -0.02178984 0.03478705 0.05131018
v -0.01956391 0.03611975 0.05140662
v -0.01949787 0.03587836 0.05202329
v -0.02166450 0.03454637 0.05188751
v -0.00319219 0.04055911 0.05307710
v -0.00011218 0.04076492 0.05298882
v -0.02166450 0.03454637 0.05188751
v -0.02151358 0.03416615 0.05237591
v -0.00011218 0.04076492 0.05298882
v 0.00036889 0.04029470 0.05338972
v -0.01342475 0.03807342 0.05300760
v 0.00036889 0.04029470 0.05338972
v -0.00013714 0.03991985 0.05352687
v -0.02151358 0.03416615 0.05237591
v -0.01413148 0.03692913 0.05331611
v -0.02065086 0.03315442 0.05298018
v -0.02237409 0.03445303 0.04606890
v -0.02226936 0.03394705 0.05073130
v -0.02237880 0.03401315 0.04651015
v -0.02200317 0.03503334 0.04525995
v -0.02190572 0.03481018 0.05074274
v -0.02219098 0.03483146 0.04557538
v -0.02190572 0.03481018 0.05074274
v -0.02218353 0.03441828 0.05073446
v -0.02219098 0.03483146 0.04557538
v -0.02218353 0.03441828 0.05073446
v -0.02237409 0.03445303 0.04606890
v -0.02238774 0.03456491 0.04570227
v -0.02258718 0.03415071 0.04591023
v -0.02431321 0.03300428 0.04584574
v -0.02258718 0.03415071 0.04591023
v -0.02266502 0.03369373 0.04604959
v -0.02372866 0.03288710 0.04605388
v -0.02431321 0.03300428 0.04584574
v -0.02200317 0.03503334 0.04525995
v -0.02238774 0.03456491 0.04570227
v -0.02507984 0.03281366 0.04543876
v -0.02238774 0.03456491 0.04570227
v -0.02431321 0.03300428 0.04584574
v -0.02507984 0.03281366 0.04543876
v -0.02507984 0.03281366 0.04543876
v -0.02394145 0.03210139 0.05074977
v -0.02425217 0.03242331 0.05042952
v -0.02421653 0.03260701 0.04654419
v -0.02463066 0.03254497 0.05057001
v -0.02496606 0.03255343 0.05047923
v -0.02486491 0.03281724 0.04593271
v -0.02440774 0.03272104 0.04642832
v -0.02421653 0.03260701 0.04654419
v -0.02425217 0.03242331 0.05042952
v -0.02440774 0.03272104 0.04642832
v -0.02425217 0.03242331 0.05042952
v -0.02463066 0.03254497 0.05057001
v -0.02440774 0.03272104 0.04642832
v -0.02496606 0.03255343 0.05047923
v -0.02507984 0.03281366 0.04543876
v -0.02394229 0.03235822 0.04653835
v -0.02609485 0.03096491 0.05166882
v -0.02641105 0.03115582 0.05112212
v -0.02549457 0.03160524 0.05167651
v -0.02568316 0.03202319 0.05073082
v -0.02533614 0.03203719 0.05130410
v -0.02517426 0.03173846 0.05180752
v -0.02701568 0.02740764 0.05248451
v -0.02715301 0.02856534 0.05225628
v -0.02479583 0.03060126 0.05256372
v -0.02733963 0.02947467 0.05181092
v -0.02609485 0.03096491 0.05166882
v -0.02509301 0.03113770 0.05223006
v -0.02733963 0.02947467 0.05181092
v -0.02499866 0.03134465 0.05218070
v -0.02549457 0.03160524 0.05167651
v -0.02517426 0.03173846 0.05180752
v -0.02479583 0.03060126 0.05256372
v -0.03142434 0.02635121 0.04981613
v -0.03105515 0.02678239 0.04996639
v -0.02475053 0.03083956 0.05250525
v -0.02475053 0.03083956 0.05250525
v -0.02436614 0.03002893 0.05272644
v -0.02479583 0.03060126 0.05256372
v -0.02436614 0.03002893 0.05272644
v -0.03124237 0.02614581 0.05045485
v -0.03142434 0.02635121 0.04981613
v -0.03042018 0.02546924 0.05163896
v -0.03084421 0.02599883 0.05104964
v -0.02997589 0.02591317 0.05174511
v -0.02944093 0.02506417 0.05214685
v -0.03042018 0.02546924 0.05163896
v -0.02997589 0.02591317 0.05174511
v -0.02813988 0.02996033 0.05024200
v -0.02849912 0.02908599 0.05102777
v -0.02834248 0.02935057 0.05090147
v -0.02733963 0.02947467 0.05181092
v -0.02797883 0.02857017 0.05186057
v -0.02797883 0.02857017 0.05186057
v -0.02904260 0.02450817 0.05223685
v -0.02538740 0.03223866 0.05086606
v -0.02538740 0.03223866 0.05086606
v -0.03255867 0.02474945 0.04729634
v -0.03211426 0.02531981 0.04769456
v -0.03224790 0.02461904 0.04751825
v -0.03187680 0.02500295 0.04788547
v -0.03224790 0.02461904 0.04751825
v -0.03187680 0.02500295 0.04788547
v -0.03176534 0.02465653 0.04775846
v -0.03187680 0.02500295 0.04788547
v -0.03148353 0.02495104 0.04818630
v -0.03176534 0.02465653 0.04775846
v -0.03149181 0.02649217 0.04913085
v -0.03171640 0.02599287 0.04878574
v -0.03171813 0.02614653 0.04848051
v -0.03337097 0.02397191 0.04699724
v -0.03277164 0.02480661 0.04705405
v -0.03255867 0.02474945 0.04729634
v -0.03178930 0.02623111 0.04786700
v -0.03224790 0.02461904 0.04751825
v -0.03176534 0.02465653 0.04775846
v -0.03214299 0.02422732 0.04747980
v -0.03258049 0.02407443 0.04741817
v -0.03255867 0.02474945 0.04729634
v -0.03224790 0.02461904 0.04751825
v -0.03214299 0.02422732 0.04747980
v -0.03258049 0.02407443 0.04741817
v -0.03224790 0.02461904 0.04751825
v -0.03189343 0.02576106 0.04808109
v -0.03171640 0.02599287 0.04878574
v -0.03160202 0.02551120 0.04902136
v -0.03166669 0.02545464 0.04853636
v -0.03171640 0.02599287 0.04878574
v -0.03166669 0.02545464 0.04853636
v -0.03189343 0.02576106 0.04808109
v -0.03148239 0.02534025 0.04936259
v -0.03152567 0.02521187 0.04849368
v -0.03166669 0.02545464 0.04853636
v -0.03148239 0.02534025 0.04936259
v -0.03129351 0.02508485 0.04871881
v -0.03152567 0.02521187 0.04849368
v -0.03178930 0.02623111 0.04786700
v -0.03189343 0.02576106 0.04808109
v -0.03217762 0.02565503 0.04743051
v -0.03197848 0.02603769 0.04735749
v -0.03178930 0.02623111 0.04786700
v -0.03217762 0.02565503 0.04743051
v -0.03245055 0.02543538 0.04698497
v -0.03211426 0.02531981 0.04769456
v -0.03189343 0.02576106 0.04808109
v -0.03182685 0.02523225 0.04806590
v -0.03182685 0.02523225 0.04806590
v -0.03189343 0.02576106 0.04808109
v -0.03211426 0.02531981 0.04769456
v -0.03217762 0.02565503 0.04743051
v -0.03182685 0.02523225 0.04806590
v -0.03166669 0.02545464 0.04853636
v -0.03152567 0.02521187 0.04849368
v -0.03129351 0.02508485 0.04871881
v -0.03148353 0.02495104 0.04818630
v -0.03182685 0.02523225 0.04806590
v -0.03245055 0.02543538 0.04698497
v -0.03217762 0.02565503 0.04743051
v -0.03255867 0.02474945 0.04729634
v -0.03245055 0.02543538 0.04698497
v -0.03187680 0.02500295 0.04788547
v -0.03211426 0.02531981 0.04769456
v -0.03245055 0.02543538 0.04698497
v -0.03277164 0.02480661 0.04705405
v -0.03352272 0.02404814 0.04652196
v -0.03352272 0.02404814 0.04652196
v -0.03298950 0.02375531 0.04739171
v -0.03017538 0.02208441 0.04745125
v -0.03038573 0.02211570 0.04195046
v -0.03374171 0.02407878 0.04195034
v -0.03337097 0.02397191 0.04699724
v -0.03787595 0.01620376 0.04656034
v -0.03802114 0.01637798 0.04195052
v -0.03471779 0.01450186 0.04195064
v -0.03721517 0.01579374 0.04740869
v -0.03770220 0.01609271 0.04707360
v -0.03461706 0.01434630 0.04744488
v -0.03844493 0.01474338 0.04674637
v -0.03787595 0.01620376 0.04656034
v -0.03830647 0.01498895 0.04687136
v -0.03770220 0.01609271 0.04707360
v -0.03806972 0.01500439 0.04721832
v -0.03806972 0.01500439 0.04721832
v -0.03721517 0.01579374 0.04740869
v -0.03781419 0.01496744 0.04740715
v -0.03781419 0.01496744 0.04740715
v -0.03721517 0.01579374 0.04740869
v -0.03756350 0.01489281 0.04749906
v -0.04087334 -0.00489777 0.04283767
v -0.04073888 -0.00491786 0.04396528
v -0.04033619 -0.00770950 0.04324531
v -0.03899097 0.00633997 0.04888296
v -0.03957384 0.00672769 0.04815834
v -0.03851979 0.01010173 0.04912608
v -0.01614195 -0.03590565 0.04247295
v -0.01631444 -0.03603351 0.04216861
v -0.01872444 -0.03501129 0.04213243
v -0.01570075 -0.03530073 0.04350996
v -0.01826870 -0.03456735 0.04305672
v -0.03879714 0.01300305 0.04765564
v -0.03869813 0.01329070 0.04773896
v -0.03916335 0.01075172 0.04803085
v -0.01733011 -0.02910798 0.04720765
v -0.02269697 -0.02594292 0.04741555
v -0.02235937 -0.02516508 0.04769688
v -0.03841853 -0.01252651 0.04446220
v -0.04011386 -0.00759941 0.04426908
v -0.03978335 -0.00763655 0.04507589
v -0.01891320 -0.02757924 0.04747372
v -0.02770930 -0.02560079 0.04579907
v -0.02797740 -0.02611279 0.04527759
v -0.02776151 -0.02541035 0.04588764
v -0.03682845 0.00130874 0.04987955
v -0.03746414 0.00150800 0.04964202
v -0.03695297 0.00610065 0.05024617
v -0.01110333 -0.03489834 0.04525405
v -0.01540815 -0.03428620 0.04465407
v -0.01489287 -0.03336304 0.04552972
v -0.02974838 -0.02658492 0.04314923
v -0.02978140 -0.02694505 0.04259210
v -0.03154933 -0.02457356 0.04331046
v -0.03818273 0.00975037 0.04948854
v -0.03858458 0.00653386 0.04925090
v -0.03933858 -0.00749087 0.04598808
v -0.01873403 -0.03547471 0.04125064
v -0.01912140 -0.03594255 0.03946024
v -0.02113342 -0.03456926 0.04039955
v -0.03605216 0.00603861 0.05051136
v -0.00754350 -0.03136587 0.04725950
v -0.00952458 -0.03179162 0.04705524
v -0.01312911 -0.02974885 0.04739451
v -0.03845018 0.01327908 0.04832911
v -0.03204292 -0.02488678 0.04196614
v -0.03232187 -0.02503812 0.04085642
v -0.03396970 -0.02283990 0.04116743
v -0.03282809 -0.01466363 0.04828017
v -0.03530669 -0.01265144 0.04776382
v -0.03420931 -0.01171356 0.04853689
v -0.02441751 -0.03277885 0.03952050
v -0.03803539 -0.01252883 0.04517507
v -0.02961719 -0.02655643 0.04335027
v -0.01053655 -0.03423321 0.04581058
v -0.02824974 -0.02537250 0.04562664
v -0.02133578 -0.03389161 0.04164499
v -0.03839886 0.01267713 0.04866594
v -0.03904908 0.01024621 0.04836225
v -0.03807783 0.01300328 0.04900687
v -0.01792168 -0.03397697 0.04394531
v -0.02941894 -0.02639091 0.04377162
v -0.02197700 -0.03436303 0.03951662
v -0.02249681 -0.03359085 0.04081547
v -0.01453125 -0.03260934 0.04608535
v -0.03591418 0.00130922 0.05012631
v -0.03103375 -0.02435922 0.04421377
v -0.03766196 0.01242893 0.04965823
v -0.03715038 0.01213806 0.05015581
v -0.01278054 -0.02879619 0.04758924
v -0.03784745 0.00637293 0.04980564
v -0.03743648 0.00949287 0.05008459
v -0.02938330 -0.02612537 0.04409092
v -0.03496503 -0.01148498 0.04828894
v -0.03889077 0.01023262 0.04861736
v -0.02235937 -0.02516508 0.04769688
v -0.02089405 -0.02361905 0.04805725
v -0.02157586 -0.02473807 0.04788303
v -0.02161836 -0.03335785 0.04233199
v -0.00984192 -0.03419113 0.04596608
v -0.03364527 -0.02237701 0.04284954
v -0.03365796 -0.01189613 0.04870551
v -0.02708387 -0.02486413 0.04656982
v -0.03512197 0.00136316 0.05023127
v -0.01544076 -0.03456008 0.04439413
v -0.01762765 -0.03347033 0.04457581
v -0.02885544 -0.02608251 0.04461812
v -0.03763312 -0.01213836 0.04596602
v -0.02077007 -0.03339093 0.04296875
v -0.03490126 0.00839996 0.05085182
v -0.03038686 -0.02382141 0.04525941
v -0.03521698 0.00945711 0.05090296
v -0.02645230 -0.02431190 0.04707491
v -0.02770930 -0.02560079 0.04579907
v -0.02708387 -0.02486413 0.04656982
v -0.00988370 -0.03288722 0.04659795
v -0.03518819 -0.02081990 0.04167097
v -0.02957153 -0.01496887 0.04881232
v -0.03163915 -0.01385647 0.04874533
v -0.03197157 -0.01088827 0.04915314
v -0.04027199 -0.00479555 0.04549789
v -0.03319430 -0.02244973 0.04350382
v -0.01470732 -0.03157144 0.04658865
v -0.00363439 -0.04009979 0.04003429
v -0.00322461 -0.04069405 0.03801184
v -0.00380021 -0.04028409 0.03947353
v -0.03670048 0.00950187 0.05047154
v -0.00553459 -0.04034221 0.03854840
v -0.00363439 -0.04009979 0.04003429
v -0.00629729 -0.03976202 0.04015541
v -0.02996945 -0.02353709 0.04577249
v -0.03849244 -0.00755799 0.04705327
v -0.03694701 -0.01303577 0.04631608
v -0.01732414 -0.03294283 0.04513460
v -0.03608608 0.00963211 0.05071681
v -0.04098910 -0.00226188 0.04438775
v -0.03660506 0.01194220 0.05049937
v -0.03289026 -0.01090097 0.04905146
v -0.03202152 -0.01379013 0.04870367
v -0.01455014 -0.03016567 0.04717701
v -0.02058875 -0.03304034 0.04350841
v -0.03715038 0.01213806 0.05015581
v -0.03766196 0.01242893 0.04965823
v -0.03660506 0.01194220 0.05049937
v -0.03294777 -0.02221649 0.04410201
v -0.03679960 -0.01202917 0.04687786
v -0.00752556 -0.04007983 0.03837347
v -0.00649196 -0.04000914 0.03931623
v -0.03263735 -0.02199077 0.04467892
v -0.01705116 -0.03162336 0.04613822
v -0.03573244 0.01154828 0.05088514
v -0.03810113 -0.00756067 0.04744809
v -0.02288740 -0.03286594 0.04182010
v -0.00515646 -0.03957682 0.04089862
v -0.02945750 -0.02318441 0.04631406
v -0.01935809 -0.03271770 0.04452610
v -0.03453344 -0.02064514 0.04354572
v -0.03495240 0.01137107 0.05105727
v -0.00393319 -0.03929018 0.04170423
v -0.03495240 0.01137107 0.05105727
v -0.03413999 0.01150614 0.05109745
v -0.02887904 -0.02278119 0.04681873
v -0.02645230 -0.02431190 0.04707491
v -0.02496910 -0.03191280 0.04091644
v -0.03197664 -0.02177602 0.04548221
v -0.03618276 -0.01223605 0.04730999
v -0.00572681 -0.03913307 0.04163497
v -0.00709289 -0.03936028 0.04081147
v -0.00791901 -0.03963196 0.03971332
v -0.03976607 -0.00493634 0.04635226
v -0.03727293 -0.00736713 0.04814332
v -0.04070270 -0.00228625 0.04541128
v -0.03415596 -0.02052098 0.04420673
v -0.02169507 -0.03226369 0.04371166
v -0.03282618 -0.02058213 0.04561036
v -0.02267408 -0.03214359 0.04311740
v -0.03952229 -0.00492942 0.04671716
v -0.03163969 -0.02141988 0.04599255
v -0.00620836 -0.03887033 0.04194784
v -0.04098743 0.00133091 0.04524844
v -0.03305214 -0.00779372 0.04942494
v -0.01085251 -0.03924423 0.03878068
v -0.02121150 -0.03160351 0.04463660
v -0.03699284 -0.01758199 0.04198759
v -0.00736231 -0.03871434 0.04193878
v -0.03115969 -0.02135014 0.04635542
v -0.03865933 -0.00480461 0.04775422
v -0.03386092 -0.02037853 0.04471510
v -0.03598994 -0.00724423 0.04889178
v -0.03248596 -0.02056866 0.04589241
v -0.04003310 -0.00226307 0.04677391
v -0.02485936 -0.03169941 0.04150265
v -0.02538055 -0.02317321 0.04778653
v -0.02645230 -0.02431190 0.04707491
v -0.02869510 -0.02170556 0.04737740
v -0.01812702 -0.02975165 0.04681050
v -0.01979589 -0.03165054 0.04524803
v -0.02450370 -0.03144079 0.04240936
v -0.01103180 -0.03887236 0.03995364
v -0.02349776 -0.02141237 0.04825043
v -0.02538055 -0.02317321 0.04778653
v -0.02481883 -0.02242010 0.04803752
v -0.03336328 -0.02009594 0.04545956
v -0.04029059 -0.00211060 0.04633617
v -0.03679460 -0.01708477 0.04340124
v -0.01901710 -0.03110128 0.04589062
v -0.03046303 -0.02093333 0.04695874
v -0.01045370 -0.03848648 0.04122829
v -0.02736973 -0.03039991 0.03975296
v -0.01283776 -0.03868687 0.03872507
v -0.02432036 -0.03099089 0.04323023
v -0.02307540 -0.03069800 0.04443907
v -0.01022899 -0.03790760 0.04230499
v -0.04106020 0.00207806 0.04480886
v -0.03128814 -0.01991504 0.04701781
v -0.03760749 -0.00483847 0.04854273
v -0.02714771 -0.03020972 0.04092884
v -0.04091668 0.00184303 0.04557538
v -0.03274041 -0.01981514 0.04617238
v -0.01269471 -0.03841167 0.03987193
v -0.03884690 -0.00212920 0.04819005
v -0.03475159 -0.00710297 0.04929614
v -0.01659584 -0.02806854 0.04756093
v -0.03607064 -0.01736259 0.04442209
v -0.01935809 -0.03271770 0.04452610
v -0.01979589 -0.03165054 0.04524803
v -0.02029800 -0.03015130 0.04609346
v -0.02029800 -0.03015130 0.04609346
v -0.00695765 -0.03827732 0.04268854
v -0.03232920 -0.01960235 0.04657530
v -0.00733995 -0.03774738 0.04331016
v -0.02257210 -0.03046238 0.04493677
v -0.03056287 -0.01951467 0.04751133
v -0.01147598 -0.03695011 0.04320526
v -0.00166059 -0.03137350 0.04729521
v -0.00351995 -0.03197193 0.04718995
v -0.00256038 -0.03098756 0.04739081
v -0.00045395 -0.03098183 0.04739254
v -0.02992683 -0.01935565 0.04779356
v -0.02920508 -0.01965790 0.04791384
v -0.03699231 -0.00427979 0.04900091
v -0.01247274 -0.03775233 0.04152017
v -0.00426274 -0.03061819 0.04742962
v -0.04098743 0.00133091 0.04524844
v -0.04045361 0.00136966 0.04672747
v -0.02367156 -0.03062725 0.04413807
v -0.01123607 -0.03623116 0.04410481
v -0.03591728 -0.00434685 0.04942482
v -0.02349776 -0.02141237 0.04825043
v -0.02481883 -0.02242010 0.04803752
v -0.02745008 -0.01862907 0.04845017
v -0.02698677 -0.03007751 0.04148769
v -0.03815561 -0.01480394 0.04259896
v -0.00723273 -0.03711956 0.04402709
v -0.03884690 -0.00212920 0.04819005
v -0.03582614 -0.01707547 0.04499071
v -0.03738427 -0.00255376 0.04914021
v -0.01218932 -0.03743308 0.04226613
v -0.00608575 -0.03411555 0.04635167
v -0.00679767 -0.03550720 0.04545593
v -0.00719070 -0.03435415 0.04613876
v -0.02057820 -0.02879834 0.04671579
v -0.02263462 -0.02972489 0.04548221
v -0.03593009 -0.00240278 0.04970663
v -0.00977397 -0.03581339 0.04476928
v -0.02311253 -0.03022086 0.04486119
v -0.00495720 -0.03312683 0.04679918
v -0.00604296 -0.03234046 0.04704684
v -0.03537404 -0.01712757 0.04551231
v -0.00459593 -0.03230088 0.04709792
v -0.02907681 -0.02875292 0.04013109
v -0.00448048 -0.03170824 0.04724967
v -0.02663230 -0.02971649 0.04261738
v -0.03912037 -0.01258367 0.04216426
v -0.03509634 -0.00286096 0.04983699
v -0.03944540 0.00118935 0.04814738
v -0.04045361 0.00136966 0.04672747
v -0.04000180 0.00161266 0.04749196
v -0.02867692 -0.01818275 0.04839277
v -0.02481883 -0.02242010 0.04803752
v -0.02686101 -0.02968591 0.04239130
v -0.02913856 -0.01853752 0.04824328
v -0.01696199 -0.03714817 0.03874295
v -0.03768050 -0.01462048 0.04408609
v -0.03474617 -0.01692676 0.04624319
v -0.02642124 -0.02943485 0.04322785
v -0.04042416 0.00682569 0.04631608
v -0.03066533 -0.02726495 0.03959894
v -0.02503269 -0.02848416 0.04521822
v -0.03876727 -0.01271176 0.04344552
v -0.02745008 -0.01862907 0.04845017
v -0.00737947 -0.03264141 0.04688614
v -0.02928489 -0.02802801 0.04159641
v -0.03539073 -0.00271505 0.04977220
v -0.02610367 -0.02928954 0.04371172
v -0.00515497 -0.03102445 0.04737228
v -0.02230036 -0.02883976 0.04619354
v -0.03539073 -0.00271505 0.04977220
v -0.03593009 -0.00240278 0.04970663
v -0.03509634 -0.00286096 0.04983699
v -0.03054755 -0.02712172 0.04061716
v -0.03411388 -0.01659286 0.04690188
v -0.03731304 -0.01452505 0.04485172
v -0.03944540 0.00118935 0.04814738
v -0.03887939 0.00141943 0.04871368
v -0.03828185 0.00131190 0.04915779
v -0.01686275 -0.03681498 0.04006576
v -0.03828185 0.00131190 0.04915779
v -0.03887939 0.00141943 0.04871368
v -0.03816986 0.00171185 0.04926341
v -0.01827567 -0.02567267 0.04786598
v -0.03994870 0.00684333 0.04753971
v -0.02875036 -0.02800083 0.04244750
v -0.02564567 -0.02862894 0.04472494
v -0.03310817 -0.01640510 0.04756683
v -0.03688478 -0.01433175 0.04560780
v -0.04000180 0.00161266 0.04749196
v -0.03404325 -0.01588839 0.04725986
v -0.03828185 0.00131190 0.04915779
v -0.03746414 0.00150800 0.04964202
v -0.02815669 -0.02789783 0.04335254
v -0.03968310 0.01029151 0.04695749
v -0.03303092 -0.01592779 0.04777985
v -0.01635587 -0.03646522 0.04137063
v -0.03003937 -0.02718842 0.04173088
v -0.03617620 -0.01384830 0.04664176
v -0.02128934 -0.02780783 0.04698932
v -0.03944540 0.00118935 0.04814738
v -0.01624876 -0.03618621 0.04196155
v -0.02765506 -0.02760070 0.04417508
v -0.03189826 -0.01536053 0.04836124
v -0.02491176 -0.02796119 0.04567265
v -0.03565937 -0.01403582 0.04695844
v -0.02942860 -0.02686649 0.04318732
v -0.02488756 -0.02775776 0.04582595
v -0.02398300 -0.02725315 0.04651308
v -0.03973567 0.01084047 0.04580724
v -0.03844493 0.01474338 0.04674637
v -0.03867131 0.01412582 0.04682707
v -0.02157586 -0.02473807 0.04788303
v -0.02488756 -0.02775776 0.04582595
v -0.02360725 -0.02641177 0.04702544
v -0.02398300 -0.02725315 0.04651308
v -0.03867131 0.01412582 0.04682707
v -0.03891593 0.01310604 0.04716026
v -0.02360725 -0.02641177 0.04702544
v -0.03003937 -0.02718842 0.04173088
v -0.02928489 -0.02802801 0.04159641
v -0.03204292 -0.02488678 0.04196614
v -0.04087334 -0.00489777 0.04283767
v -0.04112499 -0.00211650 0.04335176
v -0.04045808 -0.00757420 0.04234838
v -0.02089405 -0.02361905 0.04805725
v -0.02360725 -0.02641177 0.04702544
v -0.02235937 -0.02516508 0.04769688
v -0.02269697 -0.02594292 0.04741555
v -0.01903909 -0.03750461 0.01375579
v -0.01426339 -0.03956747 0.01290178
v -0.01534891 -0.03923821 0.01289647
v -0.01903909 -0.03750461 0.01375579
v -0.01534891 -0.03923821 0.01289647
v -0.01919835 -0.03751009 0.01358777
v -0.01183694 -0.04050946 0.01234996
v -0.01191335 -0.04033803 0.01253688
v -0.00948620 -0.04098337 0.01225948
v -0.02254295 -0.03551352 0.01443701
v -0.00684971 -0.04153382 0.01198559
v -0.00253159 -0.04196482 0.01192438
v -0.00244069 -0.04210686 0.01171374
v -0.01534891 -0.03923821 0.01289647
v -0.01534891 -0.03923821 0.01289647
v -0.01183694 -0.04050946 0.01234996
v -0.02270960 -0.03541350 0.01464235
v -0.02225536 -0.03500473 0.02766376
v -0.02210938 -0.03514361 0.02730762
v -0.02276641 -0.03489297 0.02753144
v -0.02225536 -0.03500473 0.02766376
v -0.02334988 -0.03457355 0.02760881
v -0.02321648 -0.03440022 0.02786874
v -0.02276641 -0.03489297 0.02753144
v -0.02321648 -0.03440022 0.02786874
v -0.02225536 -0.03500473 0.02766376
v -0.02198028 -0.03520995 0.02708470
v -0.02210938 -0.03514361 0.02730762
v -0.03043502 -0.02859807 0.02762854
v -0.03247344 -0.02621477 0.02767431
v -0.03261297 -0.02582210 0.02794289
v -0.02712923 -0.03168874 0.02764326
v -0.02334988 -0.03457355 0.02760881
v -0.02771168 -0.03182548 0.02750355
v -0.02712923 -0.03168874 0.02764326
v -0.02579629 -0.03268170 0.02769201
v -0.02334988 -0.03457355 0.02760881
v -0.03247344 -0.02621477 0.02767431
v -0.03043502 -0.02859807 0.02762854
v -0.03192144 -0.02746236 0.02753061
v -0.03043502 -0.02859807 0.02762854
v -0.03097790 -0.02771008 0.02802079
v -0.02774518 -0.03088426 0.02802026
v -0.02712923 -0.03168874 0.02764326
v -0.03415274 -0.02381432 0.02784973
v -0.03247344 -0.02621477 0.02767431
v -0.03435540 -0.02389919 0.02760088
v -0.03415274 -0.02381432 0.02784973
v -0.03435540 -0.02389919 0.02760088
v -0.02562242 -0.03263998 0.02804356
v -0.02712923 -0.03168874 0.02764326
v -0.02562242 -0.03263998 0.02804356
v -0.02321648 -0.03440022 0.02786874
v -0.02579629 -0.03268170 0.02769201
v -0.02712923 -0.03168874 0.02764326
v -0.02321648 -0.03440022 0.02786874
v -0.03097790 -0.02771008 0.02802079
v -0.02579629 -0.03268170 0.02769201
v -0.03484380 -0.02291095 0.02733546
v -0.03493887 -0.02270704 0.02710187
v -0.03476679 -0.02291977 0.02761775
v -0.03464019 -0.02322471 0.02757906
v -0.03476679 -0.02291977 0.02761775
v -0.03415274 -0.02381432 0.02784973
v -0.03464019 -0.02322471 0.02757906
v -0.03415274 -0.02381432 0.02784973
v -0.03435540 -0.02389919 0.02760088
v -0.03464019 -0.02322471 0.02757906
v -0.03465342 -0.02413773 0.02747291
v -0.03464019 -0.02322471 0.02757906
v -0.03465342 -0.02413773 0.02747291
v -0.03484380 -0.02291095 0.02733546
v -0.03464019 -0.02322471 0.02757906
v -0.03484380 -0.02291095 0.02733546
v -0.03476679 -0.02291977 0.02761775
v -0.03531771 -0.02341341 0.01931720
v -0.03525871 -0.02292436 0.01953452
v -0.03514593 -0.02299571 0.01963323
v 0.03925991 0.01354885 0.03431648
v 0.03914237 0.01452255 0.03458333
v 0.04056125 0.00973558 0.03265881
v 0.03928130 0.01318925 0.03438246
v 0.03884690 0.01444810 0.03480768
v 0.03925991 0.01354885 0.03431648
v 0.00657940 -0.04148960 0.01211673
v 0.00629544 -0.04161882 0.01192647
v 0.00232756 -0.04201292 0.01176834
v -0.02273607 0.03489869 0.04287296
v -0.02620816 0.03221559 0.04199290
v -0.02627182 0.03238385 0.04184454
v -0.02251201 0.03482073 0.04314285
v 0.00657940 -0.04148960 0.01211673
v 0.00232756 -0.04201292 0.01176834
v 0.00225311 -0.04196351 0.01195067
v -0.02251201 0.03482073 0.04314285
v -0.02638447 0.03203338 0.04205447
v -0.02620816 0.03221559 0.04199290
v 0.04053288 0.00908089 0.03252530
v 0.04052001 0.00882804 0.03260076
v 0.04053288 0.00908089 0.03252530
v 0.04146969 0.00527376 0.03084421
v -0.01832216 0.03724122 0.04395091
v -0.02273607 0.03489869 0.04287296
v -0.01891267 0.03729021 0.04378187
v 0.04131865 0.00462246 0.03073406
v 0.04053288 0.00908089 0.03252530
v 0.04146969 0.00527376 0.03084421
v -0.01826441 0.03719371 0.04415827
v -0.01826441 0.03719371 0.04415827
v -0.02273607 0.03489869 0.04287296
v -0.01832216 0.03724122 0.04395091
v -0.01485067 0.03907203 0.04449969
v 0.04131865 0.00462246 0.03073406
v 0.04131865 0.00462246 0.03073406
v 0.04133415 0.00381488 0.03056216
v 0.04052001 0.00882804 0.03260076
v 0.04185414 0.00073624 0.02900314
v -0.01411455 0.03904896 0.04465061
v 0.04164433 -0.00024414 0.02870982
v 0.04131865 0.00462246 0.03073406
v 0.04185414 0.00073624 0.02900314
v -0.01435232 0.03886640 0.04473769
v -0.01832216 0.03724122 0.04395091
v -0.01411455 0.03904896 0.04465061
v -0.01435232 0.03886640 0.04473769
v -0.01435232 0.03886640 0.04473769
v -0.01367890 0.03907513 0.04491913
v -0.01826441 0.03719371 0.04415827
v 0.04154598 -0.00056291 0.02875900
v 0.04131865 0.00462246 0.03073406
v 0.04164433 -0.00024414 0.02870982
v -0.01066625 0.04038149 0.04502445
v 0.04154598 -0.00056291 0.02875900
v 0.04133415 0.00381488 0.03056216
v 0.04131865 0.00462246 0.03073406
v 0.04161667 -0.00428963 0.02697944
v -0.00979280 0.04027706 0.04518973
v -0.00979280 0.04027706 0.04518973
v -0.01435232 0.03886640 0.04473769
v -0.01411455 0.03904896 0.04465061
v -0.00974905 0.04021281 0.04537850
v -0.01435232 0.03886640 0.04473769
v -0.00979280 0.04027706 0.04518973
v 0.04136639 -0.00492668 0.02683728
v -0.00974905 0.04021281 0.04537850
v -0.01367890 0.03907513 0.04491913
v -0.01435232 0.03886640 0.04473769
v 0.04126071 -0.00520170 0.02689403
v -0.00979280 0.04027706 0.04518973
v -0.01066625 0.04038149 0.04502445
v -0.00584620 0.04130756 0.04540729
v 0.04136639 -0.00492668 0.02683728
v 0.04082661 -0.00929928 0.02495861
v 0.04126650 -0.00521511 0.02683663
v 0.04126071 -0.00520170 0.02689403
v 0.04136639 -0.00492668 0.02683728
v -0.00501656 0.04114151 0.04552519
v -0.03753727 -0.01884937 0.02120232
v -0.03525871 -0.02292436 0.01953452
v -0.03556710 -0.02280408 0.01949012
v -0.03794139 -0.01844215 0.02126407
v -0.00525552 0.04104024 0.04562354
v -0.00501656 0.04114151 0.04552519
v -0.03743213 -0.01897650 0.02129405
v -0.03514593 -0.02299571 0.01963323
v -0.03525871 -0.02292436 0.01953452
v -0.03743213 -0.01897650 0.02129405
v -0.03525871 -0.02292436 0.01953452
v -0.03753727 -0.01884937 0.02120232
v 0.04050225 -0.00991678 0.02481675
v 0.04136639 -0.00492668 0.02683728
v 0.04082661 -0.00929928 0.02495861
v -0.00499731 0.04105108 0.04572731
v -0.00501656 0.04114151 0.04552519
v -0.00584620 0.04130756 0.04540729
v -0.00144786 0.04166674 0.04555374
v 0.04050707 -0.00968504 0.02501273
v 0.04136639 -0.00492668 0.02683728
v 0.04050225 -0.00991678 0.02481675
v 0.04126650 -0.00521511 0.02683663
v 0.04050707 -0.00968504 0.02501273
v 0.04050707 -0.00968504 0.02501273
v 0.04036450 -0.01019108 0.02487492
v 0.04126071 -0.00520170 0.02689403
v 0.03958845 -0.01375389 0.02316039
v -0.03958123 -0.01435559 0.02293920
v -0.00069864 0.04143083 0.04564321
v -0.03900140 -0.01541781 0.02272516
v -0.03958123 -0.01435559 0.02293920
v -0.00069864 0.04143083 0.04564321
v -0.00525552 0.04104024 0.04562354
v -0.00501656 0.04114151 0.04552519
v 0.03914994 -0.01449394 0.02294993
v 0.04050225 -0.00991678 0.02481675
v 0.03958845 -0.01375389 0.02316039
v -0.00032729 0.04133415 0.04583323
v -0.00525552 0.04104024 0.04562354
v -0.00069864 0.04143083 0.04564321
v -0.00144786 0.04166674 0.04555374
v 0.00294405 0.04157698 0.04551750
v 0.03939574 -0.01362228 0.02338641
v 0.04050707 -0.00968504 0.02501273
v 0.04050225 -0.00991678 0.02481675
v 0.03939574 -0.01362228 0.02338641
v 0.04050225 -0.00991678 0.02481675
v 0.03914994 -0.01449394 0.02294993
v 0.03939574 -0.01362228 0.02338641
v 0.04036450 -0.01019108 0.02487492
v 0.04050707 -0.00968504 0.02501273
v 0.03939574 -0.01362228 0.02338641
v 0.03891628 -0.01491761 0.02293646
v 0.04036450 -0.01019108 0.02487492
v -0.03963661 -0.01371949 0.02334642
v -0.03900140 -0.01541781 0.02272516
v -0.03958123 -0.01435559 0.02293920
v 0.03891628 -0.01491761 0.02293646
v 0.03939574 -0.01362228 0.02338641
v 0.03914994 -0.01449394 0.02294993
v -0.03963661 -0.01371949 0.02334642
v -0.04040592 -0.01115697 0.02438497
v -0.03900140 -0.01541781 0.02272516
v 0.00295055 0.04136961 0.04554671
v -0.00069864 0.04143083 0.04564321
v 0.00294405 0.04157698 0.04551750
v -0.04040592 -0.01115697 0.02438497
v -0.03958123 -0.01435559 0.02293920
v -0.04110479 -0.00885391 0.02515888
v 0.03739255 -0.01871293 0.02122586
v 0.03914994 -0.01449394 0.02294993
v 0.03958845 -0.01375389 0.02316039
v -0.04040592 -0.01115697 0.02438497
v 0.03798621 -0.01724529 0.02191257
v 0.03739255 -0.01871293 0.02122586
v 0.00283778 0.04123455 0.04572314
v -0.00069864 0.04143083 0.04564321
v 0.00295055 0.04136961 0.04554671
v 0.00283778 0.04123455 0.04572314
v -0.00032729 0.04133415 0.04583323
v -0.00069864 0.04143083 0.04564321
v -0.04089665 -0.00916862 0.02518647
v -0.04040592 -0.01115697 0.02438497
v -0.04110479 -0.00885391 0.02515888
v 0.00593412 0.04097402 0.04546290
v 0.00294405 0.04157698 0.04551750
v 0.00767964 0.04083782 0.04525846
v 0.00593412 0.04097402 0.04546290
v 0.00593412 0.04097402 0.04546290
v -0.04089665 -0.00916862 0.02518647
v -0.04129904 -0.00690955 0.02621448
v -0.04040592 -0.01115697 0.02438497
v -0.04136395 -0.00678062 0.02609491
v -0.04110479 -0.00885391 0.02515888
v -0.04185765 -0.00403214 0.02709484
v 0.00625014 0.04084646 0.04561096
v 0.00283778 0.04123455 0.04572314
v 0.00593412 0.04097402 0.04546290
v -0.04136395 -0.00678062 0.02609491
v -0.04089665 -0.00916862 0.02518647
v -0.04136395 -0.00678062 0.02609491
v 0.03679049 -0.01968586 0.02101516
v 0.03798621 -0.01724529 0.02191257
v 0.03739255 -0.01871293 0.02122586
v 0.00772142 0.04059493 0.04545038
v 0.00772142 0.04059493 0.04545038
v -0.04175359 -0.00302881 0.02772927
v -0.04136395 -0.00678062 0.02609491
v -0.04185765 -0.00403214 0.02709484
v 0.03566074 -0.02177143 0.02000802
v 0.03739255 -0.01871293 0.02122586
v 0.03579330 -0.02198791 0.01982498
v 0.00772142 0.04059493 0.04545038
v 0.01020514 0.04002642 0.04531311
v 0.00625014 0.04084646 0.04561096
v 0.01027584 0.04007971 0.04511409
v 0.00767964 0.04083782 0.04525846
v 0.01246112 0.03980082 0.04479312
v 0.01027584 0.04007971 0.04511409
v -0.04183840 -0.00220633 0.02794694
v -0.04185765 -0.00403214 0.02709484
v -0.04210442 0.00051117 0.02892208
v -0.04183840 -0.00220633 0.02794694
v -0.04175359 -0.00302881 0.02772927
v -0.04185765 -0.00403214 0.02709484
v 0.03566074 -0.02177143 0.02000802
v 0.03679049 -0.01968586 0.02101516
v 0.03739255 -0.01871293 0.02122586
v 0.01020514 0.04002642 0.04531311
v 0.00772142 0.04059493 0.04545038
v 0.01027584 0.04007971 0.04511409
v 0.03566074 -0.02177143 0.02000802
v 0.03425312 -0.02390480 0.01923125
v 0.03679049 -0.01968586 0.02101516
v 0.01240158 0.03960490 0.04478669
v 0.01027584 0.04007971 0.04511409
v 0.01246112 0.03980082 0.04479312
v 0.03425312 -0.02390480 0.01923125
v 0.03579330 -0.02198791 0.01982498
v 0.03304284 -0.02567386 0.01839876
v 0.03425312 -0.02390480 0.01923125
v -0.04187941 0.00164026 0.02947521
v -0.04183840 -0.00220633 0.02794694
v -0.04210442 0.00051117 0.02892208
v 0.01230621 0.03943324 0.04499959
v 0.01027584 0.04007971 0.04511409
v 0.01240158 0.03960490 0.04478669
v -0.04178303 0.00164884 0.02965617
v -0.04187941 0.00164026 0.02947521
v 0.01230621 0.03943324 0.04499959
v 0.01230621 0.03943324 0.04499959
v 0.01433020 0.03874176 0.04477363
v 0.01020514 0.04002642 0.04531311
v 0.01445853 0.03878784 0.04457414
v 0.01445853 0.03878784 0.04457414
v 0.01445853 0.03878784 0.04457414
v 0.01246112 0.03980082 0.04479312
v 0.01701396 0.03804469 0.04408490
v 0.01433020 0.03874176 0.04477363
v 0.01230621 0.03943324 0.04499959
v 0.01445853 0.03878784 0.04457414
v -0.04187941 0.00164026 0.02947521
v -0.04210442 0.00051117 0.02892208
v -0.04171830 0.00553566 0.03095126
v 0.03108412 -0.02797734 0.01764804
v 0.03060621 -0.02856016 0.01727199
v 0.03304284 -0.02567386 0.01839876
v 0.03031736 -0.02905315 0.01699012
v 0.01693439 0.03773182 0.04419529
v -0.04135203 0.00650883 0.03145647
v -0.04187941 0.00164026 0.02947521
v -0.04171830 0.00553566 0.03095126
v 0.01693439 0.03773182 0.04419529
v 0.03060621 -0.02856016 0.01727199
v 0.03108412 -0.02797734 0.01764804
v 0.03304284 -0.02567386 0.01839876
v -0.04135203 0.00650883 0.03145647
v 0.01830261 0.03703343 0.04409015
v 0.01846170 0.03703403 0.04387241
v 0.02133369 0.03573364 0.04316490
v -0.04120051 0.00684047 0.03179419
v -0.04135203 0.00650883 0.03145647
v -0.04171830 0.00553566 0.03095126
v -0.04083490 0.01003068 0.03276443
v 0.01830261 0.03703343 0.04409015
v 0.01693439 0.03773182 0.04419529
v 0.01846170 0.03703403 0.04387241
v 0.03060621 -0.02856016 0.01727199
v 0.02772831 -0.03135031 0.01627695
v 0.03108412 -0.02797734 0.01764804
v 0.02749967 -0.03164094 0.01598072
v 0.03060621 -0.02856016 0.01727199
v 0.03031736 -0.02905315 0.01699012
v 0.02749967 -0.03164094 0.01598072
v 0.02772831 -0.03135031 0.01627695
v 0.03060621 -0.02856016 0.01727199
v -0.04058974 0.00997925 0.03287792
v 0.02118492 0.03550809 0.04329729
v -0.04058974 0.00997925 0.03287792
v -0.04120051 0.00684047 0.03179419
v -0.04135203 0.00650883 0.03145647
v 0.02190738 0.03503561 0.04327303
v 0.02118492 0.03550809 0.04329729
v 0.02240562 0.03477025 0.04297244
v 0.02539730 0.03289979 0.04204726
v -0.04058974 0.00997925 0.03287792
v -0.04003655 0.01173055 0.03379523
v -0.04120051 0.00684047 0.03179419
v -0.03962653 0.01332378 0.03421068
v -0.03949463 0.01437366 0.03452187
v 0.02240562 0.03477025 0.04297244
v 0.02190738 0.03503561 0.04327303
v 0.02118492 0.03550809 0.04329729
v 0.02408266 -0.03428333 0.01499384
v 0.02749967 -0.03164094 0.01598072
v 0.02353000 -0.03488254 0.01462221
v 0.02408266 -0.03428333 0.01499384
v 0.02772831 -0.03135031 0.01627695
v 0.02749967 -0.03164094 0.01598072
v -0.04003655 0.01173055 0.03379523
v -0.04058974 0.00997925 0.03287792
v -0.03962653 0.01332378 0.03421068
v 0.02230000 -0.03549683 0.01446264
v 0.02408266 -0.03428333 0.01499384
v 0.02353000 -0.03488254 0.01462221
v 0.02539372 0.03263896 0.04217541
v -0.03920167 0.01420021 0.03475213
v -0.04003655 0.01173055 0.03379523
v -0.03962653 0.01332378 0.03421068
v 0.02539372 0.03263896 0.04217541
v 0.02190738 0.03503561 0.04327303
v 0.02240562 0.03477025 0.04297244
v 0.02565062 0.03239774 0.04221063
v -0.03920167 0.01420021 0.03475213
v -0.03790605 0.01731157 0.03605383
v -0.04003655 0.01173055 0.03379523
v -0.03779453 0.01769399 0.03602457
v -0.03949463 0.01437366 0.03452187
v -0.03766816 0.01850128 0.03618860
v -0.03779453 0.01769399 0.03602457
v 0.01985836 -0.03706544 0.01375001
v -0.03779453 0.01769399 0.03602457
v -0.03920167 0.01420021 0.03475213
v -0.03962653 0.01332378 0.03421068
v -0.03790605 0.01731157 0.03605383
v 0.01980143 -0.03697526 0.01387429
v 0.02799034 0.03054714 0.04120486
v 0.02873039 0.03008842 0.04089498
v 0.02895212 0.02955627 0.04094994
v -0.03557229 0.02178287 0.03767085
v -0.03766816 0.01850128 0.03618860
v -0.03536558 0.02231502 0.03777092
v 0.02895212 0.02955627 0.04094994
v 0.02565062 0.03239774 0.04221063
v 0.02539372 0.03263896 0.04217541
v -0.03557229 0.02178287 0.03767085
v 0.02795863 0.03043794 0.04140889
v 0.02565062 0.03239774 0.04221063
v 0.02895212 0.02955627 0.04094994
v -0.03567993 0.02144771 0.03773230
v -0.03790605 0.01731157 0.03605383
v -0.03779453 0.01769399 0.03602457
v -0.03557229 0.02178287 0.03767085
v 0.02895212 0.02955627 0.04094994
v 0.02951186 0.02894330 0.04081279
v 0.02795863 0.03043794 0.04140889
v 0.02963680 0.02893155 0.04057717
v 0.02799034 0.03054714 0.04120486
v 0.02873039 0.03008842 0.04089498
v 0.02963680 0.02893155 0.04057717
v 0.02873039 0.03008842 0.04089498
v 0.03215163 0.02653980 0.03943741
v -0.03286164 0.02559852 0.03922462
v -0.03536558 0.02231502 0.03777092
v -0.03277009 0.02615118 0.03926950
v 0.02963680 0.02893155 0.04057717
v 0.02895212 0.02955627 0.04094994
v 0.02799034 0.03054714 0.04120486
v -0.03557229 0.02178287 0.03767085
v -0.03286164 0.02559852 0.03922462
v -0.03567993 0.02144771 0.03773230
v -0.03557229 0.02178287 0.03767085
v 0.01571887 -0.03899693 0.01297944
v -0.03275549 0.02561444 0.03942412
v 0.01554751 -0.03896886 0.01314359
v 0.01980143 -0.03697526 0.01387429
v 0.01571887 -0.03899693 0.01297944
v 0.03233766 0.02591031 0.03935235
v 0.02963680 0.02893155 0.04057717
v 0.03215163 0.02653980 0.03943741
v 0.03233766 0.02591031 0.03935235
v 0.02895212 0.02955627 0.04094994
v 0.02963680 0.02893155 0.04057717
v 0.01306980 -0.03987705 0.01276075
v 0.01571887 -0.03899693 0.01297944
v 0.01144361 -0.04047662 0.01238244
v 0.03235095 0.02577131 0.03949457
v 0.02951186 0.02894330 0.04081279
v 0.02895212 0.02955627 0.04094994
v 0.03235095 0.02577131 0.03949457
v 0.02895212 0.02955627 0.04094994
v 0.03233766 0.02591031 0.03935235
v 0.03506982 0.02257388 0.03783613
v 0.01306980 -0.03987705 0.01276075
v -0.02972793 0.02933931 0.04060059
v -0.02962112 0.02918291 0.04073792
v -0.03286164 0.02559852 0.03922462
v -0.02972793 0.02933931 0.04060059
v -0.02965581 0.02908313 0.04086124
v -0.02962112 0.02918291 0.04073792
v 0.03514927 0.02201557 0.03775167
v 0.03507035 0.02196455 0.03790932
v 0.03507035 0.02196455 0.03790932
v 0.03233766 0.02591031 0.03935235
v 0.03514927 0.02201557 0.03775167
v 0.01090931 -0.04054290 0.01250541
v 0.01306980 -0.03987705 0.01276075
v 0.01144361 -0.04047662 0.01238244
v 0.03732681 0.01869106 0.03625577
v 0.03741717 0.01790261 0.03610682
v 0.03741717 0.01790261 0.03610682
v 0.01090931 -0.04054290 0.01250541
v 0.01144361 -0.04047662 0.01238244
v 0.03748458 0.01761794 0.03618317
v 0.03914237 0.01452255 0.03458333
v -0.02620816 0.03221559 0.04199290
v -0.02620816 0.03221559 0.04199290
v -0.02638447 0.03203338 0.04205447
v -0.02965581 0.02908313 0.04086124
v 0.03925991 0.01354885 0.03431648
v 0.03741717 0.01790261 0.03610682
v 0.03914237 0.01452255 0.03458333
v 0.03884690 0.01444810 0.03480768
v 0.03925991 0.01354885 0.03431648
v 0.03884690 0.01444810 0.03480768
v 0.03928130 0.01318925 0.03438246
v 0.03748458 0.01761794 0.03618317
v 0.02937448 0.02139616 0.04195052
v 0.03055351 0.02143537 0.04195046
v 0.02986466 0.02071040 0.04195052
v 0.02881926 0.02053606 0.04195052
v 0.03012889 0.02212613 0.04195046
v 0.03394418 0.01516610 0.04195046
v 0.03742849 0.01712357 0.04195088
v 0.03775131 0.01637423 0.04195189
v 0.03449398 0.01452982 0.04195046
v 0.03341364 0.01423645 0.04195052
v 0.03235113 0.01499378 0.04195046
v 0.03207635 0.01422113 0.04195052
v 0.03058105 0.01475679 0.04195046
v 0.03114897 0.01538372 0.04195052
v 0.03022271 0.01602983 0.04195046
v 0.02929866 0.01584786 0.04195046
v 0.02955812 0.01697987 0.04195052
v 0.02855008 0.01729851 0.04195046
v 0.02920109 0.01802140 0.04195052
v 0.02836132 0.01845121 0.04195052
v 0.02929544 0.01959151 0.04195052
v 0.03346782 0.02408534 0.04195040
v 0.03392767 0.02341431 0.04194927
v 0.02847868 0.01957571 0.04195052
v 0.03723746 -0.00287980 0.04899162
v 0.03817188 -0.00298023 0.04836642
v 0.03758966 -0.00678611 0.04788827
v 0.01132774 -0.03816652 0.04124546
v 0.01216602 -0.03842926 0.04010105
v 0.01065969 -0.03896093 0.03975480
v 0.02892488 -0.02600586 0.04438757
v 0.02939343 -0.02637028 0.04351216
v 0.02916681 -0.02630496 0.04386663
v 0.00768644 -0.04007047 0.03804391
v 0.01155960 -0.03919303 0.03771919
v 0.03656762 -0.00700468 0.04851913
v 0.03072601 -0.02325993 0.04519134
v 0.03112894 -0.02351856 0.04460191
v 0.02892488 -0.02600586 0.04438757
v 0.02977436 -0.02033424 0.04741311
v 0.02947008 -0.02265125 0.04645586
v 0.02870905 -0.02213847 0.04707509
v 0.03676128 -0.00235760 0.04933446
v 0.03937309 -0.00719750 0.04561942
v 0.03851526 -0.01168149 0.04443114
v 0.03790372 -0.01161521 0.04558652
v 0.03038525 -0.02706921 0.04044580
v 0.02715378 -0.03028362 0.04002380
v 0.02999019 -0.01658058 0.04847538
v 0.02435231 -0.02231335 0.04809904
v 0.02837175 -0.01745384 0.04852253
v 0.01221203 -0.03753823 0.04189884
v 0.01151609 -0.03711891 0.04287672
v 0.03550451 -0.00680298 0.04905050
v 0.01373612 -0.03513550 0.04433107
v 0.01435273 -0.03623676 0.04288053
v 0.01101303 -0.03611844 0.04418557
v 0.02983796 -0.02702200 0.04198813
v 0.01139646 -0.03908407 0.03861325
v 0.02950423 -0.02342462 0.04598617
v 0.02798479 -0.02559328 0.04549372
v 0.02885246 -0.02008247 0.04782402
v 0.02621221 -0.02444303 0.04699790
v 0.03886580 -0.00693744 0.04652255
v 0.03012239 -0.01414966 0.04884016
v 0.03753244 -0.01585090 0.04219263
v 0.02892488 -0.02600586 0.04438757
v 0.02916681 -0.02630496 0.04386663
v 0.02798479 -0.02559328 0.04549372
v 0.00745964 -0.03969877 0.03968048
v 0.03745883 -0.01150274 0.04620254
v 0.02333021 -0.02147293 0.04825049
v 0.00767100 -0.03879588 0.04161638
v 0.00992060 -0.03814965 0.04190284
v 0.02679753 -0.03007739 0.04128211
v 0.03533852 -0.00230497 0.04979431
v 0.03791034 -0.00704569 0.04751318
v 0.03831887 0.01410961 0.04721653
v 0.03872972 0.01303786 0.04692071
v 0.03706538 -0.01725447 0.04061526
v 0.03575360 -0.01983070 0.04016315
v 0.03757429 -0.01611775 0.04081356
v 0.03898030 -0.01181083 0.04284942
v 0.01421070 -0.03383153 0.04531097
v 0.02743119 -0.02559959 0.04580307
v 0.03877151 -0.01200431 0.04344797
v 0.03831887 0.01410961 0.04721653
v 0.03872972 0.01303786 0.04692071
v 0.03833878 0.01303786 0.04814046
v 0.03658741 -0.01142120 0.04710763
v 0.01000547 -0.03746056 0.04290199
v 0.00445485 -0.04062616 0.03764241
v 0.00483429 -0.04066824 0.03654927
v 0.03385150 -0.00694179 0.04944866
v 0.03693825 -0.01725864 0.04175043
v 0.03706538 -0.01725447 0.04061526
v 0.02756023 -0.02005958 0.04811328
v 0.02738630 -0.02490419 0.04626113
v 0.02643871 -0.02972793 0.04259014
v 0.01044791 -0.03531074 0.04504013
v 0.02937102 -0.02678251 0.04300743
v 0.03950399 0.01063895 0.04586434
v 0.03934746 0.01057827 0.04687505
v 0.02641648 -0.02999037 0.04211413
v 0.00483429 -0.04066824 0.03654927
v 0.00286412 -0.04085302 0.03651839
v 0.00674069 -0.04037946 0.03659385
v 0.02563732 -0.02363276 0.04749894
v 0.02480494 -0.02293354 0.04787981
v 0.03692841 -0.01635044 0.04331582
v 0.03884690 0.01039791 0.04822731
v 0.02904671 -0.02682888 0.04336625
v 0.03810387 0.01289618 0.04865139
v 0.02683132 -0.02445685 0.04675406
v 0.02482837 -0.03211677 0.04007649
v 0.03395974 -0.00220066 0.04993504
v 0.02602916 -0.02963829 0.04309606
v 0.00630742 -0.04014432 0.03879874
v 0.04001325 0.00835866 0.04575788
v 0.03983104 0.00837469 0.04668736
v 0.02916681 -0.02630496 0.04386663
v 0.01520258 -0.03260987 0.04591220
v 0.01072806 -0.03430742 0.04568243
v 0.03551000 -0.01114547 0.04795551
v 0.03655999 -0.01614308 0.04434102
v 0.04001325 0.00835866 0.04575788
v 0.03950399 0.01063895 0.04586434
v 0.04044210 0.00608927 0.04517531
v 0.00956678 -0.03632038 0.04432249
v 0.02590757 -0.02910441 0.04385519
v 0.00654209 -0.03935664 0.04088872
v 0.03775590 0.01263898 0.04920285
v 0.03349667 -0.00661796 0.04952538
v 0.03983104 0.00837469 0.04668736
v 0.03494644 -0.01089859 0.04833221
v 0.03747272 0.01252251 0.04957360
v 0.03817933 0.01019287 0.04918098
v 0.02550941 -0.02865195 0.04463356
v 0.01448673 -0.03123426 0.04676163
v 0.00948810 -0.03289306 0.04662311
v 0.01332801 -0.03044939 0.04715567
v 0.03616994 -0.01551812 0.04538345
v 0.03939908 0.00782394 0.04786634
v 0.04027956 0.00566167 0.04630988
v 0.03458493 -0.01079952 0.04851484
v 0.02430909 -0.03158468 0.04211992
v 0.01571226 -0.02922344 0.04732799
v 0.01332801 -0.03044939 0.04715567
v 0.01142185 -0.03098809 0.04714655
v 0.01343792 -0.03274500 0.04617369
v 0.02537488 -0.02932739 0.04405266
v 0.03557711 -0.01989167 0.04134154
v 0.00978744 -0.03387755 0.04609251
v 0.00515407 -0.03989696 0.04008007
v 0.03760522 0.00931358 0.04978936
v 0.02265924 -0.03389072 0.03906291
v 0.04044270 0.00524378 0.04573357
v 0.02485895 -0.02850008 0.04515236
v 0.03535401 -0.01523602 0.04637724
v 0.03386974 -0.01075261 0.04879403
v 0.03911364 0.00808430 0.04826599
v 0.02563732 -0.02363276 0.04749894
v 0.02621221 -0.02444303 0.04699790
v 0.02480494 -0.02293354 0.04787981
v 0.00947893 -0.03491383 0.04547327
v 0.00933838 -0.03065770 0.04734957
v 0.02471733 -0.02806752 0.04555791
v 0.02461361 -0.02775806 0.04582583
v 0.03586852 -0.01692414 0.04468607
v 0.01491928 -0.03202724 0.04630142
v 0.03878206 0.00798368 0.04872983
v 0.03643220 0.01195955 0.05046147
v 0.00698638 -0.03807538 0.04293435
v 0.03563928 -0.01684200 0.04505902
v 0.00286412 -0.04085302 0.03651839
v 0.00311786 -0.04058438 0.03845620
v 0.00690997 -0.03870916 0.04198127
v 0.03996801 0.00541878 0.04712486
v 0.03252595 -0.01199811 0.04888606
v 0.01178741 -0.02967357 0.04747182
v 0.03968375 0.00550938 0.04764938
v 0.02358406 -0.03091335 0.04370546
v 0.02239185 -0.03334975 0.04120779
v 0.02347743 -0.02898430 0.04549789
v 0.02428811 -0.02751153 0.04613202
v 0.03485977 -0.01506739 0.04688733
v 0.03523784 -0.01978754 0.04264062
v 0.03845530 0.00656265 0.04915118
v 0.00593561 -0.03897285 0.04180330
v 0.03499954 -0.01660537 0.04593467
v 0.02334731 -0.02651071 0.04697173
v 0.02461361 -0.02775806 0.04582583
v 0.02428811 -0.02751153 0.04613202
v 0.03694367 0.00841713 0.05021029
v 0.03689575 0.00793648 0.05022597
v 0.03483027 -0.01967430 0.04367774
v 0.02480494 -0.02293354 0.04787981
v 0.02333021 -0.02147293 0.04825049
v 0.02435231 -0.02231335 0.04809904
v 0.02334731 -0.02651071 0.04697173
v 0.02428811 -0.02751153 0.04613202
v 0.02374267 -0.02702808 0.04661369
v 0.02305161 -0.03022325 0.04473018
v 0.03950679 0.00554603 0.04792922
v 0.03440266 -0.01490819 0.04727780
v 0.03550672 0.01162242 0.05087333
v 0.03622215 0.00855446 0.05054223
v 0.02184879 -0.03298223 0.04240983
v 0.02334731 -0.02651071 0.04697173
v 0.02374267 -0.02702808 0.04661369
v 0.02231979 -0.02769368 0.04671478
v 0.00525492 -0.03054469 0.04743671
v 0.01708829 -0.02624011 0.04781556
v 0.02186971 -0.03272724 0.04279702
v 0.03414714 -0.02202630 0.04162645
v 0.03439819 -0.01637595 0.04660183
v 0.00552368 -0.03919160 0.04150891
v 0.00335294 -0.04015803 0.03987455
v 0.00842667 -0.03197765 0.04703801
v 0.01142185 -0.03098809 0.04714655
v 0.01332801 -0.03044939 0.04715567
v 0.00842667 -0.03197765 0.04703801
v 0.02254319 -0.02577400 0.04745233
v 0.04071044 0.00171143 0.04530358
v 0.02210450 -0.02526164 0.04767024
v 0.02334731 -0.02651071 0.04697173
v 0.02254319 -0.02577400 0.04745233
v 0.03904724 0.00517511 0.04854291
v 0.03361487 -0.01570767 0.04741472
v 0.00469321 -0.03252959 0.04702532
v 0.00686896 -0.03690999 0.04422515
v 0.03444391 -0.01945662 0.04445469
v 0.03314220 -0.01498728 0.04792577
v 0.03390032 0.01125931 0.05110090
v 0.03470587 0.01137602 0.05105346
v 0.03487825 0.00944519 0.05092304
v 0.02094972 -0.03032022 0.04564380
v 0.02143591 -0.03222078 0.04373270
v 0.00367254 -0.03936010 0.04157543
v 0.01902514 -0.03579187 0.03974676
v 0.03550672 0.01162242 0.05087333
v 0.03583002 0.00661469 0.05054879
v 0.00842667 -0.03197765 0.04703801
v 0.03230476 -0.01494026 0.04827666
v 0.00650167 -0.03575897 0.04526615
v 0.00570160 -0.03372842 0.04653120
v 0.00625277 -0.03484249 0.04591560
v 0.03547924 0.00924176 0.05078315
v 0.02109432 -0.03187495 0.04430407
v 0.03360915 -0.01905053 0.04573529
v 0.03379708 -0.02199548 0.04252731
v 0.02210450 -0.02526164 0.04767024
v 0.01940250 -0.02729988 0.04746156
v 0.03270989 -0.02443778 0.04009771
v 0.02058804 -0.03129750 0.04506719
v 0.04065293 0.00116718 0.04542291
v 0.04024696 0.00121981 0.04655194
v 0.01960557 -0.02970314 0.04645657
v 0.03354775 -0.02184027 0.04323875
v 0.03154152 -0.01807969 0.04753780
v 0.01715052 -0.03696811 0.03864312
v 0.03793519 0.00486749 0.04951858
v 0.00469321 -0.03252959 0.04702532
v 0.03255212 -0.02435249 0.04104596
v 0.03129196 -0.01430130 0.04868429
v 0.02210450 -0.02526164 0.04767024
v 0.02149599 -0.02466833 0.04787611
v 0.02094602 -0.02409100 0.04799360
v 0.03981965 0.00183868 0.04737329
v 0.03465527 0.00118995 0.05022752
v 0.03308522 -0.02169048 0.04410511
v 0.01966011 -0.02838152 0.04703819
v 0.03728175 0.00556183 0.04992580
v 0.00537026 -0.03192752 0.04717981
v 0.01840490 -0.03494101 0.04227447
v 0.00445270 -0.03239345 0.04707306
v 0.03298825 -0.02151739 0.04439753
v 0.00502080 -0.03137868 0.04730892
v 0.03958344 0.00116086 0.04763889
v 0.02011513 -0.03097140 0.04550868
v 0.03261750 -0.01860618 0.04672694
v 0.00445270 -0.03239345 0.04707306
v 0.00404668 -0.03136730 0.04731827
v 0.00389218 -0.03070986 0.04742223
v 0.00335687 -0.03206253 0.04717081
v 0.03223186 -0.02428644 0.04214668
v 0.01684015 -0.03632825 0.04110813
v 0.03905528 0.00173825 0.04832738
v 0.03790491 0.00204462 0.04931807
v 0.02149599 -0.02466833 0.04787611
v 0.00136089 -0.03104370 0.04738986
v 0.01810050 -0.03455543 0.04301548
v 0.03258264 -0.02130115 0.04504114
v 0.04054427 -0.00224256 0.04508686
v 0.03685951 0.00449026 0.05005198
v 0.04042840 -0.00225025 0.04538726
v 0.02999019 -0.01658058 0.04847538
v 0.03252595 -0.01199811 0.04888606
v 0.03129196 -0.01430130 0.04868429
v 0.03187030 -0.02393579 0.04329872
v 0.03857231 0.00119883 0.04870796
v 0.03200793 -0.02098613 0.04578340
v 0.01496118 -0.03783065 0.03883266
v 0.04042840 -0.00225025 0.04538726
v 0.04054427 -0.00224256 0.04508686
v 0.04008865 -0.00228941 0.04620647
v 0.03731876 0.00118273 0.04953861
v 0.01759266 -0.03365314 0.04429638
v 0.03177165 -0.02435767 0.04283875
v 0.03151971 -0.02381742 0.04386740
v 0.03957605 -0.00230271 0.04703712
v 0.04042840 -0.00225025 0.04538726
v 0.04008865 -0.00228941 0.04620647
v 0.03036910 -0.02728813 0.03956854
v 0.03545504 0.00384516 0.05040550
v 0.03136634 -0.02109485 0.04618078
v 0.01488173 -0.03746390 0.04020929
v 0.03101462 -0.01769512 0.04786711
v 0.01621842 -0.03526401 0.04318135
v 0.01686060 -0.03310781 0.04505920
v 0.03154772 -0.02062857 0.04634499
v 0.03603005 0.00121450 0.05003184
v 0.03108477 -0.02043527 0.04673290
v 0.03992933 -0.00723290 0.04428720
v 0.03885746 -0.00232577 0.04790061
v 0.03957605 -0.00230271 0.04703712
v 0.03849411 -0.00232893 0.04821491
v 0.02094602 -0.02409100 0.04799360
v 0.01782274 -0.02698034 0.04767948
v 0.01454162 -0.03695338 0.04155957
v 0.04008865 -0.00228941 0.04620647
v 0.03849411 -0.00232893 0.04821491
v 0.03885746 -0.00232577 0.04790061
v 0.03817188 -0.00298023 0.04836642
v 0.01554787 -0.03408998 0.04468637
v 0.03721666 -0.00233901 0.04909628
v 0.03721666 -0.00233901 0.04909628
v 0.03817188 -0.00298023 0.04836642
v 0.03676128 -0.00235760 0.04933446
v 0.03676128 -0.00235760 0.04933446
v 0.03957605 -0.00230271 0.04703712
v 0.03533852 -0.00230497 0.04979431
v 0.03721666 -0.00233901 0.04909628
v 0.03676128 -0.00235760 0.04933446
v 0.02939343 -0.02637028 0.04351216
v 0.01940250 -0.02729988 0.04746156
v 0.01332801 -0.03044939 0.04715567
v 0.01571226 -0.02922344 0.04732799
v 0.03705841 0.01483917 0.04752284
v 0.03716528 0.01538777 0.04742616
v 0.03749907 0.01496493 0.04743373
v 0.03716528 0.01538777 0.04742616
v 0.03786134 0.01501613 0.04712778
v 0.03749907 0.01496493 0.04743373
v 0.03758960 0.01619350 0.04672664
v 0.03716117 0.01593291 0.04736554
v 0.03439027 0.01437169 0.04745119
v 0.03449398 0.01452982 0.04195046
v 0.03775131 0.01637423 0.04195189
v 0.03323733 0.02404212 0.04662513
v 0.03346782 0.02408534 0.04195040
v 0.03012889 0.02212613 0.04195046
v 0.03260833 0.02369475 0.04742282
v 0.03306603 0.02395230 0.04708302
v 0.03002923 0.02217590 0.04745107
v 0.03131896 0.02636158 0.04897296
v 0.03131896 0.02636158 0.04897296
v 0.03172516 0.02599281 0.04729485
v 0.03160685 0.02591770 0.04799056
v 0.03141993 0.02593445 0.04896754
v 0.03323733 0.02404212 0.04662513
v 0.03259807 0.02467924 0.04700797
v 0.03241765 0.02504146 0.04694038
v 0.03161251 0.02558737 0.04808843
v 0.03156799 0.02497637 0.04791325
v 0.03143095 0.02538710 0.04836446
v 0.03241765 0.02504146 0.04694038
v 0.03161251 0.02558737 0.04808843
v 0.03141993 0.02593445 0.04896754
v 0.03161251 0.02558737 0.04808843
v 0.03143095 0.02538710 0.04836446
v 0.03172516 0.02599281 0.04729485
v 0.03143095 0.02538710 0.04836446
v 0.03156799 0.02497637 0.04791325
v 0.03126513 0.02519178 0.04844439
v 0.03210383 0.02532762 0.04726052
v 0.03259807 0.02467924 0.04700797
v 0.03242564 0.02453804 0.04726052
v 0.03210383 0.02532762 0.04726052
v 0.03141993 0.02593445 0.04896754
v 0.03143095 0.02538710 0.04836446
v 0.03132343 0.02548360 0.04898279
v 0.03226447 0.02466410 0.04733169
v 0.03242564 0.02453804 0.04726052
v 0.03216481 0.02423566 0.04744088
v 0.03208822 0.02547645 0.04716730
v 0.03143095 0.02538710 0.04836446
v 0.03126513 0.02519178 0.04844439
v 0.03132343 0.02548360 0.04898279
v 0.03208822 0.02547645 0.04716730
v 0.03113764 0.02520757 0.04897290
v 0.03210383 0.02532762 0.04726052
v 0.03201001 0.02461910 0.04750728
v 0.03210383 0.02532762 0.04726052
v 0.03226447 0.02466410 0.04733169
v 0.03194767 0.02523398 0.04757022
v 0.03194767 0.02523398 0.04757022
v 0.03160685 0.02591770 0.04799056
v 0.03216481 0.02423566 0.04744088
v 0.03171265 0.02436178 0.04753929
v 0.03201001 0.02461910 0.04750728
v 0.03160685 0.02591770 0.04799056
v 0.03160685 0.02591770 0.04799056
v 0.03161251 0.02558737 0.04808843
v 0.03156799 0.02497637 0.04791325
v 0.03156799 0.02497637 0.04791325
v 0.03201001 0.02461910 0.04750728
v 0.03171265 0.02436178 0.04753929
v 0.03161251 0.02558737 0.04808843
v 0.03194767 0.02523398 0.04757022
v 0.03156799 0.02497637 0.04791325
v 0.02883911 0.02517986 0.05222308
v 0.02984684 0.02550745 0.05180352
v 0.02923005 0.02494585 0.05212855
v 0.02455812 0.03099012 0.05242085
v 0.02848190 0.02706003 0.05200982
v 0.02665996 0.02799868 0.05244529
v 0.02429342 0.03051012 0.05264002
v 0.02923005 0.02494585 0.05212855
v 0.02858787 0.02435749 0.05223315
v 0.02883911 0.02517986 0.05222308
v 0.02410948 0.03012323 0.05271548
v 0.02429342 0.03051012 0.05264002
v 0.02665996 0.02799868 0.05244529
v 0.02681726 0.02632611 0.05241274
v 0.02727210 0.02896291 0.05191648
v 0.02796781 0.02872884 0.05155819
v 0.02851539 0.02773380 0.05173271
v 0.02914309 0.02846902 0.05045312
v 0.03075480 0.02654772 0.05034208
v 0.02899873 0.02791750 0.05123579
v 0.02511632 0.03223526 0.05085158
v 0.02401095 0.02993232 0.05272591
v 0.02694332 0.02673029 0.05244654
v 0.02939486 0.02833271 0.05017888
v 0.03030157 0.02757072 0.04916989
v 0.03096479 0.02663695 0.04973602
v 0.02483350 0.03156393 0.05198693
v 0.02508360 0.03201478 0.05132198
v 0.02521127 0.03169012 0.05156391
v 0.02468991 0.03127282 0.05223417
v 0.02483350 0.03156393 0.05198693
v 0.02455812 0.03099012 0.05242085
v 0.02851539 0.02773380 0.05173271
v 0.02899873 0.02791750 0.05123579
v 0.02848190 0.02706003 0.05200982
v 0.03120017 0.02618867 0.04992723
v 0.02899873 0.02791750 0.05123579
v 0.03020286 0.02597671 0.05139964
v 0.02877587 0.02723401 0.05177348
v 0.02848190 0.02706003 0.05200982
v 0.02899873 0.02791750 0.05123579
v 0.02877587 0.02723401 0.05177348
v 0.02793407 0.02975535 0.05056715
v 0.02508360 0.03201478 0.05132198
v 0.02511632 0.03223526 0.05085158
v 0.02793407 0.02975535 0.05056715
v 0.02521127 0.03169012 0.05156391
v 0.02768641 0.02943629 0.05125153
v 0.03048992 0.02622580 0.05098700
v 0.03048992 0.02622580 0.05098700
v 0.02874016 0.02921950 0.04952394
v 0.03117859 0.02655667 0.04896134
v 0.03030157 0.02757072 0.04916989
v 0.03082478 0.02583998 0.05084961
v 0.03082478 0.02583998 0.05084961
v 0.02984684 0.02550745 0.05180352
v 0.02848190 0.02706003 0.05200982
v 0.02405923 0.03250014 0.05019742
v 0.02382469 0.03253608 0.04649704
v 0.02412384 0.03271979 0.04639720
v 0.02430218 0.03280109 0.04612123
v 0.02450495 0.03278654 0.04653900
v 0.02412384 0.03271979 0.04639720
v 0.02469331 0.03276991 0.04656094
v 0.02476233 0.03251349 0.05059152
v 0.02382469 0.03253608 0.04649704
v 0.02405923 0.03250014 0.05019742
v 0.02365571 0.03232949 0.04654985
v 0.02366495 0.03214544 0.05018085
v 0.02405923 0.03250014 0.05019742
v 0.02366495 0.03214544 0.05018085
v 0.02353310 0.03176343 0.05124288
v 0.02365571 0.03232949 0.04654985
v 0.02492159 0.03277432 0.04537767
v 0.02511340 0.03238880 0.05022066
v 0.02469331 0.03276991 0.04656094
v 0.02430218 0.03280109 0.04612123
v 0.02492159 0.03277432 0.04537767
v 0.02476233 0.03251349 0.05059152
v 0.02429419 0.03303092 0.04567199
v 0.02366435 0.03302854 0.04596358
v 0.02231562 0.03424620 0.04581630
v 0.02232110 0.03372824 0.04604637
v 0.02492159 0.03277432 0.04537767
v 0.02429419 0.03303092 0.04567199
v 0.02208513 0.03469777 0.04548990
v 0.02231562 0.03424620 0.04581630
v 0.02366435 0.03302854 0.04596358
v 0.02341437 0.03285104 0.04604864
v 0.02232110 0.03372824 0.04604637
v 0.02208513 0.03469777 0.04548990
v 0.02194404 0.03474277 0.04647827
v 0.02169770 0.03476601 0.05072814
v 0.02174359 0.03502947 0.04516017
v 0.02211308 0.03401738 0.04629570
v 0.02197921 0.03388863 0.05071991
v 0.02207922 0.03451317 0.04594260
v 0.02195733 0.03428483 0.05073148
v 0.02169770 0.03476601 0.05072814
v 0.02194404 0.03474277 0.04647827
v 0.02207922 0.03451317 0.04594260
v 0.02186912 0.03490120 0.04542887
v 0.02186912 0.03490120 0.04542887
v 0.02195733 0.03428483 0.05073148
v 0.01290410 0.03818500 0.05301839
v 0.01742547 0.03661644 0.05244207
v 0.01723265 0.03632080 0.05277460
v 0.00444973 0.04074794 0.05245006
v 0.01290410 0.03818500 0.05301839
v 0.01723265 0.03632080 0.05277460
v 0.01626110 0.03625345 0.05307841
v 0.00937599 0.03991413 0.05213284
v 0.01311004 0.03880971 0.05201572
v 0.01395559 0.03712260 0.05325484
v 0.00754380 0.04025125 0.05240595
v 0.01311004 0.03880971 0.05201572
v 0.01339626 0.03855311 0.05239909
v 0.00919676 0.03976905 0.05262619
v 0.01219838 0.03745120 0.05337804
v 0.01395559 0.03712260 0.05325484
v 0.01741021 0.03523963 0.05313414
v 0.00444865 0.04050368 0.05294549
v 0.02066493 0.03281188 0.05298209
v 0.00735426 0.04011905 0.05276054
v 0.01759910 0.03704869 0.05122041
v 0.02169770 0.03476601 0.05072814
v 0.01936703 0.03613692 0.05101394
v 0.01875686 0.03537416 0.05275791
v 0.00224996 0.04079169 0.05283391
v 0.00444865 0.04050368 0.05294549
v 0.00835705 0.03973227 0.05298560
v 0.01339626 0.03855311 0.05239909
v 0.01759910 0.03704869 0.05122041
v 0.01936703 0.03613692 0.05101394
v 0.01920247 0.03606086 0.05176198
v 0.01735895 0.03707587 0.05168300
v 0.00903273 0.03920722 0.05323272
v 0.00224209 0.04035204 0.05329132
v 0.00224996 0.04079169 0.05283391
v 0.00439668 0.04016876 0.05325525
v 0.00590247 0.03973346 0.05337733
v 0.00942540 0.03878194 0.05338621
v 0.01723718 0.03703439 0.05200481
v 0.00361723 0.03976517 0.05351233
v 0.01723718 0.03703439 0.05200481
v 0.01920247 0.03606086 0.05176198
v 0.00857234 0.03866738 0.05346113
v 0.00942540 0.03878194 0.05338621
v 0.01395559 0.03712260 0.05325484
v 0.01897376 0.03555655 0.05251389
v 0.01875686 0.03537416 0.05275791
v 0.00361723 0.03976517 0.05351233
v -0.00013714 0.03991985 0.05352687
v -0.00352073 0.03955620 0.05356603
v 0.00379795 0.03946602 0.05355525
v 0.00857234 0.03866738 0.05346113
v 0.01395559 0.03712260 0.05325484
v 0.01219838 0.03745120 0.05337804
v 0.02169770 0.03476601 0.05072814
v 0.02165889 0.03469729 0.05122089
v 0.02139490 0.03473299 0.05159378
v 0.01381045 0.03862220 0.05157071
v 0.02154546 0.03437393 0.05194187
v 0.02139490 0.03473299 0.05159378
v 0.02138996 0.03429597 0.05214691
v 0.02111792 0.03406226 0.05250197
v 0.00590247 0.03973346 0.05337733
v 0.00224209 0.04035204 0.05329132
v 0.00439668 0.04016876 0.05325525
v 0.00590247 0.03973346 0.05337733
v 0.02111792 0.03406226 0.05250197
v 0.02089112 0.03347104 0.05283361
v 0.00379795 0.03946602 0.05355525
v 0.00857234 0.03866738 0.05346113
v 0.02066493 0.03281188 0.05298209
v -0.03671544 -0.02703285 0.01780128
v -0.03610652 -0.02679198 0.01790690
v -0.03322279 -0.03030312 0.01649284
v 0.02944183 0.03350067 0.04226112
v -0.02946710 -0.03487914 0.01465016
v -0.02985090 -0.03369420 0.01511383
v -0.02625465 -0.03655672 0.01395934
v -0.02483415 -0.03829646 0.01325953
v -0.03259325 -0.03195786 0.01582634
v 0.03263092 0.03038597 0.04100275
v 0.02403545 0.03804159 0.04409122
v 0.03695762 0.02577728 0.03915446
v 0.03828805 0.02292633 0.03797531
v 0.01766777 0.04102700 0.04529660
v 0.01933896 0.04063475 0.04516214
v 0.02403545 0.03804159 0.04409122
v 0.04035568 0.01881504 0.03633874
v 0.01559531 0.04222071 0.04580128
v 0.01140213 0.04338932 0.04623508
v 0.04218810 0.01441186 0.03454351
v 0.04340189 0.00991058 0.03274202
v 0.00451660 0.04459303 0.04672437
v 0.01140213 0.04338932 0.04623508
v 0.00901747 0.04367703 0.04639929
v 0.04433441 0.00832558 0.03208923
v 0.04421144 0.00525778 0.03085863
v 0.04514104 0.00273222 0.02984946
v 0.04457312 0.00014877 0.02877807
v -0.00559807 0.04432433 0.04664355
v 0.04442995 -0.00263214 0.02769082
v -0.01441526 0.04232645 0.04583883
v 0.04333639 -0.01049607 0.02450275
v -0.01761281 0.04149329 0.04549658
v 0.04188871 -0.01543229 0.02249956
v -0.01919937 0.04045099 0.04506295
v 0.04217100 -0.01648896 0.02206182
v -0.02196121 0.03931999 0.04459667
v 0.03981399 -0.02025789 0.02054882
v 0.04003041 -0.02124977 0.02013731
v 0.03734678 -0.02461624 0.01877975
v -0.02777004 0.03516095 0.04292672
v -0.03132152 0.03199768 0.04165506
v 0.03422415 -0.02883613 0.01708257
v -0.03470993 0.02836030 0.04017162
v 0.03081226 -0.03254938 0.01557779
v 0.02701401 -0.03588855 0.01421773
v 0.02283757 -0.03863048 0.01312685
v 0.02229064 -0.03978514 0.01269608
v -0.04004901 0.02006810 0.03683233
v -0.04207992 0.01548767 0.03497791
v 0.01857084 -0.04089975 0.01219892
v 0.01764726 -0.04196065 0.01177626
v -0.04356670 0.01024055 0.03289026
v 0.01372385 -0.04277992 0.01144760
v 0.01313656 -0.04360616 0.01111060
v 0.00952291 -0.04394870 0.01097393
v -0.04455965 0.00496292 0.03073501
v 0.00455046 -0.04471421 0.01067996
v -0.04477912 0.00068283 0.02902215
v -0.04474902 -0.00193787 0.02796936
v -0.00078821 -0.04508233 0.01050013
v -0.04459899 -0.00472063 0.02682304
v -0.00303161 -0.04549789 0.01034426
v -0.00456667 -0.04480445 0.01061958
v -0.04367429 -0.00979519 0.02484256
v -0.00722569 -0.04503339 0.01053267
v -0.04365277 -0.01287549 0.02351611
v -0.00895882 -0.04414767 0.01088631
v -0.04260063 -0.01425552 0.02296257
v -0.01168721 -0.04412078 0.01090633
v -0.01660341 -0.04247635 0.01155090
v -0.04086440 -0.01861470 0.02121537
v -0.04134607 -0.01919174 0.02097797
v -0.03869193 -0.02281475 0.01952195
v -0.02081632 -0.04060357 0.01232343
v -0.01812165 -0.04125493 0.01205056
v -0.02243471 -0.03898930 0.01298731
v 0.00055057 -0.03346401 0.04205459
v -0.00036240 -0.03361088 0.04203587
v 0.00005079 -0.03348022 0.04196256
v -0.00036240 -0.03361088 0.04203587
v -0.00038129 -0.03340196 0.04187196
v 0.00005079 -0.03348022 0.04196256
v 0.00023688 -0.03334760 0.04181998
v -0.00036240 -0.03361088 0.04203587
v -0.00085708 -0.03334116 0.04204398
v -0.00038129 -0.03340196 0.04187196
v 0.00474161 -0.03430855 0.04306566
v 0.00523806 -0.03489810 0.04315513
v 0.00452101 -0.03469842 0.04244840
v 0.00087646 -0.03319084 0.04210340
v 0.00556248 -0.03661143 0.04248148
v 0.00580502 -0.03782892 0.04246181
v 0.00525337 -0.03713464 0.04218637
v 0.00474161 -0.03430855 0.04306566
v 0.00414544 -0.03362452 0.04314976
v 0.00523806 -0.03489810 0.04315513
v 0.00250137 -0.03321766 0.04236155
v 0.00381124 -0.03396356 0.04244846
v 0.00366920 -0.03455054 0.04213029
v 0.00211412 -0.03367966 0.04206901
v 0.00478685 -0.03561830 0.04223924
v 0.00525337 -0.03713464 0.04218637
v 0.00414544 -0.03362452 0.04314976
v 0.00366920 -0.03455054 0.04213029
v 0.00381124 -0.03396356 0.04244846
v 0.00102699 -0.03278446 0.04228979
v 0.00087646 -0.03319084 0.04210340
v 0.00556248 -0.03661143 0.04248148
v 0.00611657 -0.03712135 0.04308348
v 0.00580502 -0.03782892 0.04246181
v 0.00266063 -0.03288978 0.04272192
v 0.00381124 -0.03396356 0.04244846
v 0.00250137 -0.03321766 0.04236155
v 0.00478685 -0.03561830 0.04223924
v 0.00266063 -0.03288978 0.04272192
v 0.00099932 -0.03234207 0.04265964
v 0.00452101 -0.03469842 0.04244840
v 0.00478685 -0.03561830 0.04223924
v 0.00102699 -0.03278446 0.04228979
v 0.00266230 -0.03260630 0.04326778
v 0.00414544 -0.03362452 0.04314976
v 0.00266063 -0.03288978 0.04272192
v 0.00592494 -0.03651010 0.04302638
v 0.00513613 -0.03540796 0.04257643
v 0.00160623 -0.03228002 0.04304438
v 0.00099932 -0.03234207 0.04265964
v 0.00592494 -0.03651010 0.04302638
v 0.00619012 -0.03684502 0.04358571
v 0.00611657 -0.03712135 0.04308348
v 0.00160623 -0.03228002 0.04304438
v 0.00095452 -0.03206771 0.04327231
v 0.00266230 -0.03260630 0.04326778
v 0.00095452 -0.03206771 0.04327231
v 0.00160623 -0.03228002 0.04304438
v 0.00099932 -0.03234207 0.04265964
v 0.00452101 -0.03469842 0.04244840
v 0.00552612 -0.03550714 0.04303795
v 0.00513613 -0.03540796 0.04257643
v 0.00542271 -0.03832924 0.04218357
v 0.00542271 -0.03832924 0.04218357
v 0.00499636 -0.03862428 0.04203456
v 0.00552612 -0.03550714 0.04303795
v 0.00552612 -0.03550714 0.04303795
v 0.00523806 -0.03489810 0.04315513
v 0.00619012 -0.03684502 0.04358571
v 0.00367254 -0.03936010 0.04157543
v 0.00362402 -0.03916853 0.04186409
v 0.00529790 -0.03895395 0.04186272
v 0.00362402 -0.03916853 0.04186409
v 0.00371945 -0.03879684 0.04204595
v 0.00529790 -0.03895395 0.04186272
v 0.00499636 -0.03862428 0.04203456
v 0.00362402 -0.03916853 0.04186409
v 0.00367254 -0.03936010 0.04157543
v 0.00349945 -0.03944987 0.04163819
v -0.00004359 -0.04265433 0.01428705
v -0.00013714 -0.04215621 0.04205048
v 0.00167763 -0.04217422 0.01731920
v 0.00371945 -0.03879684 0.04204595
v 0.00362402 -0.03916853 0.04186409
v 0.00319284 -0.04015272 0.04205209
v 0.00319284 -0.04015272 0.04205209
v 0.00362402 -0.03916853 0.04186409
v 0.00349945 -0.03944987 0.04163819
v 0.00286412 -0.04085302 0.03651839
v 0.00225311 -0.04196351 0.01195067
v 0.00167763 -0.04217422 0.01731920
v 0.00080067 -0.04255121 0.01421552
v 0.00237298 -0.04122018 0.04205107
v 0.00319284 -0.04015272 0.04205209
v 0.00318289 -0.04028058 0.03972786
v 0.00318289 -0.04028058 0.03972786
v 0.00121570 -0.04244226 0.01398372
v 0.00121570 -0.04244226 0.01398372
v 0.00145012 -0.04239541 0.01175034
v 0.00291073 -0.04071241 0.03815042
v 0.00098116 -0.04200500 0.04205006
v 0.00150096 -0.04182857 0.03866392
v 0.00098116 -0.04200500 0.04205006
v 0.00237298 -0.04122018 0.04205107
v 0.00150096 -0.04182857 0.03866392
v 0.00291073 -0.04071241 0.03815042
v -0.00385255 -0.03910017 0.04204356
v -0.00378639 -0.03941881 0.04165792
v -0.00393319 -0.03929018 0.04170423
v -0.00385255 -0.03910017 0.04204356
v -0.00393319 -0.03929018 0.04170423
v -0.00411022 -0.03873825 0.04203116
v -0.00570303 -0.03884208 0.04194402
v -0.00528389 -0.03862613 0.04203033
v -0.00411022 -0.03873825 0.04203116
v -0.00393319 -0.03929018 0.04170423
v -0.00570303 -0.03884208 0.04194402
v -0.00411022 -0.03873825 0.04203116
v -0.00528389 -0.03862613 0.04203033
v -0.00292748 -0.03318148 0.04241013
v -0.00131071 -0.03272002 0.04233312
v -0.00125140 -0.03291857 0.04221230
v -0.00282782 -0.03369522 0.04212254
v -0.00085708 -0.03334116 0.04204398
v -0.00510174 -0.03518360 0.04242599
v -0.00433737 -0.03427577 0.04239875
v -0.00441760 -0.03535461 0.04206103
v -0.00367165 -0.03304779 0.04321229
v -0.00452703 -0.03366106 0.04335266
v -0.00292295 -0.03256613 0.04356676
v -0.00367165 -0.03304779 0.04321229
v -0.00292295 -0.03256613 0.04356676
v -0.00258237 -0.03246766 0.04317092
v -0.00460374 -0.03395938 0.04289627
v -0.00389779 -0.03348690 0.04272866
v -0.00433737 -0.03427577 0.04239875
v -0.00249583 -0.03273326 0.04265111
v -0.00130647 -0.03234928 0.04269284
v -0.00131071 -0.03272002 0.04233312
v -0.00292748 -0.03318148 0.04241013
v -0.00460374 -0.03395938 0.04289627
v -0.00367165 -0.03304779 0.04321229
v -0.00389779 -0.03348690 0.04272866
v -0.00539452 -0.03684353 0.04216784
v -0.00510174 -0.03518360 0.04242599
v -0.00452703 -0.03366106 0.04335266
v -0.00539452 -0.03684353 0.04216784
v -0.00541955 -0.03498989 0.04289680
v -0.00579417 -0.03668183 0.04241734
v -0.00258237 -0.03246766 0.04317092
v -0.00117624 -0.03203874 0.04332339
v -0.00130647 -0.03234928 0.04269284
v -0.00249583 -0.03273326 0.04265111
v -0.00587398 -0.03826868 0.04226887
v -0.00541955 -0.03498989 0.04289680
v -0.00452703 -0.03366106 0.04335266
v -0.00460374 -0.03395938 0.04289627
v -0.00587398 -0.03826868 0.04226887
v -0.00258237 -0.03246766 0.04317092
v -0.00292295 -0.03256613 0.04356676
v -0.00117624 -0.03203874 0.04332339
v -0.00579417 -0.03668183 0.04241734
v -0.00541955 -0.03498989 0.04289680
v -0.00510174 -0.03518360 0.04242599
v -0.00554258 -0.03487271 0.04339385
v -0.00389779 -0.03348690 0.04272866
v -0.00249583 -0.03273326 0.04265111
v -0.00292748 -0.03318148 0.04241013
v -0.00258237 -0.03246766 0.04317092
v -0.00602937 -0.03788512 0.04241859
v -0.00603604 -0.03667247 0.04265737
v -0.00579417 -0.03668183 0.04241734
v -0.00603604 -0.03667247 0.04265737
v -0.00292748 -0.03318148 0.04241013
v -0.00628752 -0.03797197 0.04262173
v -0.00603604 -0.03667247 0.04265737
v -0.00628752 -0.03797197 0.04262173
v -0.00635040 -0.03726238 0.04295790
v -0.00624800 -0.03649836 0.04315257
v -0.00541955 -0.03498989 0.04289680
v -0.00624800 -0.03649836 0.04315257
v -0.00554258 -0.03487271 0.04339385
v -0.00541955 -0.03498989 0.04289680
v -0.00126725 -0.03310030 0.04213941
v -0.00624800 -0.03649836 0.04315257
v -0.00635040 -0.03726238 0.04295790
v -0.00637376 -0.03667998 0.04343390
v -0.00624800 -0.03649836 0.04315257
v -0.00637376 -0.03667998 0.04343390
v -0.00554258 -0.03487271 0.04339385
v -0.00367165 -0.03304779 0.04321229
v -0.03461706 0.01434630 0.04744488
v -0.03471779 0.01450186 0.04195064
v -0.03315681 0.01416534 0.04195052
v -0.03264623 0.01408225 0.04745322
v -0.03264623 0.01408225 0.04745322
v -0.03315681 0.01416534 0.04195052
v -0.03132987 0.01451110 0.04195046
v -0.03107523 0.01454555 0.04743736
v -0.03015482 0.01514536 0.04745048
v -0.03026461 0.01517897 0.04195052
v -0.02942818 0.01604181 0.04195052
v -0.03015482 0.01514536 0.04745048
v -0.03132987 0.01451110 0.04195046
v -0.03026461 0.01517897 0.04195052
v -0.03107523 0.01454555 0.04743736
v -0.02941805 0.01593166 0.04745048
v -0.02886652 0.01691776 0.04744088
v -0.02942818 0.01604181 0.04195052
v -0.02874171 0.01759314 0.04195046
v -0.02941805 0.01593166 0.04745048
v -0.02859354 0.01792830 0.04743921
v -0.02874171 0.01759314 0.04195046
v -0.02866727 0.01925277 0.04195052
v -0.02859354 0.01792830 0.04743921
v -0.02862602 0.01957803 0.04744303
v -0.02862602 0.01957803 0.04744303
v -0.02866727 0.01925277 0.04195052
v -0.02931457 0.02097851 0.04195046
v -0.02925074 0.02101105 0.04745048
v -0.03017538 0.02208441 0.04745125
v -0.02931457 0.02097851 0.04195046
v -0.03038573 0.02211570 0.04195046
v -0.02925074 0.02101105 0.04745048
v 0.01194959 0.00852817 0.05085384
v -0.01215553 0.00859362 0.05086928
v -0.00352073 0.03955620 0.05356603
v -0.00893974 0.03854382 0.05348384
v 0.00792408 -0.01341086 0.04892390
v 0.00275683 -0.01548278 0.04873114
v -0.00079809 -0.01568120 0.04873126
v -0.00803399 -0.01351279 0.04891675
v 0.01278400 -0.00852966 0.04934448
v -0.01199334 -0.00984192 0.04925239
v 0.01464903 -0.00389290 0.04976850
v -0.01467567 -0.00505638 0.04964321
v 0.01505798 -0.00052926 0.05005151
v -0.01532107 -0.00009584 0.05010199
v 0.01483505 0.00232410 0.05028831
v 0.01393592 0.00533772 0.05056303
v -0.02214068 0.03380560 0.05167484
v -0.02188861 0.03329682 0.05227094
v -0.02200198 0.03324341 0.05188202
v -0.02192497 0.03450155 0.05162888
v -0.02111029 0.03265690 0.05292820
v -0.02200239 0.03415352 0.05187869
v -0.02188861 0.03329682 0.05227094
v -0.02214068 0.03380560 0.05167484
v -0.02216225 0.03417891 0.05142122
v -0.02135843 0.03295826 0.05283063
v -0.02135843 0.03295826 0.05283063
v -0.02111029 0.03265690 0.05292820
v -0.02169036 0.03292423 0.05252271
v -0.02111029 0.03265690 0.05292820
v -0.02138054 0.03245568 0.05269813
v -0.02169036 0.03292423 0.05252271
v -0.02150326 0.03359884 0.05266451
v -0.02178984 0.03478705 0.05131018
v -0.02192497 0.03450155 0.05162888
v -0.02208095 0.03452825 0.05112886
v -0.02192497 0.03450155 0.05162888
v -0.02200239 0.03415352 0.05187869
v -0.02208095 0.03452825 0.05112886
v -0.02138054 0.03245568 0.05269813
v -0.02173763 0.03268373 0.05233097
v -0.02169036 0.03292423 0.05252271
v -0.02216225 0.03417891 0.05142122
v -0.02190572 0.03481018 0.05074274
v -0.02208095 0.03452825 0.05112886
v -0.02150326 0.03359884 0.05266451
v -0.02135843 0.03295826 0.05283063
v -0.02173447 0.03370940 0.05246073
v -0.02216225 0.03417891 0.05142122
v -0.02214068 0.03380560 0.05167484
v -0.02169036 0.03292423 0.05252271
v -0.02214068 0.03380560 0.05167484
v -0.02200198 0.03324341 0.05188202
v -0.02226936 0.03394705 0.05073130
v -0.02208095 0.03452825 0.05112886
v -0.02216225 0.03417891 0.05142122
v -0.02218353 0.03441828 0.05073446
v -0.02173447 0.03370940 0.05246073
v -0.02150326 0.03359884 0.05266451
v -0.02188861 0.03329682 0.05227094
v -0.02169036 0.03292423 0.05252271
v -0.02173763 0.03268373 0.05233097
v -0.02200239 0.03415352 0.05187869
v -0.02151358 0.03416615 0.05237591
v -0.02173447 0.03370940 0.05246073
v -0.02173447 0.03370940 0.05246073
v -0.02166450 0.03454637 0.05188751
v -0.02192497 0.03450155 0.05162888
v -0.02259832 0.03386402 0.04606163
v -0.02266502 0.03369373 0.04604959
v -0.02258718 0.03415071 0.04591023
v -0.02238774 0.03456491 0.04570227
v -0.02219098 0.03483146 0.04557538
v -0.02237409 0.03445303 0.04606890
v -0.02242136 0.03393965 0.04628556
v -0.02219098 0.03483146 0.04557538
v -0.02238774 0.03456491 0.04570227
v -0.02200317 0.03503334 0.04525995
v -0.02241611 0.03373926 0.04625713
v -0.02266502 0.03369373 0.04604959
v -0.02259832 0.03386402 0.04606163
v -0.02237409 0.03445303 0.04606890
v -0.02237409 0.03445303 0.04606890
v -0.02258718 0.03415071 0.04591023
v -0.02238774 0.03456491 0.04570227
v -0.02242136 0.03393965 0.04628556
v -0.02242136 0.03393965 0.04628556
v -0.02241611 0.03373926 0.04625713
v -0.02259832 0.03386402 0.04606163
v -0.01331734 0.00906497 0.04647809
v -0.02237880 0.03401315 0.04651015
v -0.01319414 0.00892675 0.05010914
v -0.02412557 0.03266096 0.04625242
v -0.02394229 0.03235822 0.04653835
v -0.02421653 0.03260701 0.04654419
v -0.02412557 0.03266096 0.04625242
v -0.02389281 0.03249412 0.04626142
v -0.02394229 0.03235822 0.04653835
v -0.02412557 0.03266096 0.04625242
v -0.02421653 0.03260701 0.04654419
v -0.02440774 0.03272104 0.04642832
v -0.02378290 0.03273606 0.04610008
v -0.02412557 0.03266096 0.04625242
v -0.02405256 0.03280395 0.04606717
v -0.02378290 0.03273606 0.04610008
v -0.02389281 0.03249412 0.04626142
v -0.02412557 0.03266096 0.04625242
v -0.02434360 0.03278070 0.04613476
v -0.02434360 0.03278070 0.04613476
v -0.02431321 0.03300428 0.04584574
v -0.02434360 0.03278070 0.04613476
v -0.02440774 0.03272104 0.04642832
v -0.02456277 0.03284531 0.04593634
v -0.02486491 0.03281724 0.04593271
v -0.02456277 0.03284531 0.04593634
v -0.02440774 0.03272104 0.04642832
v -0.02378290 0.03273606 0.04610008
v -0.02456277 0.03284531 0.04593634
v -0.02431321 0.03300428 0.04584574
v -0.02434360 0.03278070 0.04613476
v -0.02456277 0.03284531 0.04593634
v -0.02507984 0.03281366 0.04543876
v -0.02431321 0.03300428 0.04584574
v -0.02456277 0.03284531 0.04593634
v -0.02365213 0.03125745 0.05178129
v -0.02394145 0.03210139 0.05074977
v -0.02394229 0.03235822 0.04653835
v -0.01526004 0.00857282 0.04642754
v -0.01538568 0.00861126 0.05012381
v -0.02472877 0.03172731 0.05204933
v -0.02442121 0.03094983 0.05251729
v -0.02419888 0.03109264 0.05242455
v -0.02472877 0.03172731 0.05204933
v -0.02417922 0.03172171 0.05191183
v -0.02402412 0.03191947 0.05144339
v -0.02394145 0.03210139 0.05074977
v -0.02365213 0.03125745 0.05178129
v -0.02472877 0.03172731 0.05204933
v -0.02419888 0.03109264 0.05242455
v -0.02442121 0.03094983 0.05251729
v -0.02514779 0.03240215 0.05084353
v -0.02417922 0.03172171 0.05191183
v -0.02402412 0.03191947 0.05144339
v -0.02365213 0.03125745 0.05178129
v -0.02387619 0.03109693 0.05224132
v -0.02419888 0.03109264 0.05242455
v -0.02417922 0.03172171 0.05191183
v -0.02387619 0.03109693 0.05224132
v -0.02417272 0.03037720 0.05268025
v -0.02374804 0.02985823 0.05264890
v -0.02436614 0.03002893 0.05272644
v -0.02417272 0.03037720 0.05268025
v -0.02514779 0.03240215 0.05084353
v -0.02496606 0.03255343 0.05047923
v -0.02479308 0.03230917 0.05125957
v -0.02442121 0.03094983 0.05251729
v -0.02463066 0.03254497 0.05057001
v -0.02514779 0.03240215 0.05084353
v -0.02511698 0.03219074 0.05129456
v -0.02442121 0.03094983 0.05251729
v -0.02419888 0.03109264 0.05242455
v -0.02417272 0.03037720 0.05268025
v -0.02511698 0.03219074 0.05129456
v -0.02514779 0.03240215 0.05084353
v -0.02479308 0.03230917 0.05125957
v -0.02374804 0.02985823 0.05264890
v -0.02417272 0.03037720 0.05268025
v -0.02364653 0.03053665 0.05240488
v -0.02419888 0.03109264 0.05242455
v -0.02364653 0.03053665 0.05240488
v -0.02463066 0.03254497 0.05057001
v -0.02425217 0.03242331 0.05042952
v -0.02435147 0.03228062 0.05116093
v -0.02387619 0.03109693 0.05224132
v -0.02342414 0.03059881 0.05200463
v -0.02472877 0.03172731 0.05204933
v -0.02479308 0.03230917 0.05125957
v -0.02463066 0.03254497 0.05057001
v -0.02435147 0.03228062 0.05116093
v -0.02435147 0.03228062 0.05116093
v -0.02425217 0.03242331 0.05042952
v -0.02394145 0.03210139 0.05074977
v -0.02458882 0.03206914 0.05165284
v -0.02479308 0.03230917 0.05125957
v -0.02458882 0.03206914 0.05165284
v -0.02402412 0.03191947 0.05144339
v -0.02472877 0.03172731 0.05204933
v -0.02458882 0.03206914 0.05165284
v -0.02435147 0.03228062 0.05116093
v -0.02417922 0.03172171 0.05191183
v -0.02402412 0.03191947 0.05144339
v -0.02458882 0.03206914 0.05165284
v -0.01860833 0.00112528 0.05021083
v -0.01628261 0.00846285 0.05085390
v -0.01736873 0.00616306 0.05064898
v -0.02757185 0.01389694 0.05130964
v -0.02619636 0.01644015 0.05153238
v -0.03004735 0.01191008 0.05114954
v -0.03259891 0.01142740 0.05108135
v -0.02589261 0.01897209 0.05174285
v -0.02755171 0.02307409 0.05211097
v -0.02904260 0.02450817 0.05223685
v -0.02701568 0.02740764 0.05248451
v -0.02659404 0.02155065 0.05197876
v -0.02944093 0.02506417 0.05214685
v -0.02904260 0.02450817 0.05223685
v -0.02983754 0.02486413 0.05199033
v -0.02904260 0.02450817 0.05223685
v -0.02889794 0.02401137 0.05209940
v -0.02983754 0.02486413 0.05199033
v -0.02983754 0.02486413 0.05199033
v -0.02972483 0.02434241 0.05181843
v -0.03020823 0.02482998 0.05170840
v -0.02972483 0.02434241 0.05181843
v -0.02922344 0.02373492 0.05151569
v -0.03043425 0.02466040 0.05129152
v -0.03042018 0.02546924 0.05163896
v -0.02983754 0.02486413 0.05199033
v -0.03020823 0.02482998 0.05170840
v -0.03020823 0.02482998 0.05170840
v -0.02972483 0.02434241 0.05181843
v -0.03043425 0.02466040 0.05129152
v -0.03069639 0.02513921 0.05130046
v -0.03069639 0.02513921 0.05130046
v -0.03104650 0.02554142 0.05096405
v -0.03084421 0.02599883 0.05104964
v -0.03042018 0.02546924 0.05163896
v -0.03104650 0.02554142 0.05096405
v -0.02922344 0.02373492 0.05151569
v -0.03111511 0.02502799 0.05004423
v -0.03043425 0.02466040 0.05129152
v -0.03101277 0.02505862 0.05065298
v -0.03124237 0.02614581 0.05045485
v -0.03130054 0.02584123 0.05048602
v -0.03104650 0.02554142 0.05096405
v -0.03130054 0.02584123 0.05048602
v -0.03104650 0.02554142 0.05096405
v -0.03145873 0.02554214 0.05005085
v -0.03101277 0.02505862 0.05065298
v -0.03145873 0.02554214 0.05005085
v -0.03142434 0.02635121 0.04981613
v -0.03124237 0.02614581 0.05045485
v -0.03159803 0.02593290 0.04971486
v -0.03142434 0.02635121 0.04981613
v -0.03159803 0.02593290 0.04971486
v -0.03130054 0.02584123 0.05048602
v -0.03159803 0.02593290 0.04971486
v -0.03159803 0.02593290 0.04971486
v -0.03145873 0.02554214 0.05005085
v -0.03145873 0.02554214 0.05005085
v -0.03101277 0.02505862 0.05065298
v -0.03148239 0.02534025 0.04936259
v -0.03111511 0.02502799 0.05004423
v -0.03129351 0.02508485 0.04871881
v -0.02946633 0.02382099 0.04873645
v -0.03148353 0.02495104 0.04818630
v -0.03129351 0.02508485 0.04871881
v -0.03148353 0.02495104 0.04818630
v -0.03176534 0.02465653 0.04775846
v -0.03214299 0.02422732 0.04747980
v -0.03176534 0.02465653 0.04775846
v -0.03214299 0.02422732 0.04747980
v -0.03298950 0.02375531 0.04739171
v -0.03258049 0.02407443 0.04741817
v -0.03255867 0.02474945 0.04729634
v -0.03298950 0.02375531 0.04739171
v -0.03337097 0.02397191 0.04699724
v -0.03129351 0.02508485 0.04871881
v -0.03015482 0.01514536 0.04745048
v -0.02941805 0.01593166 0.04745048
v -0.03264623 0.01408225 0.04745322
v -0.03461706 0.01434630 0.04744488
v -0.02925074 0.02101105 0.04745048
v -0.03017538 0.02208441 0.04745125
v -0.03298950 0.02375531 0.04739171
v -0.03770220 0.01609271 0.04707360
v -0.00637811 -0.03562641 0.04523175
v -0.00570583 -0.03442192 0.04603958
v -0.00611335 -0.03561955 0.04490530
v 0.00149369 -0.03158074 0.04717582
v 0.00061846 -0.03148353 0.04717057
v 0.00015924 -0.03127306 0.04728877
v -0.00677192 -0.03709173 0.04380226
v 0.00455975 -0.03332567 0.04662275
v 0.00586128 -0.03534215 0.04531949
v 0.00485301 -0.03392744 0.04613542
v -0.00648618 -0.03685873 0.04362833
v -0.00185853 -0.03190189 0.04681199
v -0.00216872 -0.03207892 0.04660654
v -0.00277549 -0.03222507 0.04677551
v 0.00123924 -0.03183251 0.04683876
v 0.00248122 -0.03226929 0.04664760
v 0.00082696 -0.03181427 0.04669731
v 0.00335687 -0.03206253 0.04717081
v 0.00553322 -0.03412050 0.04631996
v 0.00553322 -0.03412050 0.04631996
v 0.00430107 -0.03288078 0.04686260
v 0.00335687 -0.03206253 0.04717081
v -0.00648618 -0.03685873 0.04362833
v -0.00611335 -0.03561955 0.04490530
v 0.00485301 -0.03392744 0.04613542
v 0.00460875 -0.03381443 0.04592227
v 0.00380659 -0.03288841 0.04665899
v 0.00149369 -0.03158074 0.04717582
v 0.00123924 -0.03183251 0.04683876
v 0.00061846 -0.03148353 0.04717057
v 0.00061846 -0.03148353 0.04717057
v -0.00017617 -0.03117263 0.04732847
v 0.00015924 -0.03127306 0.04728877
v 0.00455975 -0.03332567 0.04662275
v 0.00485301 -0.03392744 0.04613542
v 0.00380659 -0.03288841 0.04665899
v 0.00650167 -0.03575897 0.04526615
v 0.00686896 -0.03690999 0.04422515
v 0.00655073 -0.03614419 0.04490464
v 0.00686896 -0.03690999 0.04422515
v 0.00655675 -0.03733694 0.04357677
v 0.00655073 -0.03614419 0.04490464
v 0.00626081 -0.03586578 0.04506111
v -0.00166059 -0.03137350 0.04729521
v -0.00017617 -0.03117263 0.04732847
v -0.00084868 -0.03144311 0.04721003
v -0.00495720 -0.03312683 0.04679918
v -0.00351995 -0.03197193 0.04718995
v -0.00347424 -0.03216117 0.04708099
v -0.00347424 -0.03216117 0.04708099
v -0.00294828 -0.03208661 0.04702001
v -0.00487441 -0.03350019 0.04645317
v 0.00430107 -0.03288078 0.04686260
v 0.00455975 -0.03332567 0.04662275
v 0.00278181 -0.03205347 0.04706496
v -0.00294828 -0.03208661 0.04702001
v -0.00277549 -0.03222507 0.04677551
v -0.00398189 -0.03284686 0.04663723
v 0.00366050 -0.03296643 0.04634571
v 0.00278181 -0.03205347 0.04706496
v 0.00655675 -0.03733694 0.04357677
v 0.00619012 -0.03684502 0.04358571
v 0.00589675 -0.03584909 0.04459047
v 0.00626081 -0.03586578 0.04506111
v 0.00655675 -0.03733694 0.04357677
v -0.00294828 -0.03208661 0.04702001
v -0.00398189 -0.03284686 0.04663723
v -0.00487441 -0.03350019 0.04645317
v -0.00398189 -0.03284686 0.04663723
v -0.00277549 -0.03222507 0.04677551
v -0.00383884 -0.03288644 0.04643172
v -0.00475937 -0.03362780 0.04615157
v 0.00586128 -0.03534215 0.04531949
v 0.00650167 -0.03575897 0.04526615
v 0.00617909 -0.03518956 0.04565763
v 0.00335687 -0.03206253 0.04717081
v 0.00430107 -0.03288078 0.04686260
v 0.00203800 -0.03151321 0.04727745
v -0.00605291 -0.03455919 0.04606240
v 0.00203800 -0.03151321 0.04727745
v 0.00278181 -0.03205347 0.04706496
v 0.00380659 -0.03288841 0.04665899
v 0.00257546 -0.03213191 0.04692554
v 0.00542372 -0.03483253 0.04540354
v 0.00257546 -0.03213191 0.04692554
v 0.00203800 -0.03151321 0.04727745
v -0.00347424 -0.03216117 0.04708099
v -0.00487441 -0.03350019 0.04645317
v -0.00605291 -0.03455919 0.04606240
v -0.00487441 -0.03350019 0.04645317
v 0.00625277 -0.03484249 0.04591560
v 0.00650167 -0.03575897 0.04526615
v 0.00553322 -0.03412050 0.04631996
v -0.00190878 -0.03177469 0.04704421
v 0.00650167 -0.03575897 0.04526615
v 0.00617909 -0.03518956 0.04565763
v 0.00553322 -0.03412050 0.04631996
v -0.00190878 -0.03177469 0.04704421
v -0.00084868 -0.03144311 0.04721003
v -0.00103676 -0.03175407 0.04681551
v 0.00553322 -0.03412050 0.04631996
v 0.00203800 -0.03151321 0.04727745
v 0.00278181 -0.03205347 0.04706496
v -0.00487441 -0.03350019 0.04645317
v -0.00570583 -0.03442192 0.04603958
v -0.00487441 -0.03350019 0.04645317
v -0.00487441 -0.03350019 0.04645317
v -0.00546980 -0.03450417 0.04563713
v -0.00546980 -0.03450417 0.04563713
v -0.00103676 -0.03175407 0.04681551
v -0.00185853 -0.03190189 0.04681199
v -0.00277549 -0.03222507 0.04677551
v -0.00670671 -0.03567600 0.04530709
v -0.00185853 -0.03190189 0.04681199
v -0.00103676 -0.03175407 0.04681551
v -0.00216872 -0.03207892 0.04660654
v -0.00677192 -0.03709173 0.04380226
v -0.00723273 -0.03711956 0.04402709
v -0.00637811 -0.03562641 0.04523175
v -0.00166059 -0.03137350 0.04729521
v -0.00528389 -0.03862613 0.04203033
v -0.00733995 -0.03774738 0.04331016
v -0.00723273 -0.03711956 0.04402709
v -0.00690061 -0.03793781 0.04301476
v -0.00690061 -0.03793781 0.04301476
v -0.00690061 -0.03793781 0.04301476
v -0.00677192 -0.03709173 0.04380226
v -0.00657082 -0.03748071 0.04318761
v -0.00677192 -0.03709173 0.04380226
v -0.00648618 -0.03685873 0.04362833
v -0.00657082 -0.03748071 0.04318761
v -0.00657082 -0.03748071 0.04318761
v -0.00695765 -0.03827732 0.04268854
v -0.00657082 -0.03748071 0.04318761
v -0.00637376 -0.03667998 0.04343390
v -0.00635040 -0.03726238 0.04295790
v -0.00690061 -0.03793781 0.04301476
v -0.00657082 -0.03748071 0.04318761
v -0.00651157 -0.03786504 0.04285097
v -0.00619584 -0.03862172 0.04221379
v -0.00641620 -0.03830713 0.04249942
v -0.00641620 -0.03830713 0.04249942
v -0.00736231 -0.03871434 0.04193878
v -0.00619584 -0.03862172 0.04221379
v -0.00620836 -0.03887033 0.04194784
v -0.00651157 -0.03786504 0.04285097
v -0.00628752 -0.03797197 0.04262173
v -0.00651157 -0.03786504 0.04285097
v -0.00635040 -0.03726238 0.04295790
v -0.00628752 -0.03797197 0.04262173
v -0.00619584 -0.03862172 0.04221379
v -0.00695765 -0.03827732 0.04268854
v -0.00570303 -0.03884208 0.04194402
v -0.00587398 -0.03826868 0.04226887
v -0.00572681 -0.03913307 0.04163497
v -0.00393319 -0.03929018 0.04170423
v -0.00570303 -0.03884208 0.04194402
v -0.00570303 -0.03884208 0.04194402
v -0.00587398 -0.03826868 0.04226887
v -0.00528389 -0.03862613 0.04203033
v -0.00349945 -0.04017806 0.03999376
v -0.00393319 -0.03929018 0.04170423
v -0.00378639 -0.03941881 0.04165792
v -0.00363439 -0.04009979 0.04003429
v -0.00393319 -0.03929018 0.04170423
v -0.00349945 -0.04017806 0.03999376
v -0.00322461 -0.04069405 0.03801184
v -0.00363439 -0.04009979 0.04003429
v -0.00349945 -0.04017806 0.03999376
v -0.03845018 0.01327908 0.04832911
v -0.03821092 0.01352375 0.04841774
v -0.03807783 0.01300328 0.04900687
v -0.03761482 0.01380729 0.04834848
v -0.03765362 0.01438182 0.04777377
v -0.03739523 0.01397866 0.04804331
v -0.03743761 0.01281958 0.04968452
v -0.03807783 0.01300328 0.04900687
v -0.03729963 0.01309722 0.04949188
v -0.03821092 0.01352375 0.04841774
v -0.03792363 0.01368075 0.04845666
v -0.03652232 0.01310062 0.04954910
v -0.03729963 0.01309722 0.04949188
v -0.03792363 0.01368075 0.04845666
v -0.03843498 0.01446819 0.04720109
v -0.03792363 0.01368075 0.04845666
v -0.03761482 0.01380729 0.04834848
v -0.03718388 0.01352751 0.04871916
v -0.03761482 0.01380729 0.04834848
v -0.03739523 0.01397866 0.04804331
v -0.03718388 0.01352751 0.04871916
v -0.03843498 0.01446819 0.04720109
v -0.03718388 0.01352751 0.04871916
v -0.03623467 0.01305675 0.04918950
v -0.03652232 0.01310062 0.04954910
v -0.03718388 0.01352751 0.04871916
v -0.03860771 0.01385021 0.04750204
v -0.03830111 0.01410007 0.04774087
v -0.03830111 0.01410007 0.04774087
v -0.03803384 0.01442521 0.04766178
v -0.03860771 0.01385021 0.04750204
v -0.03860771 0.01385021 0.04750204
v -0.03765362 0.01438182 0.04777377
v -0.03781419 0.01496744 0.04740715
v -0.03756350 0.01489281 0.04749906
v -0.03803384 0.01442521 0.04766178
v -0.03765362 0.01438182 0.04777377
v -0.03756350 0.01489281 0.04749906
v -0.03740340 0.01453423 0.04764419
v -0.03803384 0.01442521 0.04766178
v -0.03765362 0.01438182 0.04777377
v -0.03740340 0.01453423 0.04764419
v -0.03739523 0.01397866 0.04804331
v -0.03765362 0.01438182 0.04777377
v -0.03743761 0.01281958 0.04968452
v -0.03766196 0.01242893 0.04965823
v -0.03807783 0.01300328 0.04900687
v -0.03611493 0.01271384 0.05022561
v -0.03652232 0.01310062 0.04954910
v -0.03494441 0.01248252 0.05023795
v -0.03580015 0.01196837 0.05080419
v -0.03542232 0.01230192 0.05067229
v -0.03496927 0.01181286 0.05099791
v -0.03494441 0.01248252 0.05023795
v -0.03496927 0.01181286 0.05099791
v -0.03413999 0.01150614 0.05109745
v -0.03542232 0.01230192 0.05067229
v -0.03611493 0.01271384 0.05022561
v -0.03402996 0.01224941 0.05047065
v -0.03647184 0.01234501 0.05045408
v -0.03580015 0.01196837 0.05080419
v -0.03413999 0.01150614 0.05109745
v -0.03408098 0.01192235 0.05089980
v -0.03402996 0.01224941 0.05047065
v -0.03611493 0.01271384 0.05022561
v -0.03494441 0.01248252 0.05023795
v -0.03647184 0.01234501 0.05045408
v -0.03611493 0.01271384 0.05022561
v -0.03408098 0.01192235 0.05089980
v -0.03534865 0.00096661 0.05012387
v -0.03639841 0.00093460 0.04990637
v -0.03534865 0.00096661 0.05012387
v -0.03565239 0.00062463 0.04983901
v -0.03639841 0.00093460 0.04990637
v -0.03674316 0.00084782 0.04975152
v -0.03674316 0.00084782 0.04975152
v -0.03565239 0.00062463 0.04983901
v -0.03556472 0.00041814 0.04942339
v -0.03669708 0.00047314 0.04931378
v -0.03674316 0.00084782 0.04975152
v -0.03565239 0.00062463 0.04983901
v -0.03669708 0.00047314 0.04931378
v -0.03556472 0.00041814 0.04942339
v -0.03824990 0.00039625 0.04824310
v -0.03669708 0.00047314 0.04931378
v -0.03798413 0.00084823 0.04918599
v -0.03798413 0.00084823 0.04918599
v -0.03792858 0.00054315 0.04884517
v -0.03792858 0.00054315 0.04884517
v -0.03669708 0.00047314 0.04931378
v -0.03824990 0.00039625 0.04824310
v -0.03798413 0.00084823 0.04918599
v -0.03913104 0.00063547 0.04805541
v -0.03913104 0.00063547 0.04805541
v -0.03913104 0.00063547 0.04805541
v -0.04014962 0.00103557 0.04712241
v -0.04014962 0.00103557 0.04712241
v -0.03944540 0.00118935 0.04814738
v -0.04004019 0.00063838 0.04686236
v -0.03913104 0.00063547 0.04805541
v -0.04037821 0.00104159 0.04675024
v -0.04037821 0.00104159 0.04675024
v -0.04044044 0.00068895 0.04613894
v -0.04004019 0.00063838 0.04686236
v -0.03995686 0.00044882 0.04647952
v -0.04075360 0.00094396 0.04578423
v -0.04037821 0.00104159 0.04675024
v -0.04075360 0.00094396 0.04578423
v -0.04044044 0.00068895 0.04613894
v -0.03995686 0.00044882 0.04647952
v -0.03824990 0.00039625 0.04824310
v -0.03937453 0.00033204 0.04644286
v -0.04033470 0.00023818 0.04598653
v -0.03996229 0.00002484 0.04607164
v -0.03997212 -0.00102454 0.04607433
v -0.04059362 0.00058499 0.04586863
v -0.04033470 0.00023818 0.04598653
v -0.04048120 -0.00146836 0.04583448
v -0.03997212 -0.00102454 0.04607433
v -0.04088419 0.00108981 0.04551601
v -0.04059362 0.00058499 0.04586863
v -0.04048120 -0.00146836 0.04583448
v -0.04088419 0.00108981 0.04551601
v -0.04070270 -0.00228625 0.04541128
v -0.03866529 -0.00163466 0.04811692
v -0.03884690 -0.00212920 0.04819005
v -0.03953129 -0.00152838 0.04710489
v -0.03986740 -0.00189853 0.04696512
v -0.03969335 -0.00206649 0.04724264
v -0.03947985 -0.00124013 0.04654932
v -0.03953129 -0.00152838 0.04710489
v -0.03998696 -0.00149023 0.04636764
v -0.03953129 -0.00152838 0.04710489
v -0.03986740 -0.00189853 0.04696512
v -0.03998696 -0.00149023 0.04636764
v -0.03560662 -0.00122869 0.04906660
v -0.03425222 -0.00140506 0.04952877
v -0.03578126 -0.00157261 0.04952889
v -0.03425222 -0.00140506 0.04952877
v -0.03423714 -0.00183988 0.04987096
v -0.03578126 -0.00157261 0.04952889
v -0.03578126 -0.00157261 0.04952889
v -0.03423714 -0.00183988 0.04987096
v -0.03589701 -0.00194371 0.04969781
v -0.03423714 -0.00183988 0.04987096
v -0.03589701 -0.00194371 0.04969781
v -0.03986740 -0.00189853 0.04696512
v -0.04003310 -0.00226307 0.04677391
v -0.04029059 -0.00211060 0.04633617
v -0.03969335 -0.00206649 0.04724264
v -0.03969335 -0.00206649 0.04724264
v -0.03593009 -0.00240278 0.04970663
v -0.04035222 -0.00167376 0.04598593
v -0.04035222 -0.00167376 0.04598593
v -0.03777092 -0.00121134 0.04809868
v -0.03736191 -0.00146341 0.04884260
v -0.04056549 -0.00195009 0.04572492
v -0.04070270 -0.00228625 0.04541128
v -0.04056549 -0.00195009 0.04572492
v -0.04029059 -0.00211060 0.04633617
v -0.03736191 -0.00146341 0.04884260
v -0.03578126 -0.00157261 0.04952889
v -0.03743815 -0.00193649 0.04911881
v -0.03589701 -0.00194371 0.04969781
v -0.03589701 -0.00194371 0.04969781
v -0.03743815 -0.00193649 0.04911881
v -0.03849363 -0.00138319 0.04794591
v -0.03736191 -0.00146341 0.04884260
v -0.03743815 -0.00193649 0.04911881
v -0.03866529 -0.00163466 0.04811692
v -0.03849363 -0.00138319 0.04794591
v -0.03736191 -0.00146341 0.04884260
v -0.03866529 -0.00163466 0.04811692
v -0.03866529 -0.00163466 0.04811692
v -0.03743815 -0.00193649 0.04911881
v -0.03884690 -0.00212920 0.04819005
v -0.03743815 -0.00193649 0.04911881
v -0.03919750 -0.00115228 0.04643964
v -0.03947985 -0.00124013 0.04654932
v -0.03849363 -0.00138319 0.04794591
v -0.03953129 -0.00152838 0.04710489
v -0.01638436 -0.00904346 0.04931092
v -0.01420199 -0.01222699 0.04903143
v -0.01773267 -0.00633168 0.04956489
v -0.01846051 -0.00203991 0.04992389
v -0.02451300 -0.02320712 0.04769569
v -0.02389681 -0.02298671 0.04747021
v -0.02516508 -0.02408075 0.04714387
v -0.02770930 -0.02560079 0.04579907
v -0.02645230 -0.02431190 0.04707491
v -0.02696514 -0.02527523 0.04634571
v -0.02645230 -0.02431190 0.04707491
v -0.02610915 -0.02425473 0.04720836
v -0.02696514 -0.02527523 0.04634571
v -0.02624547 -0.02527487 0.04621756
v -0.02656883 -0.02530950 0.04628056
v -0.02588289 -0.02472394 0.04678392
v -0.02340167 -0.02216732 0.04793488
v -0.02610915 -0.02425473 0.04720836
v -0.02640271 -0.02475166 0.04683321
v -0.02610915 -0.02425473 0.04720836
v -0.02541399 -0.02385950 0.04744267
v -0.02640271 -0.02475166 0.04683321
v -0.02588289 -0.02472394 0.04678392
v -0.02696514 -0.02527523 0.04634571
v -0.02734237 -0.02553308 0.04601496
v -0.02538055 -0.02317321 0.04778653
v -0.02407157 -0.02231693 0.04809314
v -0.02451300 -0.02320712 0.04769569
v -0.02656883 -0.02530950 0.04628056
v -0.02695864 -0.02543532 0.04617834
v -0.02516508 -0.02408075 0.04714387
v -0.02389681 -0.02298671 0.04747021
v -0.02528899 -0.02450650 0.04642647
v -0.02734237 -0.02553308 0.04601496
v -0.02538055 -0.02317321 0.04778653
v -0.02349776 -0.02141237 0.04825043
v -0.02407157 -0.02231693 0.04809314
v -0.02516508 -0.02408075 0.04714387
v -0.02610915 -0.02425473 0.04720836
v -0.02541399 -0.02385950 0.04744267
v -0.02588289 -0.02472394 0.04678392
v -0.02624547 -0.02527487 0.04621756
v -0.02451300 -0.02320712 0.04769569
v -0.02407157 -0.02231693 0.04809314
v -0.02340167 -0.02216732 0.04793488
v -0.02451300 -0.02320712 0.04769569
v -0.02710545 -0.02563112 0.04602152
v -0.02637428 -0.02563560 0.04606503
v -0.02511698 -0.02710008 0.04602354
v -0.02519506 -0.02675580 0.04605036
v -0.02710545 -0.02563112 0.04602152
v -0.02511698 -0.02710008 0.04602354
v -0.02501332 -0.02743726 0.04594683
v -0.02710545 -0.02563112 0.04602152
v -0.02501332 -0.02743726 0.04594683
v -0.02286863 -0.02469044 0.04743552
v -0.02272623 -0.02497923 0.04760676
v -0.02411365 -0.02589982 0.04675507
v -0.02405548 -0.02638149 0.04682493
v -0.02482998 -0.02701926 0.04616636
v -0.02134478 -0.02314263 0.04778385
v -0.02115350 -0.02335280 0.04797124
v -0.02482962 -0.02652394 0.04615622
v -0.02482962 -0.02652394 0.04615622
v -0.02387923 -0.02518779 0.04639196
v -0.02411365 -0.02589982 0.04675507
v -0.02405548 -0.02638149 0.04682493
v -0.02443456 -0.02706289 0.04642623
v -0.02115350 -0.02335280 0.04797124
v -0.02272623 -0.02497923 0.04760676
v -0.02272623 -0.02497923 0.04760676
v -0.02405548 -0.02638149 0.04682493
v -0.02443456 -0.02706289 0.04642623
v -0.02486300 -0.02736544 0.04604530
v -0.02360725 -0.02641177 0.04702544
v -0.02488756 -0.02775776 0.04582595
v -0.02443456 -0.02706289 0.04642623
v -0.02482998 -0.02701926 0.04616636
v -0.02488756 -0.02775776 0.04582595
v -0.02486300 -0.02736544 0.04604530
v -0.02443456 -0.02706289 0.04642623
v -0.02387923 -0.02518779 0.04639196
v -0.02152222 -0.02292925 0.04735606
v -0.02295690 -0.02440321 0.04709023
v -0.02295690 -0.02440321 0.04709023
v -0.02152222 -0.02292925 0.04735606
v -0.02134478 -0.02314263 0.04778385
v -0.02286863 -0.02469044 0.04743552
v 0.01155203 -0.01451772 0.04882180
v 0.00896978 -0.01638865 0.04866760
v 0.00388902 -0.01848524 0.04849016
v -0.00042886 -0.01889950 0.04845726
v -0.00391346 -0.01836979 0.04848682
v -0.00663471 -0.01764893 0.04855978
v -0.00931120 -0.01635330 0.04866582
v -0.01190119 -0.01474642 0.04883378
v -0.00673151 -0.04210191 0.01171028
v -0.00244069 -0.04210686 0.01171374
v -0.00177807 -0.04259771 0.01153206
v -0.00684971 -0.04153382 0.01198559
v -0.01149034 -0.04107189 0.01212620
v -0.01183694 -0.04050946 0.01234996
v -0.01619952 -0.03949517 0.01276755
v -0.01534891 -0.03923821 0.01289647
v -0.02019351 -0.03767436 0.01351249
v -0.01919835 -0.03751009 0.01358777
v -0.02254295 -0.03551352 0.01443701
v -0.02340298 -0.03554749 0.01436287
v -0.02270960 -0.03541350 0.01464235
v -0.02254295 -0.03551352 0.01443701
v -0.02340298 -0.03554749 0.01436287
v -0.02198028 -0.03520995 0.02708470
v -0.02270960 -0.03541350 0.01464235
v -0.02371031 -0.03517127 0.02713376
v -0.02378791 -0.03538036 0.01469933
v -0.02366417 -0.03511410 0.02731180
v -0.02361017 -0.03497213 0.02746641
v -0.02210938 -0.03514361 0.02730762
v -0.02276641 -0.03489297 0.02753144
v -0.02371031 -0.03517127 0.02713376
v -0.02366417 -0.03511410 0.02731180
v -0.02210938 -0.03514361 0.02730762
v -0.02198028 -0.03520995 0.02708470
v -0.02276641 -0.03489297 0.02753144
v -0.02361017 -0.03497213 0.02746641
v -0.02366417 -0.03511410 0.02731180
v -0.02371031 -0.03517127 0.02713376
v -0.02630072 -0.03317844 0.02735573
v -0.02637267 -0.03325510 0.02706253
v -0.03094506 -0.02885353 0.02741843
v -0.03267496 -0.02687579 0.02740192
v -0.03192144 -0.02746236 0.02753061
v -0.02744328 -0.03219044 0.02739936
v -0.02744328 -0.03219044 0.02739936
v -0.02771168 -0.03182548 0.02750355
v -0.02630072 -0.03317844 0.02735573
v -0.02361017 -0.03497213 0.02746641
v -0.02366417 -0.03511410 0.02731180
v -0.02630072 -0.03317844 0.02735573
v -0.03488242 -0.02416115 0.02720892
v -0.03465342 -0.02413773 0.02747291
v -0.03267496 -0.02687579 0.02740192
v -0.02871721 -0.03127247 0.02708238
v -0.03094506 -0.02885353 0.02741843
v -0.02771168 -0.03182548 0.02750355
v -0.03195685 -0.02791619 0.02722859
v -0.03488242 -0.02416115 0.02720892
v -0.03267496 -0.02687579 0.02740192
v -0.02361017 -0.03497213 0.02746641
v -0.02630072 -0.03317844 0.02735573
v -0.02771168 -0.03182548 0.02750355
v -0.03465342 -0.02413773 0.02747291
v -0.03094506 -0.02885353 0.02741843
v -0.02871721 -0.03127247 0.02708238
v -0.02744328 -0.03219044 0.02739936
v -0.03195685 -0.02791619 0.02722859
v -0.03267496 -0.02687579 0.02740192
v -0.03094506 -0.02885353 0.02741843
v -0.02871721 -0.03127247 0.02708238
v -0.03195685 -0.02791619 0.02722859
v -0.03094506 -0.02885353 0.02741843
v -0.03488242 -0.02416115 0.02720892
v -0.03493887 -0.02270704 0.02710187
v -0.03484380 -0.02291095 0.02733546
v -0.03488242 -0.02416115 0.02720892
v -0.03504025 -0.02419829 0.01935553
v -0.03506600 -0.02309143 0.01977699
v -0.03488242 -0.02416115 0.02720892
v -0.03493887 -0.02270704 0.02710187
v 0.02873039 0.03008842 0.04089498
v 0.02332687 0.03565400 0.04314184
v 0.03127861 0.02884095 0.04038327
v 0.02539730 0.03289979 0.04204726
v 0.03215163 0.02653980 0.03943741
v 0.03333085 0.02642631 0.03939622
v 0.02133369 0.03573364 0.04316490
v 0.01956558 0.03785794 0.04403114
v 0.03506982 0.02257388 0.03783613
v 0.03732681 0.01869106 0.03625577
v 0.01701396 0.03804469 0.04408490
v 0.01336479 0.04044342 0.04505634
v 0.01246112 0.03980082 0.04479312
v 0.00261778 0.04250967 0.04589122
v 0.04119110 0.01047134 0.03295415
v 0.03914237 0.01452255 0.03458333
v 0.00767964 0.04083782 0.04525846
v 0.04056125 0.00973558 0.03265881
v 0.00294405 0.04157698 0.04551750
v 0.04146969 0.00527376 0.03084421
v 0.04245591 0.00118256 0.02919197
v -0.00144786 0.04166674 0.04555374
v 0.04185414 0.00073624 0.02900314
v -0.00813579 0.04184895 0.04562681
v -0.00584620 0.04130756 0.04540729
v -0.01066625 0.04038149 0.04502445
v 0.04158347 -0.00888634 0.02513599
v 0.04161667 -0.00428963 0.02697944
v 0.04082661 -0.00929928 0.02495861
v -0.01485067 0.03907203 0.04449969
v -0.01286697 0.04067319 0.04515331
v 0.03958845 -0.01375389 0.02316039
v -0.01891267 0.03729021 0.04378187
v 0.03829765 -0.01852226 0.02123636
v -0.02092164 0.03721046 0.04375594
v 0.03739255 -0.01871293 0.02122586
v -0.02273607 0.03489869 0.04287296
v 0.03579330 -0.02198791 0.01982498
v -0.02627182 0.03238385 0.04184454
v -0.02794545 0.03229516 0.04176586
v -0.02972793 0.02933931 0.04060059
v 0.03069496 -0.02943032 0.01682657
v 0.03304284 -0.02567386 0.01839876
v 0.03579330 -0.02198791 0.01982498
v -0.03161996 0.02870750 0.04031467
v 0.03031736 -0.02905315 0.01699012
v 0.03304284 -0.02567386 0.01839876
v 0.03069496 -0.02943032 0.01682657
v -0.03277009 0.02615118 0.03926950
v 0.02395623 -0.03520196 0.01450324
v 0.02395623 -0.03520196 0.01450324
v 0.02353000 -0.03488254 0.01462221
v 0.02749967 -0.03164094 0.01598072
v 0.02395623 -0.03520196 0.01450324
v -0.03709405 0.02123636 0.03730106
v -0.03536558 0.02231502 0.03777092
v -0.03766816 0.01850128 0.03618860
v 0.02044957 -0.03738778 0.01362693
v 0.01985836 -0.03706544 0.01375001
v -0.03949463 0.01437366 0.03452187
v 0.01604264 -0.03949499 0.01277130
v 0.01571887 -0.03899693 0.01297944
v -0.04074144 0.01301670 0.03398561
v -0.04083490 0.01003068 0.03276443
v 0.01144361 -0.04047662 0.01238244
v -0.04194056 0.00850630 0.03217011
v -0.04171830 0.00553566 0.03095126
v 0.01225090 -0.04082649 0.01222956
v 0.00629544 -0.04161882 0.01192647
v -0.04261112 0.00354767 0.03015327
v 0.00638246 -0.04212880 0.01169741
v -0.04210442 0.00051117 0.02892208
v -0.04278326 -0.00147247 0.02813911
v 0.00232756 -0.04201292 0.01176834
v 0.00162262 -0.04247421 0.01154977
v -0.04185765 -0.00403214 0.02709484
v -0.04241126 -0.00579256 0.02639389
v -0.04110479 -0.00885391 0.02515888
v -0.04139512 -0.01078987 0.02436918
v -0.03958123 -0.01435559 0.02293920
v -0.03916931 -0.01727288 0.02175515
v -0.03794139 -0.01844215 0.02126407
v -0.03775787 -0.01998513 0.02064126
v -0.03556710 -0.02280408 0.01949012
v -0.03526639 -0.02401679 0.01900577
v 0.03439027 0.01437169 0.04745119
v 0.03298342 0.01409608 0.04743999
v 0.03341364 0.01423645 0.04195052
v 0.03002923 0.02217590 0.04745107
v 0.03012889 0.02212613 0.04195046
v 0.02937448 0.02139616 0.04195052
v 0.02930760 0.02147120 0.04743808
v 0.02937448 0.02139616 0.04195052
v 0.02881926 0.02053606 0.04195052
v 0.02930760 0.02147120 0.04743808
v 0.02851915 0.02012246 0.04744082
v 0.02851915 0.02012246 0.04744082
v 0.02881926 0.02053606 0.04195052
v 0.02847868 0.01957571 0.04195052
v 0.02827358 0.01864188 0.04744362
v 0.02847868 0.01957571 0.04195052
v 0.02836132 0.01845121 0.04195052
v 0.02851915 0.02012246 0.04744082
v 0.02846950 0.01716959 0.04743677
v 0.02836132 0.01845121 0.04195052
v 0.02855008 0.01729851 0.04195046
v 0.02827358 0.01864188 0.04744362
v 0.02846950 0.01716959 0.04743677
v 0.02855008 0.01729851 0.04195046
v 0.02929866 0.01584786 0.04195046
v 0.02955830 0.01540541 0.04745733
v 0.02955830 0.01540541 0.04745733
v 0.02929866 0.01584786 0.04195046
v 0.03058105 0.01475679 0.04195046
v 0.03081941 0.01453673 0.04743957
v 0.03058105 0.01475679 0.04195046
v 0.03207635 0.01422113 0.04195052
v 0.03081941 0.01453673 0.04743957
v 0.03184288 0.01418417 0.04743617
v 0.03298342 0.01409608 0.04743999
v 0.03207635 0.01422113 0.04195052
v 0.03341364 0.01423645 0.04195052
v 0.03184288 0.01418417 0.04743617
v 0.03449398 0.01452982 0.04195046
v 0.02269220 -0.02459073 0.04728227
v 0.02228796 -0.02394556 0.04712378
v 0.02374750 -0.02565628 0.04673248
v 0.02251577 -0.02479249 0.04752737
v 0.02119553 -0.02309089 0.04763257
v 0.02269220 -0.02459073 0.04728227
v 0.02363789 -0.02525866 0.04643911
v 0.02469044 -0.02672970 0.04608392
v 0.02269220 -0.02459073 0.04728227
v 0.02119553 -0.02309089 0.04763257
v 0.02228796 -0.02394556 0.04712378
v 0.02334731 -0.02651071 0.04697173
v 0.02346372 -0.02620595 0.04702752
v 0.02419042 -0.02698796 0.04645150
v 0.02461361 -0.02775806 0.04582583
v 0.02334731 -0.02651071 0.04697173
v 0.02419042 -0.02698796 0.04645150
v 0.02419042 -0.02698796 0.04645150
v 0.02346372 -0.02620595 0.04702752
v 0.02376621 -0.02603936 0.04683828
v 0.02469044 -0.02672970 0.04608392
v 0.02450132 -0.02677506 0.04622215
v 0.02374750 -0.02565628 0.04673248
v 0.02469044 -0.02672970 0.04608392
v 0.02376621 -0.02603936 0.04683828
v 0.02210450 -0.02526164 0.04767024
v 0.02094602 -0.02409100 0.04799360
v 0.02088117 -0.02343380 0.04799586
v 0.02210450 -0.02526164 0.04767024
v 0.02233517 -0.02496057 0.04765051
v 0.02455878 -0.02711421 0.04614204
v 0.02233517 -0.02496057 0.04765051
v 0.02459639 -0.02744495 0.04600775
v 0.02461361 -0.02775806 0.04582583
v 0.02419042 -0.02698796 0.04645150
v 0.02455878 -0.02711421 0.04614204
v 0.02459639 -0.02744495 0.04600775
v 0.02419042 -0.02698796 0.04645150
v 0.02233517 -0.02496057 0.04765051
v 0.02233517 -0.02496057 0.04765051
v 0.02088117 -0.02343380 0.04799586
v 0.02251577 -0.02479249 0.04752737
v 0.02251577 -0.02479249 0.04752737
v 0.02088117 -0.02343380 0.04799586
v 0.02492105 -0.02675592 0.04605036
v 0.02633994 -0.02568644 0.04606389
v 0.02484291 -0.02710038 0.04602342
v 0.02484291 -0.02710038 0.04602342
v 0.02633994 -0.02568644 0.04606389
v 0.02473944 -0.02743786 0.04594671
v 0.02473944 -0.02743786 0.04594671
v 0.02705460 -0.02554219 0.04601711
v 0.02633994 -0.02568644 0.04606389
v 0.02705460 -0.02554219 0.04601711
v 0.02473944 -0.02743786 0.04594671
v 0.02311265 -0.02244096 0.04763180
v 0.02417820 -0.02306318 0.04779303
v 0.02428811 -0.02365517 0.04721665
v 0.02562731 -0.02498406 0.04636180
v 0.02428811 -0.02365517 0.04721665
v 0.02539062 -0.02449148 0.04694700
v 0.02634549 -0.02537339 0.04622107
v 0.02539062 -0.02449148 0.04694700
v 0.02506417 -0.02360934 0.04760420
v 0.02610969 -0.02485704 0.04675787
v 0.02610969 -0.02485704 0.04675787
v 0.02506417 -0.02360934 0.04760420
v 0.02621221 -0.02444303 0.04699790
v 0.02676659 -0.02546781 0.04613959
v 0.02634549 -0.02537339 0.04622107
v 0.02610969 -0.02485704 0.04675787
v 0.02610969 -0.02485704 0.04675787
v 0.02417820 -0.02306318 0.04779303
v 0.02415585 -0.02261400 0.04800981
v 0.02506417 -0.02360934 0.04760420
v 0.02610969 -0.02485704 0.04675787
v 0.02621221 -0.02444303 0.04699790
v 0.02705460 -0.02554219 0.04601711
v 0.02295225 -0.02174776 0.04810249
v 0.02480494 -0.02293354 0.04787981
v 0.02415585 -0.02261400 0.04800981
v 0.02333021 -0.02147293 0.04825049
v 0.02480494 -0.02293354 0.04787981
v 0.02676659 -0.02546781 0.04613959
v 0.02419000 -0.02366071 0.04677939
v 0.02311265 -0.02244096 0.04763180
v 0.02428811 -0.02365517 0.04721665
v 0.02295225 -0.02174776 0.04810249
v 0.02480494 -0.02293354 0.04787981
v 0.02621221 -0.02444303 0.04699790
v 0.02506417 -0.02360934 0.04760420
v 0.02295225 -0.02174776 0.04810249
v 0.02333021 -0.02147293 0.04825049
v 0.02415585 -0.02261400 0.04800981
v 0.02562731 -0.02498406 0.04636180
v 0.01403957 -0.01224440 0.04904109
v 0.01636004 -0.00861204 0.04935330
v 0.01749461 -0.00538534 0.04961955
v 0.01804453 -0.00208157 0.04989951
v 0.03957605 -0.00230271 0.04703712
v 0.03840845 -0.00202292 0.04830163
v 0.03945153 -0.00177020 0.04709666
v 0.03840845 -0.00202292 0.04830163
v 0.03834152 -0.00176030 0.04825037
v 0.03945153 -0.00177020 0.04709666
v 0.03992486 -0.00183958 0.04642909
v 0.03834152 -0.00176030 0.04825037
v 0.03818345 -0.00141394 0.04803460
v 0.03914541 -0.00138438 0.04699707
v 0.03945153 -0.00177020 0.04709666
v 0.03395974 -0.00220066 0.04993504
v 0.03396791 -0.00179660 0.04983896
v 0.03480148 -0.00177622 0.04978728
v 0.03533852 -0.00230497 0.04979431
v 0.03396791 -0.00179660 0.04983896
v 0.03397172 -0.00148922 0.04962658
v 0.03480148 -0.00177622 0.04978728
v 0.03554838 -0.00191361 0.04970902
v 0.03523188 -0.00146264 0.04949921
v 0.03818345 -0.00141394 0.04803460
v 0.03797596 -0.00123006 0.04780769
v 0.03914541 -0.00138438 0.04699707
v 0.03397172 -0.00148922 0.04962658
v 0.03497767 -0.00124478 0.04918134
v 0.03523188 -0.00146264 0.04949921
v 0.03953534 -0.00132287 0.04632812
v 0.03992486 -0.00183958 0.04642909
v 0.04027062 -0.00195473 0.04577124
v 0.04042840 -0.00225025 0.04538726
v 0.03992486 -0.00183958 0.04642909
v 0.03957605 -0.00230271 0.04703712
v 0.03900820 -0.00115675 0.04641920
v 0.03993469 -0.00161493 0.04616826
v 0.03554838 -0.00191361 0.04970902
v 0.04027062 -0.00195473 0.04577124
v 0.03992486 -0.00183958 0.04642909
v 0.03993469 -0.00161493 0.04616826
v 0.03721666 -0.00233901 0.04909628
v 0.03533852 -0.00230497 0.04979431
v 0.03676939 -0.00204718 0.04932087
v 0.03953534 -0.00132287 0.04632812
v 0.03533852 -0.00230497 0.04979431
v 0.03554838 -0.00191361 0.04970902
v 0.03676939 -0.00204718 0.04932087
v 0.03676939 -0.00204718 0.04932087
v 0.03684812 -0.00146931 0.04897862
v 0.03676939 -0.00204718 0.04932087
v 0.03722572 -0.00199872 0.04908865
v 0.03722572 -0.00199872 0.04908865
v 0.03684812 -0.00146931 0.04897862
v 0.03654909 -0.00122291 0.04861938
v 0.03840845 -0.00202292 0.04830163
v 0.03840845 -0.00202292 0.04830163
v 0.03722572 -0.00199872 0.04908865
v 0.03834152 -0.00176030 0.04825037
v 0.03849411 -0.00232893 0.04821491
v 0.03654909 -0.00122291 0.04861938
v 0.03900820 -0.00115675 0.04641920
v 0.03797596 -0.00123006 0.04780769
v 0.03974312 0.00015690 0.04609847
v 0.04010534 0.00045975 0.04601824
v 0.03986865 -0.00100887 0.04602164
v 0.03971469 -0.00110322 0.04607635
v 0.04015517 -0.00141609 0.04587709
v 0.04010534 0.00045975 0.04601824
v 0.04044795 0.00081369 0.04578369
v 0.04032379 -0.00180685 0.04566675
v 0.04015517 -0.00141609 0.04587709
v 0.04010534 0.00045975 0.04601824
v 0.04032379 -0.00180685 0.04566675
v 0.04038810 -0.00202805 0.04553306
v 0.04032379 -0.00180685 0.04566675
v 0.04044795 0.00081369 0.04578369
v 0.03921175 0.00065981 0.04767513
v 0.03988647 0.00087309 0.04698652
v 0.03983151 0.00053999 0.04648375
v 0.04009121 0.00065745 0.04627364
v 0.03988647 0.00087309 0.04698652
v 0.03938382 0.00085336 0.04768085
v 0.03988647 0.00087309 0.04698652
v 0.04009121 0.00065745 0.04627364
v 0.04040533 0.00092262 0.04597187
v 0.03571236 0.00046512 0.04951804
v 0.03446727 0.00071311 0.04997199
v 0.03591549 0.00072289 0.04980719
v 0.03591549 0.00072289 0.04980719
v 0.03446727 0.00071311 0.04997199
v 0.03593254 0.00100148 0.04998898
v 0.03465527 0.00118995 0.05022752
v 0.03593254 0.00100148 0.04998898
v 0.04040533 0.00092262 0.04597187
v 0.03576427 0.00039518 0.04909354
v 0.03571236 0.00046512 0.04951804
v 0.03719753 0.00050473 0.04905927
v 0.03801363 0.00040351 0.04822593
v 0.03719753 0.00050473 0.04905927
v 0.03732824 0.00085750 0.04940384
v 0.03591549 0.00072289 0.04980719
v 0.03593254 0.00100148 0.04998898
v 0.03732824 0.00085750 0.04940384
v 0.03732824 0.00085750 0.04940384
v 0.03593254 0.00100148 0.04998898
v 0.03731876 0.00118273 0.04953861
v 0.03603005 0.00121450 0.05003184
v 0.03801363 0.00040351 0.04822593
v 0.03719753 0.00050473 0.04905927
v 0.03829479 0.00055349 0.04842203
v 0.03829479 0.00055349 0.04842203
v 0.03844738 0.00089213 0.04868572
v 0.03732824 0.00085750 0.04940384
v 0.03844738 0.00089213 0.04868572
v 0.03936249 0.00035708 0.04646474
v 0.03907990 0.00044191 0.04735231
v 0.03907990 0.00044191 0.04735231
v 0.03907990 0.00044191 0.04735231
v 0.03829479 0.00055349 0.04842203
v 0.03938382 0.00085336 0.04768085
v 0.03844738 0.00089213 0.04868572
v 0.03936249 0.00035708 0.04646474
v 0.03907990 0.00044191 0.04735231
v 0.03983151 0.00053999 0.04648375
v 0.03071290 0.01171481 0.05111640
v 0.02774095 0.01317453 0.05125921
v 0.01813876 0.00114936 0.05020380
v 0.01771372 0.00375062 0.05042940
v 0.01583999 0.00851363 0.05083113
v 0.02591794 0.01642608 0.05153048
v 0.02547085 0.01909351 0.05178576
v 0.02081096 0.02172970 0.05200380
v 0.02630889 0.02176994 0.05197817
v 0.03619807 0.01234465 0.05045366
v 0.03550046 0.01194787 0.05081391
v 0.03498125 0.01206552 0.05085760
v 0.03472530 0.01165491 0.05102890
v 0.03385227 0.01159989 0.05106979
v 0.03498125 0.01206552 0.05085760
v 0.03378897 0.01202833 0.05080968
v 0.03581643 0.01271033 0.05022883
v 0.03528195 0.01236033 0.05060428
v 0.03498125 0.01206552 0.05085760
v 0.03378897 0.01202833 0.05080968
v 0.03528195 0.01236033 0.05060428
v 0.03619807 0.01234465 0.05045366
v 0.03643220 0.01195955 0.05046147
v 0.03550672 0.01162242 0.05087333
v 0.03581643 0.01271033 0.05022883
v 0.03550046 0.01194787 0.05081391
v 0.03378897 0.01202833 0.05080968
v 0.03470426 0.01248675 0.05025345
v 0.03581643 0.01271033 0.05022883
v 0.03385227 0.01159989 0.05106979
v 0.03692775 0.01351076 0.04876267
v 0.03550046 0.01194787 0.05081391
v 0.03376793 0.01226615 0.05039125
v 0.03814804 0.01415467 0.04758143
v 0.03806620 0.01496851 0.04681640
v 0.03767997 0.01415556 0.04793143
v 0.03712064 0.01385682 0.04821991
v 0.03714096 0.01433330 0.04775881
v 0.03775590 0.01263898 0.04920285
v 0.03747272 0.01252251 0.04957360
v 0.03810387 0.01289618 0.04865139
v 0.03786134 0.01501613 0.04712778
v 0.03783226 0.01324558 0.04879379
v 0.03747272 0.01252251 0.04957360
v 0.03720396 0.01294034 0.04956150
v 0.03816264 0.01328289 0.04832673
v 0.03814804 0.01415467 0.04758143
v 0.03767997 0.01415556 0.04793143
v 0.03767997 0.01415556 0.04793143
v 0.03714096 0.01433330 0.04775881
v 0.03747344 0.01454466 0.04765647
v 0.03749907 0.01496493 0.04743373
v 0.03767997 0.01415556 0.04793143
v 0.03747344 0.01454466 0.04765647
v 0.03720396 0.01294034 0.04956150
v 0.03723335 0.01319265 0.04927444
v 0.03783226 0.01324558 0.04879379
v 0.03749907 0.01496493 0.04743373
v 0.03705841 0.01483917 0.04752284
v 0.03790324 0.01348584 0.04847717
v 0.03790324 0.01348584 0.04847717
v 0.03814804 0.01415467 0.04758143
v 0.03784173 0.01387828 0.04813003
v 0.03814804 0.01415467 0.04758143
v 0.03723335 0.01319265 0.04927444
v 0.03722119 0.01356881 0.04871559
v 0.03784173 0.01387828 0.04813003
v 0.03722119 0.01356881 0.04871559
v 0.03712064 0.01385682 0.04821991
v 0.03767997 0.01415556 0.04793143
v 0.03722119 0.01356881 0.04871559
v 0.03767997 0.01415556 0.04793143
v 0.00311786 -0.04058438 0.03845620
v 0.00286412 -0.04085302 0.03651839
v 0.00291073 -0.04071241 0.03815042
v 0.00318289 -0.04028058 0.03972786
v 0.00311786 -0.04058438 0.03845620
v 0.00291073 -0.04071241 0.03815042
v 0.00318289 -0.04028058 0.03972786
v 0.00335294 -0.04015803 0.03987455
v 0.00311786 -0.04058438 0.03845620
v 0.00335294 -0.04015803 0.03987455
v 0.00349945 -0.03944987 0.04163819
v 0.00367254 -0.03936010 0.04157543
v 0.00335294 -0.04015803 0.03987455
v 0.00318289 -0.04028058 0.03972786
v 0.00349945 -0.03944987 0.04163819
v 0.00552368 -0.03919160 0.04150891
v 0.00593561 -0.03897285 0.04180330
v 0.00621367 -0.03858321 0.04228156
v 0.00557107 -0.03868275 0.04208624
v 0.00529790 -0.03895395 0.04186272
v 0.00499636 -0.03862428 0.04203456
v 0.00621367 -0.03858321 0.04228156
v 0.00557107 -0.03868275 0.04208624
v 0.00499636 -0.03862428 0.04203456
v 0.00542271 -0.03832924 0.04218357
v 0.00596350 -0.03819251 0.04248881
v 0.00698638 -0.03807538 0.04293435
v 0.00649828 -0.03782027 0.04307270
v 0.00557107 -0.03868275 0.04208624
v 0.00542271 -0.03832924 0.04218357
v 0.00596350 -0.03819251 0.04248881
v 0.00649828 -0.03782027 0.04307270
v 0.00621367 -0.03858321 0.04228156
v 0.00596350 -0.03819251 0.04248881
v 0.00596350 -0.03819251 0.04248881
v 0.00649828 -0.03782027 0.04307270
v 0.00596350 -0.03819251 0.04248881
v 0.00612199 -0.03779345 0.04277503
v 0.00580502 -0.03782892 0.04246181
v 0.00686896 -0.03690999 0.04422515
v 0.00684243 -0.03743541 0.04362952
v 0.00611657 -0.03712135 0.04308348
v 0.00649828 -0.03782027 0.04307270
v 0.00612199 -0.03779345 0.04277503
v 0.00619012 -0.03684502 0.04358571
v 0.00655675 -0.03733694 0.04357677
v 0.00619012 -0.03684502 0.04358571
v 0.00612199 -0.03779345 0.04277503
v 0.00611657 -0.03712135 0.04308348
v 0.03716528 0.01538777 0.04742616
v 0.03716117 0.01593291 0.04736554
v 0.03786134 0.01501613 0.04712778
v 0.03716117 0.01593291 0.04736554
v 0.03758960 0.01619350 0.04672664
v 0.03806620 0.01496851 0.04681640
v 0.03716117 0.01593291 0.04736554
v 0.03081941 0.01453673 0.04743957
v 0.02877199 0.01529443 0.04748970
v 0.02955830 0.01540541 0.04745733
v 0.02846950 0.01716959 0.04743677
v 0.02770161 0.01941770 0.04748302
v 0.02827358 0.01864188 0.04744362
v 0.03381639 0.01358598 0.04747790
v 0.03298342 0.01409608 0.04743999
v 0.03439027 0.01437169 0.04745119
v 0.03716528 0.01538777 0.04742616
v 0.03716117 0.01593291 0.04736554
v 0.03002923 0.02217590 0.04745107
v 0.02930760 0.02147120 0.04743808
v 0.02865433 0.02163308 0.04747670
v 0.03216481 0.02423566 0.04744088
v 0.03260833 0.02369475 0.04742282
v 0.03216481 0.02423566 0.04744088
v 0.03242564 0.02453804 0.04726052
v 0.03260833 0.02369475 0.04742282
v 0.03306603 0.02395230 0.04708302
v 0.03242564 0.02453804 0.04726052
v 0.03259807 0.02467924 0.04700797
v 0.03306603 0.02395230 0.04708302
v 0.03306603 0.02395230 0.04708302
v 0.02865433 0.02163308 0.04747670
v 0.02904552 0.02294719 0.04776483
v 0.03156799 0.02497637 0.04791325
v 0.02904552 0.02294719 0.04776483
v 0.02870517 0.02319383 0.04822558
v 0.03126513 0.02519178 0.04844439
v 0.02870517 0.02319383 0.04822558
v 0.02855455 0.02330327 0.04865592
v 0.03126513 0.02519178 0.04844439
v 0.03113764 0.02520757 0.04897290
v 0.02855455 0.02330327 0.04865592
v 0.02878773 0.02354770 0.04898273
v 0.03126513 0.02519178 0.04844439
v 0.02717000 0.02582406 0.05235177
v 0.02704489 0.02560323 0.05222916
v 0.02685528 0.02586579 0.05221390
v 0.02704489 0.02560323 0.05222916
v 0.02687209 0.02554816 0.05195897
v 0.02677565 0.02574872 0.05195343
v 0.02681726 0.02632611 0.05241274
v 0.02717000 0.02582406 0.05235177
v 0.02653282 0.02612662 0.05226635
v 0.02704489 0.02560323 0.05222916
v 0.02677565 0.02574872 0.05195343
v 0.02685528 0.02586579 0.05221390
v 0.02717000 0.02582406 0.05235177
v 0.02685528 0.02586579 0.05221390
v 0.02653282 0.02612662 0.05226635
v 0.02652949 0.02595913 0.05200898
v 0.02653282 0.02612662 0.05226635
v 0.02685528 0.02586579 0.05221390
v 0.02677565 0.02574872 0.05195343
v 0.02436876 0.02564692 0.05234426
v 0.02436500 0.02469360 0.05224823
v 0.02185881 0.02470076 0.05226469
v 0.02511507 0.02635592 0.05240601
v 0.02485960 0.02611887 0.05234569
v 0.02485960 0.02611887 0.05234569
v 0.02393805 0.03236144 0.05065929
v 0.02353310 0.03176343 0.05124288
v 0.02362531 0.03106945 0.05230391
v 0.02319544 0.03033190 0.05230361
v 0.02322536 0.03083765 0.05192142
v 0.02448296 0.03142428 0.05224156
v 0.02410209 0.03145456 0.05222654
v 0.02450597 0.03189700 0.05185073
v 0.02489566 0.03175425 0.05180335
v 0.02448296 0.03142428 0.05224156
v 0.02450597 0.03189700 0.05185073
v 0.02410209 0.03145456 0.05222654
v 0.02362531 0.03106945 0.05230391
v 0.02413254 0.03190398 0.05183237
v 0.02511632 0.03223526 0.05085158
v 0.02508360 0.03201478 0.05132198
v 0.02489566 0.03175425 0.05180335
v 0.02508360 0.03201478 0.05132198
v 0.02483350 0.03156393 0.05198693
v 0.02489566 0.03175425 0.05180335
v 0.02413254 0.03190398 0.05183237
v 0.02374017 0.03008788 0.05270534
v 0.02489566 0.03175425 0.05180335
v 0.02463114 0.03231775 0.05125492
v 0.02511632 0.03223526 0.05085158
v 0.02463114 0.03231775 0.05125492
v 0.02450597 0.03189700 0.05185073
v 0.02413254 0.03190398 0.05183237
v 0.02489566 0.03175425 0.05180335
v 0.02450597 0.03189700 0.05185073
v 0.02463114 0.03231775 0.05125492
v 0.02359020 0.03161430 0.05168533
v 0.02359020 0.03161430 0.05168533
v 0.02429342 0.03051012 0.05264002
v 0.02397441 0.03214102 0.05135548
v 0.02390724 0.03077095 0.05256527
v 0.02390724 0.03077095 0.05256527
v 0.02374017 0.03008788 0.05270534
v 0.02346432 0.03023058 0.05257159
v 0.02511632 0.03223526 0.05085158
v 0.02463114 0.03231775 0.05125492
v 0.02476233 0.03251349 0.05059152
v 0.02346432 0.03023058 0.05257159
v 0.02319544 0.03033190 0.05230361
v 0.02362531 0.03106945 0.05230391
v 0.02424788 0.03105586 0.05246818
v 0.02424788 0.03105586 0.05246818
v 0.02362531 0.03106945 0.05230391
v 0.02511340 0.03238880 0.05022066
v 0.02359020 0.03161430 0.05168533
v 0.02322536 0.03083765 0.05192142
v 0.02353310 0.03176343 0.05124288
v 0.02468991 0.03127282 0.05223417
v 0.02483350 0.03156393 0.05198693
v 0.02463114 0.03231775 0.05125492
v 0.02413254 0.03190398 0.05183237
v 0.02397441 0.03214102 0.05135548
v 0.02424788 0.03105586 0.05246818
v 0.02390724 0.03077095 0.05256527
v 0.02359020 0.03161430 0.05168533
v 0.02397441 0.03214102 0.05135548
v 0.02362531 0.03106945 0.05230391
v 0.02476233 0.03251349 0.05059152
v 0.02463114 0.03231775 0.05125492
v 0.02434617 0.03249239 0.05075478
v 0.02434617 0.03249239 0.05075478
v 0.02434617 0.03249239 0.05075478
v 0.02397441 0.03214102 0.05135548
v 0.02393805 0.03236144 0.05065929
v 0.02434617 0.03249239 0.05075478
v 0.02405923 0.03250014 0.05019742
v 0.03120017 0.02618867 0.04992723
v 0.03131347 0.02586776 0.04971879
v 0.03120017 0.02618867 0.04992723
v 0.03115105 0.02540796 0.04999560
v 0.03131347 0.02586776 0.04971879
v 0.03131347 0.02586776 0.04971879
v 0.03109586 0.02573794 0.05035942
v 0.03120017 0.02618867 0.04992723
v 0.03115105 0.02540796 0.04999560
v 0.03082478 0.02583998 0.05084961
v 0.03109586 0.02573794 0.05035942
v 0.03131347 0.02586776 0.04971879
v 0.03115105 0.02540796 0.04999560
v 0.03066378 0.02523791 0.05102747
v 0.03034806 0.02550292 0.05144691
v 0.03082478 0.02583998 0.05084961
v 0.03109586 0.02573794 0.05035942
v 0.03066378 0.02523791 0.05102747
v 0.03038305 0.02472466 0.05088794
v 0.03066378 0.02523791 0.05102747
v 0.03115105 0.02540796 0.04999560
v 0.03038305 0.02472466 0.05088794
v 0.03034806 0.02550292 0.05144691
v 0.02984684 0.02550745 0.05180352
v 0.03020286 0.02597671 0.05139964
v 0.02974385 0.02511751 0.05191147
v 0.03020286 0.02597671 0.05139964
v 0.03034806 0.02550292 0.05144691
v 0.02974385 0.02511751 0.05191147
v 0.03029370 0.02475076 0.05116844
v 0.02974385 0.02511751 0.05191147
v 0.03005957 0.02491515 0.05162167
v 0.03066378 0.02523791 0.05102747
v 0.03029370 0.02475076 0.05116844
v 0.03005957 0.02491515 0.05162167
v 0.02974385 0.02511751 0.05191147
v 0.02884721 0.02426040 0.05213481
v 0.02950406 0.02427369 0.05169332
v 0.02949529 0.02456575 0.05192828
v 0.02949529 0.02456575 0.05192828
v 0.02974385 0.02511751 0.05191147
v 0.02950406 0.02427369 0.05169332
v 0.02884721 0.02426040 0.05213481
v 0.02949529 0.02456575 0.05192828
v 0.02949529 0.02456575 0.05192828
v 0.02950406 0.02427369 0.05169332
v 0.03029370 0.02475076 0.05116844
v 0.03038305 0.02472466 0.05088794
v 0.02895998 0.02378070 0.05158174
v 0.02858787 0.02435749 0.05223315
v 0.02747786 0.02350860 0.05218178
v 0.02717000 0.02582406 0.05235177
v 0.02858787 0.02435749 0.05223315
v 0.02373111 0.03278183 0.04608047
v 0.02359604 0.03272581 0.04610729
v 0.02341437 0.03285104 0.04604864
v 0.02384930 0.03265327 0.04628038
v 0.02382469 0.03253608 0.04649704
v 0.02359604 0.03272581 0.04610729
v 0.02366435 0.03302854 0.04596358
v 0.02384930 0.03265327 0.04628038
v 0.02359604 0.03272581 0.04610729
v 0.02373111 0.03278183 0.04608047
v 0.02404743 0.03290617 0.04593741
v 0.02373111 0.03278183 0.04608047
v 0.02366435 0.03302854 0.04596358
v 0.02412384 0.03271979 0.04639720
v 0.02382469 0.03253608 0.04649704
v 0.02384930 0.03265327 0.04628038
v 0.02430218 0.03280109 0.04612123
v 0.02384930 0.03265327 0.04628038
v 0.02429419 0.03303092 0.04567199
v 0.02404743 0.03290617 0.04593741
v 0.02366435 0.03302854 0.04596358
v 0.02404743 0.03290617 0.04593741
v 0.02447354 0.03289228 0.04573756
v 0.02430218 0.03280109 0.04612123
v 0.02404743 0.03290617 0.04593741
v 0.02447354 0.03289228 0.04573756
v 0.02447354 0.03289228 0.04573756
v 0.02430218 0.03280109 0.04612123
v 0.02322536 0.03083765 0.05192142
v 0.02137142 0.02574622 0.05160540
v 0.02127802 0.02585232 0.04645150
v 0.02359604 0.03272581 0.04610729
v 0.02340823 0.03217524 0.04621469
v 0.02341437 0.03285104 0.04604864
v 0.02382469 0.03253608 0.04649704
v 0.02365571 0.03232949 0.04654985
v 0.02340823 0.03217524 0.04621469
v 0.02382469 0.03253608 0.04649704
v 0.02340823 0.03217524 0.04621469
v 0.02359604 0.03272581 0.04610729
v 0.02208513 0.03469777 0.04548990
v 0.02231562 0.03424620 0.04581630
v 0.02209800 0.03456312 0.04574376
v 0.02209800 0.03456312 0.04574376
v 0.02207922 0.03451317 0.04594260
v 0.02186912 0.03490120 0.04542887
v 0.02218812 0.03401315 0.04610097
v 0.02211308 0.03401738 0.04629570
v 0.02207922 0.03451317 0.04594260
v 0.02232110 0.03372824 0.04604637
v 0.02218812 0.03401315 0.04610097
v 0.02231562 0.03424620 0.04581630
v 0.02208513 0.03469777 0.04548990
v 0.02208513 0.03469777 0.04548990
v 0.02209800 0.03456312 0.04574376
v 0.02218812 0.03401315 0.04610097
v 0.02207922 0.03451317 0.04594260
v 0.02231562 0.03424620 0.04581630
v 0.02218812 0.03401315 0.04610097
v 0.02209800 0.03456312 0.04574376
v 0.02179640 0.03343904 0.05180209
v 0.02193224 0.03390228 0.05136770
v 0.02197921 0.03388863 0.05071991
v 0.02149373 0.03262752 0.05215424
v 0.02211308 0.03401738 0.04629570
v 0.01933884 0.02634531 0.04626160
v 0.01845055 0.02390599 0.04631429
v 0.01292639 0.00893283 0.05007606
v 0.01302719 0.00899559 0.04635047
v 0.02089112 0.03347104 0.05283361
v 0.02119517 0.03287476 0.05276262
v 0.02066493 0.03281188 0.05298209
v 0.02136397 0.03364253 0.05255830
v 0.02153933 0.03341937 0.05238586
v 0.02119517 0.03287476 0.05276262
v 0.02153933 0.03341937 0.05238586
v 0.02174526 0.03389209 0.05197709
v 0.02146440 0.03282660 0.05243682
v 0.02146440 0.03282660 0.05243682
v 0.02183014 0.03436499 0.05141389
v 0.02165889 0.03469729 0.05122089
v 0.02139490 0.03473299 0.05159378
v 0.02165889 0.03469729 0.05122089
v 0.02154546 0.03437393 0.05194187
v 0.02146440 0.03282660 0.05243682
v 0.02179640 0.03343904 0.05180209
v 0.02149373 0.03262752 0.05215424
v 0.02183014 0.03436499 0.05141389
v 0.02183014 0.03436499 0.05141389
v 0.02193224 0.03390228 0.05136770
v 0.02111792 0.03406226 0.05250197
v 0.02138996 0.03429597 0.05214691
v 0.02136397 0.03364253 0.05255830
v 0.02174526 0.03389209 0.05197709
v 0.02154546 0.03437393 0.05194187
v 0.02183014 0.03436499 0.05141389
v 0.02174526 0.03389209 0.05197709
v 0.02156186 0.03389072 0.05224037
v 0.02154546 0.03437393 0.05194187
v 0.02156186 0.03389072 0.05224037
v 0.02136397 0.03364253 0.05255830
v 0.02193224 0.03390228 0.05136770
v 0.02179640 0.03343904 0.05180209
v 0.02156186 0.03389072 0.05224037
v 0.02174526 0.03389209 0.05197709
v 0.02136397 0.03364253 0.05255830
v 0.02153933 0.03341937 0.05238586
v 0.02136397 0.03364253 0.05255830
v 0.04409760 -0.00546449 0.02664572
v 0.04333639 -0.01049607 0.02450275
v 0.04320544 -0.01053398 0.02463632
v 0.04432868 -0.00543690 0.02650851
v 0.04333639 -0.01049607 0.02450275
v 0.04409760 -0.00546449 0.02664572
v -0.03864192 -0.02271807 0.01968860
v -0.04086440 -0.01861470 0.02121537
v -0.04074245 -0.01860642 0.02139151
v -0.01387906 -0.04280000 0.01146358
v -0.01812165 -0.04125493 0.01205056
v -0.01798695 -0.04119515 0.01218068
v 0.04442995 -0.00263214 0.02769082
v -0.03869193 -0.02281475 0.01952195
v 0.02283608 -0.03854578 0.01323986
v 0.01857084 -0.04089975 0.01219892
v 0.01840913 -0.04087871 0.01230561
v -0.01387906 -0.04280000 0.01146358
v 0.02283757 -0.03863048 0.01312685
v -0.01269567 -0.04308903 0.01151305
v 0.04442995 -0.00263214 0.02769082
v 0.04409760 -0.00546449 0.02664572
v 0.04431617 -0.00247049 0.02795141
v -0.03603112 -0.02670812 0.01809018
v -0.00956607 -0.04394721 0.01100951
v -0.01269567 -0.04308903 0.01151305
v -0.00825268 -0.04414850 0.01108187
v -0.00956607 -0.04394721 0.01100951
v -0.01387906 -0.04280000 0.01146358
v -0.01269567 -0.04308903 0.01151305
v -0.00895882 -0.04414767 0.01088631
v -0.01387906 -0.04280000 0.01146358
v -0.00956607 -0.04394721 0.01100951
v -0.03610652 -0.02679198 0.01790690
v -0.00507522 -0.04467242 0.01073396
v -0.00956607 -0.04394721 0.01100951
v -0.00825268 -0.04414850 0.01108187
v -0.04459810 -0.00209421 0.02814245
v -0.04462122 0.00050005 0.02921664
v -0.04443156 -0.00465745 0.02705121
v 0.02684712 -0.03581386 0.01432651
v -0.04459810 -0.00209421 0.02814245
v -0.04477912 0.00068283 0.02902215
v -0.04462122 0.00050005 0.02921664
v -0.04474902 -0.00193787 0.02796936
v 0.02701401 -0.03588855 0.01421773
v 0.02283757 -0.03863048 0.01312685
v 0.02684712 -0.03581386 0.01432651
v 0.04434967 0.00046908 0.02918267
v 0.04441070 0.00052767 0.02905118
v 0.04442995 -0.00263214 0.02769082
v 0.04434967 0.00046908 0.02918267
v 0.04457312 0.00014877 0.02877807
v 0.04442995 -0.00263214 0.02769082
v 0.04441070 0.00052767 0.02905118
v -0.00507522 -0.04467242 0.01073396
v -0.00895882 -0.04414767 0.01088631
v -0.00956607 -0.04394721 0.01100951
v -0.00456667 -0.04480445 0.01061958
v -0.00895882 -0.04414767 0.01088631
v -0.00507522 -0.04467242 0.01073396
v 0.03081226 -0.03254938 0.01557779
v 0.02684712 -0.03581386 0.01432651
v 0.03069937 -0.03250283 0.01571196
v -0.04443156 -0.00465745 0.02705121
v -0.03322279 -0.03030312 0.01649284
v -0.03309684 -0.03029096 0.01668524
v -0.04459899 -0.00472063 0.02682304
v 0.03081226 -0.03254938 0.01557779
v -0.00049713 -0.04496169 0.01058548
v -0.00507522 -0.04467242 0.01073396
v -0.00010493 -0.04489862 0.01076018
v -0.00049713 -0.04496169 0.01058548
v -0.00456667 -0.04480445 0.01061958
v -0.00507522 -0.04467242 0.01073396
v -0.00078821 -0.04508233 0.01050013
v -0.00456667 -0.04480445 0.01061958
v -0.00049713 -0.04496169 0.01058548
v 0.03422415 -0.02883613 0.01708257
v 0.03411346 -0.02881544 0.01722973
v -0.02972364 -0.03370159 0.01518326
v -0.02971142 -0.03365105 0.01534217
v -0.02985090 -0.03369420 0.01511383
v -0.03322279 -0.03030312 0.01649284
v -0.02972364 -0.03370159 0.01518326
v -0.04367429 -0.00979519 0.02484256
v 0.03734678 -0.02461624 0.01877975
v 0.03720414 -0.02460420 0.01895749
v 0.00441694 -0.04469633 0.01074880
v -0.00049713 -0.04496169 0.01058548
v -0.00010493 -0.04489862 0.01076018
v 0.00455046 -0.04471421 0.01067996
v 0.00455046 -0.04471421 0.01067996
v 0.03981399 -0.02025789 0.02054882
v 0.03971451 -0.02022552 0.02072465
v 0.00929034 -0.04391866 0.01105952
v -0.02624726 -0.03647351 0.01407986
v 0.00952291 -0.04394870 0.01097393
v -0.02625465 -0.03655672 0.01395934
v -0.02624726 -0.03647351 0.01407986
v -0.04260063 -0.01425552 0.02296257
v -0.04367429 -0.00979519 0.02484256
v -0.04241275 -0.01433771 0.02307093
v 0.04172652 -0.01551938 0.02261906
v 0.04188871 -0.01543229 0.02249956
v -0.02243471 -0.03898930 0.01298731
v -0.02195036 -0.03918325 0.01310145
v 0.01370853 -0.04271930 0.01157522
v 0.01372385 -0.04277992 0.01144760
v 0.00952291 -0.04394870 0.01097393
v 0.01370853 -0.04271930 0.01157522
v -0.04241275 -0.01433771 0.02307093
v -0.04086440 -0.01861470 0.02121537
v -0.01798695 -0.04119515 0.01218068
v -0.02243471 -0.03898930 0.01298731
v -0.02195036 -0.03918325 0.01310145
v -0.02243471 -0.03898930 0.01298731
v -0.04455965 0.00496292 0.03073501
v -0.04431366 0.00550413 0.03110313
v -0.04451531 0.00322533 0.03023833
v -0.04455965 0.00496292 0.03073501
v -0.04451531 0.00322533 0.03023833
v 0.02166557 0.03870642 0.04461777
v 0.02561116 0.03640699 0.04347956
v 0.02552652 0.03625410 0.04364305
v -0.02353852 0.03799861 0.04409998
v -0.01924508 0.04018676 0.04510462
v -0.02348804 0.03779876 0.04424643
v -0.02353852 0.03799861 0.04409998
v -0.01919937 0.04045099 0.04506295
v -0.01924508 0.04018676 0.04510462
v 0.02188587 0.03881734 0.04443669
v -0.02353852 0.03799861 0.04409998
v -0.02777004 0.03516095 0.04292672
v 0.02188587 0.03881734 0.04443669
v 0.02403545 0.03804159 0.04409122
v 0.02561116 0.03640699 0.04347956
v -0.02747195 0.03516572 0.04303193
v -0.02348804 0.03779876 0.04424643
v -0.02751922 0.03496778 0.04316622
v -0.02747195 0.03516572 0.04303193
v 0.01772302 0.04079157 0.04531061
v 0.02166557 0.03870642 0.04461777
v 0.01762551 0.04070240 0.04546034
v 0.01772302 0.04079157 0.04531061
v -0.02777004 0.03516095 0.04292672
v -0.02353852 0.03799861 0.04409998
v -0.02747195 0.03516572 0.04303193
v 0.01766777 0.04102700 0.04529660
v 0.02188587 0.03881734 0.04443669
v 0.01772302 0.04079157 0.04531061
v 0.01766777 0.04102700 0.04529660
v 0.04407942 0.00517607 0.03096979
v 0.04403769 0.00507057 0.03110355
v 0.04421144 0.00525778 0.03085863
v 0.04407942 0.00517607 0.03096979
v -0.03113770 0.03188085 0.04179990
v 0.01339459 0.04230850 0.04606336
v -0.03132152 0.03199768 0.04165506
v -0.02747195 0.03516572 0.04303193
v -0.03113770 0.03188085 0.04179990
v 0.01341915 0.04251641 0.04593318
v 0.01772302 0.04079157 0.04531061
v 0.01339459 0.04230850 0.04606336
v -0.03132152 0.03199768 0.04165506
v 0.01341915 0.04251641 0.04593318
v 0.04326003 0.00976849 0.03286743
v 0.01140213 0.04338932 0.04623508
v 0.01341915 0.04251641 0.04593318
v 0.00901747 0.04367703 0.04639929
v 0.01140213 0.04338932 0.04623508
v 0.04340189 0.00991058 0.03274202
v 0.04326003 0.00976849 0.03286743
v 0.00899744 0.04346662 0.04655480
v 0.01339459 0.04230850 0.04606336
v 0.00887746 0.04345268 0.04670244
v 0.00894547 0.04355019 0.04647749
v 0.01339459 0.04230850 0.04606336
v 0.00899744 0.04346662 0.04655480
v 0.00894547 0.04355019 0.04647749
v -0.03459399 0.02826309 0.04022353
v -0.03113770 0.03188085 0.04179990
v -0.03449547 0.02819633 0.04036694
v 0.00901747 0.04367703 0.04639929
v -0.03459399 0.02826309 0.04022353
v -0.03470993 0.02836030 0.04017162
v -0.03132152 0.03199768 0.04165506
v -0.03459399 0.02826309 0.04022353
v 0.04200273 0.01425862 0.03465467
v 0.00447744 0.04417753 0.04682916
v 0.04218810 0.01441186 0.03454351
v 0.00447744 0.04417753 0.04682916
v 0.00447744 0.04417753 0.04682916
v 0.00453955 0.04439395 0.04667979
v -0.03765106 0.02403920 0.03851795
v -0.03449547 0.02819633 0.04036694
v -0.03746044 0.02410554 0.03877836
v -0.03765106 0.02403920 0.03851795
v 0.00453955 0.04439395 0.04667979
v 0.00451660 0.04459303 0.04672437
v 0.00901747 0.04367703 0.04639929
v -0.03765106 0.02403920 0.03851795
v 0.04035568 0.01881504 0.03633874
v 0.04200273 0.01425862 0.03465467
v 0.04025173 0.01860189 0.03646677
v -0.03788274 0.02414023 0.03847044
v -0.03470993 0.02836030 0.04017162
v -0.03765106 0.02403920 0.03851795
v -0.03985977 0.01999706 0.03701412
v 0.04035568 0.01881504 0.03633874
v -0.00047700 0.04443389 0.04689651
v -0.00057337 0.04466551 0.04678177
v 0.03812694 0.02280324 0.03803485
v 0.04025173 0.01860189 0.03646677
v 0.03805106 0.02272534 0.03818839
v -0.04004901 0.02006810 0.03683233
v -0.03765106 0.02403920 0.03851795
v -0.03985977 0.01999706 0.03701412
v 0.03812694 0.02280324 0.03803485
v -0.00057337 0.04466551 0.04678177
v 0.03828805 0.02292633 0.03797531
v 0.04035568 0.01881504 0.03633874
v 0.03812694 0.02280324 0.03803485
v -0.04004901 0.02006810 0.03683233
v -0.00539452 0.04412710 0.04674613
v 0.03548574 0.02658838 0.03967809
v -0.00559807 0.04432433 0.04664355
v 0.03551858 0.02692222 0.03960078
v 0.03812694 0.02280324 0.03803485
v 0.03548574 0.02658838 0.03967809
v -0.04189890 0.01533120 0.03507035
v 0.03551858 0.02692222 0.03960078
v -0.04207992 0.01548767 0.03497791
v -0.04004901 0.02006810 0.03683233
v -0.04189890 0.01533120 0.03507035
v 0.03551858 0.02692222 0.03960078
v -0.01018756 0.04328185 0.04643499
v -0.01009076 0.04354143 0.04632622
v 0.03259342 0.03011608 0.04106128
v 0.03548574 0.02658838 0.03967809
v 0.03244107 0.03018623 0.04130530
v 0.03259342 0.03011608 0.04106128
v 0.03263092 0.03038597 0.04100275
v -0.04356670 0.01024055 0.03289026
v -0.04189890 0.01533120 0.03507035
v -0.04338443 0.01041579 0.03313905
v -0.04356670 0.01024055 0.03289026
v 0.02921271 0.03340595 0.04240107
v -0.01454830 0.04205566 0.04591035
v -0.01441526 0.04232645 0.04583883
v 0.02944183 0.03350067 0.04226112
v 0.02921271 0.03340595 0.04240107
v -0.01924508 0.04018676 0.04510462
v -0.01454830 0.04205566 0.04591035
v -0.01898437 0.04018741 0.04537391
v -0.01924508 0.04018676 0.04510462
v 0.02921271 0.03340595 0.04240107
v -0.01441526 0.04232645 0.04583883
v 0.02561116 0.03640699 0.04347956
v -0.01924508 0.04018676 0.04510462
v -0.01898437 0.04018741 0.04537391
v -0.02348804 0.03779876 0.04424643
v 0.02944183 0.03350067 0.04226112
v 0.00095180 -0.03296899 0.04216998
v 0.00102699 -0.03278446 0.04228979
v 0.00087646 -0.03319084 0.04210340
v 0.00078211 -0.03279644 0.04191499
v 0.00079875 -0.03290843 0.04206609
v 0.00053898 -0.03314590 0.04187864
v 0.00079875 -0.03290843 0.04206609
v 0.00095180 -0.03296899 0.04216998
v 0.00053898 -0.03314590 0.04187864
v 0.00087646 -0.03319084 0.04210340
v 0.00005079 -0.03348022 0.04196256
v 0.00023688 -0.03334760 0.04181998
v 0.00053898 -0.03314590 0.04187864
v 0.00053898 -0.03314590 0.04187864
v 0.00087646 -0.03319084 0.04210340
v 0.00055057 -0.03346401 0.04205459
v 0.00005079 -0.03348022 0.04196256
v 0.00053898 -0.03314590 0.04187864
v 0.00055057 -0.03346401 0.04205459
v 0.00079188 -0.03195798 0.04328817
v 0.00095452 -0.03206771 0.04327231
v 0.00099932 -0.03234207 0.04265964
v 0.00089441 -0.03226959 0.04263651
v 0.00090655 -0.03253167 0.04234713
v 0.00089441 -0.03226959 0.04263651
v 0.00102699 -0.03278446 0.04228979
v 0.00089441 -0.03226959 0.04263651
v 0.00099932 -0.03234207 0.04265964
v 0.00102699 -0.03278446 0.04228979
v 0.00078211 -0.03279644 0.04191499
v 0.00090655 -0.03253167 0.04234713
v 0.00079875 -0.03290843 0.04206609
v 0.00090655 -0.03253167 0.04234713
v 0.00102699 -0.03278446 0.04228979
v 0.00095180 -0.03296899 0.04216998
v 0.00090655 -0.03253167 0.04234713
v 0.00095180 -0.03296899 0.04216998
v 0.00079875 -0.03290843 0.04206609
v 0.00589675 -0.03584909 0.04459047
v 0.00542372 -0.03483253 0.04540354
v 0.00542372 -0.03483253 0.04540354
v 0.00460875 -0.03381443 0.04592227
v 0.00366050 -0.03296643 0.04634571
v 0.00266230 -0.03260630 0.04326778
v 0.00248122 -0.03226929 0.04664760
v 0.00248122 -0.03226929 0.04664760
v 0.00082696 -0.03181427 0.04669731
v 0.00145012 -0.04239541 0.01175034
v 0.00232756 -0.04201292 0.01176834
v 0.00162262 -0.04247421 0.01154977
v 0.00145012 -0.04239541 0.01175034
v 0.00225311 -0.04196351 0.01195067
v 0.00232756 -0.04201292 0.01176834
v 0.00145012 -0.04239541 0.01175034
v 0.00112313 -0.04260104 0.01392632
v 0.00121570 -0.04244226 0.01398372
v 0.00136936 -0.04261350 0.01167130
v 0.00138879 -0.04278582 0.01176935
v 0.00113565 -0.04279744 0.01390659
v 0.00112313 -0.04260104 0.01392632
v 0.00136936 -0.04261350 0.01167130
v 0.00153053 -0.04290252 0.01180183
v 0.00121784 -0.04291278 0.01392674
v 0.00113565 -0.04279744 0.01390659
v 0.00153053 -0.04290252 0.01180183
v 0.00113565 -0.04279744 0.01390659
v 0.00138879 -0.04278582 0.01176935
v 0.00153053 -0.04290252 0.01180183
v 0.00139749 -0.04296809 0.01391953
v 0.00121784 -0.04291278 0.01392674
v 0.00157678 -0.04288089 0.01168447
v 0.00139749 -0.04296809 0.01391953
v 0.00153053 -0.04290252 0.01180183
v 0.00068867 -0.04298830 0.01405346
v 0.00121784 -0.04291278 0.01392674
v 0.00138122 -0.04299694 0.01403111
v 0.00138122 -0.04299694 0.01403111
v 0.00121784 -0.04291278 0.01392674
v 0.00139749 -0.04296809 0.01391953
v 0.00080067 -0.04255121 0.01421552
v 0.00121570 -0.04244226 0.01398372
v 0.00112313 -0.04260104 0.01392632
v 0.00068384 -0.04282444 0.01402032
v 0.00113565 -0.04279744 0.01390659
v 0.00121784 -0.04291278 0.01392674
v 0.00058246 -0.04263865 0.01415240
v -0.00004359 -0.04265433 0.01428705
v 0.00080067 -0.04255121 0.01421552
v 0.00058246 -0.04263865 0.01415240
v 0.00080067 -0.04255121 0.01421552
v 0.00112313 -0.04260104 0.01392632
v 0.00068867 -0.04298830 0.01405346
v -0.00007160 -0.04286319 0.01408666
v 0.00047934 -0.04272085 0.01411104
v 0.00058246 -0.04263865 0.01415240
v 0.00112313 -0.04260104 0.01392632
v 0.00047934 -0.04272085 0.01411104
v 0.00112313 -0.04260104 0.01392632
v 0.00113565 -0.04279744 0.01390659
v 0.00068384 -0.04282444 0.01402032
v 0.00047934 -0.04272085 0.01411104
v 0.00113565 -0.04279744 0.01390659
v 0.00068384 -0.04282444 0.01402032
v -0.00007160 -0.04286319 0.01408666
v 0.00047934 -0.04272085 0.01411104
v -0.00089135 -0.04264938 0.01412534
v -0.00123167 -0.04258674 0.01402741
v -0.00149459 -0.04244226 0.01403379
v -0.00072758 -0.04261839 0.01424837
v -0.00089135 -0.04264938 0.01412534
v -0.00123167 -0.04258674 0.01402741
v -0.00084868 -0.04278010 0.01405334
v -0.00089135 -0.04264938 0.01412534
v -0.00073945 -0.04295802 0.01405739
v -0.00127298 -0.04279494 0.01393151
v -0.00084868 -0.04278010 0.01405334
v -0.00073945 -0.04295802 0.01405739
v -0.00144082 -0.04289019 0.01392436
v -0.00127298 -0.04279494 0.01393151
v -0.00051941 -0.04269284 0.01417267
v -0.00089135 -0.04264938 0.01412534
v -0.00072758 -0.04261839 0.01424837
v -0.00051941 -0.04269284 0.01417267
v -0.00089135 -0.04264938 0.01412534
v -0.00051941 -0.04269284 0.01417267
v -0.00165307 -0.04298090 0.01399260
v -0.00144082 -0.04289019 0.01392436
v -0.00073945 -0.04295802 0.01405739
v -0.00007160 -0.04286319 0.01408666
v -0.00089135 -0.04264938 0.01412534
v -0.00051941 -0.04269284 0.01417267
v -0.00007160 -0.04286319 0.01408666
v -0.00084868 -0.04278010 0.01405334
v -0.00089135 -0.04264938 0.01412534
v -0.00004359 -0.04265433 0.01428705
v -0.00051941 -0.04269284 0.01417267
v -0.00072758 -0.04261839 0.01424837
v -0.00013696 -0.04270792 0.01418673
v -0.00013696 -0.04270792 0.01418673
v -0.00013696 -0.04270792 0.01418673
v -0.00051941 -0.04269284 0.01417267
v -0.00073945 -0.04295802 0.01405739
v 0.00025394 -0.04325199 0.01419734
v -0.00165307 -0.04298090 0.01399260
v -0.00007160 -0.04286319 0.01408666
v -0.00073945 -0.04295802 0.01405739
v -0.00084868 -0.04278010 0.01405334
v 0.00024827 -0.04269248 0.01417315
v 0.00024827 -0.04269248 0.01417315
v 0.00068867 -0.04298830 0.01405346
v 0.00025394 -0.04325199 0.01419734
v -0.00073945 -0.04295802 0.01405739
v 0.00047934 -0.04272085 0.01411104
v -0.00013696 -0.04270792 0.01418673
v 0.00024827 -0.04269248 0.01417315
v 0.00024827 -0.04269248 0.01417315
v 0.00047934 -0.04272085 0.01411104
v 0.00024827 -0.04269248 0.01417315
v 0.00058246 -0.04263865 0.01415240
v 0.00068867 -0.04298830 0.01405346
v -0.00073945 -0.04295802 0.01405739
v -0.00007160 -0.04286319 0.01408666
v -0.00137746 -0.04259884 0.01393878
v -0.00147426 -0.04244744 0.01397454
v -0.00149459 -0.04244226 0.01403379
v -0.00137746 -0.04259884 0.01393878
v -0.00137746 -0.04259884 0.01393878
v -0.00127298 -0.04279494 0.01393151
v -0.00144082 -0.04289019 0.01392436
v -0.00137746 -0.04259884 0.01393878
v -0.00161445 -0.04296129 0.01391094
v -0.00144082 -0.04289019 0.01392436
v -0.00165307 -0.04298090 0.01399260
v -0.00147426 -0.04244744 0.01397454
v -0.00160104 -0.04260146 0.01175522
v -0.00178182 -0.04236418 0.01173365
v -0.00137746 -0.04259884 0.01393878
v -0.00144082 -0.04289019 0.01392436
v -0.00160104 -0.04260146 0.01175522
v -0.00137746 -0.04259884 0.01393878
v -0.00144082 -0.04289019 0.01392436
v -0.00172406 -0.04285281 0.01172608
v -0.00160104 -0.04260146 0.01175522
v -0.00192040 -0.04292166 0.01174718
v -0.00172406 -0.04285281 0.01172608
v -0.00244069 -0.04210686 0.01171374
v -0.00178182 -0.04236418 0.01173365
v -0.00177807 -0.04259771 0.01153206
v -0.00253159 -0.04196482 0.01192438
v -0.00178182 -0.04236418 0.01173365
v -0.00244069 -0.04210686 0.01171374
v -0.00121331 -0.03247195 0.04244661
v -0.00130647 -0.03234928 0.04269284
v -0.00114864 -0.03209602 0.04304349
v -0.00117624 -0.03203874 0.04332339
v -0.00114864 -0.03209602 0.04304349
v -0.00130647 -0.03234928 0.04269284
v -0.00102395 -0.03190648 0.04330784
v -0.00081610 -0.03317016 0.04187768
v -0.00081610 -0.03317016 0.04187768
v -0.00085708 -0.03334116 0.04204398
v -0.00107610 -0.03312355 0.04209226
v -0.00107205 -0.03286874 0.04205673
v -0.00107610 -0.03312355 0.04209226
v -0.00085708 -0.03334116 0.04204398
v -0.00126725 -0.03310030 0.04213941
v -0.00107205 -0.03286874 0.04205673
v -0.00081610 -0.03317016 0.04187768
v -0.00107610 -0.03312355 0.04209226
v -0.00108981 -0.03269684 0.04197621
v -0.00098584 -0.03293645 0.04182988
v -0.00107205 -0.03286874 0.04205673
v -0.00107610 -0.03312355 0.04209226
v -0.00125140 -0.03291857 0.04221230
v -0.00107205 -0.03286874 0.04205673
v -0.00125140 -0.03291857 0.04221230
v -0.00131071 -0.03272002 0.04233312
v -0.00121331 -0.03247195 0.04244661
v -0.00121331 -0.03247195 0.04244661
v -0.00121331 -0.03247195 0.04244661
v -0.00107205 -0.03286874 0.04205673
v -0.00131071 -0.03272002 0.04233312
v -0.00131071 -0.03272002 0.04233312
v -0.00130647 -0.03234928 0.04269284
v -0.00121331 -0.03247195 0.04244661
v -0.00114167 -0.03243130 0.04220932
v -0.00121331 -0.03247195 0.04244661
v -0.00114864 -0.03209602 0.04304349
v -0.00216872 -0.03207892 0.04660654
v -0.00103676 -0.03175407 0.04681551
v -0.00277549 -0.03222507 0.04677551
v -0.00383884 -0.03288644 0.04643172
v -0.00292295 -0.03256613 0.04356676
v -0.00452703 -0.03366106 0.04335266
v -0.00277549 -0.03222507 0.04677551
v -0.00475937 -0.03362780 0.04615157
v -0.00452703 -0.03366106 0.04335266
v -0.00475937 -0.03362780 0.04615157
v -0.01594442 -0.00026095 0.04964745
v -0.00992906 -0.01233172 0.04896569
v -0.01574468 -0.00292176 0.04942983
v -0.00766969 -0.01444989 0.04822975
v -0.00970364 -0.01310610 0.04839837
v -0.01594442 -0.00026095 0.04964745
v -0.01559787 0.00036645 0.05000829
v -0.01533293 -0.00298494 0.04977357
v -0.01574468 -0.00292176 0.04942983
v -0.00766969 -0.01444989 0.04822975
v -0.00970364 -0.01310610 0.04839837
v -0.00754243 -0.01426792 0.04860651
v -0.01021713 -0.01254242 0.04870432
v -0.01559787 0.00036645 0.05000829
v -0.01532107 -0.00009584 0.05010199
v -0.01533293 -0.00298494 0.04977357
v -0.01021713 -0.01254242 0.04870432
v -0.00992906 -0.01233172 0.04896569
v -0.00803399 -0.01351279 0.04891675
v -0.00754243 -0.01426792 0.04860651
v -0.01533293 -0.00298494 0.04977357
v -0.01518625 -0.00556690 0.04898655
v -0.00766969 -0.01444989 0.04822975
v -0.01518625 -0.00556690 0.04898655
v -0.01574468 -0.00292176 0.04942983
v -0.01498204 -0.00567162 0.04927545
v -0.00539809 -0.01537311 0.04830431
v -0.01498204 -0.00567162 0.04927545
v -0.01254034 0.00871318 0.05077999
v -0.01215553 0.00859362 0.05086928
v -0.01396036 0.00599074 0.05059963
v -0.01325505 0.00867277 0.04993140
v -0.01306176 0.00877190 0.05035954
v -0.01471108 0.00606769 0.04971510
v -0.00539809 -0.01537311 0.04830431
v -0.01467567 -0.00505638 0.04964321
v -0.01454812 0.00609690 0.05013918
v -0.00539809 -0.01537311 0.04830431
v -0.00754243 -0.01426792 0.04860651
v -0.00500560 -0.01518040 0.04867655
v -0.01306176 0.00877190 0.05035954
v -0.01299172 0.00850212 0.05054771
v -0.01454812 0.00609690 0.05013918
v -0.00500560 -0.01518040 0.04867655
v -0.01432025 0.00596261 0.05042475
v -0.00461006 -0.01567173 0.04819685
v -0.01299172 0.00850212 0.05054771
v -0.01254034 0.00871318 0.05077999
v -0.01432025 0.00596261 0.05042475
v -0.00500560 -0.01518040 0.04867655
v -0.00803399 -0.01351279 0.04891675
v -0.00406599 -0.01522880 0.04875224
v -0.01401090 -0.00822824 0.04873037
v -0.01396036 0.00599074 0.05059963
v -0.00461006 -0.01567173 0.04819685
v -0.01401090 -0.00822824 0.04873037
v -0.00406599 -0.01522880 0.04875224
v -0.01389074 -0.00814992 0.04901468
v -0.00461006 -0.01567173 0.04819685
v -0.00266105 -0.01611214 0.04816108
v -0.01389074 -0.00814992 0.04901468
v -0.01498204 -0.00567162 0.04927545
v -0.01371634 -0.00809789 0.04920619
v -0.01471108 0.00606769 0.04971510
v -0.01454812 0.00609690 0.05013918
v -0.01562613 0.00342667 0.04944938
v -0.01551353 0.00321907 0.04992043
v -0.01371634 -0.00809789 0.04920619
v -0.01354449 -0.00782061 0.04938799
v -0.00018480 -0.01624995 0.04828119
v -0.00255507 -0.01588374 0.04852563
v -0.01551353 0.00321907 0.04992043
v -0.00266105 -0.01611214 0.04816108
v -0.01354449 -0.00782061 0.04938799
v -0.01511281 0.00326729 0.05029249
v -0.01511281 0.00326729 0.05029249
v -0.01401090 -0.00822824 0.04873037
v -0.01401090 -0.00822824 0.04873037
v -0.01224339 -0.01065188 0.04872953
v -0.00018480 -0.01624995 0.04828119
v -0.01224339 -0.01065188 0.04872953
v -0.00500560 -0.01518040 0.04867655
v -0.00406599 -0.01522880 0.04875224
v -0.00255507 -0.01588374 0.04852563
v -0.01396036 0.00599074 0.05059963
v -0.01511281 0.00326729 0.05029249
v -0.00013714 -0.01600009 0.04855048
v -0.00018480 -0.01624995 0.04828119
v -0.00255507 -0.01588374 0.04852563
v -0.01224339 -0.01065188 0.04872953
v -0.00079809 -0.01568120 0.04873126
v -0.00013714 -0.01600009 0.04855048
v -0.01594161 0.00104010 0.04963767
v -0.01185613 -0.01053786 0.04908722
v -0.01185613 -0.01053786 0.04908722
v -0.01594161 0.00104010 0.04963767
v -0.01559787 0.00036645 0.05000829
v -0.01511281 0.00326729 0.05029249
v -0.01594442 -0.00026095 0.04964745
v -0.01021713 -0.01254242 0.04870432
v -0.00970364 -0.01310610 0.04839837
v -0.02111029 0.03265690 0.05292820
v -0.01215553 0.00859362 0.05086928
v -0.01254034 0.00871318 0.05077999
v -0.02138054 0.03245568 0.05269813
v -0.02111029 0.03265690 0.05292820
v -0.01254034 0.00871318 0.05077999
v -0.01281416 0.00883281 0.05064272
v -0.01306176 0.00877190 0.05035954
v -0.01281416 0.00883281 0.05064272
v -0.02173763 0.03268373 0.05233097
v -0.01306176 0.00877190 0.05035954
v 0.01214385 0.00859672 0.05081552
v 0.01194959 0.00852817 0.05085384
v 0.02066493 0.03281188 0.05298209
v 0.01246744 0.00866514 0.05067384
v 0.02119517 0.03287476 0.05276262
v 0.01274454 0.00877690 0.05042141
v 0.01246744 0.00866514 0.05067384
v 0.02146440 0.03282660 0.05243682
v 0.02119517 0.03287476 0.05276262
v 0.01292639 0.00893283 0.05007606
v 0.01274454 0.00877690 0.05042141
v 0.00805968 -0.01366043 0.04876583
v 0.00792408 -0.01341086 0.04892390
v 0.01056712 -0.01187670 0.04883754
v 0.01055091 -0.01134079 0.04909712
v 0.01551640 -0.00333315 0.04912763
v 0.01521158 -0.00331873 0.04960566
v 0.01578938 -0.00039297 0.04935055
v 0.01217341 0.00851995 0.05081456
v 0.01357156 0.00673008 0.05055642
v 0.01393592 0.00533772 0.05056303
v 0.01070380 -0.01214557 0.04813545
v 0.01028293 -0.01238107 0.04852914
v 0.01107877 -0.01169168 0.04848200
v 0.01194959 0.00852817 0.05085384
v 0.01549041 -0.00045985 0.04982322
v 0.01107877 -0.01169168 0.04848200
v 0.01028293 -0.01238107 0.04852914
v 0.01056712 -0.01187670 0.04883754
v 0.01549041 -0.00045985 0.04982322
v 0.01521158 -0.00331873 0.04960566
v 0.01505798 -0.00052926 0.05005151
v 0.01464903 -0.00389290 0.04976850
v 0.01070380 -0.01214557 0.04813545
v 0.01107877 -0.01169168 0.04848200
v 0.01270329 -0.00977784 0.04873788
v 0.01269716 -0.00992310 0.04831641
v 0.01070380 -0.01214557 0.04813545
v 0.01270329 -0.00977784 0.04873788
v 0.01270329 -0.00977784 0.04873788
v 0.00280714 -0.01605379 0.04815834
v 0.00279570 -0.01611036 0.04781204
v 0.01222681 -0.00984418 0.04911023
v 0.01222681 -0.00984418 0.04911023
v 0.01552599 0.00239241 0.04966443
v 0.00280714 -0.01605379 0.04815834
v 0.00280327 -0.01584094 0.04847383
v 0.01522088 0.00218874 0.05008119
v 0.01055091 -0.01134079 0.04909712
v 0.00280327 -0.01584094 0.04847383
v 0.00275683 -0.01548278 0.04873114
v 0.01483505 0.00232410 0.05028831
v 0.01332145 -0.00844556 0.04913264
v 0.01522088 0.00218874 0.05008119
v 0.01222681 -0.00984418 0.04911023
v 0.01055091 -0.01134079 0.04909712
v 0.01278400 -0.00852966 0.04934448
v 0.00280714 -0.01605379 0.04815834
v 0.00577140 -0.01517117 0.04828292
v 0.01269716 -0.00992310 0.04831641
v 0.01270329 -0.00977784 0.04873788
v 0.01387393 -0.00785887 0.04891777
v 0.01479411 0.00519508 0.04955875
v 0.01552599 0.00239241 0.04966443
v 0.01472032 0.00515860 0.04994982
v 0.01401615 -0.00778002 0.04849338
v 0.00562853 -0.01530736 0.04787534
v 0.01270329 -0.00977784 0.04873788
v 0.01332145 -0.00844556 0.04913264
v 0.01387393 -0.00785887 0.04891777
v 0.00577140 -0.01517117 0.04828292
v 0.01472032 0.00515860 0.04994982
v 0.01441228 0.00504941 0.05035263
v 0.00537103 -0.01485943 0.04874473
v 0.00537103 -0.01485943 0.04874473
v 0.01332145 -0.00844556 0.04913264
v 0.01222681 -0.00984418 0.04911023
v 0.01278400 -0.00852966 0.04934448
v 0.01450484 -0.00678706 0.04858380
v 0.01401615 -0.00778002 0.04849338
v 0.01503145 -0.00535023 0.04869121
v 0.01441228 0.00504941 0.05035263
v 0.01450484 -0.00678706 0.04858380
v 0.01393592 0.00533772 0.05056303
v 0.01436281 -0.00663185 0.04914188
v 0.01387393 -0.00785887 0.04891777
v 0.01332145 -0.00844556 0.04913264
v 0.01436281 -0.00663185 0.04914188
v 0.01405227 -0.00638097 0.04949051
v 0.01357156 0.00673008 0.05055642
v 0.01405227 -0.00638097 0.04949051
v 0.01405227 -0.00638097 0.04949051
v 0.00537103 -0.01485943 0.04874473
v 0.01394212 0.00707072 0.04970860
v 0.01378268 0.00718558 0.05014759
v 0.01503145 -0.00535023 0.04869121
v 0.01494383 -0.00539064 0.04906225
v 0.00577140 -0.01517117 0.04828292
v 0.00826329 -0.01400232 0.04799056
v 0.00839341 -0.01375418 0.04849594
v 0.01494383 -0.00539064 0.04906225
v 0.01436281 -0.00663185 0.04914188
v 0.01467764 -0.00529140 0.04944479
v 0.01357156 0.00673008 0.05055642
v 0.01378268 0.00718558 0.05014759
v 0.01467764 -0.00529140 0.04944479
v 0.00839341 -0.01375418 0.04849594
v 0.00805968 -0.01366043 0.04876583
v 0.01555931 -0.00326848 0.04886353
v 0.01551640 -0.00333315 0.04912763
v 0.00537103 -0.01485943 0.04874473
v 0.01297122 0.00866264 0.04996979
v 0.01287531 0.00864100 0.05028218
v 0.01467764 -0.00529140 0.04944479
v 0.01405227 -0.00638097 0.04949051
v 0.01261401 0.00850010 0.05062115
v 0.01287531 0.00864100 0.05028218
v 0.01578938 -0.00039297 0.04935055
v 0.01028293 -0.01238107 0.04852914
v 0.01056712 -0.01187670 0.04883754
v 0.01261401 0.00850010 0.05062115
v 0.01357156 0.00673008 0.05055642
v 0.01217341 0.00851995 0.05081456
v -0.01331734 0.00906497 0.04647809
v -0.02266502 0.03369373 0.04604959
v -0.02241611 0.03373926 0.04625713
v -0.01364928 0.00891030 0.04607594
v -0.01331734 0.00906497 0.04647809
v -0.02241611 0.03373926 0.04625713
v -0.02242136 0.03393965 0.04628556
v -0.01331734 0.00906497 0.04647809
v -0.02242136 0.03393965 0.04628556
v -0.02237880 0.03401315 0.04651015
v -0.01332587 0.00864649 0.04658418
v -0.01319414 0.00892675 0.05010914
v -0.01325505 0.00867277 0.04993140
v -0.01331734 0.00906497 0.04647809
v -0.01319414 0.00892675 0.05010914
v -0.01332587 0.00864649 0.04658418
v -0.01539152 0.00836635 0.05008566
v -0.01538568 0.00861126 0.05012381
v -0.01526004 0.00857282 0.04642754
v -0.01530855 0.00833815 0.04649513
v -0.02378290 0.03273606 0.04610008
v -0.01482152 0.00851613 0.04606485
v -0.01509410 0.00868118 0.04618823
v -0.02372866 0.03288710 0.04605388
v -0.02378290 0.03273606 0.04610008
v -0.01509410 0.00868118 0.04618823
v -0.01526004 0.00857282 0.04642754
v -0.02389281 0.03249412 0.04626142
v -0.02378290 0.03273606 0.04610008
v -0.01526004 0.00857282 0.04642754
v -0.02394229 0.03235822 0.04653835
v -0.02389281 0.03249412 0.04626142
v -0.01526004 0.00857282 0.04642754
v -0.01598322 0.00836909 0.05078262
v -0.01561492 0.00844270 0.05054229
v -0.01598322 0.00836909 0.05078262
v -0.02374804 0.02985823 0.05264890
v -0.01538568 0.00861126 0.05012381
v -0.01561492 0.00844270 0.05054229
v -0.02364653 0.03053665 0.05240488
v -0.02364653 0.03053665 0.05240488
v -0.02342414 0.03059881 0.05200463
v -0.02342414 0.03059881 0.05200463
v -0.02589261 0.01897209 0.05174285
v -0.02619636 0.01644015 0.05153238
v -0.02608287 0.01843106 0.05164217
v -0.02980118 0.01275378 0.05090928
v -0.03084021 0.01241064 0.05072212
v -0.02993148 0.01298689 0.05048936
v -0.03095066 0.01254916 0.05034965
v -0.03004735 0.01191008 0.05114954
v -0.03053265 0.01220238 0.05100226
v -0.02901506 0.01282674 0.05115371
v -0.02757185 0.01389694 0.05130964
v -0.03004735 0.01191008 0.05114954
v -0.02901506 0.01282674 0.05115371
v -0.02635717 0.01851373 0.05146563
v -0.02644276 0.01686680 0.05141520
v -0.02633816 0.01982676 0.05167806
v -0.02650636 0.01977026 0.05151563
v -0.02644276 0.01686680 0.05141520
v -0.02668315 0.01702350 0.05116927
v -0.02635717 0.01851373 0.05146563
v -0.02635717 0.01851373 0.05146563
v -0.02668315 0.01702350 0.05116927
v -0.02662920 0.01853662 0.05105721
v -0.02901506 0.01282674 0.05115371
v -0.02980118 0.01275378 0.05090928
v -0.02886837 0.01338320 0.05096417
v -0.02668315 0.01702350 0.05116927
v -0.02683764 0.01705783 0.05078119
v -0.02662920 0.01853662 0.05105721
v -0.02886837 0.01338320 0.05096417
v -0.02894896 0.01354444 0.05072414
v -0.02633816 0.01982676 0.05167806
v -0.02894896 0.01354444 0.05072414
v -0.02993148 0.01298689 0.05048936
v -0.02890175 0.01372092 0.05043399
v -0.03259891 0.01142740 0.05108135
v -0.03290253 0.01196056 0.05078977
v -0.02635717 0.01851373 0.05146563
v -0.02662920 0.01853662 0.05105721
v -0.02650636 0.01977026 0.05151563
v -0.02671259 0.01966089 0.05114799
v -0.02589261 0.01897209 0.05174285
v -0.02633816 0.01982676 0.05167806
v -0.02659404 0.02155065 0.05197876
v -0.02901506 0.01282674 0.05115371
v -0.02886837 0.01338320 0.05096417
v -0.02777409 0.01429849 0.05115789
v -0.02757185 0.01389694 0.05130964
v -0.02901506 0.01282674 0.05115371
v -0.02777409 0.01429849 0.05115789
v -0.03282779 0.01215779 0.05044996
v -0.03290253 0.01196056 0.05078977
v -0.02798897 0.01456290 0.05076587
v -0.02777409 0.01429849 0.05115789
v -0.03282779 0.01215779 0.05044996
v -0.03402996 0.01224941 0.05047065
v -0.03317672 0.01220762 0.05029070
v -0.02894896 0.01354444 0.05072414
v -0.02890175 0.01372092 0.05043399
v -0.02798897 0.01456290 0.05076587
v -0.02795386 0.01476269 0.05037981
v -0.02694684 0.02154839 0.05182349
v -0.02684026 0.01563370 0.05133861
v -0.02694684 0.02154839 0.05182349
v -0.02715390 0.02143967 0.05157172
v -0.02619636 0.01644015 0.05153238
v -0.03187376 0.01191765 0.05092132
v -0.02650636 0.01977026 0.05151563
v -0.02671259 0.01966089 0.05114799
v -0.02715390 0.02143967 0.05157172
v -0.02671259 0.01966089 0.05114799
v -0.02682632 0.02011907 0.05112868
v -0.02715390 0.02143967 0.05157172
v -0.03187376 0.01191765 0.05092132
v -0.03290253 0.01196056 0.05078977
v -0.03208690 0.01210027 0.05069798
v -0.02684026 0.01563370 0.05133861
v -0.02777409 0.01429849 0.05115789
v -0.02724570 0.01571881 0.05090361
v -0.02715390 0.02143967 0.05157172
v -0.02682632 0.02011907 0.05112868
v -0.02729481 0.02140468 0.05122971
v -0.03317672 0.01220762 0.05029070
v -0.03226041 0.01226139 0.05023789
v -0.03208690 0.01210027 0.05069798
v -0.03090131 0.01184129 0.05108708
v -0.02798897 0.01456290 0.05076587
v -0.02724570 0.01571881 0.05090361
v -0.02798897 0.01456290 0.05076587
v -0.02726984 0.01588070 0.05054718
v -0.02755171 0.02307409 0.05211097
v -0.02795386 0.01476269 0.05037981
v -0.02778780 0.02284252 0.05193340
v -0.03053265 0.01220238 0.05100226
v -0.03084021 0.01241064 0.05072212
v -0.02778780 0.02284252 0.05193340
v -0.02726984 0.01588070 0.05054718
v -0.02683764 0.01705783 0.05078119
v -0.02724570 0.01571881 0.05090361
v -0.02798712 0.02272599 0.05167895
v -0.03084021 0.01241064 0.05072212
v -0.03208690 0.01210027 0.05069798
v -0.03095066 0.01254916 0.05034965
v -0.02684026 0.01563370 0.05133861
v -0.02715390 0.02143967 0.05157172
v -0.02729481 0.02140468 0.05122971
v -0.02798712 0.02272599 0.05167895
v -0.03226041 0.01226139 0.05023789
v -0.02684026 0.01563370 0.05133861
v -0.02810537 0.02266734 0.05134117
v -0.02724570 0.01571881 0.05090361
v -0.02904260 0.02450817 0.05223685
v -0.02755171 0.02307409 0.05211097
v -0.02889794 0.02401137 0.05209940
v -0.02897018 0.02391755 0.05200302
v -0.02755171 0.02307409 0.05211097
v -0.02897018 0.02391755 0.05200302
v -0.02778780 0.02284252 0.05193340
v -0.02798712 0.02272599 0.05167895
v -0.02897018 0.02391755 0.05200302
v -0.02668315 0.01702350 0.05116927
v -0.02724570 0.01571881 0.05090361
v -0.02683764 0.01705783 0.05078119
v -0.02798712 0.02272599 0.05167895
v -0.02810537 0.02266734 0.05134117
v -0.02922344 0.02373492 0.05151569
v -0.03053265 0.01220238 0.05100226
v -0.03084021 0.01241064 0.05072212
v -0.01736873 0.00616306 0.05064898
v -0.01628261 0.00846285 0.05085390
v -0.01705747 0.00606161 0.05055147
v -0.01598322 0.00836909 0.05078262
v -0.01705747 0.00606161 0.05055147
v -0.01598322 0.00836909 0.05078262
v -0.01678985 0.00604314 0.05037647
v -0.01561492 0.00844270 0.05054229
v -0.01561492 0.00844270 0.05054229
v -0.01559799 0.00818354 0.05035394
v -0.01678985 0.00604314 0.05037647
v -0.01657408 0.00594717 0.05004972
v -0.01559799 0.00818354 0.05035394
v -0.01539152 0.00836635 0.05008566
v -0.01657408 0.00594717 0.05004972
v -0.01860833 0.00112528 0.05021083
v -0.01736873 0.00616306 0.05064898
v -0.01794546 0.00374609 0.05041450
v -0.01794546 0.00374609 0.05041450
v -0.01794546 0.00374609 0.05041450
v -0.01759654 0.00368416 0.05024141
v -0.01759654 0.00368416 0.05024141
v -0.01730728 0.00363982 0.04987168
v -0.01730728 0.00363982 0.04987168
v -0.01657408 0.00594717 0.05004972
v -0.01722908 0.00362521 0.04950845
v -0.01860833 0.00112528 0.05021083
v -0.01794546 0.00374609 0.05041450
v -0.01823770 0.00098684 0.05012834
v -0.01823770 0.00098684 0.05012834
v -0.01823770 0.00098684 0.05012834
v -0.01759654 0.00368416 0.05024141
v -0.01788592 0.00088393 0.04984647
v -0.01788592 0.00088393 0.04984647
v -0.01773399 0.00080698 0.04956972
v -0.01773399 0.00080698 0.04956972
v -0.01766026 0.00082919 0.04927456
v -0.01860833 0.00112528 0.05021083
v -0.03565239 0.00062463 0.04983901
v -0.03534865 0.00096661 0.05012387
v -0.01826095 0.00059840 0.04985105
v -0.01860833 0.00112528 0.05021083
v -0.01826095 0.00059840 0.04985105
v -0.01805627 0.00043089 0.04940593
v -0.03385573 0.01261508 0.04807615
v -0.03304594 0.01246547 0.04823440
v -0.03306436 0.01227253 0.04870879
v -0.03397256 0.01233595 0.04872524
v -0.03385573 0.01261508 0.04807615
v -0.03503215 0.01277518 0.04825556
v -0.03508472 0.01260250 0.04871881
v -0.03448337 0.01321309 0.04765522
v -0.03299874 0.01287990 0.04775685
v -0.03385573 0.01261508 0.04807615
v -0.03495150 0.01301127 0.04792803
v -0.03385573 0.01261508 0.04807615
v -0.03503215 0.01277518 0.04825556
v -0.03435462 0.01357412 0.04750204
v -0.03435462 0.01357412 0.04750204
v -0.03448337 0.01321309 0.04765522
v -0.03495150 0.01301127 0.04792803
v -0.03508472 0.01260250 0.04871881
v -0.03718388 0.01352751 0.04871916
v -0.03739523 0.01397866 0.04804331
v -0.03739523 0.01397866 0.04804331
v -0.03739523 0.01397866 0.04804331
v -0.03495150 0.01301127 0.04792803
v -0.03756350 0.01489281 0.04749906
v -0.03721517 0.01579374 0.04740869
v 0.00043169 -0.03146886 0.04703307
v 0.00061846 -0.03148353 0.04717057
v 0.00082696 -0.03181427 0.04669731
v 0.00072835 -0.03176844 0.04641395
v 0.00043169 -0.03146886 0.04703307
v 0.00082696 -0.03181427 0.04669731
v -0.00084868 -0.03144311 0.04721003
v -0.00084868 -0.03144311 0.04721003
v -0.00092941 -0.03170317 0.04654806
v -0.00103676 -0.03175407 0.04681551
v -0.00039212 -0.03134745 0.04708266
v -0.00084868 -0.03144311 0.04721003
v -0.00013232 -0.03128957 0.04717105
v -0.00013232 -0.03128957 0.04717105
v -0.00084868 -0.03144311 0.04721003
v -0.00017617 -0.03117263 0.04732847
v 0.00015924 -0.03127306 0.04728877
v -0.00013232 -0.03128957 0.04717105
v -0.00017617 -0.03117263 0.04732847
v 0.00043169 -0.03146886 0.04703307
v 0.00015924 -0.03127306 0.04728877
v -0.03660506 0.01194220 0.05049937
v -0.03766196 0.01242893 0.04965823
v -0.03647184 0.01234501 0.05045408
v -0.03743761 0.01281958 0.04968452
v -0.03743761 0.01281958 0.04968452
v -0.03729963 0.01309722 0.04949188
v -0.03611493 0.01271384 0.05022561
v -0.03397256 0.01233595 0.04872524
v -0.03402996 0.01224941 0.05047065
v -0.03397256 0.01233595 0.04872524
v -0.03306436 0.01227253 0.04870879
v -0.03226041 0.01226139 0.05023789
v -0.03130668 0.01251071 0.04867184
v -0.03095066 0.01254916 0.05034965
v -0.02984404 0.01313370 0.04867559
v -0.03095066 0.01254916 0.05034965
v -0.03130668 0.01251071 0.04867184
v -0.02993148 0.01298689 0.05048936
v -0.02890175 0.01372092 0.05043399
v -0.02984404 0.01313370 0.04867559
v -0.02858132 0.01411092 0.04867619
v -0.02993148 0.01298689 0.05048936
v -0.02858132 0.01411092 0.04867619
v -0.02758741 0.01539605 0.04866755
v -0.02890175 0.01372092 0.05043399
v -0.02698850 0.01668357 0.04902261
v -0.02683764 0.01705783 0.05078119
v -0.02683764 0.01705783 0.05078119
v -0.02662920 0.01853662 0.05105721
v -0.02671700 0.01834231 0.04876685
v -0.02684229 0.01985478 0.04867988
v -0.02662920 0.01853662 0.05105721
v -0.02739441 0.02145344 0.04875075
v -0.02729481 0.02140468 0.05122971
v -0.02739441 0.02145344 0.04875075
v -0.02825647 0.02273488 0.04874449
v -0.02729481 0.02140468 0.05122971
v -0.02810537 0.02266734 0.05134117
v -0.02825647 0.02273488 0.04874449
v -0.02810537 0.02266734 0.05134117
v -0.04027187 0.00043771 0.04610633
v -0.03995686 0.00044882 0.04647952
v -0.04004281 0.00040646 0.04627645
v -0.04059362 0.00058499 0.04586863
v -0.04027187 0.00043771 0.04610633
v -0.04033470 0.00023818 0.04598653
v -0.04027187 0.00043771 0.04610633
v -0.04059362 0.00058499 0.04586863
v -0.04044044 0.00068895 0.04613894
v -0.04075360 0.00094396 0.04578423
v -0.04044044 0.00068895 0.04613894
v -0.04059362 0.00058499 0.04586863
v -0.04004281 0.00040646 0.04627645
v -0.03972131 0.00018403 0.04620003
v -0.03996229 0.00002484 0.04607164
v -0.04075360 0.00094396 0.04578423
v -0.04059362 0.00058499 0.04586863
v -0.04088419 0.00108981 0.04551601
v -0.04004281 0.00040646 0.04627645
v -0.03996229 0.00002484 0.04607164
v -0.04027187 0.00043771 0.04610633
v -0.03972131 0.00018403 0.04620003
v -0.04098743 0.00133091 0.04524844
v -0.04075360 0.00094396 0.04578423
v -0.04088419 0.00108981 0.04551601
v -0.04027187 0.00043771 0.04610633
v -0.03996229 0.00002484 0.04607164
v -0.04033470 0.00023818 0.04598653
v -0.03995686 0.00044882 0.04647952
v -0.01805627 0.00043089 0.04940593
v -0.01807832 0.00035323 0.04652422
v -0.03937453 0.00033204 0.04644286
v -0.03995686 0.00044882 0.04647952
v -0.03937453 0.00033204 0.04644286
v -0.03972131 0.00018403 0.04620003
v -0.04048120 -0.00146836 0.04583448
v -0.03997212 -0.00102454 0.04607433
v -0.04016941 -0.00143415 0.04607051
v -0.04016941 -0.00143415 0.04607051
v -0.04056549 -0.00195009 0.04572492
v -0.04016941 -0.00143415 0.04607051
v -0.04035222 -0.00167376 0.04598593
v -0.04048120 -0.00146836 0.04583448
v -0.04016941 -0.00143415 0.04607051
v -0.04056549 -0.00195009 0.04572492
v -0.03964143 -0.00119597 0.04628694
v -0.03998357 -0.00123620 0.04612118
v -0.03997212 -0.00102454 0.04607433
v -0.03964143 -0.00119597 0.04628694
v -0.03998357 -0.00123620 0.04612118
v -0.03964143 -0.00119597 0.04628694
v -0.03998696 -0.00149023 0.04636764
v -0.04048120 -0.00146836 0.04583448
v -0.03998357 -0.00123620 0.04612118
v -0.04016941 -0.00143415 0.04607051
v -0.03930056 -0.00086738 0.04609185
v -0.03964143 -0.00119597 0.04628694
v -0.03997212 -0.00102454 0.04607433
v -0.03919750 -0.00115228 0.04643964
v -0.03964143 -0.00119597 0.04628694
v -0.03930056 -0.00086738 0.04609185
v -0.03964143 -0.00119597 0.04628694
v -0.03560662 -0.00122869 0.04906660
v -0.01802420 -0.00116491 0.04651272
v -0.01812416 -0.00124347 0.04919010
v -0.03919750 -0.00115228 0.04643964
v -0.03777092 -0.00121134 0.04809868
v -0.01813089 -0.00152838 0.04965484
v -0.01846051 -0.00203991 0.04992389
v -0.03423714 -0.00183988 0.04987096
v -0.01813089 -0.00152838 0.04965484
v -0.01812416 -0.00124347 0.04919010
v -0.01813089 -0.00152838 0.04965484
v -0.03425222 -0.00140506 0.04952877
v -0.01812416 -0.00124347 0.04919010
v -0.03425222 -0.00140506 0.04952877
v -0.03560662 -0.00122869 0.04906660
v -0.01731067 -0.00412709 0.04896390
v -0.01660805 -0.00644034 0.04854243
v -0.01674532 -0.00634819 0.04896676
v -0.01773267 -0.00633168 0.04956489
v -0.01732331 -0.00625074 0.04949086
v -0.01638436 -0.00904346 0.04931092
v -0.01572513 -0.00948691 0.04912859
v -0.01732331 -0.00625074 0.04949086
v -0.01689571 -0.00650823 0.04923260
v -0.01572513 -0.00948691 0.04912859
v -0.01552999 -0.00929743 0.04891157
v -0.01552999 -0.00929743 0.04891157
v -0.01689571 -0.00650823 0.04923260
v -0.01539671 -0.00917506 0.04861432
v -0.01803046 -0.00198221 0.04975414
v -0.01772552 -0.00170523 0.04937958
v -0.01782006 -0.00210083 0.04954785
v -0.01674532 -0.00634819 0.04896676
v -0.01539671 -0.00917506 0.04861432
v -0.01674532 -0.00634819 0.04896676
v -0.01527494 -0.00926220 0.04827791
v -0.01660805 -0.00644034 0.04854243
v -0.01420199 -0.01222699 0.04903143
v -0.01638436 -0.00904346 0.04931092
v -0.01393193 -0.01187938 0.04886853
v -0.01782006 -0.00210083 0.04954785
v -0.01772552 -0.00170523 0.04937958
v -0.01765960 -0.00168204 0.04912298
v -0.01572513 -0.00948691 0.04912859
v -0.01360535 -0.01213431 0.04874306
v -0.01393193 -0.01187938 0.04886853
v -0.01773267 -0.00633168 0.04956489
v -0.01846051 -0.00203991 0.04992389
v -0.01774990 -0.00434518 0.04959714
v -0.01803046 -0.00198221 0.04975414
v -0.01393193 -0.01187938 0.04886853
v -0.01345306 -0.01197451 0.04844611
v -0.01774990 -0.00434518 0.04959714
v -0.01360535 -0.01213431 0.04874306
v -0.01748061 -0.00421733 0.04935520
v -0.01774990 -0.00434518 0.04959714
v -0.01782006 -0.00210083 0.04954785
v -0.01765960 -0.00168204 0.04912298
v -0.01748061 -0.00421733 0.04935520
v -0.01539671 -0.00917506 0.04861432
v -0.01527494 -0.00926220 0.04827791
v -0.01336294 -0.01196134 0.04814094
v -0.01731067 -0.00412709 0.04896390
v -0.01345306 -0.01197451 0.04844611
v -0.02349776 -0.02141237 0.04825043
v -0.01396769 -0.01228731 0.04896897
v -0.01420199 -0.01222699 0.04903143
v -0.01363271 -0.01248568 0.04870027
v -0.02389681 -0.02298671 0.04747021
v -0.02340167 -0.02216732 0.04793488
v -0.01363271 -0.01248568 0.04870027
v -0.01341235 -0.01253706 0.04825979
v -0.02528899 -0.02450650 0.04642647
v -0.02389681 -0.02298671 0.04747021
v -0.01341235 -0.01253706 0.04825979
v -0.02710545 -0.02563112 0.04602152
v -0.02624547 -0.02527487 0.04621756
v -0.02637428 -0.02563560 0.04606503
v -0.02695864 -0.02543532 0.04617834
v -0.02734237 -0.02553308 0.04601496
v -0.02656883 -0.02530950 0.04628056
v -0.02695864 -0.02543532 0.04617834
v -0.02656883 -0.02530950 0.04628056
v -0.02624547 -0.02527487 0.04621756
v -0.02695864 -0.02543532 0.04617834
v -0.02624547 -0.02527487 0.04621756
v -0.02710545 -0.02563112 0.04602152
v -0.02734237 -0.02553308 0.04601496
v -0.02770930 -0.02560079 0.04579907
v -0.02734237 -0.02553308 0.04601496
v -0.02710545 -0.02563112 0.04602152
v -0.02770930 -0.02560079 0.04579907
v -0.02695864 -0.02543532 0.04617834
v -0.02734237 -0.02553308 0.04601496
v -0.02695864 -0.02543532 0.04617834
v -0.02710545 -0.02563112 0.04602152
v -0.01331096 -0.01252263 0.04644000
v -0.02637428 -0.02563560 0.04606503
v -0.02550584 -0.02498227 0.04613608
v -0.02447009 -0.02463722 0.04604727
v -0.02624547 -0.02527487 0.04621756
v -0.02528899 -0.02450650 0.04642647
v -0.02469223 -0.02403289 0.04628139
v -0.02550584 -0.02498227 0.04613608
v -0.02624547 -0.02527487 0.04621756
v -0.02528899 -0.02450650 0.04642647
v -0.02550584 -0.02498227 0.04613608
v -0.02486300 -0.02736544 0.04604530
v -0.02498519 -0.02652370 0.04608625
v -0.02482962 -0.02652394 0.04615622
v -0.02486300 -0.02736544 0.04604530
v -0.02482962 -0.02652394 0.04615622
v -0.02482998 -0.02701926 0.04616636
v -0.02511698 -0.02710008 0.04602354
v -0.02519506 -0.02675580 0.04605036
v -0.02498519 -0.02652370 0.04608625
v -0.02511698 -0.02710008 0.04602354
v -0.02519506 -0.02675580 0.04605036
v -0.02486300 -0.02736544 0.04604530
v -0.02501332 -0.02743726 0.04594683
v -0.02488756 -0.02775776 0.04582595
v -0.02511698 -0.02710008 0.04602354
v -0.02501332 -0.02743726 0.04594683
v -0.02511698 -0.02710008 0.04602354
v -0.02501332 -0.02743726 0.04594683
v -0.02489143 -0.02592599 0.04605603
v -0.02498519 -0.02652370 0.04608625
v -0.02519506 -0.02675580 0.04605036
v -0.02397119 -0.02509254 0.04620218
v -0.02489143 -0.02592599 0.04605603
v -0.02418535 -0.02509987 0.04608708
v -0.02397119 -0.02509254 0.04620218
v -0.02397119 -0.02509254 0.04620218
v -0.02470183 -0.02617406 0.04617047
v -0.02498519 -0.02652370 0.04608625
v -0.02387923 -0.02518779 0.04639196
v -0.02470183 -0.02617406 0.04617047
v -0.02482962 -0.02652394 0.04615622
v -0.02498519 -0.02652370 0.04608625
v -0.02387923 -0.02518779 0.04639196
v -0.01228183 -0.01362311 0.04651761
v -0.01223194 -0.01366800 0.04812717
v -0.01193481 -0.01438260 0.04881298
v -0.01190119 -0.01474642 0.04883378
v -0.01213335 -0.01391136 0.04854953
v -0.01193481 -0.01438260 0.04881298
v -0.01223194 -0.01366800 0.04812717
v -0.01213335 -0.01391136 0.04854953
v -0.00633514 -0.01745188 0.04847174
v -0.00658709 -0.01700198 0.04825729
v -0.00504464 -0.01754480 0.04824578
v -0.00658709 -0.01700198 0.04825729
v -0.00646746 -0.01675850 0.04777187
v -0.00504464 -0.01754480 0.04824578
v -0.00513506 -0.01724189 0.04783582
v 0.00388902 -0.01848524 0.04849016
v 0.00585890 -0.01753830 0.04847890
v 0.00896978 -0.01638865 0.04866760
v 0.00896978 -0.01638865 0.04866760
v 0.00585890 -0.01753830 0.04847890
v 0.00873679 -0.01611286 0.04854530
v 0.00585890 -0.01753830 0.04847890
v 0.00572133 -0.01714456 0.04817712
v 0.00873679 -0.01611286 0.04854530
v -0.00391346 -0.01836979 0.04848682
v -0.00633514 -0.01745188 0.04847174
v -0.00362986 -0.01794916 0.04826617
v -0.00633514 -0.01745188 0.04847174
v -0.00504464 -0.01754480 0.04824578
v -0.00362986 -0.01794916 0.04826617
v 0.00856537 -0.01583290 0.04825598
v -0.00362986 -0.01794916 0.04826617
v -0.00355345 -0.01762694 0.04779469
v 0.00572133 -0.01714456 0.04817712
v 0.00577575 -0.01691699 0.04768729
v 0.00857466 -0.01563525 0.04783666
v 0.00856537 -0.01583290 0.04825598
v -0.00391346 -0.01836979 0.04848682
v -0.00050134 -0.01849365 0.04837214
v -0.00042886 -0.01889950 0.04845726
v 0.01155203 -0.01451772 0.04882180
v -0.00050134 -0.01849365 0.04837214
v -0.00050134 -0.01849365 0.04837214
v -0.00362986 -0.01794916 0.04826617
v -0.00042809 -0.01813215 0.04808813
v 0.01154774 -0.01395601 0.04860109
v -0.00042809 -0.01813215 0.04808813
v 0.01154774 -0.01395601 0.04860109
v 0.01136708 -0.01387393 0.04842334
v -0.00042809 -0.01813215 0.04808813
v -0.00355345 -0.01762694 0.04779469
v -0.00048711 -0.01793247 0.04759252
v -0.01165372 -0.01365339 0.04802495
v -0.00906074 -0.01552563 0.04790920
v -0.01176220 -0.01366490 0.04824090
v 0.00856537 -0.01583290 0.04825598
v 0.00857466 -0.01563525 0.04783666
v 0.01100039 -0.01400643 0.04814881
v -0.01190119 -0.01474642 0.04883378
v -0.01193481 -0.01438260 0.04881298
v -0.00931120 -0.01635330 0.04866582
v 0.01136708 -0.01387393 0.04842334
v 0.00263864 -0.01824778 0.04836905
v -0.01193481 -0.01438260 0.04881298
v -0.01183664 -0.01409316 0.04869490
v -0.00928938 -0.01600915 0.04858267
v 0.00388902 -0.01848524 0.04849016
v -0.00931120 -0.01635330 0.04866582
v 0.01140850 -0.01364380 0.04806184
v -0.00928938 -0.01600915 0.04858267
v -0.01183664 -0.01409316 0.04869490
v -0.00910133 -0.01571679 0.04830682
v -0.01181560 -0.01387268 0.04853343
v -0.01181560 -0.01387268 0.04853343
v -0.01176220 -0.01366490 0.04824090
v -0.00910133 -0.01571679 0.04830682
v 0.00263864 -0.01824778 0.04836905
v 0.00258493 -0.01787465 0.04801106
v -0.00910133 -0.01571679 0.04830682
v 0.00258493 -0.01787465 0.04801106
v -0.00042809 -0.01813215 0.04808813
v 0.00261295 -0.01773136 0.04765301
v -0.00048711 -0.01793247 0.04759252
v 0.00585890 -0.01753830 0.04847890
v -0.00663471 -0.01764893 0.04855978
v 0.00572133 -0.01714456 0.04817712
v 0.00577575 -0.01691699 0.04768729
v 0.01165962 -0.01436644 0.04880619
v 0.02088117 -0.02343380 0.04799586
v 0.02088117 -0.02343380 0.04799586
v 0.01165962 -0.01436644 0.04880619
v 0.01182854 -0.01406967 0.04866945
v 0.01182854 -0.01406967 0.04866945
v 0.01191461 -0.01380681 0.04840368
v 0.02228796 -0.02394556 0.04712378
v 0.02119553 -0.02309089 0.04763257
v 0.01191461 -0.01380681 0.04840368
v 0.01198089 -0.01367169 0.04805427
v -0.01279330 0.04073542 0.04519540
v -0.01696765 0.03926098 0.04463320
v -0.01270490 0.04084658 0.04530727
v -0.01298534 0.04064571 0.04514843
v 0.02660363 0.03324788 0.04216235
v 0.02925443 0.03089189 0.04121232
v -0.01286697 0.04067319 0.04515331
v -0.01677119 0.03924924 0.04458433
v -0.01709032 0.03910541 0.04452145
v -0.01677119 0.03924924 0.04458433
v 0.03127861 0.02884095 0.04038327
v 0.02930194 0.03103137 0.04137992
v 0.03263700 0.02748703 0.03993952
v 0.03127861 0.02884095 0.04038327
v 0.02925443 0.03089189 0.04121232
v 0.02930194 0.03103137 0.04137992
v -0.04292148 -0.00136167 0.02829539
v -0.04246360 -0.00621617 0.02630501
v -0.04262244 -0.00576299 0.02672207
v -0.04292148 -0.00136167 0.02829539
v -0.04262244 -0.00576299 0.02672207
v -0.04298329 -0.00114363 0.02858793
v -0.04292148 -0.00136167 0.02829539
v -0.04241126 -0.00579256 0.02639389
v -0.04246360 -0.00621617 0.02630501
v -0.04278326 -0.00147247 0.02813911
v -0.01262027 0.04075896 0.04519397
v -0.01262027 0.04075896 0.04519397
v -0.01298534 0.04064571 0.04514843
v -0.01262027 0.04075896 0.04519397
v 0.03662014 -0.02165406 0.01997566
v 0.03390169 -0.02598631 0.01833122
v 0.03611499 -0.02293837 0.01973837
v 0.03347617 -0.02667987 0.01825213
v 0.03390169 -0.02598631 0.01833122
v 0.03662002 -0.02194827 0.01996093
v 0.03611499 -0.02293837 0.01973837
v 0.03333085 0.02642631 0.03939622
v 0.03127861 0.02884095 0.04038327
v 0.03263700 0.02748703 0.03993952
v 0.03412050 -0.02542489 0.01845121
v 0.03662002 -0.02194827 0.01996093
v 0.03390169 -0.02598631 0.01833122
v 0.03662014 -0.02165406 0.01997566
v -0.00677264 -0.04240298 0.01183778
v -0.00192040 -0.04292166 0.01174718
v -0.00678515 -0.04244208 0.01200342
v -0.00677264 -0.04240298 0.01183778
v -0.00191343 -0.04279190 0.01156044
v -0.00192040 -0.04292166 0.01174718
v -0.00678444 -0.04222512 0.01172131
v -0.00191343 -0.04279190 0.01156044
v -0.00677264 -0.04240298 0.01183778
v -0.00678444 -0.04222512 0.01172131
v -0.00191724 -0.04262590 0.01151627
v -0.00191343 -0.04279190 0.01156044
v 0.03412050 -0.02542489 0.01845121
v -0.00675684 -0.04215449 0.01171118
v -0.00675684 -0.04215449 0.01171118
v -0.00191724 -0.04262590 0.01151627
v -0.00673151 -0.04210191 0.01171028
v -0.00191724 -0.04262590 0.01151627
v -0.00675684 -0.04215449 0.01171118
v -0.00191724 -0.04262590 0.01151627
v 0.03487581 0.02444434 0.03862100
v 0.03263700 0.02748703 0.03993952
v 0.03574866 0.02329516 0.03827238
v -0.00677884 -0.04215103 0.01171255
v -0.00677884 -0.04215103 0.01171255
v 0.03487581 0.02444434 0.03862100
v 0.03333085 0.02642631 0.03939622
v 0.03263700 0.02748703 0.03993952
v -0.00677884 -0.04215103 0.01171255
v 0.03446477 0.02490895 0.03879016
v 0.03333085 0.02642631 0.03939622
v 0.03487581 0.02444434 0.03862100
v 0.03445088 0.02491730 0.03879410
v 0.03333085 0.02642631 0.03939622
v 0.03446477 0.02490895 0.03879016
v -0.00825882 0.04188758 0.04567170
v -0.00833493 0.04194432 0.04578852
v -0.04285985 0.00102228 0.02917140
v -0.04285985 0.00102228 0.02917140
v -0.01151168 -0.04142516 0.01241421
v -0.01158106 -0.04137217 0.01227515
v -0.00831926 0.04183048 0.04562669
v -0.00831926 0.04183048 0.04562669
v -0.00831926 0.04183048 0.04562669
v -0.01286697 0.04067319 0.04515331
v -0.01262027 0.04075896 0.04519397
v -0.00831926 0.04183048 0.04562669
v -0.01262027 0.04075896 0.04519397
v 0.03332716 -0.02646636 0.01804596
v -0.00813579 0.04184895 0.04562681
v -0.04284560 0.00342810 0.03035062
v 0.03069496 -0.02943032 0.01682657
v 0.03122538 -0.02913933 0.01703977
v 0.03347617 -0.02667987 0.01825213
v 0.03045701 -0.03010749 0.01685827
v 0.03122538 -0.02913933 0.01703977
v 0.03390169 -0.02598631 0.01833122
v 0.03347617 -0.02667987 0.01825213
v -0.01155781 -0.04118078 0.01213735
v -0.01158106 -0.04137217 0.01227515
v -0.00821000 0.04185158 0.04563528
v -0.04275065 0.00349885 0.03021019
v -0.04285985 0.00102228 0.02917140
v -0.04284560 0.00342810 0.03035062
v -0.00821000 0.04185158 0.04563528
v -0.00821000 0.04185158 0.04563528
v -0.00821000 0.04185158 0.04563528
v 0.03149765 -0.02863144 0.01717174
v 0.03122538 -0.02913933 0.01703977
v 0.03149765 -0.02863144 0.01717174
v 0.03412050 -0.02542489 0.01845121
v 0.03332716 -0.02646636 0.01804596
v 0.03149765 -0.02863144 0.01717174
v 0.03332716 -0.02646636 0.01804596
v 0.03069496 -0.02943032 0.01682657
v -0.04261112 0.00354767 0.03015327
v -0.04285985 0.00102228 0.02917140
v -0.04275065 0.00349885 0.03021019
v 0.03559058 0.02325654 0.03812330
v 0.03559058 0.02325654 0.03812330
v -0.01155781 -0.04118078 0.01213735
v 0.03559058 0.02325654 0.03812330
v 0.03445088 0.02491730 0.03879410
v -0.01153647 -0.04111850 0.01212930
v 0.03559058 0.02325654 0.03812330
v 0.03445088 0.02491730 0.03879410
v -0.01153647 -0.04111850 0.01212930
v -0.01153647 -0.04111850 0.01212930
v -0.01149034 -0.04107189 0.01212620
v 0.03768628 0.01993000 0.03682798
v 0.03805744 0.01932340 0.03678292
v 0.03768628 0.01993000 0.03682798
v 0.03487581 0.02444434 0.03862100
v 0.03574866 0.02329516 0.03827238
v -0.01157301 -0.04110831 0.01213341
v -0.01157301 -0.04110831 0.01213341
v 0.03715968 0.02065527 0.03707265
v -0.04285985 0.00102228 0.02917140
v 0.03715968 0.02065527 0.03707265
v 0.03559058 0.02325654 0.03812330
v 0.03487581 0.02444434 0.03862100
v 0.03715968 0.02065527 0.03707265
v 0.03559058 0.02325654 0.03812330
v 0.03715968 0.02065527 0.03707265
v 0.03739410 0.02014470 0.03685867
v 0.03715968 0.02065527 0.03707265
v -0.00408983 0.04253220 0.04596471
v -0.04210108 0.00848311 0.03232461
v -0.01617324 -0.03985172 0.01304268
v -0.00408983 0.04253220 0.04596471
v 0.03032636 -0.02987748 0.01666855
v 0.03032636 -0.02987748 0.01666855
v 0.03032636 -0.02987748 0.01666855
v 0.03149765 -0.02863144 0.01717174
v 0.03032636 -0.02987748 0.01666855
v 0.03069496 -0.02943032 0.01682657
v 0.03149765 -0.02863144 0.01717174
v -0.00425488 0.04242199 0.04586571
v -0.00425488 0.04242199 0.04586571
v -0.01633417 -0.03972876 0.01289111
v -0.00425488 0.04242199 0.04586571
v -0.00367826 0.04247534 0.04588133
v -0.00821000 0.04185158 0.04563528
v -0.00425488 0.04242199 0.04586571
v -0.00367826 0.04247534 0.04588133
v -0.04210108 0.00848311 0.03232461
v -0.04194056 0.00850630 0.03217011
v -0.04275065 0.00349885 0.03021019
v -0.04210108 0.00848311 0.03232461
v 0.02763748 -0.03237104 0.01564496
v 0.02840089 -0.03188693 0.01591348
v 0.03045701 -0.03010749 0.01685827
v 0.02710950 -0.03316342 0.01556742
v 0.02840089 -0.03188693 0.01591348
v 0.03122538 -0.02913933 0.01703977
v 0.03045701 -0.03010749 0.01685827
v -0.04194056 0.00850630 0.03217011
v 0.02840089 -0.03188693 0.01591348
v 0.03032636 -0.02987748 0.01666855
v 0.03122538 -0.02913933 0.01703977
v 0.02829927 -0.03181612 0.01588577
v 0.03032636 -0.02987748 0.01666855
v 0.02840089 -0.03188693 0.01591348
v 0.02829927 -0.03181612 0.01588577
v 0.02763748 -0.03237104 0.01564496
v 0.03032636 -0.02987748 0.01666855
v 0.03069496 -0.02943032 0.01682657
v -0.00332862 0.04250252 0.04589807
v -0.00332862 0.04250252 0.04589807
v -0.00332862 0.04250252 0.04589807
v -0.00367826 0.04247534 0.04588133
v -0.00425488 0.04242199 0.04586571
v -0.00332862 0.04250252 0.04589807
v -0.01633417 -0.03972876 0.01289111
v 0.03786808 0.01932471 0.03653550
v 0.03715968 0.02065527 0.03707265
v 0.03768628 0.01993000 0.03682798
v 0.03786808 0.01932471 0.03653550
v 0.03786808 0.01932471 0.03653550
v 0.03786808 0.01932471 0.03653550
v -0.01619952 -0.03949517 0.01276755
v -0.01155781 -0.04118078 0.01213735
v -0.01633417 -0.03972876 0.01289111
v 0.04000025 0.01486051 0.03485673
v 0.03768628 0.01993000 0.03682798
v 0.03805744 0.01932340 0.03678292
v -0.04095357 0.01292699 0.03421980
v -0.04207718 0.00869089 0.03252226
v -0.04095709 0.01293122 0.03421533
v -0.04095709 0.01293122 0.03421533
v -0.04210108 0.00848311 0.03232461
v -0.04207718 0.00869089 0.03252226
v 0.03969526 0.01532357 0.03492689
v 0.03768628 0.01993000 0.03682798
v 0.04000025 0.01486051 0.03485673
v -0.01619952 -0.03949517 0.01276755
v -0.04090863 0.01297533 0.03408777
v 0.00032494 0.04270684 0.04601860
v -0.00408983 0.04253220 0.04596471
v -0.00017549 0.04274344 0.04615736
v 0.03969526 0.01532357 0.03492689
v 0.03932714 0.01614212 0.03525000
v 0.03932714 0.01614212 0.03525000
v 0.03786808 0.01932471 0.03653550
v 0.03969526 0.01532357 0.03492689
v 0.03969526 0.01532357 0.03492689
v 0.03969526 0.01532357 0.03492689
v 0.03786808 0.01932471 0.03653550
v 0.03932714 0.01614212 0.03525000
v -0.04090863 0.01297533 0.03408777
v 0.02763748 -0.03237104 0.01564496
v 0.02840089 -0.03188693 0.01591348
v 0.02710950 -0.03316342 0.01556742
v -0.04074144 0.01301670 0.03398561
v -0.02036303 -0.03790056 0.01381301
v 0.00032494 0.04270684 0.04601860
v -0.00017763 0.04262578 0.04594790
v -0.00017763 0.04262578 0.04594790
v -0.00017763 0.04262578 0.04594790
v -0.02038371 -0.03778052 0.01362091
v -0.01633417 -0.03972876 0.01289111
v -0.02036303 -0.03790056 0.01381301
v -0.00017763 0.04262578 0.04594790
v -0.00367826 0.04247534 0.04588133
v -0.00332862 0.04250252 0.04589807
v 0.00041783 0.04260575 0.04593139
v -0.02019351 -0.03767436 0.01351249
v -0.02038371 -0.03778052 0.01362091
v 0.02483218 -0.03477716 0.01477819
v 0.02710950 -0.03316342 0.01556742
v 0.02347218 -0.03585374 0.01448160
v 0.00032494 0.04270684 0.04601860
v 0.00424576 0.04251235 0.04596883
v 0.02483218 -0.03477716 0.01477819
v 0.02395623 -0.03520196 0.01450324
v 0.02763748 -0.03237104 0.01564496
v 0.02483218 -0.03477716 0.01477819
v -0.03932172 0.01725924 0.03594321
v -0.04095709 0.01293122 0.03421533
v -0.04095357 0.01292699 0.03421980
v 0.00113356 0.04260790 0.04594057
v 0.00113356 0.04260784 0.04594057
v -0.00017763 0.04262578 0.04594790
v 0.00113356 0.04260790 0.04594057
v 0.00113356 0.04260784 0.04594057
v -0.03932172 0.01725924 0.03594321
v 0.00041783 0.04260575 0.04593139
v -0.00017763 0.04262578 0.04594790
v 0.00113356 0.04260784 0.04594057
v -0.03929090 0.01727318 0.03585362
v -0.03919380 0.01727348 0.03573560
v -0.04090863 0.01297533 0.03408777
v -0.03929090 0.01727318 0.03585362
v 0.04124420 0.01074564 0.03312683
v 0.04000025 0.01486051 0.03485673
v 0.04152882 0.00988853 0.03297483
v -0.03919380 0.01727348 0.03573560
v 0.04124420 0.01074564 0.03312683
v 0.03969526 0.01532357 0.03492689
v 0.04000025 0.01486051 0.03485673
v 0.04096955 0.01135051 0.03331744
v -0.03913867 0.01724869 0.03569936
v -0.04074144 0.01301670 0.03398561
v -0.03919380 0.01727348 0.03573560
v 0.04096955 0.01135051 0.03331744
v -0.03910732 0.01728248 0.03570652
v -0.03913295 0.01726150 0.03570473
v -0.03913295 0.01726150 0.03570473
v -0.03913867 0.01724869 0.03569936
v -0.03913295 0.01726150 0.03570473
v 0.02395623 -0.03520196 0.01450324
v 0.02483218 -0.03477716 0.01477819
v 0.02347218 -0.03585374 0.01448160
v -0.03910732 0.01728248 0.03570652
v -0.03725337 0.02130413 0.03752058
v 0.00422221 0.04240345 0.04585820
v 0.00032494 0.04270684 0.04601860
v 0.00424576 0.04251235 0.04596883
v 0.00113356 0.04260790 0.04594057
v 0.00422221 0.04240345 0.04585820
v 0.00422221 0.04240345 0.04585820
v 0.00113356 0.04260790 0.04594057
v 0.00261778 0.04250967 0.04589122
v 0.00113356 0.04260784 0.04594057
v 0.00422221 0.04240345 0.04585820
v 0.00261778 0.04250967 0.04589122
v 0.00041783 0.04260575 0.04593139
v 0.00113356 0.04260784 0.04594057
v 0.01964581 -0.03802478 0.01351207
v 0.02347218 -0.03585374 0.01448160
v 0.01911205 -0.03839981 0.01361232
v -0.03718262 0.02120840 0.03731817
v -0.03725337 0.02130413 0.03752058
v 0.02044957 -0.03738778 0.01362693
v 0.01964581 -0.03802478 0.01351207
v -0.02382862 -0.03541344 0.01441049
v -0.02355402 -0.03586518 0.01436543
v 0.00727999 0.04204952 0.04574507
v 0.00827593 0.04191601 0.04580795
v -0.03718262 0.02120840 0.03731817
v -0.02355402 -0.03586518 0.01436543
v -0.03708499 0.02128607 0.03732991
v -0.03708499 0.02128607 0.03732991
v -0.03913295 0.01726150 0.03570473
v -0.03708499 0.02128607 0.03732991
v -0.03709405 0.02123636 0.03730106
v -0.03708499 0.02128607 0.03732991
v -0.02382862 -0.03541344 0.01441049
v -0.02019351 -0.03767436 0.01351249
v -0.02355402 -0.03586518 0.01436543
v 0.00599152 0.04218298 0.04576909
v 0.04133492 0.00993365 0.03274536
v 0.00727999 0.04204952 0.04574507
v 0.00599152 0.04218298 0.04576909
v 0.04133492 0.00993365 0.03274536
v 0.04096955 0.01135051 0.03331744
v 0.04133492 0.00993365 0.03274536
v 0.04119110 0.01047134 0.03295415
v 0.04096955 0.01135051 0.03331744
v 0.00599152 0.04218298 0.04576909
v 0.00422221 0.04240345 0.04585820
v 0.00801086 0.04182434 0.04561215
v 0.00422221 0.04240345 0.04585820
v 0.00599152 0.04218298 0.04576909
v -0.03464215 0.02521842 0.03898644
v -0.03464215 0.02521842 0.03898644
v -0.03451371 0.02526968 0.03895163
v -0.03464215 0.02521842 0.03898644
v -0.02408838 -0.03560245 0.01457178
v -0.02036303 -0.03790056 0.01381301
v -0.02489024 -0.03508383 0.01488685
v -0.02408838 -0.03560245 0.01457178
v -0.02408838 -0.03560245 0.01457178
v -0.02382862 -0.03541344 0.01441049
v -0.02355402 -0.03586518 0.01436543
v 0.04207557 0.00661492 0.03143268
v 0.04152882 0.00988853 0.03297483
v 0.04235720 0.00534838 0.03105455
v -0.03458565 0.02511936 0.03887802
v 0.04207557 0.00661492 0.03143268
v 0.04124420 0.01074564 0.03312683
v 0.04152882 0.00988853 0.03297483
v -0.03458565 0.02511936 0.03887802
v -0.03458565 0.02511936 0.03887802
v -0.03447335 0.02525329 0.03892701
v 0.04195815 0.00684667 0.03149867
v 0.04133492 0.00993365 0.03274536
v 0.04124420 0.01074564 0.03312683
v 0.04195815 0.00684667 0.03149867
v 0.04124420 0.01074564 0.03312683
v 0.04207557 0.00661492 0.03143268
v 0.04195815 0.00684667 0.03149867
v 0.04204750 0.00618935 0.03122425
v 0.04119110 0.01047134 0.03295415
v 0.04133492 0.00993365 0.03274536
v -0.03447335 0.02525329 0.03892701
v 0.04195815 0.00684667 0.03149867
v -0.02649581 -0.03358060 0.01516795
v -0.02622652 -0.03398984 0.01512640
v -0.02622652 -0.03398984 0.01512640
v -0.02408838 -0.03560245 0.01457178
v -0.02489024 -0.03508383 0.01488685
v -0.02622652 -0.03398984 0.01512640
v 0.00859505 0.04171931 0.04558181
v -0.02883398 -0.03165197 0.01597249
v -0.02622652 -0.03398984 0.01512640
v -0.02891409 -0.03182125 0.01609086
v 0.00859505 0.04171931 0.04558181
v 0.00599152 0.04218298 0.04576909
v 0.00727999 0.04204952 0.04574507
v 0.00801086 0.04182434 0.04561215
v 0.00599152 0.04218298 0.04576909
v 0.00859505 0.04171931 0.04558181
v -0.02649581 -0.03358060 0.01516795
v 0.01699614 -0.03924626 0.01299434
v 0.01911205 -0.03839981 0.01361232
v 0.01503986 -0.04018443 0.01291066
v 0.01699614 -0.03924626 0.01299434
v 0.01964581 -0.03802478 0.01351207
v 0.01911205 -0.03839981 0.01361232
v 0.01604264 -0.03949499 0.01277130
v 0.01964581 -0.03802478 0.01351207
v 0.01699614 -0.03924626 0.01299434
v 0.02044957 -0.03738778 0.01362693
v 0.01126146 0.04112154 0.04535478
v 0.01288110 0.04071211 0.04530012
v 0.01126146 0.04112154 0.04535478
v 0.00727999 0.04204952 0.04574507
v 0.00827593 0.04191601 0.04580795
v -0.03429734 0.02550953 0.03903549
v -0.03429734 0.02550953 0.03903549
v -0.03429734 0.02550953 0.03903549
v 0.00859505 0.04171931 0.04558181
v 0.04217165 0.00538760 0.03090935
v 0.01126146 0.04112154 0.04535478
v 0.00859505 0.04171931 0.04558181
v 0.04217165 0.00538760 0.03090935
v 0.04217165 0.00538760 0.03090935
v 0.04195815 0.00684667 0.03149867
v 0.04204750 0.00618935 0.03122425
v 0.04195815 0.00684667 0.03149867
v 0.04217165 0.00538760 0.03090935
v -0.03172689 0.02875208 0.04038637
v -0.03464215 0.02521842 0.03898644
v -0.03444182 0.02557951 0.03928458
v -0.03144162 0.02915954 0.04070472
v 0.01503735 -0.04014760 0.01275295
v -0.03213685 -0.02819943 0.01732635
v -0.03232645 -0.02839243 0.01754927
v -0.03172689 0.02875208 0.04038637
v 0.04260540 0.00130796 0.02930486
v 0.04235720 0.00534838 0.03105455
v 0.04270374 0.00029987 0.02904808
v 0.04260540 0.00130796 0.02930486
v 0.04207557 0.00661492 0.03143268
v 0.04235720 0.00534838 0.03105455
v -0.03429734 0.02550953 0.03903549
v -0.03172689 0.02875208 0.04038637
v -0.03447335 0.02525329 0.03892701
v -0.03429734 0.02550953 0.03903549
v -0.03161996 0.02870750 0.04031467
v -0.03447335 0.02525329 0.03892701
v -0.03172689 0.02875208 0.04038637
v 0.04217165 0.00538760 0.03090935
v 0.04247987 0.00178874 0.02945607
v 0.04217165 0.00538760 0.03090935
v 0.04260540 0.00130796 0.02930486
v 0.04247987 0.00178874 0.02945607
v 0.04217165 0.00538760 0.03090935
v 0.04204750 0.00618935 0.03122425
v 0.01604264 -0.03949499 0.01277130
v 0.01699614 -0.03924626 0.01299434
v 0.01503735 -0.04014760 0.01275295
v 0.01337808 0.04047358 0.04509621
v 0.01126146 0.04112154 0.04535478
v 0.01288110 0.04071211 0.04530012
v -0.03539979 -0.02435618 0.01905304
v -0.03232645 -0.02839243 0.01754927
v -0.03536099 -0.02450972 0.01919662
v 0.01184928 -0.04113036 0.01222866
v 0.01076382 -0.04153972 0.01225715
v 0.01225090 -0.04082649 0.01222956
v 0.01184928 -0.04113036 0.01222866
v -0.03530722 -0.02435433 0.01896029
v -0.03539979 -0.02435618 0.01905304
v 0.01524257 0.03987735 0.04494196
v -0.03530722 -0.02435433 0.01896029
v -0.03520333 -0.02415400 0.01895767
v -0.03213685 -0.02819943 0.01732635
v -0.03538775 -0.02403241 0.01902896
v -0.03538775 -0.02403241 0.01902896
v -0.03520333 -0.02415400 0.01895767
v -0.03526639 -0.02401679 0.01900577
v -0.03520333 -0.02415400 0.01895767
v -0.03538775 -0.02403241 0.01902896
v -0.02813136 0.03234273 0.04193925
v -0.03172689 0.02875208 0.04038637
v -0.03144162 0.02915954 0.04070472
v 0.04244977 -0.00480068 0.02697312
v 0.04260540 0.00130796 0.02930486
v 0.04270374 0.00029987 0.02904808
v -0.02837252 0.03204894 0.04171776
v 0.04234123 -0.00410175 0.02707338
v -0.03794664 -0.02027302 0.02086871
v 0.01579046 0.03955197 0.04470372
v 0.01126146 0.04112154 0.04535478
v 0.01337808 0.04047358 0.04509621
v 0.01579046 0.03955197 0.04470372
v 0.01336479 0.04044342 0.04505634
v 0.01126146 0.04112154 0.04535478
v -0.03796702 -0.02006381 0.02072870
v -0.03539979 -0.02435618 0.01905304
v -0.03794664 -0.02027302 0.02086871
v -0.02794545 0.03229516 0.04176586
v -0.02837252 0.03204894 0.04171776
v 0.01524257 0.03987735 0.04494196
v 0.01579046 0.03955197 0.04470372
v 0.01337808 0.04047358 0.04509621
v -0.03796702 -0.02006381 0.02072870
v 0.04234123 -0.00410175 0.02707338
v 0.04234123 -0.00410175 0.02707338
v -0.03796702 -0.02006381 0.02072870
v -0.03538775 -0.02403241 0.01902896
v -0.03530722 -0.02435433 0.01896029
v -0.03775072 -0.02013659 0.02060204
v 0.01071435 -0.04126864 0.01206862
v -0.03775072 -0.02013659 0.02060204
v -0.03775072 -0.02013659 0.02060204
v -0.03538775 -0.02403241 0.01902896
v -0.03775787 -0.01998513 0.02064126
v -0.03775072 -0.02013659 0.02060204
v 0.00842500 -0.04195433 0.01188910
v 0.01076382 -0.04153972 0.01225715
v 0.00625884 -0.04247081 0.01189398
v 0.00842500 -0.04195433 0.01188910
v 0.01184928 -0.04113036 0.01222866
v 0.01076382 -0.04153972 0.01225715
v 0.01757192 0.03889554 0.04451233
v 0.00840819 -0.04180526 0.01185196
v 0.01071435 -0.04126864 0.01206862
v 0.01184928 -0.04113036 0.01222866
v 0.00842500 -0.04195433 0.01188910
v 0.00840819 -0.04180526 0.01185196
v 0.01225090 -0.04082649 0.01222956
v 0.01071435 -0.04126864 0.01206862
v 0.00840819 -0.04180526 0.01185196
v 0.01071435 -0.04126864 0.01206862
v -0.03782331 -0.02000010 0.02065718
v 0.00638246 -0.04212880 0.01169741
v -0.03782331 -0.02000010 0.02065718
v -0.03782331 -0.02000010 0.02065718
v 0.04174339 -0.00878310 0.02527302
v 0.04244977 -0.00480068 0.02697312
v 0.04169386 -0.00938433 0.02519637
v -0.02484673 0.03486770 0.04288125
v -0.02837252 0.03204894 0.04171776
v -0.02813136 0.03234273 0.04193925
v 0.04174339 -0.00878310 0.02527302
v 0.04234123 -0.00410175 0.02707338
v 0.04244977 -0.00480068 0.02697312
v -0.03913289 -0.01781642 0.02173066
v -0.03900152 -0.01817458 0.02174896
v -0.02480316 0.03477096 0.04277205
v -0.02837252 0.03204894 0.04171776
v -0.02484673 0.03486770 0.04288125
v 0.04158347 -0.00888634 0.02513599
v -0.02794545 0.03229516 0.04176586
v 0.00516039 -0.04248958 0.01166331
v 0.00842500 -0.04195433 0.01188910
v 0.00625884 -0.04247081 0.01189398
v -0.03916931 -0.01727288 0.02175515
v -0.03796702 -0.02006381 0.02072870
v -0.03913289 -0.01781642 0.02173066
v 0.01579046 0.03955197 0.04470372
v -0.02480316 0.03477096 0.04277205
v 0.00622791 -0.04219132 0.01169615
v 0.00516039 -0.04248958 0.01166331
v 0.01956558 0.03785794 0.04403114
v 0.01757192 0.03889554 0.04451233
v 0.02168124 0.03678649 0.04383891
v 0.00622791 -0.04219132 0.01169615
v 0.00840819 -0.04180526 0.01185196
v 0.00622791 -0.04219132 0.01169615
v 0.00638246 -0.04212880 0.01169741
v 0.00840819 -0.04180526 0.01185196
v 0.00622791 -0.04219132 0.01169615
v -0.03916931 -0.01727288 0.02175515
v -0.03916931 -0.01727288 0.02175515
v 0.01956558 0.03785794 0.04403114
v 0.01579046 0.03955197 0.04470372
v 0.01757192 0.03889554 0.04451233
v 0.00516039 -0.04248958 0.01166331
v 0.00625884 -0.04247081 0.01189398
v 0.00157678 -0.04288089 0.01168447
v -0.03979331 -0.01602745 0.02231019
v -0.03979331 -0.01602745 0.02231019
v -0.03913289 -0.01781642 0.02173066
v -0.03900152 -0.01817458 0.02174896
v -0.03979331 -0.01602745 0.02231019
v -0.03900152 -0.01817458 0.02174896
v -0.04010480 -0.01554167 0.02270931
v 0.00504357 -0.04235339 0.01163083
v 0.00504357 -0.04235339 0.01163083
v 0.00504357 -0.04235339 0.01163083
v 0.02186685 0.03661966 0.04358834
v 0.01956558 0.03785794 0.04403114
v 0.00155884 -0.04268163 0.01152223
v 0.00516039 -0.04248958 0.01166331
v 0.00157678 -0.04288089 0.01168447
v 0.04049807 -0.01341199 0.02337604
v 0.04169386 -0.00938433 0.02519637
v 0.04030740 -0.01423341 0.02318102
v 0.04049807 -0.01341199 0.02337604
v 0.04174339 -0.00878310 0.02527302
v 0.04169386 -0.00938433 0.02519637
v 0.00155884 -0.04268163 0.01152223
v -0.02101778 0.03725177 0.04381084
v 0.00155884 -0.04268163 0.01152223
v 0.00638246 -0.04212880 0.01169741
v 0.00504357 -0.04235339 0.01163083
v 0.04049807 -0.01341199 0.02337604
v 0.04036331 -0.01334756 0.02333259
v 0.04158347 -0.00888634 0.02513599
v 0.04049807 -0.01341199 0.02337604
v 0.02332687 0.03565400 0.04314184
v 0.01956558 0.03785794 0.04403114
v 0.02186685 0.03661966 0.04358834
v -0.02101778 0.03725177 0.04381084
v -0.02116638 0.03707695 0.04370713
v -0.02092164 0.03721046 0.04375594
v 0.00162262 -0.04247421 0.01154977
v 0.02332687 0.03565400 0.04314184
v 0.02612984 0.03374493 0.04243171
v -0.04138261 -0.01129275 0.02422314
v -0.03979331 -0.01602745 0.02231019
v -0.04010480 -0.01554167 0.02270931
v -0.04138261 -0.01129275 0.02422314
v -0.04010480 -0.01554167 0.02270931
v -0.04162949 -0.01078593 0.02461951
v -0.04139512 -0.01078987 0.02436918
v -0.03979331 -0.01602745 0.02231019
v -0.04138261 -0.01129275 0.02422314
v -0.03916931 -0.01727288 0.02175515
v -0.02077668 0.03729540 0.04379516
v -0.02077668 0.03729540 0.04379516
v -0.02116638 0.03707695 0.04370713
v -0.02077668 0.03729540 0.04379516
v -0.02092164 0.03721046 0.04375594
v -0.02116638 0.03707695 0.04370713
v 0.02660363 0.03324788 0.04216235
v 0.02332687 0.03565400 0.04314184
v 0.02612984 0.03374493 0.04243171
v 0.04036331 -0.01334756 0.02333259
v 0.03888094 -0.01757693 0.02170830
v 0.04030740 -0.01423341 0.02318102
v 0.03836077 -0.01889115 0.02131325
v 0.03888094 -0.01757693 0.02170830
v 0.04049807 -0.01341199 0.02337604
v 0.04030740 -0.01423341 0.02318102
v -0.01696765 0.03926098 0.04463320
v 0.03829765 -0.01852226 0.02123636
v 0.03888094 -0.01757693 0.02170830
v -0.01716071 0.03908163 0.04451674
v -0.01716071 0.03908163 0.04451674
v -0.01716071 0.03908163 0.04451674
v -0.02092164 0.03721046 0.04375594
v -0.02077668 0.03729540 0.04379516
v -0.01709032 0.03910541 0.04452145
v -0.04246360 -0.00621617 0.02630501
v -0.04138261 -0.01129275 0.02422314
v -0.04162949 -0.01078593 0.02461951
v -0.04246360 -0.00621617 0.02630501
v -0.04162949 -0.01078593 0.02461951
v -0.04262244 -0.00576299 0.02672207
v -0.04241126 -0.00579256 0.02639389
v -0.04138261 -0.01129275 0.02422314
v -0.04246360 -0.00621617 0.02630501
v -0.04139512 -0.01078987 0.02436918
v -0.01677119 0.03924924 0.04458433
v -0.01677119 0.03924924 0.04458433
v 0.02660363 0.03324788 0.04216235
v 0.02612984 0.03374493 0.04243171
v 0.03662002 -0.02194827 0.01996093
v 0.03836077 -0.01889115 0.02131325
v 0.03611499 -0.02293837 0.01973837
v 0.03662002 -0.02194827 0.01996093
v 0.03888094 -0.01757693 0.02170830
v 0.03836077 -0.01889115 0.02131325
v 0.03829765 -0.01852226 0.02123636
v 0.03829765 -0.01852226 0.02123636
v -0.02382862 -0.03541344 0.01441049
v -0.02378791 -0.03538036 0.01469933
v -0.02340298 -0.03554749 0.01436287
v -0.02378791 -0.03538036 0.01469933
v -0.02378791 -0.03538036 0.01469933
v -0.02382862 -0.03541344 0.01441049
v -0.02650374 -0.03342705 0.01523286
v -0.02371031 -0.03517127 0.02713376
v -0.02900213 -0.03128695 0.01609545
v -0.02637267 -0.03325510 0.02706253
v -0.03216069 -0.02799218 0.01744699
v -0.02871721 -0.03127247 0.02708238
v -0.03504025 -0.02419829 0.01935553
v -0.03516453 -0.02405518 0.01905357
v -0.03488242 -0.02416115 0.02720892
v -0.03195685 -0.02791619 0.02722859
v -0.03531771 -0.02341341 0.01931720
v -0.03509902 -0.02400696 0.01930451
v -0.03509902 -0.02400696 0.01930451
v -0.03514593 -0.02299571 0.01963323
v -0.03506600 -0.02309143 0.01977699
v -0.03504025 -0.02419829 0.01935553
v -0.03556710 -0.02280408 0.01949012
v -0.03516453 -0.02405518 0.01905357
v -0.03526639 -0.02401679 0.01900577
v 0.02484291 -0.02710038 0.04602342
v 0.02469044 -0.02672970 0.04608392
v 0.02484291 -0.02710038 0.04602342
v 0.02492105 -0.02675592 0.04605036
v 0.02469146 -0.02723038 0.04603874
v 0.02455878 -0.02711421 0.04614204
v 0.02455878 -0.02711421 0.04614204
v 0.02459639 -0.02744495 0.04600775
v 0.02450132 -0.02677506 0.04622215
v 0.02469146 -0.02723038 0.04603874
v 0.02473944 -0.02743786 0.04594671
v 0.02484291 -0.02710038 0.04602342
v 0.02461361 -0.02775806 0.04582583
v 0.02473944 -0.02743786 0.04594671
v 0.02469146 -0.02723038 0.04603874
v 0.02473944 -0.02743786 0.04594671
v 0.02461361 -0.02775806 0.04582583
v 0.02469146 -0.02723038 0.04603874
v 0.02484291 -0.02710038 0.04602342
v 0.02473944 -0.02743786 0.04594671
v 0.02459639 -0.02744495 0.04600775
v 0.02459639 -0.02744495 0.04600775
v 0.02455878 -0.02711421 0.04614204
v 0.02469146 -0.02723038 0.04603874
v 0.02459639 -0.02744495 0.04600775
v 0.02469146 -0.02723038 0.04603874
v 0.02461361 -0.02775806 0.04582583
v 0.02455878 -0.02711421 0.04614204
v 0.02228796 -0.02394556 0.04712378
v 0.01198089 -0.01367169 0.04805427
v 0.01194882 -0.01357626 0.04649519
v 0.02363789 -0.02525866 0.04643911
v 0.02469044 -0.02672970 0.04608392
v 0.02363789 -0.02525866 0.04643911
v 0.02446627 -0.02613103 0.04613482
v 0.02459746 -0.02584552 0.04607319
v 0.02446627 -0.02613103 0.04613482
v 0.02363789 -0.02525866 0.04643911
v 0.02371817 -0.02509683 0.04618626
v 0.02371817 -0.02509683 0.04618626
v 0.02676659 -0.02546781 0.04613959
v 0.02633994 -0.02568644 0.04606389
v 0.02634549 -0.02537339 0.04622107
v 0.02633994 -0.02568644 0.04606389
v 0.02556425 -0.02522403 0.04612296
v 0.02439600 -0.02411782 0.04622232
v 0.02501446 -0.02453958 0.04636979
v 0.02501446 -0.02453958 0.04636979
v 0.02419000 -0.02366071 0.04677939
v 0.02562731 -0.02498406 0.04636180
v 0.02556425 -0.02522403 0.04612296
v 0.02634549 -0.02537339 0.04622107
v 0.02633994 -0.02568644 0.04606389
v 0.02562731 -0.02498406 0.04636180
v 0.02634549 -0.02537339 0.04622107
v 0.02556425 -0.02522403 0.04612296
v 0.02521669 -0.02524548 0.04605460
v 0.02501446 -0.02453958 0.04636979
v 0.02562731 -0.02498406 0.04636180
v 0.02556425 -0.02522403 0.04612296
v 0.02439600 -0.02411782 0.04622232
v 0.01314610 -0.01253867 0.04830282
v 0.01303076 -0.01253163 0.04638332
v 0.01358324 -0.01237219 0.04890745
v 0.01403957 -0.01224440 0.04904109
v 0.01332777 -0.01247286 0.04866206
v 0.01358324 -0.01237219 0.04890745
v 0.01314610 -0.01253867 0.04830282
v 0.01332777 -0.01247286 0.04866206
v 0.02311265 -0.02244096 0.04763180
v 0.01749461 -0.00538534 0.04961955
v 0.01650422 -0.00722796 0.04929929
v 0.01707524 -0.00503784 0.04935544
v 0.01650422 -0.00722796 0.04929929
v 0.01622951 -0.00704265 0.04897493
v 0.01707524 -0.00503784 0.04935544
v 0.01707524 -0.00503784 0.04935544
v 0.01622951 -0.00704265 0.04897493
v 0.01685184 -0.00492620 0.04890310
v 0.01622951 -0.00704265 0.04897493
v 0.01610070 -0.00703949 0.04849559
v 0.01685184 -0.00492620 0.04890310
v 0.01358383 -0.01203101 0.04887145
v 0.01326870 -0.01213419 0.04868257
v 0.01356840 -0.01174247 0.04871821
v 0.01804453 -0.00208157 0.04989951
v 0.01356840 -0.01174247 0.04871821
v 0.01326870 -0.01213419 0.04868257
v 0.01312011 -0.01194959 0.04830127
v 0.01769751 -0.00191766 0.04970306
v 0.01769751 -0.00191766 0.04970306
v 0.01707524 -0.00503784 0.04935544
v 0.01745128 -0.00193459 0.04941034
v 0.01745128 -0.00193459 0.04941034
v 0.01636004 -0.00861204 0.04935330
v 0.01403957 -0.01224440 0.04904109
v 0.01519155 -0.01018899 0.04915004
v 0.01403957 -0.01224440 0.04904109
v 0.01382780 -0.01222276 0.04900646
v 0.01519155 -0.01018899 0.04915004
v 0.01739436 -0.00164491 0.04912263
v 0.01382780 -0.01222276 0.04900646
v 0.01519155 -0.01018899 0.04915004
v 0.01488900 -0.00992423 0.04888749
v 0.01488900 -0.00992423 0.04888749
v 0.01479321 -0.00964188 0.04842352
v 0.01586884 -0.00826263 0.04909211
v 0.01586884 -0.00826263 0.04909211
v 0.01586884 -0.00826263 0.04909211
v 0.01559633 -0.00821316 0.04857921
v 0.01610070 -0.00703949 0.04849559
v 0.01586884 -0.00826263 0.04909211
v 0.01622951 -0.00704265 0.04897493
v 0.01559633 -0.00821316 0.04857921
v 0.01804453 -0.00208157 0.04989951
v 0.01798224 -0.00178319 0.04982370
v 0.01790606 -0.00145876 0.04959303
v 0.01798224 -0.00178319 0.04982370
v 0.01790606 -0.00145876 0.04959303
v 0.01782685 -0.00124180 0.04915750
v 0.04022443 -0.00184965 0.04582959
v 0.04022443 -0.00184965 0.04582959
v 0.03993469 -0.00161493 0.04616826
v 0.03971469 -0.00110322 0.04607635
v 0.04027062 -0.00195473 0.04577124
v 0.03993469 -0.00161493 0.04616826
v 0.04022443 -0.00184965 0.04582959
v 0.04032379 -0.00180685 0.04566675
v 0.04015517 -0.00141609 0.04587709
v 0.04031115 -0.00177169 0.04568690
v 0.04032379 -0.00180685 0.04566675
v 0.04038810 -0.00202805 0.04553306
v 0.04031115 -0.00177169 0.04568690
v 0.03953534 -0.00132287 0.04632812
v 0.03924340 -0.00079867 0.04606175
v 0.03971469 -0.00110322 0.04607635
v 0.04038810 -0.00202805 0.04553306
v 0.04042840 -0.00225025 0.04538726
v 0.04032379 -0.00180685 0.04566675
v 0.04038810 -0.00202805 0.04553306
v 0.04022443 -0.00184965 0.04582959
v 0.04038810 -0.00202805 0.04553306
v 0.04042840 -0.00225025 0.04538726
v 0.04022443 -0.00184965 0.04582959
v 0.04015517 -0.00141609 0.04587709
v 0.04038810 -0.00202805 0.04553306
v 0.04027062 -0.00195473 0.04577124
v 0.04022443 -0.00184965 0.04582959
v 0.04042840 -0.00225025 0.04538726
v 0.03993469 -0.00161493 0.04616826
v 0.03953534 -0.00132287 0.04632812
v 0.03971469 -0.00110322 0.04607635
v 0.03497767 -0.00124478 0.04918134
v 0.01782685 -0.00124180 0.04915750
v 0.01773256 -0.00117654 0.04652154
v 0.03900820 -0.00115675 0.04641920
v 0.03895419 -0.00104809 0.04626184
v 0.03953534 -0.00132287 0.04632812
v 0.03895419 -0.00104809 0.04626184
v 0.03924340 -0.00079867 0.04606175
v 0.03953534 -0.00132287 0.04632812
v 0.04010534 0.00045975 0.04601824
v 0.04044795 0.00081369 0.04578369
v 0.03974217 0.00034389 0.04622870
v 0.03974312 0.00015690 0.04609847
v 0.03936249 0.00035708 0.04646474
v 0.03974217 0.00034389 0.04622870
v 0.03936249 0.00035708 0.04646474
v 0.03983151 0.00053999 0.04648375
v 0.04044795 0.00081369 0.04578369
v 0.03974217 0.00034389 0.04622870
v 0.04010534 0.00045975 0.04601824
v 0.04009121 0.00065745 0.04627364
v 0.04010534 0.00045975 0.04601824
v 0.03974217 0.00034389 0.04622870
v 0.03936249 0.00035708 0.04646474
v 0.03974312 0.00015690 0.04609847
v 0.03905874 0.00011730 0.04616832
v 0.01769042 0.00036284 0.04645663
v 0.01780521 0.00044244 0.04949390
v 0.02618050 0.02209007 0.05175846
v 0.02630889 0.02176994 0.05197817
v 0.02081096 0.02172970 0.05200380
v 0.02067291 0.02204233 0.05181032
v 0.02637434 0.02219527 0.05145758
v 0.02618050 0.02209007 0.05175846
v 0.02067291 0.02204233 0.05181032
v 0.02637434 0.02219527 0.05145758
v 0.02067291 0.02204233 0.05181032
v 0.02076590 0.02218598 0.05155485
v 0.02921408 0.01261419 0.05110931
v 0.02827882 0.01382017 0.05084288
v 0.02954155 0.01295703 0.05068439
v 0.02614551 0.01822388 0.05136865
v 0.02635383 0.01831936 0.05100131
v 0.02647215 0.01738351 0.05090814
v 0.02591794 0.01642608 0.05153048
v 0.02582490 0.01822155 0.05162364
v 0.02605193 0.01629585 0.05150359
v 0.02827882 0.01382017 0.05084288
v 0.02837753 0.01393598 0.05051952
v 0.02954155 0.01295703 0.05068439
v 0.02605193 0.01629585 0.05150359
v 0.02582490 0.01822155 0.05162364
v 0.02637100 0.01636040 0.05132174
v 0.02637100 0.01636040 0.05132174
v 0.02582490 0.01822155 0.05162364
v 0.02628183 0.01714730 0.05129557
v 0.02614551 0.01822388 0.05136865
v 0.02954810 0.01308095 0.05032831
v 0.02628183 0.01714730 0.05129557
v 0.02774095 0.01317453 0.05125921
v 0.02921408 0.01261419 0.05110931
v 0.03071290 0.01171481 0.05111640
v 0.02661359 0.02157104 0.05185896
v 0.02693092 0.02165532 0.05156654
v 0.02644217 0.02059561 0.05160450
v 0.03082537 0.01223820 0.05082523
v 0.02694588 0.01488751 0.05128037
v 0.02921408 0.01261419 0.05110931
v 0.02954155 0.01295703 0.05068439
v 0.03082537 0.01223820 0.05082523
v 0.02644217 0.02059561 0.05160450
v 0.02693092 0.02165532 0.05156654
v 0.02663922 0.02049708 0.05123019
v 0.02703583 0.02149087 0.05128061
v 0.02630889 0.02176994 0.05197817
v 0.02661359 0.02157104 0.05185896
v 0.02591842 0.01979756 0.05176180
v 0.02694588 0.01488751 0.05128037
v 0.02664655 0.01623672 0.05110210
v 0.03082537 0.01223820 0.05082523
v 0.02954155 0.01295703 0.05068439
v 0.03085196 0.01249665 0.05033850
v 0.02954810 0.01308095 0.05032831
v 0.02678138 0.01631301 0.05076897
v 0.03071290 0.01171481 0.05111640
v 0.03224849 0.01149833 0.05107259
v 0.03390032 0.01125931 0.05110090
v 0.02664655 0.01623672 0.05110210
v 0.02591842 0.01979756 0.05176180
v 0.02591794 0.01642608 0.05153048
v 0.02694588 0.01488751 0.05128037
v 0.02774095 0.01317453 0.05125921
v 0.03071290 0.01171481 0.05111640
v 0.03082537 0.01223820 0.05082523
v 0.03231590 0.01184660 0.05089890
v 0.03224849 0.01149833 0.05107259
v 0.02547085 0.01909351 0.05178576
v 0.02694588 0.01488751 0.05128037
v 0.03231590 0.01184660 0.05089890
v 0.03082537 0.01223820 0.05082523
v 0.03230506 0.01220154 0.05042731
v 0.03085196 0.01249665 0.05033850
v 0.02731400 0.01490664 0.05098700
v 0.02746307 0.01501041 0.05064272
v 0.02731400 0.01490664 0.05098700
v 0.03224849 0.01149833 0.05107259
v 0.02620124 0.01952803 0.05149960
v 0.03231590 0.01184660 0.05089890
v 0.03230506 0.01220154 0.05042731
v 0.02591842 0.01979756 0.05176180
v 0.02644217 0.02059561 0.05160450
v 0.02620124 0.01952803 0.05149960
v 0.02642446 0.01962280 0.05116111
v 0.02774095 0.01317453 0.05125921
v 0.02694588 0.01488751 0.05128037
v 0.02793383 0.01336920 0.05123698
v 0.02793383 0.01336920 0.05123698
v 0.02694588 0.01488751 0.05128037
v 0.02810543 0.01355963 0.05113393
v 0.02582490 0.01822155 0.05162364
v 0.02694588 0.01488751 0.05128037
v 0.02731400 0.01490664 0.05098700
v 0.02810543 0.01355963 0.05113393
v 0.02591794 0.01642608 0.05153048
v 0.02731400 0.01490664 0.05098700
v 0.02746307 0.01501041 0.05064272
v 0.02827882 0.01382017 0.05084288
v 0.02837753 0.01393598 0.05051952
v 0.02921408 0.01261419 0.05110931
v 0.02921408 0.01261419 0.05110931
v 0.01810580 0.00090492 0.05011576
v 0.01813876 0.00114936 0.05020380
v 0.01780998 0.00058442 0.04976761
v 0.01810580 0.00090492 0.05011576
v 0.03446727 0.00071311 0.04997199
v 0.01780521 0.00044244 0.04949390
v 0.01780998 0.00058442 0.04976761
v 0.03571236 0.00046512 0.04951804
v 0.03446727 0.00071311 0.04997199
v 0.01671242 0.00606269 0.05053585
v 0.01642334 0.00599158 0.05025839
v 0.01543349 0.00843006 0.05062580
v 0.01525062 0.00843453 0.05043089
v 0.01525062 0.00843453 0.05043089
v 0.01642334 0.00599158 0.05025839
v 0.01512861 0.00833446 0.05009698
v 0.01623845 0.00595433 0.04982995
v 0.01744335 0.00074701 0.04949355
v 0.01700431 0.00363374 0.04982036
v 0.01749962 0.00099003 0.04973244
v 0.01813876 0.00114936 0.05020380
v 0.01778870 0.00093302 0.05001652
v 0.01733744 0.00367904 0.05024862
v 0.01771372 0.00375062 0.05042940
v 0.01733744 0.00367904 0.05024862
v 0.01778870 0.00093302 0.05001652
v 0.01700431 0.00363374 0.04982036
v 0.01749962 0.00099003 0.04973244
v 0.01583999 0.00851363 0.05083113
v 0.01771372 0.00375062 0.05042940
v 0.01671242 0.00606269 0.05053585
v 0.01671242 0.00606269 0.05053585
v 0.01700431 0.00363374 0.04982036
v 0.01583999 0.00851363 0.05083113
v 0.01671242 0.00606269 0.05053585
v 0.01543349 0.00843006 0.05062580
v 0.02039635 0.02179831 0.05185341
v 0.02081096 0.02172970 0.05200380
v 0.01583999 0.00851363 0.05083113
v 0.01543349 0.00843006 0.05062580
v 0.02016222 0.02195948 0.05157876
v 0.02039635 0.02179831 0.05185341
v 0.01543349 0.00843006 0.05062580
v 0.01525062 0.00843453 0.05043089
v 0.01998579 0.02195179 0.05122774
v 0.02016222 0.02195948 0.05157876
v 0.01509881 0.00858235 0.05008679
v 0.01525062 0.00843453 0.05043089
v 0.02663922 0.02049708 0.05123019
v 0.02703583 0.02149087 0.05128061
v 0.02718400 0.02171444 0.04880356
v 0.02653986 0.01988369 0.04893791
v 0.02642446 0.01962280 0.05116111
v 0.02635383 0.01831936 0.05100131
v 0.02642267 0.01817131 0.04895240
v 0.02642446 0.01962280 0.05116111
v 0.02647215 0.01738351 0.05090814
v 0.02642267 0.01817131 0.04895240
v 0.02682507 0.01634955 0.04898148
v 0.02635383 0.01831936 0.05100131
v 0.02678138 0.01631301 0.05076897
v 0.02746307 0.01501041 0.05064272
v 0.02682507 0.01634955 0.04898148
v 0.02765405 0.01482641 0.04897737
v 0.02678138 0.01631301 0.05076897
v 0.02837753 0.01393598 0.05051952
v 0.02765405 0.01482641 0.04897737
v 0.02890157 0.01359063 0.04871219
v 0.02746307 0.01501041 0.05064272
v 0.02954810 0.01308095 0.05032831
v 0.03033715 0.01272422 0.04897546
v 0.03085196 0.01249665 0.05033850
v 0.03190225 0.01229614 0.04897654
v 0.03230506 0.01220154 0.05042731
v 0.03392690 0.01233834 0.04894405
v 0.03230506 0.01220154 0.05042731
v 0.03190225 0.01229614 0.04897654
v 0.03376793 0.01226615 0.05039125
v 0.03470426 0.01248675 0.05025345
v 0.03376793 0.01226615 0.05039125
v 0.03392690 0.01233834 0.04894405
v 0.03533804 0.01279300 0.04884594
v 0.03705841 0.01483917 0.04752284
v 0.03511452 0.01356917 0.04766017
v 0.03714096 0.01433330 0.04775881
v 0.03534168 0.01312363 0.04808282
v 0.03714096 0.01433330 0.04775881
v 0.03712064 0.01385682 0.04821991
v 0.03511452 0.01356917 0.04766017
v 0.03534168 0.01312363 0.04808282
v 0.03712064 0.01385682 0.04821991
v 0.03692775 0.01351076 0.04876267
v 0.03533804 0.01279300 0.04884594
v 0.03643220 0.01195955 0.05046147
v 0.03619807 0.01234465 0.05045366
v 0.03747272 0.01252251 0.04957360
v 0.03720396 0.01294034 0.04956150
v 0.03720396 0.01294034 0.04956150
v 0.03723335 0.01319265 0.04927444
v 0.03581643 0.01271033 0.05022883
v 0.03414773 0.01273614 0.04804611
v 0.03322237 0.01256614 0.04807299
v 0.03356194 0.01310890 0.04764288
v 0.03322237 0.01256614 0.04807299
v 0.03168058 0.01248794 0.04835665
v 0.03179949 0.01295524 0.04776155
v 0.03190225 0.01229614 0.04897654
v 0.03029704 0.01287502 0.04841506
v 0.03168058 0.01248794 0.04835665
v 0.03033715 0.01272422 0.04897546
v 0.03320145 0.01226764 0.04877769
v 0.03168058 0.01248794 0.04835665
v 0.03322237 0.01256614 0.04807299
v 0.03190225 0.01229614 0.04897654
v 0.03412997 0.01245445 0.04857236
v 0.03414773 0.01273614 0.04804611
v 0.03320145 0.01226764 0.04877769
v 0.03392690 0.01233834 0.04894405
v 0.03190225 0.01229614 0.04897654
v 0.03392690 0.01233834 0.04894405
v 0.03320145 0.01226764 0.04877769
v 0.03412997 0.01245445 0.04857236
v 0.03412997 0.01245445 0.04857236
v 0.02904552 0.02294719 0.04776483
v 0.02851915 0.02012246 0.04744082
v 0.02811759 0.02162224 0.04765230
v 0.02793467 0.02192515 0.04788297
v 0.02770161 0.01941770 0.04748302
v 0.02793467 0.02192515 0.04788297
v 0.02776658 0.02219182 0.04829108
v 0.02763170 0.02224528 0.04849034
v 0.02723753 0.02002102 0.04775029
v 0.02723753 0.02002102 0.04775029
v 0.02793467 0.02192515 0.04788297
v 0.02811759 0.02162224 0.04765230
v 0.02763170 0.02224528 0.04849034
v 0.02752721 0.02191197 0.04833078
v 0.02763170 0.02224528 0.04849034
v 0.02778255 0.02252763 0.04884821
v 0.02855455 0.02330327 0.04865592
v 0.02775686 0.01733350 0.04750347
v 0.02723753 0.02002102 0.04775029
v 0.02752721 0.02191197 0.04833078
v 0.02793467 0.02192515 0.04788297
v 0.02725231 0.01795798 0.04765367
v 0.02770161 0.01941770 0.04748302
v 0.02775686 0.01733350 0.04750347
v 0.02676784 0.02019524 0.04837584
v 0.02718400 0.02171444 0.04880356
v 0.02752721 0.02191197 0.04833078
v 0.02676784 0.02019524 0.04837584
v 0.02690434 0.01900899 0.04790812
v 0.02660995 0.01939308 0.04837489
v 0.02676784 0.02019524 0.04837584
v 0.02697420 0.01761329 0.04790073
v 0.02663427 0.01833796 0.04824638
v 0.02769309 0.01635277 0.04765892
v 0.02877199 0.01529443 0.04748970
v 0.02647155 0.01824516 0.04863590
v 0.02660995 0.01939308 0.04837489
v 0.02660995 0.01939308 0.04837489
v 0.02741670 0.01617759 0.04790169
v 0.02681189 0.01718115 0.04822897
v 0.02815729 0.01521390 0.04776024
v 0.02815729 0.01521390 0.04776024
v 0.02647155 0.01824516 0.04863590
v 0.02708184 0.01615226 0.04831415
v 0.02681189 0.01718115 0.04822897
v 0.02697420 0.01761329 0.04790073
v 0.02741670 0.01617759 0.04790169
v 0.02660161 0.01713621 0.04877340
v 0.02708184 0.01615226 0.04831415
v 0.02708184 0.01615226 0.04831415
v 0.02741670 0.01617759 0.04790169
v 0.02815729 0.01521390 0.04776024
v 0.02660161 0.01713621 0.04877340
v 0.02682507 0.01634955 0.04898148
v 0.02642267 0.01817131 0.04895240
v 0.02660161 0.01713621 0.04877340
v 0.02642267 0.01817131 0.04895240
v 0.02647155 0.01824516 0.04863590
v 0.02936911 0.01421689 0.04766017
v 0.03125953 0.01360112 0.04750722
v 0.03184288 0.01418417 0.04743617
v 0.02936911 0.01421689 0.04766017
v 0.02776783 0.01491039 0.04837310
v 0.02713394 0.01570004 0.04877173
v 0.02708184 0.01615226 0.04831415
v 0.02776783 0.01491039 0.04837310
v 0.02682507 0.01634955 0.04898148
v 0.02713394 0.01570004 0.04877173
v 0.02907156 0.01385170 0.04804772
v 0.02907156 0.01385170 0.04804772
v 0.02815729 0.01521390 0.04776024
v 0.02936911 0.01421689 0.04766017
v 0.02713394 0.01570004 0.04877173
v 0.02765405 0.01482641 0.04897737
v 0.02682507 0.01634955 0.04898148
v 0.03049230 0.01331233 0.04778653
v 0.03049230 0.01331233 0.04778653
v 0.03179949 0.01295524 0.04776155
v 0.02890157 0.01359063 0.04871219
v 0.02776783 0.01491039 0.04837310
v 0.02907156 0.01385170 0.04804772
v 0.03029704 0.01287502 0.04841506
v 0.02907156 0.01385170 0.04804772
v 0.03049230 0.01331233 0.04778653
v 0.03029704 0.01287502 0.04841506
v 0.02890157 0.01359063 0.04871219
v 0.02907156 0.01385170 0.04804772
v 0.03356194 0.01310890 0.04764288
v 0.03179949 0.01295524 0.04776155
v 0.03029704 0.01287502 0.04841506
v 0.02878773 0.02354770 0.04898273
v 0.03038305 0.02472466 0.05088794
v 0.03113764 0.02520757 0.04897290
v 0.02474457 0.02476888 0.05188310
v 0.02436500 0.02469360 0.05224823
v 0.02458190 0.02555221 0.05221104
v 0.02474457 0.02476888 0.05188310
v 0.02458190 0.02555221 0.05221104
v 0.02474194 0.02549111 0.05195450
v 0.02186566 0.02447021 0.05218708
v 0.02185881 0.02470076 0.05226469
v 0.02436500 0.02469360 0.05224823
v 0.02428561 0.02436316 0.05209881
v 0.02192693 0.02421915 0.05190479
v 0.02186566 0.02447021 0.05218708
v 0.02428561 0.02436316 0.05209881
v 0.02192693 0.02421915 0.05190479
v 0.02428561 0.02436316 0.05209881
v 0.02425289 0.02420216 0.05178529
v 0.02374017 0.03008788 0.05270534
v 0.02185881 0.02470076 0.05226469
v 0.02158933 0.02485436 0.05216568
v 0.02346432 0.03023058 0.05257159
v 0.02374017 0.03008788 0.05270534
v 0.02146100 0.02540040 0.05197215
v 0.02374017 0.03008788 0.05270534
v 0.02158933 0.02485436 0.05216568
v 0.02146100 0.02540040 0.05197215
v 0.02319544 0.03033190 0.05230361
v 0.02346432 0.03023058 0.05257159
v 0.02146100 0.02540040 0.05197215
v 0.02322536 0.03083765 0.05192142
v 0.02319544 0.03033190 0.05230361
v 0.02137142 0.02574622 0.05160540
v 0.02146100 0.02540040 0.05197215
v 0.02522766 0.02623981 0.05234313
v 0.02511507 0.02635592 0.05240601
v 0.02681726 0.02632611 0.05241274
v 0.02653282 0.02612662 0.05226635
v 0.02517431 0.02599126 0.05203109
v 0.02522766 0.02623981 0.05234313
v 0.02653282 0.02612662 0.05226635
v 0.02652949 0.02595913 0.05200898
v 0.02511507 0.02635592 0.05240601
v 0.02522766 0.02623981 0.05234313
v 0.02485960 0.02611887 0.05234569
v 0.02522766 0.02623981 0.05234313
v 0.02517431 0.02599126 0.05203109
v 0.02485960 0.02611887 0.05234569
v 0.02436876 0.02564692 0.05234426
v 0.02485960 0.02611887 0.05234569
v 0.02463233 0.02583545 0.05228674
v 0.02493649 0.02587771 0.05205363
v 0.02485960 0.02611887 0.05234569
v 0.02517431 0.02599126 0.05203109
v 0.02493649 0.02587771 0.05205363
v 0.02458190 0.02555221 0.05221104
v 0.02436500 0.02469360 0.05224823
v 0.02436876 0.02564692 0.05234426
v 0.02479004 0.02565300 0.05198502
v 0.02436876 0.02564692 0.05234426
v 0.02463233 0.02583545 0.05228674
v 0.02458190 0.02555221 0.05221104
v 0.02458190 0.02555221 0.05221104
v 0.02463233 0.02583545 0.05228674
v 0.02479004 0.02565300 0.05198502
v 0.02474194 0.02549111 0.05195450
v 0.02858787 0.02435749 0.05223315
v 0.02884721 0.02426040 0.05213481
v 0.02771776 0.02308547 0.05194807
v 0.02771776 0.02308547 0.05194807
v 0.02771776 0.02308547 0.05194807
v 0.02950406 0.02427369 0.05169332
v 0.02895998 0.02378070 0.05158174
v 0.02704489 0.02560323 0.05222916
v 0.02717000 0.02582406 0.05235177
v 0.02747786 0.02350860 0.05218178
v 0.02704489 0.02560323 0.05222916
v 0.02747786 0.02350860 0.05218178
v 0.02721881 0.02335304 0.05209088
v 0.02687209 0.02554816 0.05195897
v 0.02704489 0.02560323 0.05222916
v 0.02704507 0.02343463 0.05200338
v 0.02704489 0.02560323 0.05222916
v 0.02721881 0.02335304 0.05209088
v 0.02704507 0.02343463 0.05200338
v 0.02689152 0.02324450 0.05171626
v 0.02113020 0.02616041 0.04613554
v 0.02341437 0.03285104 0.04604864
v 0.02340823 0.03217524 0.04621469
v 0.02113020 0.02616041 0.04613554
v 0.02087283 0.02620851 0.04602563
v 0.02341437 0.03285104 0.04604864
v 0.02122581 0.02598643 0.04625886
v 0.02127802 0.02585232 0.04645150
v 0.02340823 0.03217524 0.04621469
v 0.02365571 0.03232949 0.04654985
v 0.02122581 0.02598643 0.04625886
v 0.01904535 0.02532184 0.04602432
v 0.01918900 0.02588784 0.04613125
v 0.01938784 0.02588295 0.04593992
v 0.01918900 0.02588784 0.04613125
v 0.01904535 0.02532184 0.04602432
v 0.01933884 0.02634531 0.04626160
v 0.01938784 0.02588295 0.04593992
v 0.01952737 0.02638351 0.04610103
v 0.01964747 0.02625030 0.04603350
v 0.01952737 0.02638351 0.04610103
v 0.01933884 0.02634531 0.04626160
v 0.02232110 0.03372824 0.04604637
v 0.01964747 0.02625030 0.04603350
v 0.01952737 0.02638351 0.04610103
v 0.02218812 0.03401315 0.04610097
v 0.02211308 0.03401738 0.04629570
v 0.02211308 0.03401738 0.04629570
v 0.02218812 0.03401315 0.04610097
v 0.01952737 0.02638351 0.04610103
v 0.01301461 0.00872248 0.04654073
v 0.01292639 0.00893283 0.05007606
v 0.01302719 0.00899559 0.04635047
v 0.01301461 0.00872248 0.04654073
v 0.01297122 0.00866264 0.04996979
v 0.01292639 0.00893283 0.05007606
v 0.01867318 0.02396345 0.04608500
v 0.01333600 0.00902885 0.04606121
v 0.01310896 0.00899464 0.04619461
v 0.01845055 0.02390599 0.04631429
v 0.01867318 0.02396345 0.04608500
v 0.01310896 0.00899464 0.04619461
v 0.01845055 0.02390599 0.04631429
v 0.01310896 0.00899464 0.04619461
v 0.01302719 0.00899559 0.04635047
v 0.01904535 0.02532184 0.04602432
v 0.01845055 0.02390599 0.04631429
v 0.01933884 0.02634531 0.04626160
v 0.01904535 0.02532184 0.04602432
v -0.00012685 -0.04488921 0.01348495
v -0.00010493 -0.04489862 0.01076018
v -0.00461572 -0.04467004 0.01346391
v -0.00900996 -0.04398638 0.01385802
v -0.01376813 -0.04274302 0.01437270
v -0.01269567 -0.04308903 0.01151305
v -0.01626116 -0.04186969 0.01464045
v -0.01798695 -0.04119515 0.01218068
v -0.01853919 -0.04089677 0.01509922
v -0.02298158 -0.03857135 0.01602965
v -0.02195036 -0.03918325 0.01310145
v -0.02696681 -0.03585958 0.01714837
v -0.02624726 -0.03647351 0.01407986
v -0.03099530 -0.03244990 0.01845747
v -0.02971142 -0.03365105 0.01534217
v -0.03407424 -0.02916705 0.01979285
v -0.03309684 -0.03029096 0.01668524
v -0.03720253 -0.02500498 0.02144140
v -0.03603112 -0.02670812 0.01809018
v -0.03864192 -0.02271807 0.01968860
v -0.03979671 -0.02054953 0.02323317
v -0.04074245 -0.01860642 0.02139151
v -0.04168093 -0.01631498 0.02495563
v -0.04241275 -0.01433771 0.02307093
v -0.04323375 -0.01142776 0.02690172
v -0.04367429 -0.00979519 0.02484256
v -0.04421824 -0.00632322 0.02897429
v -0.04443156 -0.00465745 0.02705121
v -0.04459828 -0.00164086 0.03086185
v -0.04462122 0.00050005 0.02921664
v -0.04447054 0.00306815 0.03277695
v -0.04435992 0.00448680 0.03166759
v -0.04379343 0.00809544 0.03472983
v 0.04358261 0.00780690 0.03462463
v 0.04403769 0.00507057 0.03110355
v 0.04424136 0.00270009 0.03257566
v 0.04434967 0.00046908 0.02918267
v 0.04431778 -0.00204790 0.03067874
v 0.04431617 -0.00247049 0.02795141
v 0.04381382 -0.00718391 0.02866184
v 0.04409760 -0.00546449 0.02664572
v 0.04288113 -0.01175594 0.02667367
v 0.04320544 -0.01053398 0.02463632
v 0.04138720 -0.01633346 0.02500021
v 0.04172652 -0.01551938 0.02261906
v 0.03951621 -0.02056396 0.02324688
v 0.03971451 -0.02022552 0.02072465
v 0.03725975 -0.02451801 0.02161926
v 0.03720414 -0.02460420 0.01895749
v 0.03418362 -0.02868616 0.02001059
v 0.03411346 -0.02881544 0.01722973
v 0.03106689 -0.03209441 0.01866078
v 0.03069937 -0.03250283 0.01571196
v 0.02762961 -0.03515678 0.01740956
v 0.02684712 -0.03581386 0.01432651
v 0.02345061 -0.03813225 0.01608735
v 0.02283608 -0.03854578 0.01323986
v 0.01911526 -0.04048514 0.01531141
v 0.01840913 -0.04087871 0.01230561
v 0.01477259 -0.04231417 0.01451396
v 0.01370853 -0.04271930 0.01157522
v 0.01042050 -0.04362440 0.01391422
v 0.00929034 -0.04391866 0.01105952
v 0.00595808 -0.04447239 0.01360589
v 0.00441694 -0.04469633 0.01074880
v 0.00295293 -0.04478865 0.01345998
v -0.01018756 0.04328185 0.04643499
v -0.01222747 0.04262548 0.04857379
v -0.01454830 0.04205566 0.04591035
v -0.00734496 0.04371690 0.04901313
v -0.00539452 0.04412710 0.04674613
v -0.00276858 0.04423063 0.04919165
v -0.00047700 0.04443389 0.04689651
v 0.00170904 0.04426902 0.04922658
v 0.00447744 0.04417753 0.04682916
v 0.00666308 0.04378181 0.04897534
v 0.00887746 0.04345268 0.04670244
v 0.01153981 0.04274451 0.04856914
v -0.04451531 0.00322533 0.03023833
v 0.01339459 0.04230850 0.04606336
v -0.04431366 0.00550413 0.03110313
v 0.01630175 0.04115182 0.04792135
v 0.01762551 0.04070240 0.04546034
v -0.04338443 0.01041579 0.03313905
v 0.02084243 0.03903943 0.04707688
v -0.04258584 0.01292645 0.03658723
v 0.02166557 0.03870642 0.04461777
v 0.02514904 0.03640657 0.04602199
v 0.02552652 0.03625410 0.04364305
v 0.02900314 0.03341019 0.04483461
v 0.02921271 0.03340595 0.04240107
v 0.03244107 0.03018623 0.04130530
v 0.03250986 0.03000259 0.04344540
v 0.03548574 0.02658838 0.03967809
v 0.03568649 0.02614164 0.04196518
v 0.03805106 0.02272534 0.03818839
v 0.03890872 0.02108240 0.03992140
v -0.04189890 0.01533120 0.03507035
v -0.04123485 0.01670217 0.03818178
v 0.04025173 0.01860189 0.03646677
v 0.04081588 0.01708650 0.03832161
v -0.03985977 0.01999706 0.03701412
v -0.04003185 0.01941078 0.03921306
v -0.03774088 0.02352374 0.04087996
v -0.03746044 0.02410554 0.03877836
v -0.03497159 0.02744555 0.04245895
v -0.03449547 0.02819633 0.04036694
v -0.03189843 0.03093951 0.04389780
v -0.03113770 0.03188085 0.04179990
v 0.04200273 0.01425862 0.03465467
v 0.04231452 0.01292741 0.03665953
v -0.02833366 0.03421705 0.04518383
v -0.02751922 0.03496778 0.04316622
v -0.02463245 0.03694057 0.04628920
v -0.02348804 0.03779876 0.04424643
v 0.04326003 0.00976849 0.03286743
v -0.02064490 0.03928828 0.04721266
v -0.01898437 0.04018741 0.04537391
v -0.01650696 0.04118251 0.04798471
v 0.00095452 -0.03206771 0.04327231
v 0.00079188 -0.03195798 0.04328817
v 0.00136936 -0.04261350 0.01167130
v 0.00145012 -0.04239541 0.01175034
v 0.00162262 -0.04247421 0.01154977
v 0.00155884 -0.04268163 0.01152223
v 0.00136936 -0.04261350 0.01167130
v 0.00162262 -0.04247421 0.01154977
v 0.00402820 0.04260516 0.04882478
v 0.00783604 0.04204690 0.04856121
v 0.01180064 0.04109907 0.04816591
v 0.01524257 0.03987735 0.04494196
v 0.01672762 0.03934448 0.04743129
v 0.02091223 0.03728550 0.04656285
v 0.02445876 0.03504019 0.04565936
v 0.02873677 0.03163194 0.04427164
v 0.02930194 0.03103137 0.04137992
v 0.03173857 0.02859783 0.04305928
v 0.03453224 0.02514863 0.04162925
v 0.03755712 0.02038592 0.03966188
v 0.03939658 0.01657152 0.03824687
v 0.04086250 0.01250201 0.03647643
v 0.04199808 0.00792569 0.03467714
v 0.04261094 0.00355959 0.03293818
v 0.04244977 -0.00480068 0.02697312
v 0.04275709 -0.00084966 0.03107613
v 0.04230606 -0.00628072 0.02885311
v 0.04169386 -0.00938433 0.02519637
v 0.04127860 -0.01126855 0.02681243
v 0.03998863 -0.01528996 0.02517002
v 0.03611499 -0.02293837 0.01973837
v 0.03781539 -0.02010095 0.02329182
v 0.03347617 -0.02667987 0.01825213
v 0.03515309 -0.02448058 0.02144414
v 0.03206074 -0.02844405 0.01982462
v 0.03045701 -0.03010749 0.01685827
v 0.02857476 -0.03197354 0.01838815
v 0.02710950 -0.03316342 0.01556742
v 0.02471470 -0.03507030 0.01714020
v 0.02347218 -0.03585374 0.01448160
v 0.02091431 -0.03747665 0.01617443
v 0.01911205 -0.03839981 0.01361232
v 0.01649940 -0.03964185 0.01529347
v 0.01240152 -0.04114997 0.01481014
v 0.01503986 -0.04018443 0.01291066
v 0.01076382 -0.04153972 0.01225715
v 0.00625884 -0.04247081 0.01189398
v 0.00801373 -0.04221147 0.01426690
v 0.00157678 -0.04288089 0.01168447
v 0.00474626 -0.04271787 0.01402270
v 0.00139749 -0.04296809 0.01391953
v 0.00155884 -0.04268163 0.01152223
v 0.00138879 -0.04278582 0.01176935
v 0.00136936 -0.04261350 0.01167130
v 0.00157678 -0.04288089 0.01168447
v 0.00138879 -0.04278582 0.01176935
v 0.00157678 -0.04288089 0.01168447
v 0.00153053 -0.04290252 0.01180183
v -0.02752709 -0.03318059 0.01807457
v -0.02757591 -0.03337645 0.01819723
v -0.03061282 -0.03042560 0.01927208
v -0.03061282 -0.03042560 0.01927208
v -0.02757591 -0.03337645 0.01819723
v -0.03083413 -0.03047841 0.01938486
v -0.03405565 0.02615201 0.04203522
v -0.03648698 0.02267837 0.04068154
v -0.03490281 0.02499955 0.04158926
v -0.03490281 0.02499955 0.04158926
v -0.03648698 0.02267837 0.04068154
v -0.03479695 0.02524614 0.04183888
v -0.03657436 0.02263152 0.04076945
v -0.03657436 0.02263152 0.04076945
v -0.03644752 0.02302163 0.04100418
v -0.03479695 0.02524614 0.04183888
v -0.03394329 -0.02650088 0.02061593
v -0.03057372 -0.03034305 0.01911044
v -0.03357297 -0.02711009 0.02059996
v -0.03061282 -0.03042560 0.01927208
v 0.00474626 -0.04271787 0.01402270
v 0.00801373 -0.04221147 0.01426690
v 0.00407773 -0.04292970 0.01423943
v -0.03357297 -0.02711009 0.02059996
v -0.03061282 -0.03042560 0.01927208
v -0.03388071 -0.02696466 0.02079236
v -0.03388071 -0.02696466 0.02079236
v 0.00852561 -0.04225653 0.01450920
v 0.00852561 -0.04225653 0.01450920
v 0.00845241 -0.04246366 0.01454794
v 0.00407773 -0.04292970 0.01423943
v 0.00423956 -0.04314470 0.01428061
v 0.00139749 -0.04296809 0.01391953
v 0.00474626 -0.04271787 0.01402270
v 0.00407773 -0.04292970 0.01423943
v -0.03352063 0.02692574 0.04251939
v -0.03479695 0.02524614 0.04183888
v -0.03397935 0.02646058 0.04238939
v 0.00139749 -0.04296809 0.01391953
v 0.00407773 -0.04292970 0.01423943
v 0.00138122 -0.04299694 0.01403111
v -0.03479695 0.02524614 0.04183888
v -0.03644752 0.02302163 0.04100418
v -0.03397935 0.02646058 0.04238939
v -0.03352063 0.02692574 0.04251939
v -0.03405565 0.02615201 0.04203522
v -0.03490281 0.02499955 0.04158926
v -0.03352063 0.02692574 0.04251939
v -0.03405565 0.02615201 0.04203522
v -0.03352063 0.02692574 0.04251939
v -0.03095269 0.02974486 0.04354006
v -0.03665947 -0.02260041 0.02226376
v -0.03394329 -0.02650088 0.02061593
v -0.03630459 -0.02341502 0.02217483
v -0.03394329 -0.02650088 0.02061593
v -0.03357297 -0.02711009 0.02059996
v -0.03630459 -0.02341502 0.02217483
v -0.03357297 -0.02711009 0.02059996
v -0.03388071 -0.02696466 0.02079236
v -0.03630459 -0.02341502 0.02217483
v 0.00138122 -0.04299694 0.01403111
v 0.00407773 -0.04292970 0.01423943
v 0.00025394 -0.04325199 0.01419734
v -0.03090685 0.02986377 0.04370701
v -0.03397935 0.02646058 0.04238939
v -0.03090685 0.02986377 0.04370701
v -0.03397935 0.02646058 0.04238939
v -0.03092193 0.02997589 0.04381561
v 0.00025394 -0.04325199 0.01419734
v 0.00138122 -0.04299694 0.01403111
v -0.03891474 -0.01844096 0.02389836
v -0.03665947 -0.02260041 0.02226376
v -0.03834199 -0.01984906 0.02358758
v -0.03665947 -0.02260041 0.02226376
v -0.03630459 -0.02341502 0.02217483
v -0.03834199 -0.01984906 0.02358758
v -0.03834199 -0.01984906 0.02358758
v -0.03630459 -0.02341502 0.02217483
v -0.03860855 -0.01962798 0.02376723
v -0.00165307 -0.04298090 0.01399260
v 0.00025394 -0.04325199 0.01419734
v -0.00166976 -0.04308134 0.01413840
v -0.00166976 -0.04308134 0.01413840
v 0.00025394 -0.04325199 0.01419734
v -0.00208700 -0.04324430 0.01421838
v -0.02798509 0.03260374 0.04482495
v -0.02705127 0.03329813 0.04500138
v -0.03095269 0.02974486 0.04354006
v -0.02798509 0.03260374 0.04482495
v -0.02761030 0.03303909 0.04505985
v -0.00250697 -0.04306942 0.01417487
v -0.00415510 -0.04281079 0.01399523
v -0.00161445 -0.04296129 0.01391094
v -0.00250697 -0.04306942 0.01417487
v -0.00161445 -0.04296129 0.01391094
v -0.00165307 -0.04298090 0.01399260
v -0.00250697 -0.04306942 0.01417487
v -0.03891474 -0.01844096 0.02389836
v -0.03834199 -0.01984906 0.02358758
v -0.04003435 -0.01614141 0.02508407
v -0.04069048 -0.01407623 0.02567034
v -0.03891474 -0.01844096 0.02389836
v -0.04003435 -0.01614141 0.02508407
v -0.00250697 -0.04306942 0.01417487
v -0.04003435 -0.01614141 0.02508407
v -0.04006195 -0.01640129 0.02507060
v -0.04069048 -0.01407623 0.02567034
v -0.04003435 -0.01614141 0.02508407
v -0.04070132 -0.01419258 0.02582591
v -0.00510883 -0.04284662 0.01425254
v -0.00510883 -0.04284662 0.01425254
v -0.02355343 0.03584009 0.04596161
v -0.02477353 0.03509026 0.04586112
v -0.04070132 -0.01419258 0.02582591
v -0.00534582 -0.04300808 0.01432353
v -0.04132628 -0.01289558 0.02648830
v -0.00659853 -0.04250466 0.01411193
v -0.04146242 -0.01196163 0.02675437
v -0.04193896 -0.00972348 0.02744591
v -0.04069048 -0.01407623 0.02567034
v -0.04146242 -0.01196163 0.02675437
v -0.04146242 -0.01196163 0.02675437
v -0.04193896 -0.00972348 0.02744591
v -0.04146242 -0.01196163 0.02675437
v -0.04237335 -0.00812232 0.02832561
v -0.04146242 -0.01196163 0.02675437
v -0.04132628 -0.01289558 0.02648830
v -0.04237979 -0.00872326 0.02817201
v -0.02355343 0.03584009 0.04596161
v -0.02477353 0.03509026 0.04586112
v -0.02288031 0.03627818 0.04624474
v -0.01116454 -0.04155313 0.01451474
v -0.00659853 -0.04250466 0.01411193
v -0.00892258 -0.04222255 0.01451647
v -0.00659853 -0.04250466 0.01411193
v -0.00510883 -0.04284662 0.01425254
v -0.00892258 -0.04222255 0.01451647
v -0.04273962 -0.00506812 0.02936720
v -0.04193896 -0.00972348 0.02744591
v -0.04237335 -0.00812232 0.02832561
v -0.00892258 -0.04222255 0.01451647
v -0.00510883 -0.04284662 0.01425254
v -0.00979900 -0.04221540 0.01464402
v -0.04146242 -0.01196163 0.02675437
v -0.04237979 -0.00872326 0.02817201
v -0.04237335 -0.00812232 0.02832561
v -0.00979900 -0.04221540 0.01464402
v -0.02099132 0.03746056 0.04681819
v -0.01821434 0.03880518 0.04718029
v -0.02355343 0.03584009 0.04596161
v -0.02040261 0.03770053 0.04678910
v -0.01116454 -0.04155313 0.01451474
v -0.00892258 -0.04222255 0.01451647
v -0.01119107 -0.04163706 0.01470631
v -0.02355343 0.03584009 0.04596161
v -0.02288031 0.03627818 0.04624474
v -0.02040261 0.03770053 0.04678910
v -0.04297626 -0.00456715 0.02984493
v -0.00892258 -0.04222255 0.01451647
v -0.00979900 -0.04221540 0.01464402
v -0.01119107 -0.04163706 0.01470631
v -0.04237335 -0.00812232 0.02832561
v -0.04237979 -0.00872326 0.02817201
v -0.04297626 -0.00456715 0.02984493
v -0.04303658 -0.00027379 0.03131026
v -0.04273962 -0.00506812 0.02936720
v -0.04294097 -0.00404871 0.02998226
v -0.04297626 -0.00456715 0.02984493
v -0.02040261 0.03770053 0.04678910
v -0.02288031 0.03627818 0.04624474
v -0.02099132 0.03746056 0.04681819
v -0.04303658 -0.00027379 0.03131026
v -0.04294097 -0.00404871 0.02998226
v -0.04308539 -0.00020218 0.03150588
v -0.01821434 0.03880518 0.04718029
v -0.02040261 0.03770053 0.04678910
v -0.01710194 0.03937363 0.04757052
v -0.01356822 -0.04084247 0.01482456
v -0.01116454 -0.04155313 0.01451474
v -0.01566278 -0.04010176 0.01507949
v -0.04308539 -0.00020218 0.03150588
v -0.04321914 -0.00029469 0.03158181
v -0.01356822 -0.04084247 0.01482456
v -0.01363080 -0.04089683 0.01499366
v -0.01363080 -0.04089683 0.01499366
v -0.01119107 -0.04163706 0.01470631
v -0.01456499 -0.04079645 0.01520985
v -0.00979900 -0.04221540 0.01464402
v -0.01836967 0.03887081 0.04741376
v -0.01710194 0.03937363 0.04757052
v -0.02040261 0.03770053 0.04678910
v -0.01836967 0.03887081 0.04741376
v -0.01406800 0.04047358 0.04789954
v -0.01821434 0.03880518 0.04718029
v -0.01710194 0.03937363 0.04757052
v -0.01406800 0.04047358 0.04789954
v -0.01710194 0.03937363 0.04757052
v -0.01310694 0.04083710 0.04813426
v -0.01566278 -0.04010176 0.01507949
v -0.01356822 -0.04084247 0.01482456
v -0.01519775 -0.04029482 0.01514506
v -0.04281175 0.00430393 0.03317099
v -0.01710194 0.03937363 0.04757052
v -0.01836967 0.03887081 0.04741376
v -0.01310694 0.04083710 0.04813426
v -0.01310694 0.04083710 0.04813426
v -0.01836967 0.03887081 0.04741376
v -0.01575464 0.04002755 0.04788416
v -0.04286766 0.00434810 0.03338563
v -0.01519775 -0.04029482 0.01514506
v -0.04286766 0.00434810 0.03338563
v -0.01519775 -0.04029482 0.01514506
v -0.01519775 -0.04029482 0.01514506
v -0.01456499 -0.04079645 0.01520985
v -0.01726174 -0.03958332 0.01560658
v -0.01726174 -0.03958332 0.01560658
v -0.01726174 -0.03958332 0.01560658
v -0.01456499 -0.04079645 0.01520985
v -0.01829719 -0.03933954 0.01580810
v -0.01566278 -0.04010176 0.01507949
v -0.01726174 -0.03958332 0.01560658
v -0.01987111 -0.03818506 0.01586651
v -0.01942777 -0.03852200 0.01597917
v -0.01942777 -0.03852200 0.01597917
v -0.01125448 0.04132246 0.04821228
v -0.01406800 0.04047358 0.04789954
v -0.01310694 0.04083710 0.04813426
v -0.01310694 0.04083710 0.04813426
v -0.01575464 0.04002755 0.04788416
v -0.01102161 0.04151695 0.04847091
v -0.04228401 0.00833786 0.03500062
v -0.04202783 0.00913155 0.03512334
v -0.04281175 0.00430393 0.03317099
v -0.04228401 0.00833786 0.03500062
v -0.04228401 0.00833786 0.03500062
v -0.04286766 0.00434810 0.03338563
v -0.04201024 0.01013565 0.03579330
v -0.01125448 0.04132246 0.04821228
v -0.01310694 0.04083710 0.04813426
v -0.01104050 0.04142814 0.04839265
v -0.01104050 0.04142814 0.04839265
v -0.01310694 0.04083710 0.04813426
v -0.01102161 0.04151695 0.04847091
v -0.00854760 0.04201531 0.04865539
v -0.00835138 0.04198926 0.04844230
v -0.00854760 0.04201531 0.04865539
v -0.02361643 -0.03599703 0.01675075
v -0.01987111 -0.03818506 0.01586651
v -0.02153062 -0.03742718 0.01645982
v -0.02153062 -0.03742718 0.01645982
v -0.02153062 -0.03742718 0.01645982
v -0.01942777 -0.03852200 0.01597917
v -0.02269983 -0.03691142 0.01677227
v -0.01829719 -0.03933954 0.01580810
v -0.04070311 0.01382035 0.03705513
v -0.04202783 0.00913155 0.03512334
v -0.04130595 0.01220381 0.03655761
v -0.04202783 0.00913155 0.03512334
v -0.04228401 0.00833786 0.03500062
v -0.04130595 0.01220381 0.03655761
v -0.04228401 0.00833786 0.03500062
v -0.04201024 0.01013565 0.03579330
v -0.04130595 0.01220381 0.03655761
v -0.02361643 -0.03599703 0.01675075
v -0.02153062 -0.03742718 0.01645982
v -0.02366447 -0.03601503 0.01694291
v -0.02153062 -0.03742718 0.01645982
v -0.02269983 -0.03691142 0.01677227
v -0.02366447 -0.03601503 0.01694291
v -0.02483004 -0.03534317 0.01732748
v -0.02752095 -0.03312695 0.01794880
v -0.02361643 -0.03599703 0.01675075
v -0.02483004 -0.03534317 0.01732748
v -0.04130595 0.01220381 0.03655761
v -0.04201024 0.01013565 0.03579330
v -0.04037237 0.01530259 0.03789132
v -0.02366447 -0.03601503 0.01694291
v -0.02269983 -0.03691142 0.01677227
v -0.02483004 -0.03534317 0.01732748
v -0.03894591 0.01816809 0.03879231
v -0.04070311 0.01382035 0.03705513
v -0.04001629 0.01589781 0.03806036
v -0.04070311 0.01382035 0.03705513
v -0.04130595 0.01220381 0.03655761
v -0.04001629 0.01589781 0.03806036
v -0.04001629 0.01589781 0.03806036
v -0.04130595 0.01220381 0.03655761
v -0.04037237 0.01530259 0.03789132
v -0.02752095 -0.03312695 0.01794880
v -0.02483004 -0.03534317 0.01732748
v -0.02752709 -0.03318059 0.01807457
v -0.03894591 0.01816809 0.03879231
v -0.04001629 0.01589781 0.03806036
v -0.03838974 0.01946848 0.03949838
v -0.02483004 -0.03534317 0.01732748
v -0.03838974 0.01946848 0.03949838
v -0.04001629 0.01589781 0.03806036
v -0.03874152 0.01895618 0.03935664
v -0.04037237 0.01530259 0.03789132
v -0.02483004 -0.03534317 0.01732748
v -0.02269983 -0.03691142 0.01677227
v -0.02757591 -0.03337645 0.01819723
v -0.03648698 0.02267837 0.04068154
v -0.03894591 0.01816809 0.03879231
v -0.03838974 0.01946848 0.03949838
v -0.03838974 0.01946848 0.03949838
v -0.03838974 0.01946848 0.03949838
v -0.03874152 0.01895618 0.03935664
v -0.00191724 -0.04262590 0.01151627
v -0.00177807 -0.04259771 0.01153206
v -0.00191343 -0.04279190 0.01156044
v -0.00172406 -0.04285281 0.01172608
v -0.00177807 -0.04259771 0.01153206
v -0.00160104 -0.04260146 0.01175522
v -0.00172406 -0.04285281 0.01172608
v -0.00191343 -0.04279190 0.01156044
v -0.00177807 -0.04259771 0.01153206
v -0.00191343 -0.04279190 0.01156044
v -0.00172406 -0.04285281 0.01172608
v -0.00192040 -0.04292166 0.01174718
v -0.00103676 -0.03175407 0.04681551
v -0.00102395 -0.03190648 0.04330784
v -0.00117624 -0.03203874 0.04332339
v -0.00103676 -0.03175407 0.04681551
v 0.01301461 0.00872248 0.04654073
v 0.01394706 0.00720173 0.04647213
v 0.01472985 0.00556791 0.04644984
v 0.01514261 0.00435609 0.04650390
v 0.01560986 0.00264776 0.04638510
v 0.01578110 0.00122690 0.04651117
v 0.01589560 -0.00031717 0.04639047
v 0.01578402 -0.00212461 0.04647254
v 0.01561528 -0.00332612 0.04643154
v 0.01521444 -0.00497556 0.04645037
v 0.01472085 -0.00644326 0.04635912
v 0.01403921 -0.00784027 0.04649990
v 0.01317900 -0.00929475 0.04647225
v 0.01237607 -0.01040554 0.04644459
v 0.01119190 -0.01171296 0.04650950
v 0.01017230 -0.01266366 0.04644829
v 0.00870883 -0.01376086 0.04645299
v 0.00766367 -0.01443171 0.04634839
v 0.00583053 -0.01528137 0.04642933
v 0.00489277 -0.01563239 0.04642194
v 0.00302851 -0.01610296 0.04646140
v 0.00144792 -0.01633119 0.04651224
v -0.01281416 0.00883281 0.05064272
v -0.01254034 0.00871318 0.05077999
v -0.01299172 0.00850212 0.05054771
v -0.01281416 0.00883281 0.05064272
v -0.01306176 0.00877190 0.05035954
v -0.01325505 0.00867277 0.04993140
v -0.01319414 0.00892675 0.05010914
v 0.01274454 0.00877690 0.05042141
v 0.01287531 0.00864100 0.05028218
v 0.01261401 0.00850010 0.05062115
v 0.01246744 0.00866514 0.05067384
v 0.01274454 0.00877690 0.05042141
v 0.01261401 0.00850010 0.05062115
v 0.01214385 0.00859672 0.05081552
v 0.01246744 0.00866514 0.05067384
v 0.01214385 0.00859672 0.05081552
v 0.01292639 0.00893283 0.05007606
v 0.01297122 0.00866264 0.04996979
v 0.01287531 0.00864100 0.05028218
v 0.01274454 0.00877690 0.05042141
v 0.01292639 0.00893283 0.05007606
v 0.01287531 0.00864100 0.05028218
v -0.01609212 0.00575936 0.04607093
v -0.01610869 0.00351012 0.04607379
v -0.01679599 0.00342333 0.04606729
v -0.01475298 0.00712514 0.04606544
v 0.02521669 -0.02524548 0.04605460
v 0.02633994 -0.02568644 0.04606389
v 0.02469044 -0.02672970 0.04608392
v 0.02459746 -0.02584552 0.04607319
v -0.01482152 0.00851613 0.04606485
v -0.01364928 0.00891030 0.04607594
v 0.03974312 0.00015690 0.04609847
v 0.03971469 -0.00110322 0.04607635
v 0.03924340 -0.00079867 0.04606175
v -0.03996229 0.00002484 0.04607164
v -0.03930056 -0.00086738 0.04609185
v -0.03997212 -0.00102454 0.04607433
v -0.02372866 0.03288710 0.04605388
v -0.02266502 0.03369373 0.04604959
v 0.01197654 -0.01308447 0.04606682
v 0.01273488 -0.01307761 0.04604476
v 0.01333600 0.00902885 0.04606121
v 0.01867318 0.02396345 0.04608500
v 0.01880776 0.02276277 0.04604941
v 0.01134508 -0.01307445 0.04605466
v -0.01792371 -0.00070332 0.04604959
v 0.00899541 -0.01487255 0.04606807
v 0.01627308 -0.00502616 0.04605513
v 0.00466049 -0.01628792 0.04605913
v 0.01576828 -0.00461227 0.04607182
v 0.01771241 -0.00000596 0.04607897
v 0.01742899 -0.00084680 0.04607111
v 0.01742655 -0.00000560 0.04605942
v 0.01693439 -0.00121963 0.04606431
v -0.00389415 -0.01708358 0.04606294
v -0.00354618 -0.01658082 0.04606086
v 0.01622736 0.00446683 0.04605954
v -0.00705141 -0.01531893 0.04606980
v -0.00861704 -0.01530027 0.04607307
v 0.01460361 0.00845569 0.04607850
v -0.00992548 -0.01370668 0.04605609
v -0.01151520 -0.01320064 0.04606717
v -0.01298147 -0.01285743 0.04605835
v -0.01257574 -0.01335698 0.04607439
v -0.02447009 -0.02463722 0.04604727
v -0.01208305 -0.01315569 0.04607707
v -0.02418535 -0.02509987 0.04608708
v -0.02489143 -0.02592599 0.04605603
v -0.01286709 -0.01200056 0.04607892
v -0.01289999 -0.01117873 0.04604172
v 0.01925051 0.02224892 0.04601752
v -0.01467770 -0.00948924 0.04607731
v -0.01420933 -0.00893146 0.04606920
v -0.01682835 -0.00387496 0.04605937
v -0.01545351 -0.00635350 0.04607850
v -0.01420933 -0.00893146 0.04606920
v -0.01682835 -0.00387496 0.04605937
v -0.01619035 -0.00398237 0.04607313
v -0.01658964 -0.00023903 0.04606413
v -0.01728630 -0.00127298 0.04606187
v -0.01755660 -0.00097643 0.04606920
v -0.01731628 0.00026901 0.04606091
v -0.01348108 0.00862408 0.04628157
v -0.01364928 0.00891030 0.04607594
v -0.01331734 0.00906497 0.04647809
v -0.01332587 0.00864649 0.04658418
v -0.01348108 0.00862408 0.04628157
v -0.01331734 0.00906497 0.04647809
v -0.01509410 0.00868118 0.04618823
v -0.01511806 0.00831175 0.04619866
v -0.01526004 0.00857282 0.04642754
v -0.01509410 0.00868118 0.04618823
v -0.01482152 0.00851613 0.04606485
v -0.01511806 0.00831175 0.04619866
v -0.01530855 0.00833815 0.04649513
v -0.01657408 0.00594717 0.05004972
v -0.01539152 0.00836635 0.05008566
v -0.01530855 0.00833815 0.04649513
v -0.01642692 0.00588494 0.04637169
v -0.01722908 0.00362521 0.04950845
v -0.01716768 0.00344109 0.04636955
v -0.01766026 0.00082919 0.04927456
v -0.01762485 0.00072519 0.04651975
v -0.01538568 0.00861126 0.05012381
v -0.01539152 0.00836635 0.05008566
v -0.01561492 0.00844270 0.05054229
v -0.01561492 0.00844270 0.05054229
v -0.01788592 0.00088393 0.04984647
v -0.01773399 0.00080698 0.04956972
v -0.01803231 0.00076384 0.04990822
v -0.01803231 0.00076384 0.04990822
v -0.01784068 0.00059036 0.04949831
v -0.01826095 0.00059840 0.04985105
v -0.01805627 0.00043089 0.04940593
v -0.01803231 0.00076384 0.04990822
v -0.01803231 0.00076384 0.04990822
v -0.01826095 0.00059840 0.04985105
v -0.01823770 0.00098684 0.05012834
v -0.01773399 0.00080698 0.04956972
v -0.01766026 0.00082919 0.04927456
v -0.01784068 0.00059036 0.04949831
v -0.01823770 0.00098684 0.05012834
v -0.01784068 0.00059036 0.04949831
v 0.00023688 -0.03334760 0.04181998
v -0.00038129 -0.03340196 0.04187196
v -0.00032320 -0.03336036 0.04023450
v 0.00023231 -0.03330105 0.04024809
v 0.00072835 -0.03176844 0.04641395
v -0.00013232 -0.03128957 0.04717105
v -0.00016854 -0.03143322 0.04026269
v 0.00072856 -0.03190654 0.04202836
v 0.00080759 -0.03228420 0.04021108
v 0.00063282 -0.03182286 0.04024994
v 0.00072856 -0.03190654 0.04202836
v 0.00063282 -0.03182286 0.04024994
v 0.00020146 -0.03150296 0.04023504
v 0.00072856 -0.03190654 0.04202836
v 0.00020146 -0.03150296 0.04023504
v -0.00016854 -0.03143322 0.04026269
v 0.00072856 -0.03190654 0.04202836
v 0.00079188 -0.03195798 0.04328817
v 0.00089441 -0.03226959 0.04263651
v 0.00072856 -0.03190654 0.04202836
v 0.00089441 -0.03226959 0.04263651
v 0.00090655 -0.03253167 0.04234713
v 0.00072856 -0.03190654 0.04202836
v 0.00090655 -0.03253167 0.04234713
v 0.00078211 -0.03279644 0.04191499
v 0.00072856 -0.03190654 0.04202836
v 0.00078211 -0.03279644 0.04191499
v 0.00080759 -0.03228420 0.04021108
v 0.00072856 -0.03190654 0.04202836
v 0.00023231 -0.03330105 0.04024809
v 0.00062092 -0.03298443 0.04020446
v 0.00078211 -0.03279644 0.04191499
v 0.00062092 -0.03298443 0.04020446
v 0.00076911 -0.03272497 0.04023993
v 0.00053898 -0.03314590 0.04187864
v 0.00076911 -0.03272497 0.04023993
v -0.01789951 -0.00001267 0.04608237
v -0.03996229 0.00002484 0.04607164
v -0.03972131 0.00018403 0.04620003
v -0.01789951 -0.00001267 0.04608237
v -0.01801306 0.00023472 0.04626262
v -0.01801306 0.00023472 0.04626262
v -0.03972131 0.00018403 0.04620003
v -0.03937453 0.00033204 0.04644286
v -0.01807832 0.00035323 0.04652422
v -0.01807832 0.00035323 0.04652422
v -0.01805627 0.00043089 0.04940593
v -0.01781088 0.00045586 0.04645961
v -0.01805627 0.00043089 0.04940593
v -0.01784068 0.00059036 0.04949831
v -0.01781088 0.00045586 0.04645961
v -0.01781088 0.00045586 0.04645961
v -0.01784068 0.00059036 0.04949831
v -0.01762485 0.00072519 0.04651975
v -0.01766026 0.00082919 0.04927456
v -0.03930056 -0.00086738 0.04609185
v -0.01792371 -0.00070332 0.04604959
v -0.01800286 -0.00104403 0.04625892
v -0.03919750 -0.00115228 0.04643964
v -0.03930056 -0.00086738 0.04609185
v -0.01800286 -0.00104403 0.04625892
v -0.03919750 -0.00115228 0.04643964
v -0.01800286 -0.00104403 0.04625892
v -0.01802420 -0.00116491 0.04651272
v -0.01765960 -0.00168204 0.04912298
v -0.01784288 -0.00138062 0.04920017
v -0.01762586 -0.00146687 0.04643470
v -0.01762586 -0.00146687 0.04643470
v -0.01784288 -0.00138062 0.04920017
v -0.01802420 -0.00116491 0.04651272
v -0.01784288 -0.00138062 0.04920017
v -0.01812416 -0.00124347 0.04919010
v -0.01802420 -0.00116491 0.04651272
v -0.01784288 -0.00138062 0.04920017
v -0.01772552 -0.00170523 0.04937958
v -0.01790332 -0.00168681 0.04959017
v -0.01827341 -0.00200343 0.04987859
v -0.01813089 -0.00152838 0.04965484
v -0.01790332 -0.00168681 0.04959017
v -0.01803046 -0.00198221 0.04975414
v -0.01790332 -0.00168681 0.04959017
v -0.01827341 -0.00200343 0.04987859
v -0.01812416 -0.00124347 0.04919010
v -0.01784288 -0.00138062 0.04920017
v -0.01813089 -0.00152838 0.04965484
v -0.01784288 -0.00138062 0.04920017
v -0.01765960 -0.00168204 0.04912298
v -0.01772552 -0.00170523 0.04937958
v -0.01827341 -0.00200343 0.04987859
v -0.01803046 -0.00198221 0.04975414
v -0.01846051 -0.00203991 0.04992389
v -0.01813089 -0.00152838 0.04965484
v -0.01360535 -0.01213431 0.04874306
v -0.01333135 -0.01224792 0.04832863
v -0.01363271 -0.01248568 0.04870027
v -0.01420199 -0.01222699 0.04903143
v -0.01360535 -0.01213431 0.04874306
v -0.01396769 -0.01228731 0.04896897
v -0.01396769 -0.01228731 0.04896897
v -0.01360535 -0.01213431 0.04874306
v -0.01363271 -0.01248568 0.04870027
v -0.01345306 -0.01197451 0.04844611
v -0.01336294 -0.01196134 0.04814094
v -0.01333135 -0.01224792 0.04832863
v -0.01345306 -0.01197451 0.04844611
v -0.01333135 -0.01224792 0.04832863
v -0.01360535 -0.01213431 0.04874306
v -0.01333135 -0.01224792 0.04832863
v -0.01341235 -0.01253706 0.04825979
v -0.01363271 -0.01248568 0.04870027
v -0.01765960 -0.00168204 0.04912298
v -0.01762586 -0.00146687 0.04643470
v -0.01730477 -0.00377941 0.04646319
v -0.01731067 -0.00412709 0.04896390
v -0.01694554 -0.00526053 0.04646676
v -0.01660805 -0.00644034 0.04854243
v -0.01628303 -0.00711596 0.04643779
v -0.01541090 -0.00894791 0.04650795
v -0.01460856 -0.01021546 0.04641377
v -0.01331597 -0.01194590 0.04652220
v -0.01298147 -0.01285743 0.04605835
v -0.02447009 -0.02463722 0.04604727
v -0.02550584 -0.02498227 0.04613608
v -0.01307201 -0.01262444 0.04612958
v -0.01307201 -0.01262444 0.04612958
v -0.01331096 -0.01252263 0.04644000
v -0.01341235 -0.01253706 0.04825979
v -0.01333135 -0.01224792 0.04832863
v -0.01324993 -0.01227051 0.04652446
v -0.01331096 -0.01252263 0.04644000
v -0.01333135 -0.01224792 0.04832863
v -0.01336294 -0.01196134 0.04814094
v -0.01324993 -0.01227051 0.04652446
v -0.01331597 -0.01194590 0.04652220
v -0.01173090 -0.01355797 0.04653245
v -0.01165372 -0.01365339 0.04802495
v -0.01194328 -0.01355844 0.04785519
v -0.01202005 -0.01349705 0.04639703
v -0.01194328 -0.01355844 0.04785519
v -0.01223194 -0.01366800 0.04812717
v -0.01202005 -0.01349705 0.04639703
v -0.01228183 -0.01362311 0.04651761
v -0.01257574 -0.01335698 0.04607439
v -0.01234287 -0.01350730 0.04625689
v -0.01234287 -0.01350730 0.04625689
v -0.01228183 -0.01362311 0.04651761
v -0.01213335 -0.01391136 0.04854953
v -0.01176220 -0.01366490 0.04824090
v -0.01181560 -0.01387268 0.04853343
v -0.01213335 -0.01391136 0.04854953
v -0.01181560 -0.01387268 0.04853343
v -0.01183664 -0.01409316 0.04869490
v -0.01213335 -0.01391136 0.04854953
v -0.01183664 -0.01409316 0.04869490
v -0.01193481 -0.01438260 0.04881298
v -0.01223194 -0.01366800 0.04812717
v -0.01194328 -0.01355844 0.04785519
v -0.01176220 -0.01366490 0.04824090
v -0.01176220 -0.01366490 0.04824090
v -0.01223194 -0.01366800 0.04812717
v -0.00977760 -0.01498818 0.04639405
v -0.01165372 -0.01365339 0.04802495
v -0.01173090 -0.01355797 0.04653245
v -0.00906074 -0.01552563 0.04790920
v -0.00835860 -0.01585996 0.04650163
v -0.00646746 -0.01675850 0.04777187
v -0.00606012 -0.01687395 0.04652488
v -0.00513506 -0.01724189 0.04783582
v -0.00420940 -0.01743000 0.04654026
v -0.00355345 -0.01762694 0.04779469
v -0.00249898 -0.01775026 0.04650288
v -0.00048711 -0.01793247 0.04759252
v -0.00011950 -0.01785159 0.04634284
v 0.00194853 -0.01778727 0.04655057
v 0.00261295 -0.01773136 0.04765301
v 0.00360364 -0.01750278 0.04646825
v 0.00577575 -0.01691699 0.04768729
v 0.00598699 -0.01679837 0.04652529
v 0.00789499 -0.01595360 0.04648357
v 0.00857466 -0.01563525 0.04783666
v 0.00943792 -0.01506263 0.04651391
v 0.01140850 -0.01364380 0.04806184
v 0.01142334 -0.01357549 0.04653751
v 0.01167511 -0.01350533 0.04643988
v 0.01168859 -0.01359820 0.04814785
v 0.01140850 -0.01364380 0.04806184
v 0.01168859 -0.01359820 0.04814785
v 0.01198089 -0.01367169 0.04805427
v 0.01191461 -0.01380681 0.04840368
v 0.01154774 -0.01395601 0.04860109
v 0.01191461 -0.01380681 0.04840368
v 0.01182854 -0.01406967 0.04866945
v 0.01165962 -0.01436644 0.04880619
v 0.01165962 -0.01436644 0.04880619
v 0.01154774 -0.01395601 0.04860109
v 0.01182854 -0.01406967 0.04866945
v 0.01136708 -0.01387393 0.04842334
v 0.01140850 -0.01364380 0.04806184
v 0.01168859 -0.01359820 0.04814785
v 0.01154774 -0.01395601 0.04860109
v 0.01168859 -0.01359820 0.04814785
v -0.02900213 -0.03128695 0.01609545
v -0.03213685 -0.02819943 0.01732635
v -0.03216069 -0.02799218 0.01744699
v -0.02900213 -0.03128695 0.01609545
v -0.02883398 -0.03165197 0.01597249
v -0.03213685 -0.02819943 0.01732635
v -0.02382862 -0.03541344 0.01441049
v -0.02649581 -0.03358060 0.01516795
v -0.02650374 -0.03342705 0.01523286
v -0.03216069 -0.02799218 0.01744699
v -0.03526639 -0.02401679 0.01900577
v -0.03516453 -0.02405518 0.01905357
v -0.03526639 -0.02401679 0.01900577
v -0.03213685 -0.02819943 0.01732635
v -0.03516453 -0.02405518 0.01905357
v -0.03531771 -0.02341341 0.01931720
v -0.03531771 -0.02341341 0.01931720
v 0.01198089 -0.01367169 0.04805427
v 0.01168859 -0.01359820 0.04814785
v 0.01194882 -0.01357626 0.04649519
v 0.01167511 -0.01350533 0.04643988
v 0.01142334 -0.01357549 0.04653751
v 0.01197654 -0.01308447 0.04606682
v 0.02459746 -0.02584552 0.04607319
v 0.02371817 -0.02509683 0.04618626
v 0.01208722 -0.01350367 0.04622805
v 0.01197654 -0.01308447 0.04606682
v 0.02371817 -0.02509683 0.04618626
v 0.01208722 -0.01350367 0.04622805
v 0.01194882 -0.01357626 0.04649519
v 0.01312011 -0.01194959 0.04830127
v 0.01305526 -0.01226925 0.04831486
v 0.01301223 -0.01199829 0.04651749
v 0.01296502 -0.01227784 0.04644203
v 0.01305526 -0.01226925 0.04831486
v 0.01314610 -0.01253867 0.04830282
v 0.01296502 -0.01227784 0.04644203
v 0.01303076 -0.01253163 0.04638332
v 0.02521669 -0.02524548 0.04605460
v 0.01273488 -0.01307761 0.04604476
v 0.01276510 -0.01265519 0.04611206
v 0.02439600 -0.02411782 0.04622232
v 0.01276510 -0.01265519 0.04611206
v 0.01303076 -0.01253163 0.04638332
v 0.02521669 -0.02524548 0.04605460
v 0.02501446 -0.02453958 0.04636979
v 0.02501446 -0.02453958 0.04636979
v 0.01332777 -0.01247286 0.04866206
v 0.01326870 -0.01213419 0.04868257
v 0.01358324 -0.01237219 0.04890745
v 0.01358324 -0.01237219 0.04890745
v 0.01326870 -0.01213419 0.04868257
v 0.01314610 -0.01253867 0.04830282
v 0.01305526 -0.01226925 0.04831486
v 0.01332777 -0.01247286 0.04866206
v 0.01305526 -0.01226925 0.04831486
v 0.01312011 -0.01194959 0.04830127
v 0.01326870 -0.01213419 0.04868257
v 0.01326870 -0.01213419 0.04868257
v 0.01382780 -0.01222276 0.04900646
v 0.01756328 -0.00139147 0.04921710
v 0.01782685 -0.00124180 0.04915750
v 0.01790606 -0.00145876 0.04959303
v 0.01762384 -0.00162321 0.04956305
v 0.01756328 -0.00139147 0.04921710
v 0.01790606 -0.00145876 0.04959303
v 0.01762384 -0.00162321 0.04956305
v 0.01798224 -0.00178319 0.04982370
v 0.01798224 -0.00178319 0.04982370
v 0.01762384 -0.00162321 0.04956305
v 0.01790606 -0.00145876 0.04959303
v 0.01739436 -0.00164491 0.04912263
v 0.01756328 -0.00139147 0.04921710
v 0.01762384 -0.00162321 0.04956305
v 0.01745128 -0.00193459 0.04941034
v 0.01762384 -0.00162321 0.04956305
v 0.01438271 -0.01016438 0.04645586
v 0.01312011 -0.01194959 0.04830127
v 0.01301223 -0.01199829 0.04651749
v 0.01479321 -0.00964188 0.04842352
v 0.01519072 -0.00883919 0.04647046
v 0.01610070 -0.00703949 0.04849559
v 0.01600658 -0.00710088 0.04642724
v 0.01669728 -0.00515944 0.04645097
v 0.01685184 -0.00492620 0.04890310
v 0.01707184 -0.00360078 0.04653429
v 0.01739436 -0.00164491 0.04912263
v 0.01732933 -0.00155073 0.04644471
v 0.01782685 -0.00124180 0.04915750
v 0.01756328 -0.00139147 0.04921710
v 0.01773256 -0.00117654 0.04652154
v 0.01746577 -0.00135547 0.04652184
v 0.01756328 -0.00139147 0.04921710
v 0.01739436 -0.00164491 0.04912263
v 0.01732933 -0.00155073 0.04644471
v 0.01746577 -0.00135547 0.04652184
v 0.01776415 -0.00100571 0.04621207
v 0.01742899 -0.00084680 0.04607111
v 0.03924340 -0.00079867 0.04606175
v 0.03895419 -0.00104809 0.04626184
v 0.01773256 -0.00117654 0.04652154
v 0.03895419 -0.00104809 0.04626184
v 0.03900820 -0.00115675 0.04641920
v 0.01776415 -0.00100571 0.04621207
v 0.01744335 0.00074701 0.04949355
v 0.01755684 0.00055740 0.04934960
v 0.01746857 0.00050650 0.04643100
v 0.01732671 0.00073817 0.04643529
v 0.01746857 0.00050650 0.04643100
v 0.01755684 0.00055740 0.04934960
v 0.01769042 0.00036284 0.04645663
v 0.01780521 0.00044244 0.04949390
v 0.03905874 0.00011730 0.04616832
v 0.03974312 0.00015690 0.04609847
v 0.01771241 -0.00000596 0.04607897
v 0.03905874 0.00011730 0.04616832
v 0.01771241 -0.00000596 0.04607897
v 0.01777493 0.00023623 0.04627245
v 0.01777493 0.00023623 0.04627245
v 0.01769042 0.00036284 0.04645663
v 0.02050215 0.02219551 0.05144608
v 0.02050215 0.02219551 0.05144608
v 0.02067291 0.02204233 0.05181032
v 0.02016222 0.02195948 0.05157876
v 0.02067291 0.02204233 0.05181032
v 0.02081096 0.02172970 0.05200380
v 0.02039635 0.02179831 0.05185341
v 0.02017062 0.02210992 0.05127084
v 0.02016222 0.02195948 0.05157876
v 0.02067291 0.02204233 0.05181032
v 0.02039635 0.02179831 0.05185341
v 0.02017062 0.02210992 0.05127084
v 0.02016222 0.02195948 0.05157876
v 0.01998579 0.02195179 0.05122774
v 0.01993560 0.02228158 0.04561245
v 0.02005738 0.02249741 0.03509914
v 0.02602273 0.02248781 0.03513062
v 0.02020776 0.02228868 0.04570364
v 0.02637434 0.02219527 0.05145758
v 0.02076590 0.02218598 0.05155485
v 0.02050215 0.02219551 0.05144608
v 0.02637434 0.02219527 0.05145758
v 0.02649199 0.02207875 0.05165398
v 0.02618050 0.02209007 0.05175846
v 0.02649199 0.02207875 0.05165398
v 0.02666491 0.02186948 0.05174434
v 0.02630889 0.02176994 0.05197817
v 0.02618050 0.02209007 0.05175846
v 0.02661359 0.02157104 0.05185896
v 0.02630889 0.02176994 0.05197817
v 0.02666491 0.02186948 0.05174434
v 0.02661359 0.02157104 0.05185896
v 0.02666491 0.02186948 0.05174434
v 0.02693092 0.02165532 0.05156654
v 0.02666491 0.02186948 0.05174434
v 0.02649199 0.02207875 0.05165398
v 0.02682286 0.02205836 0.05140328
v 0.02703583 0.02149087 0.05128061
v 0.02693092 0.02165532 0.05156654
v 0.02704280 0.02178651 0.05123150
v 0.02693092 0.02165532 0.05156654
v 0.02666491 0.02186948 0.05174434
v 0.02682286 0.02205836 0.05140328
v 0.02704280 0.02178651 0.05123150
v 0.02682286 0.02205836 0.05140328
v 0.02658087 0.02220559 0.05124664
v 0.02654945 0.02234047 0.04838097
v 0.02658087 0.02220559 0.05124664
v 0.02637434 0.02219527 0.05145758
v 0.01780521 0.00044244 0.04949390
v 0.01744335 0.00074701 0.04949355
v 0.01780998 0.00058442 0.04976761
v 0.01810580 0.00090492 0.05011576
v 0.01780998 0.00058442 0.04976761
v 0.01778870 0.00093302 0.05001652
v 0.01780998 0.00058442 0.04976761
v 0.01744335 0.00074701 0.04949355
v 0.01778870 0.00093302 0.05001652
v 0.01749962 0.00099003 0.04973244
v 0.01810580 0.00090492 0.05011576
v 0.01755684 0.00055740 0.04934960
v 0.01512861 0.00833446 0.05009698
v 0.01509881 0.00858235 0.05008679
v 0.01525062 0.00843453 0.05043089
v 0.01744335 0.00074701 0.04949355
v 0.01732671 0.00073817 0.04643529
v 0.01692724 0.00342244 0.04645764
v 0.01700431 0.00363374 0.04982036
v 0.01618206 0.00586867 0.04644137
v 0.01623845 0.00595433 0.04982995
v 0.01502698 0.00835145 0.04650819
v 0.01512861 0.00833446 0.05009698
v 0.01984179 0.02197772 0.04636657
v 0.01509881 0.00858235 0.05008679
v 0.01499474 0.00857979 0.04646176
v 0.01998579 0.02195179 0.05122774
v 0.03692775 0.01351076 0.04876267
v 0.02742421 0.02230805 0.04864442
v 0.02717101 0.02227026 0.04853135
v 0.02751654 0.02241373 0.04891306
v 0.02714580 0.02245062 0.04884850
v 0.02695095 0.02247911 0.04855144
v 0.02682620 0.02281522 0.04870295
v 0.02751654 0.02241373 0.04891306
v 0.02717101 0.02227026 0.04853135
v 0.02714580 0.02245062 0.04884850
v 0.02717101 0.02227026 0.04853135
v 0.02695095 0.02247911 0.04855144
v 0.02714580 0.02245062 0.04884850
v 0.02778255 0.02252763 0.04884821
v 0.02763170 0.02224528 0.04849034
v 0.02751654 0.02241373 0.04891306
v 0.02763170 0.02224528 0.04849034
v 0.02682620 0.02281522 0.04870295
v 0.02695095 0.02247911 0.04855144
v 0.02676689 0.02263081 0.04814022
v 0.02695095 0.02247911 0.04855144
v 0.02686297 0.02243250 0.04837191
v 0.02676689 0.02263081 0.04814022
v 0.02763170 0.02224528 0.04849034
v 0.02776658 0.02219182 0.04829108
v 0.02742540 0.02211529 0.04847890
v 0.02750152 0.02203112 0.04842203
v 0.02742540 0.02211529 0.04847890
v 0.02776658 0.02219182 0.04829108
v 0.02750152 0.02203112 0.04842203
v 0.02676689 0.02263081 0.04814022
v 0.02686297 0.02243250 0.04837191
v 0.02669817 0.02247798 0.04813176
v 0.02763170 0.02224528 0.04849034
v 0.02742540 0.02211529 0.04847890
v 0.02738755 0.02219432 0.04852849
v 0.02742421 0.02230805 0.04864442
v 0.02763170 0.02224528 0.04849034
v 0.02738755 0.02219432 0.04852849
v 0.02742421 0.02230805 0.04864442
v 0.02738755 0.02219432 0.04852849
v 0.02717101 0.02227026 0.04853135
v 0.02742540 0.02211529 0.04847890
v 0.02742540 0.02211529 0.04847890
v 0.02710467 0.02224785 0.04852944
v 0.02717101 0.02227026 0.04853135
v 0.02686297 0.02243250 0.04837191
v 0.02723890 0.02208805 0.04855144
v 0.02703112 0.02213585 0.04874372
v 0.02701646 0.02225726 0.04853594
v 0.02686297 0.02243250 0.04837191
v 0.02710467 0.02224785 0.04852944
v 0.02686655 0.02237492 0.04841476
v 0.02701646 0.02225726 0.04853594
v 0.02703112 0.02213585 0.04874372
v 0.02679473 0.02233535 0.04853242
v 0.02686655 0.02237492 0.04841476
v 0.02686655 0.02237492 0.04841476
v 0.02654945 0.02234047 0.04838097
v 0.02669817 0.02247798 0.04813176
v 0.02686655 0.02237492 0.04841476
v 0.02745634 0.02194529 0.04841756
v 0.02654945 0.02234047 0.04838097
v 0.02686655 0.02237492 0.04841476
v 0.02679473 0.02233535 0.04853242
v 0.02750152 0.02203112 0.04842203
v 0.02745634 0.02194529 0.04841756
v 0.02723890 0.02208805 0.04855144
v 0.02742540 0.02211529 0.04847890
v 0.02750152 0.02203112 0.04842203
v 0.02710467 0.02224785 0.04852944
v 0.02752721 0.02191197 0.04833078
v 0.02718400 0.02171444 0.04880356
v 0.02733731 0.02181923 0.04850429
v 0.02733731 0.02181923 0.04850429
v 0.02723890 0.02208805 0.04855144
v 0.02745634 0.02194529 0.04841756
v 0.02733731 0.02181923 0.04850429
v 0.02750152 0.02203112 0.04842203
v 0.02723890 0.02208805 0.04855144
v 0.02710467 0.02224785 0.04852944
v 0.02733731 0.02181923 0.04850429
v 0.02718400 0.02171444 0.04880356
v 0.02720928 0.02196943 0.04863095
v 0.02723890 0.02208805 0.04855144
v 0.02733731 0.02181923 0.04850429
v 0.02703112 0.02213585 0.04874372
v 0.02703112 0.02213585 0.04874372
v 0.02733731 0.02181923 0.04850429
v 0.02720928 0.02196943 0.04863095
v 0.02717101 0.02227026 0.04853135
v 0.02710467 0.02224785 0.04852944
v 0.02723890 0.02208805 0.04855144
v 0.02701646 0.02225726 0.04853594
v 0.02710467 0.02224785 0.04852944
v 0.02701646 0.02225726 0.04853594
v 0.02686655 0.02237492 0.04841476
v 0.02703112 0.02213585 0.04874372
v 0.02703112 0.02213585 0.04874372
v 0.02675151 0.02226001 0.04901695
v 0.02679473 0.02233535 0.04853242
v 0.02675151 0.02226001 0.04901695
v 0.02895998 0.02378070 0.05158174
v 0.02787530 0.02272886 0.05142247
v 0.02855455 0.02330327 0.04865592
v 0.02778255 0.02252763 0.04884821
v 0.02436500 0.02469360 0.05224823
v 0.02474457 0.02476888 0.05188310
v 0.02459591 0.02437674 0.05180460
v 0.02428561 0.02436316 0.05209881
v 0.02459591 0.02437674 0.05180460
v 0.02425289 0.02420216 0.05178529
v 0.02428561 0.02436316 0.05209881
v 0.02465748 0.02389729 0.03500425
v 0.02192693 0.02421915 0.05190479
v 0.02425289 0.02420216 0.05178529
v 0.02154862 0.02386713 0.03497904
v 0.02137166 0.02461481 0.05166882
v 0.02137142 0.02574622 0.05160540
v 0.02148383 0.02468860 0.05204683
v 0.02148383 0.02468860 0.05204683
v 0.02146100 0.02540040 0.05197215
v 0.02158933 0.02485436 0.05216568
v 0.02146100 0.02540040 0.05197215
v 0.02721881 0.02335304 0.05209088
v 0.02710539 0.02306008 0.05187970
v 0.02704507 0.02343463 0.05200338
v 0.02710539 0.02306008 0.05187970
v 0.02718973 0.02273750 0.05166995
v 0.02689152 0.02324450 0.05171626
v 0.02704507 0.02343463 0.05200338
v 0.02710539 0.02306008 0.05187970
v 0.02689152 0.02324450 0.05171626
v 0.02747786 0.02350860 0.05218178
v 0.02738350 0.02314776 0.05206060
v 0.02721881 0.02335304 0.05209088
v 0.02787530 0.02272886 0.05142247
v 0.02756029 0.02256566 0.05145299
v 0.02775609 0.02291494 0.05182892
v 0.02775609 0.02291494 0.05182892
v 0.02756029 0.02256566 0.05145299
v 0.02742820 0.02284312 0.05186069
v 0.02742820 0.02284312 0.05186069
v 0.02756029 0.02256566 0.05145299
v 0.02718973 0.02273750 0.05166995
v 0.02730214 0.02256071 0.05137193
v 0.02718973 0.02273750 0.05166995
v 0.02730214 0.02256071 0.05137193
v 0.02700287 0.02274918 0.05139255
v 0.02771776 0.02308547 0.05194807
v 0.02775609 0.02291494 0.05182892
v 0.02761179 0.02309316 0.05201143
v 0.02775609 0.02291494 0.05182892
v 0.02742820 0.02284312 0.05186069
v 0.02738350 0.02314776 0.05206060
v 0.02761179 0.02309316 0.05201143
v 0.02775609 0.02291494 0.05182892
v 0.02738350 0.02314776 0.05206060
v 0.02747786 0.02350860 0.05218178
v 0.02771776 0.02308547 0.05194807
v 0.02761179 0.02309316 0.05201143
v 0.02742820 0.02284312 0.05186069
v 0.02718973 0.02273750 0.05166995
v 0.02710539 0.02306008 0.05187970
v 0.02700287 0.02274918 0.05139255
v 0.02687627 0.02300637 0.05144041
v 0.02721881 0.02335304 0.05209088
v 0.02738350 0.02314776 0.05206060
v 0.02742820 0.02284312 0.05186069
v 0.02721881 0.02335304 0.05209088
v 0.02747786 0.02350860 0.05218178
v 0.02761179 0.02309316 0.05201143
v 0.02738350 0.02314776 0.05206060
v 0.02341437 0.03285104 0.04604864
v 0.02087283 0.02620851 0.04602563
v 0.01964747 0.02625030 0.04603350
v 0.02232110 0.03372824 0.04604637
v 0.01978701 0.02590399 0.04570835
v 0.01964747 0.02625030 0.04603350
v 0.02066493 0.02601212 0.04582220
v 0.02087283 0.02620851 0.04602563
v 0.01978701 0.02590399 0.04570835
v 0.02066493 0.02601212 0.04582220
v 0.02085727 0.02587246 0.04557257
v 0.02113020 0.02616041 0.04613554
v 0.02103048 0.02603125 0.04600340
v 0.02087283 0.02620851 0.04602563
v 0.02122581 0.02598643 0.04625886
v 0.02103048 0.02603125 0.04600340
v 0.02113020 0.02616041 0.04613554
v 0.02127802 0.02585232 0.04645150
v 0.02123332 0.02554762 0.04585874
v 0.02122581 0.02598643 0.04625886
v 0.02127802 0.02585232 0.04645150
v 0.02137142 0.02574622 0.05160540
v 0.02137166 0.02461481 0.05166882
v 0.02123332 0.02554762 0.04585874
v 0.02108103 0.02428102 0.03503054
v 0.02105069 0.02519810 0.03503960
v 0.01933091 0.02529972 0.04570519
v 0.01951777 0.02571803 0.04563963
v 0.01938784 0.02588295 0.04593992
v 0.01948726 0.02590084 0.04587984
v 0.01933091 0.02529972 0.04570519
v 0.01938784 0.02588295 0.04593992
v 0.01951777 0.02571803 0.04563963
v 0.01948726 0.02590084 0.04587984
v 0.01938784 0.02588295 0.04593992
v 0.01964747 0.02625030 0.04603350
v 0.01978701 0.02590399 0.04570835
v 0.01978701 0.02590399 0.04570835
v 0.01301461 0.00872248 0.04654073
v 0.01302719 0.00899559 0.04635047
v 0.01310896 0.00899464 0.04619461
v 0.04358261 0.00780690 0.03462463
v 0.04424136 0.00270009 0.03257566
v 0.04341560 0.00770259 0.03480446
v 0.04408419 0.00258493 0.03274124
v -0.00900996 -0.04398638 0.01385802
v -0.00444579 -0.04466295 0.01361334
v -0.00900996 -0.04398638 0.01385802
v -0.00864220 -0.04395318 0.01395517
v -0.00444579 -0.04466295 0.01361334
v 0.04231452 0.01292741 0.03665953
v 0.04219615 0.01266258 0.03680408
v -0.00444579 -0.04466295 0.01361334
v -0.00120413 -0.04479926 0.01360678
v -0.00012685 -0.04488921 0.01348495
v -0.00444579 -0.04466295 0.01361334
v -0.00864220 -0.04395318 0.01395517
v -0.00120413 -0.04479926 0.01360678
v 0.00295293 -0.04478865 0.01345998
v -0.00012685 -0.04488921 0.01348495
v 0.00244755 -0.04476958 0.01358956
v -0.04261189 0.01281857 0.03661316
v -0.04249531 0.01275706 0.03682786
v -0.04379343 0.00809544 0.03472983
v -0.04261189 0.01281857 0.03661316
v -0.04377418 0.00800991 0.03479981
v -0.00012685 -0.04488921 0.01348495
v -0.00120413 -0.04479926 0.01360678
v 0.00244755 -0.04476958 0.01358956
v -0.04377418 0.00800991 0.03479981
v -0.04249531 0.01275706 0.03682786
v -0.04360294 0.00785065 0.03487396
v -0.04447054 0.00306815 0.03277695
v 0.00595808 -0.04447239 0.01360589
v 0.00607371 -0.04438561 0.01375406
v -0.04447054 0.00306815 0.03277695
v -0.04431957 0.00283807 0.03284353
v 0.00244755 -0.04476958 0.01358956
v -0.00120413 -0.04479926 0.01360678
v 0.00607371 -0.04438561 0.01375406
v 0.01079750 -0.04347079 0.01413273
v -0.04459828 -0.00164086 0.03086185
v -0.04444128 -0.00167841 0.03101444
v 0.01042050 -0.04362440 0.01391422
v 0.01079750 -0.04347079 0.01413273
v 0.01477259 -0.04231417 0.01451396
v 0.01042050 -0.04362440 0.01391422
v 0.01079750 -0.04347079 0.01413273
v -0.04421824 -0.00632322 0.02897429
v -0.04411292 -0.00626469 0.02913945
v -0.04444128 -0.00167841 0.03101444
v -0.04311650 -0.01134818 0.02711534
v -0.04411292 -0.00626469 0.02913945
v 0.01477259 -0.04231417 0.01451396
v 0.01079750 -0.04347079 0.01413273
v 0.01458740 -0.04226678 0.01462960
v -0.04323375 -0.01142776 0.02690172
v -0.04311650 -0.01134818 0.02711534
v 0.01911526 -0.04048514 0.01531141
v -0.04168093 -0.01631498 0.02495563
v -0.04152822 -0.01630204 0.02511453
v 0.01911526 -0.04048514 0.01531141
v 0.02354979 -0.03802800 0.01629626
v -0.03979671 -0.02054953 0.02323317
v -0.03966706 -0.02055168 0.02338641
v -0.03707635 -0.02498137 0.02160382
v 0.02762961 -0.03515678 0.01740956
v 0.02354979 -0.03802800 0.01629626
v 0.02745056 -0.03512758 0.01752179
v -0.03720253 -0.02500498 0.02144140
v 0.03106689 -0.03209441 0.01866078
v 0.03096771 -0.03195190 0.01879876
v -0.03407424 -0.02916705 0.01979285
v -0.03407424 -0.02916705 0.01979285
v -0.03707635 -0.02498137 0.02160382
v -0.03394842 -0.02906847 0.01996660
v -0.03244352 -0.03099775 0.01895248
v -0.03407424 -0.02916705 0.01979285
v -0.03099530 -0.03244990 0.01845747
v -0.03407424 -0.02916705 0.01979285
v -0.03243637 -0.03091424 0.01914644
v -0.03243637 -0.03091424 0.01914644
v -0.03243637 -0.03091424 0.01914644
v -0.03394842 -0.02906847 0.01996660
v -0.03069496 -0.03257179 0.01854801
v 0.03418362 -0.02868616 0.02001059
v 0.03417962 -0.02848809 0.02017784
v 0.03096771 -0.03195190 0.01879876
v 0.03699493 -0.02463907 0.02175045
v 0.03417962 -0.02848809 0.02017784
v -0.03099530 -0.03244990 0.01845747
v -0.03243637 -0.03091424 0.01914644
v -0.03069496 -0.03257179 0.01854801
v 0.03725975 -0.02451801 0.02161926
v 0.03418362 -0.02868616 0.02001059
v 0.03699493 -0.02463907 0.02175045
v 0.03699493 -0.02463907 0.02175045
v 0.03951621 -0.02056396 0.02324688
v 0.03936386 -0.02059364 0.02337169
v -0.02696681 -0.03585958 0.01714837
v -0.02696681 -0.03585958 0.01714837
v -0.03069496 -0.03257179 0.01854801
v -0.02632904 -0.03615570 0.01709938
v 0.04138720 -0.01633346 0.02500021
v -0.02298158 -0.03857135 0.01602965
v -0.02238076 -0.03881257 0.01601999
v 0.04121583 -0.01633453 0.02511215
v 0.04279959 -0.01194572 0.02675145
v 0.04279959 -0.01194572 0.02675145
v 0.04266446 -0.01182931 0.02692890
v -0.02298158 -0.03857135 0.01602965
v -0.02238076 -0.03881257 0.01601999
v -0.01853919 -0.04089677 0.01509922
v -0.01853919 -0.04089677 0.01509922
v -0.02238076 -0.03881257 0.01601999
v -0.01626873 -0.04176664 0.01484292
v -0.02238076 -0.03881257 0.01601999
v -0.02632904 -0.03615570 0.01709938
v -0.01626873 -0.04176664 0.01484292
v 0.04381382 -0.00718391 0.02866184
v 0.04381382 -0.00718391 0.02866184
v 0.04361593 -0.00719207 0.02880215
v -0.01626116 -0.04186969 0.01464045
v -0.01853919 -0.04089677 0.01509922
v -0.01626873 -0.04176664 0.01484292
v 0.04431778 -0.00204790 0.03067874
v 0.04381382 -0.00718391 0.02866184
v 0.04414141 -0.00215334 0.03082650
v 0.04414141 -0.00215334 0.03082650
v -0.01376813 -0.04274302 0.01437270
v -0.01376813 -0.04274302 0.01437270
v -0.01376813 -0.04274302 0.01437270
v -0.01626873 -0.04176664 0.01484292
v -0.00864220 -0.04395318 0.01395517
v -0.01415443 0.04175448 0.04856324
v -0.01649373 0.04107308 0.04814398
v -0.01421499 0.04200106 0.04837298
v -0.01649373 0.04107308 0.04814398
v -0.01650696 0.04118251 0.04798471
v -0.01421499 0.04200106 0.04837298
v -0.01650696 0.04118251 0.04798471
v -0.01222747 0.04262548 0.04857379
v -0.01421499 0.04200106 0.04837298
v -0.01221561 0.04251998 0.04872614
v 0.02964586 0.03273010 0.04478335
v 0.02900314 0.03341019 0.04483461
v 0.03040647 0.03212213 0.04436677
v -0.00975060 0.04293477 0.04905015
v -0.01415443 0.04175448 0.04856324
v -0.01221561 0.04251998 0.04872614
v -0.01221561 0.04251998 0.04872614
v -0.01421499 0.04200106 0.04837298
v -0.01222747 0.04262548 0.04857379
v 0.02900314 0.03341019 0.04483461
v 0.03250986 0.03000259 0.04344540
v 0.03040647 0.03212213 0.04436677
v 0.03365224 0.02819347 0.04310339
v 0.03023093 0.03185558 0.04458099
v 0.03246021 0.02994626 0.04364436
v 0.03023093 0.03185558 0.04458099
v 0.02964586 0.03273010 0.04478335
v 0.03246021 0.02994626 0.04364436
v 0.02964586 0.03273010 0.04478335
v 0.03040647 0.03212213 0.04436677
v 0.03246021 0.02994626 0.04364436
v 0.03246021 0.02994626 0.04364436
v 0.03040647 0.03212213 0.04436677
v 0.03250986 0.03000259 0.04344540
v -0.00975060 0.04293477 0.04905015
v -0.01221561 0.04251998 0.04872614
v -0.00977135 0.04321950 0.04889976
v 0.03381061 0.02836030 0.04305499
v -0.00977135 0.04321950 0.04889976
v -0.04078817 0.01716893 0.03863590
v -0.04249531 0.01275706 0.03682786
v -0.04129934 0.01642322 0.03819561
v -0.01222747 0.04262548 0.04857379
v -0.00734496 0.04371690 0.04901313
v -0.00977135 0.04321950 0.04889976
v -0.00481379 0.04372918 0.04937899
v -0.00975060 0.04293477 0.04905015
v -0.00731874 0.04360795 0.04916387
v -0.04129934 0.01642322 0.03819561
v -0.00731874 0.04360795 0.04916387
v -0.04129934 0.01642322 0.03819561
v 0.03381061 0.02836030 0.04305499
v 0.03385704 0.02845239 0.04288101
v -0.00731874 0.04360795 0.04916387
v -0.00977135 0.04321950 0.04889976
v -0.00734496 0.04371690 0.04901313
v 0.03250986 0.03000259 0.04344540
v 0.03568649 0.02614164 0.04196518
v 0.03385704 0.02845239 0.04288101
v 0.03564292 0.02603608 0.04208940
v 0.03680270 0.02417087 0.04145234
v 0.03564292 0.02603608 0.04208940
v 0.03568649 0.02614164 0.04196518
v -0.00481379 0.04372918 0.04937899
v -0.00731874 0.04360795 0.04916387
v -0.00481820 0.04403001 0.04921227
v -0.00481820 0.04403001 0.04921227
v -0.03875344 0.02133083 0.04031556
v -0.04078817 0.01716893 0.03863590
v -0.04000854 0.01929467 0.03935909
v -0.00734496 0.04371690 0.04901313
v -0.00276858 0.04423063 0.04919165
v -0.00481820 0.04403001 0.04921227
v -0.04000854 0.01929467 0.03935909
v -0.00279659 0.04411852 0.04936742
v -0.00031089 0.04401546 0.04947817
v -0.00481379 0.04372918 0.04937899
v -0.00279659 0.04411852 0.04936742
v 0.03680270 0.02417087 0.04145234
v 0.03692770 0.02433395 0.04124498
v -0.04129934 0.01642322 0.03819561
v -0.04123485 0.01670217 0.03818178
v -0.04000854 0.01929467 0.03935909
v -0.04003185 0.01941078 0.03921306
v -0.00279659 0.04411852 0.04936742
v -0.00481820 0.04403001 0.04921227
v -0.00276858 0.04423063 0.04919165
v 0.03568649 0.02614164 0.04196518
v 0.03890872 0.02108240 0.03992140
v 0.03692770 0.02433395 0.04124498
v 0.03918641 0.02010059 0.03981256
v 0.03680270 0.02417087 0.04145234
v 0.03840535 0.02180474 0.04037523
v 0.03840535 0.02180474 0.04037523
v 0.03840535 0.02180474 0.04037523
v 0.03692770 0.02433395 0.04124498
v 0.03890872 0.02108240 0.03992140
v -0.00031089 0.04401546 0.04947817
v -0.00279659 0.04411852 0.04936742
v -0.00029956 0.04418396 0.04940897
v -0.03875344 0.02133083 0.04031556
v -0.04000854 0.01929467 0.03935909
v -0.03893566 0.02147763 0.04013484
v -0.03893566 0.02147763 0.04013484
v -0.00029956 0.04418396 0.04940897
v -0.00029180 0.04429447 0.04927319
v -0.04003185 0.01941078 0.03921306
v -0.03774088 0.02352374 0.04087996
v -0.03893566 0.02147763 0.04013484
v -0.03768539 0.02343750 0.04104137
v -0.00276858 0.04423063 0.04919165
v 0.00170904 0.04426902 0.04922658
v -0.00029180 0.04429447 0.04927319
v -0.03625202 0.02523422 0.04190438
v -0.03875344 0.02133083 0.04031556
v -0.03768539 0.02343750 0.04104137
v 0.00171775 0.04415929 0.04938566
v 0.00419599 0.04376482 0.04938542
v -0.00031089 0.04401546 0.04947817
v 0.00171775 0.04415929 0.04938566
v 0.00171775 0.04415929 0.04938566
v 0.03918641 0.02010059 0.03981256
v 0.03840535 0.02180474 0.04037523
v 0.03890872 0.02108240 0.03992140
v 0.00170904 0.04426902 0.04922658
v -0.03768539 0.02343750 0.04104137
v -0.03893566 0.02147763 0.04013484
v -0.03774088 0.02352374 0.04087996
v 0.04073095 0.01645129 0.03836029
v 0.03918641 0.02010059 0.03981256
v 0.04066133 0.01722329 0.03855729
v 0.04066133 0.01722329 0.03855729
v 0.04081588 0.01708650 0.03832161
v -0.03625202 0.02523422 0.04190438
v -0.03768539 0.02343750 0.04104137
v -0.03642654 0.02544587 0.04176092
v 0.00419599 0.04376482 0.04938542
v 0.00171775 0.04415929 0.04938566
v 0.00627041 0.04375225 0.04921758
v -0.03642654 0.02544587 0.04176092
v 0.00422615 0.04406780 0.04922479
v 0.00422615 0.04406780 0.04922479
v -0.03774088 0.02352374 0.04087996
v -0.03497159 0.02744555 0.04245895
v -0.03642654 0.02544587 0.04176092
v -0.03452110 0.02789402 0.04281616
v -0.03336906 0.02900123 0.04340362
v -0.03625202 0.02523422 0.04190438
v -0.03452110 0.02789402 0.04281616
v 0.00170904 0.04426902 0.04922658
v 0.00666308 0.04378181 0.04897534
v 0.00422615 0.04406780 0.04922479
v -0.03452110 0.02789402 0.04281616
v -0.03642654 0.02544587 0.04176092
v -0.03497159 0.02744555 0.04245895
v 0.00908589 0.04292929 0.04906028
v 0.00419599 0.04376482 0.04938542
v 0.00627041 0.04375225 0.04921758
v 0.00627041 0.04375225 0.04921758
v 0.00422615 0.04406780 0.04922479
v 0.00666308 0.04378181 0.04897534
v 0.04231452 0.01292741 0.03665953
v 0.00914574 0.04316705 0.04904758
v -0.03452110 0.02789402 0.04281616
v -0.03497159 0.02744555 0.04245895
v -0.03359931 0.02907276 0.04315400
v 0.04219615 0.01266258 0.03680408
v 0.04066133 0.01722329 0.03855729
v -0.03497159 0.02744555 0.04245895
v -0.03189843 0.03093951 0.04389780
v -0.03359931 0.02907276 0.04315400
v -0.03015470 0.03226035 0.04473441
v -0.03336906 0.02900123 0.04340362
v -0.03180330 0.03089255 0.04404503
v -0.03180330 0.03089255 0.04404503
v -0.03336906 0.02900123 0.04340362
v -0.03189843 0.03093951 0.04389780
v -0.03452110 0.02789402 0.04281616
v 0.00914574 0.04316705 0.04904758
v 0.00627041 0.04375225 0.04921758
v 0.00914121 0.04331654 0.04885679
v -0.03359931 0.02907276 0.04315400
v 0.00914121 0.04331654 0.04885679
v 0.00666308 0.04378181 0.04897534
v 0.01153981 0.04274451 0.04856914
v 0.00914121 0.04331654 0.04885679
v 0.01150751 0.04264390 0.04876750
v 0.01395505 0.04175716 0.04855370
v 0.01150751 0.04264390 0.04876750
v 0.01153981 0.04274451 0.04856914
v -0.03015470 0.03226035 0.04473441
v -0.03180330 0.03089255 0.04404503
v -0.03029721 0.03245967 0.04456132
v -0.03029721 0.03245967 0.04456132
v -0.03189843 0.03093951 0.04389780
v -0.02833366 0.03421705 0.04518383
v -0.03029721 0.03245967 0.04456132
v 0.01395505 0.04175716 0.04855370
v 0.01150751 0.04264390 0.04876750
v 0.01400750 0.04198372 0.04835206
v -0.02833169 0.03407669 0.04532957
v -0.02669906 0.03520107 0.04590433
v -0.03015470 0.03226035 0.04473441
v -0.02833169 0.03407669 0.04532957
v 0.01400750 0.04198372 0.04835206
v -0.02833169 0.03407669 0.04532957
v -0.03029721 0.03245967 0.04456132
v -0.02833366 0.03421705 0.04518383
v 0.01153981 0.04274451 0.04856914
v 0.01630175 0.04115182 0.04792135
v 0.01400750 0.04198372 0.04835206
v 0.01820135 0.04003143 0.04787135
v 0.01395505 0.04175716 0.04855370
v 0.01631498 0.04105329 0.04811924
v 0.01631498 0.04105329 0.04811924
v 0.01631498 0.04105329 0.04811924
v 0.01400750 0.04198372 0.04835206
v 0.01630175 0.04115182 0.04792135
v -0.02669906 0.03520107 0.04590433
v -0.02833169 0.03407669 0.04532957
v -0.02677059 0.03541183 0.04572075
v -0.02677059 0.03541183 0.04572075
v 0.01820135 0.04003143 0.04787135
v 0.01631498 0.04105329 0.04811924
v 0.01826763 0.04028654 0.04770320
v -0.02833366 0.03421705 0.04518383
v -0.02463245 0.03694057 0.04628920
v -0.02677059 0.03541183 0.04572075
v -0.02458506 0.03684246 0.04644054
v -0.02241843 0.03797882 0.04704564
v -0.02669906 0.03520107 0.04590433
v -0.02458506 0.03684246 0.04644054
v -0.02458506 0.03684246 0.04644054
v -0.02677059 0.03541183 0.04572075
v -0.02463245 0.03694057 0.04628920
v 0.01826763 0.04028654 0.04770320
v 0.01630175 0.04115182 0.04792135
v 0.02084243 0.03903943 0.04707688
v 0.01826763 0.04028654 0.04770320
v 0.02261066 0.03774285 0.04694366
v 0.01820135 0.04003143 0.04787135
v 0.02076476 0.03898137 0.04728806
v 0.02076476 0.03898137 0.04728806
v 0.02076476 0.03898137 0.04728806
v 0.01826763 0.04028654 0.04770320
v 0.02084243 0.03903943 0.04707688
v -0.02241843 0.03797882 0.04704564
v -0.02458506 0.03684246 0.04644054
v -0.02251809 0.03822660 0.04687190
v -0.02251809 0.03822660 0.04687190
v -0.02463245 0.03694057 0.04628920
v -0.02064490 0.03928828 0.04721266
v -0.02251809 0.03822660 0.04687190
v 0.02261066 0.03774285 0.04694366
v 0.02076476 0.03898137 0.04728806
v 0.02274322 0.03794503 0.04673004
v -0.01833391 0.04014509 0.04790008
v -0.02241843 0.03797882 0.04704564
v -0.02060985 0.03918409 0.04738157
v -0.02060985 0.03918409 0.04738157
v 0.02274322 0.03794503 0.04673004
v 0.02084243 0.03903943 0.04707688
v 0.02514904 0.03640657 0.04602199
v 0.02274322 0.03794503 0.04673004
v -0.02060985 0.03918409 0.04738157
v -0.02251809 0.03822660 0.04687190
v -0.02064490 0.03928828 0.04721266
v 0.02679920 0.03490400 0.04578638
v 0.02261066 0.03774285 0.04694366
v 0.02514451 0.03629058 0.04621243
v 0.02514451 0.03629058 0.04621243
v 0.02514451 0.03629058 0.04621243
v 0.02274322 0.03794503 0.04673004
v 0.02514904 0.03640657 0.04602199
v -0.01833391 0.04014509 0.04790008
v -0.02060985 0.03918409 0.04738157
v -0.01836109 0.04038065 0.04771047
v -0.01836109 0.04038065 0.04771047
v 0.02679920 0.03490400 0.04578638
v 0.02514451 0.03629058 0.04621243
v 0.02694654 0.03507989 0.04557013
v -0.02064490 0.03928828 0.04721266
v -0.01650696 0.04118251 0.04798471
v -0.01836109 0.04038065 0.04771047
v -0.01415443 0.04175448 0.04856324
v -0.01833391 0.04014509 0.04790008
v -0.01649373 0.04107308 0.04814398
v -0.01649373 0.04107308 0.04814398
v 0.02694654 0.03507989 0.04557013
v -0.01836109 0.04038065 0.04771047
v 0.02514904 0.03640657 0.04602199
v 0.02900314 0.03341019 0.04483461
v 0.02694654 0.03507989 0.04557013
v 0.02964586 0.03273010 0.04478335
v 0.02679920 0.03490400 0.04578638
v 0.02964586 0.03273010 0.04478335
v 0.02694654 0.03507989 0.04557013
v 0.02900314 0.03341019 0.04483461
v 0.03970927 -0.01623266 0.02502518
v 0.04130166 -0.01202774 0.02684015
v 0.03996890 -0.01595211 0.02525568
v 0.03173857 0.02859783 0.04305928
v 0.02873677 0.03163194 0.04427164
v 0.03002017 0.03049010 0.04397094
v 0.02873677 0.03163194 0.04427164
v 0.02789640 0.03254860 0.04485416
v 0.03002017 0.03049010 0.04397094
v 0.03002017 0.03049010 0.04397094
v 0.02789640 0.03254860 0.04485416
v 0.03054523 0.03010600 0.04386997
v 0.03998863 -0.01528996 0.02517002
v 0.03970927 -0.01623266 0.02502518
v 0.03781539 -0.02010095 0.02329182
v 0.03794437 -0.02023571 0.02350229
v 0.03970927 -0.01623266 0.02502518
v 0.03996890 -0.01595211 0.02525568
v 0.03794437 -0.02023571 0.02350229
v 0.03173857 0.02859783 0.04305928
v 0.03453224 0.02514863 0.04162925
v 0.03173857 0.02859783 0.04305928
v 0.03317964 0.02702176 0.04257982
v 0.03173857 0.02859783 0.04305928
v 0.03054523 0.03010600 0.04386997
v 0.03317964 0.02702176 0.04257982
v 0.03054523 0.03010600 0.04386997
v 0.03318589 0.02725213 0.04272413
v 0.03317964 0.02702176 0.04257982
v 0.03453224 0.02514863 0.04162925
v 0.03317964 0.02702176 0.04257982
v 0.03557056 0.02380776 0.04127097
v 0.03515309 -0.02448058 0.02144414
v 0.03597515 -0.02350676 0.02212822
v 0.03597515 -0.02350676 0.02212822
v 0.03794437 -0.02023571 0.02350229
v 0.03617852 -0.02338600 0.02225065
v 0.03557056 0.02380776 0.04127097
v 0.03574746 0.02378845 0.04133027
v 0.03755712 0.02038592 0.03966188
v 0.03453224 0.02514863 0.04162925
v 0.03557056 0.02380776 0.04127097
v -0.00422931 0.04259151 0.04876202
v -0.00422931 0.04259151 0.04876202
v -0.00854760 0.04201531 0.04865539
v -0.00427979 0.04266685 0.04893118
v 0.03755712 0.02038592 0.03966188
v 0.03557056 0.02380776 0.04127097
v 0.03777873 0.02019405 0.03984749
v 0.03412204 -0.02616429 0.02107429
v 0.03206074 -0.02844405 0.01982462
v 0.03515309 -0.02448058 0.02144414
v 0.03412204 -0.02616429 0.02107429
v 0.03515309 -0.02448058 0.02144414
v 0.03597515 -0.02350676 0.02212822
v 0.03412204 -0.02616429 0.02107429
v 0.03777873 0.02019405 0.03984749
v -0.00854760 0.04201531 0.04865539
v -0.00481379 0.04372918 0.04937899
v -0.00427979 0.04266685 0.04893118
v 0.03939658 0.01657152 0.03824687
v 0.03206074 -0.02844405 0.01982462
v 0.03412204 -0.02616429 0.02107429
v 0.03161281 -0.02911365 0.01982802
v -0.00015415 0.04280382 0.04890275
v 0.00200510 0.04295593 0.04906785
v 0.00200510 0.04295593 0.04906785
v 0.00402820 0.04260516 0.04882478
v -0.00015415 0.04280382 0.04890275
v 0.00231010 0.04280066 0.04899394
v 0.02857476 -0.03197354 0.01838815
v 0.03206074 -0.02844405 0.01982462
v 0.03161281 -0.02911365 0.01982802
v 0.03939658 0.01657152 0.03824687
v 0.03777873 0.02019405 0.03984749
v 0.04032421 0.01498079 0.03777337
v -0.00015415 0.04280382 0.04890275
v 0.00200510 0.04295593 0.04906785
v 0.00231010 0.04280066 0.04899394
v 0.03161281 -0.02911365 0.01982802
v 0.03412204 -0.02616429 0.02107429
v 0.03202050 -0.02895730 0.02000802
v 0.02857476 -0.03197354 0.01838815
v 0.03161281 -0.02911365 0.01982802
v 0.02808314 -0.03256577 0.01841539
v 0.00402820 0.04260516 0.04882478
v 0.00231010 0.04280066 0.04899394
v 0.00200510 0.04295593 0.04906785
v 0.02808314 -0.03256577 0.01841539
v 0.02856963 -0.03233903 0.01863360
v 0.02471470 -0.03507030 0.01714020
v 0.02857476 -0.03197354 0.01838815
v 0.02808314 -0.03256577 0.01841539
v 0.04086250 0.01250201 0.03647643
v 0.03939658 0.01657152 0.03824687
v 0.04050183 0.01378560 0.03718727
v 0.03939658 0.01657152 0.03824687
v 0.04032421 0.01498079 0.03777337
v 0.04050183 0.01378560 0.03718727
v 0.04124450 0.01154410 0.03631985
v 0.02471470 -0.03507030 0.01714020
v 0.02808314 -0.03256577 0.01841539
v 0.02421122 -0.03558170 0.01721388
v 0.00783604 0.04204690 0.04856121
v 0.00402820 0.04260516 0.04882478
v 0.00769275 0.04220092 0.04875797
v 0.02808314 -0.03256577 0.01841539
v 0.02856963 -0.03233903 0.01863360
v 0.02421122 -0.03558170 0.01721388
v 0.00200510 0.04295593 0.04906785
v 0.02421122 -0.03558170 0.01721388
v 0.02856963 -0.03233903 0.01863360
v 0.02457809 -0.03556251 0.01733773
v 0.02091431 -0.03747665 0.01617443
v 0.02471470 -0.03507030 0.01714020
v 0.02421122 -0.03558170 0.01721388
v 0.04199808 0.00792569 0.03467714
v 0.04086250 0.01250201 0.03647643
v 0.04124450 0.01154410 0.03631985
v 0.04086250 0.01250201 0.03647643
v 0.04050183 0.01378560 0.03718727
v 0.04124450 0.01154410 0.03631985
v 0.04032421 0.01498079 0.03777337
v 0.04215502 0.00792742 0.03489840
v 0.04124450 0.01154410 0.03631985
v 0.02091431 -0.03747665 0.01617443
v 0.02421122 -0.03558170 0.01721388
v 0.02036565 -0.03792774 0.01625257
v 0.01180064 0.04109907 0.04816591
v 0.02036565 -0.03792774 0.01625257
v 0.02070420 -0.03793430 0.01637166
v 0.01180064 0.04109907 0.04816591
v 0.00769275 0.04220092 0.04875797
v 0.01287484 0.04084223 0.04817378
v 0.00769275 0.04220092 0.04875797
v 0.01274865 0.04099220 0.04827523
v 0.01287484 0.04084223 0.04817378
v 0.04215502 0.00792742 0.03489840
v 0.01649940 -0.03964185 0.01529347
v 0.02091431 -0.03747665 0.01617443
v 0.02036565 -0.03792774 0.01625257
v 0.01649940 -0.03964185 0.01529347
v 0.02036565 -0.03792774 0.01625257
v 0.01633197 -0.03983396 0.01547122
v 0.01633197 -0.03983396 0.01547122
v 0.01635551 -0.04004091 0.01552575
v 0.01672762 0.03934448 0.04743129
v 0.01180064 0.04109907 0.04816591
v 0.01287484 0.04084223 0.04817378
v 0.04261094 0.00355959 0.03293818
v 0.04277998 0.00355238 0.03313630
v 0.01240152 -0.04114997 0.01481014
v 0.01672762 0.03934448 0.04743129
v 0.01287484 0.04084223 0.04817378
v 0.01684570 0.03939342 0.04761934
v 0.01684570 0.03939342 0.04761934
v 0.01240152 -0.04114997 0.01481014
v 0.01633197 -0.03983396 0.01547122
v 0.01237028 -0.04145681 0.01495206
v 0.01237028 -0.04145681 0.01495206
v 0.04275709 -0.00084966 0.03107613
v 0.04261094 0.00355959 0.03293818
v 0.04290086 -0.00091267 0.03131049
v 0.04290086 -0.00091267 0.03131049
v 0.02091223 0.03728550 0.04656285
v 0.01905155 0.03828692 0.04707646
v 0.00801373 -0.04221147 0.01426690
v 0.01240152 -0.04114997 0.01481014
v 0.00852561 -0.04225653 0.01450920
v 0.00852561 -0.04225653 0.01450920
v 0.01237028 -0.04145681 0.01495206
v 0.02029037 0.03777402 0.04697251
v 0.02091223 0.03728550 0.04656285
v 0.01905155 0.03828692 0.04707646
v 0.02123826 0.03715461 0.04667860
v 0.04230606 -0.00628072 0.02885311
v 0.04253035 -0.00516313 0.02949362
v 0.04253035 -0.00516313 0.02949362
v 0.04290086 -0.00091267 0.03131049
v 0.04266703 -0.00532717 0.02955341
v 0.01905155 0.03828692 0.04707646
v 0.02029037 0.03777402 0.04697251
v 0.02123826 0.03715461 0.04667860
v 0.02445876 0.03504019 0.04565936
v 0.02029037 0.03777402 0.04697251
v 0.02451121 0.03509515 0.04586827
v 0.04127860 -0.01126855 0.02681243
v 0.04230606 -0.00628072 0.02885311
v 0.04208076 -0.00835562 0.02828758
v 0.04230606 -0.00628072 0.02885311
v 0.04253035 -0.00516313 0.02949362
v 0.04208076 -0.00835562 0.02828758
v 0.04208076 -0.00835562 0.02828758
v 0.04127860 -0.01126855 0.02681243
v 0.04208076 -0.00835562 0.02828758
v 0.04110407 -0.01224040 0.02663987
v 0.04110407 -0.01224040 0.02663987
v 0.04208076 -0.00835562 0.02828758
v 0.02873677 0.03163194 0.04427164
v 0.02445876 0.03504019 0.04565936
v 0.02736455 0.03289592 0.04494339
v 0.02736455 0.03289592 0.04494339
v 0.03998863 -0.01528996 0.02517002
v 0.04127860 -0.01126855 0.02681243
v 0.04110407 -0.01224040 0.02663987
v 0.02451121 0.03509515 0.04586827
v 0.02789640 0.03254860 0.04485416
v 0.03998863 -0.01528996 0.02517002
v 0.04110407 -0.01224040 0.02663987
v 0.03970927 -0.01623266 0.02502518
v -0.04201024 0.01013565 0.03579330
v -0.04249531 0.01275706 0.03682786
v -0.04037237 0.01530259 0.03789132
v 0.02745056 -0.03512758 0.01752179
v 0.02856963 -0.03233903 0.01863360
v -0.01102161 0.04151695 0.04847091
v -0.01575464 0.04002755 0.04788416
v -0.01415443 0.04175448 0.04856324
v -0.00975060 0.04293477 0.04905015
v -0.04078817 0.01716893 0.03863590
v 0.03202050 -0.02895730 0.02000802
v 0.02354979 -0.03802800 0.01629626
v 0.02457809 -0.03556251 0.01733773
v -0.03874152 0.01895618 0.03935664
v 0.03412204 -0.02616429 0.02107429
v 0.01911526 -0.04048514 0.01531141
v 0.02070420 -0.03793430 0.01637166
v -0.01833391 0.04014509 0.04790008
v -0.01836967 0.03887081 0.04741376
v 0.03936386 -0.02059364 0.02337169
v 0.03617852 -0.02338600 0.02225065
v 0.03794437 -0.02023571 0.02350229
v 0.01458740 -0.04226678 0.01462960
v 0.01635551 -0.04004091 0.01552575
v -0.03644752 0.02302163 0.04100418
v -0.03875344 0.02133083 0.04031556
v 0.04121583 -0.01633453 0.02511215
v 0.03996890 -0.01595211 0.02525568
v 0.01237028 -0.04145681 0.01495206
v -0.02099132 0.03746056 0.04681819
v -0.02241843 0.03797882 0.04704564
v -0.02477353 0.03509026 0.04586112
v 0.04266446 -0.01182931 0.02692890
v 0.04130166 -0.01202774 0.02684015
v -0.03397935 0.02646058 0.04238939
v -0.03625202 0.02523422 0.04190438
v 0.00845241 -0.04246366 0.01454794
v -0.02761030 0.03303909 0.04505985
v -0.02669906 0.03520107 0.04590433
v -0.03092193 0.02997589 0.04381561
v -0.03336906 0.02900123 0.04340362
v -0.03015470 0.03226035 0.04473441
v 0.04361593 -0.00719207 0.02880215
v 0.04208076 -0.00835562 0.02828758
v 0.00423956 -0.04314470 0.01428061
v 0.04266703 -0.00532717 0.02955341
v 0.00025394 -0.04325199 0.01419734
v 0.04414141 -0.00215334 0.03082650
v -0.00208700 -0.04324430 0.01421838
v 0.04290086 -0.00091267 0.03131049
v -0.00534582 -0.04300808 0.01432353
v 0.04408419 0.00258493 0.03274124
v -0.00864220 -0.04395318 0.01395517
v 0.04277998 0.00355238 0.03313630
v -0.00979900 -0.04221540 0.01464402
v 0.04341560 0.00770259 0.03480446
v 0.04215502 0.00792742 0.03489840
v -0.01456499 -0.04079645 0.01520985
v 0.04219615 0.01266258 0.03680408
v 0.04032421 0.01498079 0.03777337
v -0.01829719 -0.03933954 0.01580810
v 0.04073095 0.01645129 0.03836029
v -0.02269983 -0.03691142 0.01677227
v 0.03918641 0.02010059 0.03981256
v 0.03777873 0.02019405 0.03984749
v 0.03574746 0.02378845 0.04133027
v 0.03680270 0.02417087 0.04145234
v -0.02757591 -0.03337645 0.01819723
v -0.03069496 -0.03257179 0.01854801
v 0.03318589 0.02725213 0.04272413
v 0.03365224 0.02819347 0.04310339
v -0.03083413 -0.03047841 0.01938486
v -0.03394842 -0.02906847 0.01996660
v 0.03054523 0.03010600 0.04386997
v 0.03023093 0.03185558 0.04458099
v -0.03388071 -0.02696466 0.02079236
v 0.02789640 0.03254860 0.04485416
v -0.03707635 -0.02498137 0.02160382
v 0.02679920 0.03490400 0.04578638
v -0.03630459 -0.02341502 0.02217483
v 0.02451121 0.03509515 0.04586827
v -0.03860855 -0.01962798 0.02376723
v -0.03966706 -0.02055168 0.02338641
v 0.02261066 0.03774285 0.04694366
v 0.02029037 0.03777402 0.04697251
v -0.04006195 -0.01640129 0.02507060
v -0.04152822 -0.01630204 0.02511453
v 0.01820135 0.04003143 0.04787135
v 0.01684570 0.03939342 0.04761934
v -0.04132628 -0.01289558 0.02648830
v 0.01395505 0.04175716 0.04855370
v 0.01274865 0.04099220 0.04827523
v -0.04237979 -0.00872326 0.02817201
v 0.00908589 0.04292929 0.04906028
v 0.00769275 0.04220092 0.04875797
v -0.04297626 -0.00456715 0.02984493
v 0.00419599 0.04376482 0.04938542
v -0.04321914 -0.00029469 0.03158181
v -0.04286766 0.00434810 0.03338563
v -0.04431957 0.00283807 0.03284353
v -0.00031089 0.04401546 0.04947817
v -0.04360294 0.00785065 0.03487396
v -0.01490938 0.00580364 0.04642075
v -0.01550430 0.00412732 0.04645919
v -0.01540857 0.00524962 0.04613268
v -0.01425921 0.00719708 0.04636567
v -0.01364928 0.00891030 0.04607594
v -0.01348108 0.00862408 0.04628157
v -0.01475298 0.00712514 0.04606544
v -0.01425921 0.00719708 0.04636567
v -0.01540857 0.00524962 0.04613268
v -0.01425921 0.00719708 0.04636567
v -0.01348108 0.00862408 0.04628157
v -0.01332587 0.00864649 0.04658418
v -0.00100613 -0.01663053 0.04617065
v 0.00050485 -0.01695406 0.04603916
v -0.00354618 -0.01658082 0.04606086
v -0.00433135 -0.01622354 0.04609483
v -0.00100613 -0.01663053 0.04617065
v -0.00354618 -0.01658082 0.04606086
v -0.00194287 -0.01632606 0.04643803
v -0.00016570 -0.01641917 0.04645395
v -0.00100613 -0.01663053 0.04617065
v -0.00309765 -0.01617199 0.04637140
v -0.00100613 -0.01663053 0.04617065
v -0.00433135 -0.01622354 0.04609483
v -0.00194287 -0.01632606 0.04643803
v -0.00100613 -0.01663053 0.04617065
v -0.00309765 -0.01617199 0.04637140
v -0.00705141 -0.01531893 0.04606980
v -0.00433135 -0.01622354 0.04609483
v -0.00354618 -0.01658082 0.04606086
v -0.00481725 -0.01573896 0.04639387
v -0.00309765 -0.01617199 0.04637140
v -0.00433135 -0.01622354 0.04609483
v -0.00697529 -0.01510745 0.04620069
v -0.00697529 -0.01510745 0.04620069
v -0.00625193 -0.01521104 0.04644018
v -0.00481725 -0.01573896 0.04639387
v -0.00697529 -0.01510745 0.04620069
v -0.00992548 -0.01370668 0.04605609
v -0.00974440 -0.01350110 0.04616820
v -0.00755149 -0.01460349 0.04644244
v -0.00625193 -0.01521104 0.04644018
v -0.00697529 -0.01510745 0.04620069
v -0.00974440 -0.01350110 0.04616820
v -0.00755149 -0.01460349 0.04644244
v -0.00697529 -0.01510745 0.04620069
v -0.00905943 -0.01370406 0.04644864
v -0.01230823 -0.01135629 0.04609298
v -0.00992548 -0.01370668 0.04605609
v -0.01160866 -0.01177483 0.04622775
v -0.01160866 -0.01177483 0.04622775
v -0.00992548 -0.01370668 0.04605609
v -0.01230823 -0.01135629 0.04609298
v -0.01010352 -0.01293987 0.04645514
v -0.01160866 -0.01177483 0.04622775
v -0.01230633 -0.01085966 0.04635632
v -0.01148438 -0.01168924 0.04652160
v -0.01230633 -0.01085966 0.04635632
v -0.01394528 -0.00886214 0.04623007
v -0.01420933 -0.00893146 0.04606920
v -0.01352763 -0.00918871 0.04647845
v -0.01230633 -0.01085966 0.04635632
v -0.01394528 -0.00886214 0.04623007
v -0.01414477 -0.00817734 0.04647779
v -0.01352763 -0.00918871 0.04647845
v -0.01394528 -0.00886214 0.04623007
v -0.01619035 -0.00398237 0.04607313
v -0.01516574 -0.00641567 0.04620099
v -0.01545351 -0.00635350 0.04607850
v -0.01543778 -0.00523502 0.04637295
v -0.01516574 -0.00641567 0.04620099
v -0.01619035 -0.00398237 0.04607313
v -0.01500123 -0.00633365 0.04652297
v -0.01414477 -0.00817734 0.04647779
v -0.01394528 -0.00886214 0.04623007
v -0.01516574 -0.00641567 0.04620099
v -0.01606822 -0.00351167 0.04616272
v -0.01543778 -0.00523502 0.04637295
v -0.01619035 -0.00398237 0.04607313
v -0.01543778 -0.00523502 0.04637295
v -0.01658964 -0.00023903 0.04606413
v -0.01585555 -0.00349677 0.04644584
v -0.01543778 -0.00523502 0.04637295
v -0.01606822 -0.00351167 0.04616272
v -0.01610231 -0.00195825 0.04635947
v -0.01658964 -0.00023903 0.04606413
v -0.01616680 -0.00043914 0.04639148
v -0.01610231 -0.00195825 0.04635947
v -0.01658964 -0.00023903 0.04606413
v -0.01617902 0.00138730 0.04623568
v -0.01610869 0.00351012 0.04607379
v -0.01581370 0.00297618 0.04638397
v -0.01605176 0.00124407 0.04653018
v -0.01616680 -0.00043914 0.04639148
v -0.01617902 0.00138730 0.04623568
v -0.01581370 0.00297618 0.04638397
v -0.01610869 0.00351012 0.04607379
v -0.01540857 0.00524962 0.04613268
v -0.01540857 0.00524962 0.04613268
v -0.01610869 0.00351012 0.04607379
v -0.01475298 0.00712514 0.04606544
v -0.01581370 0.00297618 0.04638397
v -0.01550430 0.00412732 0.04645919
v -0.01581370 0.00297618 0.04638397
v -0.01540857 0.00524962 0.04613268
v -0.01679599 0.00342333 0.04606729
v -0.01731628 0.00026901 0.04606091
v -0.01733660 0.00060887 0.04611903
v -0.01482152 0.00851613 0.04606485
v -0.01609212 0.00575936 0.04607093
v -0.01511806 0.00831175 0.04619866
v -0.01751261 0.00068277 0.04626852
v -0.01716768 0.00344109 0.04636955
v -0.01642692 0.00588494 0.04637169
v -0.01530855 0.00833815 0.04649513
v -0.01511806 0.00831175 0.04619866
v -0.01642692 0.00588494 0.04637169
v -0.01731628 0.00026901 0.04606091
v -0.01768064 0.00026473 0.04616332
v -0.01733660 0.00060887 0.04611903
v -0.01768064 0.00026473 0.04616332
v -0.01801306 0.00023472 0.04626262
v -0.01781088 0.00045586 0.04645961
v -0.01768064 0.00026473 0.04616332
v -0.01789951 -0.00001267 0.04608237
v -0.01801306 0.00023472 0.04626262
v -0.01751261 0.00068277 0.04626852
v -0.01781088 0.00045586 0.04645961
v -0.01762485 0.00072519 0.04651975
v -0.01751261 0.00068277 0.04626852
v -0.01768064 0.00026473 0.04616332
v -0.01781088 0.00045586 0.04645961
v -0.01801306 0.00023472 0.04626262
v -0.01807832 0.00035323 0.04652422
v -0.01781088 0.00045586 0.04645961
v -0.01731628 0.00026901 0.04606091
v -0.01733660 0.00060887 0.04611903
v -0.01768064 0.00026473 0.04616332
v -0.01751261 0.00068277 0.04626852
v -0.01751261 0.00068277 0.04626852
v -0.01762485 0.00072519 0.04651975
v -0.01716768 0.00344109 0.04636955
v -0.01792371 -0.00070332 0.04604959
v -0.01775014 -0.00118196 0.04626572
v -0.01800286 -0.00104403 0.04625892
v -0.01755660 -0.00097643 0.04606920
v -0.01728630 -0.00127298 0.04606187
v -0.01775014 -0.00118196 0.04626572
v -0.01742392 -0.00146043 0.04617875
v -0.01762586 -0.00146687 0.04643470
v -0.01802420 -0.00116491 0.04651272
v -0.01742392 -0.00146043 0.04617875
v -0.01800286 -0.00104403 0.04625892
v -0.01775014 -0.00118196 0.04626572
v -0.01802420 -0.00116491 0.04651272
v -0.01609688 -0.00676948 0.04610079
v -0.01529461 -0.00895464 0.04628866
v -0.01628303 -0.00711596 0.04643779
v -0.01609688 -0.00676948 0.04610079
v -0.01467770 -0.00948924 0.04607731
v -0.01529461 -0.00895464 0.04628866
v -0.01696193 -0.00447971 0.04617303
v -0.01694554 -0.00526053 0.04646676
v -0.01609688 -0.00676948 0.04610079
v -0.01696193 -0.00447971 0.04617303
v -0.01694554 -0.00526053 0.04646676
v -0.01730477 -0.00377941 0.04646319
v -0.01696193 -0.00447971 0.04617303
v -0.01762586 -0.00146687 0.04643470
v -0.01742392 -0.00146043 0.04617875
v -0.01460856 -0.01021546 0.04641377
v -0.01321578 -0.01181870 0.04622989
v -0.01331597 -0.01194590 0.04652220
v -0.01730477 -0.00377941 0.04646319
v -0.01696193 -0.00447971 0.04617303
v -0.01742392 -0.00146043 0.04617875
v -0.01728630 -0.00127298 0.04606187
v -0.01682835 -0.00387496 0.04605937
v -0.01609688 -0.00676948 0.04610079
v -0.01529461 -0.00895464 0.04628866
v -0.01460856 -0.01021546 0.04641377
v -0.01541090 -0.00894791 0.04650795
v -0.01467770 -0.00948924 0.04607731
v -0.01286709 -0.01200056 0.04607892
v -0.01321578 -0.01181870 0.04622989
v -0.01460856 -0.01021546 0.04641377
v -0.01628303 -0.00711596 0.04643779
v -0.01529461 -0.00895464 0.04628866
v -0.01286709 -0.01200056 0.04607892
v -0.01314032 -0.01217305 0.04627174
v -0.01321578 -0.01181870 0.04622989
v -0.01314032 -0.01217305 0.04627174
v -0.01331096 -0.01252263 0.04644000
v -0.01324993 -0.01227051 0.04652446
v -0.01314032 -0.01217305 0.04627174
v -0.01307201 -0.01262444 0.04612958
v -0.01331096 -0.01252263 0.04644000
v -0.01314032 -0.01217305 0.04627174
v -0.01324993 -0.01227051 0.04652446
v -0.01331597 -0.01194590 0.04652220
v -0.01286709 -0.01200056 0.04607892
v -0.01307201 -0.01262444 0.04612958
v -0.01314032 -0.01217305 0.04627174
v -0.01321578 -0.01181870 0.04622989
v -0.01286709 -0.01200056 0.04607892
v -0.01298147 -0.01285743 0.04605835
v -0.01307201 -0.01262444 0.04612958
v -0.01202005 -0.01349705 0.04639703
v -0.01151520 -0.01320064 0.04606717
v -0.01164662 -0.01348525 0.04629170
v -0.01257574 -0.01335698 0.04607439
v -0.01208305 -0.01315569 0.04607707
v -0.01234287 -0.01350730 0.04625689
v -0.01208305 -0.01315569 0.04607707
v -0.01151520 -0.01320064 0.04606717
v -0.01202005 -0.01349705 0.04639703
v -0.01202005 -0.01349705 0.04639703
v -0.01234287 -0.01350730 0.04625689
v -0.01202005 -0.01349705 0.04639703
v -0.01228183 -0.01362311 0.04651761
v -0.01202005 -0.01349705 0.04639703
v -0.01164662 -0.01348525 0.04629170
v -0.01173090 -0.01355797 0.04653245
v -0.00588846 -0.01674973 0.04619956
v -0.00311291 -0.01736539 0.04611480
v -0.00385302 -0.01740348 0.04627943
v -0.00389415 -0.01708358 0.04606294
v -0.00827712 -0.01578462 0.04627960
v -0.00606012 -0.01687395 0.04652488
v -0.00835860 -0.01585996 0.04650163
v -0.00588846 -0.01674973 0.04619956
v -0.00977760 -0.01498818 0.04639405
v -0.01173090 -0.01355797 0.04653245
v -0.01164662 -0.01348525 0.04629170
v -0.00861704 -0.01530027 0.04607307
v -0.00588846 -0.01674973 0.04619956
v -0.00827712 -0.01578462 0.04627960
v -0.00977760 -0.01498818 0.04639405
v -0.00861704 -0.01530027 0.04607307
v -0.00389415 -0.01708358 0.04606294
v -0.00588846 -0.01674973 0.04619956
v -0.00977760 -0.01498818 0.04639405
v -0.00218439 -0.01768302 0.04629242
v -0.00011950 -0.01785159 0.04634284
v -0.00249898 -0.01775026 0.04650288
v -0.00385302 -0.01740348 0.04627943
v -0.00311291 -0.01736539 0.04611480
v -0.00311291 -0.01736539 0.04611480
v -0.00218439 -0.01768302 0.04629242
v -0.00385302 -0.01740348 0.04627943
v -0.00218439 -0.01768302 0.04629242
v -0.00420940 -0.01743000 0.04654026
v -0.00311291 -0.01736539 0.04611480
v 0.01134508 -0.01307445 0.04605466
v 0.01197654 -0.01308447 0.04606682
v 0.01168596 -0.01328766 0.04617065
v 0.01168596 -0.01328766 0.04617065
v 0.01208722 -0.01350367 0.04622805
v 0.01167511 -0.01350533 0.04643988
v 0.01128721 -0.01345103 0.04621136
v 0.01134508 -0.01307445 0.04605466
v 0.01208722 -0.01350367 0.04622805
v 0.01128721 -0.01345103 0.04621136
v 0.01168596 -0.01328766 0.04617065
v 0.01167511 -0.01350533 0.04643988
v 0.01128721 -0.01345103 0.04621136
v 0.01167511 -0.01350533 0.04643988
v 0.01142334 -0.01357549 0.04653751
v 0.01167511 -0.01350533 0.04643988
v 0.01208722 -0.01350367 0.04622805
v 0.01194882 -0.01357626 0.04649519
v 0.01243025 -0.01201969 0.04604399
v 0.01273393 -0.01218509 0.04615813
v 0.01276510 -0.01265519 0.04611206
v 0.01273393 -0.01218509 0.04615813
v 0.01296305 -0.01185584 0.04628038
v 0.01296502 -0.01227784 0.04644203
v 0.01273488 -0.01307761 0.04604476
v 0.01296305 -0.01185584 0.04628038
v 0.01303076 -0.01253163 0.04638332
v 0.01273393 -0.01218509 0.04615813
v 0.01296502 -0.01227784 0.04644203
v 0.01276510 -0.01265519 0.04611206
v 0.01273393 -0.01218509 0.04615813
v 0.01303076 -0.01253163 0.04638332
v 0.01296502 -0.01227784 0.04644203
v 0.01296305 -0.01185584 0.04628038
v 0.01301223 -0.01199829 0.04651749
v 0.01600658 -0.00710088 0.04642724
v 0.01678496 -0.00426155 0.04620134
v 0.01669728 -0.00515944 0.04645097
v 0.01574438 -0.00701898 0.04611814
v 0.01574438 -0.00701898 0.04611814
v 0.01627308 -0.00502616 0.04605513
v 0.01678496 -0.00426155 0.04620134
v 0.01494956 -0.00869840 0.04611754
v 0.01519072 -0.00883919 0.04647046
v 0.01438271 -0.01016438 0.04645586
v 0.01301223 -0.01199829 0.04651749
v 0.01296305 -0.01185584 0.04628038
v 0.01423430 -0.01004022 0.04618102
v 0.01494956 -0.00869840 0.04611754
v 0.01627308 -0.00502616 0.04605513
v 0.01574438 -0.00701898 0.04611814
v 0.01243025 -0.01201969 0.04604399
v 0.01678496 -0.00426155 0.04620134
v 0.01732933 -0.00155073 0.04644471
v 0.01707184 -0.00360078 0.04653429
v 0.01423430 -0.01004022 0.04618102
v 0.01296305 -0.01185584 0.04628038
v 0.01243025 -0.01201969 0.04604399
v 0.01714468 -0.00143534 0.04617089
v 0.01243025 -0.01201969 0.04604399
v 0.01494956 -0.00869840 0.04611754
v 0.01423430 -0.01004022 0.04618102
v 0.01669728 -0.00515944 0.04645097
v 0.01627308 -0.00502616 0.04605513
v 0.01693439 -0.00121963 0.04606431
v 0.01714468 -0.00143534 0.04617089
v 0.01678496 -0.00426155 0.04620134
v 0.01749056 -0.00117701 0.04627496
v 0.01776415 -0.00100571 0.04621207
v 0.01773256 -0.00117654 0.04652154
v 0.01714468 -0.00143534 0.04617089
v 0.01749056 -0.00117701 0.04627496
v 0.01732933 -0.00155073 0.04644471
v 0.01746577 -0.00135547 0.04652184
v 0.01742899 -0.00084680 0.04607111
v 0.01749056 -0.00117701 0.04627496
v 0.01714468 -0.00143534 0.04617089
v 0.01693439 -0.00121963 0.04606431
v 0.01742899 -0.00084680 0.04607111
v 0.01714468 -0.00143534 0.04617089
v 0.01742899 -0.00084680 0.04607111
v 0.01776415 -0.00100571 0.04621207
v 0.01749056 -0.00117701 0.04627496
v 0.01732933 -0.00155073 0.04644471
v 0.01749056 -0.00117701 0.04627496
v 0.01746577 -0.00135547 0.04652184
v 0.01742655 -0.00000560 0.04605942
v 0.01716601 0.00061154 0.04618382
v 0.01739871 0.00029761 0.04617881
v 0.01739871 0.00029761 0.04617881
v 0.01716601 0.00061154 0.04618382
v 0.01732671 0.00073817 0.04643529
v 0.01746857 0.00050650 0.04643100
v 0.01771241 -0.00000596 0.04607897
v 0.01739871 0.00029761 0.04617881
v 0.01777493 0.00023623 0.04627245
v 0.01771241 -0.00000596 0.04607897
v 0.01742655 -0.00000560 0.04605942
v 0.01739871 0.00029761 0.04617881
v 0.01739871 0.00029761 0.04617881
v 0.01746857 0.00050650 0.04643100
v 0.01769042 0.00036284 0.04645663
v 0.01742655 -0.00000560 0.04605942
v 0.01699829 0.00039265 0.04606312
v 0.01716601 0.00061154 0.04618382
v 0.01777493 0.00023623 0.04627245
v 0.01739871 0.00029761 0.04617881
v 0.01769042 0.00036284 0.04645663
v 0.01618206 0.00586867 0.04644137
v 0.01489609 0.00842124 0.04628831
v 0.01502698 0.00835145 0.04650819
v 0.01597070 0.00583267 0.04616665
v 0.01489609 0.00842124 0.04628831
v 0.01618206 0.00586867 0.04644137
v 0.01597070 0.00583267 0.04616665
v 0.01460361 0.00845569 0.04607850
v 0.01489609 0.00842124 0.04628831
v 0.01622736 0.00446683 0.04605954
v 0.01460361 0.00845569 0.04607850
v 0.01597070 0.00583267 0.04616665
v 0.01672482 0.00339967 0.04617685
v 0.01732671 0.00073817 0.04643529
v 0.01716601 0.00061154 0.04618382
v 0.01692724 0.00342244 0.04645764
v 0.01672482 0.00339967 0.04617685
v 0.01716601 0.00061154 0.04618382
v 0.01699829 0.00039265 0.04606312
v 0.01622736 0.00446683 0.04605954
v 0.01622736 0.00446683 0.04605954
v 0.01597070 0.00583267 0.04616665
v 0.01672482 0.00339967 0.04617685
v 0.01502698 0.00835145 0.04650819
v 0.01489609 0.00842124 0.04628831
v 0.01499474 0.00857979 0.04646176
v 0.01948106 0.02204877 0.04606366
v 0.01489609 0.00842124 0.04628831
v 0.01948106 0.02204877 0.04606366
v 0.01984179 0.02197772 0.04636657
v 0.01460361 0.00845569 0.04607850
v 0.01499474 0.00857979 0.04646176
v 0.01489609 0.00842124 0.04628831
v 0.01984179 0.02197772 0.04636657
v 0.01899445 0.02255362 0.04602569
v 0.01925051 0.02224892 0.04601752
v 0.01880776 0.02276277 0.04604941
v 0.02000838 0.02226287 0.04567188
v 0.01988720 0.02226328 0.04568111
v 0.01993560 0.02228158 0.04561245
v 0.02020776 0.02228868 0.04570364
v 0.02000838 0.02226287 0.04567188
v 0.01993560 0.02228158 0.04561245
v 0.01988720 0.02226328 0.04568111
v 0.01970678 0.02230191 0.04570919
v 0.01993560 0.02228158 0.04561245
v 0.01962149 0.02238857 0.04562079
v 0.01970678 0.02230191 0.04570919
v 0.01958918 0.02234631 0.04574447
v 0.01962149 0.02238857 0.04562079
v 0.01943522 0.02240329 0.04583263
v 0.01944929 0.02253812 0.04568356
v 0.01962149 0.02238857 0.04562079
v 0.01943522 0.02240329 0.04583263
v 0.01943522 0.02240329 0.04583263
v 0.01925051 0.02224892 0.04601752
v 0.01918250 0.02259820 0.04593342
v 0.01944929 0.02253812 0.04568356
v 0.01943522 0.02240329 0.04583263
v 0.01936471 0.02278256 0.04562145
v 0.01936471 0.02278256 0.04562145
v 0.01943522 0.02240329 0.04583263
v 0.01918250 0.02259820 0.04593342
v 0.01918250 0.02259820 0.04593342
v 0.01925051 0.02224892 0.04601752
v 0.01899445 0.02255362 0.04602569
v 0.01936471 0.02278256 0.04562145
v 0.01918250 0.02259820 0.04593342
v 0.01922988 0.02276808 0.04585182
v 0.00062092 -0.03298443 0.04020446
v 0.00064980 -0.03254854 0.04005944
v 0.00076911 -0.03272497 0.04023993
v -0.00021774 -0.03160572 0.04005450
v -0.00016854 -0.03143322 0.04026269
v 0.00020146 -0.03150296 0.04023504
v 0.00029254 -0.03311830 0.04007178
v 0.00064980 -0.03254854 0.04005944
v 0.00062092 -0.03298443 0.04020446
v 0.00080759 -0.03228420 0.04021108
v 0.00056213 -0.03197479 0.04006481
v 0.00063282 -0.03182286 0.04024994
v 0.00025867 -0.03164941 0.04009431
v 0.00020146 -0.03150296 0.04023504
v 0.00063282 -0.03182286 0.04024994
v 0.00056213 -0.03197479 0.04006481
v 0.00025867 -0.03164941 0.04009431
v 0.00063282 -0.03182286 0.04024994
v 0.00029254 -0.03311830 0.04007178
v 0.00062092 -0.03298443 0.04020446
v 0.00023231 -0.03330105 0.04024809
v 0.00025867 -0.03164941 0.04009431
v 0.00064980 -0.03254854 0.04005944
v 0.00080759 -0.03228420 0.04021108
v 0.00076911 -0.03272497 0.04023993
v 0.00029254 -0.03311830 0.04007178
v 0.00023231 -0.03330105 0.04024809
v -0.00032320 -0.03336036 0.04023450
v 0.00064980 -0.03254854 0.04005944
v 0.00056213 -0.03197479 0.04006481
v 0.00080759 -0.03228420 0.04021108
v -0.00017822 -0.03316944 0.04005324
v 0.02654248 0.02287614 0.03520244
v 0.02682620 0.02281522 0.04870295
v 0.02676689 0.02263081 0.04814022
v 0.02638334 0.02263623 0.03510236
v 0.02676689 0.02263081 0.04814022
v 0.02669817 0.02247798 0.04813176
v 0.02654248 0.02287614 0.03520244
v 0.02638334 0.02263623 0.03510236
v 0.02669817 0.02247798 0.04813176
v 0.02654945 0.02234047 0.04838097
v 0.02602273 0.02248781 0.03513062
v 0.02638334 0.02263623 0.03510236
v 0.02654945 0.02234047 0.04838097
v 0.02637434 0.02219527 0.05145758
v 0.02009481 0.02297103 0.03461539
v 0.02608639 0.02303779 0.03461509
v 0.02608138 0.02265357 0.03478968
v 0.02015239 0.02266258 0.03478235
v 0.02005738 0.02249741 0.03509914
v 0.02608138 0.02265357 0.03478968
v 0.02602273 0.02248781 0.03513062
v 0.02015239 0.02266258 0.03478235
v 0.02005738 0.02249741 0.03509914
v 0.01993560 0.02228158 0.04561245
v 0.01962149 0.02238857 0.04562079
v 0.01970809 0.02267801 0.03509861
v 0.01970809 0.02267801 0.03509861
v 0.01962149 0.02238857 0.04562079
v 0.01944929 0.02253812 0.04568356
v 0.01970809 0.02267801 0.03509861
v 0.01944929 0.02253812 0.04568356
v 0.01936471 0.02278256 0.04562145
v 0.01957029 0.02308207 0.03502684
v 0.01998114 0.02215105 0.04619365
v 0.01970988 0.02206158 0.04611456
v 0.01978456 0.02217429 0.04593044
v 0.02020776 0.02228868 0.04570364
v 0.01978456 0.02217429 0.04593044
v 0.02002722 0.02224105 0.04571866
v 0.01998114 0.02215105 0.04619365
v 0.01978456 0.02217429 0.04593044
v 0.02020776 0.02228868 0.04570364
v 0.01970988 0.02206158 0.04611456
v 0.01984179 0.02197772 0.04636657
v 0.01948106 0.02204877 0.04606366
v 0.01956653 0.02226817 0.04586803
v 0.01948106 0.02204877 0.04606366
v 0.01925051 0.02224892 0.04601752
v 0.01943522 0.02240329 0.04583263
v 0.01956653 0.02226817 0.04586803
v 0.01970988 0.02206158 0.04611456
v 0.01948106 0.02204877 0.04606366
v 0.01958936 0.02234655 0.04574471
v 0.01943522 0.02240329 0.04583263
v 0.01958918 0.02234631 0.04574447
v 0.01970678 0.02230191 0.04570919
v 0.01970678 0.02230191 0.04570919
v 0.01988720 0.02226328 0.04568111
v 0.01958936 0.02234655 0.04574471
v 0.01956653 0.02226817 0.04586803
v 0.01943522 0.02240329 0.04583263
v 0.01958936 0.02234655 0.04574471
v 0.01978456 0.02217429 0.04593044
v 0.01970988 0.02206158 0.04611456
v 0.01956653 0.02226817 0.04586803
v 0.02000838 0.02226287 0.04567188
v 0.01970678 0.02230191 0.04570919
v 0.01984179 0.02197772 0.04636657
v 0.02002722 0.02224105 0.04571866
v 0.01970678 0.02230191 0.04570919
v 0.01988720 0.02226328 0.04568111
v 0.02002722 0.02224105 0.04571866
v 0.01956653 0.02226817 0.04586803
v 0.01970678 0.02230191 0.04570919
v 0.02002722 0.02224105 0.04571866
v 0.01988720 0.02226328 0.04568111
v 0.02000838 0.02226287 0.04567188
v 0.02002722 0.02224105 0.04571866
v 0.02002722 0.02224105 0.04571866
v 0.02017062 0.02210992 0.05127084
v 0.01998579 0.02195179 0.05122774
v 0.01984179 0.02197772 0.04636657
v 0.01998114 0.02215105 0.04619365
v 0.02050215 0.02219551 0.05144608
v 0.02017062 0.02210992 0.05127084
v 0.01998114 0.02215105 0.04619365
v 0.02050215 0.02219551 0.05144608
v 0.01998114 0.02215105 0.04619365
v 0.02020776 0.02228868 0.04570364
v 0.02703583 0.02149087 0.05128061
v 0.02704280 0.02178651 0.05123150
v 0.02718400 0.02171444 0.04880356
v 0.02704280 0.02178651 0.05123150
v 0.02682286 0.02205836 0.05140328
v 0.02703112 0.02213585 0.04874372
v 0.02718400 0.02171444 0.04880356
v 0.02704280 0.02178651 0.05123150
v 0.02703112 0.02213585 0.04874372
v 0.02682286 0.02205836 0.05140328
v 0.02658087 0.02220559 0.05124664
v 0.02675151 0.02226001 0.04901695
v 0.02658087 0.02220559 0.05124664
v 0.02654945 0.02234047 0.04838097
v 0.01509881 0.00858235 0.05008679
v 0.01512861 0.00833446 0.05009698
v 0.01502698 0.00835145 0.04650819
v 0.01499474 0.00857979 0.04646176
v 0.02778255 0.02252763 0.04884821
v 0.02751654 0.02241373 0.04891306
v 0.02756029 0.02256566 0.05145299
v 0.02787530 0.02272886 0.05142247
v 0.02751654 0.02241373 0.04891306
v 0.02714580 0.02245062 0.04884850
v 0.02730214 0.02256071 0.05137193
v 0.02756029 0.02256566 0.05145299
v 0.02714580 0.02245062 0.04884850
v 0.02682620 0.02281522 0.04870295
v 0.02700287 0.02274918 0.05139255
v 0.02730214 0.02256071 0.05137193
v 0.02714580 0.02245062 0.04884850
v 0.02700287 0.02274918 0.05139255
v 0.02700287 0.02274918 0.05139255
v 0.02682620 0.02281522 0.04870295
v 0.02687627 0.02300637 0.05144041
v 0.02126723 0.02402347 0.03502184
v 0.02108103 0.02428102 0.03503054
v 0.02137166 0.02461481 0.05166882
v 0.02158051 0.02432483 0.05176281
v 0.02154862 0.02386713 0.03497904
v 0.02126723 0.02402347 0.03502184
v 0.02158051 0.02432483 0.05176281
v 0.02154862 0.02386713 0.03497904
v 0.02158051 0.02432483 0.05176281
v 0.02192693 0.02421915 0.05190479
v 0.02478867 0.02368539 0.03470766
v 0.02146214 0.02341151 0.03462058
v 0.02150100 0.02366900 0.03472167
v 0.02465748 0.02389729 0.03500425
v 0.02150100 0.02366900 0.03472167
v 0.02154862 0.02386713 0.03497904
v 0.02478867 0.02368539 0.03470766
v 0.02489155 0.02407622 0.03508621
v 0.02465748 0.02389729 0.03500425
v 0.02459591 0.02437674 0.05180460
v 0.02465748 0.02389729 0.03500425
v 0.02425289 0.02420216 0.05178529
v 0.02459591 0.02437674 0.05180460
v 0.02505785 0.02432566 0.03502237
v 0.02489155 0.02407622 0.03508621
v 0.02459591 0.02437674 0.05180460
v 0.02505785 0.02432566 0.03502237
v 0.02459591 0.02437674 0.05180460
v 0.02474457 0.02476888 0.05188310
v 0.02185881 0.02470076 0.05226469
v 0.02186566 0.02447021 0.05218708
v 0.02158933 0.02485436 0.05216568
v 0.02186566 0.02447021 0.05218708
v 0.02192693 0.02421915 0.05190479
v 0.02158051 0.02432483 0.05176281
v 0.02158051 0.02432483 0.05176281
v 0.02137166 0.02461481 0.05166882
v 0.02148383 0.02468860 0.05204683
v 0.02148383 0.02468860 0.05204683
v 0.02148383 0.02468860 0.05204683
v 0.02747786 0.02350860 0.05218178
v 0.02895998 0.02378070 0.05158174
v 0.02895998 0.02378070 0.05158174
v 0.02095609 0.02590537 0.04580193
v 0.02081900 0.02599501 0.04583299
v 0.02081930 0.02599495 0.04583299
v 0.02095609 0.02590537 0.04580193
v 0.02085727 0.02587246 0.04557257
v 0.02066493 0.02601212 0.04582220
v 0.02066493 0.02601212 0.04582220
v 0.02085727 0.02587246 0.04557257
v 0.02095609 0.02590537 0.04580193
v 0.02113217 0.02572375 0.04579263
v 0.02095609 0.02590537 0.04580193
v 0.02103048 0.02603125 0.04600340
v 0.02113217 0.02572375 0.04579263
v 0.02096301 0.02594739 0.04586797
v 0.02103048 0.02603125 0.04600340
v 0.02095609 0.02590537 0.04580193
v 0.02113217 0.02572375 0.04579263
v 0.02103048 0.02603125 0.04600340
v 0.02122581 0.02598643 0.04625886
v 0.02081930 0.02599495 0.04583299
v 0.02103048 0.02603125 0.04600340
v 0.02096301 0.02594739 0.04586797
v 0.02113217 0.02572375 0.04579263
v 0.02122581 0.02598643 0.04625886
v 0.02123332 0.02554762 0.04585874
v 0.02081930 0.02599495 0.04583299
v 0.02081930 0.02599495 0.04583299
v 0.02096301 0.02594739 0.04586797
v 0.02095609 0.02590537 0.04580193
v 0.02081930 0.02599495 0.04583299
v 0.02096301 0.02594739 0.04586797
v 0.02081900 0.02599501 0.04583299
v 0.02081930 0.02599495 0.04583299
v 0.02081900 0.02599501 0.04583299
v 0.02066493 0.02601212 0.04582220
v 0.02062898 0.02568984 0.03519731
v 0.02085727 0.02587246 0.04557257
v 0.02113217 0.02572375 0.04579263
v 0.02089428 0.02552205 0.03508335
v 0.02089428 0.02552205 0.03508335
v 0.02113217 0.02572375 0.04579263
v 0.02123332 0.02554762 0.04585874
v 0.02105069 0.02519810 0.03503960
v 0.02084255 0.02439165 0.03472292
v 0.02056086 0.02520269 0.03461748
v 0.02089661 0.02523601 0.03479814
v 0.02072864 0.02401572 0.03463429
v 0.02084255 0.02439165 0.03472292
v 0.02089661 0.02523601 0.03479814
v 0.02105069 0.02519810 0.03503960
v 0.02097290 0.02428966 0.03483557
v 0.02084255 0.02439165 0.03472292
v 0.02105069 0.02519810 0.03503960
v 0.02108103 0.02428102 0.03503054
v 0.02097290 0.02428966 0.03483557
v 0.02105069 0.02519810 0.03503960
v -0.00017822 -0.03316944 0.04005324
v 0.00064980 -0.03254854 0.04005944
v 0.00029254 -0.03311830 0.04007178
v 0.00056213 -0.03197479 0.04006481
v -0.00093409 -0.03231579 0.04006075
v -0.00088328 -0.03275364 0.04007560
v -0.00021774 -0.03160572 0.04005450
v 0.00025867 -0.03164941 0.04009431
v 0.00056213 -0.03197479 0.04006481
v -0.00021774 -0.03160572 0.04005450
v 0.02682620 0.02281522 0.04870295
v 0.02687209 0.02554816 0.05195897
v 0.02689152 0.02324450 0.05171626
v 0.02687627 0.02300637 0.05144041
v 0.02656579 0.02523976 0.03517836
v 0.02654248 0.02287614 0.03520244
v 0.02608639 0.02303779 0.03461509
v 0.02648204 0.02309525 0.03485733
v 0.02608138 0.02265357 0.03478968
v 0.02638334 0.02263623 0.03510236
v 0.02648204 0.02309525 0.03485733
v 0.02654248 0.02287614 0.03520244
v 0.02608138 0.02265357 0.03478968
v 0.02648204 0.02309525 0.03485733
v 0.02638334 0.02263623 0.03510236
v 0.02608138 0.02265357 0.03478968
v 0.02638334 0.02263623 0.03510236
v 0.02602273 0.02248781 0.03513062
v 0.02146214 0.02341151 0.03462058
v 0.02519518 0.02366536 0.03462839
v 0.02608639 0.02303779 0.03461509
v 0.02605277 0.02516579 0.03461772
v 0.02541106 0.02432698 0.03465086
v 0.02558690 0.02518719 0.03461802
v 0.02605277 0.02516579 0.03461772
v 0.02541106 0.02432698 0.03465086
v 0.02009481 0.02297103 0.03461539
v 0.02072864 0.02401572 0.03463429
v 0.02056086 0.02520269 0.03461748
v 0.02009481 0.02297103 0.03461539
v 0.02015239 0.02266258 0.03478235
v 0.01973122 0.02296513 0.03478813
v 0.01970809 0.02267801 0.03509861
v 0.02015239 0.02266258 0.03478235
v 0.02005738 0.02249741 0.03509914
v 0.01973122 0.02296513 0.03478813
v 0.01970809 0.02267801 0.03509861
v 0.01957029 0.02308207 0.03502684
v 0.01973122 0.02296513 0.03478813
v 0.02015239 0.02266258 0.03478235
v 0.01970809 0.02267801 0.03509861
v 0.01936471 0.02278256 0.04562145
v 0.01955991 0.02521431 0.03514254
v 0.01957029 0.02308207 0.03502684
v 0.01933091 0.02529972 0.04570519
v 0.02474457 0.02476888 0.05188310
v 0.02505934 0.02521675 0.03516256
v 0.02505785 0.02432566 0.03502237
v 0.02474194 0.02549111 0.05195450
v 0.02062898 0.02568984 0.03519731
v 0.01978701 0.02590399 0.04570835
v 0.02085727 0.02587246 0.04557257
v 0.02019178 0.02568161 0.03500014
v 0.02089428 0.02552205 0.03508335
v 0.02046537 0.02560114 0.03485220
v 0.02062898 0.02568984 0.03519731
v 0.02089661 0.02523601 0.03479814
v 0.02089428 0.02552205 0.03508335
v 0.02105069 0.02519810 0.03503960
v 0.02089661 0.02523601 0.03479814
v 0.02046537 0.02560114 0.03485220
v 0.02089428 0.02552205 0.03508335
v 0.02089661 0.02523601 0.03479814
v 0.02056086 0.02520269 0.03461748
v 0.02046537 0.02560114 0.03485220
v 0.02639186 0.02552473 0.03508806
v 0.02652949 0.02595913 0.05200898
v 0.02677565 0.02574872 0.05195343
v 0.02639186 0.02552473 0.03508806
v 0.02600806 0.02570110 0.03507328
v 0.02652949 0.02595913 0.05200898
v 0.02656579 0.02523976 0.03517836
v 0.02639186 0.02552473 0.03508806
v 0.02677565 0.02574872 0.05195343
v 0.02687209 0.02554816 0.05195897
v 0.02608639 0.02303779 0.03461509
v 0.02605277 0.02516579 0.03461772
v 0.02640503 0.02520924 0.03479045
v 0.02648204 0.02309525 0.03485733
v 0.02648204 0.02309525 0.03485733
v 0.02640503 0.02520924 0.03479045
v 0.02656579 0.02523976 0.03517836
v 0.02648204 0.02309525 0.03485733
v 0.02596265 0.02549010 0.03474187
v 0.02558690 0.02518719 0.03461802
v 0.02554512 0.02552199 0.03477948
v 0.02605277 0.02516579 0.03461772
v 0.02600806 0.02570110 0.03507328
v 0.02554512 0.02552199 0.03477948
v 0.02555429 0.02568209 0.03506344
v 0.02596265 0.02549010 0.03474187
v 0.02521932 0.02509009 0.03477782
v 0.02541106 0.02432698 0.03465086
v 0.02522319 0.02421075 0.03475660
v 0.02558690 0.02518719 0.03461802
v 0.02521932 0.02509009 0.03477782
v 0.02522319 0.02421075 0.03475660
v 0.02505785 0.02432566 0.03502237
v 0.02505934 0.02521675 0.03516256
v 0.02503979 0.02411496 0.03488332
v 0.02522319 0.02421075 0.03475660
v 0.02478867 0.02368539 0.03470766
v 0.02522319 0.02421075 0.03475660
v 0.02541106 0.02432698 0.03465086
v 0.02519518 0.02366536 0.03462839
v 0.02478867 0.02368539 0.03470766
v 0.02522319 0.02421075 0.03475660
v 0.02519518 0.02366536 0.03462839
v 0.02489155 0.02407622 0.03508621
v 0.02505785 0.02432566 0.03502237
v 0.02503979 0.02411496 0.03488332
v 0.02519518 0.02366536 0.03462839
v 0.02146214 0.02341151 0.03462058
v 0.02478867 0.02368539 0.03470766
v 0.02465748 0.02389729 0.03500425
v 0.02503979 0.02411496 0.03488332
v 0.02478867 0.02368539 0.03470766
v 0.02505785 0.02432566 0.03502237
v 0.02489155 0.02407622 0.03508621
v 0.02503979 0.02411496 0.03488332
v 0.02465748 0.02389729 0.03500425
v 0.02113431 0.02387565 0.03473478
v 0.02113431 0.02387565 0.03473478
v 0.02146214 0.02341151 0.03462058
v 0.02072864 0.02401572 0.03463429
v 0.02108103 0.02428102 0.03503054
v 0.02113431 0.02387565 0.03473478
v 0.02097290 0.02428966 0.03483557
v 0.02108103 0.02428102 0.03503054
v 0.02126723 0.02402347 0.03502184
v 0.02113431 0.02387565 0.03473478
v 0.02097290 0.02428966 0.03483557
v 0.02126723 0.02402347 0.03502184
v 0.02154862 0.02386713 0.03497904
v 0.02150100 0.02366900 0.03472167
v 0.02072864 0.02401572 0.03463429
v 0.02113431 0.02387565 0.03473478
v 0.02056086 0.02520269 0.03461748
v 0.02000772 0.02513933 0.03462296
v 0.02003991 0.02552378 0.03478348
v 0.02046537 0.02560114 0.03485220
v 0.02003991 0.02552378 0.03478348
v 0.02019178 0.02568161 0.03500014
v 0.02046537 0.02560114 0.03485220
v 0.02062898 0.02568984 0.03519731
v 0.02046537 0.02560114 0.03485220
v 0.02019178 0.02568161 0.03500014
v 0.02000772 0.02513933 0.03462296
v 0.02000772 0.02513933 0.03462296
v 0.02009481 0.02297103 0.03461539
v 0.01973122 0.02296513 0.03478813
v 0.01969718 0.02510297 0.03481131
v 0.01969718 0.02510297 0.03481131
v 0.01973122 0.02296513 0.03478813
v 0.01957029 0.02308207 0.03502684
v 0.01955991 0.02521431 0.03514254
v 0.01969718 0.02510297 0.03481131
v 0.01957029 0.02308207 0.03502684
v 0.01899445 0.02255362 0.04602569
v 0.01918250 0.02259820 0.04593342
v 0.01899445 0.02255362 0.04602569
v 0.01904535 0.02532184 0.04602432
v 0.01904535 0.02532184 0.04602432
v 0.01904535 0.02532184 0.04602432
v 0.01933091 0.02529972 0.04570519
v 0.01933091 0.02529972 0.04570519
v 0.01955991 0.02521431 0.03514254
v 0.01933091 0.02529972 0.04570519
v 0.01951777 0.02571803 0.04563963
v 0.01976859 0.02556419 0.03508913
v 0.01976859 0.02556419 0.03508913
v 0.01951777 0.02571803 0.04563963
v 0.01978701 0.02590399 0.04570835
v 0.02019178 0.02568161 0.03500014
v 0.01976859 0.02556419 0.03508913
v 0.01978701 0.02590399 0.04570835
v 0.02505934 0.02521675 0.03516256
v 0.02474194 0.02549111 0.05195450
v 0.02479004 0.02565300 0.05198502
v 0.02522838 0.02552157 0.03508883
v 0.02505934 0.02521675 0.03516256
v 0.02479004 0.02565300 0.05198502
v 0.02493649 0.02587771 0.05205363
v 0.02555429 0.02568209 0.03506344
v 0.02493649 0.02587771 0.05205363
v 0.02517431 0.02599126 0.05203109
v 0.02522838 0.02552157 0.03508883
v 0.02600806 0.02570110 0.03507328
v 0.02555429 0.02568209 0.03506344
v 0.02517431 0.02599126 0.05203109
v 0.02652949 0.02595913 0.05200898
v 0.02640503 0.02520924 0.03479045
v 0.02605277 0.02516579 0.03461772
v 0.02596265 0.02549010 0.03474187
v 0.02639186 0.02552473 0.03508806
v 0.02656579 0.02523976 0.03517836
v 0.02640503 0.02520924 0.03479045
v 0.02639186 0.02552473 0.03508806
v 0.02640503 0.02520924 0.03479045
v 0.02596265 0.02549010 0.03474187
v 0.02639186 0.02552473 0.03508806
v 0.02596265 0.02549010 0.03474187
v 0.02600806 0.02570110 0.03507328
v 0.02554512 0.02552199 0.03477948
v 0.02558690 0.02518719 0.03461802
v 0.02521932 0.02509009 0.03477782
v 0.02522838 0.02552157 0.03508883
v 0.02555429 0.02568209 0.03506344
v 0.02554512 0.02552199 0.03477948
v 0.02522838 0.02552157 0.03508883
v 0.02554512 0.02552199 0.03477948
v 0.02521932 0.02509009 0.03477782
v 0.02522838 0.02552157 0.03508883
v 0.02521932 0.02509009 0.03477782
v 0.02505934 0.02521675 0.03516256
v 0.02003991 0.02552378 0.03478348
v 0.02000772 0.02513933 0.03462296
v 0.01969718 0.02510297 0.03481131
v 0.02003991 0.02552378 0.03478348
v 0.01976859 0.02556419 0.03508913
v 0.02019178 0.02568161 0.03500014
v 0.01976859 0.02556419 0.03508913
v 0.02003991 0.02552378 0.03478348
v 0.01969718 0.02510297 0.03481131
v 0.01976859 0.02556419 0.03508913
v 0.01969718 0.02510297 0.03481131
v 0.01955991 0.02521431 0.03514254
f 1 2 3
f 1 4 2
f 5 6 7
f 8 9 10
f 5 7 11
f 12 13 14
f 12 14 15
f 16 5 11
f 17 18 19
f 20 17 19
f 21 22 23
f 24 25 26
f 12 15 27
f 28 8 29
f 28 29 30
f 31 26 32
f 33 34 35
f 33 21 34
f 36 16 11
f 37 38 39
f 40 8 28
f 41 22 21
f 24 31 32
f 42 43 44
f 33 41 21
f 45 46 47
f 36 11 48
f 49 20 19
f 50 4 1
f 51 12 27
f 36 48 52
f 49 19 53
f 54 55 56
f 28 30 57
f 31 24 26
f 58 38 37
f 59 60 61
f 62 28 57
f 63 16 36
f 64 51 27
f 63 36 52
f 65 66 25
f 67 68 6
f 54 56 69
f 70 64 27
f 71 49 53
f 71 53 72
f 24 32 73
f 17 1 3
f 45 47 13
f 41 74 22
f 62 57 75
f 76 24 73
f 76 73 77
f 78 70 79
f 80 52 81
f 80 63 52
f 82 17 20
f 83 33 35
f 71 72 84
f 85 86 87
f 65 25 24
f 88 71 84
f 89 83 35
f 46 90 87
f 91 92 93
f 94 95 96
f 94 96 97
f 98 50 1
f 99 100 101
f 99 94 100
f 89 35 55
f 74 102 103
f 104 105 95
f 106 45 13
f 107 75 108
f 106 13 12
f 104 95 94
f 107 62 75
f 82 20 49
f 109 104 94
f 110 67 6
f 111 112 46
f 80 113 66
f 114 76 77
f 114 77 115
f 88 84 9
f 99 101 116
f 117 80 66
f 118 89 55
f 119 107 108
f 120 1 17
f 121 119 108
f 99 109 94
f 122 105 104
f 89 33 83
f 123 74 41
f 124 58 37
f 125 99 116
f 106 12 51
f 71 82 49
f 114 126 127
f 128 114 127
f 111 46 45
f 129 9 8
f 129 88 9
f 117 66 65
f 130 109 99
f 131 104 109
f 132 130 99
f 133 6 5
f 134 132 99
f 134 99 125
f 131 122 104
f 135 132 134
f 136 111 45
f 137 33 89
f 138 50 98
f 135 130 132
f 139 118 55
f 130 131 109
f 139 89 118
f 140 71 88
f 70 78 141
f 142 41 33
f 143 144 24
f 142 33 137
f 64 106 51
f 143 24 76
f 145 130 135
f 146 120 17
f 147 137 89
f 129 8 40
f 148 131 130
f 146 17 82
f 149 5 16
f 150 122 131
f 147 89 139
f 150 151 122
f 149 133 5
f 144 117 65
f 152 119 121
f 153 102 74
f 154 146 82
f 145 135 155
f 156 55 54
f 156 139 55
f 144 65 24
f 129 40 28
f 157 130 145
f 136 45 106
f 158 147 139
f 159 160 161
f 156 54 69
f 162 145 155
f 163 164 58
f 163 58 124
f 165 155 166
f 167 129 28
f 168 158 139
f 169 154 82
f 143 76 114
f 170 138 98
f 171 172 43
f 112 156 173
f 171 43 42
f 142 137 147
f 174 138 170
f 175 131 148
f 171 176 177
f 171 177 172
f 175 178 131
f 169 82 71
f 149 16 63
f 179 151 150
f 179 180 151
f 181 167 28
f 181 28 62
f 123 153 74
f 170 120 146
f 158 142 147
f 168 156 112
f 128 143 114
f 182 169 71
f 175 148 130
f 182 71 140
f 183 178 175
f 162 155 165
f 168 139 156
f 168 184 158
f 185 165 166
f 186 182 140
f 181 62 107
f 187 102 153
f 188 186 140
f 189 63 80
f 188 140 88
f 189 149 63
f 190 106 64
f 191 166 192
f 193 175 130
f 193 130 157
f 194 195 196
f 197 181 107
f 198 112 111
f 199 170 146
f 200 183 175
f 201 189 80
f 197 107 119
f 202 193 145
f 203 204 205
f 199 146 154
f 206 166 191
f 207 188 88
f 208 191 192
f 209 67 110
f 202 145 162
f 210 41 142
f 209 211 67
f 210 123 41
f 212 199 154
f 209 213 211
f 209 214 213
f 215 192 216
f 217 180 179
f 217 218 180
f 219 220 221
f 222 212 154
f 223 175 193
f 223 200 175
f 198 168 112
f 222 154 169
f 207 88 129
f 152 121 224
f 225 198 111
f 219 221 226
f 201 80 117
f 136 225 111
f 227 207 129
f 228 229 230
f 231 184 232
f 233 143 128
f 234 142 158
f 235 236 164
f 235 164 163
f 185 162 165
f 185 202 162
f 237 170 199
f 238 64 70
f 239 216 220
f 208 240 191
f 241 222 169
f 242 201 117
f 198 243 168
f 241 169 182
f 244 245 246
f 219 247 248
f 219 226 247
f 219 239 220
f 244 249 245
f 212 237 199
f 244 246 149
f 250 129 167
f 250 227 129
f 244 251 249
f 244 252 251
f 242 117 144
f 253 123 210
f 197 119 152
f 231 158 184
f 254 241 182
f 233 128 255
f 256 223 193
f 254 182 186
f 253 153 123
f 257 254 186
f 210 142 234
f 250 167 181
f 258 257 186
f 259 187 153
f 258 186 188
f 198 260 243
f 261 258 188
f 262 185 166
f 263 244 149
f 190 225 136
f 239 215 216
f 264 242 144
f 265 238 70
f 198 225 266
f 267 212 222
f 208 192 215
f 190 136 106
f 263 252 244
f 268 153 253
f 202 256 193
f 261 188 207
f 269 270 174
f 269 174 170
f 267 222 241
f 206 262 166
f 271 149 189
f 231 234 158
f 271 263 149
f 272 273 183
f 272 200 223
f 263 274 252
f 272 183 200
f 275 267 241
f 276 277 278
f 279 70 141
f 279 265 70
f 264 144 143
f 280 263 271
f 280 271 189
f 281 190 64
f 238 281 64
f 280 274 263
f 269 170 237
f 280 189 201
f 261 207 227
f 282 268 253
f 283 261 227
f 284 283 227
f 285 234 231
f 259 286 187
f 240 206 191
f 287 264 143
f 288 210 234
f 289 253 210
f 265 290 238
f 291 197 152
f 292 223 256
f 292 272 223
f 284 227 250
f 293 219 248
f 219 294 239
f 295 286 259
f 285 288 234
f 296 269 237
f 297 268 282
f 287 143 233
f 298 289 210
f 297 289 298
f 284 250 181
f 294 219 293
f 299 240 208
f 295 300 286
f 280 301 274
f 302 268 297
f 303 280 201
f 298 210 288
f 304 202 185
f 305 215 239
f 306 298 288
f 303 301 280
f 307 308 236
f 306 288 285
f 287 233 309
f 307 236 235
f 303 201 242
f 310 237 212
f 310 296 237
f 302 311 268
f 295 312 300
f 313 306 285
f 314 315 218
f 314 218 217
f 316 301 317
f 318 284 181
f 316 317 242
f 316 242 264
f 316 319 301
f 320 302 297
f 321 270 269
f 322 185 262
f 322 304 185
f 323 212 267
f 324 325 298
f 323 310 212
f 324 298 306
f 325 324 306
f 326 292 256
f 327 320 297
f 327 297 298
f 316 264 287
f 328 323 267
f 316 329 319
f 330 311 302
f 318 181 197
f 283 284 318
f 320 330 302
f 287 329 316
f 329 287 309
f 331 328 267
f 240 262 206
f 240 322 262
f 332 331 267
f 332 267 275
f 291 318 197
f 333 306 313
f 333 334 306
f 335 327 298
f 336 337 338
f 339 241 254
f 313 340 333
f 341 326 256
f 342 332 275
f 341 256 202
f 343 321 269
f 325 335 298
f 334 325 306
f 344 332 342
f 294 305 239
f 339 254 257
f 327 330 320
f 345 257 258
f 346 341 202
f 347 335 325
f 348 269 296
f 349 325 334
f 350 342 258
f 351 240 299
f 291 352 318
f 350 344 342
f 350 258 261
f 353 354 273
f 353 273 272
f 350 261 283
f 293 355 294
f 291 152 224
f 346 202 304
f 356 312 295
f 334 333 340
f 357 350 283
f 347 327 335
f 358 348 296
f 359 296 310
f 359 358 296
f 349 347 325
f 360 304 322
f 353 272 292
f 353 292 326
f 361 334 340
f 291 224 362
f 361 340 363
f 359 310 323
f 327 347 349
f 364 308 307
f 364 365 308
f 346 304 360
f 366 322 240
f 366 360 322
f 361 349 334
f 359 323 328
f 367 299 208
f 367 208 215
f 367 351 299
f 368 369 215
f 370 327 349
f 368 351 367
f 371 340 313
f 372 348 358
f 368 215 305
f 355 305 294
f 373 366 240
f 372 358 359
f 359 328 331
f 370 349 361
f 359 331 332
f 373 240 351
f 363 340 371
f 374 353 326
f 352 357 283
f 375 357 352
f 376 361 363
f 377 359 332
f 352 283 318
f 378 379 311
f 378 311 330
f 374 326 341
f 380 363 371
f 381 368 305
f 382 355 293
f 377 332 344
f 383 381 305
f 384 385 321
f 384 321 343
f 386 330 327
f 387 374 341
f 387 341 346
f 388 377 344
f 389 388 344
f 390 365 364
f 390 391 365
f 392 393 315
f 392 315 314
f 389 344 350
f 394 352 291
f 395 348 372
f 396 380 397
f 398 387 346
f 399 386 327
f 400 373 351
f 401 385 384
f 402 363 380
f 355 383 305
f 403 394 291
f 388 359 377
f 404 389 350
f 405 406 312
f 405 312 356
f 407 398 346
f 408 399 327
f 404 350 357
f 408 327 370
f 409 395 372
f 410 396 397
f 402 380 396
f 411 412 413
f 414 388 389
f 415 407 346
f 415 346 360
f 414 389 404
f 416 401 384
f 409 372 359
f 417 399 408
f 415 360 366
f 418 419 357
f 420 408 370
f 420 370 361
f 421 422 354
f 421 354 353
f 410 397 423
f 375 418 357
f 424 381 383
f 417 408 420
f 425 395 409
f 426 420 361
f 427 428 391
f 427 391 390
f 415 366 373
f 426 361 376
f 429 401 416
f 430 379 378
f 430 431 379
f 432 415 373
f 432 373 400
f 433 409 359
f 434 376 363
f 434 435 376
f 436 381 424
f 437 375 352
f 433 359 388
f 438 425 409
f 430 386 399
f 383 436 424
f 400 351 368
f 439 434 363
f 439 363 402
f 440 353 374
f 440 441 353
f 442 443 406
f 442 406 405
f 444 383 355
f 437 352 394
f 445 428 427
f 446 393 392
f 446 447 393
f 448 439 402
f 449 430 399
f 450 400 368
f 451 440 374
f 452 374 387
f 452 451 374
f 453 449 399
f 381 450 368
f 454 429 416
f 455 456 457
f 452 387 398
f 458 388 414
f 458 433 388
f 453 399 417
f 459 441 440
f 460 438 409
f 461 430 449
f 462 459 440
f 461 449 453
f 463 443 442
f 463 464 443
f 465 453 417
f 452 398 407
f 462 440 451
f 448 402 396
f 448 396 410
f 466 425 438
f 462 451 452
f 467 452 407
f 468 431 430
f 468 469 431
f 467 407 415
f 470 465 417
f 362 403 291
f 460 409 433
f 471 469 468
f 472 465 470
f 473 458 414
f 473 414 404
f 468 430 461
f 474 422 421
f 474 475 422
f 403 437 394
f 476 460 433
f 470 417 420
f 477 478 429
f 477 429 454
f 479 410 423
f 480 481 482
f 483 467 415
f 484 470 420
f 484 420 426
f 485 436 383
f 486 487 433
f 474 441 459
f 488 452 467
f 79 403 362
f 484 435 434
f 444 485 383
f 489 490 447
f 489 447 446
f 491 483 415
f 492 471 468
f 491 415 432
f 493 466 438
f 494 419 418
f 494 473 419
f 495 466 493
f 436 485 444
f 494 418 375
f 496 444 355
f 497 491 432
f 498 493 438
f 499 461 453
f 500 486 433
f 500 433 458
f 455 479 423
f 499 453 465
f 501 474 459
f 501 459 462
f 498 438 460
f 502 468 461
f 503 499 465
f 497 432 400
f 484 434 439
f 504 505 458
f 506 464 463
f 78 79 362
f 503 465 472
f 507 494 375
f 508 509 428
f 508 428 445
f 510 498 460
f 511 497 400
f 484 439 448
f 496 355 382
f 512 501 462
f 513 484 448
f 507 375 437
f 514 475 474
f 514 515 475
f 473 504 458
f 511 400 450
f 503 472 470
f 516 478 477
f 512 462 452
f 517 502 461
f 517 461 518
f 519 517 499
f 520 474 501
f 520 514 474
f 521 512 452
f 521 452 488
f 522 470 484
f 522 503 470
f 510 460 476
f 523 450 381
f 523 511 450
f 519 499 503
f 521 488 467
f 524 525 526
f 527 528 529
f 530 521 467
f 531 532 533
f 534 535 536
f 537 519 503
f 513 448 410
f 523 381 436
f 538 530 467
f 539 437 403
f 539 507 437
f 14 473 494
f 538 467 483
f 538 483 491
f 540 506 463
f 541 520 501
f 542 522 484
f 543 498 510
f 539 403 79
f 544 537 503
f 544 503 522
f 540 471 492
f 504 486 500
f 541 501 512
f 545 516 477
f 108 523 436
f 546 538 491
f 546 491 497
f 547 513 410
f 542 484 513
f 548 544 522
f 547 410 479
f 549 509 508
f 549 550 509
f 108 436 444
f 108 444 496
f 551 541 512
f 552 553 490
f 552 490 489
f 554 495 493
f 551 512 521
f 531 487 486
f 555 546 497
f 556 516 545
f 557 542 513
f 558 531 486
f 558 486 504
f 559 108 496
f 560 540 492
f 555 497 511
f 561 551 521
f 115 547 479
f 543 510 532
f 562 561 521
f 562 521 530
f 457 115 479
f 457 479 455
f 563 506 540
f 564 555 511
f 565 557 513
f 566 530 538
f 566 562 530
f 560 502 517
f 567 554 493
f 14 504 473
f 564 511 523
f 557 568 542
f 567 493 498
f 569 570 515
f 569 515 514
f 14 494 507
f 34 556 545
f 571 566 538
f 57 564 523
f 572 550 549
f 73 513 547
f 571 538 546
f 573 560 517
f 567 498 543
f 108 57 523
f 573 517 519
f 574 514 520
f 574 569 514
f 575 573 519
f 576 567 543
f 577 556 34
f 27 14 507
f 578 571 546
f 34 554 567
f 568 557 565
f 32 565 513
f 575 519 537
f 560 563 540
f 578 546 555
f 77 73 547
f 18 520 541
f 18 574 520
f 579 573 575
f 44 580 506
f 44 506 563
f 581 543 532
f 115 77 547
f 29 578 555
f 582 581 532
f 29 555 564
f 19 18 541
f 30 29 564
f 583 34 567
f 73 32 513
f 575 537 544
f 68 563 560
f 582 532 531
f 30 564 57
f 19 541 551
f 15 14 27
f 559 121 108
f 582 531 558
f 584 553 552
f 584 585 553
f 575 544 548
f 70 539 79
f 66 586 522
f 47 582 558
f 587 575 548
f 53 19 551
f 66 522 542
f 55 583 567
f 75 57 108
f 55 567 576
f 7 560 573
f 588 103 550
f 588 550 572
f 11 7 573
f 11 573 579
f 53 551 561
f 539 27 507
f 72 53 561
f 47 558 504
f 22 103 588
f 72 561 562
f 127 115 457
f 84 72 562
f 84 562 566
f 6 68 560
f 3 570 569
f 3 2 570
f 39 585 584
f 48 11 579
f 56 55 576
f 13 47 504
f 35 34 583
f 52 48 579
f 43 580 44
f 6 560 7
f 74 103 22
f 589 590 591
f 9 84 566
f 9 566 571
f 86 581 582
f 25 542 568
f 25 66 542
f 3 569 574
f 52 579 575
f 38 585 39
f 13 504 14
f 10 9 571
f 592 593 594
f 81 52 575
f 87 86 582
f 35 583 55
f 10 571 578
f 26 25 565
f 81 575 587
f 8 10 578
f 21 577 34
f 26 565 32
f 21 23 577
f 8 578 29
f 46 87 582
f 46 582 47
f 17 574 18
f 70 27 539
f 17 3 574
f 595 596 177
f 597 595 177
f 598 599 597
f 600 601 602
f 603 604 605
f 606 601 600
f 607 603 605
f 608 604 603
f 609 604 608
f 610 611 612
f 610 602 611
f 607 605 606
f 608 603 607
f 597 599 613
f 598 614 599
f 610 612 615
f 616 617 618
f 616 619 598
f 616 598 620
f 617 620 621
f 617 616 620
f 622 617 621
f 623 622 621
f 622 623 624
f 625 626 622
f 624 625 622
f 610 615 627
f 625 624 628
f 629 626 625
f 630 629 625
f 630 631 629
f 630 625 628
f 632 633 609
f 632 609 608
f 631 630 628
f 634 629 631
f 635 634 631
f 636 635 631
f 637 606 600
f 638 632 608
f 639 640 633
f 600 602 610
f 641 642 634
f 641 634 635
f 641 635 636
f 639 633 632
f 643 641 636
f 644 607 606
f 644 606 637
f 645 608 607
f 646 642 641
f 647 640 639
f 648 646 641
f 639 632 638
f 600 610 627
f 645 607 644
f 649 641 643
f 649 648 641
f 650 648 649
f 650 649 651
f 652 645 644
f 653 654 646
f 653 646 648
f 655 653 648
f 656 657 640
f 656 640 647
f 655 648 650
f 658 659 660
f 661 654 653
f 662 639 638
f 656 647 639
f 651 655 650
f 661 653 655
f 655 651 663
f 638 608 645
f 664 665 661
f 666 656 639
f 667 657 656
f 667 668 657
f 661 655 663
f 669 667 656
f 670 664 661
f 671 665 664
f 672 670 661
f 673 671 664
f 672 661 663
f 638 645 652
f 674 673 664
f 674 664 670
f 675 676 668
f 675 668 667
f 677 670 672
f 677 674 670
f 678 671 673
f 675 667 669
f 679 638 652
f 652 644 680
f 678 673 674
f 681 678 674
f 681 674 677
f 682 675 669
f 683 679 652
f 684 669 656
f 685 686 678
f 687 666 639
f 688 681 677
f 689 685 678
f 662 638 679
f 689 678 681
f 687 639 662
f 690 669 684
f 691 656 666
f 682 669 690
f 683 652 680
f 662 679 683
f 692 676 675
f 693 689 681
f 694 690 684
f 683 680 695
f 696 686 685
f 697 692 675
f 696 698 686
f 684 656 691
f 699 697 675
f 693 681 688
f 696 685 689
f 700 693 688
f 699 675 682
f 701 691 666
f 701 666 687
f 702 696 689
f 703 699 682
f 702 689 693
f 704 698 696
f 695 662 683
f 705 704 696
f 694 684 691
f 706 702 693
f 703 682 690
f 707 662 695
f 707 695 708
f 708 687 662
f 708 662 707
f 705 696 702
f 706 693 700
f 703 690 694
f 709 710 692
f 709 692 697
f 694 691 701
f 711 705 702
f 709 697 699
f 712 701 687
f 713 704 705
f 714 713 705
f 715 701 712
f 711 702 706
f 716 717 718
f 719 709 699
f 714 705 711
f 715 720 694
f 715 694 701
f 721 713 714
f 719 699 703
f 722 712 687
f 723 721 714
f 722 687 708
f 724 714 711
f 711 706 725
f 726 721 727
f 728 710 709
f 729 727 721
f 722 708 730
f 703 694 720
f 731 721 723
f 731 729 721
f 732 728 709
f 733 723 714
f 732 734 728
f 733 714 724
f 735 720 715
f 731 723 733
f 736 732 709
f 737 703 720
f 738 726 727
f 736 734 732
f 715 712 722
f 739 719 703
f 740 738 727
f 740 727 729
f 735 715 722
f 722 730 741
f 742 740 729
f 743 733 724
f 741 735 722
f 744 731 733
f 742 729 731
f 736 709 719
f 745 711 725
f 745 724 711
f 744 733 743
f 737 720 735
f 743 724 745
f 739 703 737
f 746 744 743
f 747 742 731
f 748 738 740
f 747 731 744
f 749 746 743
f 737 735 741
f 736 719 739
f 748 740 742
f 750 739 737
f 751 737 741
f 611 747 744
f 611 744 746
f 602 748 742
f 752 751 741
f 736 753 734
f 754 755 756
f 750 737 751
f 601 757 748
f 611 746 749
f 758 739 750
f 758 736 739
f 758 753 736
f 759 750 751
f 759 751 752
f 605 760 757
f 602 742 747
f 605 757 601
f 601 748 602
f 761 758 750
f 761 753 758
f 761 750 759
f 602 747 611
f 612 611 749
f 606 605 601
f 762 763 764
f 604 760 605
f 612 749 615
f 765 766 767
f 768 769 766
f 768 766 765
f 770 771 769
f 772 769 768
f 772 770 769
f 773 774 775
f 773 775 770
f 776 777 778
f 773 770 772
f 773 777 776
f 773 776 774
f 779 780 781
f 782 779 781
f 783 779 782
f 783 784 779
f 785 786 784
f 785 784 783
f 786 785 787
f 788 786 787
f 789 788 787
f 790 789 787
f 791 789 790
f 791 792 789
f 793 792 791
f 793 794 792
f 795 794 793
f 796 797 798
f 799 795 793
f 800 795 799
f 800 799 801
f 802 803 800
f 802 800 801
f 804 803 805
f 805 803 802
f 806 807 804
f 806 804 805
f 808 807 806
f 808 809 807
f 810 811 809
f 810 809 808
f 812 811 810
f 812 810 813
f 814 815 812
f 814 812 813
f 816 815 814
f 817 816 814
f 818 819 816
f 818 816 817
f 820 821 819
f 820 819 818
f 822 823 821
f 822 821 820
f 824 825 823
f 824 823 822
f 826 825 824
f 827 828 826
f 829 826 824
f 829 827 826
f 830 831 832
f 833 828 827
f 834 835 836
f 837 838 833
f 839 833 827
f 839 837 833
f 840 841 842
f 843 838 837
f 844 845 846
f 847 843 837
f 847 848 843
f 849 850 848
f 849 848 847
f 766 850 767
f 851 852 853
f 767 850 849
f 854 855 856
f 857 858 856
f 859 854 856
f 858 859 856
f 860 861 862
f 863 860 862
f 862 864 863
f 864 865 866
f 863 864 866
f 866 865 867
f 865 868 867
f 867 868 869
f 868 870 869
f 871 869 872
f 869 870 872
f 872 873 871
f 874 871 873
f 873 875 874
f 876 874 875
f 875 877 876
f 878 876 877
f 877 879 878
f 880 878 879
f 881 882 880
f 879 881 880
f 883 884 885
f 882 881 884
f 881 885 884
f 886 883 887
f 883 885 887
f 887 888 886
f 886 888 889
f 890 886 889
f 891 892 893
f 890 889 892
f 889 893 892
f 893 894 891
f 894 895 896
f 891 894 896
f 896 895 897
f 898 899 900
f 901 897 902
f 897 895 902
f 903 904 905
f 901 902 906
f 907 901 906
f 908 909 910
f 906 911 912
f 907 906 912
f 912 911 913
f 914 912 913
f 915 916 917
f 913 918 919
f 914 913 919
f 918 920 919
f 919 920 921
f 920 922 921
f 921 922 923
f 924 925 926
f 922 927 924
f 923 922 924
f 924 927 928
f 929 928 930
f 928 927 930
f 927 931 930
f 929 931 932
f 930 931 929
f 854 929 933
f 929 932 933
f 932 855 854
f 933 932 854
f 934 935 936
f 937 938 939
f 940 941 942
f 941 943 942
f 944 945 946
f 945 947 946
f 948 949 950
f 948 950 951
f 952 953 954
f 955 956 957
f 958 959 960
f 961 962 963
f 964 961 963
f 965 966 967
f 968 965 967
f 969 970 956
f 971 969 956
f 970 957 956
f 972 973 974
f 975 976 977
f 976 978 977
f 979 980 981
f 972 974 982
f 983 984 985
f 986 987 988
f 979 981 989
f 990 991 992
f 993 994 995
f 996 997 998
f 999 996 998
f 1000 1001 1002
f 1001 1003 1002
f 1000 1002 1004
f 1005 1006 1007
f 1006 1008 1007
f 1009 1010 1011
f 1012 1013 1014
f 1015 1016 1017
f 1013 1018 1014
f 1019 1020 1021
f 1022 1023 1024
f 1025 1026 1027
f 1028 1029 1030
f 1031 1032 1033
f 1034 1035 1036
f 1035 1037 1036
f 1038 1039 1040
f 1039 1041 1040
f 1042 1043 1044
f 1042 1044 1045
f 1046 1047 1048
f 1049 1050 1051
f 1046 1048 1052
f 1053 1054 1055
f 1056 1053 1055
f 1057 1058 1059
f 1060 1061 1062
f 1063 1064 1065
f 1066 1067 1068
f 1066 1068 1069
f 1070 1071 1072
f 1071 1073 1072
f 1074 1075 1076
f 1075 1077 1076
f 1078 1079 1080
f 1078 1080 1081
f 1082 1083 1084
f 1001 1000 1085
f 1082 1084 1086
f 1086 1084 1087
f 1088 1089 1090
f 1086 1087 1091
f 1088 1090 1092
f 1016 1015 1093
f 1094 1095 1096
f 1097 1098 1099
f 1100 1101 1102
f 1099 1098 1103
f 1099 1103 1104
f 1105 1106 1107
f 1108 1105 1107
f 1109 1110 1111
f 1112 1109 1111
f 1113 1114 1115
f 1114 1116 1115
f 1117 1118 1119
f 1120 1121 1122
f 1118 1123 1119
f 1120 1122 1124
f 1125 1126 1127
f 1120 1124 1128
f 1125 1127 1129
f 1130 1125 1131
f 1125 1129 1131
f 1130 1131 1132
f 1133 1134 1135
f 1133 1135 1136
f 1137 1138 1139
f 1140 1141 1142
f 1143 1144 1145
f 1146 1147 1139
f 1146 1139 1138
f 1148 1149 1150
f 1151 1152 1153
f 1148 1150 1154
f 1155 1156 1157
f 1158 1159 1160
f 1159 1161 1160
f 1162 1163 1164
f 1165 1166 1167
f 1162 1164 1168
f 1169 1170 1171
f 1169 1171 1172
f 1173 1174 1175
f 1174 1176 1175
f 1177 1178 1179
f 1178 1180 1179
f 1181 1182 1183
f 1184 1185 1186
f 1187 1188 1189
f 1190 1191 1192
f 1191 1193 1192
f 1190 1192 1194
f 1195 1196 1197
f 1198 1195 1199
f 1195 1197 1199
f 1198 1199 1200
f 1201 1202 1203
f 1201 1203 1204
f 1205 1206 1207
f 1208 1209 1210
f 1205 1207 1211
f 1208 1210 1212
f 1213 1214 1215
f 1216 1217 1218
f 1219 1220 1221
f 1217 1222 1218
f 1223 1224 1225
f 1220 1219 1226
f 1227 1213 1215
f 1228 1229 1230
f 1231 1232 1233
f 1227 1215 1234
f 1235 1227 1234
f 1235 1236 1227
f 1237 1238 1239
f 1240 1217 1216
f 1225 1224 1241
f 1242 1214 1243
f 1213 1243 1214
f 1244 1245 1246
f 1247 1248 1249
f 1247 1249 1250
f 1251 1252 1253
f 1254 1255 1256
f 1254 1257 1255
f 1258 1259 1260
f 1261 1262 1263
f 1264 1265 1266
f 1267 1268 1269
f 1270 1271 1272
f 1264 1273 1265
f 1274 1275 1276
f 1277 1278 1279
f 1280 1281 1282
f 1253 1283 1284
f 1285 1286 1287
f 1288 1289 1290
f 1291 1256 1292
f 1291 1254 1256
f 1293 1270 1272
f 1294 1295 1296
f 1297 1289 1288
f 1298 1299 1300
f 1298 1301 1299
f 1302 1274 1276
f 1288 1290 1303
f 1304 1305 1306
f 1307 1308 1309
f 1307 1310 1308
f 1311 1312 1313
f 1280 1314 1281
f 1280 1315 1314
f 1316 1317 1318
f 1319 1297 1288
f 1320 1321 1322
f 1323 1291 1292
f 1324 1253 1284
f 1324 1284 1325
f 1326 1327 1328
f 1329 1330 1331
f 1332 1333 1334
f 1324 1325 1332
f 1335 1304 1306
f 1336 1320 1322
f 1335 1306 1337
f 1252 1338 1339
f 1283 1339 1340
f 1341 1342 1343
f 1278 1344 1345
f 1252 1339 1283
f 1260 1259 1346
f 1289 1324 1332
f 1278 1345 1279
f 1251 1337 1252
f 1282 1347 1294
f 1268 1348 1269
f 1251 1335 1337
f 1290 1332 1334
f 1253 1252 1283
f 1349 1350 1351
f 1244 1352 1245
f 1349 1351 1353
f 1289 1332 1290
f 1354 1355 1356
f 1357 1358 1359
f 1360 1357 1359
f 1360 1359 1361
f 1362 1360 1363
f 1360 1361 1363
f 1362 1363 1364
f 1362 1364 1365
f 1365 1364 1366
f 1365 1366 1367
f 1365 1367 1368
f 1368 1367 1369
f 1370 1368 1371
f 1368 1369 1371
f 1370 1371 1372
f 1373 1370 1374
f 1370 1372 1374
f 1373 1374 1375
f 1376 1373 1377
f 1373 1375 1377
f 1378 1376 1379
f 1376 1377 1379
f 1378 1379 1380
f 1381 1378 1382
f 1378 1380 1382
f 1381 1382 1383
f 1384 1381 1385
f 1381 1383 1385
f 1386 1384 1387
f 1384 1385 1387
f 1386 1387 1388
f 1389 1386 1388
f 1389 1388 1390
f 1391 1389 1392
f 1389 1390 1392
f 1391 1392 1393
f 1394 1395 1396
f 1397 1398 1399
f 1400 1401 1402
f 1403 1404 1405
f 1406 1407 1408
f 1409 1410 1411
f 1412 1413 1414
f 1411 1410 1415
f 1416 1417 1418
f 1419 1420 1421
f 1422 1423 1424
f 1425 1422 1424
f 1426 1427 1428
f 1426 1429 1427
f 1430 1414 1413
f 1431 1432 1433
f 1434 1430 1413
f 1435 1436 1437
f 1438 1439 1440
f 1441 1442 1443
f 1441 1443 1444
f 1445 1446 1447
f 1448 1449 1450
f 1451 1441 1444
f 1452 1445 1447
f 1452 1447 1453
f 1454 1455 1456
f 1457 1448 1450
f 1458 1459 1460
f 1461 1458 1462
f 1461 1459 1458
f 1463 1464 1465
f 1463 1466 1464
f 1467 1452 1453
f 1468 1463 1465
f 1469 1452 1467
f 1470 1471 1472
f 1473 1474 1475
f 1473 1469 1467
f 1476 1473 1475
f 1477 1471 1470
f 1476 1469 1473
f 1478 1479 1480
f 1478 1481 1479
f 1482 1483 1484
f 1485 1477 1470
f 1486 1477 1485
f 1487 1486 1485
f 1488 1482 1484
f 1488 1484 1489
f 1490 1491 1492
f 1493 1480 1494
f 1495 1489 1484
f 1496 1497 1498
f 1499 1489 1495
f 1493 1494 1500
f 1501 1496 1498
f 1502 1503 1504
f 1505 1506 1507
f 1508 1503 1502
f 1509 1508 1502
f 1510 1509 1502
f 1511 1505 1507
f 1512 1513 1514
f 1515 1509 1510
f 1516 1517 1518
f 1519 1520 1521
f 1522 1523 1524
f 1525 1519 1521
f 1525 1521 1526
f 1527 1528 1529
f 1530 1529 1531
f 1530 1527 1529
f 1532 1522 1524
f 1533 1530 1531
f 1534 1535 1536
f 1537 1525 1526
f 1440 1538 1539
f 1540 1532 1524
f 1439 1538 1440
f 1444 1443 1541
f 1542 1534 1536
f 1543 1544 1545
f 1543 1546 1544
f 1547 1543 1545
f 1548 1543 1547
f 1549 1550 1551
f 1549 1552 1550
f 1553 1547 1554
f 1553 1548 1547
f 1553 1554 1555
f 1556 1557 1558
f 1559 1560 1561
f 1562 1556 1558
f 1563 1564 1565
f 1566 1560 1559
f 1567 1556 1562
f 1568 1569 1570
f 1571 1566 1559
f 1572 1573 1574
f 1575 1572 1574
f 1546 1576 1544
f 1577 1578 1579
f 1580 1581 1582
f 1583 1584 1585
f 1586 1587 1588
f 1589 1590 1591
f 1592 1593 1594
f 1595 1593 1592
f 1596 1597 1598
f 1599 1600 1601
f 1582 1581 1602
f 1603 1604 1605
f 1606 1607 1608
f 1579 1578 1609
f 1610 1611 1612
f 1613 1614 1615
f 1613 1616 1614
f 1617 1610 1612
f 1618 1617 1612
f 1619 1620 1621
f 1622 1618 1612
f 224 121 1623
f 224 1623 1624
f 1625 1620 1619
f 1626 1620 1625
f 1619 1621 1627
f 1619 1627 1628
f 1629 1630 1631
f 1629 1631 1632
f 1633 1618 1622
f 1626 247 1620
f 1634 247 1626
f 1613 1635 1616
f 1636 1633 1622
f 1636 1622 1637
f 1638 1639 1640
f 1641 1642 1643
f 1641 1644 1642
f 1645 1644 1641
f 1645 1646 1644
f 1647 1648 1649
f 1636 1637 1650
f 224 1624 1651
f 1652 1649 1648
f 1653 1647 1649
f 1654 1635 1613
f 362 224 1651
f 362 1651 1655
f 1656 1635 1654
f 1657 1649 1652
f 1656 1658 1635
f 1657 1634 1649
f 78 362 1655
f 78 1655 1659
f 1656 1660 1658
f 1661 1634 1657
f 1661 247 1634
f 1662 1653 1649
f 1663 1662 1649
f 1664 1646 1645
f 1665 1650 1666
f 1665 1666 1667
f 1665 1636 1650
f 1668 248 247
f 1668 247 1661
f 1669 382 293
f 1669 293 248
f 1669 248 1668
f 1670 1632 1671
f 1670 1671 1639
f 1670 1638 1672
f 1670 1639 1638
f 1673 1670 1672
f 1674 382 1669
f 1656 1675 1660
f 1676 1677 1678
f 78 1659 1646
f 329 1667 1675
f 1679 1676 1678
f 329 1675 1656
f 1612 1676 1679
f 309 1667 329
f 1680 1676 1612
f 1681 1673 1672
f 1681 1672 1682
f 1683 1646 1664
f 1684 382 1674
f 1684 559 496
f 1684 496 382
f 1685 1676 1680
f 1686 141 78
f 1686 1646 1683
f 1686 78 1646
f 1687 559 1684
f 1688 141 1686
f 1689 1681 1682
f 309 1665 1667
f 279 141 1688
f 1690 1663 1691
f 1692 1683 1664
f 1687 121 559
f 1692 1664 1693
f 1689 1682 1614
f 233 1665 309
f 1694 1695 1696
f 255 1665 233
f 1697 121 1687
f 128 1665 255
f 127 1693 1665
f 127 1665 128
f 1698 1689 1614
f 457 456 1692
f 457 1692 1693
f 1615 1614 1699
f 457 1693 127
f 1670 1629 1632
f 1649 1691 1663
f 1700 1691 1701
f 1616 1698 1614
f 1702 1694 1696
f 1703 1691 1700
f 1704 1702 1696
f 1704 1696 1685
f 1704 1685 1680
f 1690 1691 1703
f 1705 1704 1680
f 121 1697 1623
f 1706 1690 1703
f 1706 1707 1690
f 1708 1705 1680
f 1708 1680 1612
f 1709 1710 1711
f 1712 1713 1714
f 1715 1708 1612
f 1611 1715 1612
f 1716 1717 1718
f 1719 1720 1721
f 1722 1723 1724
f 1725 1726 1727
f 1728 1729 1730
f 1731 1732 1733
f 1728 1734 1729
f 1735 1731 1733
f 1736 1737 1738
f 1736 1739 1737
f 1740 1741 1742
f 1743 1744 1745
f 1746 749 743
f 1747 1748 1749
f 1743 1750 1744
f 1719 1721 1751
f 1725 1727 1752
f 1753 1754 1755
f 1756 1757 1758
f 1759 1724 1719
f 1760 1759 1719
f 1761 1725 1752
f 1762 1763 1739
f 1764 1747 1749
f 1736 1738 1765
f 1743 1745 1766
f 1767 1719 1751
f 1768 1769 1770
f 1768 1770 1748
f 1761 1752 1771
f 1772 649 1773
f 1774 1722 1724
f 1743 1766 1775
f 1776 1736 1765
f 1777 1735 1733
f 752 741 1778
f 1756 1779 1757
f 1780 1761 1771
f 1756 1758 1750
f 1781 1767 1782
f 1764 1749 1783
f 1784 1743 1775
f 1785 1786 1787
f 1788 1764 1783
f 1767 1760 1719
f 1736 1762 1739
f 1777 1733 1789
f 1784 1775 1790
f 1746 1791 749
f 1792 1793 1794
f 1795 1761 1780
f 1796 1797 1798
f 1799 1800 1779
f 1801 1780 1771
f 1801 1771 1802
f 1803 1784 1790
f 1804 1774 1724
f 1805 1750 1743
f 1806 177 176
f 1806 597 177
f 1807 1808 1751
f 1807 1751 1809
f 1810 597 1806
f 1801 1802 1811
f 1812 1813 213
f 1812 213 214
f 1814 1756 1805
f 1805 1756 1750
f 1815 1788 1783
f 1815 1783 1816
f 1817 1818 1813
f 1817 1813 1812
f 1819 251 252
f 1820 1819 252
f 1821 1822 1823
f 1799 1824 1800
f 1804 1722 1774
f 1732 1801 1811
f 1825 1779 1756
f 1826 1820 252
f 1827 1807 1809
f 1828 1829 1790
f 1828 1790 1830
f 1815 1816 1831
f 1832 1809 1833
f 1834 1748 1747
f 1835 1836 1819
f 1832 1827 1809
f 1772 651 649
f 1826 252 274
f 1834 1768 1748
f 1837 597 1810
f 1837 598 597
f 1835 1819 1820
f 1838 1798 1839
f 1838 1796 1798
f 1840 1835 1820
f 1841 1842 1843
f 1844 1815 1831
f 1840 1820 1826
f 1845 1838 1839
f 1846 1826 274
f 1828 1830 1754
f 1847 1728 1797
f 1848 1804 1724
f 1834 1747 1764
f 1848 1724 1759
f 1848 1759 1760
f 1849 752 1778
f 1850 1805 1743
f 1847 1797 1796
f 1839 1613 1615
f 1825 1799 1779
f 1851 1801 1732
f 1852 1791 1746
f 1853 1743 1784
f 1854 1818 1817
f 1855 1834 1764
f 1854 1837 1818
f 1856 1769 1768
f 1857 274 301
f 1795 1725 1761
f 1795 1726 1725
f 1858 1832 1833
f 1855 1764 1788
f 1859 1799 1860
f 1858 1833 1763
f 1859 1824 1799
f 1861 1848 1760
f 1853 1850 1743
f 1853 1784 1803
f 1862 1826 1846
f 620 598 1837
f 1863 1840 1826
f 1864 1722 1804
f 1765 1671 1632
f 615 1791 1852
f 1865 1866 1836
f 1861 1760 1767
f 1867 1855 1788
f 1868 1828 1754
f 1869 1857 301
f 1829 1853 1803
f 1870 1795 1780
f 1871 1858 1763
f 1862 1863 1826
f 1872 1814 1805
f 1762 1871 1763
f 1873 1874 1804
f 1873 1804 1848
f 1870 1780 1801
f 1825 1756 1814
f 1857 1846 274
f 1867 1788 1815
f 1870 1801 1851
f 1868 1754 1753
f 1875 1829 1828
f 1871 1762 1736
f 1876 1861 1767
f 1877 1873 1848
f 1865 1836 1835
f 1877 1848 1861
f 1876 1767 1781
f 1878 1856 1768
f 1879 1867 1815
f 1880 1876 1781
f 1881 651 1772
f 1844 1879 1815
f 1882 1804 1874
f 1882 1864 1804
f 1869 301 319
f 1883 1753 1734
f 1884 1857 1869
f 1885 1871 1736
f 1825 1860 1799
f 1886 1844 1726
f 1887 1888 1808
f 1889 620 1837
f 1890 1887 1808
f 1891 1859 1860
f 1891 1824 1859
f 1892 1893 1835
f 1892 1835 1840
f 1894 1872 1805
f 1894 1805 1850
f 1890 1808 1807
f 1889 1837 1854
f 1895 1768 1834
f 1881 1824 1891
f 1875 1853 1829
f 1895 1878 1768
f 1896 615 1852
f 1886 1726 1795
f 1872 1825 1814
f 1897 1886 1795
f 1898 1890 1807
f 1899 1840 1863
f 1899 1892 1840
f 1885 1736 1776
f 1900 1866 1865
f 1898 1807 1827
f 1901 1851 1732
f 1902 1864 1882
f 1903 319 329
f 1847 1734 1728
f 1847 1883 1734
f 1904 1898 1827
f 1899 1863 1862
f 1897 1795 1870
f 1905 1732 1731
f 1905 1901 1732
f 1904 1827 1832
f 1620 1777 1789
f 1906 1895 1834
f 1907 1885 1776
f 1908 1880 1781
f 1909 1910 1911
f 1656 1903 329
f 1912 1899 1862
f 1880 1877 1861
f 1880 1913 1877
f 1914 1906 1834
f 1915 1776 1765
f 1889 621 620
f 1916 1889 1854
f 1917 1918 1919
f 1912 1862 1846
f 1920 1882 1874
f 1921 759 752
f 1920 1874 1873
f 1921 752 1849
f 1922 1923 1924
f 1925 1875 1828
f 1926 1927 1928
f 1929 1905 1731
f 1930 1904 1832
f 1931 1894 1850
f 1925 1828 1868
f 1930 1832 1858
f 1914 1834 1855
f 1615 1845 1839
f 1880 1861 1876
f 1932 651 1881
f 1932 663 651
f 1933 1870 1851
f 1934 1825 1872
f 1929 1731 1735
f 1853 1931 1850
f 1935 1930 1858
f 1936 1853 1875
f 1914 1855 1867
f 1913 1920 1873
f 1912 1846 1857
f 1937 1936 1875
f 1938 1939 1796
f 623 621 1889
f 1940 1935 1858
f 1941 1735 1777
f 1942 1902 1882
f 1891 1932 1881
f 1943 1914 1867
f 1944 1869 319
f 1913 1873 1877
f 1912 1857 1884
f 1901 1933 1851
f 1945 1908 1887
f 1936 1946 1853
f 1945 1887 1890
f 1947 1860 1825
f 1944 319 1903
f 1940 1858 1871
f 1838 1938 1796
f 1777 1620 247
f 1948 1933 1901
f 1949 1912 1884
f 627 615 1896
f 1947 1825 1934
f 1950 1883 1847
f 1951 1882 1920
f 1951 1942 1882
f 1632 1915 1765
f 1952 1943 1867
f 1915 1907 1776
f 1952 1867 1879
f 1952 1879 1844
f 1945 1890 1898
f 1953 663 1932
f 1950 1954 1883
f 1955 1940 1871
f 1956 1856 1878
f 1915 1632 1631
f 1956 1921 1856
f 1957 1866 1900
f 1956 1878 1895
f 1950 1938 1954
f 1958 1898 1904
f 1959 1945 1898
f 1960 1894 1931
f 1961 1889 1916
f 1962 1872 1894
f 1963 1964 759
f 1963 759 1921
f 1938 1950 1847
f 1845 1615 1699
f 1965 1949 1884
f 1966 1913 1880
f 1943 1967 1914
f 1962 1894 1960
f 1959 1904 1930
f 1968 1957 1900
f 1952 1844 1886
f 1955 1871 1885
f 1969 1952 1886
f 1970 1971 1972
f 1973 1955 1885
f 1974 1975 1860
f 1976 1964 1963
f 1977 1880 1908
f 1974 1860 1947
f 1977 1966 1880
f 1965 1884 1869
f 1699 1938 1838
f 1699 1838 1845
f 1963 1921 1956
f 1977 1908 1945
f 1978 1956 1895
f 1974 1932 1891
f 1979 1980 1981
f 1982 1951 1920
f 1953 672 663
f 1974 1953 1932
f 1969 1886 1897
f 1983 623 1889
f 1962 1960 1984
f 1944 1965 1869
f 1982 1920 1913
f 1976 1985 1964
f 1986 1930 1935
f 1983 1889 1961
f 1987 1947 1934
f 1988 1989 1892
f 1990 1987 1934
f 1988 1892 1899
f 1991 1929 1735
f 1992 1974 1947
f 1993 627 1896
f 1994 1995 1957
f 1991 1735 1941
f 1996 1947 1987
f 1997 1992 1998
f 1999 1982 1913
f 2000 1953 1974
f 2001 1969 1897
f 1968 1994 1957
f 2002 1945 1959
f 2003 1935 1940
f 2004 1988 1899
f 2005 1962 2006
f 677 672 1953
f 2006 1962 1984
f 2007 1952 1969
f 2008 1978 1895
f 2008 1895 1906
f 2001 1897 1870
f 2008 1906 1914
f 2004 1899 1912
f 2009 2010 2005
f 2009 2005 2006
f 2001 1870 1933
f 2011 2012 2013
f 2003 1940 1955
f 2014 1963 1956
f 2014 1956 1978
f 2015 1944 1903
f 1999 1913 1966
f 2016 2006 2017
f 2018 2004 1912
f 1907 1973 1885
f 1993 600 627
f 2019 1992 1997
f 2020 1985 1976
f 2020 2021 1985
f 2022 2023 2024
f 2014 2025 1963
f 2016 2026 2006
f 2027 1999 1966
f 2028 2027 1966
f 1992 2000 1974
f 2029 1965 1944
f 2030 1968 1989
f 2031 2008 1967
f 2032 1983 1961
f 2033 677 1953
f 2034 1986 1935
f 1973 2035 1955
f 2036 1997 2010
f 2037 2001 1933
f 2019 2000 1992
f 2038 1967 1943
f 2038 2031 1967
f 2028 1966 1977
f 2036 2019 1997
f 2037 1933 1948
f 2026 2009 2006
f 2021 97 96
f 2039 2040 2041
f 2033 1953 2000
f 247 1941 1777
f 2042 2043 1902
f 2042 1942 1951
f 2042 1902 1942
f 2044 2037 1948
f 2045 1977 1945
f 2030 1989 1988
f 2045 2028 1977
f 2044 1948 1901
f 2046 2047 1912
f 2046 1912 1949
f 2034 1935 2003
f 2026 2036 2010
f 2026 2010 2009
f 2029 1944 2015
f 2048 2014 1978
f 2049 2038 1943
f 2049 1943 1952
f 2045 1945 2002
f 2050 2030 1988
f 2051 2001 2037
f 2052 600 1993
f 2053 1978 2008
f 2050 1988 2054
f 2055 2044 1901
f 2055 1901 1905
f 2056 2045 2002
f 637 600 2052
f 2035 2003 1955
f 2057 1973 1907
f 2058 2033 2000
f 2059 1983 2032
f 2056 2002 1959
f 2060 2045 2056
f 2026 2016 2061
f 2055 1905 1929
f 2062 2063 2043
f 2062 2043 2042
f 2064 1949 1965
f 2064 2046 1949
f 2051 2037 2044
f 2065 2016 2017
f 2007 2049 1952
f 2066 1959 1930
f 2066 2056 1959
f 688 677 2033
f 2067 1995 1994
f 2067 2068 1995
f 1631 1907 1915
f 2069 2036 2026
f 2066 1930 1986
f 2053 2008 2031
f 2070 2062 2042
f 2048 2071 2025
f 2048 2025 2014
f 2055 1929 1991
f 2065 2017 2072
f 2073 2042 1951
f 2073 1951 1982
f 2038 2053 2031
f 2074 2064 1965
f 2048 2075 2076
f 2065 2061 2016
f 2077 2078 2079
f 2020 97 2021
f 2067 1994 1968
f 2080 1903 1656
f 2081 2007 1969
f 2082 2073 1982
f 2083 2068 2067
f 2075 1978 2053
f 2075 2048 1978
f 2046 2084 2047
f 2053 2085 2086
f 2053 2038 2085
f 2087 2066 1986
f 2087 1986 2088
f 2089 624 623
f 2089 623 1983
f 2082 1982 1999
f 2075 2053 2086
f 2090 2000 2019
f 2071 101 100
f 2090 2058 2000
f 2091 2090 2019
f 2092 2082 1999
f 2093 2058 2090
f 2057 2035 1973
f 2094 1983 2059
f 2095 637 2052
f 2095 644 637
f 2092 1999 2027
f 2096 2097 2098
f 2081 1969 2001
f 2099 688 2033
f 2100 1941 247
f 2101 1968 2030
f 2085 2038 2049
f 2101 2067 1968
f 2102 2070 2042
f 2102 2042 2073
f 2103 2083 2067
f 2051 2081 2001
f 2091 2019 2036
f 2104 2063 2062
f 2105 2034 2003
f 2105 2003 2035
f 2085 2049 2007
f 2106 2107 2072
f 2108 2064 2074
f 2093 2090 2091
f 2109 2036 2069
f 2109 2091 2036
f 2110 2073 2082
f 2110 2082 2092
f 2111 2092 2027
f 2111 2027 2028
f 2101 2030 2050
f 2048 101 2071
f 2112 2029 2015
f 2113 2101 2050
f 2114 2007 2081
f 2114 2085 2007
f 2109 2069 2026
f 2044 2115 2051
f 2116 116 101
f 2116 2076 116
f 2116 2048 2076
f 2116 101 2048
f 2117 2109 2026
f 2118 2044 2055
f 2117 2026 2061
f 2119 2120 2121
f 2122 2094 2059
f 2115 2081 2051
f 2099 2123 688
f 2124 2125 2126
f 2127 2058 2093
f 2127 2099 2033
f 2127 2033 2058
f 2128 2055 1991
f 2111 2028 2045
f 2129 2115 2044
f 2130 644 2095
f 2117 2061 2065
f 2131 1991 1941
f 2132 2113 2084
f 2110 2102 2073
f 2100 2131 1941
f 2133 2110 2092
f 2101 2103 2067
f 2133 2092 2111
f 2134 2100 247
f 2118 2129 2044
f 2057 2135 2035
f 2136 2104 2062
f 2136 2062 2070
f 2137 2083 2103
f 2138 2132 2084
f 2138 2084 2046
f 2139 2104 2136
f 2128 2118 2055
f 2111 2045 2140
f 2117 2065 2072
f 2141 2129 2118
f 2142 2138 2046
f 2143 2133 2111
f 2144 2117 2072
f 2128 1991 2131
f 2145 2111 2140
f 2145 2140 2056
f 2146 2029 2112
f 2142 2046 2064
f 2134 2131 2100
f 2147 2108 2074
f 2148 2145 2056
f 680 644 2130
f 2149 2099 2127
f 2150 2147 2074
f 2131 2134 247
f 2151 2127 2093
f 2128 2141 2118
f 2152 2094 2122
f 2153 2142 2064
f 2057 1907 1631
f 2151 2093 2091
f 2154 2144 2072
f 2154 2072 2107
f 2148 2056 2066
f 2155 2137 2103
f 2128 2131 247
f 2154 2107 2106
f 2148 2066 2087
f 2128 226 2141
f 2156 2146 2112
f 2157 2139 2136
f 2158 2148 2087
f 2159 2151 2091
f 2152 2137 2155
f 2158 2087 2034
f 2160 2123 2099
f 2160 700 2123
f 226 2128 247
f 2161 2154 2106
f 2162 628 624
f 2162 624 2089
f 2163 2070 2102
f 2163 2136 2070
f 2164 2064 2108
f 2164 2153 2064
f 2165 2099 2149
f 2163 2102 2110
f 2159 2091 2109
f 2166 2143 2111
f 2161 2106 2167
f 2168 2103 2101
f 2169 2127 2151
f 2170 2158 2034
f 2169 2171 2127
f 2172 2094 2152
f 2173 2157 2136
f 2174 2163 2110
f 2175 2161 2167
f 1630 2057 1631
f 2145 2166 2111
f 2176 680 2130
f 2174 2110 2133
f 2177 2152 2155
f 2170 2034 2105
f 2159 2109 2117
f 2178 2139 2157
f 2179 2159 2117
f 2180 2168 2101
f 2181 2158 2170
f 2180 2101 2113
f 2182 2174 2133
f 2158 2145 2148
f 2183 2169 2151
f 2184 2105 2035
f 2175 2167 2185
f 2186 2184 2035
f 2163 2173 2136
f 2183 2151 2159
f 2187 2165 2149
f 2188 631 628
f 2188 628 2162
f 2189 2182 2133
f 2190 2179 2117
f 2184 2170 2105
f 2191 2172 2152
f 2179 2183 2159
f 2189 2133 2143
f 2186 2035 2135
f 2180 2113 2132
f 2192 2161 2175
f 2193 2163 2174
f 2194 2164 2108
f 2166 2189 2143
f 2147 2194 2108
f 2190 2117 2144
f 2195 2180 2132
f 2195 2132 2138
f 2196 2190 2144
f 636 631 2188
f 2196 2144 2154
f 2197 2157 2173
f 2197 2178 2157
f 2184 2181 2170
f 2186 2135 2057
f 2198 2163 2193
f 2156 2199 1656
f 2156 1656 1654
f 2200 2168 2180
f 2195 2142 2153
f 2201 2166 2145
f 2195 2138 2142
f 2202 680 2176
f 2202 695 680
f 2203 2171 2169
f 2203 2187 2171
f 2204 2186 2057
f 2205 2165 2187
f 1630 2204 2057
f 2206 2201 2145
f 2196 2154 2161
f 2207 2196 2161
f 2191 2208 2172
f 2209 2178 2197
f 2210 2203 2169
f 2211 2152 2177
f 2211 2191 2152
f 2212 700 2160
f 2212 706 700
f 2182 2193 2174
f 2206 2145 2158
f 2213 2195 2153
f 2210 2169 2183
f 2205 2187 2203
f 2214 2189 2166
f 2147 2146 2156
f 2210 2183 2179
f 2215 2165 2205
f 2206 2158 2181
f 2213 2153 2164
f 2192 2207 2161
f 2216 2211 2177
f 2217 2206 2181
f 2218 636 2188
f 2219 2189 2214
f 2198 2173 2163
f 2220 2210 2179
f 2198 2197 2173
f 2194 2213 2164
f 2221 2208 2191
f 2222 2196 2207
f 2223 2191 2211
f 2224 2192 2175
f 2225 2195 2213
f 2226 2194 2147
f 2201 2214 2166
f 2227 695 2202
f 2228 2216 2177
f 2229 2181 2184
f 2230 2215 2205
f 2231 2209 2197
f 2232 2226 2147
f 2233 2223 2211
f 2234 2200 2180
f 2235 2236 2237
f 2238 2198 2193
f 2239 2203 2210
f 2240 2220 2179
f 2240 2179 2190
f 2224 2175 2185
f 2230 2205 2203
f 2224 2185 1640
f 2224 1640 1639
f 1627 2204 1630
f 2241 2201 2206
f 2242 2193 2182
f 2242 2182 2189
f 2242 2238 2193
f 2243 2234 2180
f 2244 2229 2184
f 2207 2192 2224
f 2245 725 706
f 2245 706 2212
f 2244 2184 2186
f 2246 2240 2190
f 2217 2241 2206
f 2247 2207 2224
f 2248 2233 2211
f 2248 2211 2216
f 2239 2210 2220
f 2249 2221 2191
f 2249 2191 2223
f 2250 2215 2230
f 2251 2239 2220
f 2252 2181 2229
f 2252 2217 2181
f 2253 2243 2180
f 2246 2190 2196
f 2254 2252 2229
f 2246 2196 2222
f 2255 2256 2209
f 2257 2230 2203
f 2255 2209 2231
f 2219 2242 2189
f 2258 2197 2198
f 2258 2231 2197
f 2249 2223 2233
f 2259 2219 2214
f 2258 2198 2238
f 1613 2156 1654
f 2260 2220 2240
f 2261 2216 2228
f 2259 2214 2201
f 2261 2248 2216
f 1798 2226 2232
f 2262 2261 2228
f 2263 2259 2201
f 2253 2180 2195
f 2264 2265 2266
f 2267 2268 2269
f 2257 2203 2239
f 1789 2186 2204
f 2225 2253 2195
f 2270 2201 2241
f 2270 2263 2201
f 2271 2260 2240
f 2271 2240 2246
f 2272 2250 2230
f 2273 2221 2249
f 2274 2222 2207
f 2244 2254 2229
f 2204 1627 1621
f 2251 2257 2239
f 2275 2272 2230
f 2276 2238 2242
f 2270 2241 2217
f 1737 2274 2207
f 2277 695 2227
f 2277 708 695
f 2278 2244 2186
f 2279 2249 2233
f 2280 2270 2217
f 2281 1737 2207
f 2282 2255 2231
f 2282 2231 2258
f 2247 2281 2207
f 2283 2243 2253
f 1729 2225 2213
f 2232 2147 2156
f 2284 2276 2242
f 1613 2232 2156
f 2285 2217 2252
f 2285 2280 2217
f 2251 2220 2260
f 2286 2279 2233
f 2284 2242 2219
f 2278 2186 1789
f 2287 636 2218
f 2287 643 636
f 2283 2234 2243
f 2288 2250 2272
f 2289 2284 2219
f 2288 2272 2275
f 2290 2291 2292
f 2286 2233 2248
f 2282 2258 2238
f 2275 2230 2257
f 1730 1729 2213
f 1730 2213 2194
f 2293 1727 2259
f 1755 2283 2253
f 730 708 2277
f 2286 2248 2261
f 2294 2282 2238
f 2225 1755 2253
f 2295 2247 2224
f 2293 2259 2263
f 2296 1730 2194
f 2297 2298 2299
f 1720 2288 2275
f 2300 2273 2249
f 2300 2249 2279
f 1721 2275 2257
f 2293 2263 2270
f 1797 2226 1798
f 2224 1639 1671
f 2301 2252 2254
f 2300 2279 2286
f 2276 2294 2238
f 1766 2261 2262
f 2247 1737 2281
f 1766 2286 2261
f 2302 2303 2256
f 2302 2256 2255
f 2304 745 725
f 1744 2300 2286
f 2304 725 2245
f 1775 1766 2262
f 2305 2306 2307
f 2308 2271 2246
f 1771 2293 2270
f 2308 2246 2222
f 1733 2301 2254
f 2309 2257 2251
f 2309 1721 2257
f 1773 643 2287
f 1773 649 643
f 1733 2254 2244
f 1621 1789 2204
f 1729 1755 2225
f 2310 2302 2255
f 1775 2311 2312
f 1720 2275 1721
f 2289 2276 2284
f 2280 1771 2270
f 2313 2221 2273
f 1739 2308 2222
f 1802 2280 2285
f 2313 2314 2221
f 1790 1775 2312
f 2315 730 2277
f 1830 2312 2316
f 1830 1790 2312
f 1800 2314 2313
f 1733 2244 2278
f 1839 1798 2232
f 1839 2232 1613
f 1752 1727 2293
f 741 730 2315
f 1745 1744 2286
f 2317 2303 2302
f 1745 2286 1766
f 2318 2309 2251
f 1671 2295 2224
f 1811 2285 2252
f 1737 2319 2222
f 1737 2222 2274
f 1771 1752 2293
f 1757 2313 2273
f 1749 2255 2282
f 1749 2310 2255
f 1809 2318 2251
f 1724 1723 2250
f 1724 2250 2288
f 1754 1830 2283
f 1809 2251 2260
f 2301 1811 2252
f 1754 2283 1755
f 1751 1721 2309
f 1789 1621 1620
f 1738 1737 2247
f 1783 1749 2282
f 1802 1771 2280
f 1724 2288 1720
f 1783 2282 2294
f 1833 2260 2271
f 1833 1809 2260
f 1779 1800 2313
f 1779 2313 1757
f 1770 2302 2310
f 1770 2317 2302
f 1765 1738 2247
f 1811 1802 2285
f 1751 2309 2318
f 1757 2273 2300
f 1778 741 2315
f 1833 2271 2308
f 1783 2294 2276
f 1751 2318 1809
f 2295 1765 2247
f 1758 1757 2300
f 1748 1770 2310
f 1748 2310 1749
f 1769 2317 1770
f 1763 1833 2308
f 1816 1783 2276
f 2320 2321 2322
f 1753 1755 1729
f 1719 1724 1720
f 1732 1811 2301
f 1831 1816 2276
f 1763 2308 1739
f 1758 2300 1744
f 1789 1733 2278
f 1732 2301 1733
f 1746 745 2304
f 1746 743 745
f 1734 1753 1729
f 1831 2276 2289
f 1750 1758 1744
f 2323 2324 2325
f 2326 2323 2325
f 2327 2328 2329
f 2330 2331 2332
f 2333 2334 2335
f 2336 2337 2338
f 2339 2328 2327
f 2340 279 2341
f 2340 2330 279
f 2340 2327 2342
f 2340 2339 2327
f 2343 2337 2336
f 2344 2343 2336
f 2340 2345 2339
f 2343 2346 2337
f 2347 2340 2341
f 2347 2348 2345
f 2347 2345 2340
f 2349 2350 2346
f 2349 2346 2343
f 2351 2352 2345
f 2351 2345 2348
f 2348 2347 2353
f 2354 2353 2347
f 2355 2349 2356
f 2353 2357 2348
f 2355 2358 2350
f 2355 2350 2349
f 2359 2357 2353
f 2360 2358 2355
f 2361 2360 2355
f 2354 2362 2353
f 2363 2364 2357
f 2359 2363 2357
f 2365 2366 2358
f 2365 2358 2360
f 2363 2359 2367
f 2368 2369 2370
f 2325 2369 2368
f 2325 2324 2369
f 2324 2371 2372
f 2324 2373 2371
f 2324 2374 2373
f 2363 2375 2364
f 2326 1692 456
f 2326 2325 2376
f 2323 2374 2324
f 2377 2378 2379
f 2380 2381 2382
f 2380 2382 2383
f 961 964 2384
f 2385 2386 2387
f 2388 2377 2379
f 2389 2381 2380
f 2379 2390 2388
f 2391 2386 2385
f 2391 2392 2386
f 2389 2393 2381
f 2394 2395 2396
f 2397 2395 2394
f 2398 2395 2399
f 2398 2400 2395
f 2401 2402 2403
f 1614 2401 1699
f 2404 2402 2401
f 2405 2406 2407
f 2408 2404 2401
f 2409 2405 2407
f 2410 2401 1614
f 2408 2411 2404
f 2412 2405 2409
f 2413 2414 2415
f 2412 2416 2405
f 1614 1682 2410
f 1682 2417 2410
f 2418 2419 2420
f 2421 2422 2423
f 2424 2419 2418
f 2425 2426 2427
f 2421 2428 2422
f 2429 2422 2428
f 2423 2430 2421
f 2431 2429 2428
f 2431 2428 2421
f 2425 2432 2426
f 2433 2429 2431
f 2430 2434 2421
f 2430 2387 2434
f 2435 2436 2432
f 2435 2432 2425
f 2433 2437 2429
f 2438 2439 2440
f 2441 2436 2435
f 2382 2442 2383
f 2387 2430 2385
f 2378 2439 2438
f 2379 2378 2438
f 2377 2443 2444
f 2377 2444 2378
f 2445 2446 2447
f 1694 1702 2448
f 2449 2448 1702
f 2450 2451 2452
f 2450 2452 2453
f 2454 2455 2456
f 2446 2457 2447
f 2458 2450 2453
f 2449 1702 2459
f 2460 2461 2462
f 2463 2464 2465
f 2466 2467 2468
f 2469 2470 2471
f 2472 2473 2474
f 2461 2475 2462
f 2464 2476 2465
f 2477 2478 2471
f 2477 2471 2470
f 2479 2480 2481
f 2482 2483 2476
f 2484 2485 2486
f 2487 2488 2488
f 2489 2490 2489
f 2491 2492 2493
f 2494 2495 2496
f 2497 1611 1610
f 2497 1610 2498
f 2494 2496 2499
f 2500 2501 2500
f 2502 2503 2503
f 2502 2503 2502
f 2504 2505 2506
f 2507 2508 2509
f 2507 2510 2508
f 2511 2489 2489
f 2512 2513 2514
f 2515 2494 2499
f 2516 2517 2518
f 2519 2500 2500
f 2511 2520 2511
f 2521 2522 2521
f 2523 2502 2502
f 2524 2506 2525
f 2524 2504 2506
f 1611 2497 2526
f 2527 2528 2529
f 2530 2511 2511
f 2531 2532 2533
f 2534 2535 2536
f 2537 2538 2539
f 2537 2539 2540
f 2541 2542 2541
f 2543 2516 2518
f 2544 2545 2544
f 2546 2547 2548
f 2549 2516 2543
f 2546 2548 2550
f 2551 2521 2521
f 2552 2553 2552
f 1611 2526 2554
f 2555 2556 2557
f 2558 2559 2560
f 2561 2529 2562
f 2488 2544 2544
f 2561 2527 2529
f 2563 2537 2540
f 2498 1617 2564
f 2488 2544 2488
f 1610 1617 2498
f 2496 2546 2550
f 2503 2552 2552
f 2565 2566 2567
f 2495 2546 2496
f 2565 2568 2566
f 2503 2552 2503
f 2569 2570 2571
f 2572 2572 2573
f 2505 2558 2560
f 2572 2541 2572
f 2572 2541 2541
f 2574 2549 2543
f 2504 2558 2505
f 2574 2543 2575
f 2574 2575 2576
f 1715 1611 2554
f 2577 2578 2579
f 2580 2539 2538
f 2581 2582 2583
f 2584 2585 2586
f 2587 2548 2547
f 2558 2588 2559
f 2589 2590 2591
f 2589 2591 2592
f 2593 2584 2594
f 2595 2596 2595
f 2597 2589 2592
f 2598 2595 2598
f 2598 2595 2595
f 2584 2593 2585
f 2599 2597 2592
f 2600 2529 2528
f 2600 2601 2529
f 2602 2598 2598
f 2603 2604 2605
f 2591 2590 2606
f 2607 2608 2609
f 2610 2611 2612
f 2613 2614 2615
f 2616 2617 1641
f 2616 1641 1643
f 2618 2619 2620
f 2621 2622 2623
f 2624 2625 2626
f 2627 2628 2629
f 2630 2631 2632
f 2633 2627 2629
f 2634 2635 2636
f 2637 2638 2639
f 2640 2641 2642
f 2643 2644 2645
f 2646 2647 2646
f 2648 2649 1646
f 2650 2651 2652
f 2653 2640 2642
f 2654 2655 2656
f 2657 2657 2658
f 2657 2646 2646
f 2657 2646 2657
f 2659 2644 2643
f 2659 2660 2661
f 2659 2643 2660
f 2662 2663 2664
f 2665 2666 2667
f 2668 1651 2669
f 2668 2669 2670
f 1659 1646 2648
f 2671 2672 2673
f 2659 2674 2675
f 2676 2668 2670
f 1655 1651 2668
f 2674 2659 2661
f 2677 2678 2679
f 2680 2681 2682
f 2683 2684 2685
f 2683 2685 2686
f 2687 2688 2688
f 2689 2690 2689
f 2683 2686 2691
f 2692 2693 2694
f 2695 2696 2697
f 2698 2698 2699
f 2698 2700 2698
f 2692 2694 2701
f 2702 2703 2703
f 2704 1623 1697
f 2704 1697 2705
f 2706 2707 2706
f 2708 2695 2697
f 2708 2709 2695
f 2710 2701 2711
f 2710 2692 2701
f 2712 2713 2712
f 2714 2706 2706
f 2715 2716 2717
f 1623 2704 2718
f 2715 2719 2720
f 2715 2717 2719
f 2721 2722 2722
f 2721 2721 2723
f 2721 2722 2721
f 1651 1624 2724
f 2725 2726 2727
f 1651 2728 2729
f 1651 2724 2728
f 2730 2731 2731
f 2732 2726 2725
f 2733 2734 2735
f 2733 2735 2736
f 2737 2738 2739
f 2740 2741 2740
f 2742 2743 2744
f 2745 2746 2747
f 2742 2748 2743
f 2749 2750 2751
f 2752 2753 2752
f 2754 2755 2754
f 2756 2757 2758
f 2759 2760 2761
f 2684 2742 2744
f 2684 2744 2685
f 2762 2733 2736
f 2703 2754 2703
f 2703 2754 2754
f 2708 2679 2763
f 2708 2677 2679
f 2764 2740 2764
f 2764 2740 2740
f 2726 2736 2727
f 2765 2766 2767
f 2768 2689 2689
f 2726 2762 2736
f 2769 2764 2764
f 2708 2763 2709
f 2731 2770 2731
f 2738 2737 2771
f 2772 2711 2773
f 2772 2710 2711
f 2774 2712 2774
f 2774 2712 2712
f 2716 2772 2773
f 2748 2775 2743
f 2748 2776 2775
f 2716 2773 2717
f 2722 2777 2722
f 2760 2778 2761
f 2779 2774 2774
f 1624 1623 2718
f 2780 2781 2782
f 1624 2718 2783
f 1624 2783 2724
f 2690 2752 2752
f 2688 2784 2688
f 2785 2725 2727
f 2734 2786 2735
f 2787 2786 2734
f 2746 2788 2789
f 2746 2789 2747
f 2750 2790 2788
f 2750 2788 2751
f 2791 2792 2793
f 2791 2793 2794
f 2795 2796 2796
f 2797 2798 2799
f 2800 2801 2800
f 2802 2791 2794
f 2803 2795 2803
f 2804 2800 2800
f 2798 2797 2805
f 2806 2807 2793
f 2808 2809 2810
f 2789 2802 2794
f 2811 2789 2788
f 2811 2802 2789
f 2812 2803 2803
f 2790 2798 2805
f 2790 2811 2788
f 2790 2805 2811
f 2813 2814 2815
f 2792 2806 2793
f 2799 2798 2816
f 2796 2817 2796
f 2818 2819 2820
f 2821 2822 2823
f 2821 2824 2822
f 2825 2826 2827
f 2828 2829 2830
f 2831 2832 2833
f 2834 2835 2835
f 2834 2835 2834
f 2836 2837 2838
f 2836 2839 2837
f 2840 2834 2834
f 2841 2831 2833
f 2842 2843 2842
f 2844 2845 2846
f 2832 2847 2848
f 2832 2848 2849
f 2850 2836 2838
f 2830 2851 2852
f 2853 2851 2830
f 2839 2854 2851
f 2839 2851 2853
f 2855 2841 2833
f 2856 2842 2842
f 2857 2841 2855
f 2858 2836 2850
f 2858 2850 2859
f 2860 2861 2862
f 2829 2853 2830
f 2837 2839 2853
f 2835 2863 2835
f 2833 2832 2849
f 2864 2865 2866
f 2867 2868 2867
f 2869 2870 2871
f 2872 2867 2867
f 2873 2874 2873
f 2875 2864 2876
f 2877 2878 2878
f 2875 2865 2864
f 2877 2878 2877
f 2879 2880 2881
f 2882 2877 2877
f 2883 2875 2876
f 2884 2885 2884
f 2886 2880 2879
f 2886 2879 2887
f 2888 2889 2890
f 2891 2892 2891
f 2893 2894 2889
f 2895 2886 2887
f 2896 2891 2891
f 2896 2891 2896
f 2897 2898 2899
f 2900 2894 2893
f 2900 2893 2901
f 2902 2903 2904
f 2905 2906 2907
f 2908 2903 2902
f 2909 2910 2911
f 2912 2913 2914
f 2915 2916 2917
f 2918 2919 2920
f 2921 2922 2921
f 2923 2923 2924
f 2865 2902 2866
f 2923 2872 2923
f 2865 2908 2902
f 2925 2873 2873
f 2926 2883 2876
f 2927 2921 2921
f 2928 2846 2845
f 2929 2930 2931
f 2878 2932 2878
f 2926 2876 2933
f 2880 2934 2935
f 2936 2884 2884
f 2937 2882 2937
f 2890 2894 2938
f 2937 2937 2939
f 2940 2852 2851
f 2940 2895 2887
f 2880 2935 2881
f 2940 2941 2852
f 2940 2887 2941
f 2942 2896 2896
f 2943 2944 2943
f 2943 2943 2945
f 2854 2900 2901
f 2854 2946 2851
f 2854 2901 2946
f 2894 2890 2889
f 2947 2905 2907
f 2948 2949 2950
f 2951 2952 2953
f 2903 2954 2904
f 2955 2956 2957
f 2958 2959 2960
f 2961 2962 2963
f 2964 2965 2966
f 2967 2965 2964
f 2968 2969 2970
f 2971 2972 2973
f 2974 2972 2971
f 1707 2975 1690
f 2969 2976 2970
f 2977 2978 2979
f 2980 1706 2981
f 2982 2973 2972
f 2983 2984 2985
f 1706 1703 2981
f 2986 2987 2988
f 2989 2990 2991
f 2992 2993 2994
f 2995 2996 2997
f 2998 2999 3000
f 3001 3002 3003
f 3001 3003 3004
f 3005 3002 3001
f 1649 3006 1691
f 3007 3008 3009
f 3010 3011 3012
f 3013 3014 3015
f 3016 3017 3018
f 3019 3020 3021
f 3019 3021 3022
f 3023 3024 3025
f 3026 3027 3028
f 3029 3030 3031
f 3032 3033 3034
f 3035 3036 3037
f 3038 3039 3040
f 3041 3042 3043
f 3044 3045 3046
f 3044 3034 3033
f 3044 3046 3034
f 3047 3048 3049
f 3050 3051 3052
f 3053 3054 3055
f 3056 3057 3058
f 3059 3060 3061
f 3062 3060 3059
f 3063 3064 3065
f 3066 3067 3066
f 3068 3069 3070
f 3071 3066 3066
f 3072 3062 3059
f 3073 3074 3073
f 3075 3076 3077
f 3078 3072 3059
f 3079 3072 3078
f 3080 3073 3073
f 3081 3065 3064
f 3082 3083 3084
f 3060 3085 3061
f 3086 3087 3088
f 3089 3090 3091
f 3092 936 935
f 3093 3094 3095
f 3096 3097 3098
f 3099 3100 3101
f 3102 3099 3101
f 3103 3104 3105
f 3106 3107 3108
f 3096 3109 3097
f 3110 3111 3112
f 3104 3113 3105
f 3107 3114 3108
f 3115 3116 3117
f 3118 3119 3120
f 3121 3122 3123
f 3124 3125 3126
f 3127 3128 3129
f 3130 3131 3132
f 3133 3126 3125
f 3134 3135 3136
f 3137 3138 3139
f 3137 3139 3140
f 585 3141 3136
f 585 3136 553
f 3142 3137 3140
f 3134 3136 3141
f 3143 3144 734
f 3145 3138 3137
f 38 3134 3141
f 38 3141 585
f 3146 3143 734
f 3142 3140 3134
f 3147 3144 3143
f 3145 3137 3142
f 3148 3147 3143
f 3149 3150 3151
f 164 3142 3134
f 3152 3153 3145
f 3152 3145 3142
f 3154 3147 3148
f 3155 3154 3148
f 3156 3157 3145
f 164 3134 38
f 3148 3143 3146
f 3156 3145 3153
f 3146 734 753
f 236 3152 3142
f 236 3142 164
f 3158 3148 3146
f 3156 3153 3152
f 3159 3154 3155
f 3160 3157 3156
f 3161 3162 3163
f 3164 3165 3166
f 3167 3168 3159
f 3155 3148 3158
f 3169 3159 3155
f 391 3170 3160
f 3156 3152 236
f 3156 236 308
f 3156 308 365
f 105 3146 753
f 3171 3170 391
f 365 3160 3156
f 3167 3159 3169
f 3172 3173 3174
f 3175 3168 3167
f 391 3160 365
f 151 3155 3158
f 3176 3177 3178
f 3176 3178 3175
f 3179 3180 3181
f 3182 3171 391
f 3181 3171 3182
f 3169 3155 151
f 3182 391 428
f 3183 3179 3181
f 428 3181 3182
f 3184 3175 3167
f 3185 3186 3180
f 3185 3180 3179
f 3158 3146 105
f 509 3183 3181
f 509 3181 428
f 550 3186 3185
f 3185 3179 3183
f 3185 3183 509
f 3187 3158 105
f 3188 3189 3186
f 3190 3191 3192
f 3176 3175 3184
f 550 3185 509
f 3188 3186 550
f 3193 3176 3184
f 180 3169 151
f 103 3188 550
f 393 3194 3177
f 151 3158 3187
f 218 3167 3169
f 3195 3189 3188
f 3177 3176 3193
f 122 3187 105
f 102 3195 3188
f 102 3188 103
f 218 3169 180
f 187 3196 3195
f 187 3195 102
f 3197 3194 393
f 3184 3167 218
f 300 3198 3196
f 3199 3200 3201
f 300 3196 187
f 151 3187 122
f 312 3202 3198
f 312 3198 300
f 3203 3204 3197
f 3205 3202 312
f 406 3205 312
f 443 3206 3205
f 443 3205 406
f 3206 443 464
f 3203 3197 393
f 506 3207 3206
f 506 3206 464
f 3208 3209 3204
f 580 3207 506
f 580 3210 3207
f 580 43 3210
f 43 3211 3210
f 43 3212 3211
f 172 3212 43
f 172 177 596
f 172 596 3212
f 3208 3213 3209
f 3208 3204 3203
f 315 3193 3184
f 3214 3184 218
f 3177 3193 315
f 3215 3208 3203
f 315 3184 3214
f 3214 218 315
f 3213 3208 3215
f 3216 3213 3217
f 3215 3203 3218
f 3219 3177 315
f 3220 3213 3215
f 3219 315 393
f 393 3177 3219
f 3221 3203 393
f 3222 3217 3213
f 3223 3215 3218
f 3218 3203 3221
f 3222 3213 3220
f 3224 3225 3226
f 3227 3216 3217
f 3135 3227 3217
f 3228 3222 3220
f 447 3218 3221
f 3221 393 447
f 3135 3217 3222
f 3220 3215 3223
f 3229 3220 3223
f 3223 3218 447
f 3228 3220 3229
f 3136 3135 3222
f 3139 3230 3227
f 490 3223 447
f 3139 3227 3135
f 3231 3229 3223
f 3140 3139 3135
f 3136 3222 3228
f 553 3229 3231
f 553 3228 3229
f 3231 3223 490
f 3231 490 553
f 3134 3140 3135
f 3136 3228 553
f 3232 3233 3234
f 3232 3235 3233
f 3236 3237 3238
f 3239 3240 3241
f 3239 3241 3242
f 3243 3236 3238
f 3244 3239 3242
f 3245 3246 3247
f 3248 3243 3238
f 3239 3249 3240
f 3250 3251 3252
f 3248 3238 3253
f 3254 3249 3239
f 3255 3239 3244
f 3256 3257 3258
f 3259 3255 3244
f 3260 3261 3262
f 3256 3263 3257
f 3264 2374 2323
f 3253 3265 3248
f 3259 3266 3255
f 3264 3267 2374
f 3260 3268 3261
f 3269 3263 3256
f 3269 3270 3263
f 3271 3272 2323
f 198 3265 3253
f 3273 3268 3260
f 3271 2323 2326
f 3274 3273 3260
f 3274 3275 3273
f 198 266 3265
f 456 3271 2326
f 3276 3277 3266
f 3278 3270 3269
f 3276 3266 3259
f 3279 3272 3280
f 3281 3272 3271
f 266 3276 3265
f 423 456 455
f 3282 3275 3274
f 3280 3272 3281
f 3283 3267 3264
f 423 3284 3271
f 3276 3285 3277
f 423 3271 456
f 3286 3275 3282
f 3287 3288 3270
f 3287 3270 3278
f 397 3284 423
f 3289 3288 3287
f 3290 3291 3292
f 3293 3285 3276
f 3294 3295 3296
f 3297 266 3298
f 3297 3276 266
f 380 3284 397
f 3282 3299 3286
f 3300 3301 3284
f 3300 3284 380
f 3290 3302 3291
f 3297 3293 3276
f 3280 3303 3279
f 3304 938 3305
f 3304 939 938
f 3306 3303 3280
f 2329 3299 3282
f 3307 3308 3309
f 3310 3288 3289
f 3294 3311 3295
f 3312 3313 3314
f 3293 2332 3285
f 2329 2328 3299
f 3315 3316 3317
f 3318 3293 3297
f 3319 2332 3293
f 3301 3300 3237
f 3242 3308 3307
f 3320 3301 3237
f 3321 3313 3312
f 265 3319 3322
f 2330 2332 3319
f 2330 265 279
f 3321 3323 3313
f 2330 3319 265
f 3324 943 3325
f 3324 942 943
f 3237 3236 3320
f 3242 3241 3308
f 3326 3327 3328
f 3326 3328 3329
f 3330 3331 3332
f 3333 3334 3335
f 3336 3337 3330
f 3338 3339 3340
f 3341 3342 3343
f 3344 3345 3346
f 3347 3348 3349
f 226 3350 3351
f 3352 3341 3343
f 3353 3354 3355
f 1017 3356 1015
f 3357 3358 3359
f 3357 3360 3358
f 3361 3362 3363
f 3364 3365 3366
f 3361 3351 3350
f 3364 3366 3357
f 2141 226 3351
f 3367 3343 3368
f 3367 3352 3343
f 3369 3370 3371
f 3372 3357 3359
f 3367 3373 3352
f 3374 3375 3376
f 3377 3357 3372
f 3377 3364 3357
f 3378 3351 3361
f 3379 3380 3381
f 3382 3369 3371
f 192 3383 3374
f 192 166 3383
f 3361 3363 3384
f 2141 3351 3378
f 3385 3386 3387
f 3379 3381 3388
f 3389 3386 3385
f 3390 3374 3376
f 3391 3384 3392
f 3393 3379 3388
f 3391 3361 3384
f 3385 3387 3394
f 216 192 3374
f 3395 3380 3379
f 3378 2129 2141
f 216 3374 3390
f 3396 3380 3395
f 3397 3361 3391
f 3398 3399 3400
f 3401 3379 3393
f 3397 3378 3361
f 3390 3376 3399
f 3390 220 216
f 3402 3403 3404
f 3402 3405 3403
f 2115 3378 3397
f 2115 2129 3378
f 1003 1004 1002
f 3406 3407 3408
f 3389 3385 3409
f 3406 3410 3407
f 3411 3412 3413
f 2081 2115 3397
f 3390 3399 3398
f 3391 3414 3415
f 3391 3392 3414
f 2114 3416 3397
f 3417 3397 3391
f 3417 3391 3418
f 3417 2114 3397
f 3417 2085 2114
f 204 220 3390
f 3419 3390 3398
f 3420 204 3390
f 3421 3422 3423
f 3424 3410 3406
f 3425 3420 3426
f 3427 3421 3423
f 205 204 3420
f 3428 3429 3430
f 3431 3432 3433
f 3337 3428 3430
f 3434 3431 3433
f 3331 3337 3430
f 3435 3436 3346
f 205 3420 3425
f 3345 3435 3346
f 3330 3337 3331
f 3347 3437 3348
f 155 3383 166
f 3438 3383 155
f 3439 3440 3441
f 3442 3366 3365
f 3443 3438 155
f 3444 3445 3446
f 3447 3448 3449
f 3450 3451 3452
f 3453 3438 3443
f 3454 3447 3449
f 3455 3439 3441
f 3455 3441 3456
f 3453 3443 3457
f 3450 3458 3451
f 3459 3460 3461
f 3462 3453 3457
f 3463 3464 3465
f 3462 3457 3466
f 3467 3468 3469
f 3470 3471 3472
f 3473 3447 3454
f 3474 3475 3476
f 3473 3454 3477
f 3478 3479 3480
f 3481 3473 3477
f 3482 3475 3474
f 3483 3484 3485
f 3486 3487 3488
f 3489 116 3490
f 3491 3492 3493
f 3494 3492 3491
f 3495 3496 3497
f 3498 3466 3489
f 3497 3499 3500
f 2076 3492 3494
f 3495 3497 3500
f 3501 3484 3483
f 3498 3462 3466
f 3493 3502 3503
f 3483 3504 3501
f 3491 3493 3505
f 3506 3507 3508
f 3505 3493 3503
f 3489 3466 116
f 3494 116 2076
f 3494 3491 3505
f 3507 3506 3509
f 3494 3510 116
f 3493 3492 3502
f 3494 3505 3511
f 116 3510 3490
f 3512 3513 3514
f 3515 3512 3516
f 3512 3514 3516
f 3517 3515 3518
f 3515 3516 3518
f 3519 3520 3270
f 3519 3270 3288
f 3521 3288 3310
f 3522 3523 2334
f 3523 2335 2334
f 3524 3525 2338
f 3524 2338 2337
f 3526 3527 2346
f 3527 3528 2346
f 3526 2346 2350
f 3529 3530 3531
f 3530 3532 3531
f 3533 3534 3302
f 2371 2373 3535
f 3291 3302 3536
f 2373 2374 3537
f 3538 3539 3537
f 3539 3535 3537
f 3302 3534 3536
f 2374 3267 3540
f 3535 2373 3537
f 3535 3541 3542
f 2358 2366 3543
f 2371 3535 3542
f 3544 2076 2075
f 3544 3492 2076
f 3545 3492 3544
f 3546 3502 3492
f 3544 2075 2086
f 3508 3507 3547
f 3545 3544 3548
f 3546 3492 3549
f 3550 3508 3547
f 3551 3546 3549
f 2085 3552 3548
f 3550 3547 3553
f 3554 3555 3556
f 3552 3545 3548
f 3417 3552 2085
f 3557 3555 3554
f 3558 3559 3560
f 3561 3550 3553
f 3562 3563 3564
f 3565 3566 3567
f 3568 3569 3570
f 3571 3413 3412
f 3572 3573 3574
f 3575 3402 3404
f 3576 3577 3578
f 3558 3579 3559
f 3568 3570 3580
f 3581 3582 3583
f 3584 3585 3586
f 3585 3584 3587
f 3588 3589 3590
f 3591 990 992
f 3592 3593 3594
f 3591 992 3595
f 3596 3597 3598
f 3599 3597 3596
f 3600 3601 3602
f 3603 3604 3605
f 3586 3606 3584
f 3607 3601 3600
f 3608 962 961
f 3609 2388 2390
f 3610 3611 3612
f 3611 3613 3614
f 3615 3616 3617
f 3618 3609 2390
f 1875 3606 3586
f 2389 3619 2393
f 3613 3611 3610
f 3615 3620 3616
f 1875 1925 3606
f 3621 3619 2389
f 3618 3622 3609
f 3623 962 3608
f 1954 3613 3610
f 2391 3621 2392
f 3624 3620 3615
f 3625 3626 3627
f 2167 3621 2391
f 3623 3628 962
f 2106 3621 2167
f 3629 2396 3620
f 3630 3622 3618
f 3631 955 3632
f 3633 3613 1954
f 956 955 3631
f 3634 3619 3621
f 3634 3635 3619
f 3636 3613 3633
f 3637 3634 3621
f 3637 3621 2106
f 3629 3620 3624
f 3631 3638 956
f 3630 3639 3622
f 2394 2396 3629
f 2072 3637 2106
f 2072 3640 3637
f 3641 3636 3633
f 3642 3643 3636
f 3642 2403 3643
f 3644 3638 3631
f 3642 3636 3641
f 1938 3633 1954
f 1938 3641 3633
f 3645 3646 3647
f 3645 3647 3648
f 3641 1699 2401
f 3641 2401 3642
f 2401 2403 3642
f 1699 3641 1938
f 3649 3635 3634
f 3650 3651 3652
f 3653 3650 3652
f 3654 3649 3634
f 2072 3655 3640
f 3645 3656 3646
f 3657 3658 3659
f 3660 3656 3645
f 3661 3649 3654
f 3661 3654 3662
f 3663 2072 2017
f 3661 3664 3649
f 3665 3657 3659
f 3666 3656 3660
f 3667 3663 2017
f 3668 3664 3661
f 3669 3668 3661
f 3587 3667 3585
f 3587 3663 3667
f 3587 3584 3663
f 3582 3670 3583
f 3671 3672 2400
f 3672 3673 2400
f 3673 2395 2400
f 2405 2416 3674
f 3675 3676 3677
f 3676 2406 3677
f 2406 2405 3677
f 3678 3679 2419
f 3679 3680 2419
f 3680 2420 2419
f 3681 3682 3683
f 3684 3685 3686
f 3682 3687 3683
f 2443 3688 2444
f 3689 3688 2443
f 2396 2395 3673
f 3616 3620 3673
f 3617 3616 3673
f 3690 3691 3673
f 3691 3617 3673
f 3620 2396 3673
f 3692 2454 2456
f 2452 2451 3693
f 3694 3695 3696
f 3697 3698 3699
f 3700 3701 3702
f 3702 3701 3703
f 3704 3705 3706
f 3704 3706 3707
f 3708 2463 2465
f 2465 2476 3709
f 3709 2476 2483
f 2566 2568 3710
f 3711 3712 3713
f 3714 3715 3716
f 3717 3718 3719
f 3718 3720 3719
f 3717 3719 3721
f 3722 3723 3724
f 3725 3726 3727
f 3728 3729 3730
f 3731 3732 3733
f 3734 3735 3736
f 2785 2727 3737
f 3737 2727 2736
f 3738 3739 3740
f 3741 3738 3740
f 3742 3738 3741
f 3743 2826 3744
f 3745 3743 3744
f 3739 3743 3745
f 3740 3739 3745
f 3744 2826 2825
f 3746 3744 2825
f 3747 3748 3749
f 3750 2955 2957
f 3751 2966 2965
f 3752 2968 2970
f 3753 3754 3755
f 2967 3756 2965
f 3757 3758 3759
f 3760 3761 3762
f 3763 3764 3765
f 3766 3767 3768
f 3769 3770 3771
f 2990 2989 3772
f 3759 3758 3773
f 3774 3775 3776
f 3777 3778 3779
f 3780 3777 3779
f 3781 3782 3783
f 3784 3785 3786
f 3787 3788 3789
f 3024 3023 3790
f 3791 3792 3793
f 3794 3795 3796
f 3790 3023 3797
f 3798 3799 3800
f 3801 3798 3800
f 3802 3032 3034
f 3803 3032 3802
f 3804 3803 3802
f 3805 3803 3804
f 3806 3807 3808
f 3809 3810 3811
f 3812 3086 3088
f 3813 3086 3812
f 3814 3095 3815
f 3816 3817 3818
f 3094 3815 3095
f 3819 3820 3821
f 3820 3819 3822
f 3124 3126 3823
f 3824 3825 3826
f 3827 3114 3828
f 3108 3114 3827
f 3829 3830 3831
f 3832 3829 3831
f 3833 3829 3832
f 3834 3829 3833
f 3835 3834 3833
f 3836 3834 3835
f 3837 3838 3837
f 3839 3840 3841
f 3837 3837 3842
f 3843 3844 3845
f 3841 3846 3847
f 3839 3841 3847
f 3842 3837 3842
f 3848 3843 3849
f 3843 3845 3849
f 3850 3842 3850
f 3842 3842 3850
f 3851 3847 3846
f 3852 3853 3854
f 3855 3852 3854
f 3856 3857 3856
f 3858 3859 3860
f 3861 3858 3860
f 3855 3854 3862
f 3860 3863 3864
f 3865 3856 3865
f 3861 3860 3864
f 3856 3856 3865
f 3848 3849 3866
f 3867 3868 3869
f 3855 3862 3870
f 3865 3865 3871
f 3872 3873 3872
f 3874 3864 3863
f 3875 3876 3877
f 3878 3850 3878
f 3850 3850 3878
f 3851 3846 3879
f 3848 3866 3880
f 3881 3848 3880
f 3882 3883 3882
f 3878 3878 3884
f 3885 3877 3876
f 3867 3869 3886
f 3872 3872 3887
f 3874 3863 3888
f 3889 3871 3889
f 3867 3886 3890
f 3891 3867 3890
f 3889 3889 3892
f 3892 3889 3892
f 3893 3894 3895
f 3896 3889 3896
f 3897 3898 3899
f 3900 3901 3902
f 3903 3891 3904
f 3891 3890 3904
f 3881 3880 3905
f 3892 3892 3906
f 3907 3908 3907
f 3876 3909 3910
f 3885 3876 3910
f 3893 3895 3911
f 3912 3893 3911
f 3896 3896 3913
f 3914 3884 3914
f 3882 3882 3915
f 3916 3881 3917
f 3918 3919 3918
f 3920 3921 3922
f 3881 3905 3917
f 3914 3914 3923
f 3924 3915 3924
f 3925 3910 3909
f 3903 3904 3926
f 3927 3928 3929
f 3907 3907 3930
f 3912 3911 3931
f 3918 3918 3930
f 3920 3922 3932
f 3933 3906 3933
f 3933 3933 3934
f 3935 3903 3936
f 3903 3926 3936
f 3916 3917 3937
f 3924 3924 3938
f 3934 3933 3934
f 3939 3940 3941
f 3925 3909 3942
f 3938 3924 3938
f 3916 3937 3943
f 3943 3937 3944
f 3938 3938 3945
f 3945 3938 3945
f 3943 3944 3946
f 3945 3945 3947
f 3948 3949 3948
f 3950 3951 3952
f 3935 3936 3953
f 3934 3934 3954
f 3939 3941 3955
f 3956 3957 3956
f 3958 3959 3960
f 3942 3909 3961
f 3956 3956 3962
f 3963 3950 3952
f 3964 3965 3966
f 3935 3953 3967
f 3968 3954 3968
f 3969 3970 3959
f 3943 3946 3971
f 3948 3948 3972
f 3973 3943 3971
f 3952 3974 3975
f 3963 3952 3975
f 3976 3947 3976
f 3964 3966 3977
f 3959 3978 3979
f 3968 3968 3980
f 3969 3959 3979
f 3981 3973 3982
f 3973 3971 3982
f 3983 3984 3985
f 3986 3962 3986
f 3987 3964 3988
f 3976 3976 3989
f 3990 3975 3974
f 3964 3977 3988
f 3991 3986 3991
f 3986 3986 3991
f 3992 3993 3994
f 3995 3996 3997
f 3974 3998 3999
f 3990 3974 3999
f 3983 3985 4000
f 3993 4001 3994
f 4002 4003 4004
f 3995 3997 4005
f 4002 4004 4006
f 4007 4008 4009
f 4010 4011 4010
f 4012 3999 3998
f 4007 4009 4013
f 4010 4010 4014
f 4012 3998 4015
f 3987 3988 4016
f 3992 3994 4017
f 4018 4019 4018
f 4020 4007 4021
f 4022 4023 4024
f 4025 4020 4021
f 4007 4013 4021
f 4018 4018 4026
f 4027 4028 4028
f 4029 4030 4031
f 3994 4001 4017
f 4032 4033 4032
f 4028 4014 4028
f 3991 3991 4034
f 4035 3987 4036
f 4029 4031 3998
f 3987 4016 4036
f 4031 4015 3998
f 4037 4034 4037
f 4032 4032 4038
f 4039 4024 4023
f 4035 4036 3838
f 4023 3841 3840
f 4037 4037 4040
f 4039 4023 3840
f 4040 4037 4040
f 4035 3838 3844
f 3843 4035 3844
f 4040 4040 4041
f 4042 4043 4044
f 4045 4046 4047
f 4048 4049 4050
f 4051 4052 4053
f 4054 4045 4047
f 4055 4056 4055
f 4057 4058 4059
f 4060 4061 4062
f 4058 4063 4059
f 4064 4065 4064
f 4066 4067 4068
f 4069 4069 4070
f 4042 4044 4071
f 4055 4055 4072
f 4073 4050 4073
f 4074 4051 4075
f 4051 4053 4075
f 4076 4047 4046
f 4064 4064 4077
f 4078 4070 4079
f 629 4080 4081
f 4082 4059 4063
f 4083 4072 4083
f 4084 4085 4086
f 4087 4088 4089
f 4073 4073 4090
f 4076 4046 4091
f 4092 4072 4092
f 4093 4094 4095
f 4046 4096 4091
f 4063 4097 4098
f 4078 4079 4099
f 4082 4063 4098
f 4100 4101 4100
f 629 4081 4102
f 4084 4086 4103
f 4093 4095 4104
f 626 629 4102
f 4083 4083 4105
f 4106 4107 4108
f 4100 4100 4109
f 4110 4111 4110
f 4105 4083 4105
f 626 4102 4112
f 4105 4105 4113
f 4113 4105 4113
f 4114 4115 4116
f 4087 4089 4117
f 4118 4087 4117
f 4119 4118 4117
f 4092 4092 4120
f 4121 4090 4121
f 4119 4117 4122
f 4121 4121 4123
f 4110 4110 4124
f 4123 4121 4123
f 4106 4108 4125
f 4116 4126 4127
f 4124 4110 4124
f 4128 4091 4096
f 4114 4116 4127
f 4129 4128 4096
f 626 4112 4130
f 4113 4113 4131
f 622 626 4130
f 4106 4125 4132
f 4131 4113 4131
f 4133 4106 4132
f 4123 4123 4134
f 4135 4119 4136
f 4119 4122 4136
f 4096 4137 4138
f 4129 4096 4138
f 4139 4140 4139
f 622 4130 4141
f 4131 4131 4142
f 4124 4124 4143
f 4132 4125 4144
f 4145 4146 4147
f 4135 4136 4148
f 4149 4132 4144
f 4150 4127 4126
f 4139 4139 4151
f 4152 4153 4154
f 4149 4144 4155
f 4156 4138 4137
f 4157 4158 4159
f 4160 4161 4162
f 4145 4147 4163
f 4137 4164 4165
f 4152 4154 4166
f 4157 4159 4167
f 4156 4137 4165
f 4168 4145 4169
f 4160 4162 4170
f 4145 4163 4169
f 4171 4172 4171
f 4173 4174 4175
f 4176 4177 4178
f 4149 4155 4179
f 4180 4165 4164
f 4181 4182 4183
f 4184 4185 4186
f 4187 4188 4189
f 4190 4126 4191
f 4192 4193 4192
f 4194 4195 4196
f 4180 4164 4197
f 4198 4199 4198
f 4164 4200 4197
f 4176 4178 4201
f 4157 4167 4202
f 4187 4189 4203
f 4204 4205 4206
f 4207 4187 4203
f 4208 4209 4208
f 4192 4192 4210
f 4171 4171 4211
f 4211 4171 4211
f 4212 4194 4213
f 4194 4196 4213
f 4204 4206 4214
f 4215 4198 4215
f 4198 4198 4215
f 4216 4211 4216
f 4216 4211 4211
f 4217 4197 4200
f 4184 4186 4218
f 4219 4184 4218
f 4220 4219 4218
f 4221 4222 4223
f 4224 4225 4224
f 4220 4218 4226
f 4224 4224 4227
f 4207 4203 4228
f 4208 4208 4229
f 4230 4231 4230
f 4190 4191 4232
f 4233 4190 4232
f 4229 4208 4229
f 4212 4213 4234
f 4235 4233 4232
f 4236 4212 4234
f 4200 4237 4238
f 4215 4215 4239
f 4217 4200 4238
f 4240 4241 4240
f 4207 4228 4242
f 4204 4214 4243
f 4229 4229 4244
f 4236 4234 4245
f 3138 3145 4246
f 4240 4240 4244
f 4247 4248 4249
f 4250 4239 4250
f 4216 4216 4251
f 4252 4238 4237
f 4251 4216 4251
f 4220 4226 4253
f 4254 4220 4253
f 4232 4255 4256
f 4230 4230 4257
f 4235 4232 4256
f 595 4258 4259
f 4257 4230 4257
f 3138 4246 4260
f 4261 4244 4261
f 4251 4251 4262
f 4254 4253 4263
f 4264 4265 4266
f 4267 4268 4269
f 4257 4257 4270
f 4270 4257 4270
f 4271 4272 4273
f 4250 4250 4274
f 4275 4256 4255
f 4252 4237 4276
f 4274 4250 4274
f 595 4259 596
f 4261 4261 4277
f 596 4259 4278
f 4267 4269 4279
f 4277 4261 4277
f 4274 4274 4280
f 4264 4266 4281
f 4279 4269 4282
f 4255 4283 4284
f 4270 4270 4285
f 4275 4255 4284
f 4286 4287 4286
f 4288 4289 4290
f 4285 4270 4285
f 596 4278 4291
f 4292 4293 4294
f 4277 4277 4295
f 4279 4282 4296
f 4297 4264 4298
f 4286 4286 4299
f 4264 4281 4298
f 4285 4285 4300
f 4301 4302 4301
f 4303 4286 4304
f 4305 4290 4289
f 4306 4284 4283
f 4307 4308 4309
f 4310 4311 4312
f 4303 4304 4313
f 4301 4301 4314
f 4297 4298 4315
f 4289 4316 4317
f 4283 4318 4319
f 4320 4321 4322
f 4305 4289 4317
f 4306 4283 4319
f 4307 4309 4323
f 4324 4307 4323
f 4297 4315 4325
f 4320 4322 4326
f 4310 4312 4327
f 4328 4297 4325
f 4329 4330 4329
f 4331 4332 4331
f 4020 4025 4333
f 4334 4020 4333
f 4335 4336 4337
f 4336 4338 4337
f 4327 4312 4339
f 4340 4313 4341
f 4030 4029 4342
f 4343 4317 4316
f 4329 4329 4344
f 4324 4323 4345
f 4328 4325 4346
f 4338 4347 4348
f 4331 4331 4349
f 4335 4337 4348
f 4337 4338 4348
f 4350 4351 4350
f 4352 4326 4352
f 4327 4339 4353
f 4354 4355 4356
f 4328 4346 4357
f 4358 4359 4360
f 4352 4352 4361
f 4362 4327 4353
f 4363 4328 4357
f 4316 4364 4365
f 4366 4349 4366
f 4340 4341 4367
f 4343 4316 4365
f 4368 4369 4370
f 4371 4372 4371
f 4373 4374 4375
f 4376 4348 4347
f 4377 4378 4377
f 4324 4345 4379
f 4350 4350 4380
f 4362 4353 4381
f 4382 4356 4355
f 4383 4384 4385
f 4371 4371 4386
f 4386 4371 4386
f 4387 4365 4364
f 4388 4389 4390
f 4377 4377 4391
f 4363 4357 4392
f 4393 4394 4393
f 3852 4363 4392
f 4355 4395 4396
f 3853 3852 4392
f 4382 4355 4396
f 4397 4398 4399
f 4366 4366 4400
f 4388 4390 4401
f 4376 4347 4402
f 4403 4361 4403
f 4383 4385 4404
f 4393 4393 4405
f 4406 4403 4403
f 4364 4407 4408
f 3859 3858 4409
f 4386 4386 4410
f 4411 4388 4401
f 4387 4364 4408
f 4412 4380 4412
f 4413 4391 4414
f 4415 4396 4395
f 4383 4404 4416
f 4417 4383 4416
f 4412 4412 4418
f 4418 4412 4418
f 4419 4408 4407
f 4420 4421 4422
f 4413 4414 4423
f 4395 4424 4425
f 4426 4427 4426
f 4415 4395 4425
f 4428 4420 4429
f 4420 4422 4429
f 4417 4416 4430
f 4407 4431 4432
f 4418 4418 4433
f 4434 4423 4434
f 4419 4407 4432
f 4426 4426 4435
f 4436 4437 4436
f 4438 4417 4439
f 4440 4425 4424
f 4417 4430 4439
f 4436 4436 4441
f 4441 4436 4441
f 4442 4432 4431
f 4428 4429 4443
f 4434 4434 4444
f 4444 4434 4444
f 4424 4445 4446
f 4440 4424 4446
f 4447 4448 4449
f 4450 4441 4450
f 4428 4443 4451
f 4452 4428 4451
f 4444 4444 4453
f 4454 4455 4454
f 4441 4441 4456
f 4457 4458 4459
f 4460 4461 4462
f 4463 4446 4445
f 4431 4464 4465
f 4442 4431 4465
f 4450 4450 4466
f 3205 4447 4467
f 4447 4449 4467
f 4457 4459 4468
f 4469 4470 4469
f 4468 4459 4471
f 4460 4462 4472
f 4454 4454 4473
f 4472 4462 4474
f 4475 4476 4477
f 4463 4445 4478
f 4479 4465 4464
f 4480 4481 4482
f 4475 4477 4483
f 4484 4475 4483
f 4469 4469 4485
f 3205 4467 4486
f 4487 4466 4487
f 4468 4471 4488
f 4472 4474 4489
f 4490 4468 4488
f 4464 4491 4492
f 4479 4464 4492
f 4493 4494 4493
f 3205 4486 4495
f 4496 4497 4498
f 3202 3205 4495
f 4499 4500 4501
f 4487 4487 4502
f 4503 4504 4505
f 4506 4485 4506
f 4496 4498 4507
f 4499 4501 4508
f 4490 4488 4509
f 4510 4496 4507
f 4511 4490 4509
f 4512 4513 4512
f 4493 4493 4514
f 4515 4489 4515
f 4516 4517 4518
f 4519 4492 4491
f 3202 4495 4520
f 4521 4522 4523
f 4512 4512 4524
f 4506 4506 4525
f 4516 4518 4526
f 4527 4502 4527
f 4528 4529 4530
f 4531 4532 4531
f 4521 4523 4533
f 4531 4531 4534
f 4511 4509 4535
f 4536 4537 4538
f 4539 4511 4535
f 4540 4541 4542
f 4543 4514 4544
f 4515 4515 4545
f 4546 4547 4491
f 4547 4519 4491
f 4548 4549 4550
f 4551 4552 4553
f 4540 4542 4554
f 3202 4520 4555
f 3198 3202 4555
f 4556 4557 4558
f 4548 4550 4559
f 4527 4527 4560
f 4561 4562 4563
f 4564 4525 4564
f 3198 4555 4565
f 4566 4567 4568
f 4569 4560 4569
f 4563 4562 4570
f 4564 4564 4571
f 4572 4573 4574
f 4539 4535 4575
f 4543 4544 4576
f 4577 4539 4575
f 4578 4577 4575
f 4546 4579 4580
f 4547 4546 4580
f 4581 4582 4583
f 4584 4585 4584
f 4578 4575 4586
f 4584 4584 4587
f 4587 4584 4587
f 4588 4589 4590
f 4591 4580 4579
f 4592 4593 4594
f 4581 4583 4595
f 4596 4597 4596
f 3196 3198 4598
f 3198 4565 4598
f 4599 4600 4601
f 4588 4590 4602
f 4603 4571 4603
f 4596 4596 4604
f 4569 4569 4605
f 4606 4607 4606
f 4608 4609 4610
f 3196 4598 4611
f 4603 4603 4612
f 4612 4603 4612
f 4613 4578 4614
f 4615 4616 4617
f 4618 4613 4614
f 4578 4586 4614
f 4587 4587 4619
f 4606 4606 4620
f 4608 4610 4621
f 4622 4623 4622
f 4624 4625 4626
f 4627 4604 4627
f 4615 4617 4628
f 4618 4614 4629
f 4627 4627 4630
f 4631 4632 4633
f 4634 4635 4636
f 4622 4622 4637
f 4638 4620 4638
f 4639 4619 4639
f 4591 4579 4631
f 4640 4591 4631
f 4641 4642 4643
f 4633 4640 4631
f 3196 4611 4644
f 4612 4612 4645
f 3195 3196 4644
f 4646 4647 4648
f 4649 4650 4649
f 4638 4638 4651
f 4641 4643 4652
f 4653 4630 4653
f 4654 4655 4656
f 4618 4629 4657
f 4646 4648 4658
f 4653 4653 4659
f 4660 4618 4657
f 4661 4662 4663
f 4664 4639 4664
f 4665 4666 4667
f 4639 4639 4664
f 4649 4649 4668
f 3195 4644 4669
f 4660 4657 4670
f 4671 4645 4671
f 4672 4633 4632
f 4664 4664 4673
f 4670 4657 4674
f 4632 4675 4676
f 4677 4678 4677
f 4679 4680 4681
f 4672 4632 4676
f 4682 4683 4684
f 4665 4667 4685
f 3195 4669 4686
f 4687 4659 4687
f 3189 3195 4686
f 4679 4681 4688
f 4671 4671 4689
f 4690 4668 4690
f 4691 4692 4693
f 4687 4687 4694
f 4694 4687 4694
f 4695 4696 4697
f 4670 4674 4698
f 4699 4670 4698
f 4700 4673 4701
f 4677 4677 4702
f 3189 4686 4703
f 4690 4690 4704
f 4705 4689 4705
f 4676 4675 4706
f 4707 4708 4709
f 4691 4693 4710
f 4697 4045 4711
f 4694 4694 4712
f 4695 4697 4711
f 4699 4698 4713
f 4714 4715 4714
f 4716 4699 4713
f 4717 4691 4718
f 4675 4058 4706
f 4700 4701 4719
f 4713 4698 4720
f 4691 4710 4718
f 3189 4703 4052
f 4705 4705 4065
f 4714 4714 4721
f 4051 3189 4052
f 4048 4712 4049
f 4716 4713 4722
f 4054 4711 4045
f 4713 4720 4723
f 4069 4724 4069
f 4066 4725 4067
f 4057 4706 4058
f 3578 3577 4726
f 4726 3577 4727
f 4728 4729 4730
f 4730 4729 4731
f 4732 4733 4734
f 4732 4734 4735
f 4736 4737 4738
f 4737 4739 4738
f 4740 4741 4742
f 4741 4743 4742
f 4740 4742 4744
f 3369 4745 3370
f 3375 4746 3376
f 4747 4748 4749
f 4750 4751 4752
f 4749 4748 4753
f 4750 4752 4754
f 4755 4756 4757
f 4758 4759 4760
f 4761 4762 4763
f 4764 4765 4766
f 4767 4768 4769
f 4770 4767 4769
f 4771 4772 4773
f 4774 4775 4776
f 4777 4778 4779
f 4780 4781 4782
f 4783 4784 4785
f 4786 4787 4788
f 4787 4789 4788
f 4790 4791 4792
f 4790 4792 4793
f 4794 4795 4796
f 4797 4798 4799
f 4800 4801 4802
f 4803 4804 4805
f 4806 4807 4808
f 4809 4810 4811
f 3559 3579 4812
f 3560 3559 4812
f 4813 4814 4815
f 4816 4817 4818
f 4819 4820 4821
f 4822 4819 4821
f 4823 4824 4825
f 4824 4826 4825
f 4827 4828 4829
f 4828 4830 4829
f 4831 4832 4833
f 4832 4834 4833
f 4835 4836 4837
f 4835 4837 4838
f 4839 4840 4841
f 4842 4843 4844
f 4845 4846 4847
f 4848 4849 4850
f 4851 4852 4853
f 4854 4855 4856
f 4857 4858 4859
f 3693 2451 4860
f 3695 3694 4861
f 4862 4850 4863
f 4864 4865 4866
f 4867 4868 4869
f 4870 3700 4871
f 4872 4873 4874
f 4875 4876 4877
f 4878 4878 4879
f 4880 3702 4881
f 4874 4873 4877
f 4874 4877 4876
f 4882 4883 4884
f 4872 4885 4886
f 4887 4888 4887
f 4871 3700 4889
f 3700 3702 4889
f 4864 4890 4865
f 4872 4886 4873
f 4887 4887 4878
f 4878 4887 4878
f 4880 4889 3702
f 4874 4876 4891
f 4848 4850 4862
f 4892 4893 4894
f 2483 4895 3709
f 4896 4897 4898
f 4899 4900 4901
f 4902 4903 4904
f 4905 4906 4907
f 4908 4909 4910
f 4911 4912 4913
f 4914 4915 4916
f 4917 4917 4918
f 4918 4917 4918
f 4919 4919 4920
f 4921 2483 4922
f 4923 4924 4925
f 4926 4927 4926
f 4928 4929 4930
f 4931 4932 4933
f 4934 4935 4936
f 4935 4937 4936
f 4938 4921 4939
f 4921 4922 4939
f 4940 4941 4942
f 4943 4943 4944
f 4945 4946 4945
f 4947 4947 4948
f 3711 3713 4949
f 4944 4943 4944
f 4948 4947 4948
f 4950 4951 4952
f 4953 4954 4955
f 4951 4956 4952
f 4957 4957 4958
f 4959 4960 4961
f 4962 4963 4964
f 4965 4966 4965
f 4965 4965 4967
f 4968 4969 4970
f 4971 4972 4973
f 4974 4975 4976
f 4908 4910 4977
f 4978 4979 4970
f 4979 4980 4970
f 4981 4908 4977
f 4969 4978 4970
f 4982 4982 4983
f 4984 4985 4984
f 4926 4926 4986
f 4987 4988 4987
f 4986 4926 4986
f 4988 4988 4987
f 4989 4984 4984
f 4964 4963 4990
f 4963 4991 4990
f 4974 4976 4992
f 4993 4994 4995
f 4996 4997 4998
f 4928 4974 4992
f 4999 4999 5000
f 5001 4996 4998
f 5002 4993 4995
f 5003 4987 4987
f 5004 5005 5004
f 5006 5007 5006
f 4959 4961 5008
f 5009 4959 5008
f 5010 5011 5012
f 5011 5013 5012
f 4971 4973 5014
f 5015 5016 5017
f 5018 5019 5018
f 4934 4936 5017
f 5020 4964 5021
f 5022 5023 5024
f 5016 4934 5017
f 5025 5025 5026
f 2599 5027 5028
f 5029 2599 5028
f 4964 4990 5021
f 5030 5031 5032
f 5004 5004 5033
f 4944 4944 5034
f 5010 5012 5035
f 5036 5037 5036
f 5038 5036 5036
f 4909 5010 5035
f 5039 5000 5039
f 5040 5041 5042
f 5043 5044 5045
f 5046 5047 5048
f 5022 5024 5049
f 5050 5051 5050
f 4928 4930 5052
f 5053 5054 5055
f 4948 4948 5056
f 5054 4904 5055
f 5057 5058 5059
f 4918 4918 5060
f 4897 4896 5061
f 5062 5063 5062
f 5064 5065 5064
f 4981 4977 5066
f 5067 4928 5068
f 5053 5055 5069
f 5064 5064 5070
f 4928 5052 5068
f 5071 5072 5073
f 4938 4939 5074
f 5062 5062 4957
f 5075 4938 5074
f 4974 5076 5077
f 4957 5062 4957
f 5078 4996 5079
f 5080 5081 5080
f 5082 5083 5084
f 4945 4945 5085
f 5066 4977 5086
f 4963 5075 4991
f 5087 5050 5087
f 5050 5050 5087
f 5075 5074 4991
f 4974 5077 4975
f 5088 5089 5090
f 5079 4996 5001
f 5080 5080 5005
f 4999 5085 4999
f 5087 5087 5091
f 4986 4986 5092
f 5009 5008 4906
f 4988 5093 4988
f 4905 5009 4906
f 5094 5095 5096
f 5097 5098 5099
f 5098 5100 5099
f 4919 5101 4919
f 5102 5103 5102
f 5018 5018 5104
f 4928 4992 4929
f 5020 5021 4935
f 5011 5097 5013
f 5066 5086 4980
f 5097 5099 5013
f 4979 5066 4980
f 5006 5006 5105
f 5102 5102 5106
f 5088 5090 5107
f 4982 5108 4982
f 5025 5096 5025
f 5061 4896 4903
f 4902 5061 4903
f 5039 5039 5109
f 4947 5003 4947
f 4895 2483 4921
f 4917 5110 4917
f 4935 5021 4937
f 4909 5035 4910
f 5042 5041 5111
f 4943 5033 4943
f 5054 4902 4904
f 5027 2599 5112
f 2599 2592 5112
f 5113 5114 5115
f 5113 5115 5116
f 5117 5118 5119
f 2591 2606 5120
f 5121 5122 5123
f 5124 5125 5126
f 5127 5128 5129
f 5130 5131 5132
f 5133 5133 5134
f 5135 5136 5135
f 5137 5138 5139
f 5140 5137 5139
f 5138 5141 5139
f 5142 5143 5144
f 5143 5143 5144
f 5140 5139 5145
f 5142 5144 5146
f 5147 5148 5149
f 5150 5151 5152
f 5149 5153 5147
f 5154 5155 5156
f 5157 5154 5156
f 5158 5135 5158
f 5135 5135 5158
f 5158 5158 5159
f 5160 5161 5162
f 5163 5164 5165
f 5166 5167 5168
f 5148 5169 5149
f 5170 5171 5172
f 5173 5174 5175
f 5176 5177 5178
f 3717 3721 5179
f 5180 5181 5180
f 5182 5183 5184
f 5185 5186 5187
f 5180 5180 5188
f 5189 5190 5189
f 5191 5179 3721
f 5192 5193 5194
f 3721 5195 5196
f 5191 3721 5196
f 5189 5189 5197
f 5197 5189 5197
f 5197 5197 5198
f 5192 5194 5199
f 5200 5201 5202
f 5203 5204 3722
f 5170 5172 5205
f 5206 5207 5208
f 5209 5210 5211
f 5212 5213 5214
f 5215 5212 5214
f 3722 3724 5216
f 5217 5198 5217
f 5200 5202 5218
f 5203 3722 5216
f 5219 5220 5221
f 5217 5217 5222
f 5223 5224 5223
f 5217 5225 5225
f 5226 5227 5228
f 5229 5230 5231
f 5232 5233 5234
f 5235 5236 5237
f 5238 5239 5238
f 5240 5241 5242
f 5243 5244 5245
f 5238 5238 5246
f 5246 5238 5246
f 5247 5248 5249
f 5223 5223 5250
f 5250 5223 5250
f 5251 5252 5253
f 5252 5254 5253
f 5255 5256 5256
f 5257 5226 5258
f 5225 5225 5259
f 5226 5228 5258
f 5260 5261 5262
f 5256 5256 5263
f 3728 3730 5264
f 5250 5250 5263
f 5265 5266 5265
f 5257 5258 5267
f 5268 5269 5270
f 5271 5272 5273
f 5246 5246 5274
f 5273 5251 5275
f 5251 5253 5275
f 5276 5277 5276
f 5278 5279 5280
f 5281 5282 5283
f 5284 5285 5286
f 5287 5263 5287
f 5265 5265 5288
f 5273 5275 5289
f 5271 5273 5289
f 5290 5291 5290
f 5276 5276 5292
f 5293 5264 3730
f 5281 5283 5294
f 5295 5281 5294
f 3730 5152 5296
f 5287 5287 5297
f 5298 5288 5298
f 5293 3730 5296
f 5299 5300 5301
f 5271 5289 5302
f 5290 5290 5303
f 5304 5292 5305
f 5306 5295 5307
f 5295 5294 5307
f 5298 5298 5308
f 5309 5297 5309
f 5310 5296 5152
f 5311 5312 5313
f 5301 5300 5314
f 5304 5305 5315
f 5316 5317 5316
f 5306 5307 5141
f 5138 5306 5141
f 5309 5309 5318
f 5310 5152 5151
f 5143 5308 5143
f 5319 5320 5321
f 5301 5314 5322
f 5133 5323 5133
f 5316 5316 5136
f 5161 5160 5324
f 5325 5326 5327
f 5148 5328 5329
f 5169 5148 5329
f 5330 5331 5330
f 5332 5333 5334
f 5335 5336 5337
f 5338 5339 5340
f 5341 5342 5343
f 5344 5345 5346
f 5347 5348 5349
f 5350 5351 5352
f 5353 5347 5349
f 5354 5355 5356
f 5329 5328 5357
f 5358 5359 5358
f 5330 5330 5360
f 5358 5358 5361
f 5362 5363 5364
f 5365 5366 5365
f 5367 5368 5369
f 5370 5370 5371
f 5372 5373 5374
f 5375 5376 5375
f 5377 5367 5369
f 5378 5379 5380
f 5368 5381 5382
f 5383 5384 5385
f 5386 5387 5386
f 5388 5377 5389
f 5377 5369 5389
f 5390 5391 5390
f 5386 5386 5392
f 5393 5383 5394
f 5395 5396 5395
f 5383 5385 5394
f 5397 5398 5399
f 5390 5390 5400
f 5401 5402 5401
f 5403 5397 5399
f 5404 5405 5406
f 5407 5408 5409
f 5410 5410 5411
f 5412 5407 5409
f 5405 5413 5406
f 5414 5414 5415
f 5416 5417 5416
f 5418 5403 5419
f 5403 5399 5419
f 5420 5391 5420
f 5421 5422 5423
f 5416 5416 5424
f 5425 5411 5425
f 5426 5409 5408
f 5404 5406 5427
f 5428 5429 5430
f 5420 5420 5431
f 5432 5428 5430
f 5433 5415 5433
f 5423 5422 5381
f 5367 5423 5381
f 5434 5434 5435
f 5436 5437 5436
f 5436 5436 5361
f 5438 5439 5440
f 5441 5442 5443
f 5444 5445 5444
f 5443 5442 5446
f 5372 5374 5397
f 5447 5448 5446
f 5367 5381 5368
f 5449 5450 5451
f 5448 5443 5446
f 5452 5453 5452
f 5454 5455 5456
f 5365 5365 5457
f 5397 5374 5458
f 5459 5460 5461
f 5452 5452 5462
f 5375 5375 5463
f 5380 5407 5464
f 2785 5465 5466
f 5467 5371 5467
f 5468 5469 5470
f 5471 5388 5470
f 5378 5380 5464
f 5388 5389 5470
f 5395 5395 5472
f 5397 5458 5398
f 5469 5471 5470
f 5467 5467 5417
f 5410 5463 5410
f 5473 5392 5473
f 5412 5464 5407
f 5474 5473 5473
f 5339 5338 5475
f 5466 5465 5476
f 5338 5477 5475
f 5477 5418 5475
f 5418 5419 5475
f 5438 5440 5478
f 5479 5480 5481
f 5393 5394 5482
f 5483 5484 5484
f 5408 5479 5481
f 5401 5401 5485
f 5484 5425 5484
f 5444 5444 5486
f 5426 5408 5481
f 5425 5425 5484
f 5485 5401 5485
f 5486 5444 5486
f 5487 5488 5422
f 5489 5487 5422
f 5428 5393 5429
f 5393 5482 5429
f 5383 5490 5384
f 5485 5485 5434
f 5434 5485 5434
f 5490 5491 5384
f 5404 5427 5492
f 5486 5486 5414
f 5489 5422 5421
f 5493 5404 5492
f 5414 5486 5414
f 5433 5433 5494
f 5454 5456 5373
f 5372 5454 5373
f 5495 5380 5379
f 5362 5496 5363
f 5497 5495 5379
f 5370 5498 5370
f 5441 5493 5442
f 5493 5492 5442
f 5499 5500 5501
f 5502 5499 5501
f 5503 5504 5505
f 5506 5507 5508
f 5509 5509 5510
f 5509 5511 5509
f 5512 5513 5514
f 5515 5516 5517
f 5518 5519 5520
f 5521 5522 5523
f 5524 5525 5524
f 5526 5526 5527
f 5517 5516 5528
f 5529 5530 5531
f 5532 2735 5533
f 5534 5534 5535
f 5534 5536 5534
f 5537 5538 5539
f 5540 5541 5542
f 5543 5537 5544
f 5537 5539 5544
f 5545 5546 5545
f 5547 5548 5549
f 5550 5551 5552
f 5553 5554 5553
f 5554 5554 5553
f 5555 5553 5553
f 5495 5556 5557
f 5550 5552 5558
f 5550 5495 5557
f 5559 5560 5559
f 5561 5562 5563
f 5564 5565 5564
f 5566 5567 5568
f 5569 5570 5568
f 5567 5569 5568
f 5571 5572 5571
f 5573 5439 5438
f 5572 5572 5571
f 5566 5568 5574
f 2785 3737 5465
f 5571 5571 5575
f 5576 5577 5576
f 5578 5506 5579
f 5580 5578 5579
f 5550 5557 5581
f 5506 5508 5579
f 5582 5583 5582
f 5584 5524 5584
f 5564 5564 5585
f 5524 5524 5584
f 5580 5579 5500
f 5584 5584 5586
f 5511 5587 5511
f 5550 5581 5551
f 5588 5543 5589
f 5590 5582 5582
f 5515 5588 5589
f 5554 5585 5554
f 5543 5544 5589
f 5591 5592 5593
f 3737 2736 5594
f 5595 5545 5595
f 5596 5597 5598
f 5545 5545 5595
f 5599 5596 5598
f 5515 5589 5516
f 5595 5595 5536
f 2736 2735 5532
f 5594 2736 5532
f 5526 5600 5526
f 5569 5599 5570
f 5599 5598 5570
f 5559 5559 5601
f 5602 5603 5604
f 5605 5606 5607
f 5601 5601 5608
f 5609 5512 5610
f 5611 5612 5613
f 5572 5614 5572
f 5601 5559 5601
f 5615 5616 5617
f 5566 5574 5618
f 5576 5576 5619
f 5620 5621 5622
f 5618 5574 5623
f 5624 5625 5626
f 5580 5500 5499
f 5627 5628 5629
f 5511 5511 5509
f 5630 5631 5632
f 2786 5633 2735
f 5634 5635 5636
f 5632 5631 5637
f 5638 5639 5640
f 5502 5641 5499
f 5611 5642 5612
f 5643 5644 5550
f 5645 5646 5647
f 5648 5649 5648
f 5650 5651 3741
f 5633 2786 3742
f 5652 5653 5654
f 5655 5655 5656
f 5657 5658 5657
f 5645 5647 5659
f 5660 5645 5659
f 5650 3741 5661
f 5648 5648 5662
f 5662 5648 5662
f 5663 5664 5665
f 5631 5630 5666
f 5667 5668 5667
f 5666 5630 5669
f 5633 3742 5670
f 5671 5672 5671
f 5673 5674 5675
f 5676 5677 5678
f 5657 5657 5679
f 5679 5657 5679
f 5679 5679 5680
f 5660 5659 5681
f 5682 5683 5681
f 5683 5684 5681
f 5684 5660 5681
f 5662 5662 5685
f 5686 5687 5688
f 5689 5690 5691
f 5692 5693 5694
f 5695 5696 5697
f 5698 5699 5700
f 5667 5667 5701
f 5702 5703 5702
f 5666 5669 5646
f 5704 5666 5646
f 3742 3741 5651
f 5670 3742 5651
f 5705 5671 5705
f 5671 5671 5705
f 5706 5707 5708
f 5707 5709 5708
f 5702 5702 5658
f 5704 5646 5645
f 5655 5701 5655
f 5705 5705 5710
f 5711 5712 5713
f 5714 5677 5715
f 5677 5676 5715
f 5715 5676 5716
f 5683 5682 5717
f 5718 5719 5720
f 5721 5722 5723
f 5724 2820 2819
f 5725 5726 5727
f 5728 5729 5730
f 5731 5732 5733
f 5734 5734 5735
f 5736 5737 5738
f 5739 5740 5739
f 5741 5741 5742
f 5721 5723 5743
f 5738 5737 5744
f 5742 5741 5742
f 5724 2819 5745
f 5746 2849 5747
f 5748 5749 5748
f 5745 2819 5750
f 5751 5752 2833
f 5753 5754 5755
f 5756 5757 5758
f 5759 5760 5761
f 5762 5763 5764
f 5738 5744 5765
f 5739 5739 5766
f 5767 5768 5769
f 5765 5744 5770
f 5771 5772 5773
f 5742 5742 5774
f 5775 5776 5775
f 5748 5748 5777
f 5775 5775 5778
f 5758 5757 5779
f 5780 5781 5782
f 5783 5784 5785
f 5777 5748 5777
f 5786 5787 5788
f 5745 5750 5789
f 5790 5745 5789
f 2833 2849 5791
f 5751 2833 5791
f 5792 5793 5792
f 5794 5725 5795
f 5777 5777 5740
f 5796 5797 5798
f 5734 5799 5734
f 5790 5789 5736
f 5792 5792 5800
f 5736 5789 5737
f 5741 5801 5741
f 5746 5791 2849
f 5802 5803 5804
f 5805 5805 5806
f 5807 5808 5807
f 5809 5810 5811
f 5812 5802 5813
f 5802 5804 5813
f 5814 5806 5814
f 5815 5807 5807
f 5816 5817 5818
f 5819 5820 5821
f 5822 5823 5824
f 5825 5825 5826
f 5826 5825 5826
f 5827 5828 5829
f 5830 5831 5832
f 5833 5826 5826
f 5834 5835 5836
f 5814 5814 5837
f 5812 5813 5838
f 5802 5839 5840
f 5841 5842 5843
f 5837 5837 5844
f 5837 5814 5837
f 5845 5846 5847
f 5848 5849 5850
f 5802 5840 5803
f 5851 5852 5853
f 5805 5854 5805
f 5855 5856 5857
f 5858 5859 5860
f 5856 5861 5857
f 5862 5863 5864
f 5865 5866 5867
f 5868 5869 5870
f 5871 5872 5873
f 5874 5875 5876
f 2917 2916 5877
f 5878 5879 5880
f 5825 5881 5825
f 5882 5883 5884
f 5885 5886 5887
f 5887 5886 5888
f 3749 5889 3747
f 5890 5891 5892
f 5893 5894 5895
f 5896 5897 5898
f 5899 5900 5901
f 5902 5903 2970
f 5898 5904 5896
f 5903 3752 2970
f 5893 5895 5905
f 5906 5904 5907
f 5908 5909 5910
f 5911 5912 5913
f 5914 3760 3762
f 5915 5916 5917
f 5918 5919 5920
f 5921 5922 5923
f 5924 5925 5926
f 5927 5928 5929
f 3769 3771 5930
f 5924 5931 5925
f 5932 5933 5934
f 5921 5935 5922
f 5936 5937 5938
f 5939 5940 5941
f 5942 5943 5944
f 5945 5946 5947
f 5946 5948 5947
f 5949 5950 5949
f 5951 5949 5949
f 5947 5948 5952
f 5953 5954 5955
f 3005 5956 3002
f 3020 5957 3021
f 5958 5959 5960
f 5961 5962 5963
f 5964 5965 5966
f 5967 5964 5968
f 3793 5969 3791
f 5970 5971 5972
f 5973 5974 5975
f 5976 5977 5977
f 5978 5979 5978
f 5980 3793 3801
f 5981 5980 3801
f 5982 5982 5983
f 5984 5971 5985
f 5971 5986 5985
f 5987 5983 5983
f 5983 5982 5983
f 5988 5989 5990
f 5991 5992 5990
f 5989 5993 5990
f 5993 5991 5990
f 5994 5994 5995
f 5995 5994 5995
f 5996 5995 5995
f 3805 5997 5998
f 5999 6000 5998
f 6001 6002 5998
f 6002 5999 5998
f 6003 5971 5984
f 5998 6000 6004
f 3805 5998 6004
f 6000 6005 6004
f 5978 5978 6006
f 6007 6008 3800
f 3799 6007 3800
f 5981 3801 3800
f 6009 6010 6011
f 5974 5973 6012
f 6013 6014 6013
f 6015 6016 6017
f 6018 6013 6013
f 5982 6019 5982
f 6012 5973 6020
f 5965 5964 6021
f 6022 6023 6022
f 5991 6012 5992
f 6012 6020 5992
f 6024 6022 6022
f 5994 6025 5994
f 6021 5964 6000
f 5964 5967 6000
f 5999 6021 6000
f 6000 5967 6026
f 5969 3793 5980
f 5977 6027 5977
f 6000 6026 6005
f 5989 5988 6028
f 5997 3805 3804
f 6029 6030 6031
f 6032 6033 6034
f 6035 6036 6037
f 3038 3040 6038
f 6039 6040 6041
f 6042 6043 6044
f 6045 6046 6047
f 6048 6049 6050
f 6049 6051 6050
f 6052 6053 6054
f 6055 6055 6056
f 6056 6055 6056
f 6049 6048 6057
f 6058 6059 6060
f 6061 6062 6063
f 6064 6061 6063
f 6065 6066 6067
f 6068 6069 6052
f 6049 6057 6070
f 6071 6072 6071
f 6058 6060 6073
f 6074 6075 6073
f 6060 6074 6073
f 6052 6054 6076
f 6068 6052 6076
f 6056 6056 6077
f 6078 6079 6080
f 6071 6071 6081
f 6080 6079 6082
f 6057 6060 6059
f 6070 6057 6059
f 6055 6083 6055
f 6084 6085 6086
f 6087 6088 6089
f 6090 6087 6089
f 6091 6092 6093
f 6094 6095 6096
f 6097 6097 6098
f 6099 6100 6101
f 6100 6102 6101
f 6103 6104 6105
f 6106 6107 6108
f 6109 6103 6105
f 6108 6107 6110
f 6111 6112 6113
f 6114 6108 6110
f 6115 6115 6116
f 6117 6118 6119
f 6120 6117 6119
f 6121 3813 3812
f 6122 6123 6124
f 6125 6126 6127
f 6128 6129 6128
f 6122 6124 6130
f 6131 6122 6130
f 6132 6133 6132
f 6134 6128 6128
f 6135 6127 6126
f 6136 6137 6138
f 6069 6068 6139
f 6140 6141 6140
f 6094 6142 6095
f 6097 6140 6140
f 6097 6140 6097
f 6139 6068 6143
f 6074 3813 6144
f 6075 6074 6144
f 6145 6146 6145
f 6106 6139 6107
f 6139 6143 6107
f 6144 3813 6121
f 6115 6145 6145
f 6115 6145 6115
f 6090 6147 6087
f 6132 6132 6148
f 6149 6131 6150
f 6151 6152 6153
f 6154 6155 6156
f 6157 6158 6159
f 6160 6161 6162
f 3106 3108 6163
f 6164 6165 6166
f 6167 6168 6169
f 3101 3100 6170
f 6171 6172 6173
f 6174 6175 6176
f 6177 6178 6179
f 6180 6161 6160
f 6181 6182 6183
f 6184 6185 6186
f 6187 6188 6189
f 6190 6174 6176
f 6181 6183 6191
f 6192 3824 3826
f 6193 6184 6186
f 6194 6195 6196
f 6197 6198 6199
f 6200 6201 6202
f 6203 6204 6205
f 6203 6206 6204
f 6206 6207 6204
f 6208 6209 6209
f 6210 6211 6212
f 6213 6213 6214
f 6215 6216 6217
f 6209 6209 6218
f 6203 6205 6219
f 6210 6212 6220
f 6221 6222 6223
f 6224 6225 6226
f 6227 6228 6229
f 6230 6213 6213
f 6210 6231 6211
f 6232 6233 3863
f 6234 6235 6236
f 6237 6238 6239
f 6240 6241 6242
f 6243 6234 6236
f 6244 6245 6246
f 6237 3958 6238
f 6247 6236 6248
f 6249 6250 6251
f 3974 3952 6252
f 6253 3958 6237
f 6254 6248 6255
f 3998 3974 6256
f 6257 6255 6258
f 3959 3958 6253
f 3959 6253 6259
f 6257 6258 6260
f 6257 6260 6261
f 3978 6259 6262
f 3978 3959 6259
f 3978 6262 6263
f 6264 4023 4022
f 4023 6265 6266
f 3841 4023 6266
f 6267 781 6268
f 6269 6270 6271
f 6272 6268 6273
f 6274 6275 6276
f 6274 6277 6275
f 6278 6272 6273
f 6279 6280 6281
f 6278 6273 6235
f 6241 6276 6242
f 6282 6283 6284
f 6232 3863 3860
f 6241 6274 6276
f 3909 3876 6285
f 6286 6287 6288
f 6286 6288 6289
f 6290 6291 6292
f 6290 6293 6291
f 6294 6295 6296
f 6294 6296 6297
f 6298 6299 6300
f 6298 6300 6301
f 6302 6298 6301
f 6302 6301 6303
f 6304 6305 6306
f 6307 6308 6309
f 6307 6309 6310
f 6311 6312 6313
f 6314 6315 6316
f 6317 829 824
f 6318 4632 4631
f 6319 824 822
f 6320 6319 822
f 6321 6322 6323
f 6324 822 820
f 6324 6320 822
f 6325 6326 6327
f 6328 820 818
f 6329 6328 818
f 6329 818 817
f 6330 6331 6332
f 6330 6332 814
f 6333 6330 814
f 6334 4126 4116
f 6333 814 813
f 4191 4126 6334
f 6335 6336 6337
f 6338 6339 6340
f 6341 6338 6340
f 6341 6340 6342
f 6343 6344 6345
f 6346 6347 806
f 6348 6346 806
f 6348 806 805
f 6349 6350 6351
f 6352 4342 4029
f 6353 6354 6355
f 6356 6261 6260
f 6353 6355 6357
f 6358 6356 6260
f 6359 6353 6357
f 6352 6360 4342
f 6361 6362 6363
f 6364 6365 6366
f 6367 6275 6277
f 6368 6369 6370
f 6371 6368 6370
f 6372 6373 6374
f 6375 6376 6377
f 6378 6374 6379
f 6380 6381 6382
f 6383 6384 6385
f 6386 6384 6383
f 6387 4478 4445
f 6388 6386 6383
f 6389 6390 6391
f 6392 4478 6387
f 6393 6394 6395
f 6396 6394 6393
f 6397 6398 6399
f 6400 6401 6402
f 6403 6400 6402
f 6404 6405 6406
f 6407 6408 6409
f 6410 6403 6402
f 6411 6410 6402
f 6412 6413 6414
f 6415 6416 6417
f 6418 6419 6420
f 6421 6418 6420
f 6422 6423 6424
f 6425 6426 6427
f 6428 6420 6429
f 6430 6431 6432
f 6433 6434 6435
f 6436 6437 6438
f 6439 6440 6441
f 6442 6443 6444
f 6445 6446 6447
f 6448 6449 6450
f 6451 6452 6453
f 6454 6455 6456
f 6457 6458 6459
f 6460 6461 6462
f 6463 6464 6465
f 6466 6467 6468
f 6469 6470 6471
f 6472 6473 6474
f 6475 6476 6477
f 6475 6477 6478
f 6479 6475 6478
f 6480 6475 6479
f 6481 6480 6479
f 6481 6479 6482
f 6483 6484 6485
f 6486 6487 6488
f 6489 4237 4200
f 777 6486 6488
f 6490 4237 6489
f 6491 6492 6493
f 6494 6495 6496
f 6497 6494 6496
f 6287 6496 6288
f 6287 6497 6496
f 4741 4740 6498
f 6499 6500 6501
f 6502 6503 6504
f 6504 6503 6505
f 6502 6504 6506
f 6507 6508 6509
f 4728 4730 6510
f 6511 6512 6513
f 6514 6515 6516
f 6514 6516 6517
f 6518 6519 6520
f 6511 6513 6521
f 6517 6516 6522
f 6523 6517 6522
f 1098 1097 6524
f 6507 6525 6508
f 6526 6527 6528
f 6526 6528 6529
f 4755 4757 4765
f 4756 4755 6530
f 6531 4756 6530
f 6532 4756 6531
f 6533 4756 6532
f 6534 6533 6532
f 1094 6533 6534
f 6535 1094 6534
f 6536 6537 6538
f 1095 1094 6535
f 6539 6540 6541
f 6542 6536 6538
f 1139 1147 6543
f 6527 1095 6528
f 6544 6545 6546
f 6544 6546 6547
f 6548 6549 6550
f 6549 6551 6550
f 6552 6548 6553
f 6548 6550 6553
f 6554 6552 6555
f 6552 6553 6555
f 6556 6557 6558
f 6556 6558 6559
f 6560 6561 6562
f 6561 6563 6562
f 6564 6560 6565
f 6560 6562 6565
f 6564 6565 6566
f 6567 6568 6569
f 6570 6571 6572
f 6573 6570 6572
f 6574 6575 6576
f 6574 6577 6575
f 6573 6572 6578
f 6579 6580 6581
f 6582 6583 6571
f 6579 6581 6577
f 6579 6577 6574
f 6582 6571 6570
f 6584 6569 6580
f 6584 6567 6569
f 6584 6580 6579
f 6585 6573 6578
f 6582 6586 6583
f 6585 6578 6576
f 6587 6586 6582
f 6588 6585 6576
f 6587 6589 6586
f 6568 6589 6587
f 6575 6588 6576
f 6567 6589 6568
f 6590 6591 6592
f 6593 6594 6595
f 6596 6597 6598
f 6597 6599 6598
f 6600 6596 6598
f 6594 6601 6595
f 6599 6602 6603
f 6604 6593 6605
f 6602 6606 6603
f 6598 6599 6603
f 6593 6595 6605
f 6606 6590 6607
f 6590 6592 6607
f 6603 6606 6607
f 6595 6601 6608
f 6609 6604 6610
f 6604 6605 6610
f 6601 6611 6608
f 6608 6611 6612
f 6600 6609 6610
f 6611 6613 6612
f 6600 6610 6614
f 6612 6613 6591
f 6600 6614 6596
f 6591 6613 6592
f 6615 5725 5794
f 6615 5794 6616
f 6617 5725 6615
f 6615 6616 6618
f 6619 6615 6618
f 6619 6618 6620
f 6621 5725 6617
f 6621 5726 5725
f 6622 5726 6621
f 6623 6624 5726
f 6623 5726 6622
f 6625 6626 5972
f 6625 5972 5971
f 6627 6625 5971
f 6003 6627 5971
f 6628 5644 6624
f 6628 6624 6623
f 6629 6627 6003
f 6630 6629 6003
f 5550 5644 6628
f 6631 6619 6620
f 5550 6628 6632
f 6633 6631 6620
f 6634 6629 6630
f 6634 6635 6629
f 5495 6632 6636
f 5495 5550 6632
f 6634 5907 6635
f 5380 5495 6636
f 6043 5907 6634
f 6043 5906 5907
f 5407 6636 6637
f 5407 5380 6636
f 5408 5407 6637
f 6149 6631 6633
f 6149 6633 5896
f 5479 6637 6638
f 5479 6638 6639
f 5479 5408 6637
f 6043 5904 5906
f 6640 5479 6639
f 6641 6640 6639
f 6042 5904 6043
f 6641 6639 5076
f 6131 6149 5896
f 5231 5076 4974
f 5231 6641 5076
f 6122 5904 6042
f 6122 5896 5904
f 6122 6131 5896
f 5230 5231 4974
f 5230 4974 4928
f 5230 4928 5067
f 5230 5067 6642
f 6643 5230 6642
f 6644 5230 6643
f 6645 6644 6643
f 6626 6646 6647
f 6626 6647 5972
f 6255 6648 6649
f 6248 6650 6648
f 6248 6648 6255
f 6651 6650 6248
f 6651 6248 6236
f 6235 6651 6236
f 6235 6652 6651
f 6653 6652 6235
f 6653 6235 6273
f 6273 6654 6653
f 6268 6654 6273
f 6268 6655 6654
f 6268 781 780
f 6268 780 6655
f 6656 778 777
f 6488 6657 6656
f 6488 6656 777
f 6488 6658 6657
f 6659 6660 6661
f 6662 6657 6658
f 6663 6664 6662
f 6658 6663 6662
f 6665 6666 6667
f 6668 6664 6663
f 6669 6670 6671
f 6672 6673 6668
f 6668 6663 6674
f 6675 6676 6677
f 6672 6678 6673
f 6672 6668 6674
f 6679 6678 6672
f 6474 6679 6672
f 6680 6679 6474
f 6473 6680 6474
f 6681 6682 6683
f 6473 6684 6680
f 6685 6684 6473
f 6685 6686 6684
f 6687 6688 6686
f 6687 6686 6685
f 6445 6689 6688
f 6445 6688 6687
f 6690 6689 6445
f 6447 6690 6445
f 6691 6690 6447
f 6429 6691 6447
f 6420 6692 6691
f 6420 6693 6692
f 6420 6691 6429
f 6419 6693 6420
f 6402 6693 6419
f 6402 6694 6693
f 6401 6695 6694
f 6401 6694 6402
f 6696 6695 6401
f 6697 6696 6401
f 6698 6696 6697
f 6698 6697 6699
f 6379 6698 6699
f 6379 6700 6698
f 6374 6700 6379
f 6374 6701 6700
f 6702 6701 6374
f 6373 6702 6374
f 6703 6702 6373
f 6358 6703 6373
f 6260 6704 6703
f 6260 6703 6358
f 6260 6649 6704
f 6649 6260 6258
f 6255 6649 6258
f 6705 6530 4755
f 6706 6707 6708
f 4764 4755 4765
f 6535 6528 1095
f 6709 6710 6711
f 6712 6713 6714
f 6715 6716 6717
f 6718 6719 6720
f 6715 6717 6721
f 6722 6723 6724
f 6723 6725 6724
f 6726 6727 6728
f 6729 6730 6731
f 6732 6733 6734
f 6729 6731 6735
f 6732 6734 6736
f 6737 6738 6739
f 6737 6740 6738
f 6741 6742 6743
f 6742 6744 6743
f 6745 6746 6747
f 6745 6747 6748
f 6749 6750 6751
f 6749 6751 6752
f 6753 6754 6755
f 6753 6755 6756
f 6757 6758 6759
f 6757 6759 6760
f 6761 6762 6763
f 6761 6763 6764
f 1182 6765 1183
f 6766 6767 6768
f 6769 6766 6768
f 6770 6771 6772
f 6773 6774 6775
f 6776 6777 6778
f 6776 6778 6779
f 6780 6781 6782
f 6783 6784 6785
f 6786 6783 6787
f 6788 6789 6790
f 6791 6780 6782
f 6792 6793 6794
f 6795 6796 6797
f 6784 6798 6770
f 6799 6792 6794
f 6788 6790 6800
f 6778 6788 6800
f 6791 6782 6801
f 6799 6794 6802
f 6803 6804 6805
f 6806 6791 6801
f 6807 6776 6779
f 6787 6783 6785
f 6808 6807 6779
f 6809 6799 6802
f 6775 6810 6811
f 6772 6771 6812
f 6771 6795 6812
f 6813 6809 6802
f 6775 6811 6814
f 6815 6806 6801
f 6800 6790 6816
f 6815 6801 6817
f 6800 6816 6818
f 6793 6815 6817
f 6816 6819 6818
f 6820 6821 6822
f 6800 6818 6823
f 6779 6778 6824
f 6778 6800 6824
f 6825 6826 6827
f 6797 6796 6828
f 6826 6829 6827
f 6773 6775 6830
f 6818 6819 6823
f 6800 6823 6831
f 6825 6827 6832
f 6784 6770 6833
f 6823 6819 6831
f 6781 6773 6830
f 6793 6817 6834
f 6805 6804 6835
f 6800 6831 6836
f 6819 6837 6836
f 6829 6838 6839
f 6831 6819 6836
f 6797 6828 6840
f 6781 6830 6841
f 6824 6800 6836
f 6842 6843 6803
f 6827 6829 6839
f 6827 6839 6844
f 6840 6828 6845
f 6846 6847 6848
f 6785 6784 6833
f 6812 6795 6797
f 6828 6846 6848
f 6782 6781 6841
f 6825 6832 6849
f 6793 6834 6850
f 6782 6841 6851
f 6839 6838 6852
f 6828 6848 6845
f 6794 6793 6850
f 6844 6839 6852
f 6853 6854 6855
f 6782 6851 6856
f 6801 6782 6856
f 6802 6794 6850
f 6813 6802 6850
f 6857 6813 6850
f 6811 6858 6859
f 6832 6827 6844
f 6814 6811 6859
f 6847 6860 6848
f 6825 6849 6861
f 6830 6775 6814
f 6862 6863 6864
f 6833 6770 6772
f 6830 6814 6865
f 6858 6866 6867
f 6814 6868 6869
f 6832 6844 6870
f 6817 6801 6856
f 6859 6858 6867
f 6849 6832 6870
f 6847 6842 6860
f 6842 6803 6860
f 6841 6830 6865
f 6834 6817 6856
f 6871 6845 6848
f 6870 6844 6872
f 6835 6873 6874
f 6840 6845 6871
f 6852 6875 6876
f 6844 6852 6872
f 6841 6865 6877
f 6805 6835 6874
f 6834 6856 6857
f 6840 6871 6878
f 6825 6861 6879
f 6859 6867 6868
f 6851 6841 6877
f 6849 6870 6880
f 6861 6849 6880
f 6869 6868 6881
f 6805 6874 6882
f 6812 6797 6883
f 6826 6825 6884
f 6877 6865 6885
f 6826 6884 6886
f 6887 6888 6889
f 6850 6834 6857
f 6872 6890 6891
f 6870 6872 6891
f 6856 6851 6877
f 6873 6892 6893
f 6872 6852 6890
f 6852 6876 6890
f 6814 6869 6894
f 6867 6866 6895
f 6803 6805 6896
f 6860 6803 6896
f 6880 6870 6897
f 6867 6898 6899
f 6865 6814 6894
f 6885 6865 6894
f 6848 6860 6900
f 6861 6880 6901
f 6879 6861 6901
f 6868 6867 6899
f 6878 6871 6900
f 6797 6840 6902
f 6897 6870 6903
f 6885 6894 6904
f 6857 6856 6905
f 6856 6877 6905
f 6869 6881 6906
f 6894 6869 6906
f 6868 6899 6907
f 6891 6890 6876
f 6884 6825 6879
f 6893 6892 6908
f 6874 6873 6893
f 6886 6884 6879
f 6906 6909 6894
f 6910 6911 6912
f 6881 6868 6907
f 6913 6891 6876
f 6880 6897 6914
f 6915 6916 6917
f 6894 6909 6904
f 6882 6874 6918
f 6883 6797 6902
f 6871 6848 6900
f 6870 6913 6903
f 6880 6919 6920
f 6860 6896 6921
f 6805 6882 6922
f 6901 6880 6920
f 6905 6877 6923
f 6896 6805 6922
f 6924 6905 6923
f 6877 6885 6904
f 6880 6914 6919
f 6877 6904 6925
f 6875 6926 6927
f 6876 6875 6927
f 6904 6909 6925
f 6928 6929 6930
f 6923 6877 6925
f 6886 6879 6931
f 6914 6897 6919
f 6927 6926 6932
f 6923 6925 6933
f 6913 6876 6934
f 6899 6898 6935
f 6900 6860 6921
f 6903 6913 6897
f 6902 6840 6878
f 6882 6918 6936
f 6883 6902 6937
f 6879 6901 6938
f 6922 6882 6936
f 6921 6896 6922
f 6878 6900 6939
f 6923 6933 6924
f 6933 6940 6924
f 6907 6899 6935
f 6902 6878 6941
f 6920 6919 6942
f 6925 6909 6940
f 6933 6925 6940
f 6907 6935 6943
f 6897 6913 6934
f 6944 6945 6946
f 6938 6901 6947
f 6906 6881 6907
f 6892 6948 6946
f 6943 6935 6949
f 6918 6874 6893
f 6897 6934 6950
f 6906 6907 6951
f 6918 6893 6952
f 6919 6897 6950
f 6935 6953 6949
f 6908 6892 6946
f 6939 6900 6921
f 6901 6954 6947
f 6931 6879 6955
f 6879 6938 6955
f 6901 6920 6942
f 6906 6951 6956
f 6942 6919 6950
f 6893 6908 6957
f 6953 6935 6958
f 6958 6935 6959
f 6951 6907 6943
f 6901 6942 6954
f 6937 6902 6941
f 6934 6876 6927
f 6949 6953 6960
f 6951 6943 6956
f 6906 6961 6962
f 6936 6918 6952
f 6947 6954 6963
f 6952 6893 6957
f 6941 6878 6939
f 6906 6956 6964
f 6939 6921 6965
f 6938 6947 6966
f 6922 6936 6967
f 6943 6968 6956
f 6953 6958 6969
f 6958 6959 6970
f 6963 6954 6971
f 6947 6963 6971
f 6934 6927 6972
f 6906 6962 6973
f 6960 6953 6969
f 6949 6960 6974
f 6921 6922 6975
f 6956 6968 6964
f 6947 6971 6976
f 6942 6950 6971
f 6954 6942 6971
f 6967 6936 6952
f 6961 6906 6964
f 6955 6938 6966
f 6960 6977 6974
f 6966 6947 6976
f 6950 6934 6972
f 6965 6921 6975
f 6952 6957 6978
f 6927 6932 6979
f 6908 6946 6980
f 6960 6969 6981
f 6961 6964 6982
f 6950 6972 6983
f 6967 6952 6984
f 6977 6960 6981
f 6957 6908 6980
f 6964 6968 6982
f 6976 6971 6985
f 6945 6986 6987
f 6946 6945 6987
f 6949 6974 6988
f 6961 6982 6989
f 6970 6959 6990
f 6962 6961 6989
f 6974 6977 6988
f 6955 6966 6976
f 6922 6967 6991
f 6975 6922 6991
f 6970 6990 6992
f 6975 6939 6965
f 6983 6972 6993
f 6982 6968 6989
f 6958 6970 6992
f 6983 6993 6994
f 6972 6927 6979
f 6973 6962 6989
f 6995 6973 6989
f 6972 6979 6993
f 6968 6995 6989
f 6969 6958 6992
f 6969 6992 6996
f 6981 6969 6996
f 6984 6952 6978
f 6950 6983 6997
f 6988 6977 6998
f 6957 6980 6999
f 6998 6977 7000
f 6979 6932 7001
f 6980 6946 6987
f 6957 6999 7002
f 6950 6997 7003
f 6971 6950 7003
f 6990 7004 7005
f 6983 6994 6997
f 6992 6990 7005
f 6976 6985 7006
f 6978 6957 7002
f 6955 6976 7007
f 6996 6992 7005
f 6967 6984 7008
f 6978 7002 7009
f 6991 6967 7008
f 6979 7001 7010
f 7005 7004 7011
f 6886 6931 7012
f 7013 6955 7007
f 7005 7011 7014
f 6993 6979 7010
f 6978 7009 7015
f 6985 6971 7003
f 6977 6981 7016
f 6981 6996 7016
f 7017 7018 7019
f 7020 7021 6774
f 7022 6955 7013
f 6987 7020 6774
f 6980 6987 7023
f 7008 6984 7024
f 6996 7005 7025
f 7007 6976 7006
f 7016 6996 7025
f 6985 7003 7026
f 6994 6993 7010
f 7013 7007 7006
f 7000 6977 7016
f 6931 6955 7022
f 7000 7016 7027
f 7028 7000 7027
f 7006 6985 7026
f 7029 6931 7022
f 7001 7030 7010
f 7025 7005 7014
f 7028 7027 7031
f 7032 7028 7031
f 6978 7015 6792
f 7025 7031 7027
f 7012 6931 7033
f 6931 7029 7033
f 6997 6994 7034
f 7008 7024 7035
f 7011 7036 7037
f 6980 7023 6780
f 7014 7011 7037
f 7003 6997 7034
f 6999 6980 6780
f 6984 6978 6792
f 7026 7003 7034
f 7027 7016 7025
f 7029 7022 7038
f 7033 7029 7038
f 7014 7037 7039
f 7040 7041 7014
f 6987 6774 6773
f 7042 7040 7039
f 7040 7014 7039
f 7006 7026 7043
f 7025 7014 7041
f 7044 7026 7034
f 7013 7006 7045
f 7024 6984 6792
f 7038 7022 7013
f 7046 7008 7035
f 7024 6792 6799
f 7043 7026 7044
f 7034 6994 7010
f 7002 6999 6780
f 7034 7010 7030
f 7047 7048 7049
f 7002 6780 6791
f 7037 7036 7050
f 7038 7013 7045
f 7034 7030 7051
f 7037 7050 7052
f 7039 7037 7052
f 7042 7039 7052
f 7045 7006 7043
f 7024 6799 7046
f 7002 6791 6806
f 7045 7043 7053
f 7009 7002 6806
f 7050 7054 7055
f 7053 7043 7044
f 7015 7009 6815
f 7009 6806 6815
f 7056 7051 6798
f 7034 7051 7056
f 7044 7034 7056
f 7023 6987 6773
f 7052 7050 7057
f 7052 7057 6777
f 6774 7021 6810
f 7050 7055 7057
f 6774 6810 6775
f 7035 7024 7046
f 7058 7059 6770
f 7060 7061 7062
f 7052 6777 6776
f 7015 6815 6793
f 6786 7044 7056
f 7042 7052 7063
f 7064 7042 7065
f 7042 7063 7065
f 7054 6789 6788
f 7055 7054 6788
f 7053 7044 6786
f 7023 6773 6781
f 6809 7046 6799
f 7057 7055 6788
f 7066 7067 7068
f 7052 6776 6807
f 6843 7069 6803
f 6777 7057 6788
f 6780 7023 6781
f 6786 7056 6783
f 6770 7059 6771
f 6777 6788 6778
f 7063 7052 6807
f 7056 6798 6784
f 6808 7065 6807
f 7065 7063 6807
f 7070 7071 7072
f 6783 7056 6784
f 6792 7015 6793
f 7073 7074 7075
f 7073 7075 7076
f 7077 7078 7079
f 7078 7080 7079
f 7081 7082 7083
f 7084 7077 7085
f 7086 7087 7088
f 7081 7083 7089
f 7090 7081 7089
f 7091 7090 7089
f 7092 7086 7088
f 7093 7094 7095
f 7079 7080 7096
f 7097 7090 7091
f 7087 7098 7099
f 6819 7100 7101
f 7092 7088 7102
f 6819 7101 7103
f 7089 7083 7104
f 7089 7104 7105
f 7106 7097 7091
f 7091 7089 7107
f 7101 7100 7108
f 6837 6819 7109
f 6819 7103 7109
f 7088 7087 7099
f 7101 7110 7111
f 7077 7079 7112
f 7103 7101 7111
f 7096 7113 7114
f 6837 7109 7115
f 7099 7116 7117
f 7105 7104 7118
f 7101 7108 7110
f 7106 7091 7107
f 7119 7120 7121
f 7107 7089 7105
f 7105 7106 7107
f 7088 7099 7122
f 7105 7118 7123
f 7111 7110 7124
f 7085 7077 7112
f 7125 7126 7127
f 7109 7103 7111
f 7110 7108 7124
f 7121 7120 7128
f 7102 7088 7122
f 7114 7113 7092
f 7111 7124 7129
f 7117 7116 7130
f 7079 7096 7131
f 7123 7118 7119
f 7102 7122 7132
f 7108 7133 7134
f 7135 7085 7112
f 7123 7119 7136
f 7124 7108 7134
f 7115 7109 7137
f 7109 7111 7137
f 7096 7114 7138
f 7122 7099 7117
f 7129 7124 7139
f 7112 7079 7131
f 7124 7134 7139
f 7137 7111 7140
f 7136 7105 7123
f 7141 7142 7143
f 7136 7119 7121
f 7131 7096 7138
f 7122 7117 7144
f 7114 7092 7145
f 7111 7129 7140
f 7134 7133 7146
f 7132 7122 7144
f 7117 7130 7147
f 7134 7146 7148
f 7138 7114 7149
f 7114 7145 7149
f 7139 7134 7148
f 7145 7092 7102
f 7140 7129 7150
f 7129 7139 7150
f 7139 7148 7151
f 7117 7147 7152
f 7135 7112 7153
f 7112 7131 7153
f 7128 7154 7155
f 7102 7132 7156
f 7146 7157 7158
f 7149 7145 7102
f 7144 7117 7152
f 7148 7146 7158
f 7159 7160 7161
f 7153 7131 7138
f 7150 7139 7151
f 7150 7151 7162
f 7155 7154 7163
f 7151 7148 7158
f 7156 7132 7144
f 7164 7136 7121
f 7149 7102 7165
f 7130 7166 7167
f 7157 7168 7169
f 7147 7130 7167
f 7158 7157 7169
f 7158 7169 7170
f 7171 7172 7173
f 7152 7147 7174
f 7147 7167 7174
f 7121 7128 7164
f 7158 7170 7175
f 7158 7175 7176
f 7144 7152 7177
f 7151 7158 7178
f 7156 7144 7179
f 7162 7151 7178
f 7180 7162 7178
f 7181 7176 7175
f 7182 7138 7149
f 7169 7168 7183
f 7184 7185 7186
f 7165 7102 7156
f 7170 7169 7183
f 7170 7183 7187
f 7175 7170 7187
f 7177 7152 7174
f 7178 7158 7176
f 7164 7128 7155
f 7179 7144 7177
f 7175 7187 7188
f 7189 7164 7155
f 7178 7176 7190
f 7191 7192 7193
f 7194 7195 7196
f 7166 7194 7196
f 7167 7166 7196
f 7197 7198 7199
f 7178 7190 7200
f 7201 7178 7200
f 7190 7176 7200
f 7181 7175 7188
f 7174 7167 7196
f 7182 7149 7165
f 7165 7156 7202
f 7156 7179 7203
f 7177 7174 7204
f 7163 7191 7205
f 7187 7183 7206
f 7187 7206 7207
f 7193 7192 7197
f 7189 7155 7163
f 7188 7187 7208
f 7209 7210 7211
f 7179 7177 7212
f 7188 7208 7213
f 7202 7156 7203
f 7203 7179 7212
f 7193 7197 7214
f 7182 7165 7215
f 7165 7202 7215
f 7199 7198 7216
f 7181 7188 7217
f 7198 7218 7216
f 7205 7191 7193
f 7204 7174 7196
f 7197 7199 7219
f 7218 7220 7216
f 7207 7206 7221
f 7177 7204 7222
f 7215 7202 7203
f 7212 7177 7222
f 7197 7219 7223
f 7220 7224 7225
f 7189 7163 7205
f 7193 7189 7205
f 7214 7197 7223
f 7181 7217 7226
f 7216 7220 7227
f 7220 7225 7227
f 7228 7215 7203
f 7222 7204 7196
f 7213 7208 7229
f 7208 7207 7229
f 7199 7216 7230
f 7212 7222 7231
f 7228 7203 7212
f 7213 7229 7232
f 7222 7196 7233
f 7196 7195 7233
f 7219 7199 7230
f 7188 7213 7234
f 7219 7230 7235
f 7217 7188 7234
f 7231 7222 7236
f 7222 7233 7236
f 7233 7195 7236
f 7221 7237 7238
f 7214 7223 7239
f 7207 7221 7238
f 7223 7219 7235
f 7240 7241 7242
f 7237 7243 7244
f 7238 7237 7244
f 7223 7235 7245
f 7230 7216 7227
f 7207 7238 7246
f 7217 7234 7247
f 7229 7207 7246
f 7235 7230 7227
f 7226 7217 7247
f 7235 7227 7248
f 7235 7248 7245
f 7249 7250 7251
f 7226 7247 7252
f 7225 7224 7253
f 7225 7253 7254
f 7227 7225 7255
f 7246 7238 7256
f 7223 7245 7257
f 7239 7223 7257
f 7258 7193 7214
f 7234 7213 7232
f 7227 7255 7259
f 7257 7245 7248
f 7232 7229 7246
f 7248 7227 7259
f 7253 7260 7261
f 7244 7243 7262
f 7248 7259 7263
f 7238 7244 7256
f 7248 7263 7264
f 7257 7248 7265
f 7254 7253 7261
f 7258 7214 7239
f 7265 7248 7264
f 7256 7244 7266
f 7267 7268 7269
f 7247 7234 7232
f 7255 7225 7254
f 7255 7254 7270
f 7247 7232 7252
f 7256 7271 7246
f 7259 7255 7270
f 7244 7262 7266
f 7259 7270 7272
f 7265 7264 7273
f 7256 7266 7271
f 7263 7259 7272
f 7257 7265 7274
f 7232 7246 7275
f 7276 7277 7278
f 7264 7263 7272
f 7272 7270 7279
f 7270 7254 7261
f 7261 7260 7280
f 7279 7270 7261
f 7272 7279 7281
f 7275 7246 7282
f 7264 7272 7283
f 7262 7284 7285
f 7239 7257 7286
f 7258 7239 7286
f 7274 7258 7286
f 7266 7262 7285
f 7283 7272 7287
f 7252 7232 7275
f 7272 7281 7287
f 7265 7273 7288
f 7274 7265 7288
f 7252 7275 7289
f 7273 7264 7283
f 7286 7257 7274
f 7275 7282 7290
f 7289 7275 7291
f 7292 7293 7294
f 7261 7280 7295
f 7271 7266 7285
f 7285 7284 7296
f 7279 7261 7295
f 7275 7290 7291
f 7246 7297 7282
f 7297 7298 7282
f 7281 7279 7295
f 7281 7295 7299
f 7300 7291 7290
f 7288 7273 7301
f 7273 7283 7301
f 7282 7298 7290
f 7283 7287 7084
f 7285 7296 7302
f 7290 7298 7300
f 7285 7302 7303
f 7304 7305 7306
f 7280 7307 7308
f 7301 7283 7084
f 7296 7309 7310
f 7274 7288 7311
f 7312 7313 7314
f 7287 7281 7078
f 7281 7299 7078
f 7295 7280 7308
f 7302 7296 7310
f 7302 7310 7315
f 7308 7307 7316
f 7299 7295 7308
f 7084 7287 7078
f 7317 7318 7319
f 7299 7308 7320
f 7311 7288 7301
f 7303 7302 7315
f 7321 7271 7285
f 7315 7310 7082
f 7308 7316 7322
f 7315 7082 7323
f 7310 7324 7082
f 7285 7303 7325
f 7310 7309 7326
f 7324 7310 7326
f 7303 7315 7323
f 7320 7308 7322
f 7327 7328 7086
f 7316 7327 7329
f 7322 7316 7329
f 7299 7320 7080
f 7078 7299 7080
f 7084 7078 7077
f 7082 7324 7083
f 7320 7322 7096
f 7303 7323 7330
f 7321 7285 7325
f 7328 7098 7087
f 7322 7329 7113
f 7331 7332 7333
f 7090 7323 7081
f 7086 7328 7087
f 7325 7303 7330
f 7324 7334 7104
f 7096 7322 7113
f 7323 7082 7081
f 7329 7327 7086
f 7083 7324 7104
f 7080 7320 7096
f 7113 7329 7086
f 7113 7086 7092
f 7335 7336 7337
f 7338 7335 7337
f 7339 7340 7341
f 7339 7341 7342
f 7343 7344 7345
f 7346 7347 7348
f 7349 7350 7351
f 7352 7353 7354
f 7355 7356 7357
f 7358 7359 7360
f 7361 7362 7363
f 7364 7365 6679
f 7366 7367 7368
f 7369 7362 7361
f 7370 7371 7372
f 7373 6679 6680
f 7373 7364 6679
f 7374 7375 7376
f 7377 7378 7379
f 7377 7379 7380
f 7381 7382 7383
f 7384 7369 7361
f 7385 7386 7387
f 7388 7389 7390
f 7391 7385 7387
f 7392 7393 7394
f 7395 7396 7397
f 7398 7399 7400
f 7401 7402 7403
f 7404 7405 7406
f 7407 7408 7409
f 7410 7411 7412
f 7413 7414 7415
f 7416 7417 7418
f 7419 7420 7421
f 7422 7407 7409
f 7423 7424 7425
f 7426 7427 7428
f 7429 7430 7431
f 7432 7433 7434
f 7435 7401 7403
f 7436 7401 7435
f 7437 7405 7404
f 7438 7439 7440
f 7441 7442 7443
f 7426 7428 7444
f 7445 7446 7447
f 7426 7444 7448
f 7449 7450 7451
f 7452 7453 7454
f 7423 7425 7455
f 7456 7432 7434
f 7435 7457 7458
f 7459 7460 7461
f 7462 7463 7464
f 7436 7435 7458
f 7465 7466 7467
f 7468 7469 7470
f 7471 7472 7473
f 7474 7423 7455
f 7475 7476 7477
f 7468 7470 7478
f 7479 7459 7461
f 7480 7459 7479
f 7481 7482 7483
f 7484 7485 7486
f 7487 7488 7489
f 7490 7491 7492
f 7493 7494 7495
f 7496 6656 6657
f 7497 7480 7479
f 7498 7490 7492
f 7499 7500 7501
f 7502 7493 7495
f 7503 7504 7505
f 7506 7507 7508
f 7509 7510 7511
f 7498 7512 7490
f 7513 7514 7515
f 7516 7351 7517
f 7512 7498 7518
f 7519 7520 7521
f 7522 7523 7524
f 7525 7526 7527
f 7528 7351 7516
f 7529 7519 7521
f 7530 6667 6666
f 7531 7532 7533
f 7534 7512 7518
f 7535 7521 7536
f 7535 7529 7521
f 7363 7531 7533
f 7362 7531 7363
f 7367 7527 7368
f 7367 7525 7527
f 7537 7538 7539
f 7540 7541 7542
f 7540 7542 7543
f 7544 7545 7546
f 7544 7547 7545
f 7548 7549 7550
f 7551 7552 7553
f 7554 7555 7556
f 7557 812 815
f 7558 7559 7560
f 7561 7562 7563
f 7564 7565 7566
f 7567 7544 7546
f 7568 7569 7570
f 7571 7572 7573
f 7574 7575 7576
f 7577 7578 7579
f 7580 7566 7581
f 7580 7564 7566
f 7582 7583 7584
f 7585 7583 7582
f 7586 7587 7588
f 7589 7590 7591
f 7592 7593 7594
f 7595 7596 7597
f 7598 816 819
f 7599 7448 7444
f 7599 7444 7600
f 7601 7595 7597
f 7602 7603 7604
f 7605 7606 7607
f 7608 7458 7457
f 7608 7457 7609
f 7610 7588 7611
f 7612 7613 7614
f 7599 7600 7615
f 7610 7586 7588
f 7616 7617 7618
f 7619 7620 7621
f 7622 7616 7618
f 7623 7624 7625
f 7626 7605 7607
f 7627 7628 7629
f 7630 7602 7604
f 7631 7611 769
f 7632 7633 7634
f 7635 7636 7637
f 7638 7627 7629
f 7639 7640 7641
f 7631 769 771
f 7642 7643 7644
f 7645 7646 7647
f 7631 7610 7611
f 7648 821 823
f 7649 7650 7651
f 7652 7653 7654
f 7652 7655 7653
f 7656 7657 7658
f 7659 7421 7420
f 7660 7661 7662
f 7656 7658 7663
f 7664 7649 7651
f 7665 7660 7662
f 7666 7454 7667
f 7668 7669 7670
f 7671 7672 7673
f 7674 7675 7676
f 7677 823 825
f 7678 7668 7670
f 7679 7680 7681
f 7682 7683 7646
f 7684 7685 7686
f 7687 7688 7689
f 7690 7680 7679
f 7691 7692 7693
f 7694 7695 7696
f 7697 7698 7699
f 7700 7684 7686
f 7701 7676 7702
f 7703 7683 7682
f 7701 7674 7676
f 7703 7682 7704
f 7705 7706 7707
f 7708 7709 7710
f 7711 7700 7686
f 7712 7705 7707
f 7711 7686 7713
f 7714 7715 7716
f 7717 7718 7719
f 7720 7721 7722
f 7723 7724 7725
f 7726 7727 7728
f 7729 7701 7702
f 7729 7702 7730
f 7703 7731 7683
f 7732 7717 7719
f 7733 7734 7735
f 7736 7737 7738
f 7739 7740 7741
f 7742 7743 7744
f 7742 7745 7743
f 7547 7746 7545
f 7547 7747 7746
f 7538 7748 7749
f 7559 7735 7560
f 7537 7748 7538
f 7559 7733 7735
f 7750 811 812
f 7751 7752 7753
f 7754 7755 7756
f 7757 7754 7756
f 7758 7757 7756
f 7759 7760 7761
f 7752 7762 7753
f 7753 7762 7756
f 7762 7758 7756
f 7763 7764 7765
f 7764 7766 7765
f 7767 7768 7760
f 7769 7770 7771
f 7772 7769 7773
f 7769 7771 7773
f 7765 7766 7752
f 7770 7774 7775
f 7766 7762 7752
f 7771 7770 7775
f 7757 7761 7760
f 7776 7772 7773
f 7774 7767 7777
f 7775 7774 7777
f 7757 7760 7754
f 7776 7773 7778
f 7779 7776 7778
f 7767 7760 7777
f 7777 7760 7759
f 7779 7778 7764
f 7763 7779 7764
f 7780 7781 7782
f 7783 7784 7785
f 7783 7785 7786
f 7787 7788 7789
f 7790 7789 7791
f 7790 7787 7789
f 7792 7793 7788
f 7792 7788 7787
f 7794 7791 7795
f 7794 7790 7791
f 7796 7797 7793
f 7796 7793 7792
f 7798 7794 7795
f 7799 7798 7795
f 7781 7798 7799
f 7800 7801 7797
f 7800 7797 7796
f 7784 7801 7800
f 7784 7800 7785
f 7782 7781 7799
f 7802 7803 7804
f 7805 7806 7807
f 7808 7809 7810
f 7809 7811 7810
f 7812 7813 7814
f 7815 6779 7816
f 6779 6824 7816
f 7817 7818 7819
f 7802 7804 7820
f 7821 7815 7822
f 7815 7816 7822
f 7823 7820 7824
f 7825 7823 7824
f 7826 7822 7827
f 7828 7826 7827
f 7829 7830 7831
f 7832 7833 7834
f 7835 7836 7837
f 7838 7835 7837
f 7828 7827 7839
f 7840 7828 7839
f 7838 7837 7841
f 7842 6836 7843
f 7844 7803 7802
f 7844 7802 7845
f 7846 7064 7065
f 7820 7804 7847
f 7848 7849 7823
f 7846 7065 7850
f 7851 6808 7815
f 6808 6779 7815
f 7852 7853 7854
f 7842 7843 7854
f 7843 7852 7854
f 7855 7856 7815
f 7855 7815 7821
f 7857 7858 7859
f 7860 7857 7859
f 7818 7826 7828
f 7812 7814 7861
f 7814 7862 7861
f 7848 7823 7825
f 7819 7818 7828
f 7863 7817 7819
f 7864 7863 7819
f 6824 6836 7842
f 7865 7866 7833
f 7819 7828 7840
f 7833 7866 7834
f 7816 6824 7813
f 7837 7836 7867
f 7847 7868 7820
f 7822 7816 7813
f 7868 7869 7820
f 7850 7065 7851
f 7822 7813 7812
f 7065 6808 7851
f 7820 7869 7824
f 7870 7836 7835
f 7837 7867 7849
f 7837 7849 7848
f 7827 7822 7812
f 7841 7837 7871
f 7859 7858 7856
f 7859 7856 7855
f 7839 7827 7832
f 7872 7838 7841
f 7839 7832 7834
f 7873 7874 7875
f 7876 7877 7878
f 7879 7880 7881
f 7882 7874 7873
f 7881 7880 7883
f 7884 7885 7886
f 7887 7888 7889
f 7890 7887 7889
f 7891 7892 7893
f 7894 7895 7896
f 7042 7897 7040
f 7898 7899 7900
f 7901 7902 7903
f 7904 7901 7903
f 7905 7906 7907
f 7908 7909 7910
f 7897 7911 7041
f 7897 7041 7040
f 7902 7912 7903
f 7913 7898 7900
f 7914 7915 7916
f 7915 7917 7918
f 7916 7915 7918
f 7916 7918 7919
f 7920 7921 7922
f 7923 7924 7925
f 7921 7926 7925
f 7925 7924 7927
f 7924 7928 7927
f 7927 7928 7929
f 7921 7925 7930
f 7931 7032 7932
f 7927 7933 7925
f 7925 7933 7930
f 7934 7935 7936
f 7920 7922 7937
f 7938 7939 7932
f 7940 7941 7942
f 7943 7944 7945
f 7932 7032 7031
f 7932 7031 7946
f 7932 7946 7947
f 7938 7932 7947
f 7947 7946 7948
f 7941 7938 7947
f 7941 7947 7949
f 7941 7949 7950
f 7942 7941 7950
f 7031 7025 7946
f 7945 7951 7921
f 7943 7945 7921
f 7948 7946 7915
f 7947 7948 7915
f 7943 7921 7920
f 7946 7025 7041
f 7949 7947 7914
f 7947 7915 7914
f 7946 7041 7917
f 7952 7943 7920
f 7917 7041 7953
f 7915 7946 7917
f 7921 7951 7926
f 7918 7917 7954
f 7955 7956 7957
f 7956 7958 7957
f 7959 7960 7961
f 7962 7963 7964
f 7965 7966 7967
f 7968 7969 7970
f 7965 7967 7971
f 7972 7973 7974
f 7975 7976 7977
f 7978 7979 7980
f 7981 7967 7966
f 7982 7983 7984
f 7971 7967 7981
f 7985 7986 7987
f 7983 7988 7989
f 7990 7983 7989
f 7991 7992 7993
f 7994 7995 7996
f 7997 7998 7999
f 7997 7999 8000
f 8001 8002 8003
f 7987 7986 8004
f 8005 8006 8007
f 8008 8009 8010
f 8011 8012 8010
f 8008 8010 8012
f 8013 7963 7962
f 8014 8015 8016
f 7969 8017 7970
f 8001 8003 8018
f 8015 8019 8016
f 8020 8021 8022
f 8023 8024 8025
f 8023 8025 8026
f 8023 8026 8027
f 8028 8024 8023
f 8029 8030 8031
f 8032 8033 8029
f 8034 8029 8031
f 8034 8032 8029
f 8035 8036 8037
f 8037 8038 8039
f 8040 8041 8042
f 8043 8044 8045
f 7046 8046 8047
f 8048 7046 8047
f 8049 8050 8051
f 8052 8053 8054
f 8055 8052 8056
f 8057 8058 8059
f 8052 8054 8056
f 8060 8061 8062
f 8063 8064 8065
f 8066 8060 8062
f 8067 8068 8069
f 8070 8071 8072
f 8073 8074 8075
f 8076 8077 8078
f 8049 8051 8079
f 8080 8049 8079
f 8063 8065 8081
f 8082 8083 8084
f 8070 8072 8085
f 8086 8087 8088
f 8059 8058 8089
f 8090 8091 8092
f 8093 8094 8095
f 6787 6785 8096
f 8097 8063 8081
f 8098 8076 8078
f 8099 8073 8075
f 8069 8068 8100
f 8082 8084 8101
f 8059 8089 8102
f 8103 8059 8102
f 8089 8104 8102
f 8055 8056 8105
f 8106 8098 8078
f 8064 8048 8047
f 8107 6787 8096
f 8084 8107 8108
f 8099 8075 8109
f 8110 8070 8085
f 8106 8078 8111
f 8079 8112 8113
f 8086 8088 8114
f 8115 8080 8116
f 8117 8106 8111
f 8080 8079 8116
f 8103 8102 8104
f 8095 8094 8118
f 8119 8103 8104
f 8120 8121 8122
f 8082 8101 8123
f 8124 8099 8109
f 8090 8092 8125
f 8126 8093 8095
f 8067 8069 8127
f 8051 8119 8104
f 8128 8110 8085
f 8092 6941 6939
f 8129 8055 8130
f 8069 8100 8127
f 8055 8105 8130
f 8131 8117 8111
f 8054 8082 8123
f 8116 8079 8113
f 8051 8104 8112
f 8132 8097 8081
f 8054 8123 8133
f 8128 8085 8134
f 8068 8131 8135
f 8085 8136 8134
f 8131 8111 8135
f 8084 8108 8101
f 8078 8090 8125
f 8074 8129 8130
f 8137 8138 8139
f 8140 8124 8109
f 8092 6939 8141
f 8142 8143 8144
f 8096 6785 6833
f 8064 8047 8145
f 8078 8125 8146
f 8140 8109 8147
f 8079 8051 8112
f 8148 8149 8150
f 8072 8115 8151
f 6886 7012 8152
f 8149 6886 8152
f 8065 8064 8145
f 8153 8150 8154
f 8068 8135 8155
f 8132 8081 8156
f 8157 8132 8156
f 8074 8130 8158
f 8150 8149 8152
f 8056 8054 8133
f 8072 8151 8159
f 8046 6809 8160
f 8047 8046 8160
f 8116 8161 8151
f 8115 8116 8151
f 8162 8143 8163
f 8100 8068 8155
f 8087 8140 8164
f 8140 8147 8164
f 8056 8133 8165
f 8166 8167 8168
f 8085 8072 8159
f 8116 8113 8161
f 8111 8078 8169
f 8078 8146 8169
f 8170 8157 8156
f 7012 8171 8152
f 8144 8143 8162
f 8127 8100 8155
f 8152 8171 8172
f 8136 8085 8159
f 8150 8152 8154
f 8081 8065 8145
f 8111 8169 8173
f 8154 8152 8172
f 8074 8158 8174
f 8075 8074 8174
f 8159 8151 8161
f 8125 8092 8141
f 8171 7012 7033
f 8159 8161 8175
f 8170 8156 8176
f 8101 8108 8177
f 8153 8154 8178
f 8127 8155 8179
f 8109 8075 8174
f 8105 8056 8180
f 8125 8141 8181
f 8056 8165 8180
f 8136 8159 8182
f 8183 8153 8178
f 8159 8175 8182
f 8135 8111 8173
f 8184 8185 8136
f 8185 8134 8136
f 8127 8179 8186
f 8187 8127 8186
f 8101 8177 8123
f 8107 8096 8188
f 8135 8173 8189
f 8190 8170 8176
f 8146 8125 8181
f 8178 8154 8191
f 8183 8178 8191
f 8130 8105 8180
f 8154 8172 8192
f 8172 8171 8193
f 8081 8145 8194
f 8190 8176 8195
f 8087 8164 8088
f 8094 8190 8195
f 8145 8047 8196
f 8047 8160 8196
f 8191 8154 8192
f 8192 8172 8193
f 8108 8107 8188
f 8155 8135 8189
f 8146 8181 8197
f 8180 8165 8198
f 8169 8146 8197
f 8189 8173 8199
f 8177 8108 8188
f 8200 8133 8123
f 8081 8194 8201
f 8155 8189 8202
f 8191 8192 8203
f 8160 8204 8196
f 8109 8174 8147
f 8156 8081 8201
f 8142 8144 8205
f 8171 7033 8206
f 8180 8198 8207
f 7033 7038 8206
f 6939 6975 8208
f 8158 8130 8180
f 8141 6939 8208
f 8192 8209 8203
f 8155 8202 8210
f 8179 8155 8210
f 8156 8201 8211
f 8169 8197 8212
f 8094 8195 8213
f 8133 8200 8198
f 8165 8133 8198
f 8202 8189 8214
f 8145 8196 8215
f 8177 8188 8216
f 8173 8169 8212
f 8096 6833 6772
f 8118 8094 8213
f 8217 8218 8219
f 8164 8147 8060
f 8147 8220 8060
f 8180 8207 8221
f 8177 8216 8222
f 8193 8171 8223
f 8171 8206 8223
f 8224 8225 8226
f 8173 8212 8227
f 8196 8228 8215
f 8199 8173 8227
f 8176 8156 8211
f 8123 8177 8222
f 8141 8208 8229
f 8174 8158 8230
f 8179 8210 8231
f 8194 8145 8215
f 8186 8179 8231
f 8158 8180 8230
f 8160 6809 6813
f 8195 8176 8211
f 8193 8223 8232
f 8192 8193 8232
f 8096 6772 8233
f 7038 7045 8234
f 8206 7038 8234
f 8123 8222 8235
f 8187 8186 8231
f 8207 8198 8236
f 8201 8194 8215
f 8095 8118 8213
f 8181 8141 8229
f 8200 8123 8235
f 8160 6813 8204
f 8192 8232 8237
f 6813 6857 8238
f 8231 8210 8239
f 8189 8199 8214
f 8209 8192 8237
f 8195 8211 8240
f 8211 8201 8215
f 8126 8095 8213
f 8096 8233 8241
f 8188 8096 8241
f 8187 8231 8219
f 8204 6813 8242
f 8202 8214 8243
f 8223 8206 8244
f 8206 8234 8244
f 8211 8215 8245
f 8210 8202 8243
f 8242 6813 8238
f 8126 8213 8246
f 8088 8164 8247
f 8213 8195 8240
f 8181 8229 8248
f 8249 8250 8251
f 8162 8163 8246
f 8163 8126 8246
f 8230 8180 8252
f 8253 8209 8237
f 8210 8243 8254
f 8255 8253 8237
f 8232 8223 8244
f 8207 8256 8221
f 8231 8257 8219
f 8255 8237 8258
f 8259 8260 8261
f 8262 8259 8261
f 8219 8263 8264
f 8213 8240 8265
f 8147 8174 8220
f 8232 8244 8266
f 8217 8219 8264
f 8267 8262 8261
f 8197 8181 8248
f 8268 8242 8269
f 8198 8200 8270
f 8255 8258 8271
f 8272 8213 8265
f 8162 8246 8205
f 8144 8162 8205
f 8273 8274 8142
f 8274 8275 8142
f 8216 8188 8276
f 8188 8241 8276
f 8208 6975 8277
f 6975 6991 8277
f 8088 8247 8114
f 8270 8200 8235
f 8278 8255 8271
f 8240 8211 8279
f 8197 8248 8280
f 8210 8254 8239
f 8237 8232 8266
f 8174 8230 8252
f 8229 8208 8277
f 8246 8213 8272
f 8212 8197 8280
f 8240 8279 8281
f 8237 8266 8282
f 8261 8260 8267
f 8198 8270 8236
f 8283 8284 8285
f 8220 8174 8286
f 8174 8252 8286
f 8234 7045 7053
f 8221 8287 8252
f 8246 8272 8288
f 8222 8216 8276
f 8278 8271 8289
f 8240 8281 8265
f 8207 8236 8290
f 8291 8283 8292
f 8212 8280 8293
f 8207 8290 8256
f 8260 8291 8294
f 8233 6772 8295
f 6772 6812 8295
f 8231 8239 8257
f 8260 8294 8296
f 8222 8276 8297
f 8227 8212 8293
f 6991 7008 8298
f 8205 8246 8299
f 8300 8301 8302
f 8267 8260 8296
f 8217 8303 8304
f 8258 8237 8282
f 8297 8276 8305
f 8217 8264 8306
f 8241 8233 8295
f 8263 8219 8257
f 8234 7053 8307
f 8229 8277 8308
f 8272 8265 8281
f 8221 8256 8287
f 8272 8281 8288
f 8235 8222 8297
f 8199 8227 8309
f 8227 8293 8309
f 8235 8297 8310
f 8217 8306 8303
f 8238 6857 8311
f 8284 8278 8289
f 8277 6991 8298
f 8291 8292 8294
f 6812 6883 8312
f 8295 6812 8312
f 8242 8238 8311
f 8256 8290 8313
f 8277 8298 8314
f 8287 8256 8313
f 8315 8304 8303
f 8214 8199 8309
f 8283 8285 8316
f 8241 8295 8317
f 8243 8214 8309
f 8244 8234 8307
f 8246 8288 8318
f 8235 8310 8319
f 8296 8294 8320
f 8252 8287 8321
f 8299 8246 8318
f 8322 8323 8324
f 8295 8312 8325
f 8254 8243 8326
f 8284 8289 8124
f 8292 8283 8316
f 8243 8309 8326
f 8276 8241 8317
f 8229 8308 8327
f 8267 8296 8320
f 8328 8329 8330
f 8248 8229 8327
f 8247 8164 8066
f 8244 8307 8331
f 8285 8284 8124
f 8270 8235 8319
f 8332 8333 8334
f 8114 8247 8335
f 8317 8295 8325
f 8320 8294 8292
f 8269 8242 8336
f 8308 8277 8314
f 8276 8317 8337
f 8242 8311 8336
f 8236 8270 8338
f 8270 8319 8338
f 8280 8248 8327
f 8252 8321 8286
f 8305 8276 8337
f 8254 8326 8339
f 8239 8254 8339
f 8332 8334 8071
f 8280 8327 8340
f 8164 8060 8066
f 8297 8305 8337
f 8266 8244 8331
f 8341 8269 8336
f 8293 8280 8340
f 8339 8326 8342
f 8289 8073 8124
f 8308 8314 8063
f 8341 8336 8050
f 8320 8292 8086
f 8290 8236 8338
f 8070 8343 8344
f 8307 7053 6786
f 8257 8239 8339
f 8297 8337 8345
f 8308 8063 8097
f 6857 6905 8346
f 8327 8308 8097
f 8257 8339 8347
f 8266 8331 8348
f 8293 8340 8157
f 8309 8293 8157
f 8290 8338 8313
f 8320 8086 8267
f 8337 8317 8349
f 8289 8271 8073
f 8311 6857 8346
f 8309 8157 8350
f 8348 8331 8082
f 8310 8297 8345
f 8257 8347 8093
f 8339 8342 8347
f 8220 8286 8351
f 8307 6786 8083
f 8340 8327 8097
f 8312 6883 6937
f 8316 8285 8140
f 8060 8220 8351
f 8352 8341 8050
f 8331 8307 8083
f 8336 8311 8346
f 8267 8086 8114
f 8352 8050 8049
f 8282 8266 8353
f 8266 8348 8353
f 8337 8349 8077
f 8310 8345 8354
f 8257 8093 8355
f 8263 8257 8355
f 8264 8263 8355
f 8321 8287 8356
f 8099 8124 8073
f 8287 8313 8356
f 8316 8140 8087
f 8282 8353 8053
f 8326 8309 8357
f 8309 8350 8357
f 8319 8310 8354
f 8298 7008 7046
f 8282 8053 8052
f 8340 8097 8157
f 8285 8124 8140
f 8333 8352 8049
f 8337 8077 8358
f 8356 8359 8360
f 8321 8356 8360
f 8306 8264 8355
f 8345 8337 8358
f 8060 8351 8061
f 8157 8097 8132
f 8342 8326 8094
f 8326 8357 8094
f 8361 8362 8363
f 8338 8319 8354
f 8282 8052 8055
f 8306 8355 8163
f 8258 8282 8055
f 8298 7046 8048
f 8358 8077 8076
f 8325 8312 8091
f 8312 6937 8091
f 8336 8346 8059
f 8292 8316 8087
f 8338 8354 8068
f 8247 8066 8364
f 8303 8306 8163
f 8333 8049 8080
f 8350 8157 8170
f 8365 8366 8367
f 8331 8083 8082
f 8347 8342 8094
f 6905 8368 8369
f 8358 8076 8098
f 8346 6905 8369
f 8345 8358 8106
f 8358 8098 8106
f 8334 8333 8080
f 8271 8258 8055
f 8286 8321 8360
f 8364 8066 8062
f 8357 8350 8190
f 8350 8170 8190
f 8354 8345 8106
f 8336 8059 8103
f 8314 8298 8048
f 8351 8286 8360
f 8050 8336 8103
f 8354 8106 8117
f 8315 8303 8142
f 8313 8338 8068
f 8334 8080 8115
f 8083 6786 8107
f 6786 6787 8107
f 8067 8359 8068
f 8359 8356 8068
f 8356 8313 8068
f 8292 8087 8086
f 8314 8048 8064
f 8317 8325 8090
f 8303 8163 8143
f 8325 8091 8090
f 8351 8360 8370
f 8050 8103 8119
f 8347 8094 8093
f 8354 8117 8131
f 8142 8303 8143
f 8094 8357 8190
f 8271 8055 8129
f 8371 8372 8373
f 8346 8369 8057
f 8068 8354 8131
f 8050 8119 8051
f 8077 8349 8090
f 8353 8348 8054
f 8071 8334 8072
f 8348 8082 8054
f 8334 8115 8072
f 8351 8370 8061
f 6937 6941 8092
f 8091 6937 8092
f 8057 8369 8058
f 8369 8368 8058
f 8271 8129 8074
f 8374 8375 8376
f 8053 8353 8054
f 8059 8346 8057
f 8063 8314 8064
f 8335 8247 8377
f 8247 8364 8377
f 8378 8379 8380
f 8093 8126 8163
f 8077 8090 8078
f 8355 8093 8163
f 8083 8107 8084
f 8073 8271 8074
f 8381 8382 8383
f 8384 8385 8386
f 8387 8388 8389
f 8384 8386 8390
f 8391 8392 8393
f 8394 8388 8387
f 6875 6852 8395
f 6838 6829 8396
f 7030 7001 8397
f 8398 8399 8400
f 8401 8402 8403
f 8401 8404 8402
f 8405 6798 7051
f 8406 8407 8408
f 8409 8410 8411
f 8412 8413 8414
f 8415 8416 8417
f 8418 8419 8420
f 8421 8422 8423
f 8424 8421 8423
f 8410 8425 8411
f 8426 8427 8428
f 8414 8419 8412
f 8420 8429 8418
f 8430 8424 8423
f 8431 8432 8433
f 8434 8435 8436
f 8409 8411 8437
f 8438 8403 8402
f 8439 8440 8441
f 8442 8443 8444
f 8445 8446 8447
f 8448 8429 8449
f 8450 8451 8452
f 8453 8454 8455
f 8456 8457 8458
f 8459 8460 8461
f 8462 8463 8464
f 8465 8466 8467
f 8468 8469 8470
f 8471 8469 8468
f 8472 8473 8474
f 8475 8476 8477
f 8478 8462 8464
f 8479 8462 8478
f 8480 8461 8481
f 8480 8459 8461
f 8482 8483 8484
f 8485 8486 8487
f 8488 8471 8468
f 8489 8490 8491
f 8482 8484 8492
f 8493 8479 8478
f 8494 8495 8496
f 8485 8487 8497
f 8498 8482 8492
f 8499 8500 8501
f 8502 8503 8504
f 8505 8489 8491
f 8506 8507 8508
f 8509 8510 8511
f 8498 8492 8512
f 8513 8514 8515
f 8499 8501 8516
f 8517 8498 8512
f 8518 8519 8520
f 8521 8522 8523
f 8524 8499 8516
f 8525 8526 8527
f 8528 8509 8511
f 8529 8530 8531
f 8528 8511 8532
f 8524 8516 8533
f 8534 8535 8536
f 8537 8529 8531
f 8538 8539 8540
f 8538 8540 8541
f 8542 8523 8543
f 8544 8545 8546
f 8547 8548 8549
f 8550 8551 8552
f 8553 8523 8542
f 8553 8521 8523
f 8554 8555 8556
f 8557 8558 8559
f 8557 8560 8558
f 8561 8535 8534
f 8562 8563 8564
f 8550 8552 8565
f 8566 8538 8541
f 8567 8554 8556
f 8568 8549 8569
f 8568 8547 8549
f 8570 8571 8572
f 8573 8574 8575
f 8576 8571 8570
f 6819 6816 8577
f 8578 8579 8580
f 8581 8582 8583
f 8584 8585 8586
f 8587 8588 8589
f 8590 8591 8592
f 8593 8594 8595
f 8596 8597 8598
f 8599 8600 8601
f 8602 8603 8604
f 8605 8606 8607
f 8608 8609 8610
f 8611 8593 8595
f 8612 8598 8613
f 8614 8615 8616
f 8612 8596 8598
f 8617 8618 8619
f 8620 8621 8622
f 8623 8624 8625
f 8626 8602 8604
f 8627 8614 8616
f 8628 8629 8630
f 8631 8632 8633
f 8634 8635 8636
f 8637 8620 8622
f 6945 8638 8639
f 8640 8641 8642
f 8643 8623 8625
f 8644 8634 8636
f 8645 8646 8647
f 8648 8649 8650
f 8651 8652 8653
f 8654 8655 8656
f 8657 8643 8625
f 6986 6945 8639
f 8658 8659 8660
f 8661 8662 8663
f 8664 8665 8666
f 8667 8668 8669
f 8670 8671 8672
f 8673 8674 8675
f 8676 8677 8678
f 8679 8648 8650
f 8680 8681 8682
f 8683 8684 8685
f 8686 8661 8687
f 8688 8667 8669
f 8686 8662 8661
f 8689 8690 8691
f 8692 8673 8675
f 8693 8683 8685
f 8694 8695 8696
f 8697 8698 8699
f 8700 8701 8702
f 8678 8703 8676
f 8704 8705 8706
f 8707 8694 8696
f 8708 8709 8710
f 8711 8697 8699
f 8712 8713 8714
f 8715 8686 8687
f 8711 8716 8697
f 8717 8696 8718
f 8717 8707 8696
f 8719 8686 8715
f 8720 8721 8722
f 8723 8724 8725
f 8726 8727 8728
f 8729 8730 8731
f 8732 8733 8734
f 8735 8720 8722
f 8736 8717 8718
f 8737 8738 8739
f 8740 8725 8741
f 8740 8723 8725
f 8742 8736 8718
f 8742 8718 8743
f 8744 8745 8746
f 8747 8722 8748
f 8747 8735 8722
f 8749 8750 8751
f 8752 8753 8754
f 8755 8756 8757
f 8758 8759 8760
f 8761 8762 8763
f 8764 8742 8743
f 8765 8766 8767
f 8768 8769 8770
f 8768 8771 8769
f 8772 8773 8774
f 8775 8776 8777
f 8778 8747 8748
f 8761 8763 8779
f 8780 8781 8782
f 8783 8781 8780
f 8784 8761 8779
f 8785 8743 8786
f 8785 8764 8743
f 8787 8764 8785
f 8788 8789 8790
f 8791 8792 8793
f 8794 8775 8777
f 8795 8796 8797
f 8798 8799 8800
f 8798 8800 8801
f 8802 8803 8804
f 8805 8806 8807
f 8808 8809 8810
f 8811 8812 8813
f 8814 8815 8816
f 8811 8817 8812
f 8818 8819 8820
f 8821 8784 8779
f 8822 8819 8818
f 8823 8824 8825
f 8826 8827 8828
f 8829 8830 8831
f 8832 8833 8834
f 8835 8836 8837
f 8838 8839 8840
f 8826 8828 8841
f 8842 8823 8825
f 8843 8811 8813
f 8844 8845 8846
f 8847 8818 8848
f 8847 8822 8818
f 8849 8826 8841
f 8850 8838 8840
f 8851 8852 8853
f 8854 8855 8856
f 8849 8841 8857
f 8858 8849 8857
f 8859 8851 8853
f 8465 8860 8861
f 8469 8846 8470
f 8465 8861 8466
f 8862 8851 8859
f 8469 8844 8846
f 8858 8857 8863
f 8864 8847 8848
f 8865 8866 8867
f 8868 8869 8870
f 8871 8859 8872
f 8871 8862 8859
f 8873 8874 8875
f 8876 8877 8878
f 8876 8878 8879
f 8880 8877 8876
f 8881 8882 8883
f 8881 8883 8884
f 8881 8884 8885
f 8886 8885 8887
f 8886 8881 8885
f 8888 8886 8887
f 8889 8886 8888
f 8890 8889 8888
f 8891 8890 8888
f 8892 8890 8891
f 8893 8892 8891
f 8894 8892 8893
f 8895 8894 8893
f 8895 8896 8894
f 8877 8897 8898
f 8899 8896 8895
f 8879 8878 8896
f 8879 8896 8899
f 8880 8897 8877
f 8900 8901 8902
f 8903 8904 8905
f 8906 8907 8908
f 7212 7231 8909
f 8910 7212 8909
f 8900 8902 8911
f 8912 8913 8914
f 8915 8916 8917
f 8918 8900 8911
f 8919 8920 8921
f 8922 7135 8923
f 8924 8925 8926
f 8927 8903 8928
f 8918 8911 8929
f 8930 8931 8932
f 8931 8928 8932
f 8933 8922 8923
f 8934 8910 8909
f 8935 8912 8936
f 8912 8914 8936
f 8937 8915 8938
f 8939 8919 8921
f 8940 8926 8925
f 7258 7274 8941
f 8942 8943 8944
f 8934 8909 8945
f 8939 8921 8946
f 8940 8925 8947
f 8903 8948 8949
f 8933 8923 8950
f 8951 8918 8929
f 8952 8939 8946
f 8953 7106 8954
f 8955 8956 8957
f 8958 7258 8941
f 8959 8930 8932
f 8916 8935 8960
f 8961 8958 8941
f 8962 8963 8964
f 8952 8946 8965
f 8954 7106 7105
f 8932 8928 8966
f 8909 7231 8967
f 7231 8968 8967
f 8928 8903 8949
f 8951 8929 8969
f 8935 8936 8960
f 8941 7274 8970
f 7274 8971 8970
f 8924 8972 8925
f 8916 8960 8973
f 8928 8949 8966
f 8933 8950 8974
f 8959 8932 8975
f 8976 8933 8974
f 8963 8977 8978
f 8917 8916 8973
f 8905 8934 8945
f 8974 8950 8979
f 8902 8952 8965
f 8980 8981 8982
f 8937 8983 8972
f 8925 8972 8984
f 8920 8961 8985
f 8961 8941 8985
f 8964 8963 8978
f 8964 8978 8986
f 8987 8976 8974
f 8988 8964 8986
f 8917 8973 8989
f 7135 7153 8990
f 8923 7135 8990
f 8991 8951 8969
f 8987 8974 8992
f 8909 8967 8993
f 8917 8989 8938
f 8909 8993 8945
f 8911 8902 8965
f 8977 8994 8995
f 8978 8977 8995
f 8973 8960 8989
f 8960 8938 8989
f 8996 8987 8992
f 8997 8959 8998
f 8959 8975 8998
f 8911 8965 8999
f 8915 8917 8938
f 8920 8985 9000
f 9001 9002 9003
f 8975 8932 9004
f 8996 8992 9005
f 8941 8970 8985
f 8903 8905 9006
f 8905 8945 9006
f 9007 8988 8986
f 8991 8969 9008
f 8937 8938 8983
f 8986 8978 9009
f 8911 8999 9010
f 8921 8920 9000
f 8950 8923 8990
f 9011 9007 9012
f 9007 8986 9012
f 8996 9005 9013
f 9014 9015 9016
f 8936 8996 9013
f 8921 9000 9017
f 8986 9009 9018
f 8995 8994 9019
f 8929 8911 9010
f 8994 7136 9019
f 8929 9010 9020
f 8950 8990 9021
f 9022 9023 9024
f 8979 8950 9021
f 9025 8997 8998
f 9005 8992 9026
f 9013 9005 9026
f 8990 7153 7138
f 8971 7311 9027
f 8970 8971 9027
f 9025 8998 9028
f 8903 9006 8948
f 8945 8993 9029
f 8946 8921 9017
f 9011 9012 9030
f 8990 7138 9031
f 9019 7136 9032
f 9013 9026 9033
f 8936 9013 9033
f 8960 8936 9033
f 8946 9017 9034
f 8929 9020 9035
f 8972 8983 8984
f 8986 9018 9036
f 9037 9038 9039
f 8998 8975 9040
f 9022 9024 9041
f 8974 8979 9021
f 8960 9033 9042
f 9043 8960 9042
f 9018 9009 9019
f 8945 9029 9006
f 9017 9000 9044
f 9014 9045 9015
f 9045 9025 9015
f 8986 9036 9046
f 9047 9011 9030
f 8949 8948 9048
f 9012 8986 9046
f 9017 9044 9049
f 8965 8946 9034
f 9050 9051 8967
f 8968 9050 8967
f 8966 8949 9048
f 8992 8974 9021
f 8969 8929 9035
f 9048 8948 9052
f 9018 9019 9053
f 8969 9035 9054
f 9055 9022 9041
f 9018 9053 9056
f 8992 9021 9057
f 8990 9031 9058
f 9042 9033 9059
f 9043 9042 9060
f 9021 8990 9058
f 8965 9034 9061
f 8970 9027 9062
f 8985 8970 9062
f 9026 8992 9057
f 9012 9046 9063
f 8948 9006 9064
f 9017 9049 9065
f 9034 9017 9065
f 8969 9054 9008
f 9066 9067 9068
f 9047 9069 9070
f 8993 8967 9051
f 9036 9018 9056
f 8985 9062 9071
f 9072 9073 9074
f 9075 9076 9077
f 9030 9012 9063
f 9033 9026 9078
f 9026 9057 9078
f 9027 7311 7301
f 9036 9056 9079
f 8965 9061 9080
f 9046 9036 9079
f 9081 9047 9082
f 8948 9064 9052
f 9000 8985 9071
f 9021 9058 9083
f 8999 8965 9080
f 9015 9025 9028
f 9064 9048 9052
f 9084 9085 9086
f 9087 9088 9055
f 9021 9083 9089
f 9027 7301 9090
f 9034 9065 9091
f 9006 9029 9092
f 9059 9033 9078
f 9061 9034 9091
f 9029 8993 9093
f 8993 9051 9093
f 9028 8998 9040
f 9057 9021 9089
f 9016 9015 9094
f 9095 9096 9097
f 8932 8966 9048
f 9064 9006 9092
f 9084 9086 9098
f 9032 7136 9099
f 7136 7164 9099
f 9044 9000 9071
f 9100 9101 9102
f 9046 9079 9103
f 8999 9080 9104
f 9031 7138 7182
f 9041 9024 9105
f 9080 9061 9091
f 9004 8932 9048
f 9106 9004 9048
f 9044 9071 9107
f 8999 9104 9108
f 9060 9042 9059
f 9019 9032 9099
f 9109 9110 9111
f 9010 8999 9108
f 9060 9059 9112
f 9049 9044 9107
f 9063 9046 9103
f 9057 9089 9113
f 9080 9091 9104
f 9092 9029 9114
f 9078 9057 9113
f 9029 9093 9114
f 9031 7182 9115
f 9047 9030 9069
f 9116 9082 9117
f 9105 9024 9118
f 9020 9010 9119
f 9010 9108 9119
f 9062 9027 9090
f 8975 9004 9120
f 9004 9106 9120
f 9015 9121 9094
f 9040 8975 9122
f 8975 9120 9122
f 9110 9116 9123
f 9078 9113 9124
f 9049 9107 9125
f 9062 9090 9126
f 9060 9112 9085
f 9110 9123 9117
f 9028 9040 9122
f 9071 9062 9126
f 9127 9098 9128
f 7301 7084 9129
f 9078 9124 9130
f 9082 9047 9070
f 9065 9049 9125
f 9058 9031 9115
f 9131 9132 9099
f 9085 9133 9086
f 9028 9122 9121
f 9035 9020 9119
f 9071 9126 9134
f 9028 9121 9015
f 9108 9104 9135
f 9055 9041 9087
f 7182 7215 9136
f 9053 9019 9132
f 9019 9099 9132
f 9030 9063 9137
f 9094 9121 9138
f 9090 7301 9129
f 9059 9078 9130
f 9090 9129 9139
f 9035 9119 9140
f 9141 9142 9143
f 9056 9053 9144
f 9053 9132 9144
f 9059 9130 9112
f 9145 9109 9111
f 9071 9134 9146
f 9098 9086 9147
f 9115 7182 9136
f 9035 9140 9054
f 9069 9030 9137
f 9148 9069 9137
f 9041 9105 9149
f 9058 9115 9150
f 9091 9065 9125
f 9121 9151 9138
f 9079 9056 9144
f 9071 9146 9152
f 9107 9071 9152
f 9149 9105 9153
f 9087 9041 9149
f 9144 9132 9154
f 9123 9116 9117
f 9099 7164 7189
f 9112 9130 9155
f 9070 9069 9148
f 9083 9058 9150
f 9087 9149 9153
f 9098 9147 9128
f 9085 9112 9133
f 9070 9148 9082
f 9091 9125 9156
f 9110 9117 9111
f 9153 9105 9157
f 9153 9157 9158
f 9159 9153 9158
f 9157 9160 9158
f 9090 9139 9161
f 9103 9079 9144
f 9115 9136 9162
f 9103 9144 9163
f 9089 9083 9150
f 9153 9159 9087
f 9131 9099 7189
f 9125 9107 9152
f 9148 9137 9164
f 9126 9090 9161
f 9127 9128 9165
f 9104 9091 9156
f 9054 8924 8940
f 9158 9160 9166
f 9158 9166 9159
f 9008 9054 8940
f 8262 9159 9166
f 9089 9150 9167
f 9125 9152 9168
f 9112 9155 9133
f 9144 9154 9163
f 9131 7189 9169
f 9082 9148 9170
f 9150 9115 9162
f 9140 9119 8924
f 9171 9131 9169
f 9147 9086 9133
f 9172 9173 9174
f 9063 9103 9163
f 9126 9161 9175
f 9163 9154 9176
f 9134 9126 9175
f 9113 9089 9167
f 9129 7084 7085
f 9104 9156 9135
f 9137 9063 9176
f 9063 9163 9176
f 9125 9168 9177
f 9136 7215 9178
f 9137 9176 9164
f 9082 9170 9117
f 9179 9180 9181
f 9176 9182 9164
f 9146 9134 9175
f 9113 9167 9183
f 9124 9113 9183
f 9175 9161 9184
f 9146 9175 9185
f 9119 9108 9135
f 9186 9187 9188
f 9129 7085 9189
f 9111 9117 9190
f 9130 9124 9183
f 9148 9164 9182
f 9125 9177 9191
f 9136 9178 9192
f 9119 9135 9193
f 9162 9136 9192
f 9150 9162 9194
f 9167 9150 9194
f 9130 9183 9195
f 9170 9148 9182
f 9145 9111 9190
f 9152 9146 9185
f 9165 9128 9022
f 9125 9191 9196
f 9156 9125 9196
f 7215 7228 8910
f 9170 9182 9197
f 9178 7215 8910
f 9152 9185 8913
f 9155 9130 9195
f 9139 9129 8922
f 9169 7189 7193
f 9129 9189 8922
f 9156 9196 9198
f 9196 9191 9198
f 9169 7193 9199
f 9119 9193 8937
f 9117 9170 9197
f 9168 9152 8913
f 9200 9201 9202
f 9117 9197 9190
f 9203 9165 9204
f 8910 7228 7212
f 9162 9192 9205
f 9161 9139 8922
f 9204 9165 9022
f 9178 8910 8934
f 9168 8913 8912
f 9183 9167 9194
f 9204 9022 9055
f 9206 9169 9199
f 9192 9178 8934
f 9203 9204 9088
f 9190 9197 9145
f 9119 8937 8924
f 9207 9208 9209
f 9156 9198 8915
f 9155 9195 8997
f 9135 9156 8915
f 9133 9155 8997
f 9206 9199 8919
f 9183 9194 9210
f 9161 8922 8933
f 9177 9168 8912
f 9162 9205 8931
f 9211 9207 9209
f 9212 9213 9214
f 9195 9183 9210
f 9204 9055 9088
f 9194 9162 8931
f 9215 8901 8900
f 9184 9161 8933
f 9192 8934 8904
f 9177 8912 8935
f 9216 9206 8919
f 9133 8997 9045
f 9216 8919 8939
f 9217 9218 9219
f 9191 9177 8935
f 9135 8915 9193
f 8904 8934 8905
f 9175 9184 8933
f 9195 9210 8959
f 8940 8924 8926
f 9208 9216 8939
f 9193 8915 8937
f 9133 9045 9014
f 9147 9133 9014
f 9205 9192 8903
f 9192 8904 8903
f 7193 7258 8958
f 9199 7193 8958
f 9195 8959 8997
f 9199 8958 8961
f 9198 9191 8916
f 9208 8939 8952
f 9205 8903 8927
f 9175 8933 9220
f 9185 9175 9220
f 9194 8931 8930
f 8933 8976 9220
f 9210 9194 8930
f 9128 9147 9016
f 9147 9014 9016
f 8931 9205 8927
f 9191 8935 8916
f 9045 8997 9025
f 9209 9208 8952
f 8913 9185 9220
f 8924 8937 8972
f 9221 9222 9223
f 9199 8961 8920
f 9209 8952 8902
f 9198 8916 8915
f 9220 8976 8987
f 8919 9199 8920
f 8931 8927 8928
f 8922 9189 7135
f 9189 7085 7135
f 9220 8987 8996
f 9210 8930 8959
f 8913 9220 8914
f 9224 9225 9226
f 9227 9228 9229
f 9230 9231 9232
f 9230 9232 9233
f 9230 9233 9234
f 9235 9236 9237
f 9238 9239 9235
f 9240 9235 9237
f 9240 9238 9235
f 7289 7291 9241
f 9242 9243 9244
f 9242 9244 9245
f 9246 9247 9248
f 9249 9250 9251
f 7300 7298 9252
f 9245 9244 9253
f 9254 9255 9256
f 9257 7300 9252
f 9258 9259 9260
f 9248 9247 9261
f 9262 9263 9264
f 9265 9266 9267
f 9268 9269 9270
f 9257 9252 9271
f 9272 9273 9274
f 9275 9248 9261
f 9274 9273 9276
f 9269 9268 9277
f 9268 9270 9278
f 9279 9280 9281
f 9268 9278 9282
f 9257 9271 9283
f 9284 9285 9286
f 9275 9261 9287
f 9288 9279 9289
f 9279 9281 9289
f 9282 9278 9290
f 9291 9292 9293
f 9294 9295 9296
f 9297 9298 9299
f 9300 9301 9302
f 9303 9300 9302
f 9304 9305 9306
f 9307 9308 9309
f 9310 9306 9305
f 9311 9312 9313
f 9314 9315 9316
f 9312 9316 9313
f 7226 7252 9317
f 9318 9309 9319
f 9311 9313 9301
f 9320 9321 9322
f 9323 9324 9325
f 9321 7289 9322
f 9326 9327 9328
f 9329 9330 9331
f 9241 9332 9322
f 7289 9241 9322
f 9333 9334 9335
f 9336 9337 9338
f 9314 9320 9315
f 9320 9322 9315
f 9322 9332 9315
f 9317 7252 9339
f 9340 9341 9342
f 9343 9340 9342
f 9307 9309 9318
f 9343 9342 9344
f 7252 9320 9314
f 9302 9301 9297
f 9339 7252 9314
f 9325 9344 9312
f 9323 9325 9312
f 9316 9315 9345
f 9334 9333 9346
f 9347 9348 9349
f 9315 9350 9345
f 9323 9312 9311
f 9300 9323 9311
f 9344 9342 9314
f 9346 9351 9334
f 7252 9321 9320
f 9335 9334 9352
f 9344 9314 9316
f 9300 9311 9301
f 9319 9309 9306
f 9319 9306 9310
f 9353 9335 9352
f 9344 9316 9312
f 9301 9298 9297
f 9354 9355 9356
f 9357 9358 9359
f 9360 9361 9358
f 9362 9363 9364
f 9363 9365 9364
f 9361 9366 9358
f 9367 9368 9369
f 9370 9371 9372
f 9373 9360 9358
f 9373 9374 9360
f 9371 9375 9372
f 9358 9366 9359
f 9376 9377 9378
f 9378 9377 9379
f 9380 9381 9382
f 9381 9383 9382
f 9384 9385 9386
f 7181 9387 7176
f 9388 9389 9390
f 9391 9392 9393
f 9394 9395 9396
f 9397 9394 9396
f 9388 9390 9398
f 9399 9397 9396
f 9392 9400 9393
f 9401 9402 9403
f 9404 7137 7140
f 9405 9406 9407
f 9408 7150 7162
f 9408 7162 9409
f 9410 9405 9407
f 9404 7140 9411
f 9408 9412 9413
f 9414 9408 9413
f 9415 9416 9417
f 9418 9404 9411
f 9415 9417 9419
f 9418 9411 9420
f 9421 9422 9423
f 9407 9406 9424
f 7852 7115 9425
f 9426 9420 9427
f 9414 9428 9401
f 7853 7852 9425
f 9429 9430 9431
f 9427 9414 9401
f 9432 9429 9431
f 9411 7140 9408
f 9433 9427 9401
f 7866 7865 9434
f 7865 9435 9434
f 9407 9424 9417
f 9416 9407 9417
f 9436 9426 9427
f 9436 9427 9437
f 9438 9433 9405
f 9439 9432 9431
f 9420 9411 9414
f 7115 7137 9404
f 7869 7868 9440
f 9402 9441 9442
f 9443 9444 9445
f 9403 9402 9446
f 9425 7115 9404
f 9403 9446 9447
f 9448 9444 9443
f 7140 7150 9408
f 9449 9448 9450
f 9451 9448 9443
f 9438 9405 9410
f 9452 9453 9454
f 9437 9427 9433
f 9430 9455 9456
f 9431 9430 9456
f 9431 9456 9457
f 9411 9408 9414
f 9418 9425 9404
f 9438 9437 9433
f 9412 9458 9432
f 9458 9429 9432
f 9402 9442 9459
f 9434 9435 9426
f 9442 9460 9459
f 9402 9459 9461
f 9413 9412 9432
f 9446 9402 9461
f 9434 9426 9436
f 9446 9461 9462
f 9413 9432 9439
f 9448 9463 9444
f 9447 9446 9462
f 9427 9420 9414
f 9464 9465 9466
f 9464 9466 9440
f 7868 9464 9440
f 9428 9441 9402
f 9424 9467 9468
f 9417 9424 9468
f 9401 9428 9402
f 9415 9469 9470
f 9417 9468 9471
f 9451 9450 9448
f 9472 9473 9474
f 7415 7414 9475
f 9476 9477 9478
f 9476 9478 9479
f 9480 9477 9476
f 9481 9475 7414
f 9480 9474 9477
f 9480 9472 9474
f 9482 7415 9475
f 9483 9481 7414
f 7508 9484 9483
f 9485 9486 9487
f 9488 9484 7508
f 9489 9486 9485
f 7507 9488 7508
f 9490 9489 9485
f 9491 9488 7507
f 9492 9491 7507
f 9493 9494 9495
f 9496 9492 7507
f 9497 9492 9496
f 9498 9497 9496
f 9499 9497 9498
f 7406 9499 9498
f 7454 7453 9500
f 9501 9499 7406
f 7667 7454 9500
f 7405 9501 7406
f 9502 7666 7667
f 7437 9503 7405
f 9504 7666 9502
f 9505 9503 7437
f 9506 9504 9502
f 9507 9505 7437
f 9508 9504 9506
f 9509 9505 9507
f 9510 9509 9507
f 9511 9509 9510
f 9512 7573 7572
f 7517 9511 9510
f 9513 7573 9512
f 9514 9511 7517
f 7351 9514 7517
f 7731 7573 9513
f 9515 7731 9513
f 9516 9514 7351
f 7683 7731 9515
f 9517 9516 7351
f 7350 9517 7351
f 9518 9517 7350
f 9519 9518 7350
f 7646 7683 9520
f 9521 7646 9520
f 9522 9518 9519
f 9523 9522 9519
f 7647 7646 9521
f 9524 7647 9521
f 9525 9522 9523
f 9526 9525 9523
f 9527 9525 9526
f 9528 7647 9524
f 7614 9527 9526
f 7555 7647 9528
f 9529 7614 7613
f 9529 9527 7614
f 9530 7555 9528
f 7555 9530 9531
f 9532 9529 7613
f 9533 7555 9531
f 9534 9532 7613
f 7556 7555 9533
f 9535 9532 9534
f 9536 7556 9533
f 9537 9535 9534
f 9538 7556 9536
f 9539 9535 9537
f 9540 9538 9536
f 9541 9539 9537
f 9542 9539 9541
f 9543 9538 9540
f 9544 9538 9543
f 9545 9544 9543
f 9546 9547 9542
f 9548 9547 9546
f 9472 9544 9545
f 9473 9472 9545
f 9479 9548 9546
f 9478 9548 9479
f 9549 9550 9551
f 9552 9553 9554
f 9554 9553 9555
f 9556 9557 9558
f 9559 9560 9561
f 7755 9562 7756
f 9563 9564 9565
f 9566 9567 9568
f 9569 9570 9571
f 9569 9571 9572
f 9573 9574 7753
f 9575 9559 9561
f 9576 7753 7756
f 9575 9561 9577
f 9573 7753 9576
f 9578 9572 9579
f 9580 9581 9582
f 9583 9584 9585
f 9586 9563 9565
f 9578 9569 9572
f 9587 9575 9577
f 9588 9583 9585
f 9589 9590 9571
f 9588 9585 9591
f 9592 9593 9594
f 9595 9581 9580
f 9596 9563 9586
f 9597 9594 9598
f 9599 9600 9601
f 9597 9592 9594
f 9602 9603 9604
f 9605 9606 9607
f 9596 9586 9608
f 9609 9595 9580
f 9609 9580 9610
f 9570 9589 9571
f 9565 9564 9611
f 9574 9612 9613
f 9574 9613 7753
f 9560 9609 9610
f 9560 9610 9561
f 9614 9600 9599
f 9615 9616 9617
f 9618 9619 9620
f 9621 9622 9623
f 9623 9622 9624
f 9625 9626 9627
f 9628 9629 9630
f 9631 9632 9633
f 9634 9635 9636
f 9637 9638 9639
f 9640 9628 9630
f 9641 9642 9643
f 9634 9636 9644
f 9639 9638 9645
f 9640 9630 9646
f 9645 9638 9647
f 9641 9643 9648
f 9629 9649 9650
f 9651 9652 9653
f 9652 9654 9653
f 9654 9637 9653
f 9629 9650 9630
f 9653 9637 9639
f 9655 9656 9657
f 9658 9659 9660
f 9661 9662 9663
f 9664 9665 9666
f 9667 7768 7767
f 9668 9669 9670
f 9668 9670 9671
f 7760 9672 7754
f 9673 9674 9675
f 9676 9677 9678
f 9679 9680 9681
f 9682 9683 9684
f 9685 9686 9687
f 9685 9687 9688
f 9689 9690 9691
f 9692 9673 9675
f 9693 9682 9684
f 9694 9690 9689
f 9695 7760 7768
f 9696 9682 9693
f 9697 9673 9692
f 9698 9699 9700
f 9698 9700 9701
f 9702 9695 7768
f 9703 9704 9705
f 9697 9692 9706
f 9674 9668 9671
f 9707 9708 9709
f 9710 9711 9712
f 9713 9704 9703
f 9714 9715 9716
f 9714 9717 9715
f 9718 9697 9706
f 9674 9671 9675
f 9719 9720 9718
f 9721 9711 9710
f 9683 9722 9684
f 9719 9718 9723
f 9724 9725 9726
f 9727 9728 9724
f 9729 9730 9731
f 9671 9672 7760
f 9671 9670 9732
f 9733 9734 9735
f 9727 9724 9726
f 9671 9732 9672
f 9736 9737 9738
f 9739 9717 9714
f 9740 9741 9742
f 9743 9740 9742
f 9744 9745 9746
f 9747 9744 9746
f 9748 9749 9750
f 9751 9752 9753
f 9751 9754 9752
f 9755 9748 9750
f 9756 9757 9758
f 9756 9759 9757
f 9760 9761 9762
f 9763 9756 9758
f 9764 9760 9762
f 9765 9766 9767
f 9768 9765 9767
f 9769 9770 9771
f 9769 9772 9770
f 9419 9773 9415
f 9415 9773 9469
f 9773 9774 9775
f 9469 9773 9775
f 9775 9774 9776
f 9776 9774 7808
f 7808 9774 7809
f 9777 9778 9779
f 9777 9779 9780
f 9781 9777 9782
f 9777 9780 9782
f 9783 9781 9782
f 9783 9782 9784
f 9785 9783 9786
f 9783 9784 9786
f 9787 9785 9786
f 9788 9787 9786
f 9788 9786 9774
f 9773 9788 9774
f 9789 9790 9791
f 7860 9792 7857
f 7872 9793 7838
f 9794 9795 9796
f 9794 9796 9797
f 7838 9793 9798
f 9799 9800 9801
f 9802 9803 9804
f 7838 9798 9805
f 9806 9807 9808
f 9809 9810 9811
f 9812 9813 9814
f 7835 7838 9805
f 9811 9810 9815
f 9806 9808 9816
f 7879 9817 7880
f 9818 9819 9820
f 9821 9822 7874
f 9819 9823 9820
f 9824 9825 9826
f 9827 9828 9829
f 7870 7835 9830
f 7835 9831 9830
f 9821 7874 7882
f 9820 9823 9832
f 9833 9834 9790
f 9835 9836 9837
f 9838 9795 9794
f 9839 9836 9840
f 9790 9834 9791
f 9836 9835 9840
f 9841 9842 9843
f 9844 9845 9846
f 9847 9841 9843
f 9848 9849 9850
f 9851 9852 9853
f 9854 9847 9843
f 9855 9856 9857
f 7873 7875 9858
f 9859 9860 9861
f 9825 9862 9863
f 9825 9864 9862
f 9826 9825 9863
f 9865 9866 9867
f 9868 9869 9870
f 9871 9872 9873
f 9874 9875 9876
f 9877 9878 9879
f 9880 9876 9875
f 9881 9871 9873
f 9882 9876 9880
f 9883 9884 9885
f 9886 9887 9888
f 9882 9874 9876
f 7890 7889 9889
f 9890 9891 9892
f 9893 9894 9895
f 7912 9896 7903
f 9897 9898 9899
f 9900 9897 9899
f 9901 9897 9900
f 7933 9902 9903
f 9904 9905 9906
f 9907 9908 9909
f 9910 9911 9912
f 7041 7911 9913
f 7953 7041 9913
f 9914 9915 9916
f 9917 9914 9916
f 9918 9919 9920
f 7935 7934 9921
f 9922 9923 9924
f 9925 9926 9927
f 7934 9928 9921
f 9927 9926 9929
f 7954 9930 9931
f 7918 7954 9931
f 9932 9933 9934
f 9935 9936 9937
f 9938 9939 9940
f 9939 9941 9940
f 9942 9917 9916
f 9943 9944 9945
f 9941 9946 9940
f 7918 9931 7919
f 9916 9947 9942
f 7919 9931 9948
f 9949 9950 9951
f 9952 9953 9954
f 9955 9949 9951
f 9931 9956 9948
f 9948 9956 9957
f 9952 9954 9958
f 7927 7929 9959
f 9960 9961 9962
f 9962 9961 9963
f 7927 9902 7933
f 9905 9964 9906
f 9965 8128 8134
f 9966 9967 9968
f 9967 9965 9968
f 9966 9968 9969
f 9965 8134 9970
f 9968 9965 9970
f 9970 8134 9971
f 9966 9969 9972
f 9971 8134 8185
f 9973 9974 9975
f 9976 9973 9975
f 9972 9976 9923
f 9976 9975 9923
f 9966 9972 9923
f 9977 9978 9979
f 9980 9981 9982
f 7943 9983 7944
f 9982 9981 9984
f 9982 9984 9985
f 9986 9987 9988
f 9989 9990 9991
f 9992 9993 9994
f 9989 9991 9995
f 9992 9994 9996
f 9989 9995 9997
f 9998 9999 10000
f 10001 10002 10003
f 9996 9994 10004
f 9998 10000 10005
f 10005 10000 10006
f 9996 10004 10007
f 10008 10009 10010
f 10011 10003 10002
f 10012 10007 10004
f 10013 10014 10015
f 7965 10016 10017
f 10014 10018 10015
f 10008 10010 10019
f 7983 10020 10021
f 10022 10023 10024
f 7983 10021 7988
f 10023 10025 10024
f 10026 10002 10027
f 10028 1351 1350
f 10028 10029 1351
f 10030 1255 1257
f 10031 10030 1257
f 10032 1305 1304
f 10032 10033 1305
f 10034 10035 10036
f 10036 10035 10037
f 7970 10038 7968
f 8021 10039 8022
f 7966 7965 10017
f 7982 10020 7983
f 10024 10025 10040
f 10041 1315 1318
f 10042 1315 10041
f 1317 10041 1318
f 1314 1315 10042
f 10043 1317 1316
f 10043 1316 10044
f 1347 1282 1281
f 10045 1294 1347
f 10046 1294 10045
f 1295 1294 10046
f 1295 10046 10047
f 8041 8040 10048
f 8038 8037 8036
f 10049 10050 10051
f 10052 10053 10054
f 10055 10049 10051
f 10056 10057 10058
f 10059 10055 10051
f 10060 10061 10062
f 10063 10064 10065
f 9151 9121 10066
f 9121 10067 10066
f 10068 10069 10070
f 9737 10071 10072
f 10073 10074 10075
f 10076 10077 10078
f 10063 10065 10079
f 10080 8262 10081
f 10082 10083 10084
f 8262 10080 8259
f 10085 10086 10087
f 10088 10089 10090
f 10090 10089 10091
f 10092 10093 10094
f 10095 10096 10097
f 10098 10099 10100
f 10101 10102 10103
f 10104 10105 10106
f 10075 10074 10107
f 10108 10082 10084
f 10109 10110 10111
f 10112 10113 10057
f 10114 10115 10116
f 10117 10118 10119
f 10120 10117 10119
f 10109 10111 10121
f 10122 10090 10123
f 10124 10125 10126
f 10123 10090 10091
f 10095 10097 10127
f 9166 9160 10128
f 10129 10130 10131
f 10121 10111 10132
f 10133 10075 10064
f 10134 10101 10103
f 10135 10136 10137
f 10075 10107 10064
f 10138 10117 10120
f 10123 10091 10102
f 10129 10131 10076
f 8283 10095 10127
f 10139 10140 10141
f 10092 10094 10142
f 10143 10144 10145
f 10146 10147 10148
f 8284 8283 10127
f 10149 10123 10102
f 10150 10151 10052
f 9166 10128 10081
f 10127 10152 10153
f 10076 10131 10077
f 9121 9122 10067
f 10121 10132 10073
f 10050 10154 10051
f 10072 10155 10156
f 10138 10120 10157
f 10054 10150 10052
f 10146 10148 10105
f 10158 10159 10160
f 10098 10092 10099
f 8284 10127 10161
f 10056 10112 10057
f 10133 10064 10063
f 10092 10142 10099
f 8278 8284 10161
f 8262 9166 10081
f 10162 10163 10164
f 10165 10166 10161
f 10127 10167 10161
f 10165 10161 10167
f 10127 10153 10167
f 10096 10168 10097
f 10149 10102 10101
f 10104 10146 10105
f 10073 10132 10074
f 10169 9702 7768
f 10170 10171 10172
f 10166 10165 10173
f 10174 10175 10176
f 10177 10178 10179
f 10180 10071 9737
f 10170 10172 10181
f 10182 10183 10184
f 10185 10186 10187
f 8209 8253 10188
f 10185 10187 10189
f 10181 10172 10190
f 10191 10192 10193
f 10194 10182 10184
f 10195 10196 10197
f 10189 10187 10198
f 10199 10200 10189
f 10193 10192 10201
f 10189 10198 10202
f 9706 9723 9718
f 10189 10202 10199
f 10193 10201 10203
f 10201 10204 10203
f 10205 10199 10202
f 10206 10207 10208
f 10209 10210 10211
f 10212 10213 10214
f 10215 10216 10217
f 10218 10219 10220
f 10221 10222 10223
f 10224 10225 10226
f 10225 10227 10226
f 10227 10228 10226
f 10229 10230 10231
f 8035 8037 10232
f 8368 8035 10232
f 10233 10234 10235
f 10236 10237 10238
f 8037 8039 10239
f 10229 10231 10240
f 10241 10242 10243
f 8368 10232 10244
f 8058 8368 10244
f 10239 8039 10245
f 10246 8040 10247
f 8040 8042 10247
f 8089 8058 10248
f 10249 10239 10218
f 10250 10251 10252
f 10251 10250 10253
f 10254 10255 10256
f 10246 10247 10228
f 10218 10239 10219
f 10233 10257 10234
f 10257 10258 10234
f 10239 10245 10219
f 10259 10260 10261
f 10227 10246 10228
f 10262 10263 10264
f 10265 10266 10267
f 10268 10269 10270
f 10242 10241 10271
f 8182 10272 10273
f 10274 10275 10276
f 8161 10277 10278
f 10279 10270 10280
f 8175 8161 10278
f 10281 10282 10283
f 10270 10269 10280
f 10268 10284 10269
f 10284 10285 10269
f 10286 10274 10276
f 8182 8175 10272
f 8175 10278 10272
f 8110 8128 10287
f 8110 10287 10288
f 8070 8110 10288
f 10289 10290 10291
f 8070 10288 10292
f 10291 10290 10293
f 10294 10295 10296
f 10297 10298 10299
f 10300 10301 10302
f 8343 8070 10303
f 8070 10292 10303
f 10297 10299 10304
f 10304 10299 10305
f 10306 10307 10308
f 8330 10309 8328
f 8328 10309 10310
f 10304 10305 10311
f 10312 10306 10308
f 8301 8300 10313
f 10314 10315 10316
f 10315 10317 10316
f 8301 10313 10318
f 10314 10316 10319
f 10319 10316 10320
f 10321 10312 10322
f 10312 10308 10322
f 10323 8268 10324
f 8268 8269 10324
f 10325 10319 10320
f 10326 10321 10322
f 10327 10328 10329
f 10330 10331 10332
f 10333 10334 10335
f 10334 10336 10335
f 10337 10338 10339
f 8204 10340 8196
f 10337 10339 10341
f 10342 10343 10344
f 10344 10343 10345
f 10345 10343 10346
f 10347 10348 10349
f 10350 10351 10352
f 10353 10354 10355
f 10356 10357 10358
f 10359 10360 10361
f 10362 8299 10363
f 10364 10365 10366
f 10367 8245 8215
f 10364 10368 10365
f 10363 8299 10369
f 10352 10351 10370
f 10371 10364 10366
f 10372 10353 10373
f 10371 10366 10374
f 10353 10355 10373
f 10375 10376 10377
f 10378 10379 10380
f 10379 10381 10380
f 10382 8288 10383
f 10383 8288 8281
f 10372 10373 10384
f 10385 10386 10387
f 10388 10389 10390
f 10391 10392 10393
f 10394 8281 8279
f 10395 10372 10396
f 10372 10384 10396
f 10347 10397 10348
f 10388 10390 10398
f 10399 10400 8142
f 10400 8273 8142
f 10401 10399 8142
f 10402 10401 8205
f 10401 8142 8205
f 10402 8205 8299
f 10403 10404 10405
f 10406 10407 10408
f 10409 10410 10411
f 10412 10413 10414
f 10415 10404 10403
f 8217 10416 8218
f 10411 10410 10417
f 10418 10419 10420
f 10420 10421 10422
f 10423 10406 10408
f 10424 10425 10426
f 10427 10428 10422
f 10429 10430 10431
f 10421 10427 10422
f 10428 10432 10422
f 10420 10419 10421
f 10433 10434 10435
f 10419 10436 10421
f 10437 10424 10438
f 10424 10426 10438
f 10439 10429 10440
f 10440 10429 10431
f 10419 10441 10436
f 10442 10443 10444
f 10445 10446 10447
f 10446 10448 10447
f 10449 10450 10451
f 8067 10452 8359
f 10452 10453 8359
f 10454 10455 10456
f 10456 10457 10458
f 10459 10460 10454
f 10461 10456 10458
f 10462 10463 10464
f 10465 8378 10466
f 10454 10460 10455
f 10456 10455 10457
f 10467 8121 10468
f 10465 10469 8378
f 10470 10471 10472
f 10473 10474 10475
f 10469 8379 8378
f 10476 10470 10472
f 10468 8121 8120
f 10477 10478 10479
f 10480 10481 10482
f 10463 10483 10464
f 10484 10485 10483
f 10483 10486 10464
f 10483 10485 10486
f 9203 9088 10487
f 10487 9088 10488
f 9088 9087 10489
f 10488 9088 10489
f 9087 9159 10489
f 9159 8262 10489
f 8262 8267 10490
f 10489 8262 10490
f 8267 8114 10491
f 10490 8267 10491
f 10491 8114 10492
f 10492 8114 10493
f 8114 8335 10494
f 8335 8377 10494
f 10493 8114 10494
f 10495 10496 10497
f 10498 10496 10495
f 10499 10498 10495
f 10500 10498 10499
f 10501 10502 10500
f 10501 10500 10499
f 10503 10504 10502
f 10503 10502 10501
f 10505 10504 10503
f 10506 10505 10503
f 10507 10508 10509
f 10510 10511 10512
f 10511 10513 10512
f 10514 10515 10516
f 10515 10517 10516
f 10518 10519 10520
f 10518 10520 10521
f 8413 10522 10523
f 10524 10525 10526
f 10525 10527 10526
f 10528 10529 10530
f 10527 10531 10526
f 8414 8420 8419
f 10532 10533 10534
f 10535 10536 10537
f 10538 10539 10540
f 10541 10542 10543
f 10544 10545 10546
f 10547 10548 10549
f 8413 10523 8414
f 10529 10550 10530
f 8449 8429 8420
f 10551 8420 8414
f 10527 10552 10531
f 10541 10543 10553
f 10554 10555 10556
f 10557 10558 10559
f 8452 8451 10560
f 10561 10562 10563
f 10564 10565 10566
f 10566 10565 10567
f 10568 10569 10570
f 10571 10569 10568
f 10572 10568 10570
f 10572 10570 10573
f 10574 10569 10571
f 10574 10575 10569
f 10576 10572 10573
f 10577 10576 10573
f 10578 10575 10574
f 10578 10579 10575
f 10580 10579 10578
f 10581 10579 10580
f 10582 10583 10577
f 10584 10581 10580
f 10585 10583 10582
f 10586 10581 10584
f 10587 10585 10582
f 10588 10587 10582
f 10589 10581 10586
f 10590 10587 10588
f 10591 10581 10589
f 10592 10591 10589
f 10593 10591 10592
f 10594 10595 10590
f 10596 10595 10594
f 10597 10598 10593
f 10599 10596 10594
f 10600 10598 10597
f 10601 10599 10594
f 10602 10598 10600
f 10603 10599 10601
f 10604 10602 10600
f 10605 10603 10601
f 10606 10602 10604
f 10607 10602 10606
f 10608 10607 10606
f 10609 10610 10611
f 10612 10607 10608
f 10613 10614 10615
f 10616 10612 10608
f 10617 10613 10615
f 8729 8731 10618
f 10619 10620 10621
f 10622 10616 10623
f 10624 10622 10623
f 10625 10619 10621
f 10626 10619 10625
f 10627 10622 10624
f 10628 10626 10625
f 10629 10626 10628
f 10630 10622 10627
f 10631 10630 10627
f 10632 10629 10628
f 10633 10630 10631
f 10634 10633 10631
f 10635 10632 10628
f 10636 10632 10635
f 10637 10633 10634
f 10638 10636 10635
f 10639 10637 10634
f 10640 10637 10639
f 10641 10636 10638
f 10642 10641 10638
f 10643 10640 10639
f 10644 10640 10643
f 10645 10644 10643
f 10646 10644 10645
f 10647 10646 10645
f 10648 10646 10647
f 10649 10648 10647
f 10650 10648 10649
f 10651 10650 10649
f 10652 10650 10651
f 10653 10654 10655
f 10656 10657 10658
f 10659 10660 10661
f 10662 10656 10658
f 10663 10659 10661
f 10664 10665 10666
f 10667 10668 10669
f 10667 10670 10668
f 10671 10672 10673
f 10671 10674 10672
f 10675 10676 10677
f 10678 10675 10677
f 10679 10680 10681
f 10682 10683 10684
f 10685 10679 10681
f 10686 10682 10684
f 10687 10688 10689
f 10687 10690 10688
f 10653 10655 10691
f 10692 10693 10694
f 10695 10696 10697
f 10693 10698 10694
f 10698 10699 10694
f 10700 10701 10702
f 10703 10704 10705
f 10706 10707 10708
f 10709 10710 10711
f 10712 10713 10711
f 10714 10715 10716
f 10703 10717 10704
f 10718 10719 10720
f 10717 10721 10704
f 10713 10722 10709
f 10711 10713 10709
f 10720 10719 10723
f 10724 10725 10726
f 10727 10728 10729
f 10710 10730 10711
f 10731 10732 10733
f 10730 10734 10711
f 10716 10695 10714
f 10695 10697 10714
f 10735 10696 10695
f 10736 10737 10738
f 10739 10740 10741
f 10742 8960 9043
f 10743 8960 10742
f 10744 10745 10746
f 10747 10748 10749
f 10750 10751 10752
f 10753 10750 10752
f 10754 10755 10756
f 10757 10758 10759
f 10760 10761 10762
f 10753 10752 10763
f 10764 10765 10766
f 10767 10768 10769
f 10747 10770 10748
f 10766 10765 10771
f 10772 10773 10774
f 8938 8960 10743
f 10769 10775 10767
f 10776 10777 10778
f 10749 10748 10754
f 10754 10748 10755
f 10764 10779 10765
f 10780 10781 10782
f 10783 10784 10785
f 10776 10778 10786
f 8947 10787 10788
f 9008 8940 10789
f 8940 8947 10789
f 8947 10788 10789
f 8991 9008 10790
f 9008 10789 10790
f 10791 10792 10793
f 10794 10795 10796
f 10791 10793 10797
f 10798 10799 10800
f 10801 10798 10800
f 10802 10803 10804
f 10805 10802 10804
f 10806 10807 10808
f 10805 10804 10809
f 10808 10807 10810
f 10811 10812 10813
f 10814 10815 10816
f 10801 10800 10817
f 10818 10801 10817
f 10819 10820 10821
f 10820 10822 10821
f 10813 10812 10823
f 10817 10824 10818
f 10825 10808 10810
f 10826 10827 10828
f 10829 10830 10831
f 10813 10823 10832
f 10833 10834 10835
f 10836 10825 10837
f 9211 10838 10839
f 10825 10810 10837
f 10840 10836 10837
f 10841 10816 10842
f 10816 10815 10842
f 9207 9211 10843
f 9211 10839 10843
f 10844 10845 10846
f 10840 10837 10798
f 10798 10837 10799
f 10811 10841 10812
f 10841 10842 10812
f 10847 10792 10791
f 10848 10849 10850
f 10851 10852 10853
f 10854 10851 10853
f 10853 10852 10855
f 10856 10857 10858
f 10859 10860 10861
f 10862 9131 9171
f 10863 9131 10862
f 10864 9131 10863
f 10865 10866 10867
f 10867 10866 10868
f 10869 10870 9154
f 10871 9154 9132
f 10872 10871 10873
f 10873 10871 9132
f 10874 10875 10876
f 10877 10878 10879
f 10878 10880 10879
f 10881 9145 9197
f 10882 9132 9131
f 10883 10884 10885
f 10886 10883 10885
f 10874 10876 10887
f 10887 10876 10888
f 10889 10890 10891
f 10892 10893 10894
f 10893 10895 10894
f 10896 10897 10898
f 10899 10887 10900
f 10887 10888 10900
f 10901 9182 10902
f 9182 9176 10902
f 10903 10886 10904
f 10896 10898 10905
f 10906 10907 10865
f 10899 10900 10865
f 10865 10900 10908
f 10870 10909 9154
f 10909 9176 9154
f 10910 10911 10912
f 10906 10865 10867
f 10865 10908 10866
f 9109 9145 10913
f 10913 9145 10914
f 9145 10915 10916
f 10914 9145 10916
f 10914 10916 10917
f 10918 10914 10917
f 10919 10918 10920
f 10921 10919 10920
f 10918 10917 10920
f 10922 10923 10924
f 10925 10926 10927
f 10926 10928 10927
f 10929 10922 10930
f 10922 10924 10930
f 10931 10932 10933
f 9110 10925 9116
f 10934 10935 10936
f 10933 10932 10937
f 9116 10925 10938
f 9110 9109 10925
f 10939 10940 10941
f 9109 10942 10925
f 10943 10941 10940
f 10934 10936 10944
f 10939 10945 10940
f 10938 10925 10927
f 8962 10946 10947
f 10948 10949 10950
f 10951 10952 10953
f 10947 10946 10954
f 10955 10956 10957
f 8964 8988 10958
f 10958 8988 10955
f 8988 10956 10955
f 9228 10959 9229
f 9229 10959 10960
f 10961 10962 10963
f 10964 10965 10966
f 10967 10968 10969
f 10963 10962 10970
f 10970 10962 10971
f 10972 10969 10968
f 10958 10955 10973
f 8964 10958 10946
f 10974 10958 10973
f 10975 10972 10968
f 10972 10975 10976
f 10977 10978 10979
f 8964 10946 8962
f 10980 10943 10981
f 10982 10980 10981
f 10975 10983 10984
f 10976 10975 10984
f 10985 10986 10987
f 10988 10989 10990
f 10991 10992 10993
f 10994 10995 10996
f 10997 10998 10999
f 11000 9618 9620
f 11001 11000 11002
f 11000 9620 11002
f 11003 11004 11005
f 11006 11004 11003
f 11007 11008 11009
f 11006 11003 11010
f 11011 11001 11002
f 11011 11002 11012
f 11013 11014 11015
f 11016 11017 11018
f 11019 9611 9564
f 11020 11021 11022
f 11021 11023 11022
f 11024 11011 11025
f 11011 11012 11025
f 11025 11012 10089
f 10088 11025 10089
f 11022 11023 11026
f 11027 11028 11029
f 11030 11027 11029
f 11031 11032 11033
f 11034 11035 11036
f 11037 11038 11039
f 10954 11040 10947
f 11041 11042 11043
f 11042 11044 11043
f 11044 11045 11046
f 11047 11048 11049
f 11047 11049 11050
f 11050 11049 11051
f 11052 11053 11054
f 11052 11054 11055
f 11056 11052 11055
f 11057 11058 11059
f 11059 11058 11060
f 11061 11062 11063
f 9247 9246 11064
f 9284 11065 9285
f 9291 9293 11066
f 11067 11068 11069
f 11070 11071 11072
f 11073 11067 11069
f 11074 11075 11076
f 11074 11077 11075
f 11078 11079 11080
f 11081 11082 11083
f 11084 11085 11086
f 11087 11088 11089
f 11090 11091 11092
f 11093 11094 11095
f 11095 11096 11093
f 11097 11098 11099
f 9319 9310 9318
f 9310 11100 9318
f 11101 11097 9318
f 11100 11102 9318
f 11097 11099 9318
f 11103 11104 9365
f 11105 11106 11107
f 9363 11103 9365
f 11108 11109 11110
f 11111 11112 11113
f 11114 11115 11116
f 11117 11118 11119
f 11120 11121 11122
f 11110 11109 11123
f 9318 11124 9307
f 11125 11126 11127
f 11128 11129 11130
f 11131 11132 11133
f 11105 11107 11134
f 11115 11135 11116
f 9307 11124 11136
f 11137 11116 11135
f 11136 11124 11138
f 11139 11140 11141
f 11142 11143 11144
f 11145 11146 11147
f 9300 9303 11148
f 11136 11138 11149
f 11139 11141 11150
f 11151 11142 11144
f 11152 11153 11154
f 11155 9300 11112
f 11155 11112 11156
f 11157 11158 11159
f 11160 11161 11109
f 11162 11104 11163
f 11112 9300 11148
f 11109 11161 11164
f 11103 11163 11104
f 11165 11166 11167
f 11157 11159 11168
f 11169 11170 11171
f 11108 11160 11109
f 11156 11112 11111
f 9361 11172 9366
f 11169 11171 11173
f 9242 9245 11174
f 11174 9245 11175
f 9315 11176 9350
f 9265 9267 11177
f 11178 9265 11177
f 11179 11180 11181
f 9274 9276 11182
f 11183 11181 11180
f 11184 11185 11186
f 11184 11186 11187
f 9351 11188 9334
f 11189 11190 11191
f 11182 9276 11192
f 11193 11194 11195
f 11196 11189 11191
f 11197 11198 11199
f 11200 11201 11202
f 11193 11195 11203
f 11204 11196 11205
f 11196 11191 11205
f 11206 11207 11208
f 9299 9298 11209
f 11210 9305 9304
f 11211 11208 11207
f 11204 11205 11212
f 11210 9304 11213
f 9304 11214 11213
f 11215 11216 11217
f 11218 11208 11211
f 11219 11220 11221
f 11222 11219 11221
f 11223 11224 11225
f 11226 11085 11084
f 11227 11228 11229
f 11230 11231 11232
f 11227 11229 11233
f 11234 11235 11236
f 11237 11238 11239
f 11240 11241 11242
f 11243 11234 11236
f 9357 9359 11244
f 11245 11246 11247
f 11243 11236 11248
f 11249 11246 11245
f 11250 11251 11252
f 11253 9380 11254
f 9380 11253 9381
f 11255 11256 11257
f 9368 11257 9369
f 9368 11255 11257
f 11258 11259 11260
f 11261 11262 11263
f 11264 11265 11266
f 11267 11268 11269
f 11270 11271 11272
f 11273 11274 11275
f 11276 11277 11278
f 11279 11270 11272
f 9390 11280 9398
f 11281 11282 11283
f 11284 11285 11286
f 11287 11288 11289
f 11290 11289 11291
f 11290 11287 11289
f 11292 11290 11291
f 11293 11290 11292
f 11294 11293 11295
f 11294 11290 11293
f 11296 11297 11298
f 11299 11300 11301
f 11302 11303 11304
f 11300 11305 11301
f 9395 9394 11306
f 11307 9395 11306
f 11308 11309 11310
f 11311 11312 11313
f 11309 11314 11310
f 11315 9400 11316
f 9400 9392 11316
f 11317 11318 11319
f 11315 11316 11320
f 11321 11322 11323
f 11319 11318 11324
f 11318 11325 11324
f 11326 11321 11323
f 9468 9467 11327
f 11303 11328 11329
f 11330 11331 11332
f 11333 11332 11331
f 11296 11334 11297
f 11303 11329 11304
f 11335 11336 11337
f 11338 11339 11340
f 11341 11342 11343
f 11344 11345 11346
f 11347 11338 11340
f 11348 11342 11341
f 11349 11350 11351
f 9542 9547 11352
f 11353 11350 11349
f 11354 11344 11346
f 11355 11356 11357
f 11358 11348 11341
f 11359 11360 11361
f 11362 11363 11364
f 11365 11366 11367
f 9539 9542 11352
f 11368 11348 11358
f 11369 11370 11371
f 11372 11373 11374
f 11375 11353 11349
f 11376 11377 11378
f 11379 11377 11376
f 11380 11381 11382
f 11383 11355 11357
f 11384 11385 11386
f 11387 11388 11389
f 11390 11391 11392
f 11393 11394 11395
f 11396 11397 11398
f 11399 11379 11376
f 11400 11358 11401
f 11400 11368 11358
f 11402 11379 11399
f 11403 11380 11382
f 11404 11405 11406
f 11407 11408 11409
f 11410 11411 11412
f 11413 11398 11414
f 11413 11396 11398
f 11415 11401 11416
f 11415 11400 11401
f 11417 11418 11419
f 11420 11402 11399
f 11421 11414 11422
f 11423 11424 11425
f 11421 11413 11414
f 11426 11424 11423
f 11427 11410 11412
f 11428 11421 11422
f 11428 11422 11429
f 11430 11426 11423
f 11431 11415 11416
f 11432 11426 11430
f 11433 11419 11434
f 11433 11417 11419
f 11435 11436 11437
f 11438 11428 11429
f 11439 11428 11438
f 11440 11434 11441
f 11442 11432 11430
f 11443 11444 11445
f 11440 11433 11434
f 11342 11446 11343
f 11336 11438 11337
f 11336 11439 11438
f 11447 11435 11437
f 11351 11443 11445
f 11448 11449 11450
f 11350 11443 11351
f 11345 11451 11346
f 11452 11453 11454
f 11455 11456 11377
f 11457 11458 11459
f 11460 11461 11462
f 11463 11464 11465
f 11466 11458 11457
f 11378 11377 11456
f 11467 9508 9506
f 11467 11468 9508
f 11469 11470 11471
f 11472 11473 11474
f 11475 11460 11462
f 11476 11477 11478
f 11479 11466 11457
f 11480 11481 11482
f 11483 11484 11485
f 11486 11470 11469
f 11487 11386 11488
f 11487 11384 11386
f 11489 11389 11490
f 11489 11387 11389
f 11491 11472 11474
f 11492 11476 11478
f 11493 11494 11495
f 11496 11497 11498
f 11499 11480 11482
f 11500 11483 11485
f 11501 11487 11488
f 11502 11483 11500
f 11503 11504 11505
f 11506 11490 11507
f 11506 11489 11490
f 11508 11509 11510
f 11511 11512 11513
f 11514 11496 11498
f 11515 11516 11517
f 11518 11496 11514
f 11519 11493 11495
f 11520 11521 11522
f 11523 11506 11507
f 11524 11508 11510
f 11525 11506 11523
f 11526 11511 11513
f 11527 11518 11514
f 11528 11518 11527
f 11529 11530 11531
f 11532 11515 11517
f 11533 11534 11535
f 11536 11520 11522
f 11537 11538 11539
f 11540 11541 11542
f 11529 11531 11543
f 11533 7453 11534
f 11544 11525 11523
f 11545 11528 11527
f 11546 11528 11545
f 11547 11548 11549
f 11550 11551 11552
f 11553 11537 11539
f 7453 11533 11554
f 11554 9500 7453
f 11555 11556 11557
f 11558 11540 11542
f 11559 11546 11545
f 11560 11547 11549
f 11561 11546 11559
f 11562 11563 11564
f 11565 11550 11552
f 11566 11555 11557
f 11567 11568 11569
f 11570 9483 9484
f 11571 11561 11559
f 11570 9481 9483
f 11572 11561 11571
f 11573 11574 11575
f 11576 11562 11564
f 11577 11562 11576
f 11578 11579 11580
f 11581 11567 11569
f 11582 11573 11575
f 11583 11572 11571
f 11584 11572 11583
f 11585 11576 11586
f 11585 11577 11576
f 11587 11588 11589
f 11453 11578 11580
f 11452 11578 11453
f 11590 11584 11583
f 11458 11591 11459
f 11464 11592 11465
f 11593 11585 11586
f 11594 11595 11596
f 11471 11470 11597
f 11598 11599 11600
f 11601 11602 11603
f 11604 11605 11606
f 11606 11605 11607
f 11608 11609 11610
f 11611 11612 11613
f 11614 11615 11616
f 11617 11618 11619
f 11620 11617 11619
f 11621 11622 11623
f 11624 11625 11626
f 11627 11628 11629
f 11630 11631 11632
f 11633 11634 11635
f 9616 11636 9617
f 11637 11636 9616
f 11638 9568 9567
f 11639 11638 9567
f 11640 9567 11641
f 11640 11639 9567
f 11642 9604 9603
f 11643 11640 11641
f 11644 11642 9603
f 11645 11646 11647
f 11648 11649 11650
f 11651 11652 11653
f 11654 11652 11651
f 11655 11656 11657
f 11655 11657 11658
f 11659 11660 11661
f 11662 11663 11664
f 11665 11666 11667
f 11668 11669 11670
f 11671 11672 11673
f 11674 11675 11676
f 11677 11678 11679
f 11680 11681 11682
f 11683 11684 11685
f 11686 11687 11688
f 11689 11690 11680
f 11691 11692 11693
f 11694 11695 11696
f 11697 11698 11699
f 11700 11701 11702
f 11703 11704 11705
f 11703 11705 11706
f 11707 11708 11707
f 11709 11704 11710
f 11689 11680 11682
f 11711 11712 11713
f 11714 11715 11716
f 11717 11718 11719
f 11720 11721 11720
f 11722 11707 11707
f 11723 11724 11725
f 11726 11727 11728
f 11729 11730 11731
f 11732 11733 11734
f 11735 11720 11720
f 11736 11733 11732
f 11735 11720 11735
f 11737 11701 11738
f 11739 11740 11741
f 11742 11743 11744
f 11745 11735 11735
f 11746 11736 11732
f 11747 11748 11749
f 11750 11751 11752
f 11702 11701 11737
f 11683 11753 11684
f 11754 11755 11756
f 11757 11758 11759
f 11760 11761 11762
f 11705 11704 11763
f 11764 11765 11766
f 11763 11704 11709
f 11713 11712 11767
f 11768 11769 11770
f 11771 11772 11773
f 11774 11772 11771
f 11775 11776 11777
f 11778 11779 11780
f 11768 11781 11782
f 11768 11782 11769
f 11783 11784 11785
f 11786 11787 11788
f 11789 11790 11791
f 11792 11793 11794
f 11792 11795 11793
f 11796 9558 9557
f 11797 11798 11799
f 1422 1425 11800
f 11801 11802 11803
f 11804 11805 11806
f 11807 11808 11809
f 9670 11810 9732
f 11804 11806 11811
f 11812 11813 11814
f 11807 11809 11815
f 1402 1401 11816
f 11817 11818 11819
f 11820 11821 11822
f 11823 11824 11825
f 11826 9709 9708
f 11826 11827 9709
f 11828 11826 9708
f 11829 11830 11831
f 11829 11832 11830
f 11833 11829 11831
f 10156 11834 9738
f 10156 11835 11834
f 10072 10156 9738
f 9737 10072 9738
f 1381 11836 1378
f 11837 9782 9780
f 1378 11836 11838
f 1365 1368 11839
f 1368 11840 11839
f 11841 11842 11843
f 11844 11841 11843
f 11845 11846 11847
f 11846 11848 11847
f 11849 11850 11851
f 11852 11853 11854
f 11855 11852 11854
f 9786 9784 11856
f 1376 1378 11857
f 1378 11838 11857
f 1365 11858 1362
f 11859 11860 11861
f 1362 11858 11862
f 11844 11843 11863
f 11864 11865 11866
f 11867 11868 11869
f 11845 11847 11870
f 11863 11843 11871
f 11869 11868 11872
f 11873 11874 11875
f 11876 11877 11878
f 11855 11854 11879
f 11878 11877 11880
f 1362 11862 11881
f 11882 11883 11884
f 11885 11886 11887
f 1373 1376 11888
f 1376 11857 11888
f 11884 11883 11889
f 11890 11873 11875
f 11859 11861 11891
f 11892 9780 9779
f 11891 11861 11893
f 1362 11894 1360
f 1360 11894 11895
f 11896 11897 11898
f 11899 11900 11901
f 11901 11900 11902
f 11903 11863 11904
f 11863 11871 11904
f 11905 1357 1360
f 11890 11875 11906
f 11878 11880 11907
f 11908 11890 11906
f 11909 9784 9782
f 11907 11880 11910
f 11884 11889 11911
f 1373 11912 1370
f 11905 1360 11895
f 1370 11913 11914
f 11915 11908 11906
f 11891 11893 11916
f 11917 11918 11919
f 11920 9774 9786
f 11921 11920 9786
f 11922 11923 11924
f 11896 11898 11925
f 11926 11927 11919
f 11919 11918 11926
f 1384 11901 11928
f 11901 11902 11928
f 11925 11898 11929
f 11903 11904 11930
f 11907 11910 11931
f 11931 11910 11932
f 11930 11904 9782
f 11849 11933 11850
f 1370 11914 1368
f 11931 11932 11934
f 1368 11914 11935
f 1384 11928 1381
f 11925 11929 11852
f 11852 11929 11853
f 1381 11928 11836
f 11930 9782 11837
f 1368 11935 11936
f 11937 11938 11939
f 11940 11941 11942
f 11940 11942 11943
f 9813 9812 11944
f 9812 11945 11944
f 9825 11946 9864
f 11946 11947 9864
f 11948 11949 11950
f 11951 11948 11952
f 11948 11950 11952
f 11953 11954 11955
f 11954 11956 11955
f 11957 11958 11311
f 11957 11311 11313
f 11959 11960 11961
f 11961 11960 11962
f 11963 11964 11965
f 11966 11967 11968
f 11969 11970 11971
f 11968 11972 11966
f 11965 11964 11973
f 11974 11975 11976
f 11977 11978 11979
f 11978 11980 11979
f 11981 11982 11983
f 11984 11985 11986
f 11974 11976 11987
f 1357 11905 11988
f 11989 1357 11988
f 11987 11976 11990
f 11961 11962 11991
f 11965 11973 11992
f 11993 11923 11994
f 11992 11973 11995
f 11923 11922 11994
f 9777 9781 11996
f 11997 11927 11998
f 11927 11926 11998
f 11977 11979 11999
f 11987 11990 12000
f 12001 11977 11999
f 12002 12003 12004
f 11989 12005 12006
f 12007 12008 12009
f 12010 12011 12012
f 12013 12007 12009
f 12014 11989 12006
f 12015 12016 12017
f 11993 11994 12018
f 12019 11992 12020
f 11992 11995 12020
f 12018 11994 12021
f 11997 11998 12022
f 12023 12024 12025
f 12026 12027 12028
f 12001 11999 12029
f 12013 12009 12030
f 12029 11999 12031
f 12030 12009 12032
f 12033 12034 12035
f 12035 12034 12036
f 12029 12031 12037
f 12023 12025 12038
f 9781 9783 12039
f 12040 9778 9777
f 12041 12010 12042
f 12010 12012 12042
f 12043 12030 12044
f 12014 12045 12046
f 12030 12032 12044
f 12046 12045 12047
f 12048 12049 12050
f 12019 12020 12051
f 12052 12019 12051
f 12035 12036 12053
f 12054 12018 12055
f 12018 12021 12055
f 12056 12043 12057
f 12043 12044 12057
f 11959 12058 11960
f 12048 12050 11964
f 11963 12048 11964
f 12041 12042 12059
f 12059 12042 12060
f 11978 12061 11980
f 12061 12062 11980
f 11969 12046 11970
f 12046 12047 11970
f 12052 12051 12063
f 12064 12052 12063
f 12056 12057 12065
f 12066 12054 12067
f 12068 12069 12070
f 12054 12055 12067
f 12071 12072 12073
f 12071 12074 12072
f 12075 12076 12077
f 12078 12079 12080
f 12081 12082 12083
f 12084 12085 12086
f 12087 12088 12089
f 12090 12087 12089
f 12091 12092 12093
f 12091 12094 12092
f 12095 12096 12097
f 12098 12099 12100
f 12101 12102 12103
f 12104 9966 9922
f 9966 9923 9922
f 12105 12106 12107
f 12108 12109 12110
f 12105 12107 12111
f 12108 12110 12112
f 9901 12113 9897
f 12114 12115 12116
f 12117 12118 12119
f 12118 12120 12119
f 12121 12122 12123
f 12124 12125 12126
f 12116 12115 12127
f 12115 12128 12127
f 12129 12116 12130
f 12116 12127 12130
f 12131 12132 12133
f 12134 12135 12136
f 12137 12138 12139
f 12140 12141 12142
f 12117 12119 12143
f 12143 12119 12144
f 12114 12116 12145
f 12146 12147 12148
f 12149 10279 12150
f 12151 12152 12153
f 10279 10280 12150
f 12153 12152 12154
f 12155 12156 12157
f 12158 12159 12160
f 12161 12162 12163
f 10286 10276 12164
f 12165 10286 12164
f 12143 12144 12166
f 12167 12143 12166
f 12168 12169 12170
f 12171 12172 12173
f 12172 12174 12173
f 12157 12156 12175
f 12161 12163 12176
f 12177 12129 12178
f 12129 12130 12178
f 12161 12176 12179
f 12149 12150 12180
f 12181 12182 12183
f 12184 12185 12186
f 12187 12188 12189
f 12190 12191 12192
f 12193 12194 12195
f 12164 12196 12197
f 12165 12164 12198
f 12121 12149 12199
f 12191 12200 12192
f 12198 12164 12197
f 12149 12180 12199
f 12201 12202 12203
f 12157 12175 12204
f 12202 12205 12203
f 12204 12175 12206
f 12199 12180 12122
f 12207 12187 12208
f 12187 12189 12208
f 12177 12178 12209
f 12210 12211 12212
f 12209 12178 12213
f 12214 12215 12216
f 12115 12217 12128
f 12218 12219 12220
f 12215 12221 12216
f 12131 12222 12132
f 12220 12219 12223
f 12222 12224 12132
f 12225 12226 12227
f 12204 12206 12228
f 9981 12229 12230
f 12121 12199 12122
f 12231 12232 12233
f 12234 12235 12236
f 12233 12232 9987
f 12237 12238 12239
f 12137 12240 12138
f 12240 12241 12138
f 12242 12243 12244
f 12243 12245 12244
f 12246 12247 12248
f 12247 12249 12248
f 12250 12251 12252
f 12252 12251 12253
f 12254 12255 12256
f 12257 12258 12259
f 12242 12244 12260
f 12261 12246 12262
f 12246 12248 12262
f 12263 12252 12264
f 12252 12253 12264
f 12265 12266 12267
f 12268 12269 12270
f 12261 12262 12271
f 12272 12273 12274
f 12263 12264 12275
f 12275 12264 12276
f 12265 12267 12277
f 12277 12267 12278
f 10287 8128 12279
f 12280 12281 12282
f 12281 12283 12282
f 10295 10294 12284
f 10295 12284 12285
f 10002 10001 10027
f 12233 9987 9986
f 9981 12230 9984
f 12286 12287 12288
f 12286 12288 12289
f 12290 1272 1271
f 12291 12286 12289
f 12291 12289 12292
f 12293 12294 12295
f 12296 12297 12298
f 12299 1309 1308
f 12300 10044 1316
f 12299 1308 12301
f 12293 12295 12302
f 12303 10241 10243
f 12291 12304 12305
f 12291 12292 12304
f 12296 12298 12306
f 12301 12307 10256
f 12301 10256 10255
f 12301 12308 12307
f 12300 12309 12310
f 12299 12301 10255
f 10044 12300 12310
f 12311 12312 12313
f 12314 12315 12316
f 1435 1437 12317
f 12318 12319 12320
f 1436 1435 12317
f 12321 12322 12323
f 12324 12325 12326
f 12327 12328 12329
f 12330 12328 12327
f 12311 12331 12312
f 12332 12333 12334
f 12333 12335 12334
f 12336 12337 10285
f 10230 10229 12338
f 10284 12336 10285
f 10271 10241 12303
f 10271 12303 12339
f 12340 10271 12339
f 12170 12341 12342
f 12170 12169 12341
f 12343 12342 12344
f 12343 12170 12342
f 12345 12343 12344
f 12346 12347 12348
f 12349 12347 12346
f 12350 12351 12352
f 12350 12353 12351
f 12205 12354 12355
f 12205 12356 12354
f 12203 12355 12357
f 12203 12205 12355
f 12358 1331 1330
f 12359 12203 12357
f 12360 12361 12362
f 12363 12358 1330
f 12184 12360 12362
f 12185 12362 12364
f 12185 12184 12362
f 12365 12366 12367
f 12368 12185 12364
f 12369 12365 12367
f 10001 12370 10027
f 10001 12371 12370
f 12372 12373 12374
f 12375 12376 12377
f 12378 12379 12380
f 12381 12382 12383
f 12384 12385 12386
f 12387 12388 12389
f 12390 12391 12392
f 12374 12373 12393
f 12394 12395 12396
f 12397 12398 12399
f 12378 12380 12400
f 10300 12401 12402
f 12403 10301 10300
f 12402 12403 10300
f 12404 12405 12406
f 12407 12408 12409
f 10370 12410 10352
f 12411 12412 12413
f 12414 12415 12416
f 10349 12417 10347
f 12418 12419 12420
f 12421 12422 12423
f 10376 10375 12424
f 12425 10352 12410
f 12419 12418 12426
f 12427 12428 12429
f 12430 12431 12432
f 10396 12433 10395
f 12434 12435 12436
f 12437 12434 12438
f 12437 12435 12434
f 10402 8299 10362
f 12439 12440 12441
f 12442 10357 10356
f 12443 12444 12445
f 12446 12447 12448
f 12449 12450 12451
f 12452 12453 12454
f 12454 12453 12455
f 12456 12457 12458
f 12458 12457 12459
f 12460 12461 12462
f 12463 12464 12465
f 12461 12466 12462
f 12467 12468 12469
f 12468 12470 12469
f 12471 12472 12473
f 12474 12475 12476
f 12472 12477 12473
f 12478 12471 12473
f 12458 12459 12479
f 12480 12481 12482
f 12481 12483 12482
f 12484 12460 12485
f 12453 12452 12486
f 12460 12462 12485
f 12487 12484 12485
f 12463 12465 12488
f 12489 12463 12488
f 12490 12491 12492
f 12493 12494 12495
f 12492 12491 12496
f 12497 12493 12495
f 12489 12488 12456
f 12456 12488 12457
f 12461 12492 12466
f 12492 12496 12466
f 10442 12498 12499
f 12498 12500 12499
f 10443 10442 12499
f 10443 12499 12501
f 12502 12503 12504
f 12502 12504 12505
f 12506 12507 12508
f 12509 12510 12511
f 12512 12513 12512
f 12512 12512 12514
f 12515 12516 12517
f 12518 12519 12520
f 12521 12522 12521
f 12523 12524 12525
f 12521 12521 12526
f 12527 12528 12529
f 12506 12508 12530
f 12531 12532 12533
f 12534 12532 12531
f 12535 12536 12537
f 12538 12539 12540
f 12541 12542 12543
f 12544 12545 12546
f 12547 12548 12549
f 12550 12550 12551
f 12547 12549 12552
f 12553 12554 12553
f 12553 12553 12555
f 12556 12557 10478
f 12558 12550 12550
f 12556 10478 10477
f 12559 12560 12561
f 12562 12563 12564
f 12565 12560 12559
f 12566 12567 12568
f 12569 12567 12566
f 12570 12571 12572
f 12573 12571 12570
f 12574 10481 10480
f 12575 10481 12574
f 12576 12577 8121
f 12576 8121 10467
f 12578 12579 10459
f 12579 10460 10459
f 12580 12581 10484
f 12581 10485 10484
f 12582 12583 12584
f 12585 12586 12587
f 12587 12586 12588
f 12589 12590 12591
f 12592 12593 12594
f 12595 12596 12597
f 12598 12599 12600
f 12601 12602 12603
f 12597 12596 12604
f 12587 12588 12605
f 12605 12588 12606
f 12607 12608 12609
f 12610 12607 12609
f 12611 12612 12613
f 12592 12594 12614
f 12598 12600 12615
f 12616 12617 12618
f 12614 12594 12619
f 12605 12606 12620
f 12597 12604 12621
f 12621 12604 12622
f 12623 12624 12625
f 12626 12627 12628
f 12629 12630 12631
f 12632 12633 12634
f 12635 12629 12631
f 12613 12612 12636
f 12637 12638 12639
f 12640 12613 12636
f 12641 12637 12639
f 12630 12642 12631
f 12643 12644 12645
f 12644 12646 12645
f 12635 12631 12642
f 12647 12648 12649
f 12616 12618 12650
f 12650 12618 12651
f 12652 12628 12627
f 12653 12654 12655
f 12654 12656 12655
f 12641 12639 12599
f 12640 12636 12657
f 12658 12641 12599
f 12643 12645 12582
f 12582 12645 12583
f 12595 12650 12596
f 12650 12651 12596
f 12585 12652 12586
f 12652 12627 12586
f 12653 12655 12659
f 12598 12658 12599
f 12659 12655 12660
f 9203 10487 12661
f 12662 9203 12661
f 12663 12664 12665
f 10696 10735 12666
f 10696 12666 12667
f 12668 12669 12670
f 12668 12670 12671
f 12672 12673 12674
f 12675 12673 12672
f 10570 12676 12677
f 12678 12679 12673
f 12678 12673 12675
f 10598 12680 12681
f 10570 10569 12676
f 12682 12683 12684
f 12685 12686 12687
f 10598 10602 12680
f 12688 12689 12690
f 12691 12692 12693
f 12694 12695 12696
f 12697 12695 12694
f 12698 12675 12672
f 12699 12700 12699
f 12701 12678 12675
f 12702 10605 10601
f 12703 12704 12705
f 12706 12707 12708
f 12709 12710 12711
f 12712 12713 12714
f 12712 12715 12713
f 12716 12717 12718
f 12719 12720 12721
f 12722 12723 12724
f 12725 12726 12727
f 10605 12702 12728
f 12729 12726 12725
f 12730 12731 12730
f 12732 12733 12734
f 10495 10497 12735
f 12736 12737 12738
f 12739 12729 12725
f 12740 12730 12730
f 12741 12742 12743
f 12740 12730 12740
f 12732 12734 12744
f 12745 12746 12747
f 12748 12749 12750
f 12751 12674 12752
f 12753 12691 12693
f 12754 12697 12694
f 12755 12716 12718
f 12751 12672 12674
f 12756 12716 12755
f 12751 12698 12672
f 12757 12699 12699
f 12758 12698 12751
f 12759 12760 12761
f 12762 12763 12762
f 12764 12712 12714
f 12765 12760 12759
f 12766 12753 12693
f 12728 12767 10605
f 12768 12769 12770
f 12771 12772 12773
f 12774 12724 12775
f 12774 12722 12724
f 12776 12758 12751
f 12777 12778 12779
f 12780 12757 12780
f 12781 12762 12762
f 12765 12759 12782
f 12783 12764 12714
f 10593 10598 10591
f 12783 12714 12784
f 12785 12786 12787
f 12788 12789 12788
f 12790 12786 12785
f 12791 12792 12793
f 12794 12745 12747
f 12795 12748 12750
f 12796 12739 12725
f 12797 12798 12797
f 12799 12740 12740
f 12800 10573 12801
f 12802 12739 12796
f 12803 12732 12744
f 12799 12740 12799
f 12804 12732 12803
f 12805 12738 12806
f 12807 12808 12809
f 12810 12799 12799
f 12811 12802 12796
f 12804 12803 12811
f 12812 12808 12807
f 10637 10640 12813
f 12814 12815 12816
f 12817 12818 12817
f 12819 12797 12797
f 12820 10573 12800
f 12820 12800 12821
f 12820 10577 10573
f 12822 12751 12752
f 12823 892 891
f 12824 12756 12755
f 12825 12776 12751
f 12826 12783 12784
f 12827 12788 12788
f 12828 12829 12828
f 12830 12831 12832
f 12833 12776 12825
f 12834 12780 12780
f 12835 12756 12824
f 12836 12781 12836
f 12837 12838 12839
f 12840 12765 12782
f 12841 12777 12779
f 12842 12843 12844
f 12845 10617 10615
f 12846 12847 12848
f 12849 12850 12851
f 12852 12791 12793
f 12853 12854 12855
f 12856 12857 12858
f 12859 12828 12828
f 12860 12861 12856
f 12860 12862 12861
f 12863 12833 12825
f 12864 12836 12836
f 12865 12834 12865
f 12866 12867 12868
f 12869 12774 12775
f 12870 12871 12872
f 12873 12817 12817
f 12874 12820 12821
f 12875 12819 12875
f 12876 12877 12878
f 12879 12880 12881
f 12882 12883 12884
f 12885 12886 12887
f 12888 12889 12890
f 12891 12811 12796
f 12891 12804 12811
f 12892 12886 12885
f 12893 12894 12895
f 12896 12870 12872
f 12897 12875 12875
f 12898 12899 12900
f 12901 12820 12874
f 12902 12903 12904
f 12905 12842 12844
f 10577 12820 12901
f 12906 12907 12908
f 12909 12842 12905
f 12910 12835 12824
f 12860 12856 12858
f 12911 12863 12825
f 12912 12863 12911
f 12913 12865 12865
f 12914 12864 12914
f 12915 12916 12917
f 12918 12919 12920
f 12921 12919 12918
f 12922 12878 12923
f 12924 12925 12926
f 12922 12876 12878
f 12919 10581 10591
f 12927 858 12928
f 12929 12906 12908
f 12930 12931 12932
f 12933 12934 12935
f 12936 12912 12911
f 12937 12938 12939
f 12940 12914 12914
f 12941 12892 12885
f 12942 12943 12944
f 10581 12919 12921
f 12945 12892 12941
f 12946 12947 12948
f 12949 12950 12951
f 12952 12909 12905
f 12953 12954 12955
f 12956 12954 12953
f 12957 12958 12959
f 10582 12901 12960
f 12961 12958 12957
f 12962 12957 12959
f 12963 12964 12963
f 12965 12961 12957
f 10582 10577 12901
f 12966 12967 12968
f 10622 10630 12969
f 12970 12945 12941
f 12971 12972 12973
f 12971 12974 12972
f 12975 12937 12939
f 12976 12977 12976
f 12978 12979 12980
f 12981 12982 12983
f 12984 12985 12986
f 12987 12948 12988
f 12989 12968 12990
f 12987 12946 12948
f 12989 12966 12968
f 10506 10503 12991
f 12992 12915 12917
f 12993 12928 12994
f 12995 12962 12959
f 12996 12922 12923
f 12997 12962 12995
f 12998 12999 12998
f 13000 12963 12963
f 13001 12961 12965
f 13001 12965 13002
f 13003 13004 13005
f 13006 12971 12973
f 13007 12956 12953
f 13006 12973 13008
f 13009 12976 12976
f 13010 13011 13010
f 13012 13013 13014
f 13015 13016 13015
f 13017 10581 13018
f 13017 13018 13019
f 13020 12987 12988
f 13021 907 912
f 13022 12995 13023
f 13024 13025 13026
f 13027 12992 12917
f 13028 13029 13030
f 13022 12997 12995
f 13031 13032 13033
f 13034 12997 13022
f 13035 13036 13037
f 13038 12998 12998
f 13039 13001 13002
f 13038 12998 13038
f 13040 13001 13039
f 13041 13042 13043
f 13044 13045 13046
f 13047 13010 13010
f 13047 13010 13047
f 13048 13049 13050
f 13051 10616 10622
f 13048 13050 13052
f 13053 13028 13054
f 13053 13029 13028
f 13055 13056 13057
f 13058 871 874
f 13059 13015 13015
f 13060 13061 13062
f 13063 13064 13065
f 13066 13067 13068
f 13060 13069 13061
f 13070 13071 13072
f 13073 13074 13075
f 13076 13077 13078
f 13076 13079 13077
f 13080 12994 13081
f 13082 13083 13084
f 13085 13034 13022
f 13086 13038 13038
f 13040 13039 13087
f 13082 13088 13083
f 13089 13044 13046
f 13090 13017 13091
f 13092 13047 13047
f 13093 13094 13093
f 13095 13096 13097
f 10579 13017 13090
f 10612 10616 13051
f 13098 13099 13100
f 13098 13100 13101
f 13102 13070 13072
f 10579 10581 13017
f 13103 13062 13104
f 13105 13022 13023
f 13106 13107 13108
f 13109 13110 13111
f 13103 13060 13062
f 13105 13112 13022
f 13113 13114 13115
f 13116 13117 13118
f 13109 13119 13110
f 13120 13121 13122
f 13123 13093 13093
f 10588 13124 13120
f 10588 13125 13124
f 13126 13127 13128
f 13129 13130 13131
f 13132 13133 13134
f 13135 13102 13072
f 13135 13072 13136
f 13137 13128 13138
f 13137 13126 13128
f 13139 13104 13140
f 13139 13103 13104
f 13129 13131 13141
f 13122 10588 13120
f 13142 13143 13144
f 13145 13143 13142
f 13146 13147 13146
f 13148 13149 13150
f 13151 13152 13153
f 10588 10582 13125
f 13154 13155 13156
f 13157 13152 13151
f 13158 13155 13154
f 13159 13132 13134
f 13160 13161 13162
f 13163 13164 13165
f 13166 13167 13168
f 13169 13118 13170
f 13171 13172 13173
f 13169 13116 13118
f 13174 13139 13140
f 13175 10588 13122
f 13176 10590 10588
f 13177 13178 13179
f 13180 13178 13177
f 13181 13137 13138
f 13182 13146 13146
f 13183 13184 13183
f 13185 13148 13150
f 13185 13150 13186
f 13187 13188 13189
f 13190 13191 13192
f 13193 13172 13171
f 13194 13195 13196
f 13194 13196 13197
f 13198 13199 13200
f 13201 13202 13201
f 13203 13180 13177
f 13204 13199 13198
f 13205 13183 13183
f 13185 13186 13206
f 13176 10594 10590
f 13207 13208 13209
f 13210 13211 13212
f 13213 13214 13215
f 13216 13168 13217
f 13218 13219 13220
f 13221 13214 13213
f 13216 13166 13168
f 13218 13222 13219
f 13223 13224 13225
f 13226 13227 13228
f 10575 10579 13229
f 10602 10607 13230
f 13231 13197 13232
f 13231 13194 13197
f 13233 13234 13235
f 13236 13237 13236
f 13238 13201 13201
f 13239 13240 13241
f 13242 13203 13177
f 13243 13185 13206
f 13244 13245 13246
f 13247 13248 13249
f 13250 13226 13228
f 13251 13252 13253
f 13254 13255 13256
f 13257 13231 13232
f 13258 13236 13236
f 13239 13241 13259
f 13260 13261 13235
f 13262 13263 13264
f 13265 13266 13267
f 13268 13269 13270
f 13271 13257 13232
f 13272 925 924
f 13273 13274 13275
f 13276 13221 13213
f 13277 13278 13279
f 13280 13281 13282
f 13283 13218 13220
f 13284 13218 13283
f 13285 13218 13284
f 13286 13274 13273
f 13287 13235 13288
f 13287 13260 13235
f 13289 13290 13291
f 13292 13293 13294
f 13295 13296 13297
f 13295 13298 13296
f 13299 13284 13283
f 13300 13301 13300
f 13302 13303 13304
f 13305 13306 13307
f 13308 10601 10594
f 13309 13310 13311
f 13312 13313 13314
f 13315 924 928
f 13315 13272 924
f 13316 13279 13317
f 13316 13277 13279
f 12673 13299 13283
f 13318 13299 12673
f 13319 13300 13319
f 13319 13300 13300
f 13320 13321 13322
f 13323 13321 13320
f 13324 13325 13326
f 13327 13328 13329
f 13330 13331 13332
f 13330 13333 13331
f 12679 13318 12673
f 13334 13319 13319
f 13323 13320 13335
f 12687 13336 13337
f 13338 13339 13340
f 13341 13342 13343
f 13341 13344 13342
f 12715 13345 12713
f 12686 13336 12687
f 929 13315 928
f 13346 13347 13348
f 10509 13349 10507
f 13350 13351 13352
f 13350 13352 13353
f 13352 13354 13355
f 13353 13352 13355
f 13354 13356 13357
f 13355 13354 13357
f 13358 13356 13359
f 13356 13358 13360
f 13357 13356 13361
f 13356 13360 13361
f 13362 8540 8539
f 13363 8456 8458
f 13364 13365 13366
f 13367 13364 13366
f 13368 13369 13370
f 13371 13372 10736
f 13373 13374 13373
f 13375 13372 13371
f 13376 10713 10712
f 13377 13378 13377
f 13377 13377 13379
f 13376 10712 13380
f 13381 13382 13381
f 13381 13381 13383
f 13384 13373 13373
f 13385 13386 13387
f 13388 13389 13390
f 13391 13383 13391
f 13392 13393 13394
f 13395 13396 13397
f 13391 13391 13398
f 13399 13400 13401
f 13402 13399 13401
f 13403 13404 13405
f 13405 13406 13403
f 13407 13408 13409
f 13405 13410 13406
f 13411 13412 13413
f 10769 13414 10775
f 13415 13416 13417
f 13418 13419 13420
f 13421 13422 13423
f 13424 13425 13426
f 13421 13423 13427
f 13428 13429 13430
f 13421 13427 13431
f 13432 10776 13433
f 13434 13435 10783
f 13435 10784 10783
f 13436 13437 10747
f 13437 10770 10747
f 13438 13439 13440
f 13432 10777 10776
f 13441 13442 13443
f 13444 13445 13446
f 13447 13448 13449
f 13450 13451 13452
f 13453 13454 13455
f 13441 13443 13456
f 13457 13458 13459
f 13456 13443 13460
f 13461 13462 13463
f 13447 13449 13464
f 13465 13466 13467
f 13468 13469 13470
f 13449 13471 13464
f 13472 13453 13473
f 13473 13453 13474
f 13453 13455 13474
f 13475 13457 13476
f 13457 13459 13476
f 13473 13474 13477
f 13465 13467 13478
f 13475 13476 13479
f 13479 13476 13480
f 13476 13481 13480
f 13465 13478 13442
f 13441 13465 13442
f 13444 13482 13445
f 13479 13480 13483
f 13450 13484 13451
f 10802 13485 13486
f 10803 10802 13486
f 10807 10806 13487
f 10806 13488 13487
f 10815 10814 13489
f 10815 13489 13490
f 13491 10854 10855
f 13492 13493 13494
f 13495 13496 13497
f 13498 13499 13500
f 13501 13501 13502
f 13501 13503 13501
f 13499 13500 13498
f 13504 13505 13506
f 10855 10854 10853
f 13507 13507 13508
f 13507 13509 13507
f 13510 13499 13498
f 13511 13512 13513
f 13514 13515 13516
f 13517 13518 13519
f 13520 13521 13522
f 13523 10849 10848
f 13524 13525 13523
f 13525 10849 13523
f 13526 13527 13528
f 13529 13530 13531
f 13532 10872 10873
f 13533 13532 10873
f 13534 13535 13536
f 13537 13538 13539
f 13540 10882 9131
f 13541 10867 10868
f 13535 13534 13542
f 13543 13544 13545
f 13546 13547 13548
f 10883 10886 10903
f 13549 13550 10883
f 10903 13549 10883
f 13551 13552 13553
f 13551 13553 13554
f 13555 13556 13557
f 13558 13559 13560
f 13561 13562 13563
f 13564 13565 13566
f 13567 13568 13569
f 13570 13571 13572
f 13573 13574 13575
f 13576 13577 13578
f 13577 13579 13578
f 13572 13571 13580
f 13564 13566 13581
f 13582 13583 13584
f 13585 13586 13587
f 13584 13583 13588
f 13589 13567 13569
f 13590 13591 13592
f 13593 13594 13595
f 13594 13596 13595
f 13597 13598 13599
f 13600 13573 13575
f 13576 13578 13601
f 13602 13603 13604
f 13603 13605 13604
f 13581 13566 13606
f 13607 13608 13609
f 13581 13606 13610
f 13585 13587 13611
f 13612 13613 13614
f 13615 13616 13617
f 13618 13615 13617
f 13619 13597 13599
f 13576 13601 13620
f 13621 13622 13623
f 13622 13624 13623
f 13625 13610 13626
f 13610 13606 13626
f 13620 13601 13627
f 9109 13628 10942
f 13618 13617 10926
f 10926 13617 10928
f 13593 13595 13629
f 13630 13631 10939
f 10939 13631 10945
f 13632 13633 13634
f 13629 13595 13635
f 13636 13637 13638
f 13639 13640 13641
f 13619 13599 13642
f 13643 13644 13645
f 13645 13644 13562
f 13577 13632 13579
f 13632 13634 13579
f 13645 13562 13561
f 13619 13642 13646
f 13647 13648 13649
f 13649 13648 13650
f 13636 13638 13651
f 13564 13629 13565
f 13629 13635 13565
f 13639 13641 13652
f 13653 13654 10880
f 13653 10880 10878
f 13655 13656 13657
f 13658 13659 13660
f 13659 13661 13660
f 13550 10884 10883
f 13662 13663 13664
f 13664 13663 13665
f 13666 13667 13668
f 13667 13669 13668
f 13670 13671 13672
f 13673 13674 13675
f 13676 13673 13675
f 13677 13678 13679
f 13678 13680 13679
f 13681 13682 13683
f 13676 13675 13684
f 13662 13677 13663
f 13677 13679 13663
f 13667 13685 13669
f 13686 13687 13688
f 13689 13690 13691
f 13689 13691 13692
f 13693 13694 13695
f 13693 13695 13696
f 13697 13698 13699
f 13698 13700 13699
f 13701 13702 13703
f 13701 13703 13704
f 13705 13701 13704
f 13706 13704 13707
f 13706 13708 13704
f 13709 13710 13711
f 13709 13712 13710
f 13713 13709 13711
f 13714 13715 13716
f 13714 13717 13715
f 13718 13719 13720
f 13718 13721 13719
f 13722 13720 13723
f 13722 13718 13720
f 13724 13722 13723
f 13725 13724 13723
f 13726 13724 13725
f 13727 13728 13729
f 13730 13728 13727
f 13731 13732 13733
f 13731 13733 13734
f 11047 11050 13735
f 13736 13735 13737
f 13736 11047 13735
f 13738 13739 13740
f 13738 13741 13739
f 13742 13743 13744
f 13745 13742 13744
f 13746 13747 13748
f 10922 10929 13749
f 13748 13747 13750
f 13749 10929 13751
f 10977 13752 10978
f 10980 10941 10943
f 13753 13754 13755
f 13756 13757 13758
f 13753 13741 13738
f 13753 13755 13741
f 13759 13760 13761
f 13759 13762 13760
f 13763 13764 13765
f 13763 13766 13764
f 13767 13763 13765
f 13767 13765 13768
f 13769 13770 13771
f 13767 13768 13742
f 13767 13742 13745
f 13772 13773 13774
f 13733 13775 13734
f 11065 13776 9285
f 11054 11053 13777
f 13778 13776 11065
f 13779 13776 13778
f 11045 11054 13777
f 11045 13777 11046
f 13780 13778 11065
f 11069 11068 13781
f 13782 13783 11069
f 13782 11069 13781
f 13784 13778 13780
f 13785 13786 13787
f 11072 11071 13788
f 13789 13782 13781
f 13790 13791 13792
f 13793 11045 11044
f 13794 13795 13796
f 13797 13784 13780
f 13797 13798 13799
f 13800 13801 13802
f 13803 13795 13794
f 13804 13784 13797
f 13805 13803 13794
f 13805 13794 13804
f 13806 13704 13703
f 13807 13804 13797
f 11042 13793 11044
f 13808 13805 13804
f 13809 13797 13799
f 13809 13799 13810
f 13807 13797 13809
f 13808 13804 13807
f 13811 13812 13808
f 13704 13806 13813
f 13814 13807 13809
f 13815 13808 13807
f 13811 13808 13815
f 13816 13809 13810
f 13814 13809 13817
f 13707 13813 13818
f 13707 13704 13813
f 13819 13820 13821
f 13819 13821 13822
f 13823 13815 13824
f 13823 13811 13815
f 13825 13826 13827
f 13828 13829 13830
f 13831 13832 13833
f 13834 13816 13810
f 13835 11041 13836
f 13835 13837 11042
f 13835 11042 11041
f 13838 13839 13840
f 13841 13825 13827
f 13842 13824 13843
f 13842 13823 13824
f 13844 13841 13827
f 13845 13846 13847
f 13848 13849 13850
f 13851 13845 13847
f 13852 13837 13835
f 13719 13839 13838
f 13853 13852 13835
f 13854 13855 13856
f 13720 13719 13838
f 11047 13836 11048
f 11047 13835 13836
f 13857 13858 13859
f 13860 13861 13862
f 13863 13853 13835
f 13863 13835 11047
f 13757 13859 13758
f 13757 13857 13859
f 13754 13864 13755
f 13723 13720 13865
f 13863 11047 13736
f 13866 13867 13868
f 13869 13870 13871
f 13872 13873 13874
f 13875 13876 13877
f 13875 13877 13878
f 13879 13880 13881
f 13882 13883 13884
f 11124 9318 11099
f 13885 13886 13887
f 13888 13889 13890
f 13891 13892 13893
f 13894 13895 13896
f 13897 13898 13899
f 13898 13900 13899
f 13901 13902 13903
f 13901 13903 13904
f 13905 13906 13907
f 13905 13907 13908
f 13909 13910 13911
f 13912 13913 13914
f 13915 13916 13917
f 13917 13916 13918
f 13919 13920 13921
f 13922 13923 13924
f 13917 13918 13925
f 13926 13927 13928
f 13929 13930 13931
f 13929 13931 13932
f 13933 13934 13935
f 11216 11215 13936
f 13937 13938 13939
f 13940 13941 13942
f 13943 13944 13945
f 13946 13947 13948
f 13949 13950 13951
f 13946 13948 13952
f 13953 13954 13955
f 13956 13957 13958
f 13959 13953 13955
f 13960 13961 13962
f 13960 13963 13961
f 13964 13965 13966
f 13967 13968 13969
f 13970 13971 13972
f 13973 13966 13965
f 13965 13974 13973
f 13975 13976 13977
f 13978 13975 13977
f 13979 13973 13974
f 13980 13981 13982
f 13983 13984 13985
f 13986 13987 13988
f 13989 13990 13991
f 13992 13993 13994
f 13995 13996 13997
f 13998 13993 13992
f 13999 14000 14001
f 14002 14003 11369
f 14004 14002 11369
f 14005 14004 11371
f 14004 11369 11371
f 14006 14005 14007
f 14005 11371 14007
f 14008 14006 14009
f 14010 14008 14009
f 14006 14007 14009
f 14011 14010 14012
f 14010 14009 14012
f 14013 14011 14014
f 14011 14012 14014
f 14015 14013 14016
f 14013 14014 14016
f 14017 14015 14018
f 14015 14016 14018
f 14019 14017 14020
f 14017 14018 14020
f 14019 14020 14021
f 14019 14021 14022
f 14022 14021 14023
f 14022 14023 14024
f 14024 14023 14025
f 14024 14025 14026
f 14026 14025 14027
f 14026 14027 14028
f 14028 14027 14029
f 14028 14029 14030
f 14030 14029 14031
f 14030 14031 14032
f 14032 14031 14033
f 14032 14033 14034
f 14035 14036 14037
f 14037 14036 14038
f 14037 14038 14039
f 14039 14038 14040
f 14041 14039 14042
f 14039 14040 14042
f 14043 14041 14044
f 14041 14042 14044
f 14045 14043 14046
f 14043 14044 14046
f 14047 14045 14048
f 14045 14046 14048
f 14049 14047 14050
f 14047 14048 14050
f 14049 14050 14051
f 14051 14050 14052
f 14051 14052 14053
f 14053 14052 14054
f 14053 14054 14055
f 14055 14054 14056
f 14055 14056 14057
f 14057 14056 14058
f 14057 14058 14059
f 14059 14058 14060
f 14059 14060 14061
f 14061 14060 14062
f 14061 14062 14063
f 14063 14062 14064
f 14063 14064 14065
f 14065 14064 14066
f 14067 14065 14066
f 14067 14066 14003
f 14002 14067 14003
f 14068 14069 14070
f 14071 14069 14068
f 14072 14071 14068
f 14073 14071 14072
f 14074 14073 14072
f 14075 14073 14074
f 14076 14075 14074
f 14077 14075 14076
f 14078 14077 14076
f 14079 14077 14078
f 14033 14031 14080
f 14081 14079 14078
f 14082 14033 14080
f 14083 14079 14081
f 14034 14033 14082
f 14084 14083 14081
f 14085 14034 14082
f 14086 14083 14084
f 14087 14034 14085
f 14088 14086 14084
f 14089 14086 14088
f 14090 14089 14088
f 14091 14089 14090
f 14092 14091 14090
f 14093 14091 14092
f 14093 14094 14091
f 14095 14094 14093
f 14095 14096 14094
f 14097 14096 14095
f 14097 14098 14096
f 14099 14087 14085
f 14099 14100 14087
f 14101 14098 14097
f 14101 14102 14098
f 14103 14100 14099
f 14103 14104 14100
f 14105 14104 14103
f 14106 14105 14103
f 14107 14105 14106
f 14108 14107 14106
f 14109 14107 14108
f 14110 14109 14108
f 14111 14102 14101
f 14111 14112 14102
f 14113 14109 14110
f 14114 14113 14110
f 14115 14113 14114
f 14116 14115 14114
f 14117 14112 14111
f 14117 14035 14112
f 14118 14115 14116
f 14119 14118 14116
f 14036 14035 14117
f 14120 14118 14119
f 14070 14120 14119
f 14069 14120 14070
f 12314 12316 14121
f 14122 12314 14121
f 14123 14124 14125
f 14126 14127 14128
f 858 857 14129
f 858 14129 12928
f 14129 14130 12994
f 12928 14129 12994
f 12994 14130 14131
f 12994 14131 13081
f 13081 14131 14132
f 14131 14133 14132
f 14132 14133 13234
f 13234 14133 13235
f 14133 14134 13235
f 13288 13235 14135
f 13235 14134 14135
f 14135 14136 13288
f 13288 14136 14137
f 12737 14137 14138
f 14137 14136 14138
f 12737 14138 14139
f 12738 12737 14139
f 14139 14140 12738
f 12806 12738 14140
f 12806 14140 14141
f 12950 12806 14141
f 14141 14142 12950
f 12951 12950 14142
f 14142 14143 12951
f 13107 12951 14143
f 13108 13107 14144
f 14143 14144 13107
f 14145 13108 14146
f 14144 14146 13108
f 14146 14147 14145
f 13310 14148 14149
f 14147 14149 14148
f 14145 14147 14148
f 13311 13310 14150
f 14149 14150 13310
f 14151 13311 14152
f 14150 14152 13311
f 14153 14151 14154
f 14152 14154 14151
f 14154 14155 14153
f 14156 14153 14155
f 14155 14157 14156
f 14158 14156 14157
f 14157 14159 14158
f 14160 14158 14159
f 14159 14161 14160
f 14162 14160 14161
f 14161 14163 14162
f 14163 14164 14165
f 14162 14163 14165
f 14166 14165 14164
f 14167 14166 14168
f 14166 14164 14168
f 14169 14167 14170
f 14168 14170 14167
f 14169 14170 14171
f 14172 14173 14174
f 14173 14172 14175
f 14176 14177 14178
f 14179 14180 14181
f 14182 14183 14184
f 14185 14186 14187
f 14188 14189 14190
f 14189 14191 14190
f 14192 14193 14194
f 14195 14196 14197
f 14196 14198 14197
f 14199 14200 14201
f 14202 14203 14204
f 14182 14184 14205
f 14200 14206 14201
f 14207 14208 14209
f 14209 14208 14210
f 14211 14212 14213
f 14214 14215 14216
f 14217 14218 14219
f 14220 14221 14222
f 14188 14190 14223
f 14224 14225 14226
f 14227 14228 14229
f 14230 14231 14232
f 14233 14234 14235
f 14236 14237 14238
f 14239 14240 14241
f 14229 14228 14242
f 14228 14243 14242
f 14244 14245 14246
f 14209 14210 14247
f 11747 14248 11748
f 14249 14250 14251
f 14252 14253 14254
f 14255 14256 14257
f 14258 14259 14260
f 14261 14262 14263
f 14229 14242 14264
f 14265 14266 14267
f 14267 14244 14268
f 14244 14246 14268
f 14258 14260 14269
f 14270 14271 14272
f 14273 14274 14275
f 14276 14277 14278
f 14279 14280 14281
f 14282 14261 14263
f 14255 14257 14283
f 14283 14257 14284
f 14285 14286 14287
f 14270 14272 14288
f 14265 14267 14268
f 14282 14263 14289
f 14290 14265 14291
f 14283 14284 14292
f 14289 14263 14293
f 14265 14268 14291
f 14292 14284 14294
f 14295 14270 14288
f 14285 14287 14296
f 14297 14298 14299
f 14300 14292 14294
f 14301 14302 14303
f 14304 14305 14306
f 14307 14308 14309
f 14310 14311 14312
f 14313 14314 14315
f 14316 14317 14318
f 14319 14320 14321
f 14322 14323 14324
f 14289 14293 14325
f 14309 14308 14326
f 14327 14328 14329
f 14330 14331 14332
f 14333 14334 14335
f 14316 14318 14336
f 14337 14338 14339
f 14340 14341 14342
f 14343 14344 14345
f 14344 14346 14345
f 14347 14348 14349
f 14350 14351 14352
f 14353 14354 14355
f 14356 14357 14358
f 14359 14345 14360
f 14345 14346 14360
f 14361 14330 14362
f 14330 14332 14362
f 14363 14364 14365
f 14364 14366 14365
f 14347 14349 14367
f 14368 14369 14370
f 14371 14372 14373
f 14374 14375 14376
f 14377 14378 14379
f 14350 14352 14380
f 14381 14382 14383
f 14384 14385 14386
f 14380 14352 14387
f 14361 14362 14388
f 14359 14360 14389
f 14390 14363 14365
f 14391 14392 14393
f 14377 14379 14394
f 14395 14396 14397
f 14398 14399 14400
f 14400 14399 14401
f 14402 14395 14397
f 14403 14404 14405
f 14406 14407 14408
f 14380 14387 14409
f 14410 14411 14412
f 14413 14414 14415
f 14416 14417 14418
f 14419 14420 14421
f 14416 14418 14422
f 14423 14416 14422
f 14424 14419 14421
f 14425 14426 14427
f 14400 14401 14428
f 14429 14430 14431
f 14430 14432 14431
f 14433 14434 14435
f 14436 14437 14438
f 14439 14440 14441
f 14442 14443 14444
f 14445 14446 14447
f 14442 14444 14448
f 14449 14450 14451
f 14452 14453 14454
f 14455 14456 14457
f 14458 14459 14460
f 14461 14462 14463
f 14464 14465 14466
f 14467 14468 14469
f 14470 14471 14472
f 14179 14473 14180
f 14474 14475 14476
f 14475 14477 14476
f 14478 14479 14480
f 14481 14482 14483
f 14189 14484 14191
f 14192 14485 14193
f 14485 14486 14193
f 14467 14469 14196
f 14196 14469 14198
f 14487 14488 14489
f 14490 14491 14492
f 14493 14494 14495
f 14496 14497 14498
f 1434 1413 14499
f 14500 14501 14502
f 12059 14503 14504
f 12041 12059 14504
f 12010 12041 14505
f 12041 14504 14505
f 12011 12010 14506
f 12010 14505 14506
f 12011 14506 14507
f 12065 12011 14508
f 12011 14507 14508
f 12065 14508 14509
f 12056 12065 14510
f 12065 14509 14510
f 12043 12056 14511
f 12056 14510 14511
f 12043 14511 14512
f 12013 12043 14513
f 12043 14512 14513
f 12013 14513 14514
f 12007 12013 14515
f 12013 14514 14515
f 12007 14515 14516
f 11969 12007 14517
f 12007 14516 14517
f 11969 14517 14518
f 12046 11969 14519
f 11969 14518 14519
f 12046 14519 14520
f 12046 14520 12014
f 12014 14520 14521
f 12014 14521 14522
f 12014 14522 11989
f 11989 14522 14523
f 11989 14523 14524
f 11989 14524 1357
f 1357 14524 1358
f 11877 11876 14525
f 14526 14527 14528
f 14529 14530 14531
f 14532 14533 14534
f 14535 14536 14537
f 14538 12068 12070
f 14539 12068 14538
f 14540 11966 11972
f 14541 14542 14543
f 14544 14545 14546
f 14547 14548 14549
f 14550 14548 14547
f 13372 10737 10736
f 14551 14552 14553
f 14554 14551 14553
f 14555 14556 14550
f 14555 14550 14547
f 14557 14558 14559
f 14560 14561 14562
f 14563 14556 14555
f 14564 14556 14563
f 14565 1524 14566
f 14567 14568 14569
f 14570 1524 14565
f 14560 14571 14561
f 1524 14570 14572
f 1540 1524 14572
f 14573 1524 1523
f 1570 1540 14572
f 14574 1540 1570
f 14575 14573 1523
f 1494 14573 14575
f 14576 14559 14577
f 14578 14577 14579
f 14578 14576 14577
f 1569 14574 1570
f 1494 1479 14578
f 1494 14578 14579
f 14580 14581 1569
f 1480 1479 1494
f 1481 14582 1479
f 14583 14581 14580
f 14584 14583 14580
f 14567 14585 1481
f 14586 14583 14584
f 14587 14586 14584
f 14588 14589 14590
f 14588 14591 14589
f 14590 14592 14593
f 14594 14591 14588
f 10446 14590 14593
f 14595 14587 14591
f 14595 14591 14594
f 10446 14593 10448
f 14595 14586 14587
f 14596 14585 14567
f 14569 14596 14567
f 14597 14598 14595
f 14599 14598 14597
f 14600 14601 14602
f 14603 14600 14602
f 14604 14603 14602
f 14604 14602 14605
f 14606 14604 14605
f 14607 14604 14606
f 14607 14606 14571
f 14548 14604 14607
f 14549 14548 14607
f 14608 14609 14610
f 14611 14612 14613
f 14614 14615 14616
f 14617 14618 14619
f 14616 14615 14620
f 14621 14622 14623
f 14621 14623 14624
f 14625 14624 14626
f 14625 14621 14624
f 14627 14626 14628
f 14627 14625 14626
f 14629 14630 14631
f 12255 12254 14632
f 14633 14634 14635
f 14636 14637 14638
f 14637 14639 14638
f 12274 14640 12272
f 14641 14642 14643
f 14644 14645 14646
f 14647 12282 12283
f 14634 14648 14635
f 14649 14650 14651
f 14649 14651 14652
f 12328 12330 14653
f 14654 12314 14122
f 14654 14122 14655
f 14656 14657 14658
f 14659 14660 14661
f 14662 14663 14664
f 14665 14666 14667
f 14668 14669 14670
f 14671 14672 14673
f 14674 14675 14676
f 14677 14655 14122
f 11610 14678 14679
f 11610 11609 14678
f 14680 14681 14682
f 14680 14683 14681
f 14675 14684 14676
f 14685 14686 14687
f 14688 14571 14560
f 14689 14685 14687
f 14690 14691 14692
f 14693 14690 14692
f 14694 14695 14696
f 14697 14698 14699
f 14700 14701 14702
f 14701 14703 14702
f 14704 14705 14706
f 14707 14708 14709
f 14710 14711 14712
f 14713 14714 14715
f 14716 14717 14718
f 14719 14720 14721
f 14722 14723 14724
f 14725 14726 14727
f 14725 14727 14728
f 14729 12464 12463
f 12439 14730 12440
f 14731 14732 14733
f 14734 14735 14736
f 14737 14738 14739
f 14740 14722 14724
f 14741 14742 14743
f 14744 14745 14746
f 14747 14748 14749
f 14750 14751 14752
f 14753 14754 14755
f 14756 14757 14758
f 14759 14760 14761
f 14762 14761 14763
f 14762 14759 14761
f 14764 14763 14765
f 14764 14762 14763
f 12494 14765 14766
f 12494 14766 14767
f 12494 14764 14765
f 12495 14767 14768
f 12495 12494 14767
f 14769 14770 14771
f 14772 14769 14771
f 14773 12537 12536
f 14774 14773 12536
f 14774 12536 12535
f 14775 14776 14777
f 14778 14775 14777
f 14779 14780 14781
f 14781 14780 14782
f 14783 14784 14785
f 14783 14785 14786
f 14787 14788 14789
f 14789 14788 14790
f 14592 14590 14589
f 12564 14791 14792
f 12562 12564 14792
f 12569 14793 14794
f 12569 12566 14793
f 14795 14796 14797
f 14798 14799 14800
f 14801 14802 14803
f 14804 14805 14806
f 14807 14785 14784
f 14795 14808 14796
f 14809 14810 14811
f 14812 14810 14809
f 14813 14812 14809
f 14814 14813 14815
f 14814 14812 14813
f 14816 14815 14817
f 14816 14814 14815
f 14818 14816 14817
f 14819 14818 14817
f 14820 14819 14821
f 14820 14818 14819
f 14822 14820 14821
f 14823 14820 14822
f 14824 14823 14822
f 14825 14824 14826
f 14825 14823 14824
f 14827 14825 14826
f 14828 14825 14827
f 14829 14828 14827
f 14830 14829 14831
f 14830 14828 14829
f 14832 14833 14834
f 14835 14836 14837
f 14838 14839 14840
f 12614 12619 14841
f 14842 14843 14844
f 14845 14846 14847
f 14845 14847 14848
f 14838 14849 14839
f 14850 14851 14852
f 14853 14854 14855
f 14856 14857 14858
f 14859 14860 14861
f 14851 14862 14852
f 14863 13149 13148
f 14858 14857 14854
f 14858 14854 14853
f 13364 13367 14864
f 13369 13368 14865
f 13364 14864 14866
f 14867 14868 14869
f 14869 14868 14870
f 14832 14834 14871
f 14566 14551 14554
f 14872 14873 14874
f 14565 14566 14554
f 14875 14876 14877
f 14878 13409 13408
f 14879 14878 13408
f 14880 14881 14882
f 14882 14881 14883
f 14884 14885 14886
f 14886 14885 14887
f 14888 14889 14890
f 14891 14892 14893
f 14891 14894 14892
f 14895 14891 14893
f 10776 14896 13433
f 14897 14898 14899
f 14900 14901 13453
f 13472 14900 13453
f 14902 14903 14904
f 14905 14906 14907
f 14904 14903 14908
f 13435 13434 14909
f 14910 14911 14912
f 14913 14914 14915
f 13460 14916 14917
f 13460 14917 13456
f 14918 14919 14920
f 14921 14922 14923
f 14924 14921 14923
f 13461 13463 14925
f 14926 14927 14928
f 14929 14926 14930
f 14929 14927 14926
f 14931 14930 14932
f 14931 14932 14933
f 14931 14929 14930
f 14934 14933 14935
f 14934 14931 14933
f 14936 14935 14937
f 14936 14934 14935
f 14938 14939 14940
f 14940 14939 14941
f 14942 14943 14944
f 14945 14942 14944
f 14946 14947 14948
f 14946 14948 14949
f 14950 14951 14952
f 14950 14953 14951
f 14954 14955 14956
f 14957 14954 14956
f 14958 14959 14960
f 14959 14961 14960
f 14557 14559 14576
f 14962 14963 14964
f 14965 14966 14967
f 13546 13548 14968
f 13546 14968 14969
f 13560 13559 14970
f 14971 14972 14973
f 14974 14975 14976
f 14977 14971 14973
f 14978 14979 14980
f 14981 14982 14983
f 14984 14985 14986
f 14984 14986 14987
f 14987 14986 14988
f 14989 14987 14988
f 14990 14987 14989
f 14991 14992 14993
f 14994 14995 14996
f 14994 14996 14997
f 14998 14999 15000
f 15001 15002 15003
f 15004 15005 15006
f 15007 15008 15009
f 15010 15011 15012
f 15010 15012 15013
f 15014 14992 15015
f 14992 14991 15015
f 15016 15017 15018
f 15019 15020 15021
f 15022 15023 15024
f 15025 15026 15027
f 15027 15026 15028
f 15029 13674 13673
f 15019 15030 15020
f 15031 15032 15033
f 15034 15035 15036
f 15037 15036 15038
f 15037 15034 15036
f 15039 15038 15040
f 15039 15037 15038
f 15041 15039 15040
f 15042 15043 15044
f 15045 15043 15042
f 15046 13731 13734
f 15047 15048 15049
f 15050 15051 15052
f 15053 15054 15055
f 15056 15057 15058
f 15059 15060 15061
f 15049 15062 15047
f 15063 15064 15065
f 15066 15067 15068
f 15069 15070 15071
f 13782 13789 15072
f 15073 15074 15075
f 15076 15077 15078
f 15079 15080 15081
f 15082 15083 15084
f 15085 15086 15087
f 15086 15088 15087
f 15089 15090 15091
f 15057 15056 15092
f 15093 15094 15095
f 15096 15097 15098
f 15099 15100 15101
f 15077 15102 15078
f 15103 15104 15105
f 15106 15099 15101
f 15072 13789 15107
f 15108 15109 15110
f 15111 15112 15113
f 15114 15115 15116
f 15117 15118 15119
f 15107 13789 15120
f 15121 15122 15123
f 15124 15125 15126
f 15127 15128 15129
f 15130 15131 15132
f 15133 15134 15135
f 15096 15136 15097
f 15137 15138 15139
f 15140 15141 15142
f 15128 15143 15129
f 15144 15145 15146
f 15110 15147 15108
f 15148 13867 13866
f 15149 13866 15150
f 15149 15150 15151
f 15149 15148 13866
f 15152 15153 15154
f 15152 15154 15155
f 15156 15157 15158
f 15159 15160 15161
f 15162 15160 15159
f 15163 15164 15165
f 15166 15167 15168
f 15165 15164 15169
f 15170 15171 15172
f 15173 15174 15175
f 15176 15177 15178
f 15179 15180 15181
f 15182 15183 15184
f 15185 15186 15187
f 15188 15189 15190
f 15189 15191 15190
f 15192 15193 15194
f 15195 15196 15197
f 15198 15199 15200
f 15201 15202 15203
f 15204 15205 15206
f 15207 15208 15209
f 15174 15210 15211
f 15207 15209 15212
f 15213 15214 15215
f 15174 15211 15175
f 15216 15217 15218
f 15219 15220 15221
f 15222 15219 15221
f 15223 15224 15225
f 15224 15226 15225
f 15227 15228 15229
f 15230 15231 15232
f 15233 15234 15235
f 15236 15237 15238
f 15239 15240 15241
f 15242 15239 15241
f 15243 15242 15241
f 15244 15242 15243
f 15245 13964 13966
f 15246 15247 15248
f 15249 15250 15251
f 15252 15253 15254
f 15254 15255 15252
f 15246 15248 15256
f 15257 15258 15259
f 15260 15261 15262
f 15261 15263 15262
f 14004 15264 15265
f 15266 15267 15268
f 14004 15265 14002
f 15269 15260 15270
f 15260 15262 15270
f 15271 15272 15273
f 15274 15275 15276
f 15277 15278 15279
f 15280 15281 15282
f 14087 15283 14034
f 15282 15281 15284
f 15285 15286 15287
f 15288 15289 15290
f 15282 15284 15291
f 15292 15277 15293
f 15277 15279 15293
f 15294 15288 15295
f 15288 15290 15295
f 15296 15297 15298
f 15297 15299 15298
f 15294 15295 15300
f 15300 15295 15301
f 15302 15292 15303
f 15292 15293 15303
f 15304 15305 15306
f 15300 15301 15307
f 15307 15301 15308
f 15309 15310 15311
f 15312 15313 15314
f 15307 15308 15315
f 15315 15308 15316
f 15312 15314 15317
f 15315 15316 15318
f 15318 15316 15319
f 14057 15320 15321
f 15322 15318 15323
f 15318 15319 15323
f 14057 15321 14055
f 15322 15323 15324
f 15325 15326 15327
f 15328 15322 15324
f 15325 15327 15329
f 15329 15327 15330
f 15328 15324 15331
f 15332 15333 15334
f 15335 15336 15337
f 15335 15338 15339
f 15332 15334 15340
f 15341 15342 15343
f 15344 15329 15345
f 15329 15330 15345
f 15346 15347 15348
f 15335 15339 15337
f 15349 15350 15351
f 15352 15353 15354
f 15344 15345 15355
f 15356 15352 15357
f 15352 15354 15357
f 15349 15351 15358
f 15359 15360 15361
f 15356 15357 15362
f 15363 15359 15364
f 15359 15361 15364
f 15362 15357 15365
f 14043 14045 15366
f 15362 15365 15367
f 15367 15365 15368
f 15369 15370 15371
f 15372 15373 15374
f 15375 15376 15377
f 14043 15366 15378
f 15367 15368 15379
f 15379 15368 15380
f 15381 15382 15383
f 15384 15385 15386
f 15379 15380 15387
f 15381 15383 15388
f 15261 15384 15263
f 15384 15386 15263
f 15266 15389 15267
f 15390 15391 15392
f 15393 15394 15395
f 15396 15397 15398
f 15399 15400 15401
f 15393 15395 15402
f 15403 15404 15405
f 15406 15407 15408
f 15409 15410 15411
f 15412 15413 15414
f 15415 15416 15417
f 15418 15419 15420
f 15421 15422 15423
f 15424 15425 15426
f 15427 15428 15429
f 15415 15417 15430
f 15409 15411 15431
f 15432 15433 15434
f 15435 15436 15437
f 15438 15439 15440
f 15281 15280 15441
f 15427 15429 15442
f 15443 15283 14100
f 15444 15424 15445
f 15283 14087 14100
f 15446 15447 15448
f 15424 15426 15445
f 15449 15450 15451
f 15415 15430 15452
f 15453 15415 15452
f 15454 15444 15455
f 15444 15445 15455
f 15456 15457 15458
f 15446 15448 15459
f 15460 15461 15462
f 15463 15464 15465
f 15432 15434 15466
f 15456 15458 15467
f 15468 15469 15470
f 15454 15455 15471
f 15471 15455 15472
f 15473 15474 15475
f 15475 15474 15476
f 15477 15478 15479
f 15480 15481 15482
f 15483 15484 15485
f 15471 15472 15486
f 15487 15488 15489
f 15490 15491 15492
f 15493 15494 15495
f 15475 15476 15496
f 15497 15477 15498
f 15477 15479 15498
f 15499 15500 15501
f 15493 15495 15502
f 15503 15504 15505
f 15506 15507 15508
f 15490 15492 15509
f 15510 15511 15512
f 15497 15498 15513
f 15514 15515 15516
f 15513 15498 15517
f 15518 15519 15520
f 15521 15522 15523
f 15514 15516 15524
f 15524 15516 15525
f 15526 15527 15528
f 15529 15530 15531
f 15518 15520 15532
f 15531 15530 15533
f 15513 15517 15534
f 15535 15536 15537
f 15526 15528 15538
f 15539 15540 15541
f 15542 15543 15544
f 15545 15546 15547
f 15548 15549 15550
f 15551 15552 15553
f 15554 15524 15525
f 15548 15550 15555
f 15556 15557 15558
f 15521 15523 15559
f 15560 15269 15270
f 15561 15562 15563
f 15564 15565 15566
f 15567 15568 15569
f 15568 15570 15569
f 15571 15572 15573
f 15570 15574 15569
f 15551 15553 15575
f 15576 15577 15578
f 15548 15555 15579
f 15580 15548 15579
f 15571 15573 15581
f 15581 15573 15582
f 15583 15584 15585
f 15567 15569 15586
f 15587 15588 15589
f 15590 15591 15592
f 15583 15585 15593
f 15594 15595 15596
f 15581 15582 15597
f 15598 15599 15600
f 15601 15602 15603
f 15604 15605 15606
f 15590 15592 15607
f 15608 15609 15610
f 15611 15612 15613
f 15598 15600 15614
f 15615 15616 15617
f 15618 15619 15620
f 15611 15613 15621
f 15622 15623 15624
f 15625 15626 15627
f 15608 15610 15628
f 15629 15630 15631
f 15632 15633 15634
f 15615 15617 15635
f 15636 15637 15638
f 15639 15640 15641
f 15625 15627 15642
f 15643 15644 15645
f 15646 15647 15648
f 15649 15650 15651
f 15639 15641 15652
f 15636 15638 15653
f 15654 15655 15656
f 15657 15658 15659
f 15660 15661 15662
f 15646 15648 15663
f 15664 15665 15666
f 15667 15668 15669
f 15657 15659 15670
f 15671 15672 15673
f 15674 15675 15676
f 15677 15678 15679
f 15667 15669 15680
f 15664 15666 15681
f 15396 15682 15397
f 15683 15684 15685
f 15671 15673 15686
f 15418 15687 15419
f 15688 15689 15690
f 15691 15692 15693
f 15694 15695 15696
f 15697 15698 15699
f 15700 15701 15702
f 15703 15704 15705
f 15705 15704 15706
f 15707 15708 15709
f 15710 15700 15702
f 15711 15712 15713
f 15714 15715 15716
f 15717 15718 15719
f 15720 15721 15722
f 15723 15705 15724
f 15705 15706 15724
f 15725 15726 15727
f 15719 15718 15728
f 15728 15718 15729
f 15730 15731 15732
f 14423 14422 15733
f 15734 15735 15736
f 15737 15738 15739
f 15727 15740 15725
f 15741 15742 15743
f 15744 15745 15746
f 15728 15729 15747
f 15748 15749 15750
f 15751 15737 15739
f 15752 15753 15754
f 15734 15736 15755
f 15755 15736 15756
f 15750 15749 15757
f 15758 15759 15760
f 15761 15762 15763
f 15764 15765 15766
f 15767 15768 15769
f 15770 15771 15772
f 15773 15774 15775
f 15776 15777 15778
f 15779 15770 15780
f 15770 15772 15780
f 15781 15782 15783
f 15784 15785 15786
f 15787 15788 15789
f 15789 15788 15790
f 15791 15792 15793
f 15794 15795 15796
f 15797 15798 15799
f 15795 15800 15796
f 15801 15802 15803
f 15804 15805 15806
f 15807 15808 15809
f 15810 15811 15812
f 15813 15814 15815
f 15816 15817 15818
f 15794 15796 15819
f 15820 15801 15821
f 15822 15823 15824
f 15825 15826 15827
f 15801 15803 15821
f 15807 15809 15828
f 15829 15830 15831
f 15832 15833 15834
f 15835 15820 15836
f 15820 15821 15836
f 15837 15838 15839
f 15807 15828 15840
f 15840 15828 15841
f 15832 15834 15842
f 15843 15844 15845
f 15827 15826 15846
f 15847 15848 15849
f 15835 15836 15850
f 15851 15852 15853
f 15840 15841 15854
f 15855 15843 15856
f 15857 15858 15859
f 15843 15845 15856
f 15847 15849 15860
f 14207 15861 14208
f 15856 15845 15862
f 15863 15864 15865
f 15866 15851 15867
f 15851 15853 15867
f 15868 15869 15870
f 15871 15872 15873
f 15874 15863 15865
f 15865 15875 15876
f 15877 15878 15879
f 15880 15881 15882
f 15874 15865 15876
f 15868 15870 15883
f 15884 15885 15886
f 15887 15888 15692
f 15889 15890 15891
f 15874 15876 15892
f 15893 15894 15895
f 15891 15896 15897
f 15889 15891 15897
f 15898 15899 15900
f 15887 15692 15691
f 15901 15902 15903
f 15346 15904 15905
f 15906 15907 15908
f 15909 15906 15908
f 15903 15902 15910
f 15347 15346 15911
f 15346 15905 15911
f 15904 15912 15913
f 15905 15904 15913
f 15903 15910 15914
f 15347 15911 15915
f 15912 15916 15917
f 15913 15912 15917
f 15908 15907 15918
f 15907 15919 15918
f 15920 15347 15921
f 15347 15915 15921
f 15920 15921 15922
f 15916 15923 15924
f 15917 15916 15924
f 15925 15914 15926
f 15914 15910 15926
f 15927 15920 15928
f 15920 15922 15928
f 15923 15299 15929
f 15924 15923 15929
f 15919 15930 15931
f 15930 15932 15931
f 15918 15919 15931
f 15933 15927 15934
f 15927 15928 15934
f 15935 15925 15936
f 15925 15926 15936
f 15929 15299 15937
f 15932 15938 15939
f 15931 15932 15939
f 15940 15935 15941
f 15935 15936 15941
f 15938 15940 15942
f 15940 15941 15942
f 15939 15938 15942
f 15943 15933 15944
f 15933 15934 15944
f 15937 15299 15945
f 15945 15299 15297
f 15943 15944 15946
f 15945 15297 15947
f 15943 15946 15948
f 15947 15297 15949
f 15948 15946 15950
f 15949 15297 15951
f 15948 15950 15952
f 15951 15297 15953
f 15952 15950 15954
f 15951 15953 15955
f 15952 15954 15956
f 15956 15954 15957
f 15955 15953 15958
f 15956 15957 15959
f 15958 15953 15377
f 15959 15957 15960
f 15958 15377 15961
f 15959 15960 15962
f 15961 15377 15376
f 15961 15376 15963
f 15962 15960 15964
f 15964 15960 15965
f 15964 15965 15966
f 15964 15966 15967
f 15963 15376 15968
f 15968 15376 15969
f 15967 15966 15970
f 15967 15970 15971
f 15968 15969 15972
f 15972 15969 15973
f 15971 15970 15974
f 15971 15974 15975
f 15972 15973 15976
f 15975 15974 15977
f 15976 15973 15978
f 15975 15977 15979
f 15976 15978 15980
f 15979 15977 15981
f 15982 15980 15983
f 15980 15978 15983
f 15979 15981 15984
f 15984 15981 15985
f 15982 15983 15986
f 15986 15983 15987
f 15984 15985 15988
f 15988 15985 15989
f 15986 15987 15990
f 15990 15987 15310
f 15988 15989 15991
f 15989 15992 15991
f 15990 15310 15993
f 15991 15992 15994
f 15992 15995 15994
f 15993 15310 15996
f 15996 15310 15309
f 15994 15995 15997
f 15996 15309 15998
f 15997 15995 15757
f 15999 15998 16000
f 15998 15309 16000
f 15997 15757 16001
f 16001 15757 15749
f 15901 15999 16002
f 15999 16000 16002
f 15748 15906 15909
f 15749 15748 15909
f 15901 16002 15902
f 16003 16004 16005
f 16006 16007 16008
f 16006 16009 16007
f 16010 16003 16005
f 16006 16011 16009
f 16012 16013 16014
f 16015 16016 16017
f 16018 16019 16020
f 16021 16022 16023
f 16024 16025 16026
f 16027 16028 16029
f 16030 16031 16032
f 16033 16034 16035
f 16036 16031 16030
f 16037 16033 16035
f 16038 16039 16040
f 16041 16036 16030
f 16042 16036 16041
f 16043 16044 16045
f 16046 16047 16048
f 16049 16047 16046
f 16050 16051 14595
f 16052 16042 16041
f 16053 16054 16055
f 16056 16049 16046
f 16057 16056 16046
f 16058 16053 16055
f 14598 16050 14595
f 16059 16056 16057
f 16060 16059 16057
f 16061 16055 16062
f 16061 16058 16055
f 16063 16064 16065
f 16066 16067 16068
f 16069 16070 16071
f 16070 16062 16071
f 16070 16061 16062
f 16072 16073 16074
f 16075 16076 16077
f 16075 16077 16078
f 16079 16080 16081
f 16075 16078 16082
f 16083 16079 16081
f 16084 16085 16086
f 16087 16086 16088
f 16087 16084 16086
f 16089 16090 16091
f 16092 16089 16091
f 16093 16092 16091
f 16094 16092 16093
f 16095 16096 16097
f 16098 16099 16100
f 16101 16102 16103
f 16104 16095 16097
f 16105 16106 16107
f 16108 16109 16110
f 16111 16112 16113
f 16108 16110 16114
f 16108 16114 16115
f 16116 16117 16118
f 16112 16115 16119
f 16112 16108 16115
f 16112 16119 16113
f 16120 16121 16122
f 16123 16124 16125
f 14688 14607 14571
f 16126 16127 16128
f 16129 16130 16131
f 16132 16133 16134
f 16135 16136 16137
f 16138 16127 16126
f 16139 16140 16141
f 16142 16143 16144
f 16145 16146 16147
f 16148 16149 16146
f 16150 16151 16152
f 16153 16150 16152
f 16145 16148 16146
f 16149 16154 16146
f 16155 16156 16157
f 16158 16159 16160
f 16161 16162 16163
f 16164 16158 16160
f 16164 16160 16165
f 16166 14599 14597
f 16167 16168 16169
f 16170 16171 16172
f 16173 16174 16175
f 16170 16176 16171
f 16177 16178 16179
f 16180 16181 16177
f 16182 16183 16184
f 16180 16177 16179
f 16185 16186 16187
f 16185 16187 16188
f 16189 16182 16184
f 14597 14595 14594
f 16185 16188 16190
f 16191 16192 16193
f 16194 16195 16196
f 16197 16198 16199
f 16200 16201 16202
f 16203 16204 16205
f 16206 16200 16202
f 16207 16208 16209
f 16210 16211 16212
f 16213 16214 16215
f 16216 16217 16218
f 16215 16214 16219
f 16220 16221 16222
f 16223 16224 16225
f 16226 16227 16228
f 16226 16229 16227
f 16230 16231 16232
f 16230 16233 16231
f 16234 16235 16236
f 16237 16238 16239
f 16240 16230 16232
f 16241 16242 16243
f 16244 16212 16211
f 16237 16244 16211
f 16245 16246 16247
f 16237 16239 16244
f 16248 16245 16247
f 16249 1563 1565
f 16250 16251 16252
f 16249 1565 16253
f 16248 16247 16254
f 16231 16248 16254
f 14580 1569 1568
f 14580 1568 16255
f 16233 16248 16231
f 16256 16257 16258
f 16259 16260 16261
f 16256 16258 16262
f 16263 1573 1572
f 16258 16257 16264
f 16265 16266 16267
f 16268 16269 16270
f 16271 16272 16273
f 16274 16275 16276
f 16277 16278 16279
f 16280 16274 16276
f 16275 16274 16281
f 16282 16283 16284
f 16285 16286 16287
f 16288 16289 16290
f 16291 16292 16293
f 16294 16292 16291
f 16295 16296 16297
f 16298 16291 16299
f 16298 16294 16291
f 16300 16301 16302
f 16303 16299 16300
f 16303 16298 16299
f 16303 16300 16302
f 16304 16305 16306
f 16304 16307 16305
f 16308 16309 16310
f 16311 16312 16313
f 16308 16314 16309
f 16315 16316 16317
f 16318 16308 16310
f 14573 1494 14579
f 16319 16320 16321
f 16319 16321 16322
f 16323 16324 16325
f 16326 16327 16328
f 16329 16323 16325
f 16330 16331 16332
f 16333 16334 16335
f 16336 16337 16338
f 16339 16340 16341
f 16342 16343 16344
f 16345 16346 16347
f 16345 16347 16348
f 16349 16350 16351
f 16352 16353 16354
f 16355 16356 16357
f 16358 16359 16360
f 16361 16362 16363
f 14582 1481 14585
f 16364 16365 16366
f 16367 16368 16369
f 16370 16371 16372
f 16373 16374 16375
f 16376 16377 16378
f 16376 16379 16377
f 16376 16369 16379
f 16376 16367 16369
f 16380 16381 16382
f 16383 16380 16382
f 16384 16385 16386
f 16387 16388 16389
f 14585 14596 16390
f 16391 16392 16393
f 16391 16394 16392
f 16395 16396 16397
f 16398 16399 16400
f 16401 16402 16403
f 16404 16405 16406
f 16407 16408 16409
f 16409 16408 16410
f 16411 16412 16413
f 16413 16412 16414
f 16415 16416 16417
f 16418 16419 16420
f 16421 16422 16423
f 16424 16425 16426
f 16427 16428 16429
f 16430 16431 16432
f 16433 16434 16435
f 16436 16437 16438
f 16439 16440 16441
f 16442 16443 16444
f 16445 16446 16447
f 16448 16449 16450
f 16451 16452 16453
f 16454 16436 16438
f 16455 16456 16457
f 16458 16459 16460
f 16461 16462 16463
f 16458 16460 16464
f 16465 16466 16467
f 16468 16469 16470
f 16468 16471 16469
f 16472 16473 16474
f 16475 16476 16477
f 16475 16477 16478
f 16479 16480 16481
f 16482 16479 16481
f 16483 16484 16485
f 16483 16486 16484
f 16487 16488 16489
f 16490 16487 16489
f 16491 16492 16493
f 16494 16495 16496
f 16497 16494 16496
f 16498 16499 16500
f 16501 16502 16503
f 16504 16505 16506
f 16507 16508 16509
f 16510 16511 16512
f 16510 16512 16513
f 16514 16515 16516
f 16517 16518 16519
f 16517 16519 16520
f 16521 16521 16522
f 16521 16523 16521
f 16524 16525 16526
f 16527 16528 16529
f 16522 16521 16522
f 16530 16522 16522
f 16524 16526 16531
f 16498 16532 16499
f 16533 16534 16535
f 16536 16537 16538
f 16539 16540 16541
f 16542 16405 16404
f 16543 16527 16529
f 16544 16545 16546
f 16544 16546 16547
f 16548 16549 16550
f 16551 16552 16553
f 16554 16555 16556
f 16557 16558 16559
f 16560 16561 16562
f 16563 16564 15145
f 15144 16563 15145
f 16565 16566 16567
f 16568 16569 16570
f 16571 16568 16570
f 16572 16573 16574
f 16575 16572 16574
f 16576 16577 16578
f 16579 16576 16578
f 16580 16581 16582
f 16583 16584 16585
f 16586 16587 16588
f 16589 16590 16591
f 16589 16591 16592
f 16593 16594 16595
f 16596 16597 16598
f 16599 16600 16601
f 16602 16603 16604
f 16602 16605 16603
f 16606 16607 16608
f 16609 16610 16611
f 16612 16613 16614
f 16615 16616 16617
f 16618 16619 16620
f 16621 16622 16623
f 16624 16625 16626
f 16620 16619 16627
f 16621 16623 16628
f 13933 13935 16629
f 15195 16630 15196
f 15184 16631 15182
f 16632 16633 16634
f 16635 16636 16637
f 16632 16638 16633
f 16639 16640 16641
f 16642 16643 16644
f 16645 16646 16647
f 16648 16649 16650
f 16651 16652 16653
f 16654 16655 16656
f 16657 15232 15231
f 16658 16659 16660
f 16661 16661 16662
f 16663 15225 15226
f 16663 15226 16664
f 16665 16666 16665
f 16665 16661 16661
f 16665 16665 16661
f 16667 16668 16669
f 16670 16667 16669
f 16671 16672 16673
f 16674 16671 16673
f 16675 16676 16677
f 16675 16678 16676
f 16679 16680 16681
f 16682 16683 16684
f 16685 16686 16687
f 16688 16689 16690
f 16691 16689 16688
f 16692 16688 16693
f 16692 16691 16688
f 16694 16695 16696
f 16697 16691 16692
f 16698 16699 16700
f 16698 16700 16701
f 16702 16698 16703
f 16702 16699 16698
f 16704 16705 16706
f 16707 16708 16709
f 16710 16711 16712
f 16713 16714 16715
f 16716 16717 16718
f 16719 16717 16720
f 16719 16718 16717
f 16721 16722 16723
f 16724 16725 16716
f 16724 16716 16718
f 16726 16725 16724
f 16727 16728 16729
f 16730 16731 16732
f 16733 16734 16735
f 16736 16737 16738
f 16739 16740 16741
f 16742 16740 16739
f 16743 16744 16745
f 16746 16744 16743
f 16747 16748 16749
f 16750 16748 16747
f 16751 16752 16753
f 16754 16755 16756
f 16757 16758 16759
f 16760 16761 16762
f 16763 16764 16765
f 16766 16767 16768
f 16769 16770 16771
f 16769 16771 16772
f 16773 16774 16775
f 16776 16773 16775
f 16777 16778 16779
f 16703 16780 16702
f 16781 16782 16783
f 16781 16784 16782
f 16785 16786 16787
f 16785 16788 16786
f 16789 16790 16791
f 16789 16792 16790
f 16793 16794 16795
f 16796 16793 16795
f 16797 16798 16799
f 16800 16801 16802
f 16803 16804 16805
f 16806 16807 16808
f 16809 16810 16811
f 16812 16813 16814
f 16797 16815 16798
f 16816 16817 16818
f 16819 16601 16600
f 16820 16821 16822
f 16823 16824 16825
f 16826 16827 16828
f 16829 16820 16822
f 16830 16831 16832
f 16682 16833 16683
f 16830 16832 16834
f 16835 16836 16837
f 16838 16839 16840
f 16841 16835 16837
f 16842 16843 16844
f 16845 16726 16724
f 16846 16847 16848
f 16849 16846 16848
f 16850 16851 16852
f 16853 16854 16855
f 14569 14568 16856
f 16857 16858 16859
f 16856 14568 16860
f 16432 16431 16861
f 16430 16432 16862
f 16432 16861 16863
f 16864 16865 16866
f 16867 16864 16866
f 16868 16869 16870
f 16871 16872 16873
f 16874 16875 16876
f 16877 16878 16879
f 16877 16879 16880
f 16881 16882 16883
f 16881 16884 16882
f 16885 16886 16887
f 16885 16887 16888
f 16889 16890 16891
f 16892 16893 16894
f 16895 16896 16897
f 16898 16899 16900
f 16901 16902 16903
f 16904 16905 16906
f 16907 16908 16909
f 16910 16911 16912
f 16913 16914 16915
f 16916 16917 16918
f 16919 16920 16921
f 16922 16923 16924

