mtllib material.mtl
usemtl material_shoulder_0
v 0.00028067 -0.04424536 0.01291948
v -0.00018109 -0.04430288 0.01112908
v 0.00521690 -0.04396522 0.01290762
v 0.00525778 -0.04398095 0.01128315
v 0.01056164 -0.04302376 0.01167708
v 0.01040148 -0.04303789 0.01327794
v 0.01585656 -0.04132932 0.01411312
v 0.01597696 -0.04132598 0.01225936
v 0.02070420 -0.03917646 0.01312649
v 0.02100372 -0.03896576 0.01496922
v 0.02532565 -0.03635209 0.01430428
v 0.02599537 -0.03583794 0.01619184
v 0.03053522 -0.03200149 0.01788568
v 0.02983409 -0.03275173 0.01582336
v 0.03347325 -0.02903383 0.01736444
v 0.03238010 -0.03020167 0.01846468
v 0.03437846 -0.02789431 0.01940310
v 0.03735053 -0.02381539 0.01942139
v 0.03774517 -0.02312862 0.02130806
v 0.04051887 -0.01782751 0.02343809
v 0.03993678 -0.01916044 0.02134674
v 0.04211461 -0.01377099 0.02346652
v 0.04249179 -0.01239204 0.02571082
v 0.04332768 -0.00922537 0.02541208
v 0.04378730 -0.00649238 0.02799814
v 0.04420202 -0.00288010 0.02797222
v 0.04424107 -0.00112796 0.03024351
v 0.04424530 0.00227904 0.03000944
v 0.04400742 0.00480866 0.03254759
v 0.04368299 0.00735426 0.03208959
v 0.04309749 0.01014691 0.03461647
v 0.04271352 0.01178544 0.03386467
v 0.04159408 0.01517182 0.03673493
v 0.04199123 0.01409268 0.03488266
v 0.04072380 0.01744127 0.03616404
v 0.03910315 0.02074509 0.03894424
v 0.03820675 0.02240586 0.03826731
v 0.03628736 0.02534765 0.04081529
v 0.03525829 0.02681303 0.04004269
v 0.03293991 0.02958017 0.04246926
v 0.03121948 0.03142416 0.04188960
v 0.02876716 0.03365588 0.04405546
v 0.02694910 0.03514736 0.04345446
v 0.02454245 0.03681766 0.04546862
v 0.02211767 0.03837537 0.04468494
v 0.01993942 0.03946691 0.04660373
v 0.01760387 0.04064512 0.04569584
v 0.01732230 0.04071021 0.04702758
v 0.01455414 0.04176986 0.04749369
v 0.01258569 0.04246670 0.04644304
v 0.01162427 0.04269003 0.04787778
v 0.00821918 0.04352301 0.04687309
v 0.00821900 0.04348468 0.04812270
v -0.00005014 0.04426342 0.04842704
v 0.00412333 0.04407763 0.04828161
v 0.00395310 0.04411584 0.04711401
v -0.00011429 0.04431134 0.04708641
v -0.04493820 0.00252736 0.01158648
v -0.04499852 0.00211364 0.00794029
v -0.04500585 0.00025606 0.02878111
v -0.04499006 0.00181937 -0.00837994
v -0.04499006 0.00181937 -0.00837994
v -0.04499852 0.00211364 0.00794029
v -0.04492223 0.00196546 0.00039709
v -0.04476004 0.00477791 0.03058815
v -0.04464626 0.00561178 0.01579380
v -0.04500597 -0.00133485 -0.05550259
v -0.04491859 0.00291431 -0.01344168
v -0.04407191 0.00901794 0.03238344
v -0.04478371 0.00455069 -0.05551058
v -0.04478055 0.00444126 -0.01487630
v -0.04417490 0.00855446 -0.01784420
v -0.04241281 0.01508420 0.03474986
v -0.04361963 0.01107323 0.01945400
v -0.04405146 0.00910520 -0.05550420
v -0.04332417 0.01211357 -0.05550539
v -0.04280883 0.01385498 -0.02139079
v -0.04019093 0.02022355 0.03687739
v -0.04212349 0.01582610 0.02275043
v -0.04192644 0.01637554 -0.05550509
v -0.04100131 0.01858365 -0.02464461
v -0.03800886 0.02413463 0.03841000
v -0.03989613 0.02082198 0.02627509
v -0.03668683 0.02606940 0.03020256
v -0.03939980 0.02177077 -0.05550307
v -0.03823006 0.02374434 -0.02847617
v -0.03352761 0.03002953 0.04075211
v -0.03362029 0.02991843 0.03316468
v -0.03677117 0.02593791 -0.05550318
v -0.03457069 0.02878904 -0.03234696
v -0.03005433 0.03350251 0.04216027
v -0.02975845 0.03373146 0.03628104
v -0.03393906 0.02957224 -0.05550658
v -0.03134220 0.03230851 -0.03515332
v -0.02566140 0.03696721 0.03903770
v -0.02531671 0.03720682 0.04363226
v -0.03078401 0.03280764 -0.05550462
v -0.02847182 0.03482931 -0.05550324
v -0.02707505 0.03596597 -0.03819179
v -0.02100414 0.03979843 0.04144978
v -0.02079069 0.03991419 0.04469901
v -0.02592790 0.03675740 -0.05550318
v -0.01849198 0.04108726 0.04241180
v -0.02340084 0.03842282 -0.05550384
v -0.02191877 0.03930759 -0.04106014
v -0.01500099 0.04242926 0.04577094
v -0.01597779 0.04206562 0.04362273
v -0.02074247 0.03991621 -0.05550372
v -0.01788657 0.04129314 -0.04287880
v -0.00979447 0.04392325 0.04631721
v -0.01124709 0.04356557 0.04509460
v -0.01785719 0.04129147 -0.05550521
v -0.01548624 0.04225564 -0.04369753
v -0.01492804 0.04244548 -0.05550444
v -0.01286214 0.04312378 -0.04463785
v -0.00561994 0.04466360 0.04664272
v -0.00617105 0.04457461 0.04610282
v -0.01080155 0.04369014 -0.05550587
v -0.00813717 0.04425454 -0.04578197
v -0.00003116 0.04500102 0.04677307
v -0.00206149 0.04496330 0.04649519
v -0.00725746 0.04442632 -0.05550330
v -0.00285780 0.04490739 -0.04642903
v -0.00305170 0.04488211 -0.05550402
v 0.00142092 0.04500252 -0.05550318
v 0.00145334 0.04497885 -0.04652273
v 0.01166146 0.04347532 0.04619491
v 0.00770116 0.04433804 0.04585069
v 0.00563228 0.04464328 0.04665303
v 0.00644278 0.04452842 -0.04604077
v 0.00778890 0.04433465 -0.05550521
v 0.01620197 0.04199427 0.04559206
v 0.01227968 0.04330533 0.04478985
v 0.01493406 0.04250043 0.04377913
v 0.01117396 0.04358142 -0.04510545
v 0.01217401 0.04331022 -0.05550420
v 0.02043533 0.04009252 0.04482775
v 0.01764774 0.04140043 0.04295223
v 0.01553845 0.04224169 -0.04375761
v 0.01503574 0.04240167 -0.05550295
v 0.01794010 0.04125487 -0.05550402
v 0.01845693 0.04104202 -0.04263156
v 0.02553504 0.03707933 0.04359316
v 0.02250760 0.03895705 0.04076021
v 0.02202588 0.03927153 -0.05550593
v 0.02123260 0.03968244 -0.04140818
v 0.02941036 0.03407233 0.04238981
v 0.02717679 0.03584790 0.03805160
v 0.02556467 0.03704684 -0.03909230
v 0.02592992 0.03675925 -0.05550426
v 0.03348648 0.03008604 0.04076129
v 0.03160637 0.03204441 0.03493183
v 0.02842879 0.03486192 -0.05550348
v 0.02962613 0.03387039 -0.03641670
v 0.03188085 0.03177893 -0.05550462
v 0.03702521 0.02562397 0.03898459
v 0.03484487 0.02848356 0.03211164
v 0.03346741 0.03007829 -0.03336817
v 0.03603667 0.02696990 -0.05550026
v 0.03951311 0.02155804 0.03736305
v 0.03806245 0.02404189 0.02871489
v 0.03701162 0.02558177 -0.02986955
v 0.03926575 0.02201157 -0.05550009
v 0.04171341 0.01689332 0.03548884
v 0.04057383 0.01942110 0.02529209
v 0.03982096 0.02096152 -0.02642011
v 0.04360783 0.01116657 0.03315728
v 0.04306364 0.01308518 0.02082222
v 0.04128623 0.01787698 -0.05550450
v 0.04221779 0.01557284 -0.02257871
v 0.04299938 0.01332110 -0.05550187
v 0.04461073 0.00598431 0.03108263
v 0.04432713 0.00793713 0.01732409
v 0.04386878 0.01003527 -0.01880186
v 0.04440033 0.00738877 -0.05550283
v 0.04468637 0.00531417 -0.01531010
v 0.04501330 0.00021267 0.02877891
v 0.04490226 0.00303632 0.01406937
v 0.04494595 0.00290334 0.01117640
v 0.04498779 0.00200886 0.00707024
v 0.04499250 0.00106478 -0.00488496
v 0.04494923 0.00256926 0.00107056
v 0.04489076 0.00299209 -0.05550271
v 0.04496061 0.00222307 -0.01092648
v 0.04499065 0.00008152 -0.05550473
v 0.00325584 0.04487514 0.04641640
v -0.00206149 0.04496330 0.04649519
v -0.00003116 0.04500102 0.04677307
v 0.00066728 0.04942286 0.04365205
v -0.00020540 0.04929584 0.04365360
v 0.00032099 0.04794609 0.04500353
v 0.00161070 0.04841113 0.04497700
v 0.00135458 0.04995155 0.04364836
v 0.00238681 0.04915636 0.04495406
v 0.00170279 0.05078530 0.04364979
v 0.00281787 0.04998391 0.04492145
v 0.00297737 0.05099040 0.04492044
v 0.00157422 0.05167388 0.04364800
v 0.00287664 0.05188012 0.04493308
v 0.00104505 0.05235689 0.04364866
v 0.00212616 0.05315852 0.04495888
v 0.00021609 0.05270242 0.04365885
v 0.00085507 0.05396384 0.04500794
v 0.00000000 0.05399984 0.04494988
v -0.00164270 0.05040192 0.04346925
v -0.00170225 0.05121809 0.04364901
v -0.00157630 0.05033051 0.04364925
v -0.00071854 0.04942494 0.04349619
v -0.00164270 0.05040192 0.04346925
v -0.00104493 0.04964262 0.04364800
v -0.00164270 0.05040192 0.04346925
v -0.00157630 0.05033051 0.04364925
v -0.00104493 0.04964262 0.04364800
v -0.00071854 0.04942494 0.04349619
v -0.00104493 0.04964262 0.04364800
v -0.00020540 0.04929584 0.04365360
v 0.00039808 0.04932320 0.04349803
v -0.00071854 0.04942494 0.04349619
v -0.00020540 0.04929584 0.04365360
v 0.00039808 0.04932320 0.04349803
v -0.00020540 0.04929584 0.04365360
v 0.00066728 0.04942286 0.04365205
v 0.00121737 0.04979640 0.04348337
v 0.00039808 0.04932320 0.04349803
v 0.00066728 0.04942286 0.04365205
v 0.00121737 0.04979640 0.04348337
v 0.00066728 0.04942286 0.04365205
v 0.00135458 0.04995155 0.04364836
v 0.00162697 0.05046999 0.04347002
v 0.00121737 0.04979640 0.04348337
v 0.00135458 0.04995155 0.04364836
v 0.00170279 0.05078530 0.04364979
v 0.00167811 0.05139213 0.04346776
v 0.00162697 0.05046999 0.04347002
v 0.00170279 0.05078530 0.04364979
v 0.02182865 0.03937810 -0.06585007
v -0.03746843 0.02496981 -0.06585043
v 0.01621478 0.04200375 -0.06584990
v -0.03995478 0.02070271 -0.06584995
v 0.01214081 0.04333108 -0.06584995
v -0.04179984 0.01672947 -0.06585001
v 0.04498857 0.00181013 -0.06584990
v 0.00733590 0.04442507 -0.06584995
v 0.04432272 0.00792617 -0.06584990
v -0.04333126 0.01214075 -0.06584995
v -0.04432874 0.00787622 -0.06584984
v 0.00125676 0.04500794 -0.06584990
v 0.04333126 0.01214075 -0.06584995
v 0.04178649 0.01676726 -0.06585019
v -0.04500949 0.00151557 -0.06584990
v -0.00479525 0.04476469 -0.06584995
v 0.03995478 0.02070271 -0.06584995
v -0.01092427 0.04367852 -0.06585001
v 0.03750824 0.02490383 -0.06585055
v -0.01506954 0.04240167 -0.06584995
v 0.03490698 0.02839887 -0.06584995
v -0.01962351 0.04052311 -0.06584995
v 0.03164380 0.03202915 -0.06585097
v -0.02471351 0.03762388 -0.06584990
v 0.02698796 0.03603935 -0.06585019
v -0.02938318 0.03411334 -0.06584995
v -0.03377878 0.02976691 -0.06584906
v -0.04052472 -0.01959574 -0.05550462
v -0.03842592 -0.02339559 -0.05550462
v -0.03969591 -0.02123165 0.02014201
v -0.04228997 -0.01538372 0.02254033
v -0.00162333 -0.04499703 -0.05549949
v 0.00475681 -0.04476720 -0.05550414
v 0.00000342 -0.04500621 0.01056259
v 0.04488140 -0.00308907 -0.05550479
v -0.00523293 -0.04469639 0.01065856
v 0.04477256 -0.00454378 0.02691841
v 0.04456204 -0.00617015 -0.05550533
v 0.04415369 -0.00875854 0.02513778
v -0.04237097 -0.01514357 -0.05550307
v 0.04374378 -0.01065409 -0.05550408
v 0.04259574 -0.01453924 0.02280300
v -0.04330176 -0.01218789 -0.05550450
v -0.04389715 -0.00991988 0.02465647
v -0.00616360 -0.04456430 -0.05550295
v -0.04433536 -0.00783920 -0.05550408
v 0.04192304 -0.01636731 -0.05550348
v 0.04014015 -0.02033513 0.02053540
v 0.04050886 -0.01961559 -0.05550324
v -0.04476547 -0.00461191 0.02683496
v -0.01060146 -0.04375189 -0.05550158
v -0.01033616 -0.04379642 0.01107752
v 0.03753089 -0.02487045 -0.05550581
v 0.03730648 -0.02517271 0.01855707
v -0.01603239 -0.04207509 0.01175308
v 0.03488779 -0.02840185 -0.05550330
v 0.03370612 -0.02983224 0.01664590
v 0.03281873 -0.03076630 -0.05550318
v 0.03004622 -0.03350949 0.01517456
v -0.01502609 -0.04240602 -0.05550450
v -0.01929110 -0.04067653 -0.05550366
v -0.02085876 -0.03989577 0.01263540
v 0.02934020 -0.03415143 -0.05550098
v 0.02462792 -0.03768903 0.01350152
v 0.02453345 -0.03774142 -0.05552011
v -0.02453118 -0.03774148 -0.05550926
v -0.02551913 -0.03708761 0.01378065
v 0.02031415 -0.04015827 0.01254153
v 0.01936608 -0.04062420 -0.05550467
v 0.01588511 -0.04212123 0.01172161
v -0.02833986 -0.03494077 -0.05550438
v -0.02909272 -0.03432202 0.01490026
v 0.01614403 -0.04201322 -0.05550545
v 0.01052045 -0.04376578 -0.05550563
v 0.01025772 -0.04382711 0.01106268
v -0.03166961 -0.03198128 -0.05550634
v -0.03326535 -0.03030729 0.01650267
v -0.03588432 -0.02718788 -0.05550330
v -0.03696244 -0.02569437 0.01835775
v 0.00587618 -0.04463189 0.01073664
v 0.03772354 0.02437973 0.03864479
v 0.03646844 0.02622979 0.03938978
v 0.03768992 0.02414280 0.03860539
v 0.03608220 -0.02686017 0.01794147
v 0.03370612 -0.02983224 0.01664590
v 0.03730648 -0.02517271 0.01855707
v 0.03301954 -0.03053277 0.01648831
v 0.03569442 -0.02714765 0.01788264
v 0.03416073 -0.02905893 0.01711034
v 0.00265265 0.04464590 0.04689043
v -0.00001493 0.04487276 0.04693430
v 0.00000000 0.04472494 0.04692113
v 0.03608220 -0.02686017 0.01794147
v 0.03646844 0.02622979 0.03938978
v 0.03772354 0.02437973 0.03864479
v 0.03913706 0.02173548 0.03765773
v 0.03370612 -0.02983224 0.01664590
v 0.03255653 -0.03086042 0.01640290
v 0.03951311 0.02155804 0.03736305
v 0.04039567 0.01981061 0.03670209
v 0.04035490 0.01938033 0.03668797
v 0.03070330 -0.03273296 0.01567554
v 0.04039567 0.01981061 0.03670209
v 0.04171341 0.01689332 0.03548884
v 0.03951311 0.02155804 0.03736305
v 0.04174709 0.01659393 0.03550148
v 0.04136568 0.01712727 0.03577089
v 0.03301954 -0.03053277 0.01648831
v 0.03070330 -0.03273296 0.01567554
v 0.04171341 0.01689332 0.03548884
v 0.02778530 -0.03537362 0.01451325
v 0.03070330 -0.03273296 0.01567554
v 0.02899122 -0.03422939 0.01502138
v 0.04233950 0.01456695 0.03473651
v 0.04174709 0.01659393 0.03550148
v 0.04233950 0.01456695 0.03473651
v 0.04316669 0.01191592 0.03367173
v 0.02778530 -0.03537362 0.01451325
v 0.02709537 -0.03575205 0.01440614
v 0.04244995 0.01488590 0.03473520
v 0.00271583 0.04486840 0.04685389
v 0.04244995 0.01488590 0.03473520
v 0.04360783 0.01116657 0.03315728
v 0.04171341 0.01689332 0.03548884
v 0.04244995 0.01488590 0.03473520
v 0.00271583 0.04486840 0.04685389
v -0.00003116 0.04500102 0.04677307
v -0.00001493 0.04487276 0.04693430
v 0.03004622 -0.03350949 0.01517456
v 0.02462792 -0.03768903 0.01350152
v 0.02778530 -0.03537362 0.01451325
v 0.02515912 -0.03715646 0.01385957
v 0.00271583 0.04486840 0.04685389
v 0.00529069 0.04441124 0.04679441
v 0.04371970 0.01048088 0.03301811
v 0.04375380 0.00955319 0.03271389
v 0.00584698 0.04452008 0.04677319
v 0.00563228 0.04464328 0.04665303
v 0.00271583 0.04486840 0.04685389
v 0.00584698 0.04452008 0.04677319
v 0.00765854 0.04406529 0.04665458
v 0.04452586 0.00612062 0.03127670
v 0.04426372 0.00683522 0.03161269
v 0.01000303 0.04359382 0.04646414
v 0.02308750 -0.03848445 0.01332932
v 0.04452586 0.00612062 0.03127670
v 0.04460459 0.00410098 0.03050798
v 0.00779724 0.04428821 0.04658448
v 0.02097058 -0.03966975 0.01283013
v 0.00779724 0.04428821 0.04658448
v 0.01166146 0.04347532 0.04619491
v 0.00563228 0.04464328 0.04665303
v 0.01078885 0.04361706 0.04638963
v 0.04476755 0.00162321 0.02950686
v 0.00779724 0.04428821 0.04658448
v 0.01887655 -0.04071336 0.01241332
v 0.01166146 0.04347532 0.04619491
v 0.00779724 0.04428821 0.04658448
v 0.01078885 0.04361706 0.04638963
v 0.01255422 0.04292911 0.04620540
v 0.04482150 0.00317383 0.03009319
v 0.04482150 0.00317383 0.03009319
v 0.04452586 0.00612062 0.03127670
v 0.04476755 0.00162321 0.02950686
v 0.01553392 0.04214048 0.04580348
v 0.04482150 0.00317383 0.03009319
v 0.04479724 -0.00082135 0.02853304
v 0.04501330 0.00021267 0.02877891
v 0.01655405 -0.04171383 0.01201236
v 0.01511222 0.04209887 0.04586011
v 0.01735043 0.04122871 0.04550850
v 0.01325410 -0.04292052 0.01151299
v 0.01655405 -0.04171383 0.01201236
v 0.01410681 -0.04259586 0.01164114
v 0.04477256 -0.00454378 0.02691841
v 0.04466009 -0.00361037 0.02739214
v 0.01325410 -0.04292052 0.01151299
v 0.01746457 0.04132884 0.04550862
v 0.01180827 -0.04329061 0.01136034
v 0.04440319 -0.00604701 0.02641892
v 0.01746457 0.04132884 0.04550862
v 0.02018547 0.04010272 0.04499214
v 0.01977819 0.04012244 0.04506146
v 0.01325410 -0.04292052 0.01151299
v 0.01025772 -0.04382711 0.01106268
v 0.00947904 -0.04386067 0.01113015
v 0.02018547 0.04010272 0.04499214
v 0.02043533 0.04009252 0.04482775
v 0.02214425 0.03886914 0.04455506
v 0.04403686 -0.00901604 0.02516549
v 0.04399520 -0.00852853 0.02540516
v 0.02264404 0.03874009 0.04446023
v 0.02444350 0.03746896 0.04399245
v 0.02215385 0.03915637 0.04448354
v 0.02264404 0.03874009 0.04446023
v 0.04415369 -0.00875854 0.02513778
v 0.04342627 -0.01110482 0.02437847
v 0.00711846 -0.04430776 0.01095336
v 0.00587618 -0.04463189 0.01073664
v 0.02215385 0.03915637 0.04448354
v 0.02553504 0.03707933 0.04359316
v 0.02043533 0.04009252 0.04482775
v 0.02563524 0.03692293 0.04368370
v 0.00449294 -0.04464894 0.01081150
v 0.02563524 0.03692293 0.04368370
v 0.04358208 -0.01117938 0.02421855
v 0.02664101 0.03594279 0.04337280
v 0.04358208 -0.01117938 0.02421855
v 0.04259574 -0.01453924 0.02280300
v 0.04415369 -0.00875854 0.02513778
v 0.04244560 -0.01492303 0.02273941
v 0.04270642 -0.01361513 0.02335596
v 0.04259574 -0.01453924 0.02280300
v 0.04358208 -0.01117938 0.02421855
v 0.04244560 -0.01492303 0.02273941
v 0.00226247 -0.04483407 0.01076787
v 0.00226247 -0.04483407 0.01076787
v 0.00000000 -0.04487490 0.01072025
v -0.00216532 -0.04493498 0.01065719
v 0.04191988 -0.01591008 0.02245467
v 0.02888017 0.03417682 0.04270333
v 0.00000342 -0.04500621 0.01056259
v 0.00587618 -0.04463189 0.01073664
v 0.00000342 -0.04500621 0.01056259
v 0.00226247 -0.04483407 0.01076787
v 0.02888017 0.03417682 0.04270333
v 0.03059387 0.03296566 0.04203081
v 0.03071755 0.03253901 0.04202824
v 0.04115295 -0.01820373 0.02136319
v 0.04115295 -0.01820373 0.02136319
v 0.04014015 -0.02033513 0.02053540
v 0.04259574 -0.01453924 0.02280300
v 0.04115295 -0.01820373 0.02136319
v 0.04014015 -0.02033513 0.02053540
v 0.04096156 -0.01821839 0.02149027
v 0.03977555 -0.02068871 0.02049213
v 0.03059387 0.03296566 0.04203081
v 0.03380346 0.02964299 0.04074645
v 0.03268331 0.03056538 0.04120028
v 0.03858137 -0.02284932 0.01962900
v 0.03059387 0.03296566 0.04203081
v 0.03380346 0.02964299 0.04074645
v 0.03446882 0.02854639 0.04038769
v 0.03867340 -0.02299302 0.01946544
v 0.03867340 -0.02299302 0.01946544
v 0.03730648 -0.02517271 0.01855707
v 0.04014015 -0.02033513 0.02053540
v 0.03726649 -0.02494454 0.01878076
v 0.03730648 -0.02517271 0.01855707
v 0.03614860 0.02638798 0.03951251
v -0.03387165 0.02950567 0.04070663
v -0.03586667 0.02713775 0.03967612
v -0.03415179 0.02891796 0.04054766
v -0.03969591 -0.02123165 0.02014201
v -0.03767436 -0.02432656 0.01903861
v -0.03909707 -0.02195113 0.01998734
v -0.03696244 -0.02569437 0.01835775
v -0.03352761 0.03002953 0.04075211
v -0.03586667 0.02713775 0.03967612
v -0.03387165 0.02950567 0.04070663
v -0.03252768 0.03073054 0.04126691
v -0.04038804 -0.01980018 0.02078914
v -0.04035466 -0.01953554 0.02095830
v -0.03170061 0.03187036 0.04163122
v -0.03079515 0.03246402 0.04197084
v -0.02958863 0.03382390 0.04243183
v -0.04157441 -0.01718139 0.02183008
v -0.04136961 -0.01727342 0.02187412
v -0.03170061 0.03187036 0.04163122
v -0.03387165 0.02950567 0.04070663
v -0.02958863 0.03382390 0.04243183
v -0.03170061 0.03187036 0.04163122
v -0.04157441 -0.01718139 0.02183008
v -0.04228997 -0.01538372 0.02254033
v -0.03969591 -0.02123165 0.02014201
v -0.04157441 -0.01718139 0.02183008
v -0.03969591 -0.02123165 0.02014201
v -0.04038804 -0.01980018 0.02078914
v -0.04228997 -0.01538372 0.02254033
v -0.02899122 0.03407943 0.04262000
v -0.04233950 -0.01471716 0.02290487
v -0.02958863 0.03382390 0.04243183
v -0.03005433 0.03350251 0.04216027
v -0.03170061 0.03187036 0.04163122
v -0.04316449 -0.01207917 0.02397912
v -0.02706521 0.03562265 0.04328119
v -0.04331946 -0.01214689 0.02383559
v -0.02728033 0.03578037 0.04310989
v -0.02728033 0.03578037 0.04310989
v -0.02531671 0.03720682 0.04363226
v -0.03005433 0.03350251 0.04216027
v -0.02728033 0.03578037 0.04310989
v -0.00264990 -0.04479628 0.01075208
v -0.04331946 -0.01214689 0.02383559
v -0.04389715 -0.00991988 0.02465647
v -0.04228997 -0.01538372 0.02254033
v -0.02516651 0.03717988 0.04381370
v -0.02512449 0.03701663 0.04380673
v -0.04377102 -0.00969291 0.02497547
v -0.02308768 0.03831750 0.04433232
v 0.00000342 -0.04500621 0.01056259
v -0.00523293 -0.04469639 0.01065856
v -0.00216532 -0.04493498 0.01065719
v -0.04389715 -0.00991988 0.02465647
v -0.00529790 -0.04457122 0.01086491
v -0.02531671 0.03720682 0.04363226
v -0.00523293 -0.04469639 0.01065856
v -0.04459887 -0.00584501 0.02641439
v -0.04426372 -0.00698525 0.02602875
v -0.02096718 0.03951650 0.04482823
v -0.02516651 0.03717988 0.04381370
v -0.02308768 0.03831750 0.04433232
v -0.02319043 0.03851652 0.04428005
v -0.02516651 0.03717988 0.04381370
v -0.02096718 0.03951650 0.04482823
v -0.00756550 -0.04434895 0.01087629
v -0.00766194 -0.04421502 0.01098883
v -0.02319043 0.03851652 0.04428005
v -0.02319043 0.03851652 0.04428005
v -0.04459887 -0.00584501 0.02641439
v -0.04460465 -0.00425863 0.02713292
v -0.02080553 0.03981411 0.04485303
v -0.00523293 -0.04469639 0.01065856
v -0.01033616 -0.04379642 0.01107752
v -0.00756550 -0.04434895 0.01087629
v -0.01033616 -0.04379642 0.01107752
v -0.01000303 -0.04374378 0.01117724
v -0.02079069 0.03991419 0.04469901
v -0.02319043 0.03851652 0.04428005
v -0.02080553 0.03981411 0.04485303
v -0.01892977 0.04052782 0.04526162
v -0.01257675 -0.04307311 0.01144826
v -0.04495650 -0.00021744 0.02871125
v -0.04476755 -0.00177324 0.02813458
v -0.01265430 -0.04316967 0.01134967
v -0.04493319 -0.00186157 0.02800321
v -0.01774471 0.04135733 0.04537695
v -0.04476547 -0.00461191 0.02683496
v -0.01774471 0.04135733 0.04537695
v -0.01500099 0.04242926 0.04577094
v -0.02079069 0.03991419 0.04469901
v -0.01774471 0.04135733 0.04537695
v -0.04493319 -0.00186157 0.02800321
v -0.04479300 0.00070817 0.02913719
v -0.01663780 0.04163551 0.04564493
v -0.01661247 0.04153084 0.04563069
v -0.04500585 0.00025606 0.02878111
v -0.04493319 -0.00186157 0.02800321
v -0.04495650 -0.00021744 0.02871125
v -0.01033616 -0.04379642 0.01107752
v -0.01603239 -0.04207509 0.01175308
v -0.01265430 -0.04316967 0.01134967
v -0.01513546 -0.04224932 0.01179599
v -0.01420134 0.04241794 0.04603409
v -0.01420134 0.04241794 0.04603409
v -0.01774471 0.04135733 0.04537695
v -0.01663780 0.04163551 0.04564493
v -0.01603239 -0.04207509 0.01175308
v -0.04472661 0.00452232 0.03063011
v -0.04466009 0.00346029 0.03024893
v -0.01735043 -0.04137867 0.01213282
v -0.01978540 -0.04027050 0.01258862
v -0.01500099 0.04242926 0.04577094
v -0.04472661 0.00452232 0.03063011
v -0.04439550 0.00592941 0.03124666
v -0.01196807 0.04336243 0.04618406
v -0.02085876 -0.03989577 0.01263540
v -0.01196807 0.04336243 0.04618406
v -0.00979447 0.04392325 0.04631721
v -0.01500099 0.04242926 0.04577094
v -0.00978684 0.04384082 0.04648613
v -0.01180827 0.04314053 0.04628092
v -0.00947904 0.04371047 0.04651129
v -0.01196807 0.04336243 0.04618406
v -0.00978684 0.04384082 0.04648613
v -0.02214479 -0.03902488 0.01309621
v -0.00705814 0.04416215 0.04667878
v -0.04399389 0.00838685 0.03224313
v -0.04407191 0.00901794 0.03238344
v -0.00601101 0.04450583 0.04676842
v -0.04339337 0.01106250 0.03332042
v -0.02551913 -0.03708761 0.01378065
v -0.02443617 -0.03762382 0.01364994
v -0.04273301 0.01340222 0.03430092
v -0.00601101 0.04450583 0.04676842
v -0.00328493 0.04483497 0.04685556
v -0.00449294 0.04449886 0.04682976
v -0.04365301 0.01089096 0.03311491
v -0.02663898 -0.03609359 0.01426470
v -0.04365301 0.01089096 0.03311491
v -0.04241281 0.01508420 0.03474986
v -0.04407191 0.00901794 0.03238344
v -0.04268401 0.01410198 0.03448343
v -0.04241281 0.01508420 0.03474986
v -0.04365301 0.01089096 0.03311491
v -0.04268401 0.01410198 0.03448343
v -0.00328493 0.04483497 0.04685556
v -0.04190355 0.01577001 0.03522616
v -0.00225854 0.04466640 0.04690307
v -0.02909272 -0.03432202 0.01490026
v -0.02875727 -0.03442662 0.01494169
v -0.04241281 0.01508420 0.03474986
v -0.04123395 0.01793664 0.03600454
v -0.00328493 0.04483497 0.04685556
v -0.03077512 -0.03263127 0.01566708
v -0.00328493 0.04483497 0.04685556
v -0.00003116 0.04500102 0.04677307
v -0.00561994 0.04466360 0.04664272
v -0.04096156 0.01806843 0.03615117
v -0.03072685 -0.03285980 0.01550477
v -0.04123395 0.01793664 0.03600454
v -0.04019093 0.02022355 0.03687739
v -0.04241281 0.01508420 0.03474986
v -0.04019093 0.02022355 0.03687739
v -0.03978741 0.02051818 0.03714722
v -0.02909272 -0.03432202 0.01490026
v -0.03326535 -0.03030729 0.01650267
v -0.03072685 -0.03285980 0.01550477
v -0.03326535 -0.03030729 0.01650267
v -0.03268331 -0.03071540 0.01644116
v -0.03446865 -0.02891343 0.01710432
v -0.03447270 -0.02869027 0.01726263
v -0.03773117 0.02431672 0.03864717
v -0.03858155 0.02269536 0.03802061
v -0.03727179 0.02478450 0.03886795
v -0.03800886 0.02413463 0.03841000
v -0.03446865 -0.02891343 0.01710432
v -0.03696244 -0.02569437 0.01835775
v -0.03326535 -0.03030729 0.01650267
v -0.03615403 -0.02653735 0.01813483
v -0.03569442 0.02699756 0.03975880
v -0.03415179 0.02891796 0.04054766
v -0.03773117 0.02431672 0.03864717
v -0.03569442 0.02699756 0.03975880
v -0.03773117 0.02431672 0.03864717
v -0.03586667 0.02713775 0.03967612
v -0.03586667 0.02713775 0.03967612
v -0.03352761 0.03002953 0.04075211
v -0.03800886 0.02413463 0.03841000
v 0.03977555 -0.02068871 0.02049213
v 0.04048037 -0.01859658 0.02133733
v 0.03926450 -0.02103114 0.02035385
v 0.00000000 -0.04487490 0.01072025
v 0.00172561 -0.04445087 0.01089155
v -0.00091781 -0.04447484 0.01088196
v 0.03077512 0.03248131 0.04197418
v 0.03159874 0.03157687 0.04160887
v 0.03268331 0.03056538 0.04120028
v 0.02875727 0.03427666 0.04269969
v 0.02798259 0.03483289 0.04292452
v -0.04449850 -0.00280130 0.02771914
v -0.04476755 -0.00177324 0.02813458
v -0.04460459 -0.00425112 0.02713346
v -0.02403324 0.03767406 0.04407227
v -0.02308768 0.03831750 0.04433232
v -0.02512449 0.03701663 0.04380673
v 0.03858155 -0.02284532 0.01962089
v 0.02664101 0.03594279 0.04337280
v 0.03804302 -0.02315676 0.01949501
v 0.03344428 0.02960819 0.04081356
v -0.02623969 0.03616762 0.04346358
v -0.04423296 -0.00554544 0.02661049
v 0.03447628 0.02853268 0.04037886
v -0.00264990 -0.04479628 0.01075208
v 0.02605402 0.03630203 0.04351800
v 0.03501105 0.02772986 0.04005455
v 0.02443617 0.03747361 0.04399132
v -0.00354970 -0.04434269 0.01093512
v -0.02709537 0.03560215 0.04323518
v -0.04426372 -0.00698525 0.02602875
v 0.02404415 0.03766727 0.04406952
v 0.03614860 0.02638798 0.03951251
v 0.03648406 0.02575206 0.03925549
v 0.02214425 0.03886914 0.04455506
v -0.04384815 -0.00800866 0.02561527
v 0.03727346 -0.02492886 0.01877892
v -0.00529069 -0.04456120 0.01084703
v 0.03655672 -0.02542823 0.01857715
v 0.02196699 0.03891873 0.04457521
v 0.03768992 0.02414280 0.03860539
v -0.00593835 -0.04408711 0.01103866
v 0.03784370 0.02369982 0.03842628
v -0.04375600 -0.00968933 0.02493613
v -0.02836018 0.03452438 0.04279983
v 0.01960307 0.04016482 0.04507869
v -0.02899122 0.03407943 0.04262000
v -0.04333007 -0.01043307 0.02463567
v 0.03909337 0.02180480 0.03766071
v -0.00765854 -0.04421550 0.01098662
v 0.03908467 0.02158194 0.03757077
v 0.03569442 -0.02714765 0.01788264
v 0.01735043 0.04122871 0.04550850
v -0.00830007 -0.04370445 0.01119238
v 0.03494447 -0.02759385 0.01770234
v -0.04315757 -0.01209318 0.02396500
v 0.01741915 0.04116183 0.04548150
v 0.04035609 0.01937747 0.03668010
v -0.04260349 -0.01306551 0.02357202
v 0.04020828 0.01939517 0.03668719
v 0.01511222 0.04209887 0.04586011
v -0.03038692 0.03274852 0.04208225
v -0.01008266 -0.04332941 0.01134473
v -0.01000303 -0.04374378 0.01117724
v -0.03080320 0.03245472 0.04196357
v 0.03416073 -0.02905893 0.01711034
v 0.01493239 0.04213058 0.04587286
v 0.03320670 -0.02965492 0.01686954
v -0.01184958 -0.04288101 0.01152580
v 0.04136568 0.01712727 0.03577089
v 0.04121387 0.01713925 0.03577578
v -0.04233950 -0.01471716 0.02290487
v -0.03230184 0.03085494 0.04131722
v -0.04171532 -0.01565086 0.02252757
v 0.01265043 0.04287350 0.04617297
v 0.01257675 0.04292315 0.04619312
v -0.01257675 -0.04307311 0.01144826
v -0.03252768 0.03073054 0.04126691
v 0.03252768 -0.03088063 0.01637423
v 0.04233950 0.01456695 0.03473651
v 0.04218220 0.01457524 0.03473979
v 0.03134065 -0.03161382 0.01607817
v -0.01415020 -0.04217970 0.01180917
v -0.04136568 -0.01727730 0.02187043
v -0.04066383 -0.01819396 0.02150017
v 0.01048576 0.04345464 0.04640781
v -0.01511222 -0.04224902 0.01178115
v 0.01000303 0.04359382 0.04646414
v -0.01641172 -0.04135441 0.01214253
v 0.04291945 0.01221615 0.03378671
v -0.03409731 0.02885121 0.04050767
v -0.03416073 0.02890872 0.04053092
v -0.04035609 -0.01952761 0.02096134
v 0.04315757 0.01194322 0.03367626
v 0.03080320 -0.03260493 0.01567775
v -0.03958815 -0.02041870 0.02060127
v -0.01735043 -0.04137867 0.01213282
v 0.00827539 0.04393017 0.04660004
v -0.01862692 -0.04040777 0.01252514
v -0.03569442 0.02699756 0.03975880
v 0.00765854 0.04406529 0.04665458
v 0.02937400 -0.03344357 0.01533877
v 0.04352402 0.00982022 0.03281867
v 0.04375600 0.00953925 0.03270494
v 0.00541472 0.04438686 0.04678559
v -0.03909337 -0.02195501 0.01998049
v -0.03839612 -0.02256929 0.01973235
v -0.01977819 -0.04027265 0.01257961
v -0.02078282 -0.03934580 0.01295423
v -0.03577262 0.02673691 0.03965348
v 0.02899122 -0.03422939 0.01502138
v -0.03768992 -0.02429288 0.01903605
v 0.04399693 0.00738114 0.03183317
v -0.03708434 -0.02465569 0.01888924
v 0.04426372 0.00683522 0.03161269
v -0.02288258 -0.03816598 0.01343083
v -0.02214425 -0.03901910 0.01308614
v -0.03727346 0.02477890 0.03886228
v 0.02730309 -0.03514879 0.01464974
v 0.00302410 0.04460239 0.04687160
v -0.03614860 -0.02653819 0.01812887
v 0.04436165 0.00465655 0.03073239
v -0.03566205 -0.02666378 0.01807796
v 0.04460459 0.00410098 0.03050798
v -0.03732264 0.02451574 0.03875607
v -0.02513784 -0.03672385 0.01401346
v -0.02443617 -0.03762382 0.01364994
v 0.00038298 0.04470288 0.04691219
v 0.02709537 -0.03575205 0.01440614
v -0.03447628 -0.02868264 0.01726222
v -0.03414267 -0.02857685 0.01730519
v -0.03252512 -0.03039824 0.01656913
v -0.03861242 0.02241981 0.03790915
v 0.00000000 0.04472494 0.04692113
v 0.04454571 0.00218749 0.02973479
v -0.02709972 -0.03530526 0.01458662
v -0.02664101 -0.03609275 0.01426845
v -0.03268331 -0.03071540 0.01644116
v 0.04476755 0.00162321 0.02950686
v -0.03078103 -0.03215122 0.01584649
v -0.02899694 -0.03376919 0.01520729
v -0.02875727 -0.03442662 0.01494169
v -0.03077512 -0.03263127 0.01566708
v 0.02983278 0.03325635 0.04228740
v 0.02514404 -0.03671962 0.01401513
v 0.02512449 -0.03716665 0.01383453
v -0.00200915 0.04465931 0.04689455
v 0.04458945 -0.00054097 0.02863246
v -0.03977555 0.02053850 0.03714919
v 0.04479300 -0.00085824 0.02850425
v -0.00448829 0.04449480 0.04681706
v -0.03978037 0.02026361 0.03703796
v 0.02289772 -0.03815644 0.01343464
v 0.02308768 -0.03846746 0.01330906
v 0.04448378 -0.00301653 0.02763229
v -0.04096156 0.01806843 0.03615117
v 0.02079850 -0.03933686 0.01295775
v 0.04466009 -0.00361037 0.02739214
v 0.04423969 -0.00549191 0.02663207
v -0.04092890 0.01781368 0.03604817
v 0.04439550 -0.00607943 0.02639478
v 0.02098453 -0.03965622 0.01282870
v -0.04189926 0.01578313 0.03522789
v 0.01864171 -0.04040086 0.01252794
v 0.01882290 -0.04072862 0.01239544
v -0.00936347 0.04371052 0.04651129
v -0.00947904 0.04371047 0.04651129
v 0.04381096 -0.00820792 0.02553462
v 0.04399520 -0.00852853 0.02540516
v -0.04193544 0.01527559 0.03502279
v -0.01180827 0.04314053 0.04628092
v -0.04271113 0.01344406 0.03428280
v 0.01661247 -0.04168105 0.01201075
v 0.01619631 -0.04143905 0.01210832
v -0.01192933 0.04307979 0.04625642
v -0.04271173 0.01292961 0.03407502
v -0.04339337 0.01106250 0.03332042
v -0.01410681 0.04244565 0.04600030
v 0.04321974 -0.01087599 0.02445667
v 0.01410681 -0.04259586 0.01164114
v 0.04339337 -0.01121246 0.02432078
v 0.01369810 -0.04232817 0.01174914
v -0.01446282 0.04229480 0.04593920
v -0.04335469 0.01055121 0.03311383
v 0.01180827 -0.04329061 0.01136034
v -0.01661247 0.04153084 0.04563069
v -0.04399520 0.00837845 0.03223603
v 0.04271113 -0.01359421 0.02335858
v 0.04246556 -0.01350152 0.02339607
v 0.01115888 -0.04306542 0.01145136
v -0.04391378 0.00786614 0.03202915
v 0.00947904 -0.04386067 0.01113015
v -0.01694726 0.04135894 0.04556119
v -0.04439550 0.00592941 0.03124666
v -0.01882290 0.04057866 0.04524594
v 0.00882369 -0.04360282 0.01123422
v 0.04189926 -0.01593321 0.02241355
v 0.04155176 -0.01607632 0.02235579
v -0.04430818 0.00514323 0.03092896
v 0.00712824 -0.04430419 0.01095098
v -0.04466009 0.00346029 0.03024893
v -0.01938724 0.04026979 0.04512113
v 0.00647295 -0.04401254 0.01106864
v -0.02098453 0.03950601 0.04481256
v 0.04096156 -0.01821839 0.02149027
v -0.04453492 0.00240219 0.02982157
v 0.00449294 -0.04464894 0.01081150
v 0.00410825 -0.04429531 0.01095443
v -0.04479300 0.00070817 0.02913719
v -0.02174818 0.03904169 0.04462498
v -0.04459393 -0.00006762 0.02882367
v 0.00224930 -0.04481840 0.01074314
v 0.00305909 0.04542732 0.04538536
v 0.00308847 0.04604816 0.04499149
v 0.00019988 0.04587054 0.04524260
v -0.03657126 0.02691406 0.02882814
v -0.03389072 0.03117936 0.03063672
v -0.03605407 0.02874612 0.02814149
v -0.03210926 0.03441804 0.03154087
v -0.02919578 0.03801339 0.03402608
v -0.03229326 0.03589415 0.03108215
v 0.00736380 0.04521065 0.04466193
v 0.01199048 0.05025392 0.04342001
v 0.01214689 0.05216389 0.04343622
v 0.00747627 0.05116611 0.04442530
v -0.03918409 0.02218461 0.02694267
v 0.01214981 0.04443764 0.04345870
v 0.00736427 0.04584312 0.04442113
v 0.01265996 0.04479593 0.04318040
v -0.02368712 0.04112190 0.03810364
v -0.02364158 0.04958367 0.03831863
v -0.02568238 0.04016399 0.03674316
v 0.01498883 0.05399888 0.04264426
v 0.01178354 0.05399990 0.04356580
v 0.00060773 0.04545140 0.04557943
v -0.01109784 0.04548960 0.04354947
v -0.00820541 0.04752898 0.04422879
v -0.01138585 0.05333447 0.04365032
v -0.03691160 0.02764564 0.02705729
v 0.01751703 0.04343414 0.04137223
v 0.01718991 0.04797512 0.04156589
v 0.01491349 0.04450321 0.04235935
v 0.00639290 0.04932963 0.04455202
v 0.00297737 0.05099040 0.04492044
v -0.03392022 0.03441804 0.02932167
v -0.03385251 0.03282165 0.02969932
v -0.00628400 0.04469913 0.04558938
v -0.00836825 0.04425972 0.04549401
v -0.01124709 0.04356557 0.04509460
v -0.03652995 0.03002119 0.02641105
v -0.00191843 0.04522073 0.04575955
v -0.01846194 0.04644167 0.04096764
v -0.01596510 0.04795837 0.04205036
v -0.01844215 0.05061769 0.04111862
v 0.03017425 0.05087423 0.03346157
v 0.03165340 0.05400151 0.03214931
v 0.03001397 0.05399537 0.03369134
v 0.00287664 0.05188012 0.04493308
v 0.02981376 0.04998779 0.03374290
v 0.02726745 0.05020540 0.03584766
v -0.01342576 0.04979324 0.04296630
v -0.03922885 0.02394819 0.02390187
v -0.00309891 0.04590231 0.04502964
v -0.00379181 0.04560184 0.04514503
v -0.02812027 0.04636651 0.03506392
v 0.04497188 0.00588238 0.00528330
v 0.01202297 0.04651004 0.04331970
v 0.00737810 0.05261838 0.04446619
v 0.04499495 0.00691104 0.00078452
v -0.04027169 0.02155065 0.02275276
v -0.02103233 0.05022805 0.03983974
v -0.02104490 0.04545086 0.03966879
v 0.02717781 0.05119031 0.03595161
v -0.00434917 0.04502356 0.04560607
v -0.00616932 0.04516470 0.04497295
v 0.04458034 0.00661766 0.01365035
v -0.00825930 0.04455572 0.04493451
v -0.03653240 0.03206008 0.02603149
v -0.02957528 0.05371451 0.03407281
v -0.00531626 0.04711514 0.04467928
v -0.00589275 0.05102890 0.04463768
v 0.04490000 0.00874483 0.00468475
v 0.04414016 0.00957060 0.01485157
v -0.04192042 0.01669579 0.02198696
v 0.02244758 0.04195922 0.03879833
v 0.02510643 0.05027049 0.03739738
v 0.02254295 0.04981797 0.03898900
v 0.04458314 0.00989127 0.00905937
v -0.00297046 0.05045479 0.04491275
v 0.04490464 0.01402723 0.00301415
v 0.04499614 0.01351332 -0.00106752
v -0.03927135 0.02659600 0.02214050
v -0.02578926 0.05031657 0.03693962
v 0.00096556 0.04633301 0.04502964
v -0.01113033 0.04390293 0.04433315
v 0.04411756 0.01216995 0.01172113
v 0.04309433 0.01394295 0.01792681
v 0.04458385 0.01521313 0.00645292
v 0.04415667 0.01376938 0.01020395
v 0.01494210 0.04805892 0.04243278
v 0.02724075 0.05294704 0.03596490
v -0.01606553 0.05399829 0.04220962
v 0.04309481 0.01558744 0.01571214
v 0.04493993 0.04834759 0.00247020
v 0.04057383 0.01942110 0.02529209
v 0.04306364 0.01308518 0.02082222
v 0.04160857 0.01714587 0.02350562
v -0.01351493 0.04296493 0.04422158
v 0.04413121 0.01663160 0.00908637
v -0.04019492 0.02375262 0.02110290
v 0.02514261 0.05225372 0.03745079
v -0.00184137 0.04617381 0.04504436
v -0.04199433 0.01750224 0.01992702
v 0.04160857 0.01714587 0.02350562
v 0.04458695 0.04003089 0.00605106
v 0.04161453 0.01888006 0.01992130
v 0.04415756 0.02013611 0.00856936
v -0.03203678 0.05118411 0.03167057
v 0.04309511 0.01717025 0.01444935
v 0.01994317 0.04999828 0.04038143
v 0.04499042 0.02863860 -0.00044511
v 0.04316878 0.02096605 0.01264429
v 0.04281437 0.01977711 0.01436066
v 0.02617979 0.05399978 0.03682804
v -0.04192644 0.01875907 0.01868999
v 0.04051482 0.02114135 0.02233177
v 0.02250480 0.05052304 0.03903770
v -0.00827265 0.04513156 0.04442995
v 0.03893297 0.02301335 0.02641844
v 0.04412245 0.03156775 0.00876117
v 0.04159885 0.02170729 0.01786708
v -0.03921520 0.02952259 0.02182942
v 0.04048347 0.02321213 0.02062183
v 0.03761005 0.02524513 0.02778053
v 0.03893333 0.02397757 0.02492618
v 0.04158735 0.02455800 0.01697152
v 0.01736825 0.04886627 0.04152679
v 0.01212978 0.04922550 0.04336142
v 0.04500389 0.05399984 0.00008583
v 0.04045677 0.02613347 0.01952934
v -0.04192680 0.02068585 0.01726031
v 0.03893387 0.02573317 0.02340346
v -0.03408259 0.04789257 0.02936542
v -0.04036331 0.02662461 0.01965713
v 0.03762906 0.02672100 0.02602189
v -0.01594853 0.04231971 0.04300022
v 0.04281723 0.03936195 0.01377129
v -0.01351070 0.05400007 0.04307866
v -0.01355355 0.04335087 0.04350090
v 0.00315470 0.04789036 0.04487520
v 0.00642014 0.04788219 0.04452693
v 0.03557437 0.02805185 0.03011506
v -0.00794983 0.05163949 0.04434686
v -0.00732279 0.04572552 0.04446220
v -0.04355263 0.01191812 0.01762944
v 0.00633240 0.05399847 0.04460549
v 0.00333500 0.05399090 0.04489594
v 0.03890317 0.02855873 0.02239602
v 0.03761667 0.02871513 0.02484798
v 0.03461688 0.02942460 0.03088086
v 0.01430314 0.04869723 0.04267883
v 0.03502321 0.03000307 0.02931976
v -0.04409766 0.00927091 0.01677650
v 0.03762143 0.03078842 0.02445405
v -0.01118844 0.04463368 0.04372733
v 0.00212616 0.05315852 0.04495888
v -0.04353058 0.01296919 0.01572418
v 0.03504276 0.03161948 0.02834129
v 0.03198170 0.03221708 0.03351414
v 0.03021717 0.03334379 0.03597116
v 0.00807160 0.04819601 0.04426491
v -0.03605723 0.04464441 0.02683931
v -0.04198163 0.02330589 0.01616472
v -0.01346683 0.04401612 0.04308271
v 0.03021717 0.03334379 0.03597116
v 0.03160637 0.03204441 0.03493183
v 0.02717679 0.03584790 0.03805160
v -0.02368348 0.05141490 0.03836536
v 0.04484379 0.05399870 0.00366211
v 0.03182309 0.03318405 0.03272533
v 0.01502609 0.04928165 0.04244375
v 0.03018563 0.03397601 0.03495019
v 0.04326766 0.05399590 0.01242440
v 0.01741886 0.05098682 0.04157155
v 0.03504848 0.03344154 0.02798748
v -0.00617266 0.05234438 0.04461479
v 0.04048150 0.04624021 0.01961708
v -0.00266814 0.05244565 0.04494059
v 0.03003120 0.03507709 0.03402894
v -0.02104943 0.05147564 0.03987598
v 0.01515763 0.04987531 0.04241555
v -0.01598858 0.04299777 0.04231333
v 0.04422700 0.05399888 0.00838232
v -0.04399853 0.01166975 0.01339906
v 0.03165143 0.03461831 0.03206634
v 0.01998990 0.05399817 0.04050725
v 0.02717679 0.03584790 0.03805160
v 0.03875058 0.04647958 0.02285385
v -0.00201958 0.04713821 0.04496175
v 0.02250760 0.03895705 0.04076021
v 0.02717679 0.03584790 0.03805160
v 0.02506297 0.03738635 0.03934043
v -0.04376399 0.01564991 0.01172447
v 0.02731984 0.03671741 0.03656286
v 0.03751748 0.05350399 0.02494812
v 0.03017425 0.03675454 0.03318977
v 0.03181833 0.03608793 0.03157520
v 0.02506297 0.03738635 0.03934043
v 0.02509284 0.03778392 0.03854346
v 0.04160273 0.04605859 0.01712334
v 0.04159587 0.05400019 0.01723289
v -0.04461127 0.00753760 0.01109743
v -0.01848191 0.04170697 0.04154682
v 0.02722162 0.03796094 0.03588962
v -0.04165512 0.03119933 0.01684427
v 0.02506440 0.03848403 0.03783321
v 0.02250760 0.03895705 0.04076021
v 0.01997941 0.04031723 0.04196494
v 0.02250760 0.03895705 0.04076021
v 0.01764774 0.04140043 0.04295223
v 0.02249622 0.03969049 0.03964376
v 0.03554528 0.05273151 0.02768516
v -0.02811813 0.05072951 0.03519821
v 0.01501649 0.05073547 0.04249089
v 0.02254104 0.05400174 0.03913879
v -0.02110004 0.04029124 0.04047489
v 0.03455060 0.05369442 0.02894783
v 0.02724450 0.03914254 0.03560727
v 0.01997941 0.04031723 0.04196494
v 0.01994603 0.04073613 0.04119628
v -0.04220283 0.03807294 0.01551836
v 0.02505302 0.03986549 0.03723144
v -0.02566140 0.03696721 0.03903770
v -0.02100414 0.03979843 0.04144978
v -0.02369827 0.03827136 0.04007530
v 0.01195138 0.04961919 0.04341405
v -0.00822449 0.05399394 0.04432392
v 0.00161070 0.04841113 0.04497700
v -0.03907299 0.05399948 0.02241986
v 0.04044049 0.05399668 0.01981920
v -0.04351752 0.02019262 0.01137250
v -0.01988315 0.05399954 0.04057782
v 0.01742315 0.04193377 0.04221051
v -0.02105134 0.04077237 0.04013729
v -0.01332855 0.04495590 0.04291582
v 0.02249050 0.04060316 0.03902524
v -0.01855087 0.04231446 0.04113674
v 0.00032099 0.04794609 0.04500353
v 0.03198534 0.04751062 0.03162562
v -0.02369827 0.03827136 0.04007530
v -0.02367782 0.03889697 0.03905630
v -0.01596981 0.04389619 0.04201477
v 0.01993465 0.04144859 0.04057353
v -0.04495775 0.00543374 0.00571251
v 0.01474452 0.04273313 0.04349243
v 0.01219838 0.04344612 0.04441612
v 0.01731109 0.04257917 0.04174035
v 0.01748269 0.05245900 0.04159682
v 0.01494789 0.04294872 0.04301691
v -0.02561944 0.03745079 0.03812313
v -0.02566140 0.03696721 0.03903770
v -0.02462571 0.05399990 0.03787279
v 0.00804615 0.04989188 0.04429662
v 0.01480096 0.05216997 0.04261153
v -0.04464012 0.01256722 0.00675970
v -0.00097638 0.04809731 0.04499179
v -0.04409939 0.01790398 0.00906145
v -0.01846116 0.04311698 0.04094547
v -0.03662109 0.05399268 0.02628231
v 0.03891611 0.05399650 0.02269738
v 0.01996845 0.04263854 0.04022163
v -0.02088260 0.04190176 0.03975909
v 0.01209640 0.04384994 0.04388308
v -0.02806949 0.03515625 0.03750801
v -0.02566140 0.03696721 0.03903770
v -0.02975845 0.03373146 0.03628104
v 0.00805926 0.04447960 0.04516685
v 0.01490402 0.04350274 0.04262346
v -0.02811336 0.05399882 0.03530877
v 0.00238681 0.04915636 0.04495406
v -0.02367210 0.04003477 0.03830528
v 0.00639963 0.04474586 0.04541581
v -0.02806949 0.03515625 0.03750801
v -0.00210124 0.04880607 0.04495751
v -0.03389358 0.05166953 0.02968025
v -0.02568054 0.03855705 0.03711414
v -0.02884626 0.03525054 0.03574746
v -0.04410082 0.02926826 0.00885934
v 0.00085507 0.05396384 0.04500794
v -0.00206149 0.04496330 0.04649519
v 0.00325584 0.04487514 0.04641640
v 0.00028354 0.04502463 0.04644125
v -0.03297656 0.05400335 0.03081744
v -0.02975845 0.03373146 0.03628104
v 0.03633254 0.05400341 0.02672624
v -0.03605854 0.05149310 0.02698570
v -0.04462563 0.01881009 0.00571221
v 0.00227600 0.04506826 0.04605442
v 0.00028354 0.04502463 0.04644125
v -0.00181001 0.05341833 0.04497075
v -0.00471020 0.05366581 0.04479694
v 0.00281787 0.04998391 0.04492145
v -0.04491853 0.01281839 0.00296301
v -0.04018586 0.05400085 0.02035135
v 0.00802135 0.04479336 0.04477947
v -0.02894306 0.03613370 0.03485155
v -0.04498815 0.00684410 0.00164223
v 0.00281620 0.04515123 0.04576671
v -0.04492223 0.00196546 0.00039709
v -0.03207057 0.03165715 0.03430366
v 0.00116849 0.04519927 0.04589992
v -0.00414938 0.05399674 0.04484117
v -0.03213495 0.03262037 0.03264325
v -0.00082282 0.05396980 0.04500550
v -0.04498994 0.02895730 0.00054535
v -0.04172843 0.05399930 0.01691716
v -0.02883243 0.03745692 0.03445053
v -0.04487067 0.04505395 0.00356835
v -0.03399324 0.03010946 0.03161513
v -0.04349964 0.05399984 0.01159566
v -0.04410266 0.04405689 0.00891536
v -0.04424858 0.05399948 0.00827646
v -0.04462867 0.04378837 0.00573981
v -0.04464972 0.05036431 0.00560093
v -0.04494482 0.05023878 0.00235701
v -0.04488730 0.05400085 0.00331068
v -0.04500627 0.05399584 -0.00050879
v -0.04493063 0.00428796 -0.00876141
v -0.04459387 0.00708550 -0.01192897
v -0.01592159 0.04240918 -0.04292726
v -0.01301592 0.04320871 -0.04420471
v 0.02470016 0.05400121 -0.03779125
v 0.02709579 0.05399978 -0.03610706
v 0.02511978 0.05089157 -0.03741925
v -0.00819969 0.04566711 -0.04425805
v -0.00507975 0.04516053 -0.04526358
v -0.00824833 0.04501956 -0.04451394
v -0.00531864 0.04597592 -0.04471600
v -0.02714627 0.05400025 -0.03610652
v -0.02321815 0.05399817 -0.03874111
v -0.02314949 0.05046463 -0.03866189
v -0.02635949 0.05078494 -0.03654575
v -0.01302045 0.04377919 -0.04344511
v -0.00820589 0.04464149 -0.04487937
v -0.01325798 0.04340100 -0.04372501
v -0.01314491 0.05397641 -0.04319167
v -0.01290941 0.05155313 -0.04319131
v -0.01582336 0.05399078 -0.04230588
v -0.02791595 0.05082595 -0.03537464
v 0.02227967 0.05400329 -0.03928560
v 0.02225869 0.05037778 -0.03917789
v -0.03093522 0.05361855 -0.03282541
v -0.02802276 0.03836911 -0.03498554
v -0.03153508 0.04392558 -0.03196251
v -0.00814009 0.05090183 -0.04429519
v -0.01812165 0.04144805 -0.04222553
v -0.00430584 0.05399751 -0.04483628
v 0.00118720 0.05120146 -0.04498410
v -0.00313306 0.05107724 -0.04490149
v -0.04459422 0.01150369 -0.00769818
v -0.04410606 0.01287138 -0.01098960
v 0.01826661 0.05056160 -0.04119682
v 0.02018928 0.05090492 -0.04031181
v 0.01957911 0.04969751 -0.04055595
v 0.00089794 0.04619908 -0.04504936
v 0.00526971 0.04697740 -0.04469102
v 0.00406981 0.04607450 -0.04487842
v -0.04053300 0.02605336 -0.01938241
v -0.03904622 0.05400145 -0.02244561
v -0.03843253 0.03015273 -0.02316570
v -0.04413223 0.01794672 -0.00872898
v -0.04322808 0.02080374 -0.01244354
v -0.04312437 0.01737797 -0.01414394
v -0.02104759 0.05004799 -0.03982830
v -0.01934242 0.05400127 -0.04086154
v -0.01762199 0.05231493 -0.04153919
v 0.02035897 0.05400019 -0.04032993
v -0.01568603 0.04277563 -0.04269504
v -0.01282113 0.04429531 -0.04323792
v -0.04489034 0.00768185 -0.00593227
v 0.01679611 0.04942184 -0.04177761
v 0.01800721 0.05148363 -0.04135411
v -0.01575940 0.04341524 -0.04223442
v 0.04496359 0.00465941 -0.00614393
v -0.03211480 0.05188173 -0.03161269
v 0.04498779 0.00555295 -0.00286925
v -0.00565243 0.05060869 -0.04466503
v -0.04167550 0.02425861 -0.01678562
v -0.04049015 0.05400002 -0.01972001
v -0.04459500 0.01636248 -0.00616568
v -0.01807206 0.04178375 -0.04180908
v -0.04499566 0.00451863 -0.00411391
v -0.00290483 0.04708188 -0.04489892
v -0.00273657 0.04594177 -0.04505676
v 0.04473114 0.00725836 -0.00928736
v -0.02104091 0.04002356 -0.04094171
v -0.00087959 0.05400025 -0.04500180
v 0.01518815 0.05046123 -0.04242706
v -0.03213310 0.05399894 -0.03165245
v -0.03440564 0.05183070 -0.02908134
v -0.00811481 0.05399721 -0.04434776
v -0.04488062 0.01462286 -0.00337672
v 0.01525211 0.04934298 -0.04236930
v -0.04497724 0.00462091 -0.00208712
v -0.04302692 0.05399090 -0.01325607
v -0.04281497 0.02376312 -0.01369428
v 0.04472482 0.01058179 -0.00668549
v 0.04392224 0.01084089 -0.01526492
v -0.03439617 0.05399906 -0.02914810
v -0.04497319 0.01232796 -0.00161391
v -0.03596210 0.05399578 -0.02717590
v -0.03600597 0.03201478 -0.02673047
v 0.04324465 0.01238673 -0.02019923
v -0.02159398 0.04010623 -0.04020255
v 0.00370717 0.05399924 -0.04487532
v -0.01285648 0.04509973 -0.04307055
v -0.02372258 0.03826516 -0.04003286
v 0.04471045 0.01587939 -0.00506139
v 0.04384469 0.01361447 -0.01258164
v -0.01807785 0.04259634 -0.04128068
v 0.04325836 0.01447325 -0.01594972
v -0.03804486 0.05366420 -0.02412796
v 0.04230523 0.01585495 -0.02061462
v 0.04391777 0.01646417 -0.01042783
v 0.01114648 0.04923480 -0.04361432
v 0.04336917 0.01662468 -0.01333707
v -0.04480403 0.05400151 -0.00450778
v 0.04223299 0.01756143 -0.01843452
v 0.04118520 0.01811623 -0.02425742
v 0.04221779 0.01557284 -0.02257871
v 0.03982096 0.02096152 -0.02642011
v -0.02544403 0.03737998 -0.03861516
v -0.02707505 0.03596597 -0.03819179
v -0.02372258 0.03826516 -0.04003286
v -0.02191877 0.03930759 -0.04106014
v 0.04118520 0.01811623 -0.02425742
v -0.01547425 0.04442644 -0.04216289
v -0.04165363 0.05399948 -0.01709645
v 0.04384601 0.02175658 -0.00998449
v 0.04122143 0.01964652 -0.02109336
v 0.04226696 0.01959025 -0.01662474
v -0.01796525 0.04356861 -0.04114675
v 0.04325932 0.01947307 -0.01260733
v -0.04412525 0.05399984 -0.00887108
v 0.04337000 0.02243787 -0.01184332
v -0.02366369 0.03905510 -0.03896331
v -0.02153486 0.04100459 -0.03959989
v 0.03158557 0.03936606 -0.03179967
v 0.03349679 0.03477859 -0.02980130
v 0.02960300 0.03719234 -0.03368943
v 0.02897644 0.04434549 -0.03431504
v 0.03349238 0.04198801 -0.02988851
v 0.03700578 0.04043328 -0.02544057
v 0.03849399 0.04468429 -0.02323859
v 0.04003459 0.03870815 -0.02038967
v 0.04023975 0.04798817 -0.02012479
v 0.03984493 0.05399549 -0.02099180
v 0.04120731 0.05399888 -0.01814651
v 0.03981328 0.02160269 -0.02475827
v 0.03532534 0.04352563 -0.02776283
v 0.03158700 0.04600185 -0.03198093
v 0.03696537 0.05141299 -0.02573102
v 0.03528976 0.05399847 -0.02804565
v 0.03353673 0.04817414 -0.02999562
v 0.03344011 0.05399847 -0.03025102
v 0.02959728 0.05399549 -0.03405666
v 0.02908152 0.04825675 -0.03432810
v 0.04122197 0.02183377 -0.01910078
v 0.01758188 0.05399650 -0.04160016
v 0.02723139 0.05102908 -0.03590524
v 0.04215896 0.03373664 -0.01558607
v 0.04122436 0.03579711 -0.01788181
v 0.04205054 0.04575496 -0.01599299
v 0.04226630 0.02273839 -0.01538658
v 0.03988116 0.02285933 -0.02279520
v 0.04220908 0.05399549 -0.01565742
v 0.02558588 0.04753506 -0.03698521
v 0.04320377 0.03652727 -0.01248592
v 0.04314768 0.04903435 -0.01278173
v 0.04339933 0.05399894 -0.01196861
v 0.02284663 0.04603469 -0.03868818
v 0.02518850 0.04378151 -0.03712809
v -0.02599811 0.03765106 -0.03742599
v 0.04407006 0.04582881 -0.00908536
v 0.04400968 0.05399894 -0.00944519
v 0.01970243 0.04797029 -0.04043674
v 0.04465007 0.03815865 -0.00555360
v 0.04395800 0.03398191 -0.00951219
v 0.04475313 0.05399942 -0.00479007
v 0.01545143 0.04693770 -0.04220676
v 0.01906371 0.04526424 -0.04064548
v 0.01117640 0.04821527 -0.04358232
v 0.00663471 0.04916149 -0.04451912
v 0.00961590 0.04942643 -0.04397869
v 0.04120445 0.02484512 -0.01794523
v 0.01093864 0.04689997 -0.04361236
v 0.00399303 0.04904472 -0.04482752
v 0.03980726 0.02566760 -0.02121734
v -0.02786725 0.03602498 -0.03644371
v -0.02363961 0.03997510 -0.03835576
v 0.03704088 0.02707314 -0.02715778
v 0.03535032 0.02787154 -0.03148365
v 0.03701162 0.02558177 -0.02986955
v 0.03346741 0.03007829 -0.03336817
v -0.02145576 0.04215806 -0.03940105
v 0.00647640 0.04957985 -0.04454553
v 0.03536367 0.02879762 -0.02972221
v 0.03535032 0.02787154 -0.03148365
v 0.03980726 0.02803421 -0.02076619
v 0.00935841 0.05082941 -0.04406207
v 0.01511192 0.05399471 -0.04256844
v 0.03701353 0.02948182 -0.02570438
v 0.00115871 0.04909306 -0.04498744
v 0.03340137 0.03074598 -0.03219461
v 0.03535020 0.03031975 -0.02846270
v -0.02639997 0.03812325 -0.03664207
v 0.00398248 0.04969888 -0.04482710
v 0.03343868 0.03161329 -0.03107064
v 0.02963781 0.03446310 -0.03519773
v 0.03705978 0.03141492 -0.02527421
v -0.02329635 0.04145336 -0.03831768
v 0.03531450 0.03251069 -0.02765846
v 0.03339284 0.03315258 -0.03025048
v -0.02804470 0.03673070 -0.03558439
v -0.03095453 0.03310537 -0.03453373
v -0.02630424 0.03904438 -0.03639405
v 0.02724736 0.03633499 -0.03699916
v 0.02958679 0.03563547 -0.03428936
v -0.03211027 0.03200459 -0.03353494
v -0.00279641 0.04926753 -0.04491454
v -0.03150701 0.03349423 -0.03304761
v 0.02523231 0.03794568 -0.03814125
v 0.00125325 0.04973977 -0.04498368
v 0.00638097 0.05077606 -0.04456782
v 0.02717018 0.03770637 -0.03601932
v 0.01045227 0.05399566 -0.04390323
v 0.02515983 0.03871536 -0.03759956
v 0.02220630 0.03974628 -0.03988838
v -0.02640104 0.04180365 -0.03624790
v 0.02041435 0.04044342 -0.04108524
v -0.00544310 0.04939585 -0.04467678
v 0.02722853 0.03935128 -0.03562617
v -0.03139162 0.03486967 -0.03233766
v 0.02499192 0.03991883 -0.03728669
v -0.03438401 0.02962100 -0.03128612
v 0.01792901 0.04160159 -0.04220104
v -0.03449374 0.02986127 -0.03067076
v -0.03600829 0.02704089 -0.03067779
v 0.02053254 0.04074192 -0.04065990
v 0.01531356 0.04255378 -0.04330873
v 0.01906239 0.04115325 -0.04161471
v 0.02121162 0.04119205 -0.03978961
v -0.03441429 0.03133767 -0.02950567
v 0.01467818 0.04264277 -0.04372614
v -0.00826025 0.04924482 -0.04424715
v -0.00290322 0.04976493 -0.04491072
v -0.03095573 0.03706783 -0.03242516
v -0.03208726 0.03527832 -0.03134530
v 0.01741218 0.04267066 -0.04165792
v -0.03604650 0.02859258 -0.02822583
v 0.00953865 0.04398822 -0.04539662
v 0.01117396 0.04358142 -0.04510545
v 0.00644278 0.04452842 -0.04604077
v 0.02196305 0.04183292 -0.03914356
v 0.01633262 0.04267740 -0.04233360
v 0.01106351 0.04392033 -0.04436641
v -0.03804785 0.02473092 -0.02711379
v 0.00953865 0.04398822 -0.04539662
v 0.01463413 0.04338973 -0.04283756
v -0.03429031 0.03351014 -0.02892678
v 0.00960445 0.04415762 -0.04490751
v 0.01852411 0.04309368 -0.04093068
v -0.03900003 0.02308893 -0.02585881
v -0.01306438 0.04928582 -0.04308271
v 0.00407803 0.04496675 -0.04580140
v -0.03603214 0.02998399 -0.02733904
v 0.00656146 0.04469627 -0.04547894
v -0.00229847 0.05066794 -0.04495429
v -0.03853631 0.02537751 -0.02467530
v 0.01553392 0.04404860 -0.04220193
v -0.01308727 0.04995983 -0.04309576
v 0.00961399 0.04448992 -0.04444164
v -0.04038858 0.02023261 -0.02436113
v 0.00658417 0.04502433 -0.04502439
v -0.01542854 0.04945152 -0.04230540
v 0.03712671 0.05399990 -0.02553761
v 0.01055043 0.04470205 -0.04395556
v -0.03860419 0.02731657 -0.02336883
v -0.04049396 0.02138781 -0.02210968
v 0.00098291 0.04521399 -0.04587179
v -0.01561349 0.05025655 -0.04226398
v -0.01831436 0.04962235 -0.04114049
v 0.00401205 0.04542732 -0.04521310
v -0.03853499 0.02881217 -0.02311158
v 0.01069396 0.04520148 -0.04372811
v -0.04160326 0.01844733 -0.02053308
v -0.01309388 0.05092692 -0.04311168
v -0.04051762 0.02315193 -0.02055531
v -0.00522989 0.04476755 -0.04591286
v -0.00253201 0.04514724 -0.04582446
v 0.00101429 0.04545134 -0.04553419
v -0.01792901 0.05051571 -0.04133844
v 0.00661254 0.04572200 -0.04458564
v -0.04276996 0.01518028 -0.01812696
v -0.00278556 0.04523444 -0.04565566
v -0.04336953 0.01201081 -0.01992988
v -0.04165315 0.02095639 -0.01813250
v -0.04336673 0.01321506 -0.01660156
v -0.00287247 0.04540449 -0.04542577
v -0.00815964 0.04438728 -0.04529953
v 0.00665188 0.05399900 -0.04457336
v -0.01569741 0.05183792 -0.04227924
v -0.04412376 0.00948632 -0.01572948
v -0.04168796 -0.01523113 0.02277415
v -0.04171139 -0.01565545 0.02251964
v -0.03960216 -0.02039289 0.02061200
v -0.04055428 -0.01799917 0.02165794
v -0.03960216 -0.02039289 0.02061200
v -0.04066234 -0.01819181 0.02149319
v -0.03000450 0.03268623 0.04221868
v -0.02848047 0.03424161 0.04273265
v -0.03209495 0.03066730 0.04137516
v -0.03209495 0.03066730 0.04137516
v -0.02848047 0.03424161 0.04273265
v -0.03229802 0.03085875 0.04130733
v -0.03808158 -0.02262604 0.01992887
v -0.04061734 -0.01767444 0.02197456
v -0.03933763 -0.02042198 0.02074718
v -0.03376358 0.02866333 0.04081404
v -0.03397458 0.02864170 0.04049772
v -0.03960216 -0.02039289 0.02061200
v -0.03397458 0.02864170 0.04049772
v -0.03808158 -0.02262604 0.01992887
v -0.03933763 -0.02042198 0.02074718
v -0.03737926 -0.02395820 0.01922750
v -0.03409731 0.02885121 0.04050767
v -0.03577262 0.02673691 0.03965348
v -0.03714823 0.02411895 0.03897631
v -0.03560155 0.02656167 0.03968644
v -0.03737926 -0.02395820 0.01922750
v -0.03839409 -0.02256482 0.01972466
v -0.03732264 0.02451574 0.03875607
v -0.03802919 0.02292054 0.03824329
v -0.03560155 0.02656167 0.03968644
v -0.03860586 0.02243047 0.03790593
v -0.03708356 -0.02465653 0.01888060
v -0.03802919 0.02292054 0.03824329
v -0.03510618 -0.02701425 0.01815658
v -0.03560155 0.02656167 0.03968644
v -0.03397458 0.02864170 0.04049772
v -0.03860586 0.02243047 0.03790593
v -0.03439849 -0.02804177 0.01757407
v -0.03860586 0.02243047 0.03790593
v -0.03566205 -0.02666378 0.01807796
v 0.00821918 0.04352301 0.04687309
v 0.01000094 0.04328697 0.04648953
v 0.00561839 0.04407000 0.04679638
v 0.00395310 0.04411584 0.04711401
v 0.00304008 0.04460346 0.04684853
v -0.03988838 0.01929467 0.03694170
v 0.00304008 0.04460346 0.04684853
v 0.01000094 0.04328697 0.04648953
v 0.00720215 0.04401183 0.04665678
v 0.00827539 0.04393017 0.04660004
v 0.00565213 0.04434525 0.04676771
v -0.04046583 0.01838684 0.03635209
v 0.00310624 0.04429376 0.04691720
v -0.04046583 0.01838684 0.03635209
v -0.03414362 -0.02857416 0.01730394
v -0.03977859 0.02026402 0.03703653
v 0.00561839 0.04407000 0.04679638
v 0.00304008 0.04460346 0.04684853
v -0.03124308 -0.03142184 0.01631164
v -0.00011429 0.04431134 0.04708641
v -0.03252512 -0.03039824 0.01656913
v -0.04093039 0.01781100 0.03604012
v 0.00021928 0.04453641 0.04689198
v -0.04205983 0.01389926 0.03479886
v -0.04159832 0.01538842 0.03522294
v 0.00038298 0.04470288 0.04691219
v -0.04046583 0.01838684 0.03635209
v -0.04240697 0.01329034 0.03427410
v -0.04240697 0.01329034 0.03427410
v -0.04193389 0.01528042 0.03502064
v -0.00207871 0.04440879 0.04690086
v -0.00200993 0.04465955 0.04689365
v -0.00539195 0.04399418 0.04691344
v -0.04271286 0.01292842 0.03406941
v -0.02740359 -0.03481042 0.01497316
v -0.00434929 0.04449236 0.04681605
v -0.02897518 -0.03377991 0.01519519
v -0.04349184 0.00839138 0.03255134
v -0.04297679 0.01097488 0.03343534
v -0.04351282 0.00914001 0.03258514
v -0.04351282 0.00914001 0.03258514
v -0.00671524 0.04386872 0.04675823
v -0.04335469 0.01055121 0.03311383
v -0.02897518 -0.03377991 0.01519519
v -0.02709972 -0.03530526 0.01458662
v -0.02503412 -0.03678405 0.01396507
v -0.02503412 -0.03678405 0.01396507
v -0.01047641 0.04305058 0.04663723
v -0.04391378 0.00786614 0.03202915
v -0.02187204 -0.03853607 0.01341938
v -0.01034164 0.04329317 0.04641592
v -0.00676310 0.04418861 0.04670453
v -0.00936347 0.04371052 0.04651129
v -0.01034164 0.04329317 0.04641592
v -0.00434929 0.04449236 0.04681605
v -0.04430818 0.00514317 0.03092890
v -0.04421490 0.00272739 0.03027230
v -0.04410427 0.00480837 0.03090906
v -0.01147270 0.04282474 0.04640555
v -0.01193588 0.04308050 0.04624289
v -0.04410427 0.00480837 0.03090906
v -0.02280092 -0.03821742 0.01341611
v -0.04429650 0.00245667 0.02993679
v -0.01600861 0.04129785 0.04596257
v -0.01434612 0.04193723 0.04607909
v -0.04429650 0.00245667 0.02993679
v -0.01692479 0.04137068 0.04555135
v -0.01764386 -0.04074043 0.01241987
v -0.01726543 -0.04081225 0.01249414
v -0.01692479 0.04137068 0.04555135
v -0.01446235 0.04229682 0.04593169
v -0.01600861 0.04129785 0.04596257
v -0.01434612 0.04193723 0.04607909
v -0.01655197 0.04118555 0.04566937
v -0.04453492 0.00240219 0.02982157
v -0.04422283 -0.00250477 0.02814769
v -0.04435741 -0.00007439 0.02893209
v -0.01434612 0.04193723 0.04607909
v -0.01692479 0.04137068 0.04555135
v -0.01655197 0.04118555 0.04566937
v -0.04459393 -0.00006762 0.02882367
v -0.04435741 -0.00007439 0.02893209
v -0.01862692 -0.04040777 0.01252514
v -0.01641297 -0.04135495 0.01214498
v -0.02078199 -0.03934836 0.01295709
v -0.02280092 -0.03821742 0.01341611
v -0.04427111 -0.00283432 0.02779579
v -0.01351779 -0.04227238 0.01182067
v -0.02073758 0.03913474 0.04507935
v -0.01950168 0.03983092 0.04519176
v -0.04449850 -0.00280130 0.02771914
v -0.04427111 -0.00283432 0.02779579
v -0.01271706 -0.04244428 0.01186430
v -0.02041047 0.03956222 0.04489582
v -0.02041047 0.03956222 0.04489582
v -0.01414418 -0.04218262 0.01180714
v -0.04398107 -0.00563049 0.02671146
v -0.04363811 -0.00763369 0.02599525
v -0.02159500 0.03874295 0.04471772
v -0.04422926 -0.00554740 0.02659511
v -0.04398107 -0.00563049 0.02671146
v -0.01938724 0.04026979 0.04512113
v -0.02175050 0.03904134 0.04462027
v -0.01039761 -0.04309165 0.01157480
v -0.02509301 0.03649795 0.04401582
v -0.04363811 -0.00763369 0.02599525
v -0.04398107 -0.00563049 0.02671146
v -0.04341173 -0.00921440 0.02521222
v -0.02503776 0.03680801 0.04377913
v -0.00824809 -0.04352188 0.01146626
v -0.02402883 0.03767800 0.04407137
v -0.00830007 -0.04370445 0.01119238
v -0.04341173 -0.00921440 0.02521222
v -0.04384815 -0.00800866 0.02561527
v -0.04333019 -0.01042616 0.02463030
v -0.04422926 -0.00554740 0.02659511
v -0.02576637 0.03610509 0.04365772
v -0.04288113 -0.01112127 0.02460926
v -0.04363811 -0.00763369 0.02599525
v -0.04258346 -0.01311200 0.02353692
v -0.04333019 -0.01042616 0.02463030
v -0.04237645 -0.01302671 0.02376621
v -0.02624273 0.03616529 0.04345905
v -0.02980053 0.03276032 0.04246050
v -0.02809327 0.03428214 0.04295039
v -0.02836018 0.03452438 0.04279983
v -0.03000450 0.03268623 0.04221868
v -0.03038692 0.03274852 0.04208225
v 0.04072380 0.01744127 0.03616404
v 0.04018884 0.01942968 0.03668814
v 0.04000180 0.01928132 0.03674602
v 0.03820675 0.02240586 0.03826731
v 0.03826802 0.02260589 0.03806775
v 0.03328514 -0.02934646 0.01703780
v 0.03320503 -0.02965515 0.01686716
v 0.03494566 -0.02759218 0.01770186
v 0.03826802 0.02260589 0.03806775
v 0.03347325 -0.02903383 0.01736444
v 0.03328514 -0.02934646 0.01703780
v 0.03553581 -0.02654552 0.01820993
v 0.03553581 -0.02654552 0.01820993
v 0.03735053 -0.02381539 0.01942139
v 0.03347325 -0.02903383 0.01736444
v 0.03738206 -0.02398681 0.01920121
v 0.04018884 0.01942968 0.03668814
v 0.03908467 0.02158194 0.03757077
v 0.03783255 0.02372026 0.03842765
v 0.03783255 0.02372026 0.03842765
v 0.03655672 -0.02542823 0.01857715
v 0.03641128 0.02533340 0.03926229
v 0.03525829 0.02681303 0.04004269
v 0.03805005 -0.02314227 0.01949596
v 0.03641128 0.02533340 0.03926229
v 0.03993678 -0.01916044 0.02134674
v 0.03952932 -0.02012157 0.02081966
v 0.03435605 0.02818918 0.04034751
v 0.03805005 -0.02314227 0.01949596
v 0.03926450 -0.02103114 0.02035385
v 0.04048216 -0.01859372 0.02133798
v -0.00824809 -0.04352188 0.01146626
v -0.01039761 -0.04309165 0.01157480
v -0.00362748 -0.04431617 0.01090854
v -0.01039761 -0.04309165 0.01157480
v -0.00830007 -0.04370445 0.01119238
v -0.00362748 -0.04431617 0.01090854
v -0.00400823 -0.04411596 0.01122468
v -0.00824809 -0.04352188 0.01146626
v -0.00362748 -0.04431617 0.01090854
v 0.03435605 0.02818918 0.04034751
v 0.03783255 0.02372026 0.03842765
v 0.03648406 0.02575206 0.03925549
v 0.03435605 0.02818918 0.04034751
v -0.00593835 -0.04408711 0.01103866
v 0.03498560 0.02775913 0.04005712
v 0.04048216 -0.01859372 0.02133798
v 0.03121948 0.03142416 0.04188960
v 0.03525829 0.02681303 0.04004269
v 0.03435605 0.02818918 0.04034751
v 0.04211461 -0.01377099 0.02346652
v 0.03993678 -0.01916044 0.02134674
v 0.04146194 -0.01581001 0.02252858
v -0.00362748 -0.04431617 0.01090854
v -0.00091781 -0.04447484 0.01088196
v 0.00089377 -0.04437702 0.01096743
v 0.03993678 -0.01916044 0.02134674
v 0.03952932 -0.02012157 0.02081966
v 0.04146194 -0.01581001 0.02252858
v 0.03128808 0.03157806 0.04168224
v 0.00089377 -0.04437702 0.01096743
v 0.04146194 -0.01581001 0.02252858
v 0.04155176 -0.01607632 0.02235579
v 0.03128808 0.03157806 0.04168224
v 0.03344428 0.02960819 0.04081356
v 0.03159874 0.03157687 0.04160887
v 0.02983278 0.03325635 0.04228740
v 0.04246556 -0.01350152 0.02339607
v 0.02958679 0.03316491 0.04233551
v 0.00172561 -0.04445087 0.01089155
v 0.02958679 0.03316491 0.04233551
v 0.02798259 0.03483289 0.04292452
v 0.02694910 0.03514736 0.04345446
v 0.02694910 0.03514736 0.04345446
v 0.02958679 0.03316491 0.04233551
v 0.02666562 0.03545570 0.04337018
v 0.00525778 -0.04398095 0.01128315
v 0.02423375 0.03754878 0.04402387
v 0.00589538 -0.04395502 0.01115143
v 0.04313755 -0.01110380 0.02428668
v 0.02423375 0.03754878 0.04402387
v 0.02607727 0.03628492 0.04350727
v 0.04332768 -0.00922537 0.02541208
v 0.04313755 -0.01110380 0.02428668
v 0.00643974 -0.04401731 0.01106750
v 0.00410825 -0.04429531 0.01095443
v 0.02401345 0.03730815 0.04410338
v 0.02211767 0.03837537 0.04468494
v 0.00844550 -0.04353791 0.01130777
v 0.02666562 0.03545570 0.04337018
v 0.02423375 0.03754878 0.04402387
v 0.04381328 -0.00811767 0.02552390
v 0.01056164 -0.04302376 0.01167708
v 0.02196562 0.03891927 0.04453539
v 0.04420202 -0.00288010 0.02797222
v 0.04397767 -0.00558090 0.02672195
v 0.01117897 -0.04306066 0.01145845
v 0.00882369 -0.04360282 0.01123422
v 0.01056164 -0.04302376 0.01167708
v 0.00844550 -0.04353791 0.01130777
v 0.01263564 -0.04249376 0.01177656
v 0.04423743 -0.00548744 0.02662163
v 0.04447925 -0.00294858 0.02761268
v 0.01263564 -0.04249376 0.01177656
v 0.04440796 -0.00058746 0.02866840
v 0.01760387 0.04064512 0.04569584
v 0.01948547 0.03992557 0.04510498
v 0.01597696 -0.04132598 0.01225936
v 0.01056164 -0.04302376 0.01167708
v 0.01956951 0.04018753 0.04506492
v 0.01726239 0.04087775 0.04554975
v 0.04447925 -0.00294858 0.02761268
v 0.04458916 -0.00054169 0.02862960
v 0.04424530 0.00227904 0.03000944
v 0.01726239 0.04087775 0.04554975
v 0.04453969 0.00219554 0.02970325
v 0.01371330 -0.04232496 0.01175463
v 0.01741915 0.04116183 0.04548150
v 0.01493120 0.04213237 0.04586589
v 0.01956951 0.04018753 0.04506492
v 0.01487439 0.04187548 0.04588216
v 0.01258569 0.04246670 0.04644304
v 0.04368299 0.00735426 0.03208959
v 0.04415673 0.00482750 0.03086042
v 0.01487439 0.04187548 0.04588216
v 0.02070420 -0.03917646 0.01312649
v 0.01874542 -0.04020875 0.01263952
v 0.01493120 0.04213237 0.04586589
v 0.04436165 0.00465655 0.03073239
v 0.01253461 0.04253655 0.04626953
v 0.01619631 -0.04143905 0.01210832
v 0.01864171 -0.04040086 0.01252794
v 0.01874542 -0.04020875 0.01263952
v 0.01371330 -0.04232496 0.01175463
v 0.04381793 0.00745773 0.03190803
v 0.04399693 0.00738114 0.03183317
v 0.04381793 0.00745773 0.03190803
v 0.01253461 0.04253655 0.04626953
v 0.01258438 0.04272460 0.04615283
v 0.01265043 0.04287350 0.04617297
v 0.02079850 -0.03933686 0.01295775
v 0.02070420 -0.03917646 0.01312649
v 0.01874542 -0.04020875 0.01263952
v 0.02295875 -0.03797572 0.01353621
v 0.01000094 0.04328697 0.04648953
v 0.02289772 -0.03815644 0.01343464
v 0.02532565 -0.03635209 0.01430428
v 0.02070420 -0.03917646 0.01312649
v 0.02295875 -0.03797572 0.01353621
v 0.04349690 0.00992799 0.03282272
v 0.04309654 0.01067543 0.03327363
v 0.00720215 0.04401183 0.04665678
v 0.04349690 0.00992799 0.03282272
v 0.01048576 0.04345464 0.04640781
v 0.02295875 -0.03797572 0.01353621
v 0.02642107 -0.03568196 0.01445549
v 0.02642107 -0.03568196 0.01445549
v 0.02514028 -0.03671896 0.01401662
v 0.04204750 0.01428413 0.03470700
v 0.02730309 -0.03514879 0.01464974
v 0.02983409 -0.03275173 0.01582336
v 0.02983409 -0.03275173 0.01582336
v 0.02642107 -0.03568196 0.01445549
v 0.03069925 -0.03201895 0.01600307
v 0.04291945 0.01221615 0.03378671
v 0.04218220 0.01457524 0.03473979
v 0.04204750 0.01428413 0.03470700
v 0.04349690 0.00992799 0.03282272
v 0.04204750 0.01428413 0.03470700
v 0.03069925 -0.03201895 0.01600307
v 0.03127932 -0.03166699 0.01604419
v 0.02937400 -0.03344357 0.01533877
v 0.04018884 0.01942968 0.03668814
v 0.04018884 0.01942968 0.03668814
v 0.04121387 0.01713925 0.03577578
v 0.02983409 -0.03275173 0.01582336
v 0.03069925 -0.03201895 0.01600307
v -0.00065025 0.05258446 0.04364430
v -0.00082282 0.05396980 0.04500550
v -0.00135499 0.05204749 0.04364985
v -0.00181001 0.05341833 0.04497075
v -0.00266814 0.05244565 0.04494059
v -0.00170225 0.05121809 0.04364901
v -0.00297046 0.05045479 0.04491275
v -0.00157630 0.05033051 0.04364925
v -0.00104493 0.04964262 0.04364800
v -0.00210124 0.04880607 0.04495751
v -0.00097638 0.04809731 0.04499179
v 0.00000000 0.05399984 0.04494988
v 0.02617979 0.05399978 0.03682804
v 0.03001397 0.05399537 0.03369134
v 0.03633254 0.05400341 0.02672624
v 0.03165340 0.05400151 0.03214931
v 0.04220908 0.05399549 -0.01565742
v -0.00087959 0.05400025 -0.04500180
v 0.04339933 0.05399894 -0.01196861
v 0.01511192 0.05399471 -0.04256844
v 0.01045227 0.05399566 -0.04390323
v 0.01758188 0.05399650 -0.04160016
v 0.00665188 0.05399900 -0.04457336
v 0.02035897 0.05400019 -0.04032993
v 0.04400968 0.05399894 -0.00944519
v 0.02227967 0.05400329 -0.03928560
v -0.02462571 0.05399990 0.03787279
v -0.01988315 0.05399954 0.04057782
v -0.00822449 0.05399394 0.04432392
v -0.01606553 0.05399829 0.04220962
v -0.01351070 0.05400007 0.04307866
v 0.00370717 0.05399924 -0.04487532
v 0.02470016 0.05400121 -0.03779125
v 0.04475313 0.05399942 -0.00479007
v 0.02709579 0.05399978 -0.03610706
v 0.02959728 0.05399549 -0.03405666
v 0.03344011 0.05399847 -0.03025102
v -0.04480403 0.05400151 -0.00450778
v -0.04500627 0.05399584 -0.00050879
v -0.04488730 0.05400085 0.00331068
v -0.04424858 0.05399948 0.00827646
v -0.04349964 0.05399984 0.01159566
v -0.04172843 0.05399930 0.01691716
v 0.03528976 0.05399847 -0.02804565
v -0.04018586 0.05400085 0.02035135
v -0.03907299 0.05399948 0.02241986
v -0.03662109 0.05399268 0.02628231
v -0.03297656 0.05400335 0.03081744
v -0.02811336 0.05399882 0.03530877
v -0.00414938 0.05399674 0.04484117
v -0.00082282 0.05396980 0.04500550
v 0.04500389 0.05399984 0.00008583
v -0.01582336 0.05399078 -0.04230588
v -0.01934242 0.05400127 -0.04086154
v -0.00811481 0.05399721 -0.04434776
v -0.01314491 0.05397641 -0.04319167
v 0.04484379 0.05399870 0.00366211
v 0.03712671 0.05399990 -0.02553761
v -0.00430584 0.05399751 -0.04483628
v 0.00085507 0.05396384 0.04500794
v 0.00333500 0.05399090 0.04489594
v 0.04422700 0.05399888 0.00838232
v 0.00633240 0.05399847 0.04460549
v -0.02714627 0.05400025 -0.03610652
v -0.03213310 0.05399894 -0.03165245
v -0.02321815 0.05399817 -0.03874111
v 0.03984493 0.05399549 -0.02099180
v 0.04326766 0.05399590 0.01242440
v -0.04049015 0.05400002 -0.01972001
v -0.04165363 0.05399948 -0.01709645
v -0.03904622 0.05400145 -0.02244561
v -0.03596210 0.05399578 -0.02717590
v -0.03439617 0.05399906 -0.02914810
v 0.04159587 0.05400019 0.01723289
v 0.01178354 0.05399990 0.04356580
v 0.01498883 0.05399888 0.04264426
v -0.04412525 0.05399984 -0.00887108
v 0.04044049 0.05399668 0.01981920
v -0.04302692 0.05399090 -0.01325607
v 0.04120731 0.05399888 -0.01814651
v 0.01998990 0.05399817 0.04050725
v 0.03891611 0.05399650 0.02269738
v 0.02254104 0.05400174 0.03913879
v 0.00126684 -0.04500603 -0.05550944
v 0.00475681 -0.04476720 -0.05550414
v -0.00162333 -0.04499703 -0.05549949
v -0.00522488 0.04396712 0.04818439
v -0.00539195 0.04399418 0.04691344
v -0.01587116 0.04133015 0.04711717
v -0.01039582 0.04303842 0.04785221
v -0.01047641 0.04305058 0.04663723
v -0.01600861 0.04129785 0.04596257
v -0.01850914 0.04019796 0.04679226
v -0.02073758 0.03913474 0.04507935
v -0.02113509 0.03888249 0.04626876
v -0.02509301 0.03649795 0.04401582
v -0.02601778 0.03582364 0.04491317
v -0.02980053 0.03276032 0.04246050
v -0.03050994 0.03207534 0.04347741
v -0.03376358 0.02866333 0.04081404
v -0.03443819 0.02781552 0.04176694
v -0.03714823 0.02411895 0.03897631
v -0.03781044 0.02301424 0.03985589
v -0.03988838 0.01929467 0.03694170
v -0.04027616 0.01838237 0.03796297
v -0.04205983 0.01389926 0.03479886
v -0.04236960 0.01284146 0.03574550
v -0.04349184 0.00839138 0.03255134
v -0.04360795 0.00731134 0.03370404
v -0.04421490 0.00272739 0.03027230
v -0.04419225 0.00155753 0.03136920
v -0.04422283 -0.00250477 0.02814769
v -0.04402828 -0.00438595 0.02893441
v -0.04313898 -0.00990427 0.02668851
v -0.04237645 -0.01302671 0.02376621
v -0.04148727 -0.01531076 0.02459686
v -0.04061734 -0.01767444 0.02197456
v -0.03930109 -0.02028036 0.02259254
v -0.03808158 -0.02262604 0.01992887
v -0.03650134 -0.02499669 0.02069115
v -0.03510618 -0.02701425 0.01815658
v -0.03312247 -0.02933669 0.01891565
v -0.03124308 -0.03142184 0.01631164
v -0.02956277 -0.03295046 0.01737231
v -0.02740359 -0.03481042 0.01497316
v -0.02510595 -0.03643393 0.01607847
v -0.02187204 -0.03853607 0.01341938
v -0.02020907 -0.03936934 0.01487946
v -0.01726543 -0.04081225 0.01249414
v -0.01530319 -0.04153126 0.01398038
v -0.01271706 -0.04244428 0.01186430
v -0.01239770 -0.04247063 0.01367998
v -0.00833750 -0.04344546 0.01325100
v -0.00416070 -0.04404497 0.01300913
v 0.00167811 0.05139213 0.04346776
v 0.00170279 0.05078530 0.04364979
v 0.00157422 0.05167388 0.04364800
v 0.00120741 0.05221301 0.04348343
v 0.00167811 0.05139213 0.04346776
v 0.00157422 0.05167388 0.04364800
v 0.00120741 0.05221301 0.04348343
v 0.00157422 0.05167388 0.04364800
v 0.00104505 0.05235689 0.04364866
v 0.00053163 0.05262637 0.04349756
v 0.00120741 0.05221301 0.04348343
v 0.00104505 0.05235689 0.04364866
v 0.00053163 0.05262637 0.04349756
v 0.00104505 0.05235689 0.04364866
v 0.00021609 0.05270242 0.04365885
v -0.00039813 0.05267637 0.04349797
v 0.00053163 0.05262637 0.04349756
v 0.00021609 0.05270242 0.04365885
v -0.00039813 0.05267637 0.04349797
v 0.00021609 0.05270242 0.04365885
v -0.00065025 0.05258446 0.04364430
v -0.00121754 0.05220305 0.04348343
v -0.00039813 0.05267637 0.04349797
v -0.00065025 0.05258446 0.04364430
v -0.00121754 0.05220305 0.04348343
v -0.00065025 0.05258446 0.04364430
v -0.00135499 0.05204749 0.04364985
v -0.00162703 0.05152934 0.04346996
v -0.00121754 0.05220305 0.04348343
v -0.00135499 0.05204749 0.04364985
v -0.00170225 0.05121809 0.04364901
v -0.00164270 0.05040192 0.04346925
v -0.00162703 0.05152934 0.04346996
v -0.00170225 0.05121809 0.04364901
v 0.03408151 -0.02942055 -0.06584984
v 0.03676348 -0.02595067 -0.06584995
v 0.03935903 -0.02185982 -0.06585037
v -0.01074266 -0.04373037 -0.06584995
v -0.04477947 -0.00460410 -0.06584995
v 0.04127436 -0.01792806 -0.06584995
v -0.00433361 -0.04481482 -0.06585001
v -0.04381048 -0.01038867 -0.06584995
v 0.04297858 -0.01341360 -0.06584990
v 0.00126684 -0.04500603 -0.05550944
v 0.00000000 -0.04499989 -0.06585001
v -0.04240173 -0.01506960 -0.06584995
v 0.04405874 -0.00915557 -0.06584995
v 0.00490397 -0.04475665 -0.06585001
v -0.04074758 -0.01914763 -0.06585073
v 0.04482054 -0.00428373 -0.06584995
v 0.01091426 -0.04368114 -0.06585007
v -0.03844887 -0.02338129 -0.06584995
v -0.03604590 -0.02698135 -0.06584936
v 0.01676237 -0.04178828 -0.06584978
v -0.03288745 -0.03071480 -0.06585001
v -0.02980327 -0.03374862 -0.06584966
v 0.02228045 -0.03912466 -0.06585007
v -0.02476823 -0.03761303 -0.06584984
v 0.02746284 -0.03568130 -0.06585025
v 0.03071475 -0.03288751 -0.06585001
v -0.01931512 -0.04066354 -0.06585037
v -0.01506954 -0.04240179 -0.06585001
v 0.02700996 -0.03497505 0.01669168
v 0.01993942 0.03946691 0.04660373
v 0.02414417 0.03681367 0.04570055
v 0.01817601 0.04008102 0.04702633
v 0.04334563 0.00850821 0.03418737
v 0.04334563 0.00850821 0.03418737
v 0.04398077 0.00371170 0.03231573
v 0.04302406 0.00973511 0.03475373
v 0.03053522 -0.03200149 0.01788568
v 0.02214670 -0.03825324 0.01537805
v 0.02700996 -0.03497505 0.01669168
v 0.01732230 0.04071021 0.04702758
v 0.04302406 0.00973511 0.03475373
v 0.04182386 0.01409333 0.03648257
v 0.01455414 0.04176986 0.04749369
v 0.01310062 0.04197788 0.04780483
v 0.03441900 -0.02768516 0.01964044
v 0.03053522 -0.03200149 0.01788568
v 0.03930681 0.02012777 0.03890943
v 0.03930681 0.02012777 0.03890943
v 0.03762245 -0.02312469 0.02148139
v 0.01162427 0.04269003 0.04787778
v 0.00821900 0.04348468 0.04812270
v 0.00818396 0.04323697 0.04829382
v 0.03628736 0.02534765 0.04081529
v 0.03641510 0.02483177 0.04086011
v 0.04015439 -0.01836395 0.02340477
v 0.00644654 -0.04374516 0.01315420
v -0.00416070 -0.04404497 0.01300913
v 0.00028067 -0.04424536 0.01291948
v 0.00644654 -0.04374516 0.01315420
v 0.00644654 -0.04374516 0.01315420
v 0.04249179 -0.01239204 0.02571082
v 0.04222577 -0.01278877 0.02566617
v 0.03287404 0.02936673 0.04266196
v 0.01227849 -0.04247611 0.01367235
v 0.00644654 -0.04374516 0.01315420
v 0.01040148 -0.04303789 0.01327794
v 0.01227849 -0.04247611 0.01367235
v 0.03279870 0.02929186 0.04267472
v 0.03273433 0.02924770 0.04266792
v 0.03641510 0.02483177 0.04086011
v 0.03287404 0.02936673 0.04266196
v 0.02868115 0.03349310 0.04432940
v 0.03273433 0.02924770 0.04266792
v 0.03279870 0.02929186 0.04267472
v 0.03273433 0.02924770 0.04266792
v 0.04349756 -0.00765222 0.02771800
v 0.04349756 -0.00765222 0.02771800
v 0.02868115 0.03349310 0.04432940
v 0.02857691 0.03330832 0.04430848
v 0.03273433 0.02924770 0.04266792
v 0.02857691 0.03330832 0.04430848
v 0.02868115 0.03349310 0.04432940
v 0.02861917 0.03337550 0.04432415
v 0.02861917 0.03337550 0.04432415
v 0.02857691 0.03330832 0.04430848
v 0.02857691 0.03330832 0.04430848
v 0.04424107 -0.00112796 0.03024351
v 0.04409825 -0.00147623 0.03022187
v 0.01585656 -0.04132932 0.01411312
v 0.02100372 -0.03896576 0.01496922
v 0.02214670 -0.03825324 0.01537805
v 0.02414417 0.03681367 0.04570055
v 0.02861917 0.03337550 0.04432415
v 0.02868115 0.03349310 0.04432940
v 0.02857691 0.03330832 0.04430848
v 0.04398077 0.00371170 0.03231573
v 0.02700996 -0.03497505 0.01669168
v 0.02214670 -0.03825324 0.01537805
v 0.02599537 -0.03583794 0.01619184
v -0.02189636 0.03825753 0.04625082
v -0.01841109 0.04001188 0.04697597
v -0.02113509 0.03888249 0.04626876
v -0.02311360 0.03761065 0.04591429
v -0.02311360 0.03761065 0.04591429
v -0.04401040 0.00148529 0.03144246
v -0.04386711 -0.00420380 0.02914619
v -0.04394078 0.00150293 0.03145813
v -0.04394078 0.00150293 0.03145813
v -0.04360795 0.00731134 0.03370404
v -0.04419225 0.00155753 0.03136920
v -0.04394078 0.00150293 0.03145813
v -0.04419225 0.00155753 0.03136920
v -0.04401040 0.00148529 0.03144246
v -0.04394078 0.00150293 0.03145813
v -0.04401040 0.00148529 0.03144246
v -0.04341346 0.00686020 0.03362280
v -0.04341346 0.00686020 0.03362280
v -0.02664542 0.03523087 0.04496544
v -0.02020907 -0.03936934 0.01487946
v -0.01239770 -0.04247063 0.01367998
v -0.02510595 -0.03643393 0.01607847
v -0.04419225 0.00155753 0.03136920
v -0.04402828 -0.00438595 0.02893441
v -0.02664542 0.03523087 0.04496544
v -0.02189636 0.03825753 0.04625082
v -0.02311360 0.03761065 0.04591429
v -0.02645295 0.03516197 0.04504394
v -0.02645295 0.03516197 0.04504394
v -0.01841109 0.04001188 0.04697597
v -0.02189636 0.03825753 0.04625082
v -0.01530319 -0.04153126 0.01398038
v -0.03123903 0.03117418 0.04337501
v -0.04298585 -0.00975799 0.02689617
v -0.04313898 -0.00990427 0.02668851
v 0.00361705 0.04397088 0.04852437
v 0.00361705 0.04397088 0.04852437
v 0.00008181 0.04398769 0.04860407
v 0.00818396 0.04323697 0.04829382
v -0.03483963 0.02709102 0.04172563
v -0.04148727 -0.01531076 0.02459686
v 0.00008181 0.04398769 0.04860407
v -0.00277656 0.04403132 0.04854029
v -0.03794622 0.02252483 0.03988713
v -0.00277656 0.04403132 0.04854029
v -0.00507492 0.04383146 0.04844766
v -0.00794315 0.04325574 0.04831469
v -0.00277656 0.04403132 0.04854029
v -0.00507492 0.04383146 0.04844766
v -0.00903368 0.04320883 0.04819130
v -0.04039376 0.01779556 0.03797453
v -0.00903368 0.04320883 0.04819130
v -0.01291275 0.04215240 0.04782724
v -0.01291275 0.04215240 0.04782724
v -0.04243844 0.01207733 0.03568792
v -0.01575940 0.04124021 0.04738956
v -0.02893918 -0.03339570 0.01733344
v -0.03650134 -0.02499669 0.02069115
v -0.03312247 -0.02933669 0.01891565
v -0.01575940 0.04124021 0.04738956
v -0.02893918 -0.03339570 0.01733344
v -0.03312247 -0.02933669 0.01891565
v -0.04340100 0.00736952 0.03381925
v -0.04341346 0.00686020 0.03362280
v -0.04243844 0.01207733 0.03568792
v -0.04341346 0.00686020 0.03362280
v -0.04394078 0.00150293 0.03145813
v -0.04340100 0.00736952 0.03381925
v -0.00162703 0.05152934 0.04346996
v -0.00039813 0.05267637 0.04349797
v -0.00121754 0.05220305 0.04348343
v 0.00053163 0.05262637 0.04349756
v -0.00071854 0.04942494 0.04349619
v -0.00164270 0.05040192 0.04346925
v 0.00120741 0.05221301 0.04348343
v 0.00162697 0.05046999 0.04347002
v 0.00167811 0.05139213 0.04346776
v 0.00039808 0.04932320 0.04349803
v 0.00121737 0.04979640 0.04348337
v -0.01962351 0.04052311 -0.06584995
v -0.01092427 0.04367852 -0.06585001
v -0.00479525 0.04476469 -0.06584995
v 0.04405874 -0.00915557 -0.06584995
v -0.02938318 0.03411334 -0.06584995
v 0.04482054 -0.00428373 -0.06584995
v -0.04179984 0.01672947 -0.06585001
v -0.03995478 0.02070271 -0.06584995
v -0.03746843 0.02496981 -0.06585043
v -0.04500949 0.00151557 -0.06584990
v -0.04432874 0.00787622 -0.06584984
v -0.04333126 0.01214075 -0.06584995
v -0.04477947 -0.00460410 -0.06584995
v -0.02980327 -0.03374862 -0.06584966
v -0.03288745 -0.03071480 -0.06585001
v -0.03604590 -0.02698135 -0.06584936
v 0.00733590 0.04442507 -0.06584995
v 0.00125676 0.04500794 -0.06584990
v 0.04498857 0.00181013 -0.06584990
v 0.04432272 0.00792617 -0.06584990
v -0.02476823 -0.03761303 -0.06584984
v -0.01931512 -0.04066354 -0.06585037
v -0.04074758 -0.01914763 -0.06585073
v -0.03844887 -0.02338129 -0.06584995
v 0.03071475 -0.03288751 -0.06585001
v -0.04381048 -0.01038867 -0.06584995
v -0.01074266 -0.04373037 -0.06584995
v -0.00433361 -0.04481482 -0.06585001
v 0.00490397 -0.04475665 -0.06585001
v 0.01091426 -0.04368114 -0.06585007
v 0.01676237 -0.04178828 -0.06584978
v 0.02228045 -0.03912466 -0.06585007
v 0.02746284 -0.03568130 -0.06585025
v 0.04333126 0.01214075 -0.06584995
v 0.03750824 0.02490383 -0.06585055
v 0.03995478 0.02070271 -0.06584995
v 0.04178649 0.01676726 -0.06585019
v -0.01506954 -0.04240179 -0.06585001
v 0.03408151 -0.02942055 -0.06584984
v -0.04240173 -0.01506960 -0.06584995
v 0.01621478 0.04200375 -0.06584990
v 0.02182865 0.03937810 -0.06585007
v 0.02698796 0.03603935 -0.06585019
v 0.01214081 0.04333108 -0.06584995
v 0.03490698 0.02839887 -0.06584995
v -0.02471351 0.03762388 -0.06584990
v 0.03164380 0.03202915 -0.06585097
v 0.03676348 -0.02595067 -0.06584995
v 0.03935903 -0.02185982 -0.06585037
v 0.04127436 -0.01792806 -0.06584995
v 0.04297858 -0.01341360 -0.06584990
v 0.00000000 -0.04499989 -0.06585001
v -0.01506954 0.04240167 -0.06584995
v -0.03377878 0.02976691 -0.06584906
v -0.03794622 0.02252483 0.03988713
v 0.03930681 0.02012777 0.03890943
v -0.04039376 0.01779556 0.03797453
v 0.01817601 0.04008102 0.04702633
v 0.03441900 -0.02768516 0.01964044
v -0.03483963 0.02709102 0.04172563
v -0.03123903 0.03117418 0.04337501
v 0.03762245 -0.02312469 0.02148139
v -0.03930109 -0.02028036 0.02259254
v 0.04015439 -0.01836395 0.02340477
v -0.04148727 -0.01531076 0.02459686
v 0.04222577 -0.01278877 0.02566617
v -0.04298585 -0.00975799 0.02689617
v 0.04349756 -0.00765222 0.02771800
v 0.01227849 -0.04247611 0.01367235
v 0.04409825 -0.00147623 0.03022187
v -0.00833750 -0.04344546 0.01325100
v 0.04182386 0.01409333 0.03648257
v 0.01310062 0.04197788 0.04780483
v 0.00116897 -0.03752022 0.03510040
v 0.00004970 -0.03689843 0.03510046
v 0.00086224 -0.03722184 0.04344505
v -0.00154197 -0.03782713 0.03510046
v -0.00163019 -0.03877449 0.03510046
v -0.00168985 -0.03855770 0.04347902
v -0.00154197 -0.03782713 0.03510046
v -0.00168985 -0.03855770 0.04347902
v -0.00139344 -0.03754919 0.04345470
v 0.00116897 -0.03752022 0.03510040
v 0.00086224 -0.03722184 0.04344505
v 0.00140721 -0.03846496 0.04348015
v -0.00095223 -0.03710478 0.03510034
v -0.00154197 -0.03782713 0.03510046
v -0.00139344 -0.03754919 0.04345470
v 0.00129819 -0.03897315 0.03510046
v 0.00116897 -0.03752022 0.03510040
v 0.00140721 -0.03846496 0.04348015
v -0.00095223 -0.03710478 0.03510034
v -0.00139344 -0.03754919 0.04345470
v -0.00072651 -0.03700172 0.04345560
v 0.00004970 -0.03689843 0.03510046
v -0.00095223 -0.03710478 0.03510034
v -0.00072651 -0.03700172 0.04345560
v 0.00004970 -0.03689843 0.03510046
v -0.00072651 -0.03700172 0.04345560
v -0.00005965 -0.03689330 0.04345005
v 0.00004970 -0.03689843 0.03510046
v -0.00005965 -0.03689330 0.04345005
v 0.00086224 -0.03722184 0.04344505
v -0.00072651 -0.03700172 0.04345560
v -0.00223291 -0.03661811 0.04468756
v -0.00116205 -0.03579562 0.04470282
v -0.00139344 -0.03754919 0.04345470
v -0.00223291 -0.03661811 0.04468756
v -0.00072651 -0.03700172 0.04345560
v -0.00283146 -0.03771537 0.04471260
v -0.00139344 -0.03754919 0.04345470
v -0.00168985 -0.03855770 0.04347902
v -0.00139344 -0.03754919 0.04345470
v -0.00283146 -0.03771537 0.04471260
v -0.00223291 -0.03661811 0.04468756
v -0.00149298 -0.03911530 0.04347562
v -0.00270450 -0.03949725 0.04467839
v -0.00168985 -0.03855770 0.04347902
v -0.00096931 -0.03968030 0.04347354
v -0.00160044 -0.04081249 0.04470533
v -0.00270450 -0.03949725 0.04467839
v -0.00096931 -0.03968030 0.04347354
v -0.00270450 -0.03949725 0.04467839
v -0.00149298 -0.03911530 0.04347562
v -0.00160044 -0.04081249 0.04470533
v -0.00096931 -0.03968030 0.04347354
v -0.00012547 -0.03993898 0.04345381
v 0.00014505 -0.04117327 0.04469639
v -0.00160044 -0.04081249 0.04470533
v -0.00012547 -0.03993898 0.04345381
v -0.00005965 -0.03689330 0.04345005
v -0.00072651 -0.03700172 0.04345560
v -0.00116205 -0.03579562 0.04470282
v -0.00005965 -0.03689330 0.04345005
v -0.00116205 -0.03579562 0.04470282
v 0.00034666 -0.03567713 0.04469805
v -0.00168985 -0.03855770 0.04347902
v -0.00270450 -0.03949725 0.04467839
v -0.00283146 -0.03771537 0.04471260
v 0.00265789 -0.03843003 0.04470974
v 0.00230300 -0.03710198 0.04469740
v 0.00263572 -0.03803545 0.04510039
v 0.00034666 -0.03567713 0.04469805
v -0.00102299 -0.03574657 0.04510051
v 0.00082890 -0.03577131 0.04510051
v 0.00034666 -0.03567713 0.04469805
v -0.00116205 -0.03579562 0.04470282
v -0.00102299 -0.03574657 0.04510051
v -0.00283146 -0.03771537 0.04471260
v -0.00296474 -0.03832489 0.04509997
v -0.00228834 -0.03665065 0.04510045
v -0.00223291 -0.03661811 0.04468756
v -0.00283146 -0.03771537 0.04471260
v -0.00228834 -0.03665065 0.04510045
v 0.00146979 -0.03614735 0.04467868
v 0.00034666 -0.03567713 0.04469805
v 0.00082890 -0.03577131 0.04510051
v 0.00146979 -0.03614735 0.04467868
v 0.00082890 -0.03577131 0.04510051
v 0.00202125 -0.03667312 0.04510056
v -0.00116205 -0.03579562 0.04470282
v -0.00223291 -0.03661811 0.04468756
v -0.00228834 -0.03665065 0.04510045
v -0.00116205 -0.03579562 0.04470282
v -0.00228834 -0.03665065 0.04510045
v -0.00102299 -0.03574657 0.04510051
v 0.00230300 -0.03710198 0.04469740
v 0.00146979 -0.03614735 0.04467868
v 0.00202125 -0.03667312 0.04510056
v 0.00230300 -0.03710198 0.04469740
v 0.00202125 -0.03667312 0.04510056
v 0.00263572 -0.03803545 0.04510039
v -0.00103164 -0.03963351 0.03510040
v 0.00021326 -0.03995424 0.03510046
v -0.00096931 -0.03968030 0.04347354
v -0.00103164 -0.03963351 0.03510040
v -0.00096931 -0.03968030 0.04347354
v -0.00149298 -0.03911530 0.04347562
v -0.00163019 -0.03877449 0.03510046
v -0.00103164 -0.03963351 0.03510040
v -0.00149298 -0.03911530 0.04347562
v 0.00129819 -0.03897315 0.03510046
v 0.00140721 -0.03846496 0.04348015
v 0.00092192 -0.03951144 0.04346394
v -0.00163019 -0.03877449 0.03510046
v -0.00149298 -0.03911530 0.04347562
v -0.00168985 -0.03855770 0.04347902
v 0.00021326 -0.03995424 0.03510046
v 0.00129819 -0.03897315 0.03510046
v 0.00092192 -0.03951144 0.04346394
v 0.00021326 -0.03995424 0.03510046
v 0.00092192 -0.03951144 0.04346394
v -0.00012547 -0.03993898 0.04345381
v 0.00021326 -0.03995424 0.03510046
v -0.00012547 -0.03993898 0.04345381
v -0.00096931 -0.03968030 0.04347354
v 0.00021326 -0.03995424 0.03510046
v -0.00103164 -0.03963351 0.03510040
v 0.00129819 -0.03897315 0.03510046
v -0.00163019 -0.03877449 0.03510046
v -0.00095223 -0.03710478 0.03510034
v 0.00116897 -0.03752022 0.03510040
v 0.00004970 -0.03689843 0.03510046
v -0.00154197 -0.03782713 0.03510046
v 0.00014505 -0.04117327 0.04469639
v -0.00012547 -0.03993898 0.04345381
v 0.00140059 -0.04071992 0.04468113
v 0.00226516 -0.03977185 0.04470038
v 0.00092192 -0.03951144 0.04346394
v 0.00140721 -0.03846496 0.04348015
v 0.00226516 -0.03977185 0.04470038
v 0.00140059 -0.04071992 0.04468113
v 0.00092192 -0.03951144 0.04346394
v 0.00265789 -0.03843003 0.04470974
v 0.00226516 -0.03977185 0.04470038
v 0.00140721 -0.03846496 0.04348015
v 0.00154781 -0.03755038 0.04380941
v 0.00265789 -0.03843003 0.04470974
v 0.00140721 -0.03846496 0.04348015
v 0.00146979 -0.03614735 0.04467868
v 0.00154781 -0.03755038 0.04380941
v 0.00086224 -0.03722184 0.04344505
v 0.00146979 -0.03614735 0.04467868
v 0.00230300 -0.03710198 0.04469740
v 0.00154781 -0.03755038 0.04380941
v -0.00005965 -0.03689330 0.04345005
v 0.00146979 -0.03614735 0.04467868
v 0.00086224 -0.03722184 0.04344505
v 0.00034666 -0.03567713 0.04469805
v 0.00146979 -0.03614735 0.04467868
v -0.00005965 -0.03689330 0.04345005
v 0.00140059 -0.04071992 0.04468113
v -0.00012547 -0.03993898 0.04345381
v 0.00092192 -0.03951144 0.04346394
v 0.00154781 -0.03755038 0.04380941
v 0.00140721 -0.03846496 0.04348015
v 0.00086224 -0.03722184 0.04344505
v 0.00154781 -0.03755038 0.04380941
v 0.00230300 -0.03710198 0.04469740
v 0.00265789 -0.03843003 0.04470974
v -0.00283146 -0.03771537 0.04471260
v -0.00270450 -0.03949725 0.04467839
v -0.00296474 -0.03832489 0.04509997
v 0.00014505 -0.04117327 0.04469639
v 0.00064417 -0.04108715 0.04510039
v -0.00086693 -0.04108357 0.04510074
v 0.00265789 -0.03843003 0.04470974
v 0.00263572 -0.03803545 0.04510039
v 0.00222915 -0.03994268 0.04510039
v 0.00226516 -0.03977185 0.04470038
v 0.00265789 -0.03843003 0.04470974
v 0.00222915 -0.03994268 0.04510039
v -0.00160044 -0.04081249 0.04470533
v 0.00014505 -0.04117327 0.04469639
v -0.00086693 -0.04108357 0.04510074
v -0.00160044 -0.04081249 0.04470533
v -0.00086693 -0.04108357 0.04510074
v -0.00225085 -0.04023557 0.04510098
v 0.00140059 -0.04071992 0.04468113
v 0.00226516 -0.03977185 0.04470038
v 0.00222915 -0.03994268 0.04510039
v 0.00140059 -0.04071992 0.04468113
v 0.00222915 -0.03994268 0.04510039
v 0.00064417 -0.04108715 0.04510039
v -0.00270450 -0.03949725 0.04467839
v -0.00160044 -0.04081249 0.04470533
v -0.00225085 -0.04023557 0.04510098
v -0.00270450 -0.03949725 0.04467839
v -0.00225085 -0.04023557 0.04510098
v -0.00296474 -0.03832489 0.04509997
v 0.00014505 -0.04117327 0.04469639
v 0.00140059 -0.04071992 0.04468113
v 0.00064417 -0.04108715 0.04510039
v -0.00086693 -0.04108357 0.04510074
v 0.00064417 -0.04108715 0.04510039
v -0.00008952 -0.03974181 0.04510039
v 0.00222915 -0.03994268 0.04510039
v 0.00116187 -0.03915619 0.04510045
v -0.00143611 -0.03915619 0.04510045
v -0.00132805 -0.03771418 0.04510045
v -0.00296474 -0.03832489 0.04509997
v -0.00018476 -0.03707081 0.04510039
v 0.00082890 -0.03577131 0.04510051
v -0.00102299 -0.03574657 0.04510051
v 0.00263572 -0.03803545 0.04510039
v 0.00094190 -0.03840631 0.04510045
v 0.00202125 -0.03667312 0.04510056
v 0.00116187 -0.03765624 0.04510045
v -0.00067666 -0.03934079 0.04510045
v -0.00225085 -0.04023557 0.04510098
v -0.00228834 -0.03665065 0.04510045
v 0.00040238 -0.03747189 0.04510045
v -0.00067666 -0.03934079 0.04510045
v -0.00013714 -0.03990632 0.04427033
v -0.00067666 -0.03934079 0.04427033
v -0.00067666 -0.03934079 0.04510045
v -0.00008952 -0.03974181 0.04510039
v -0.00013714 -0.03990632 0.04427033
v -0.00143611 -0.03915619 0.04510045
v -0.00067666 -0.03934079 0.04427033
v -0.00131750 -0.03903275 0.04427033
v -0.00143611 -0.03915619 0.04510045
v -0.00067666 -0.03934079 0.04510045
v -0.00067666 -0.03934079 0.04427033
v -0.00132805 -0.03771418 0.04510045
v -0.00143611 -0.03915619 0.04510045
v -0.00131750 -0.03903275 0.04427033
v -0.00132805 -0.03771418 0.04510045
v -0.00131750 -0.03903275 0.04427033
v -0.00143611 -0.03765624 0.04427033
v -0.00132805 -0.03771418 0.04510045
v -0.00143611 -0.03765624 0.04427033
v -0.00067666 -0.03747189 0.04427033
v -0.00018476 -0.03707081 0.04510039
v -0.00132805 -0.03771418 0.04510045
v -0.00067666 -0.03747189 0.04427033
v -0.00018476 -0.03707081 0.04510039
v -0.00067666 -0.03747189 0.04427033
v -0.00013714 -0.03690636 0.04427033
v 0.00040238 -0.03747189 0.04510045
v -0.00013714 -0.03690636 0.04427033
v 0.00040238 -0.03747189 0.04427033
v 0.00040238 -0.03747189 0.04510045
v -0.00018476 -0.03707081 0.04510039
v -0.00013714 -0.03690636 0.04427033
v 0.00116187 -0.03765624 0.04510045
v 0.00040238 -0.03747189 0.04427033
v 0.00104326 -0.03777968 0.04427033
v 0.00116187 -0.03765624 0.04510045
v 0.00040238 -0.03747189 0.04510045
v 0.00040238 -0.03747189 0.04427033
v 0.00094190 -0.03840631 0.04510045
v 0.00116187 -0.03765624 0.04510045
v 0.00104326 -0.03777968 0.04427033
v 0.00094190 -0.03840631 0.04510045
v 0.00104326 -0.03777968 0.04427033
v 0.00116187 -0.03915619 0.04427033
v 0.00116187 -0.03915619 0.04510045
v 0.00094190 -0.03840631 0.04510045
v 0.00116187 -0.03915619 0.04427033
v 0.00116187 -0.03915619 0.04510045
v 0.00116187 -0.03915619 0.04427033
v 0.00040238 -0.03934079 0.04427033
v -0.00008952 -0.03974181 0.04510039
v 0.00116187 -0.03915619 0.04510045
v 0.00040238 -0.03934079 0.04427033
v -0.00008952 -0.03974181 0.04510039
v 0.00040238 -0.03934079 0.04427033
v -0.00013714 -0.03990632 0.04427033
v 0.00040238 -0.03934079 0.04427033
v -0.00067666 -0.03934079 0.04427033
v -0.00013714 -0.03990632 0.04427033
v -0.00131750 -0.03903275 0.04427033
v -0.00067666 -0.03747189 0.04427033
v -0.00143611 -0.03765624 0.04427033
v 0.00104326 -0.03777968 0.04427033
v 0.00116187 -0.03915619 0.04427033
v 0.00040238 -0.03747189 0.04427033
v -0.00013714 -0.03690636 0.04427033
v 0.03275412 0.02014291 0.04360044
v 0.03276103 0.02012175 0.05191415
v 0.03367406 0.01982706 0.05197542
v 0.03386360 0.01966398 0.04360044
v 0.03275412 0.02014291 0.04360044
v 0.03367406 0.01982706 0.05197542
v 0.03386360 0.01966398 0.04360044
v 0.03367406 0.01982706 0.05197542
v 0.03408402 0.01936912 0.05196321
v 0.03137803 0.01934427 0.04360044
v 0.03125041 0.01870024 0.05194246
v 0.03168553 0.01968288 0.05196380
v 0.03432542 0.01848566 0.04360044
v 0.03386360 0.01966398 0.04360044
v 0.03408402 0.01936912 0.05196321
v 0.03432542 0.01848566 0.04360044
v 0.03408402 0.01936912 0.05196321
v 0.03429567 0.01858055 0.05195659
v 0.03275412 0.02014291 0.04360044
v 0.03137803 0.01934427 0.04360044
v 0.03168553 0.01968288 0.05196380
v 0.03275412 0.02014291 0.04360044
v 0.03168553 0.01968288 0.05196380
v 0.03276103 0.02012175 0.05191415
v 0.03168553 0.01968288 0.05196380
v 0.03186619 0.02120709 0.05319315
v 0.03276103 0.02012175 0.05191415
v 0.03186619 0.02120709 0.05319315
v 0.03316301 0.02133697 0.05318969
v 0.03276103 0.02012175 0.05191415
v 0.03168553 0.01968288 0.05196380
v 0.03100115 0.02071982 0.05319762
v 0.03186619 0.02120709 0.05319315
v 0.03125041 0.01870024 0.05194246
v 0.03008437 0.01938819 0.05322629
v 0.03168553 0.01968288 0.05196380
v 0.03154623 0.01766180 0.05193442
v 0.03097343 0.01756423 0.05250549
v 0.03125041 0.01870024 0.05194246
v 0.03097343 0.01756423 0.05250549
v 0.03015065 0.01761025 0.05320268
v 0.03125041 0.01870024 0.05194246
v 0.03166532 0.01678460 0.05254405
v 0.03097343 0.01756423 0.05250549
v 0.03154623 0.01766180 0.05193442
v 0.03166532 0.01678460 0.05254405
v 0.03092128 0.01654332 0.05320066
v 0.03097343 0.01756423 0.05250549
v 0.03193789 0.01594668 0.05319792
v 0.03255259 0.01708447 0.05193597
v 0.03359025 0.01591372 0.05321061
v 0.03193789 0.01594668 0.05319792
v 0.03166532 0.01678460 0.05254405
v 0.03255259 0.01708447 0.05193597
v 0.03168553 0.01968288 0.05196380
v 0.03008437 0.01938819 0.05322629
v 0.03100115 0.02071982 0.05319762
v 0.03125041 0.01870024 0.05194246
v 0.03015065 0.01761025 0.05320268
v 0.03008437 0.01938819 0.05322629
v 0.03097343 0.01756423 0.05250549
v 0.03092128 0.01654332 0.05320066
v 0.03015065 0.01761025 0.05320268
v 0.03166532 0.01678460 0.05254405
v 0.03154623 0.01766180 0.05193442
v 0.03255259 0.01708447 0.05193597
v 0.03166532 0.01678460 0.05254405
v 0.03193789 0.01594668 0.05319792
v 0.03092128 0.01654332 0.05320066
v 0.03556019 0.01858508 0.05320256
v 0.03505444 0.02019065 0.05319947
v 0.03560096 0.01855772 0.05360120
v 0.03186619 0.02120709 0.05319315
v 0.03135293 0.02099180 0.05360060
v 0.03333884 0.02135771 0.05360066
v 0.03316301 0.02133697 0.05318969
v 0.03186619 0.02120709 0.05319315
v 0.03333884 0.02135771 0.05360066
v 0.03008437 0.01938819 0.05322629
v 0.02998143 0.01836067 0.05360090
v 0.03031539 0.01989305 0.05360013
v 0.03403216 0.02105432 0.05319917
v 0.03316301 0.02133697 0.05318969
v 0.03333884 0.02135771 0.05360066
v 0.03403216 0.02105432 0.05319917
v 0.03333884 0.02135771 0.05360066
v 0.03484445 0.02044314 0.05360031
v 0.03100115 0.02071982 0.05319762
v 0.03031539 0.01989305 0.05360013
v 0.03135293 0.02099180 0.05360060
v 0.03100115 0.02071982 0.05319762
v 0.03008437 0.01938819 0.05322629
v 0.03031539 0.01989305 0.05360013
v 0.03505444 0.02019065 0.05319947
v 0.03403216 0.02105432 0.05319917
v 0.03484445 0.02044314 0.05360031
v 0.03186619 0.02120709 0.05319315
v 0.03100115 0.02071982 0.05319762
v 0.03135293 0.02099180 0.05360060
v 0.03505444 0.02019065 0.05319947
v 0.03484445 0.02044314 0.05360031
v 0.03560096 0.01855772 0.05360120
v 0.03198099 0.01730352 0.04360044
v 0.03255259 0.01708447 0.05193597
v 0.03154623 0.01766180 0.05193442
v 0.03136003 0.01800245 0.04360044
v 0.03198099 0.01730352 0.04360044
v 0.03154623 0.01766180 0.05193442
v 0.03432542 0.01848566 0.04360044
v 0.03429567 0.01858055 0.05195659
v 0.03400117 0.01769953 0.05194890
v 0.03136003 0.01800245 0.04360044
v 0.03154623 0.01766180 0.05193442
v 0.03125041 0.01870024 0.05194246
v 0.03380233 0.01747936 0.04360061
v 0.03432542 0.01848566 0.04360044
v 0.03400117 0.01769953 0.05194890
v 0.03137803 0.01934427 0.04360044
v 0.03136003 0.01800245 0.04360044
v 0.03125041 0.01870024 0.05194246
v 0.03380233 0.01747936 0.04360061
v 0.03400117 0.01769953 0.05194890
v 0.03336364 0.01719594 0.05196106
v 0.03292769 0.01706713 0.04360044
v 0.03380233 0.01747936 0.04360061
v 0.03336364 0.01719594 0.05196106
v 0.03292769 0.01706713 0.04360044
v 0.03336364 0.01719594 0.05196106
v 0.03255259 0.01708447 0.05193597
v 0.03198099 0.01730352 0.04360044
v 0.03292769 0.01706713 0.04360044
v 0.03255259 0.01708447 0.05193597
v 0.03198099 0.01730352 0.04360044
v 0.03136003 0.01800245 0.04360044
v 0.03137803 0.01934427 0.04360044
v 0.03292769 0.01706713 0.04360044
v 0.03380233 0.01747936 0.04360061
v 0.03432542 0.01848566 0.04360044
v 0.03275412 0.02014291 0.04360044
v 0.03386360 0.01966398 0.04360044
v 0.03255259 0.01708447 0.05193597
v 0.03336364 0.01719594 0.05196106
v 0.03359025 0.01591372 0.05321061
v 0.03450840 0.01645737 0.05320024
v 0.03336364 0.01719594 0.05196106
v 0.03400117 0.01769953 0.05194890
v 0.03359025 0.01591372 0.05321061
v 0.03336364 0.01719594 0.05196106
v 0.03450840 0.01645737 0.05320024
v 0.03517919 0.01723760 0.05319076
v 0.03450840 0.01645737 0.05320024
v 0.03400117 0.01769953 0.05194890
v 0.03556019 0.01858508 0.05320256
v 0.03517919 0.01723760 0.05319076
v 0.03429567 0.01858055 0.05195659
v 0.03556019 0.01858508 0.05320256
v 0.03429567 0.01858055 0.05195659
v 0.03408402 0.01936912 0.05196321
v 0.03408402 0.01936912 0.05196321
v 0.03505444 0.02019065 0.05319947
v 0.03556019 0.01858508 0.05320256
v 0.03367406 0.01982706 0.05197542
v 0.03505444 0.02019065 0.05319947
v 0.03408402 0.01936912 0.05196321
v 0.03367406 0.01982706 0.05197542
v 0.03403216 0.02105432 0.05319917
v 0.03505444 0.02019065 0.05319947
v 0.03367406 0.01982706 0.05197542
v 0.03316301 0.02133697 0.05318969
v 0.03403216 0.02105432 0.05319917
v 0.03316301 0.02133697 0.05318969
v 0.03367406 0.01982706 0.05197542
v 0.03276103 0.02012175 0.05191415
v 0.03429567 0.01858055 0.05195659
v 0.03517919 0.01723760 0.05319076
v 0.03400117 0.01769953 0.05194890
v 0.03008437 0.01938819 0.05322629
v 0.03015065 0.01761025 0.05320268
v 0.02998143 0.01836067 0.05360090
v 0.03193789 0.01594668 0.05319792
v 0.03359025 0.01591372 0.05321061
v 0.03248596 0.01577037 0.05360031
v 0.03517919 0.01723760 0.05319076
v 0.03556019 0.01858508 0.05320256
v 0.03560096 0.01855772 0.05360120
v 0.03517919 0.01723760 0.05319076
v 0.03560096 0.01855772 0.05360120
v 0.03465658 0.01651203 0.05360031
v 0.03193789 0.01594668 0.05319792
v 0.03248596 0.01577037 0.05360031
v 0.03076195 0.01666831 0.05360054
v 0.03092128 0.01654332 0.05320066
v 0.03193789 0.01594668 0.05319792
v 0.03076195 0.01666831 0.05360054
v 0.03450840 0.01645737 0.05320024
v 0.03517919 0.01723760 0.05319076
v 0.03465658 0.01651203 0.05360031
v 0.03015065 0.01761025 0.05320268
v 0.03092128 0.01654332 0.05320066
v 0.03076195 0.01666831 0.05360054
v 0.03359025 0.01591372 0.05321061
v 0.03450840 0.01645737 0.05320024
v 0.03465658 0.01651203 0.05360031
v 0.03015065 0.01761025 0.05320268
v 0.03076195 0.01666831 0.05360054
v 0.02998143 0.01836067 0.05360090
v 0.03359025 0.01591372 0.05321061
v 0.03465658 0.01651203 0.05360031
v 0.03248596 0.01577037 0.05360031
v 0.03248596 0.01577037 0.05360031
v 0.03465658 0.01651203 0.05360031
v 0.03281939 0.01725798 0.05360049
v 0.03147274 0.01784360 0.05360049
v 0.03159129 0.01922011 0.05360049
v 0.02998143 0.01836067 0.05360090
v 0.03407073 0.01784360 0.05360049
v 0.03560096 0.01855772 0.05360120
v 0.03385072 0.01859349 0.05360049
v 0.03407073 0.01934361 0.05360049
v 0.03484445 0.02044314 0.05360031
v 0.03276789 0.01997113 0.05360049
v 0.03333884 0.02135771 0.05360066
v 0.03135293 0.02099180 0.05360060
v 0.03031539 0.01989305 0.05360013
v 0.03223228 0.01765900 0.05360049
v 0.03076195 0.01666831 0.05360054
v 0.03223228 0.01952809 0.05360049
v 0.03223228 0.01765900 0.05360049
v 0.03277170 0.01709347 0.05277049
v 0.03163892 0.01788461 0.05277049
v 0.03223228 0.01765900 0.05360049
v 0.03281939 0.01725798 0.05360049
v 0.03277170 0.01709347 0.05277049
v 0.03147274 0.01784360 0.05360049
v 0.03223228 0.01765900 0.05360049
v 0.03163892 0.01788461 0.05277049
v 0.03147274 0.01784360 0.05360049
v 0.03163892 0.01788461 0.05277049
v 0.03169274 0.01859349 0.05277049
v 0.03159129 0.01922011 0.05360049
v 0.03147274 0.01784360 0.05360049
v 0.03169274 0.01859349 0.05277049
v 0.03159129 0.01922011 0.05360049
v 0.03169274 0.01859349 0.05277049
v 0.03147274 0.01934361 0.05277049
v 0.03223228 0.01952809 0.05360049
v 0.03147274 0.01934361 0.05277049
v 0.03277570 0.01997113 0.05277049
v 0.03159129 0.01922011 0.05360049
v 0.03276789 0.01997113 0.05360049
v 0.03223228 0.01952809 0.05360049
v 0.03277570 0.01997113 0.05277049
v 0.03276789 0.01997113 0.05360049
v 0.03277570 0.01997113 0.05277049
v 0.03331118 0.01952809 0.05277049
v 0.03407073 0.01934361 0.05360049
v 0.03331118 0.01952809 0.05277049
v 0.03395211 0.01922011 0.05277049
v 0.03276789 0.01997113 0.05360049
v 0.03385072 0.01859349 0.05360049
v 0.03407073 0.01934361 0.05360049
v 0.03395211 0.01922011 0.05277049
v 0.03385072 0.01859349 0.05360049
v 0.03395211 0.01922011 0.05277049
v 0.03407073 0.01784360 0.05277049
v 0.03407073 0.01784360 0.05360049
v 0.03385072 0.01859349 0.05360049
v 0.03407073 0.01784360 0.05277049
v 0.03407073 0.01784360 0.05360049
v 0.03407073 0.01784360 0.05277049
v 0.03331118 0.01765900 0.05277049
v 0.03281939 0.01725798 0.05360049
v 0.03407073 0.01784360 0.05360049
v 0.03331118 0.01765900 0.05277049
v 0.03281939 0.01725798 0.05360049
v 0.03331118 0.01765900 0.05277049
v 0.03277170 0.01709347 0.05277049
v 0.03331118 0.01765900 0.05277049
v 0.03163892 0.01788461 0.05277049
v 0.03277170 0.01709347 0.05277049
v 0.03169274 0.01859349 0.05277049
v 0.03277570 0.01997113 0.05277049
v 0.03147274 0.01934361 0.05277049
v 0.03395211 0.01922011 0.05277049
v 0.03407073 0.01784360 0.05277049
v 0.03331118 0.01952809 0.05277049
f 1 2 3
f 2 4 3
f 4 5 6
f 3 4 6
f 6 5 7
f 5 8 7
f 8 9 10
f 7 8 10
f 10 9 11
f 12 10 11
f 13 12 14
f 12 11 14
f 13 14 15
f 16 13 15
f 16 15 17
f 15 18 17
f 19 17 18
f 20 19 21
f 19 18 21
f 21 22 20
f 23 20 22
f 22 24 23
f 25 23 24
f 24 26 25
f 27 25 26
f 26 28 27
f 29 27 28
f 28 30 29
f 31 29 30
f 30 32 31
f 33 31 32
f 33 32 34
f 34 35 33
f 36 33 35
f 35 37 36
f 38 36 37
f 37 39 38
f 40 38 39
f 39 41 40
f 42 40 41
f 41 43 42
f 44 42 43
f 43 45 44
f 46 44 45
f 45 47 46
f 46 47 48
f 48 47 49
f 47 50 49
f 49 50 51
f 51 50 52
f 51 52 53
f 54 55 56
f 57 54 56
f 52 56 55
f 53 52 55
f 58 59 60
f 61 60 59
f 62 63 64
f 65 58 60
f 66 58 65
f 67 61 68
f 67 60 61
f 69 66 65
f 70 68 71
f 70 67 68
f 70 71 72
f 73 74 69
f 75 70 72
f 76 75 72
f 76 72 77
f 78 79 73
f 80 76 77
f 80 77 81
f 82 83 78
f 84 83 82
f 85 80 81
f 86 85 81
f 87 84 82
f 88 84 87
f 89 85 86
f 90 89 86
f 91 88 87
f 92 88 91
f 93 89 90
f 94 93 90
f 95 92 91
f 95 91 96
f 97 93 94
f 98 97 94
f 99 98 94
f 100 96 101
f 100 95 96
f 102 98 99
f 103 100 101
f 104 99 105
f 104 102 99
f 106 107 103
f 106 103 101
f 108 104 105
f 109 108 105
f 110 111 106
f 112 108 109
f 113 112 109
f 114 112 113
f 115 114 113
f 116 117 110
f 118 114 115
f 119 118 115
f 120 121 116
f 122 118 119
f 123 122 119
f 124 122 123
f 125 124 123
f 126 125 123
f 127 128 129
f 130 125 126
f 131 125 130
f 132 133 127
f 132 134 133
f 135 131 130
f 136 131 135
f 137 138 132
f 139 136 135
f 140 136 139
f 141 139 142
f 141 140 139
f 143 144 137
f 145 142 146
f 145 141 142
f 147 148 143
f 149 145 146
f 150 145 149
f 151 152 147
f 153 150 149
f 154 153 149
f 155 153 154
f 156 157 151
f 158 155 154
f 159 155 158
f 160 161 156
f 162 159 158
f 163 159 162
f 164 165 160
f 166 163 162
f 167 168 164
f 169 166 170
f 169 163 166
f 171 169 170
f 172 173 167
f 171 170 174
f 175 171 174
f 176 175 174
f 177 178 172
f 179 178 177
f 180 179 177
f 181 182 180
f 181 180 177
f 183 176 184
f 183 175 176
f 185 181 177
f 185 184 181
f 185 183 184
f 178 173 172
f 173 168 167
f 168 165 164
f 165 161 160
f 161 157 156
f 157 152 151
f 152 148 147
f 148 144 143
f 144 138 137
f 138 134 132
f 133 128 127
f 128 186 129
f 186 187 188
f 121 117 116
f 117 111 110
f 111 107 106
f 83 79 78
f 79 74 73
f 74 66 69
f 189 190 191
f 189 191 192
f 193 189 192
f 193 192 194
f 195 193 196
f 193 194 196
f 195 196 197
f 198 195 199
f 195 197 199
f 200 198 201
f 198 199 201
f 202 200 203
f 200 201 203
f 202 203 204
f 205 206 207
f 208 209 210
f 211 212 213
f 214 215 216
f 217 218 219
f 220 221 222
f 223 224 225
f 226 227 228
f 229 230 231
f 229 231 232
f 233 234 235
f 141 145 236
f 89 93 237
f 140 141 238
f 85 237 239
f 85 89 237
f 136 238 240
f 136 140 238
f 85 239 241
f 183 185 242
f 131 240 243
f 175 242 244
f 131 136 240
f 80 85 241
f 175 183 242
f 80 241 245
f 76 245 246
f 125 243 247
f 76 80 245
f 125 131 243
f 171 244 248
f 171 175 244
f 75 76 246
f 171 248 249
f 70 246 250
f 70 75 246
f 124 247 251
f 124 125 247
f 169 171 249
f 67 70 250
f 122 124 251
f 163 249 252
f 163 169 249
f 122 251 253
f 163 252 254
f 118 122 253
f 159 163 254
f 114 118 253
f 114 253 255
f 159 254 256
f 112 114 255
f 112 255 257
f 155 256 258
f 155 159 256
f 108 112 257
f 104 108 257
f 104 257 259
f 153 258 260
f 153 155 258
f 102 104 259
f 102 259 261
f 150 153 260
f 98 102 261
f 145 260 236
f 97 261 262
f 145 150 260
f 97 98 261
f 93 97 262
f 93 262 237
f 141 236 238
f 263 264 265
f 263 265 266
f 267 268 269
f 270 185 177
f 267 269 271
f 270 177 272
f 273 272 274
f 273 270 272
f 275 263 266
f 276 273 274
f 276 274 277
f 278 275 266
f 278 266 279
f 280 267 271
f 281 278 279
f 282 276 277
f 282 277 283
f 284 282 283
f 281 279 285
f 286 271 287
f 67 281 285
f 288 283 289
f 67 285 60
f 288 284 283
f 286 280 271
f 286 287 290
f 291 289 292
f 291 288 289
f 293 292 294
f 293 291 292
f 295 286 290
f 296 290 297
f 296 295 290
f 298 293 294
f 298 294 299
f 300 298 299
f 301 297 302
f 301 296 297
f 300 299 303
f 304 300 303
f 304 303 305
f 306 302 307
f 308 304 305
f 306 301 302
f 309 305 310
f 311 307 312
f 311 306 307
f 309 308 305
f 313 312 314
f 313 311 312
f 268 310 315
f 268 309 310
f 268 315 269
f 264 314 265
f 264 313 314
f 316 317 318
f 319 320 321
f 322 323 324
f 325 326 327
f 322 328 323
f 156 329 330
f 331 316 318
f 332 328 322
f 322 324 333
f 334 316 331
f 160 156 330
f 335 331 336
f 322 333 337
f 335 334 331
f 338 339 340
f 341 336 342
f 294 292 343
f 294 343 344
f 341 335 336
f 345 335 341
f 346 347 348
f 341 342 349
f 350 351 352
f 353 294 344
f 346 348 354
f 355 345 341
f 356 326 325
f 357 358 359
f 352 360 350
f 361 362 363
f 364 365 366
f 367 346 354
f 368 186 188
f 356 325 369
f 370 360 352
f 167 360 370
f 370 352 371
f 372 356 369
f 299 346 367
f 373 374 375
f 129 186 368
f 372 369 376
f 377 371 378
f 372 376 379
f 380 299 367
f 377 370 371
f 172 167 370
f 172 370 381
f 377 378 382
f 383 373 375
f 303 380 384
f 385 386 387
f 388 372 379
f 303 299 380
f 377 382 389
f 388 390 372
f 303 384 391
f 392 393 394
f 388 379 395
f 396 172 381
f 397 398 399
f 127 388 400
f 177 172 401
f 402 397 399
f 403 397 402
f 305 391 404
f 400 395 405
f 305 303 391
f 400 388 395
f 132 127 400
f 400 405 406
f 407 408 409
f 410 402 411
f 305 404 412
f 413 400 406
f 410 403 402
f 407 409 414
f 410 411 415
f 132 400 416
f 417 413 406
f 417 406 418
f 310 305 419
f 420 407 414
f 420 414 421
f 422 132 416
f 423 132 422
f 417 418 424
f 425 415 426
f 427 417 424
f 427 424 428
f 425 410 415
f 429 422 430
f 431 410 425
f 432 425 426
f 433 420 421
f 429 423 422
f 434 420 433
f 435 436 437
f 438 427 428
f 434 433 439
f 440 429 430
f 441 425 432
f 143 429 440
f 438 428 442
f 443 444 445
f 441 431 425
f 446 432 447
f 446 441 432
f 448 449 450
f 451 434 439
f 452 453 454
f 446 447 455
f 456 438 442
f 452 454 457
f 458 459 460
f 147 143 440
f 147 440 461
f 462 461 463
f 147 461 462
f 464 446 455
f 465 466 467
f 468 448 450
f 469 470 471
f 469 455 470
f 469 464 455
f 472 151 147
f 473 463 474
f 473 462 463
f 475 469 471
f 151 476 477
f 473 474 478
f 479 469 475
f 480 481 482
f 483 479 475
f 328 479 483
f 484 479 328
f 317 478 485
f 328 483 323
f 317 473 478
f 156 477 329
f 156 151 477
f 317 485 318
f 486 487 488
f 489 490 491
f 489 492 490
f 493 494 495
f 486 488 496
f 497 491 498
f 497 489 491
f 493 495 499
f 500 486 496
f 501 486 500
f 502 497 498
f 502 498 503
f 504 505 506
f 91 87 507
f 508 509 510
f 511 512 513
f 514 502 503
f 501 500 515
f 514 503 516
f 517 518 519
f 514 516 520
f 521 501 515
f 522 514 520
f 523 501 521
f 524 525 526
f 527 518 517
f 454 453 528
f 529 530 531
f 532 521 533
f 534 522 520
f 532 533 535
f 536 537 538
f 539 522 534
f 540 454 528
f 532 523 521
f 541 523 532
f 542 454 540
f 543 534 544
f 545 546 547
f 548 549 550
f 551 540 552
f 553 541 532
f 543 539 534
f 554 101 96
f 555 285 279
f 543 544 556
f 557 548 550
f 551 542 540
f 558 559 560
f 561 552 562
f 561 551 552
f 563 564 565
f 557 550 566
f 561 562 567
f 568 543 556
f 568 556 569
f 570 561 567
f 568 571 543
f 572 557 566
f 571 573 543
f 574 575 576
f 577 563 565
f 578 60 285
f 568 569 579
f 580 566 581
f 582 583 584
f 585 586 587
f 588 570 567
f 572 566 580
f 589 580 581
f 590 591 592
f 593 570 588
f 594 568 579
f 594 579 595
f 593 588 596
f 593 596 597
f 598 591 590
f 65 582 584
f 65 584 599
f 594 595 600
f 601 598 590
f 602 593 597
f 603 604 605
f 606 601 590
f 606 590 607
f 606 607 608
f 110 609 610
f 602 597 611
f 606 608 612
f 613 594 600
f 614 594 613
f 69 65 599
f 615 606 612
f 614 613 616
f 617 611 618
f 619 614 616
f 116 610 620
f 116 110 610
f 617 602 611
f 621 615 612
f 621 612 622
f 623 614 619
f 617 618 624
f 625 626 627
f 628 623 619
f 629 630 631
f 116 620 632
f 628 619 633
f 634 327 326
f 634 621 622
f 635 624 636
f 635 617 624
f 621 634 326
f 637 628 638
f 639 363 362
f 635 636 640
f 641 642 643
f 638 633 644
f 638 628 633
f 645 635 640
f 646 647 648
f 649 638 644
f 649 644 650
f 651 652 653
f 654 645 640
f 654 640 655
f 656 654 655
f 656 655 657
f 658 650 659
f 658 659 660
f 658 649 650
f 661 649 658
f 662 663 664
f 665 656 657
f 492 656 665
f 658 660 666
f 492 665 490
f 667 668 669
f 487 670 488
f 671 661 658
f 672 673 674
f 675 676 677
f 678 679 680
f 681 682 683
f 681 684 685
f 686 687 688
f 689 690 691
f 675 677 692
f 685 684 693
f 692 677 694
f 683 682 695
f 689 691 696
f 686 688 697
f 683 695 698
f 678 680 699
f 685 693 700
f 698 695 701
f 700 693 702
f 699 680 703
f 696 691 704
f 697 688 705
f 700 702 706
f 698 701 707
f 707 701 708
f 706 702 709
f 697 705 710
f 692 694 711
f 699 703 712
f 711 694 713
f 706 709 714
f 707 708 715
f 712 703 716
f 715 708 717
f 710 705 718
f 714 709 418
f 696 704 719
f 714 418 720
f 719 704 721
f 710 718 722
f 715 717 723
f 712 716 724
f 723 717 725
f 711 713 726
f 720 418 727
f 724 716 728
f 726 713 729
f 722 718 730
f 720 727 731
f 723 725 732
f 722 730 733
f 732 725 734
f 731 727 735
f 719 721 736
f 728 737 738
f 736 721 739
f 724 728 738
f 726 729 740
f 731 735 741
f 740 729 742
f 738 737 743
f 744 732 745
f 732 734 745
f 733 730 746
f 736 739 747
f 733 746 748
f 749 741 750
f 738 743 751
f 741 735 750
f 747 739 752
f 740 742 753
f 754 744 755
f 744 745 755
f 753 742 756
f 751 743 757
f 748 746 758
f 748 758 759
f 749 750 760
f 751 757 761
f 760 750 762
f 761 757 763
f 754 755 764
f 747 752 765
f 765 752 766
f 759 758 767
f 754 764 768
f 753 756 769
f 759 767 770
f 761 763 771
f 760 762 772
f 771 763 773
f 765 766 774
f 772 762 775
f 769 756 776
f 768 764 777
f 768 777 778
f 772 775 779
f 770 767 780
f 781 770 780
f 771 773 782
f 782 773 783
f 765 774 784
f 769 776 785
f 781 780 786
f 778 777 787
f 788 781 786
f 778 787 789
f 783 790 791
f 784 774 792
f 782 783 791
f 785 776 793
f 794 779 325
f 788 786 795
f 789 787 796
f 797 788 795
f 789 796 798
f 784 792 799
f 790 800 801
f 794 325 802
f 791 790 801
f 785 793 803
f 797 795 804
f 805 797 804
f 806 805 804
f 799 792 659
f 799 659 807
f 802 325 808
f 798 796 809
f 800 810 811
f 801 800 811
f 806 804 812
f 798 809 813
f 814 806 812
f 810 815 816
f 811 810 816
f 816 815 817
f 814 812 817
f 815 814 817
f 681 818 682
f 685 818 681
f 803 793 819
f 803 819 820
f 802 808 821
f 821 808 634
f 813 809 822
f 807 659 823
f 813 822 824
f 821 634 825
f 807 823 826
f 820 819 827
f 820 827 828
f 824 822 829
f 826 823 830
f 828 827 831
f 824 829 832
f 832 829 833
f 826 830 834
f 832 833 835
f 828 831 836
f 834 830 837
f 836 831 838
f 836 838 839
f 840 612 841
f 835 833 842
f 835 842 843
f 834 837 844
f 840 841 845
f 844 837 846
f 839 838 847
f 847 838 848
f 840 845 849
f 844 846 850
f 850 846 851
f 849 845 852
f 843 842 853
f 847 848 854
f 843 853 855
f 854 848 856
f 849 852 857
f 850 851 858
f 854 856 859
f 857 852 860
f 858 851 861
f 862 855 863
f 855 853 863
f 859 856 864
f 858 861 865
f 859 864 866
f 857 860 867
f 865 861 868
f 867 860 869
f 866 864 870
f 862 863 871
f 871 863 872
f 865 868 873
f 866 870 874
f 873 868 875
f 867 869 876
f 874 870 877
f 876 869 878
f 871 872 879
f 879 872 676
f 873 875 880
f 874 877 881
f 881 877 882
f 880 875 883
f 876 878 884
f 880 883 885
f 881 882 886
f 884 878 690
f 879 676 675
f 884 690 689
f 886 882 679
f 885 883 687
f 885 687 686
f 886 679 678
f 887 888 889
f 890 891 892
f 893 894 895
f 887 896 888
f 897 898 899
f 83 84 900
f 896 901 902
f 901 903 902
f 904 905 906
f 898 907 908
f 909 887 889
f 910 911 912
f 890 892 913
f 914 915 916
f 917 899 918
f 893 895 919
f 920 893 919
f 84 890 900
f 117 921 922
f 923 117 922
f 892 891 924
f 891 920 924
f 925 909 889
f 926 927 928
f 929 930 931
f 918 899 932
f 933 929 934
f 910 912 935
f 900 890 936
f 889 937 938
f 925 889 938
f 913 892 924
f 894 906 939
f 896 902 888
f 180 182 940
f 898 908 899
f 903 916 941
f 899 908 942
f 899 942 932
f 890 913 936
f 940 182 943
f 900 936 944
f 926 928 945
f 946 926 945
f 934 929 947
f 921 948 949
f 902 903 941
f 83 900 944
f 179 180 940
f 173 178 950
f 922 921 951
f 178 179 950
f 920 919 952
f 924 920 952
f 929 931 947
f 925 938 948
f 894 939 953
f 895 894 953
f 954 955 911
f 940 943 956
f 173 950 957
f 179 940 950
f 921 949 951
f 79 83 958
f 959 960 961
f 950 940 962
f 954 963 955
f 956 943 964
f 940 956 962
f 943 965 964
f 83 944 958
f 950 962 957
f 913 924 966
f 936 913 966
f 173 957 168
f 906 905 967
f 889 888 968
f 923 922 969
f 934 947 960
f 957 962 970
f 168 957 971
f 956 964 972
f 962 956 972
f 946 945 905
f 922 951 969
f 970 962 973
f 916 915 974
f 948 938 949
f 962 972 973
f 947 931 975
f 927 935 976
f 957 970 977
f 971 957 977
f 964 978 972
f 979 980 981
f 107 923 982
f 973 972 983
f 936 966 984
f 960 947 985
f 944 936 984
f 937 889 986
f 958 944 987
f 168 971 988
f 972 978 989
f 988 971 990
f 983 972 991
f 895 953 992
f 977 970 993
f 970 973 993
f 959 961 994
f 971 977 990
f 965 995 978
f 964 965 978
f 923 969 982
f 993 973 996
f 973 983 996
f 972 989 991
f 988 990 165
f 993 996 997
f 975 931 998
f 977 993 990
f 983 991 996
f 987 944 999
f 165 990 1000
f 961 960 1001
f 889 968 986
f 944 984 999
f 951 949 1002
f 906 967 939
f 161 165 1003
f 991 1004 996
f 990 993 1005
f 993 997 1005
f 966 924 1006
f 924 952 1006
f 960 985 1001
f 165 1000 1003
f 1000 990 1007
f 161 1003 1008
f 1003 1000 1009
f 947 975 985
f 927 976 928
f 1005 997 1010
f 949 938 937
f 915 994 1011
f 990 1005 1007
f 916 974 941
f 941 974 1012
f 978 995 1013
f 1000 1007 1009
f 1003 1009 1008
f 997 996 1010
f 991 989 1004
f 1005 1010 1014
f 1007 1005 1014
f 999 984 1015
f 1009 1007 1016
f 952 919 1017
f 919 895 1017
f 961 1001 994
f 984 966 1018
f 951 1002 969
f 1008 1009 1019
f 107 982 1020
f 996 1021 1010
f 1018 966 1006
f 161 1008 157
f 975 998 985
f 935 912 1022
f 982 969 1023
f 79 958 74
f 888 902 1024
f 1007 1014 1016
f 902 1025 1024
f 157 1008 1026
f 955 963 1027
f 1009 1016 1019
f 949 937 1028
f 74 958 1029
f 911 955 1027
f 1028 937 954
f 942 1030 1031
f 932 942 1031
f 1016 1014 1032
f 1019 1016 1033
f 984 1018 1015
f 157 1026 1034
f 915 1011 1035
f 974 915 1035
f 1008 1019 1036
f 1026 1008 1036
f 968 888 1024
f 1016 1032 1033
f 935 1022 976
f 1019 1033 1036
f 66 74 1037
f 74 1029 1037
f 1026 1036 1034
f 982 1023 1020
f 1033 1032 1038
f 969 1002 1039
f 1040 932 1031
f 958 987 1041
f 1029 958 1041
f 157 1034 152
f 107 1020 103
f 1036 1033 1042
f 949 1028 1002
f 152 1034 1043
f 152 1043 1044
f 902 941 1045
f 952 1017 1046
f 1015 1018 1047
f 1023 969 1048
f 1049 1050 1051
f 905 945 1052
f 978 1013 1053
f 1034 1036 1054
f 1043 1034 1054
f 978 1053 989
f 941 1012 1045
f 1035 1011 1055
f 1044 1043 1056
f 1043 1054 1056
f 911 1027 912
f 996 1004 1057
f 1011 994 1058
f 942 908 1030
f 1042 1033 1059
f 987 999 1041
f 1033 1038 1059
f 1027 963 1060
f 1014 1010 1061
f 963 1062 1060
f 974 1035 1012
f 1056 1054 1063
f 1036 1042 1054
f 1032 1014 1061
f 996 1057 1021
f 945 928 1064
f 1011 1058 1065
f 1020 1023 1066
f 1023 1048 1066
f 1004 989 1067
f 1053 1067 989
f 902 1045 1025
f 985 998 1001
f 969 1039 1048
f 1029 1041 1068
f 1037 1029 1068
f 1054 1042 1069
f 994 1001 1070
f 1044 1056 1071
f 1055 1011 1065
f 1032 1061 1072
f 905 1052 967
f 1042 1059 1069
f 986 968 1073
f 1074 1075 1076
f 1055 1065 1012
f 1068 1041 1077
f 1041 999 1077
f 1054 1069 1063
f 1071 1056 1078
f 1004 1067 1057
f 1056 1063 1078
f 1038 1032 1079
f 1032 1072 1079
f 1080 1069 1081
f 1069 1059 1081
f 1082 1071 1083
f 1063 1069 1080
f 937 986 1073
f 1071 1078 1083
f 1035 1055 1012
f 1010 1021 1084
f 1084 1021 1085
f 66 1037 1086
f 1020 1066 1087
f 103 1020 1087
f 994 1070 1058
f 1078 1063 1088
f 1047 1018 1089
f 1083 1078 1090
f 1082 1083 1091
f 999 1015 1077
f 1037 1068 1086
f 1025 1045 917
f 1092 1093 1094
f 1091 1083 1095
f 1039 1002 910
f 1002 1028 910
f 1038 1079 1096
f 1059 1038 1096
f 939 967 1097
f 1063 1080 1088
f 1010 1084 1061
f 1065 1058 1098
f 1084 1085 1061
f 1083 1090 1095
f 945 1064 1052
f 998 1099 1001
f 100 103 1100
f 937 1073 954
f 1078 1088 1090
f 1081 1059 1101
f 1059 1096 1101
f 103 1087 1100
f 1088 1080 1102
f 1103 1091 1104
f 1047 1089 1105
f 1090 1088 1106
f 1107 1108 1109
f 1012 1065 1110
f 1091 1095 1104
f 1027 1060 1111
f 1024 1112 968
f 1018 1006 1113
f 1061 1085 1114
f 1006 952 1113
f 1015 1047 1115
f 1077 1015 1115
f 1021 1057 1085
f 928 976 1116
f 138 1103 1117
f 1103 1104 1117
f 1072 1061 1114
f 1100 1087 1118
f 895 992 1017
f 1039 910 1119
f 1090 1106 1120
f 1048 1039 1119
f 1095 1090 1120
f 1087 1066 1121
f 939 1097 953
f 66 1086 58
f 1064 928 1116
f 1088 1102 1106
f 1025 917 1024
f 1065 1098 1110
f 58 1086 59
f 1122 968 1112
f 1081 1101 1123
f 1124 100 1125
f 1048 1119 1126
f 1066 1048 1126
f 1001 1099 1070
f 1104 1095 1127
f 59 1086 1128
f 100 1100 1125
f 134 138 1129
f 138 1117 1129
f 1066 1126 1121
f 134 1130 133
f 1117 1104 1131
f 1073 968 1122
f 1081 1123 929
f 1104 1127 1131
f 1058 1070 1132
f 1129 1117 1133
f 1124 1125 1134
f 1135 1124 1134
f 1028 954 911
f 1095 1120 1127
f 967 1052 1136
f 1045 1012 1137
f 1110 1098 897
f 1120 1106 959
f 1098 1058 1138
f 1087 1121 1118
f 1102 1080 933
f 1081 929 933
f 1080 1081 933
f 1086 1068 1139
f 1027 1111 912
f 1122 1140 1073
f 1100 1118 1125
f 1077 1115 1141
f 134 1129 1130
f 1121 1126 1142
f 952 1046 1143
f 1052 1064 1136
f 1072 1114 1144
f 1117 1131 1133
f 1045 1137 917
f 1058 1132 1138
f 1012 1110 1137
f 1047 1105 1115
f 1064 1116 1136
f 1129 1133 1130
f 1120 959 1145
f 1127 1120 1145
f 1118 1121 1146
f 1121 1142 1146
f 1130 1133 1147
f 1148 1149 1150
f 1068 1077 1139
f 1072 1144 1079
f 1127 1145 1131
f 1102 933 934
f 133 1130 1151
f 128 133 1151
f 1028 911 910
f 1133 1152 1147
f 1133 1131 1152
f 1097 967 1153
f 967 1136 1153
f 1024 917 1154
f 1118 1146 1155
f 1125 1118 1155
f 128 1151 1156
f 1135 1134 1157
f 1022 912 1111
f 1073 1140 1158
f 1086 1139 1128
f 1110 897 1137
f 1131 1145 914
f 1017 992 1159
f 1077 1141 1139
f 1098 1138 897
f 1024 1154 1112
f 1134 1125 1160
f 1157 1134 1161
f 1141 1115 1162
f 1106 1102 960
f 1102 934 960
f 959 1106 960
f 1130 1147 1151
f 1097 1153 953
f 952 1143 1113
f 1040 1031 1163
f 1164 1165 1166
f 992 953 1167
f 1153 1167 953
f 128 1156 186
f 1147 1152 901
f 1157 1161 1168
f 1144 1169 1079
f 1125 1155 1160
f 1046 1017 1170
f 1139 1141 1171
f 1073 1158 954
f 897 1138 898
f 1152 1131 916
f 1131 914 916
f 186 1156 1172
f 186 1172 1173
f 1070 907 1132
f 1155 1146 904
f 1062 1174 1175
f 1154 917 1176
f 1060 1062 1175
f 1128 1139 1177
f 1152 916 903
f 1139 1171 1177
f 1046 1170 1143
f 1018 1113 1178
f 992 1167 1159
f 1151 1147 1179
f 1134 1160 1180
f 1161 1134 1180
f 1181 1128 1177
f 1172 1156 1182
f 1141 1162 1171
f 1128 1181 1183
f 59 1128 1183
f 1017 1159 1170
f 1126 1119 927
f 1142 1126 927
f 1151 1179 1156
f 88 1168 1184
f 1172 1182 1185
f 1060 1175 1111
f 1186 1111 1175
f 1160 1155 906
f 1155 904 906
f 1132 907 1138
f 1079 1169 1096
f 1175 1174 1186
f 1147 901 1179
f 901 1152 903
f 1168 1161 1187
f 1184 1168 1187
f 1186 1174 1188
f 1170 1159 1143
f 1181 1177 1189
f 1156 1179 896
f 1018 1178 1190
f 925 1173 1172
f 1089 1018 1190
f 1180 1160 1191
f 1159 1167 1143
f 1142 927 926
f 1146 1142 926
f 1089 1190 1105
f 925 1172 1185
f 1161 1180 1187
f 1179 901 896
f 1171 1162 1192
f 88 1184 1193
f 1184 1187 1193
f 1177 1171 1192
f 914 1145 994
f 1160 906 1191
f 1145 959 994
f 1119 910 935
f 1115 1105 1194
f 121 1173 925
f 1096 1169 1101
f 121 925 948
f 1115 1194 1162
f 1177 1192 1189
f 1162 1194 1195
f 1169 930 1101
f 1193 1187 891
f 1146 926 946
f 898 1138 907
f 1195 1194 1196
f 904 1146 946
f 1162 1195 1197
f 1192 1162 1197
f 1156 896 887
f 1182 1156 887
f 1176 917 918
f 1191 906 894
f 1105 1190 1194
f 1195 1196 1197
f 1180 1191 893
f 1187 1180 893
f 1185 1182 909
f 1119 935 927
f 1182 887 909
f 88 1193 84
f 1197 1196 1198
f 1158 963 954
f 121 948 921
f 1197 1198 1199
f 117 121 921
f 1192 1197 1199
f 1123 1101 930
f 1198 1196 1200
f 914 994 915
f 84 1193 890
f 1199 1198 1200
f 1192 1199 1189
f 1189 1199 1201
f 1191 894 893
f 1199 1200 1201
f 929 1123 930
f 891 1187 920
f 1187 893 920
f 917 1137 899
f 904 946 905
f 925 1185 909
f 1137 897 899
f 1193 891 890
f 1202 1203 68
f 1204 1205 113
f 1206 1207 1208
f 1209 1210 1211
f 1209 1212 1210
f 1213 1214 1215
f 1213 1215 1216
f 1217 1218 1219
f 1220 1221 1222
f 1223 1213 1216
f 61 1202 68
f 1224 1208 1225
f 1204 1219 1205
f 1226 1223 1227
f 1226 1227 1228
f 1220 1229 1221
f 1230 113 109
f 1217 1211 1218
f 1231 1232 1233
f 1234 1235 1203
f 1236 1237 1238
f 1239 1240 1241
f 1242 1243 1244
f 1245 1246 1247
f 1245 1247 1235
f 1230 1204 113
f 1248 1249 1250
f 1214 1249 1248
f 1224 1206 1208
f 1251 1224 1225
f 1251 1225 1237
f 1252 1217 1219
f 1253 1211 1217
f 1254 1203 1202
f 1255 1236 1238
f 1249 1222 1250
f 1252 1219 1204
f 1256 1251 1237
f 1234 1245 1235
f 1257 1217 1252
f 1258 181 184
f 1259 1226 1228
f 1260 181 1258
f 1254 1234 1203
f 1261 1231 1233
f 1262 1263 1242
f 105 1230 109
f 1264 1245 1234
f 1260 182 181
f 1265 1252 1204
f 1265 1204 1230
f 1226 1213 1223
f 1266 1202 61
f 1266 1254 1202
f 1267 1239 1268
f 1269 184 176
f 1260 943 182
f 1270 1230 105
f 1271 1232 1231
f 1272 1236 1255
f 1273 1226 1259
f 1274 1259 1228
f 1269 1258 184
f 1253 1209 1211
f 1226 1273 1213
f 1260 965 943
f 1275 1261 1229
f 1236 1256 1237
f 1276 1234 1254
f 1272 1255 1277
f 1276 1264 1234
f 1275 1229 1220
f 1266 61 1183
f 1278 1266 1183
f 174 1269 176
f 1276 1254 1266
f 1257 1253 1217
f 1279 1280 1246
f 1279 1262 1280
f 1281 1258 1269
f 1282 1269 174
f 1283 1259 1274
f 1270 1265 1230
f 1284 1266 1278
f 1285 1286 1244
f 965 1260 1258
f 1285 1274 1286
f 1287 174 170
f 1288 1270 105
f 1281 965 1258
f 1271 1289 1232
f 1283 1273 1259
f 1287 1282 174
f 1290 1209 1253
f 1212 1267 1268
f 1278 1183 1181
f 1275 1231 1261
f 1291 1288 105
f 1288 1265 1270
f 1292 965 1281
f 1293 1269 1282
f 1284 1276 1266
f 1257 1290 1253
f 1294 1252 1265
f 1189 1278 1181
f 1189 1284 1278
f 1295 1282 1287
f 1293 1281 1269
f 1285 1283 1274
f 1296 1285 1244
f 1272 1256 1236
f 1189 1276 1284
f 1297 1287 170
f 1294 1257 1252
f 1298 1281 1293
f 1298 1292 1281
f 1295 1293 1282
f 1299 1272 1277
f 1243 1296 1244
f 1288 1294 1265
f 1297 1295 1287
f 1296 1243 1285
f 1300 1298 1293
f 1300 1293 1295
f 1301 1245 1264
f 1302 1295 1297
f 1263 1243 1242
f 1303 1304 1305
f 1306 1288 1291
f 1307 1308 1309
f 1310 1297 170
f 1311 1290 1257
f 1301 1264 1276
f 1201 1301 1276
f 1201 1276 1189
f 1302 1300 1295
f 1312 1263 1262
f 1313 1292 1298
f 1314 1297 1310
f 1279 1312 1262
f 1315 1300 1302
f 1316 1257 1294
f 1314 1302 1297
f 1317 1298 1300
f 1318 1279 1246
f 1318 1246 1245
f 1319 1298 1317
f 1319 1313 1298
f 1301 1318 1245
f 1320 1288 1306
f 1321 1294 1288
f 1322 1323 1324
f 1322 1325 1326
f 1322 1326 1323
f 1322 1324 1325
f 1315 1317 1300
f 1306 1291 99
f 1327 1328 1329
f 1330 1331 1332
f 1330 1329 1328
f 1333 1310 166
f 1333 1314 1310
f 1334 1328 1327
f 1334 1326 1335
f 1336 1331 1330
f 1336 1328 1334
f 1336 1330 1328
f 1337 1336 1334
f 1325 1335 1326
f 1338 1337 1334
f 1338 1334 1335
f 1338 1339 1337
f 1338 1340 1339
f 1341 1340 1338
f 1342 1302 1314
f 1341 1338 1335
f 1343 1251 1256
f 1341 1335 1325
f 1341 1344 1340
f 1342 1315 1302
f 1345 1346 1329
f 1347 1345 1329
f 1348 1317 1315
f 1347 1329 1330
f 1349 1314 1333
f 1350 1330 1332
f 1350 1347 1330
f 1351 1341 1325
f 1208 1344 1341
f 1208 1341 1351
f 1352 1345 1347
f 1353 1347 1350
f 1353 1350 1354
f 1292 995 965
f 1355 1325 1356
f 1355 1351 1325
f 1321 1288 1320
f 1225 1208 1351
f 1316 1311 1257
f 1357 1320 1306
f 1358 1352 1347
f 1358 1347 1353
f 1359 1353 1354
f 1359 1358 1353
f 1360 1225 1351
f 1360 1351 1355
f 1360 1238 1237
f 1360 1237 1225
f 1349 1342 1314
f 1348 1319 1317
f 1360 1255 1238
f 1361 995 1292
f 1361 1013 995
f 1361 1362 1352
f 1361 1352 1358
f 1361 1292 1362
f 1363 1358 1359
f 1363 1361 1358
f 1363 1013 1361
f 1364 1355 1365
f 1364 1360 1355
f 1277 1255 1360
f 1277 1360 1364
f 1366 1367 1368
f 1369 1315 1342
f 1366 1370 1240
f 1369 1348 1315
f 1366 1371 1367
f 1366 1368 1299
f 1366 1240 1371
f 1366 1277 1364
f 1366 1364 1370
f 1366 1299 1277
f 162 1333 166
f 1345 1319 1348
f 1372 1369 1342
f 1372 1342 1349
f 1373 1357 1306
f 1374 1321 1320
f 1375 1333 162
f 1362 1292 1313
f 1375 1349 1333
f 1376 1377 1378
f 1379 1294 1321
f 1379 1316 1294
f 1272 1343 1256
f 1369 1345 1348
f 1373 1306 99
f 1380 1368 1367
f 1381 1375 162
f 1381 162 1382
f 1383 1369 1372
f 1357 1374 1320
f 1384 1299 1368
f 1352 1362 1313
f 1352 1313 1319
f 1385 1343 1272
f 1386 1372 1349
f 1386 1349 1375
f 1379 1321 1374
f 1371 1380 1367
f 1387 1240 1239
f 1387 1371 1240
f 1388 1381 1382
f 1388 1382 158
f 1389 1375 1381
f 1345 1352 1319
f 1380 1384 1368
f 1390 1374 1357
f 1391 1380 1371
f 1392 1381 1388
f 1389 1386 1375
f 1393 1392 1388
f 1394 1372 1386
f 1394 1383 1372
f 1392 1389 1381
f 1395 1379 1374
f 1346 1369 1383
f 1346 1345 1369
f 1396 1386 1389
f 154 1388 158
f 1397 1389 1392
f 1398 1357 1373
f 1399 1373 99
f 1399 99 94
f 1393 1388 154
f 1396 1394 1386
f 1299 1385 1272
f 1400 1395 1374
f 1400 1374 1390
f 1397 1396 1389
f 1329 1346 1383
f 1401 154 149
f 1387 1391 1371
f 1401 1393 154
f 1323 1396 1397
f 1402 1397 1392
f 1402 1392 1393
f 1398 1390 1357
f 1403 1399 94
f 1404 1239 1267
f 1404 1387 1239
f 1405 1373 1399
f 1406 1401 149
f 1405 1398 1373
f 1407 1391 1387
f 1324 1323 1397
f 1324 1397 1402
f 1408 1384 1380
f 1409 1393 1401
f 1409 1402 1393
f 1410 1385 1299
f 1327 1329 1383
f 1327 1383 1394
f 1227 1390 1398
f 1227 1400 1390
f 146 1406 149
f 1409 1324 1402
f 1384 1410 1299
f 1411 1409 1401
f 1411 1401 1406
f 1405 1399 1403
f 1412 1406 146
f 90 1403 94
f 1334 1394 1396
f 1334 1327 1394
f 1413 1395 1400
f 1391 1408 1380
f 1414 1412 146
f 1415 1267 1212
f 1415 1404 1267
f 1416 1324 1409
f 1417 1398 1405
f 1418 1409 1411
f 1419 1403 90
f 1420 146 142
f 1421 1403 1419
f 1421 1405 1403
f 1326 1334 1396
f 1326 1396 1323
f 1422 90 86
f 1423 1412 1414
f 1418 1416 1409
f 1227 1413 1400
f 1420 1414 146
f 1424 142 139
f 1404 1407 1387
f 1423 1414 1425
f 1417 1227 1398
f 1426 1406 1412
f 1426 1411 1406
f 1427 1405 1421
f 1425 1414 1420
f 1422 1419 90
f 1424 1420 142
f 1415 1212 1209
f 1428 1424 139
f 1420 1423 1425
f 1429 1415 1209
f 1430 1407 1404
f 1426 1412 1423
f 1426 1418 1411
f 1427 1417 1405
f 1431 1227 1417
f 1431 1417 1432
f 1433 1423 1420
f 1434 1421 1419
f 1434 1419 1422
f 1435 1436 1437
f 1438 1418 1426
f 135 1428 139
f 1439 1420 1424
f 1439 1433 1420
f 1427 1432 1417
f 1440 1428 135
f 1434 1427 1421
f 1433 1426 1423
f 1261 1404 1415
f 1441 1422 86
f 1408 1410 1384
f 1261 1430 1404
f 1442 1440 135
f 1443 1439 1424
f 1444 1432 1427
f 1445 1440 1442
f 1446 1438 1426
f 1325 1324 1416
f 1441 1434 1422
f 1447 1441 86
f 1440 1424 1428
f 1448 1429 1209
f 1448 1209 1290
f 1446 1426 1433
f 1449 130 126
f 1450 1427 1434
f 1450 1444 1427
f 1429 1261 1415
f 1451 1442 130
f 1232 1391 1407
f 1232 1407 1452
f 1452 1407 1430
f 1451 1445 1442
f 1453 1434 1441
f 1454 1446 1433
f 1356 1416 1418
f 1356 1325 1416
f 1440 1443 1424
f 1455 1429 1448
f 1456 1440 1445
f 1286 1444 1450
f 1443 1433 1439
f 1457 86 81
f 1458 1445 1451
f 1457 1447 86
f 1261 1452 1430
f 1449 1451 130
f 1459 1448 1290
f 1459 1290 1311
f 1229 1261 1429
f 1336 1460 1331
f 1453 1441 1447
f 1454 1433 1443
f 1458 1456 1445
f 1461 1443 1440
f 1456 1461 1440
f 1462 1434 1453
f 1462 1450 1434
f 1459 1455 1448
f 1355 1356 1418
f 1355 1418 1438
f 1463 1447 1457
f 1463 1453 1447
f 1461 1454 1443
f 1464 1449 126
f 1465 1455 1459
f 1449 1458 1451
f 1466 1459 1311
f 1466 1311 1316
f 1355 1438 1446
f 1337 1460 1336
f 1467 1458 1449
f 1468 1450 1462
f 1468 1286 1450
f 1458 1461 1456
f 1228 1227 1431
f 1261 1233 1452
f 1469 1454 1461
f 1470 1457 81
f 1471 1429 1455
f 1466 1316 1379
f 1365 1355 1446
f 1233 1232 1452
f 1472 1462 1453
f 1472 1453 1463
f 1473 123 119
f 1244 1286 1468
f 1228 1432 1444
f 1228 1431 1432
f 1464 1467 1449
f 1471 1229 1429
f 1474 126 123
f 1474 1464 126
f 1475 1467 1464
f 1476 1465 1459
f 1476 1459 1466
f 1477 1469 1461
f 1477 1461 1458
f 1470 1463 1457
f 1364 1365 1446
f 1473 1474 123
f 1478 81 77
f 1467 1477 1458
f 1479 1464 1474
f 1248 1466 1379
f 1248 1379 1395
f 1479 1475 1464
f 1478 1470 81
f 1364 1446 1454
f 1480 77 72
f 1465 1471 1455
f 1480 1478 77
f 1481 1463 1470
f 1481 1472 1463
f 1274 1228 1444
f 1242 1462 1472
f 1482 1478 1480
f 1210 1474 1473
f 1215 1248 1395
f 1239 1467 1475
f 1210 1479 1474
f 1248 1476 1466
f 1241 1477 1467
f 1483 1475 1479
f 1484 1473 119
f 1215 1395 1413
f 1221 1229 1471
f 1242 1468 1462
f 1242 1244 1468
f 1485 1410 1408
f 1268 1475 1483
f 1268 1483 1210
f 1476 1486 1465
f 1484 1210 1473
f 1487 1480 72
f 1210 1483 1479
f 1286 1274 1444
f 1370 1454 1469
f 1370 1364 1454
f 1262 1242 1472
f 1262 1472 1481
f 1487 1482 1480
f 1486 1471 1465
f 1239 1241 1467
f 1250 1486 1476
f 1247 1481 1470
f 1247 1470 1478
f 1218 1210 1484
f 1370 1469 1477
f 1486 1221 1471
f 1216 1215 1413
f 1268 1239 1475
f 1391 1485 1408
f 1207 1340 1344
f 115 1484 119
f 1203 72 71
f 1205 1484 115
f 1247 1478 1482
f 1203 1487 72
f 1235 1482 1487
f 1211 1210 1218
f 1205 115 113
f 1214 1248 1215
f 1240 1370 1477
f 1208 1207 1344
f 1246 1481 1247
f 1246 1262 1481
f 1222 1221 1486
f 1222 1486 1250
f 1240 1477 1241
f 1223 1216 1413
f 1223 1413 1227
f 1212 1268 1210
f 1248 1250 1476
f 1289 1485 1391
f 1232 1289 1391
f 1219 1484 1205
f 1219 1218 1484
f 68 1203 71
f 1280 1262 1246
f 1235 1247 1482
f 1203 1235 1487
f 1488 1489 1490
f 1491 1488 1492
f 1490 1489 1493
f 1494 1495 1496
f 1497 1498 1499
f 1500 1501 1502
f 1503 1496 1504
f 1501 1491 1502
f 1491 1505 1502
f 1497 1499 1506
f 1507 1508 1509
f 1510 1511 1506
f 1499 1510 1506
f 1512 1503 1513
f 1503 1504 1513
f 1502 1505 1514
f 1514 1505 1515
f 1511 1516 1506
f 1517 1518 1519
f 1514 1515 1520
f 1521 1512 1513
f 1507 1509 1522
f 1523 1524 1525
f 1522 1509 1526
f 1506 1516 1527
f 1514 1520 1526
f 1520 1528 1526
f 1529 1530 1531
f 1532 1529 1531
f 1531 1530 1533
f 1512 1521 1534
f 1535 1536 1537
f 1538 1539 1537
f 1534 1521 1540
f 1532 1531 1541
f 1517 1519 1542
f 1528 1543 1526
f 1542 1519 1544
f 1545 1546 1541
f 1522 1526 1547
f 1537 1539 1535
f 1547 1526 814
f 1526 1543 814
f 1532 1541 1548
f 1543 1549 814
f 1544 1550 1542
f 1541 1546 1551
f 1548 1541 1551
f 1552 1534 1553
f 1534 1540 1553
f 1546 1554 1551
f 1553 1555 1556
f 1542 1550 1557
f 1557 1550 1558
f 1548 1551 1559
f 1552 1553 1556
f 1554 1560 1551
f 1561 1548 1559
f 1558 1562 1557
f 1547 814 1563
f 1561 1559 1564
f 1563 814 1565
f 1559 1551 1560
f 1566 1552 1567
f 1552 1556 1567
f 1567 1556 1568
f 1557 1562 1569
f 1561 1564 1570
f 1562 1571 1569
f 1559 1560 1564
f 1566 1567 1568
f 1572 1573 1574
f 1563 1565 1575
f 1561 1570 1576
f 1571 1577 1569
f 1563 1575 1578
f 1576 1570 1579
f 1570 1564 1579
f 1580 1581 1582
f 1583 1580 1582
f 1577 1584 1569
f 1585 1566 1586
f 1576 1579 1587
f 1566 1568 1586
f 1582 1581 1588
f 1569 1584 1589
f 1578 1575 1590
f 1585 1586 1591
f 1592 1576 1593
f 1576 1587 1593
f 1594 1589 1584
f 1587 1579 1595
f 1578 1590 1596
f 1593 1587 1595
f 1597 1578 1596
f 1582 1588 1598
f 1598 1588 1599
f 1600 1601 1602
f 1584 1603 1594
f 1604 1585 1605
f 1585 1591 1605
f 1606 1607 1608
f 1603 1609 1610
f 1594 1603 1610
f 1611 1612 1596
f 1613 1611 1596
f 1614 1613 1596
f 1604 1605 1615
f 1597 1596 1616
f 1617 1600 1618
f 1600 1602 1618
f 1609 1619 1620
f 1610 1609 1620
f 1621 1597 1616
f 1608 1607 1622
f 1618 1602 1623
f 1616 1596 1624
f 1624 1596 1612
f 1604 1615 1625
f 1626 1604 1625
f 1618 1623 1627
f 1620 1628 1629
f 1630 1631 1622
f 1607 1630 1622
f 1617 1618 1627
f 1620 1619 1628
f 1621 1616 1632
f 1617 1627 1633
f 1634 1635 1636
f 1633 1627 1637
f 1638 1621 1632
f 1627 1623 1637
f 1622 1631 1637
f 1631 1639 1637
f 1632 1616 1640
f 1629 1628 1641
f 1624 743 1640
f 1616 1624 1640
f 743 737 1640
f 1642 1643 1644
f 1633 1637 1645
f 1646 1647 1648
f 1647 1641 1648
f 1641 1628 1649
f 1646 1648 1650
f 1645 1637 1498
f 1637 1639 1498
f 1498 1639 1651
f 1652 1633 1653
f 1633 1645 1653
f 1648 1641 1649
f 1653 1645 1498
f 1650 1648 1488
f 1651 1654 1498
f 1652 1653 1494
f 1655 1653 1498
f 1488 1648 1489
f 1501 1650 1488
f 1654 1656 1498
f 1501 1488 1491
f 1656 1499 1498
f 1503 1652 1496
f 1652 1494 1496
f 1657 1658 1659
f 1657 1659 1660
f 1660 1659 1661
f 1662 1663 1664
f 1659 1658 1665
f 1666 1667 1668
f 1662 1664 1669
f 1670 1671 1669
f 1669 1664 1672
f 1673 1674 1675
f 1665 1658 1676
f 1664 1677 1672
f 1678 1660 1661
f 1669 1672 1670
f 1660 1678 1679
f 1672 1677 1680
f 1681 1665 1676
f 1682 1670 1683
f 1670 1672 1683
f 1679 1678 1684
f 1683 1672 1680
f 1685 1686 1687
f 1688 1689 1690
f 1691 1692 1693
f 1694 1695 1696
f 1681 1676 1697
f 1698 1699 1700
f 1692 1701 1693
f 1699 1702 1700
f 1680 1703 1683
f 1704 1705 1706
f 1707 1708 1709
f 1710 1711 1712
f 1694 1696 2
f 1713 1714 1715
f 1700 1702 1716
f 2 1696 1717
f 1683 1703 1718
f 1703 1719 1718
f 1706 1720 1704
f 1721 1722 1702
f 1702 1722 1716
f 1722 1723 1716
f 1719 1724 1718
f 1704 1720 1725
f 1711 1726 1712
f 1716 1723 1727
f 1723 1728 1727
f 1704 1725 1729
f 1730 1731 1732
f 2 1717 1733
f 1732 1731 1734
f 1733 1717 1735
f 1724 1736 1718
f 1737 1727 1738
f 1727 1728 1738
f 1739 1707 1740
f 1712 1726 1741
f 1726 1742 1741
f 1707 1709 1740
f 1712 1741 1735
f 1730 1732 1743
f 1744 1730 1743
f 1735 1741 1745
f 1746 1747 1743
f 1739 1740 1748
f 1733 1735 1745
f 1749 1733 1745
f 1743 1747 1750
f 1751 1739 1752
f 1745 1741 1753
f 1741 1754 1753
f 1739 1748 1752
f 1755 1756 1757
f 1752 1748 1758
f 1744 1743 1750
f 1751 1752 1759
f 1760 1745 1753
f 1752 1758 1759
f 1751 1759 1761
f 1762 1744 1763
f 1764 1765 1760
f 1744 1750 1763
f 1763 1750 1766
f 1762 1763 1767
f 1761 1768 1769
f 1751 1761 1770
f 1771 1763 1766
f 1761 1769 1772
f 1760 1753 1773
f 1764 1760 1773
f 1761 1772 1770
f 1774 1775 1776
f 1762 1767 1777
f 1778 1762 1777
f 1779 1770 1780
f 1771 1766 1781
f 1770 1772 1780
f 1782 1764 1783
f 1781 1766 1784
f 1764 1773 1783
f 1772 1785 1780
f 1778 1777 1786
f 1787 1788 1789
f 1790 1787 1789
f 1779 1780 1791
f 1785 1792 1793
f 1780 1785 1793
f 1794 1781 1795
f 1781 1784 1795
f 1784 1796 1795
f 1788 1797 1789
f 1798 1799 1800
f 1529 1778 1530
f 1778 1786 1530
f 1794 1795 1801
f 1797 1802 1789
f 1803 1804 1805
f 1792 1806 1793
f 32 1779 1807
f 1808 1801 1795
f 1779 1791 1809
f 1538 1537 1795
f 1796 1810 1795
f 1807 1779 1809
f 1810 1538 1795
f 1789 1802 1811
f 1803 1805 1812
f 1813 1811 1814
f 1811 1802 1814
f 32 1807 1815
f 34 32 1815
f 1814 1816 1813
f 1803 1812 1817
f 1818 1819 1820
f 1821 1822 1823
f 1824 1821 1823
f 1807 1809 1825
f 1826 1813 1827
f 1813 1816 1827
f 1816 1828 1827
f 1823 1822 1829
f 34 1815 35
f 35 1815 1830
f 1822 1831 1829
f 1832 1833 1666
f 1666 1833 1667
f 1826 1827 1662
f 1662 1827 1663
f 1834 202 204
f 1834 204 1835
f 1836 1834 1837
f 1834 1835 1837
f 1836 1837 1838
f 1839 1836 1838
f 1839 1838 1840
f 1841 1839 1840
f 1842 1841 1843
f 1841 1840 1843
f 190 1842 1844
f 1842 1843 1844
f 190 1844 191
f 1845 1846 1847
f 1848 1845 1849
f 1845 1847 1849
f 1850 1851 1852
f 1853 1854 1855
f 1854 1856 1857
f 1855 1854 1857
f 1852 1851 1858
f 1857 1856 1859
f 1860 1861 1862
f 1861 1863 1862
f 1863 1864 1862
f 1856 1865 1866
f 1859 1856 1866
f 1858 1851 1867
f 1866 1865 1868
f 1868 1865 1869
f 1869 1865 1870
f 1851 1871 1845
f 1871 1872 1845
f 1872 1873 1845
f 1873 1874 1845
f 1874 1875 1845
f 1875 1876 1845
f 1865 1851 1877
f 1876 1878 1845
f 1878 1879 1845
f 1879 1880 1845
f 1880 1881 1845
f 1881 1882 1845
f 1870 1865 1877
f 1882 1860 1845
f 1862 1883 1845
f 1883 1884 1845
f 1860 1862 1845
f 1867 1851 1845
f 1867 1845 1885
f 1886 1887 1888
f 1889 1886 1888
f 1885 1845 1890
f 1877 1851 1891
f 1888 1887 1892
f 1845 1893 1894
f 1890 1845 1895
f 1845 1894 1896
f 1897 1898 1892
f 1899 1897 1892
f 1887 1899 1892
f 1891 1851 1900
f 1895 1845 1901
f 1902 1903 1851
f 1904 1902 1851
f 1905 1904 1851
f 1906 1905 1851
f 1898 1906 1851
f 1901 1845 1907
f 1892 1898 1851
f 1896 1908 1909
f 1910 1871 1851
f 1907 1845 1911
f 1912 1910 1851
f 1903 1912 1851
f 1900 1851 1913
f 1896 1909 1914
f 1911 1845 1915
f 1896 1914 1916
f 1915 1845 1848
f 1845 1896 1846
f 1896 1916 1846
f 1913 1851 1850
f 1917 1918 1919
f 54 57 1920
f 57 1921 1920
f 1922 1923 1924
f 1920 1921 1923
f 1921 1924 1923
f 1924 1925 1922
f 1922 1925 1926
f 1925 1927 1926
f 1928 1926 1927
f 1927 1929 1928
f 1930 1928 1929
f 1929 1931 1930
f 1932 1930 1931
f 1931 1933 1932
f 1934 1932 1933
f 1933 1935 1934
f 1936 1934 1935
f 1935 1937 1936
f 1936 1937 1938
f 1937 1939 1938
f 1938 1939 1940
f 1939 1941 1940
f 1942 1940 1941
f 1941 1943 1942
f 1944 1942 1943
f 1944 1943 1945
f 1946 1944 1945
f 1945 1647 1946
f 1947 1946 1647
f 1647 1646 1947
f 1947 1646 1948
f 1949 1947 1948
f 1948 1950 1949
f 1951 1949 1950
f 1950 1952 1951
f 1953 1951 1952
f 1952 1954 1953
f 1955 1953 1954
f 1954 1956 1955
f 1957 1955 1956
f 1956 1958 1957
f 1959 1957 1958
f 1958 1960 1959
f 1961 1959 1960
f 1960 1962 1961
f 1963 1961 1962
f 1962 1964 1963
f 1965 1963 1964
f 1966 1965 1695
f 1965 1964 1695
f 1967 1966 1695
f 1695 1694 1967
f 2 1 1694
f 1694 1 1967
f 1968 1969 1970
f 1971 1972 1973
f 1974 1975 1976
f 1977 1978 1979
f 1980 1981 1982
f 1983 1984 1985
f 1986 1987 1988
f 1989 1990 1991
f 1992 1993 1994
f 1995 1996 1997
f 1995 1997 1998
f 1999 2000 2001
f 288 291 2002
f 288 2003 2004
f 286 295 2005
f 284 288 2004
f 67 250 2006
f 284 2004 2007
f 280 2005 2008
f 280 286 2005
f 281 2006 2009
f 281 67 2006
f 282 2007 2010
f 282 284 2007
f 267 280 2008
f 2011 2008 2012
f 276 282 2010
f 2011 267 2008
f 278 2009 2013
f 278 281 2009
f 276 2010 2014
f 2011 2012 2015
f 275 2013 2016
f 275 278 2013
f 273 2014 2017
f 273 276 2014
f 268 2011 2015
f 270 273 2017
f 263 275 2016
f 309 268 2015
f 185 2017 242
f 185 270 2017
f 309 2015 2018
f 263 2016 2019
f 264 2019 2020
f 264 263 2019
f 308 309 2018
f 308 2018 2021
f 313 264 2020
f 313 2020 2022
f 304 308 2021
f 311 2022 2023
f 304 2021 2024
f 311 313 2022
f 300 304 2024
f 306 2023 2025
f 306 311 2023
f 300 2024 2026
f 298 300 2026
f 301 306 2025
f 298 2026 2027
f 296 2025 2028
f 293 298 2027
f 296 301 2025
f 293 2027 2002
f 296 2028 2029
f 291 293 2002
f 295 2029 2005
f 288 2002 2003
f 295 296 2029
f 2030 12 13
f 2031 2032 44
f 2033 2032 2031
f 2034 29 31
f 2035 2036 29
f 2037 2036 2035
f 2038 2039 2040
f 2033 2031 2041
f 2042 2034 31
f 2043 31 33
f 2043 2042 31
f 2044 2033 2041
f 2045 2033 2044
f 2046 16 17
f 2046 2047 16
f 2048 33 36
f 2049 2043 33
f 2050 17 19
f 2051 2052 2053
f 2051 2045 2044
f 2050 2046 17
f 2045 2051 2053
f 2054 2048 36
f 2055 2048 2054
f 2056 19 20
f 2056 2050 19
f 2057 2058 2059
f 2060 1 3
f 2061 3 6
f 2062 2056 20
f 2063 2056 2062
f 2064 2055 2054
f 2064 2054 40
f 2065 2066 2067
f 2068 6 7
f 2069 2070 2071
f 2069 2071 2072
f 2073 2069 2072
f 2074 2074 2075
f 2076 2069 2073
f 2077 23 25
f 2078 2063 2062
f 2079 40 42
f 2079 2064 40
f 2080 2080 2081
f 2082 2083 2084
f 2080 2085 2080
f 2086 2074 2074
f 2087 2076 2073
f 2088 2077 25
f 2089 2077 2088
f 44 2079 42
f 2039 2090 2091
f 2092 10 12
f 2032 2079 44
f 2093 2094 2095
f 2093 2096 2094
f 2036 27 29
f 2097 2089 2088
f 2098 2099 2100
f 2101 2102 2103
f 2104 2101 2103
f 2105 1928 1930
f 2106 2107 2108
f 2109 2110 2111
f 2112 2113 2114
f 2115 2116 2115
f 2115 2115 2117
f 2109 2118 2110
f 2119 2105 1930
f 2120 2121 2122
f 2107 2123 2124
f 2107 2106 2123
f 2125 2126 2127
f 2128 2126 2125
f 2129 2130 2131
f 2119 1930 1932
f 2121 2120 2132
f 2133 2125 1932
f 2133 2128 2125
f 2133 1932 1934
f 2134 2124 2135
f 2134 2107 2124
f 2136 2052 55
f 2136 2053 2052
f 2137 2138 2139
f 2140 2133 1934
f 2136 55 54
f 2141 2134 2135
f 2140 1934 1936
f 2142 2136 54
f 2143 54 1920
f 2144 2140 1936
f 2145 2142 54
f 2144 1936 1938
f 2146 2143 1920
f 2147 2138 2148
f 2147 2148 2149
f 2150 2146 1920
f 2150 1920 1923
f 2151 2144 1938
f 2147 2149 2152
f 2151 1938 1940
f 2153 1923 1922
f 2153 2150 1923
f 2154 2147 2152
f 2155 2151 1940
f 2156 2153 1922
f 2157 2158 2159
f 2155 1940 1942
f 2160 2130 2154
f 1926 2156 1922
f 2161 2162 1957
f 2102 2156 1926
f 2161 1957 1959
f 2163 2164 2165
f 2163 2165 2110
f 2166 2167 2166
f 2166 2166 2168
f 2118 2163 2110
f 2103 2102 1926
f 2169 2170 2171
f 2172 2170 2169
f 2173 2169 2174
f 2173 2172 2169
f 2173 2175 2172
f 2176 2175 2173
f 2176 2177 2175
f 2178 2176 2173
f 2179 2176 2178
f 2180 2181 2182
f 2183 2184 2185
f 2186 2187 2188
f 2189 2190 2188
f 2190 2191 2188
f 2192 2189 2188
f 2193 2194 2195
f 2191 2186 2188
f 2184 2180 2196
f 2180 2182 2196
f 2182 2197 2196
f 2198 2185 2199
f 2200 2193 2201
f 2193 2195 2202
f 2195 2203 2202
f 2201 2193 2204
f 2193 2202 2204
f 2202 2205 2204
f 2206 2201 2204
f 2207 2206 2204
f 2205 2192 2204
f 2208 2207 2204
f 2209 2208 2204
f 2192 2188 2204
f 2210 2209 2204
f 2211 2210 2204
f 2212 2211 2204
f 2213 2199 2214
f 2215 2216 2214
f 2217 2201 2206
f 2204 2188 2218
f 2185 2184 2214
f 2184 2196 2214
f 2199 2185 2214
f 2216 2213 2214
f 2202 2219 2205
f 2220 2221 2222
f 2196 2223 2222
f 2223 2220 2222
f 2214 2196 2224
f 2196 2222 2224
f 2184 2225 2180
f 2224 2222 2226
f 2227 2218 2228
f 2229 2228 2230
f 2231 2207 2208
f 2180 2232 2181
f 2230 2228 2183
f 2218 2188 2183
f 2188 2233 2183
f 2233 2184 2183
f 2228 2218 2183
f 2234 2235 2071
f 2234 2236 2235
f 2130 2093 2237
f 2157 2038 2238
f 2157 2122 2038
f 2239 2071 2070
f 2239 2234 2071
f 2158 2157 2238
f 2129 2096 2093
f 2129 2093 2130
f 2240 2239 2070
f 2240 2070 2096
f 2240 2096 2129
f 2158 2238 2241
f 2242 2158 2241
f 2242 2241 2243
f 2244 2242 2243
f 2244 2243 2245
f 2246 2244 2245
f 2246 2245 2247
f 2058 2057 2248
f 2107 2246 2247
f 2107 2247 2249
f 2250 2058 2248
f 2108 2107 2249
f 2108 2249 2036
f 2121 2248 2090
f 2121 2250 2248
f 2164 2108 2036
f 2164 2036 2037
f 2121 2090 2039
f 2147 2139 2138
f 2165 2164 2037
f 2165 2037 2251
f 2122 2121 2039
f 2154 2252 2139
f 2154 2139 2147
f 2236 2251 2235
f 2236 2165 2251
f 2122 2039 2038
f 2130 2237 2252
f 2130 2252 2154
f 2253 2254 2255
f 2256 2257 2258
f 2259 2260 2261
f 2262 2263 2264
f 2265 2266 2267
f 2268 2269 2270
f 2271 2272 2273
f 2274 2275 2276
f 2277 2278 2279
f 2280 2281 2282
f 2283 2284 2285
f 2286 2287 2288
f 2289 2290 2291
f 2292 2293 2294
f 2295 2296 2297
f 2298 2299 2300
f 2301 2302 2303
f 2304 2305 2306
f 2307 2308 2309
f 2310 2311 2312
f 2313 2314 2315
f 2316 2317 2318
f 2319 2320 2321
f 2322 2323 2324
f 2325 2326 2327
f 2328 2329 2330
f 2331 2332 2333
f 2334 2335 2336
f 2337 2338 2339
f 2340 2341 2342
f 2343 2344 2345
f 2346 2347 2348
f 2349 2350 2351
f 2352 2353 2354
f 2355 2356 2357
f 2358 2359 2360
f 2361 2362 2363
f 2364 2365 2366
f 2367 2368 2369
f 2370 2371 2372
f 2373 2374 2375
f 2376 2377 2378
f 2377 2379 2378
f 2379 2380 2381
f 2378 2379 2381
f 2380 2382 2381
f 2379 2383 2380
f 2384 2385 2386
f 2387 2388 2389
f 2390 2391 2392
f 2393 2394 2395
f 2396 2397 2398
f 2399 2400 2401
f 2402 2403 2404
f 2405 2406 2407
f 2408 2409 2410
f 2411 2412 2413
f 2414 2415 2416
f 2417 2418 2419
f 2420 2421 2422
f 2423 2424 2425
f 2426 2427 2428
f 2429 2430 2431
f 2432 2433 2434
f 2435 2436 2437
f 2438 2439 2440
f 2441 2442 2443
f 2444 2445 2446
f 2447 2448 2449
f 2450 2451 2452
f 2453 2454 2455
f 2456 2457 2455
f 2458 2459 2460
f 2454 2456 2455
f 2461 2462 2463
f 2457 2464 2465
f 2464 2466 2467
f 2465 2464 2467
f 2453 2455 2468
f 2469 2453 2468
f 2460 2459 2470
f 2459 2461 2463
f 2467 2466 2462
f 2459 2463 2470
f 2469 2468 2458
f 2471 2467 2462
f 2456 2464 2457
f 2471 2462 2461
f 2469 2458 2460
f 2472 2473 2474
f 2475 2476 2477
f 2478 2479 2480
f 2481 2482 2483
f 2484 2485 2486
f 2487 2488 2489
f 2490 2491 2492
f 2493 2494 2495
f 2496 2497 2498
f 2499 2500 2501
f 2502 2503 2504
f 2505 2506 2507
f 2508 2509 2510
f 2511 2512 2513
f 2514 2515 2516
f 2517 2518 2519
f 2520 2521 2522
f 2523 2524 2525
f 2526 2527 2528
f 2529 2530 2531
f 2529 2532 2530
f 2533 2534 2532
f 2533 2532 2529
f 2535 2529 2536
f 2537 2533 2529
f 2537 2529 2535
f 2538 2533 2537
f 2539 2540 2541
f 2542 2543 2544
f 2545 2546 2547
f 2548 2549 2550
f 2551 2552 2553
f 2554 2555 2556
f 2557 2558 2559
f 2560 2561 2562
f 2563 2564 2565
f 2566 2567 2568
f 2569 2570 2571
f 2572 2573 2574
f 2575 2576 2577
f 2578 2579 2580
f 2581 2582 2583
f 2584 2585 2586
f 2587 2588 2589
f 2590 2591 2592
f 2593 2594 2595
f 2596 2597 2598
f 2599 2600 2601
f 2602 2603 2604
f 2605 2606 2607
f 2608 2609 2610
f 2611 2612 2613
f 2614 2615 2616
f 2617 2618 2619
f 2620 2621 2622
f 2623 2624 2625
f 2626 2627 2628
f 2629 2630 2631
f 2632 2633 2634
f 2635 2636 2637
f 2638 2639 2640
f 2641 2642 2643
f 2644 2645 2646
f 2647 2648 2649
f 2650 2651 2652
f 2653 2654 2655
f 2656 2657 2658
f 2659 2660 2661
f 2662 2663 2664
f 2665 2666 2667
f 2668 2669 2670
f 2671 2672 2673
f 2674 2671 2673
f 2675 2674 2676
f 2674 2673 2676
f 2673 2677 2676
f 2676 2677 2678
f 2679 2680 2681
f 2682 2683 2684
f 2685 2686 2687
f 2688 2689 2690
f 2691 2692 2693
f 2694 2695 2696
f 2697 2698 2699
f 2700 2701 2702
f 2703 2704 2705
f 2706 2707 2708
f 2709 2710 2711
f 2712 2713 2714
f 2715 2716 2717
f 2718 2719 2720
f 2721 2722 2723
f 2724 2725 2726
f 2727 2728 2729
f 2730 2731 2732
f 2733 2734 2735
f 2736 2737 2738
f 2739 2740 2741
f 2742 2743 2744
f 2745 2746 2747
f 2748 2749 2750
f 2751 2752 2753
f 2749 2754 2750
f 2754 2755 2756
f 2756 2755 2757
f 2755 2758 2757
f 2759 2760 2761
f 2753 2752 2762
f 2748 2750 2763
f 2764 2748 2763
f 2765 2759 2761
f 2752 2765 2761
f 2764 2763 2751
f 2762 2752 2761
f 2759 2757 2758
f 2759 2758 2760
f 2764 2751 2753
f 2749 2755 2754
f 2766 2767 2768
f 2769 2770 2771
f 2772 2773 2774
f 2775 2776 2777
f 2778 2779 2780
f 2781 2782 2783
f 2784 2785 2786
f 2784 2787 2785
f 2788 2789 2790
f 2791 2792 2793
f 2794 2795 2796
f 2794 2797 2795
f 2798 2799 2800
f 2801 2802 2803
f 2804 2805 2806
f 2807 2808 2809
f 2810 2811 2812
f 2813 2814 2815
f 2816 2817 2818
f 2816 2819 2817
f 2820 2821 2819
f 2822 2816 2823
f 2824 2820 2819
f 2824 2819 2816
f 2824 2816 2822

