mtllib material.mtl
usemtl material_base_0
v 0.01681828 -0.09224557 -0.00014448
v 0.01478046 -0.09161126 -0.00019656
v 0.01500821 -0.09139442 -0.00006799
v 0.00891614 -0.09439909 0.00029111
v 0.00685906 -0.09227108 0.00018322
v 0.00913680 -0.09368932 -0.00004176
v 0.01405745 -0.09091413 -0.00005007
v 0.01448166 -0.09119188 -0.00009710
v 0.01370984 -0.09178113 -0.00040968
v -0.00138897 -0.08346968 0.00203931
v 0.00030470 -0.08592587 0.00145620
v -0.00032842 -0.08614981 0.00220406
v 0.01575934 -0.09352678 -0.00065771
v -0.00173855 -0.08365797 0.00258404
v 0.01720023 -0.08982920 0.00199181
v 0.01733368 -0.08988696 0.00198746
v 0.01711457 -0.09042978 0.00123066
v 0.01659494 -0.08992862 0.00154090
v 0.00701553 -0.07651513 0.00399619
v 0.00719947 -0.07647806 0.00470328
v 0.00797141 -0.07858532 0.00481802
v 0.00217682 -0.08470702 0.00008923
v 0.00319374 -0.08652937 0.00003948
v 0.00153321 -0.08514535 0.00040484
v -0.00639254 -0.06199979 0.00136661
v -0.00631750 -0.06199979 0.00112963
v -0.00630569 -0.05399996 0.00114995
v 0.00837397 -0.08081215 0.00842637
v 0.00762832 -0.07876604 0.00820267
v 0.00704974 -0.07909971 0.00936478
v 0.00795925 -0.08363658 0.01047623
v 0.00691229 -0.08189922 0.01058155
v 0.00640684 -0.08210390 0.01094508
v 0.01552087 -0.09069591 0.00044939
v 0.00723130 -0.08464688 0.00021068
v 0.00942898 -0.08610165 0.00061018
v 0.00882852 -0.08683347 0.00008219
v -0.00605595 -0.06413525 0.00439286
v -0.00553846 -0.06834560 0.00350791
v -0.00585681 -0.06839281 0.00427812
v 0.01359957 -0.08655977 0.00494224
v 0.01369059 -0.08663558 0.00590730
v 0.01369851 -0.08670526 0.00453168
v 0.01171350 -0.08614134 0.00223941
v 0.01039958 -0.08456873 0.00245756
v 0.01214855 -0.08587098 0.00316823
v 0.01263350 -0.08820331 0.00104833
v 0.01240509 -0.08892130 0.00046632
v 0.01099598 -0.08751392 0.00064206
v 0.01517999 -0.09033393 0.00058198
v 0.00222689 -0.06712359 0.00075602
v 0.00297374 -0.06700503 0.00116849
v 0.00330663 -0.07042229 0.00108635
v 0.01711457 -0.09042978 0.00123066
v 0.01733368 -0.08988696 0.00198746
v 0.01726979 -0.09008824 0.00168198
v 0.01741087 -0.08991616 0.00198913
v 0.01726979 -0.09008824 0.00168198
v 0.00494510 -0.08419805 -0.00022629
v 0.00718772 -0.08745366 -0.00034978
v 0.00484097 -0.08504158 -0.00028586
v -0.00630766 -0.06434571 0.00538278
v 0.00500297 -0.07450407 0.00175291
v 0.00618225 -0.07685345 0.00230193
v 0.00571668 -0.07712489 0.00168926
v -0.00359243 -0.08100318 0.00452387
v -0.00229037 -0.08395910 0.00387365
v -0.00251436 -0.08409571 0.00487244
v 0.01350110 -0.08709478 0.00298595
v 0.00361490 -0.09247851 0.00266427
v 0.00570404 -0.09418171 0.00218284
v 0.00550401 -0.09438908 0.00266767
v -0.00401771 -0.06812912 0.00159258
v -0.00360060 -0.07198208 0.00149888
v -0.00441050 -0.06819343 0.00195169
v -0.00599879 -0.05399990 0.00684911
v -0.00592840 -0.05399996 0.00550729
v -0.00631285 -0.05906230 0.00639677
v 0.01369851 -0.08670526 0.00453168
v 0.01235830 -0.08556580 0.00435942
v 0.01359957 -0.08655977 0.00494224
v 0.01500821 -0.09139442 -0.00006799
v 0.01552087 -0.09069591 0.00044939
v 0.01537466 -0.09092617 0.00026536
v 0.00095732 -0.07221710 0.00012770
v 0.00193089 -0.07436794 0.00016092
v 0.00202709 -0.07706701 -0.00000194
v 0.00456709 -0.07464748 0.00133961
v 0.00555855 -0.09443747 0.00266528
v -0.00058337 -0.07513952 0.00019456
v -0.00143897 -0.06959360 0.00033521
v -0.00017224 -0.07309448 0.00010952
v 0.00893629 -0.08381837 0.00979262
v 0.00816798 -0.08290946 0.01000708
v 0.01029801 -0.09214919 -0.00054745
v 0.00903469 -0.09001481 -0.00049103
v 0.01370412 -0.09424453 -0.00067186
v 0.00062258 -0.07325661 0.00006839
v 0.00711185 -0.08570146 -0.00008199
v 0.00584185 -0.06982612 0.00487345
v 0.00566363 -0.06990504 0.00417149
v 0.00536305 -0.06663197 0.00424975
v 0.01458925 -0.09250164 -0.00051594
v 0.00685751 -0.07670193 0.00346279
v 0.00776756 -0.07868784 0.00393140
v -0.00194991 -0.08390116 0.00309134
v 0.00221914 -0.08726871 0.00062624
v 0.00302172 -0.08738684 0.00027735
v 0.00624317 -0.09322071 0.00096059
v 0.00080375 -0.06342017 0.00042561
v 0.00086704 -0.05899065 0.00052072
v 0.00141305 -0.06335783 0.00058692
v 0.00105679 -0.09044933 0.00651050
v 0.00009677 -0.08893740 0.00683320
v 0.00002861 -0.08898198 0.00627071
v -0.00186354 -0.07158559 0.00048196
v 0.00416809 -0.08682692 -0.00016987
v 0.00421077 -0.08787286 -0.00004016
v -0.00398916 -0.07207137 0.00185734
v 0.00608528 -0.07954424 0.00119781
v 0.00649160 -0.07933515 0.00161326
v 0.00726771 -0.08136427 0.00140357
v -0.00610083 -0.06859731 0.00531220
v 0.00408816 -0.07480555 0.00097280
v 0.00526303 -0.07723438 0.00126714
v 0.00078607 -0.08561378 0.00095355
v 0.00298321 -0.09279513 0.00471443
v 0.00115061 -0.09055417 0.00486720
v 0.00139886 -0.09075301 0.00440329
v 0.01007294 -0.08538275 0.00141865
v 0.01137876 -0.08674359 0.00137329
v 0.00505787 -0.07236582 0.00235003
v 0.00459069 -0.07249301 0.00180638
v 0.00424904 -0.07021337 0.00186396
v -0.00485408 -0.06826639 0.00245070
v -0.00228625 -0.08395195 0.00784636
v -0.00335514 -0.08095979 0.00809884
v -0.00361496 -0.08109831 0.00708914
v 0.01707547 -0.09100306 0.00068831
v 0.01224476 -0.09134387 -0.00046003
v 0.00677293 -0.07673633 0.00855398
v 0.00631541 -0.07692682 0.00942224
v 0.00803316 -0.08752006 -0.00025616
v 0.00759673 -0.07887130 0.00334263
v -0.00062102 -0.08663916 0.00301999
v 0.01221662 -0.08576971 0.00348270
v 0.01358264 -0.08687812 0.00361872
v 0.00600332 -0.05399990 0.00617957
v 0.00563723 -0.05872863 0.00695843
v 0.00562113 -0.05875694 0.00573242
v -0.00255495 -0.08418101 0.00612360
v -0.00362039 -0.08144092 0.00612688
v -0.00371081 -0.08104652 0.00514549
v 0.00479811 -0.07742798 0.00089925
v 0.00989520 -0.09280669 -0.00043236
v 0.00170612 -0.08765989 0.00110114
v 0.00579375 -0.05399996 0.00490707
v 0.00623399 -0.08533096 -0.00019320
v 0.00964105 -0.09334075 -0.00027719
v 0.00765449 -0.09163087 -0.00021849
v 0.01726979 -0.09008824 0.00168198
v 0.01731413 -0.09067445 0.00105745
v -0.00144458 -0.07416826 0.00041599
v -0.00254893 -0.07174158 0.00078972
v -0.00442785 -0.07217264 0.00235563
v 0.00337970 -0.07535147 0.00051969
v 0.01207220 -0.09173667 -0.00054946
v 0.01347160 -0.09331464 -0.00066814
v 0.01274168 -0.09449738 -0.00054919
v 0.01367527 -0.08673894 0.00427032
v 0.00808632 -0.09197318 0.01123875
v 0.00603664 -0.08868539 0.01152861
v 0.00578201 -0.08907586 0.01143664
v 0.00379992 -0.07031273 0.00145179
v 0.00347364 -0.06692606 0.00153321
v 0.00640672 -0.07660800 0.00272030
v 0.00872165 -0.08368527 0.00142831
v 0.00807035 -0.08343559 0.00106722
v 0.01315236 -0.08738529 0.00214833
v -0.00524104 -0.06833040 0.00299895
v 0.00532401 -0.05877053 0.00442207
v 0.00529814 -0.05399978 0.00366151
v 0.00988054 -0.08894139 0.01125735
v 0.00844193 -0.08735334 0.01130986
v 0.00872082 -0.08858263 0.01143932
v 0.00803804 -0.07852458 0.00591815
v 0.00882196 -0.08040475 0.00642949
v 0.00879824 -0.08034551 0.00520414
v 0.01552087 -0.09069591 0.00044939
v 0.01707547 -0.09100306 0.00068831
v 0.01537466 -0.09092617 0.00026536
v 0.00333404 -0.08655875 0.01140081
v 0.00224423 -0.08478599 0.01144099
v 0.00164747 -0.08532220 0.01111090
v -0.00619912 -0.06797587 0.00619978
v -0.00257969 -0.07454478 0.01111823
v -0.00300390 -0.07189261 0.01118570
v -0.00343370 -0.07198810 0.01087540
v 0.00553459 -0.06294500 0.00564313
v 0.00554544 -0.06288355 0.00688213
v 0.00500554 -0.07004505 0.00943643
v 0.00467884 -0.06686985 0.00956905
v 0.00438499 -0.06680864 0.00996864
v 0.00466001 -0.05880236 0.00308502
v 0.00454736 -0.05399990 0.00257045
v 0.00533783 -0.09467518 0.00337762
v 0.00410294 -0.07771849 0.00048174
v -0.00212175 -0.07435882 0.00072280
v -0.00304896 -0.07185578 0.00108367
v -0.00508213 -0.07232505 0.00339287
v -0.00481063 -0.07226157 0.00290334
v 0.00435501 -0.05881726 0.00266164
v -0.00653821 -0.06366515 0.00083648
v -0.00669634 -0.06199979 0.00064886
v -0.00667119 -0.05399996 0.00067362
v 0.00552267 -0.05876129 0.00513148
v -0.02220875 -0.05855983 0.02396643
v -0.02247744 -0.05926865 0.02130174
v -0.02007269 -0.06012552 0.02130174
v 0.00338835 -0.08858275 0.00044246
v -0.00129485 -0.08676797 0.00533515
v -0.00113565 -0.08702892 0.00640768
v 0.00703967 -0.07898074 0.00236380
v 0.00386840 -0.05884122 0.00212061
v -0.00463605 -0.06821680 0.01024812
v -0.00507176 -0.06404668 0.01003050
v -0.00545227 -0.06408464 0.00949007
v 0.00656831 -0.06366211 0.00079237
v 0.00633812 -0.05399996 0.00109553
v 0.00670510 -0.05399996 0.00064041
v 0.00318348 -0.09260582 0.00360215
v -0.02620941 -0.03680580 0.07671636
v -0.02793097 -0.03551703 0.07671636
v -0.02827101 -0.03594964 0.07343775
v 0.00315499 -0.08878475 0.00062840
v 0.00251585 -0.07418948 0.00032532
v -0.00093351 -0.08674728 0.00378168
v 0.00699997 -0.05399996 0.00649995
v 0.00694889 -0.05399996 0.00734371
v 0.01368355 -0.05600631 0.00000000
v 0.00993794 -0.08563143 0.00116658
v 0.00357348 -0.05399996 0.00166756
v 0.01078230 0.04444509 0.07343780
v 0.01288491 0.04388189 0.07343780
v 0.01314121 0.04475480 0.07024019
v 0.00879586 -0.08055537 0.00454920
v 0.00679648 -0.05399996 0.00817513
v 0.00654501 -0.05399996 0.00898218
v 0.01749014 -0.05635982 0.02199888
v 0.00453174 -0.06697857 0.00263095
v 0.00473660 -0.06650984 0.00297904
v 0.00503617 -0.07002067 0.00286293
v -0.00093620 -0.07648551 0.00035374
v 0.00340748 -0.05886393 0.00171047
v 0.00523996 -0.06297236 0.00433242
v 0.00543731 -0.06295365 0.00504202
v 0.01217329 -0.09480398 -0.00040864
v 0.01121443 -0.09490478 -0.00017892
v 0.01369059 -0.08663558 0.00590730
v 0.01501762 -0.08760154 0.00476265
v 0.01541358 -0.08791881 0.00640148
v 0.00290126 -0.05888909 0.00134706
v 0.00364912 -0.07790869 0.00027692
v -0.00582343 -0.07176381 0.00610858
v -0.00612408 -0.06848537 0.00685948
v 0.00417650 -0.08556020 -0.00026292
v 0.00552392 -0.08363097 -0.00006634
v -0.00113368 -0.08679234 0.00443947
v -0.00261569 -0.07449823 0.00101608
v 0.00503951 -0.06299185 0.00383109
v 0.00512224 -0.05878013 0.00392097
v 0.00855631 -0.09500521 0.00082575
v 0.00851422 -0.09559965 0.00130063
v 0.00795489 -0.09553384 0.00158781
v 0.00279212 -0.08909970 0.00097828
v 0.00594693 -0.09385877 0.00164401
v 0.00140023 -0.08861857 0.00186247
v 0.00407928 -0.08872938 0.00018092
v 0.00142467 -0.08955436 0.00877613
v 0.00071681 -0.08849495 0.00881559
v 0.00038849 -0.08873212 0.00800908
v 0.00237101 -0.07993811 -0.00011762
v 0.00332653 -0.08099007 -0.00011979
v 0.00299519 -0.07818353 0.00007405
v 0.00242364 -0.05399984 0.00100237
v 0.00214517 -0.05892682 0.00093660
v 0.01515311 -0.09384995 -0.00071283
v 0.00384664 -0.08082705 0.01171374
v 0.00253201 -0.07691866 0.01183629
v 0.00190937 -0.07691597 0.01193565
v -0.00541312 -0.07240343 0.00419766
v -0.00462544 -0.07507157 0.00332248
v 0.00565416 -0.06658971 0.00556081
v 0.00565565 -0.06650829 0.00680101
v -0.00160289 -0.07671099 0.00065955
v 0.00652587 -0.08588159 0.01154524
v 0.00522006 -0.08373671 0.01162219
v 0.00648737 -0.08701944 0.01161128
v -0.00298882 -0.05919790 0.01177459
v -0.00220078 -0.05399984 0.01209205
v -0.00338578 -0.05400002 0.01146435
v 0.00147879 -0.05896008 0.00068128
v 0.01710826 -0.09150242 0.00032699
v 0.00756657 -0.08974832 -0.00043205
v 0.00108647 -0.05399996 0.00058936
v -0.00354481 -0.07476162 0.00178844
v -0.00316083 -0.07465255 0.00143051
v -0.00244439 -0.06375509 0.00066609
v -0.00297165 -0.06380987 0.00088689
v -0.00309348 -0.05919086 0.00107580
v 0.01746964 -0.08921462 0.00627333
v 0.01747751 -0.08899897 0.00627780
v 0.01718813 -0.08897125 0.00675440
v 0.00920439 -0.08191400 0.00356144
v 0.00949812 -0.08184498 0.00453651
v 0.01012885 -0.08286678 0.00443655
v 0.01578783 -0.09141767 0.01048815
v 0.01477861 -0.09166085 0.01084452
v 0.01660531 -0.09262478 0.01082015
v 0.00555825 -0.06660306 0.00495970
v 0.00427651 -0.06306755 0.00257075
v 0.00457990 -0.06303727 0.00299454
v 0.00248772 -0.08936470 0.00133091
v 0.00260138 -0.07464325 0.01172930
v 0.00146520 -0.06915158 0.01195657
v 0.00146490 -0.07175260 0.01197355
v 0.01184713 -0.09515875 -0.00027060
v 0.00058760 -0.08852082 0.00281197
v 0.01514142 -0.08787655 0.00385523
v -0.00208938 -0.07687598 0.00095221
v 0.00861800 -0.08060646 0.00387001
v 0.00806093 -0.08110380 0.00238442
v 0.00913095 -0.08280694 0.00245076
v 0.00026515 -0.06124895 0.00038280
v 0.01543956 -0.08783543 0.00554448
v 0.01538407 -0.08785963 0.00460267
v 0.00348395 -0.07285434 0.01121407
v 0.00313628 -0.07050818 0.01127332
v 0.00254995 -0.07064181 0.01158761
v 0.00379223 -0.06311613 0.00202918
v 0.00617248 -0.08943009 -0.00027286
v 0.00550288 -0.06662136 0.00770044
v 0.00538445 -0.06296527 0.00778294
v 0.00523156 -0.06298220 0.00829571
v 0.06255620 -0.01277095 0.01856940
v 0.06199121 -0.01527947 0.01856940
v 0.06214010 -0.01531600 0.01580345
v 0.00286520 -0.08709079 0.01112216
v 0.00086951 -0.08563721 0.01060593
v 0.01571053 -0.08807015 0.00447416
v 0.00313085 -0.09284263 0.00431776
v 0.00529474 -0.09481227 0.00371116
v 0.00518948 -0.09499728 0.00467557
v 0.00048563 -0.08249861 0.00039920
v -0.00126755 -0.08341956 0.00981593
v -0.00220263 -0.08045935 0.01005744
v -0.00255919 -0.08060652 0.00961161
v 0.00568569 -0.08999085 0.01121670
v 0.00446427 -0.08780515 0.01142573
v 0.00390321 -0.08791434 0.01125872
v 0.00349766 -0.09218317 0.00866640
v 0.00215423 -0.09056091 0.00872815
v 0.00185269 -0.09081965 0.00792986
v 0.00472271 -0.07010906 0.00240701
v 0.00392866 -0.06685441 0.00194448
v 0.00333345 -0.06316250 0.00161844
v 0.00800145 -0.09617114 0.00229686
v 0.00861180 -0.08256846 0.00937629
v 0.00514758 -0.06663697 0.00371772
v 0.00965917 -0.08194893 0.00515717
v 0.00965774 -0.08200806 0.00651193
v 0.01475876 -0.08884984 0.00902557
v 0.01316905 -0.08768695 0.00899506
v 0.01273095 -0.08819812 0.00977921
v -0.00175953 -0.05912309 0.00057089
v -0.00086115 -0.05400002 0.00054665
v -0.00096262 -0.06561541 0.00029082
v -0.00274819 -0.07715344 0.00146568
v 0.01154047 -0.09609067 0.00022537
v 0.01164466 -0.09560739 -0.00002953
v 0.00282961 -0.06321352 0.00125444
v 0.00560856 -0.09005594 -0.00003439
v 0.01575934 -0.09352678 -0.00065771
v 0.01681828 -0.09224557 -0.00014448
v 0.01632004 -0.09304165 -0.00050398
v -0.00556880 -0.07244116 0.00475615
v -0.00566494 -0.07246536 0.00529545
v -0.00694889 -0.05399996 0.00734371
v -0.01368355 -0.05600631 0.00000000
v -0.01442188 -0.05631959 0.00000000
v -0.00098888 -0.08325535 0.00154436
v -0.00063484 -0.08306646 0.00118876
v -0.00397843 -0.07488536 0.00228614
v 0.01103681 -0.08446532 0.00759911
v 0.00998181 -0.08303308 0.00765461
v 0.00975025 -0.08324664 0.00841594
v -0.00558072 -0.06840479 0.00879323
v -0.00578052 -0.06411707 0.00889128
v -0.00599498 -0.06413799 0.00837880
v 0.00166208 -0.06736761 0.01189428
v 0.00143659 -0.06324303 0.01201242
v 0.00086139 -0.06330162 0.01216810
v 0.01151889 -0.09692764 0.00076008
v 0.01055419 -0.09636461 0.00079526
v 0.00563866 -0.07977491 0.00082869
v 0.00772226 -0.09640288 0.00297707
v 0.01315236 -0.08738529 0.00214833
v 0.01388239 -0.08796203 0.00210899
v 0.01435852 -0.08840793 0.00197315
v -0.00221211 -0.05400007 0.00091390
v -0.00038314 -0.07973539 0.00039881
v 0.00027257 -0.07933497 0.00015037
v 0.00094611 -0.08222854 0.00018510
v 0.00967294 -0.08900314 -0.00028961
v 0.01017880 -0.08834743 -0.00000331
v 0.00170284 -0.08026021 -0.00009000
v 0.01047992 -0.09712123 0.00146782
v 0.00593561 -0.06985640 0.00689387
v 0.00594974 -0.06984668 0.00548303
v 0.01035690 -0.09715682 0.00157708
v 0.01283597 -0.08805245 0.00127691
v 0.00207657 -0.06329011 0.00084306
v 0.00822401 -0.09712839 0.00366348
v 0.00761914 -0.09684777 0.00423861
v 0.01580548 -0.08816033 0.00425327
v 0.01601177 -0.08837568 0.00387573
v 0.01557701 -0.08836746 0.00317907
v 0.01151889 -0.09692764 0.00076008
v 0.01160812 -0.09772968 0.00141716
v 0.01141178 -0.09711354 0.00095621
v -0.00239289 -0.05915528 0.00076519
v 0.01097875 -0.09748554 0.00151586
v 0.01050448 -0.09856516 0.00386751
v 0.00963968 -0.09789574 0.00338125
v 0.00806093 -0.08110380 0.00238442
v 0.00838607 -0.08063560 0.00330812
v 0.01151889 -0.09692764 0.00076008
v 0.01141178 -0.09711354 0.00095621
v 0.01097875 -0.09748554 0.00151586
v 0.01092475 -0.09822297 0.00251389
v 0.00184226 -0.08993023 0.00236464
v 0.00149465 -0.06724017 0.00047951
v 0.00259113 -0.07026529 0.00070946
v -0.00435698 -0.07499396 0.00283325
v 0.01097875 -0.09748554 0.00151586
v 0.01121473 -0.09753191 0.00144106
v 0.01643413 -0.08840578 0.00570542
v 0.00725329 -0.09664916 0.00459355
v 0.00725478 -0.09673273 0.00552994
v 0.00000416 -0.08899235 0.00559849
v 0.01123791 -0.09754627 0.00144213
v 0.00951725 -0.09820556 0.00487888
v 0.00848711 -0.09754896 0.00605035
v 0.01105177 -0.09790742 0.00197828
v 0.01105177 -0.09790742 0.00197828
v 0.01123791 -0.09754627 0.00144213
v 0.01101636 -0.09802407 0.00217050
v 0.03192985 0.04003876 0.05701917
v 0.02724599 0.04336202 0.05701917
v 0.02603119 0.04142820 0.06362968
v 0.00497061 -0.08012115 0.00040934
v 0.01105177 -0.09790742 0.00197828
v 0.00619811 -0.05399996 0.00975299
v 0.01300495 -0.05557888 0.02199995
v 0.01368355 -0.05600631 0.02199995
v 0.01101636 -0.09802407 0.00217050
v 0.00026616 -0.08877307 0.00370979
v 0.01092475 -0.09822297 0.00251389
v 0.01105177 -0.09790742 0.00197828
v -0.00073380 -0.07447266 0.01188123
v -0.00102967 -0.07162201 0.01199072
v -0.00162303 -0.07158422 0.01184171
v 0.01178407 -0.09879124 0.00268531
v -0.00343150 -0.07733410 0.00222021
v 0.01401191 -0.08886724 0.00123197
v 0.01435852 -0.08840793 0.00197315
v 0.00739437 -0.08483028 0.01112949
v 0.00594556 -0.08246821 0.01124060
v 0.00540572 -0.08288699 0.01149255
v -0.00304973 -0.06384229 0.01167482
v -0.00352526 -0.05922460 0.01147401
v 0.00185484 -0.08765852 0.01041173
v 0.00013387 -0.08596134 0.00989896
v 0.01142334 -0.09900647 0.00360662
v 0.00492668 -0.09066253 0.00042571
v 0.00005829 -0.08889204 0.00461149
v 0.01178407 -0.09879124 0.00268531
v 0.00954032 -0.09811037 0.00426227
v -0.00630569 -0.05399996 0.00114995
v -0.00642788 -0.06199979 0.00110292
v -0.00653821 -0.06366515 0.00083648
v 0.00125736 -0.08961755 0.00286961
v -0.00319219 -0.05399996 0.00141954
v -0.00694889 -0.05399996 0.00734371
v -0.01552098 -0.05656462 0.00000000
v -0.01654696 -0.05655682 0.00000000
v -0.00360441 -0.05921697 0.00137204
v 0.00952381 -0.09814798 0.00450849
v 0.00921285 -0.08959656 -0.00044166
v -0.01477807 0.04269886 0.07671642
v -0.01272982 0.04335367 0.07671642
v -0.01288491 0.04388189 0.07343780
v 0.00250530 -0.09015625 0.00180370
v 0.00438124 -0.08042764 0.00014628
v 0.01073378 -0.09872925 0.00401402
v 0.00126141 -0.08809626 0.00971365
v -0.00013726 -0.08629548 0.00943172
v 0.01040023 -0.09860146 0.00423157
v -0.00392765 -0.05399990 0.00195426
v 0.01042097 -0.08320045 0.00662988
v 0.00960249 -0.08225595 0.00739181
v 0.00529557 -0.09058207 0.01091867
v 0.00951725 -0.09820556 0.00487888
v 0.00952381 -0.09814798 0.00450849
v 0.00954032 -0.09811037 0.00426227
v 0.00951725 -0.09820556 0.00487888
v 0.01184087 -0.09907805 0.00330466
v -0.00525886 -0.07526332 0.00601923
v -0.00568730 -0.07247722 0.00676227
v -0.00495297 -0.07516741 0.00412691
v 0.01048177 -0.09869301 0.00447452
v 0.01098251 -0.08747780 0.01035159
v 0.00964671 -0.08607286 0.01042747
v 0.00921750 -0.08641058 0.01078635
v 0.01184087 -0.09907805 0.00330466
v 0.01184087 -0.09907805 0.00418043
v 0.01142334 -0.09900647 0.00360662
v 0.01048177 -0.09869301 0.00447452
v 0.01073038 -0.09881240 0.00449824
v -0.00380456 -0.07746273 0.00276661
v 0.00654501 -0.05399996 0.00898218
v 0.00619811 -0.05399996 0.00975299
v 0.01442188 -0.05631959 0.02199995
v -0.00514084 -0.07523733 0.00725269
v -0.00560063 -0.07246029 0.00732380
v -0.00416762 -0.05924588 0.00178963
v 0.01557701 -0.08836746 0.00317907
v 0.01191812 -0.09949177 0.00509477
v 0.01140600 -0.09922564 0.00578487
v 0.01190286 -0.09939193 0.00420874
v 0.00796389 -0.07864111 0.00705850
v 0.00730419 -0.07654809 0.00667334
v 0.00709587 -0.07656913 0.00769526
v -0.00022686 -0.06551843 0.00025670
v -0.00007560 -0.05399996 0.00050504
v 0.01042944 -0.08315825 0.00499290
v 0.01507169 -0.08811259 0.00311303
v -0.00051740 -0.08309191 0.01056593
v -0.00401670 -0.07493793 0.00976884
v -0.00421047 -0.07207250 0.01017338
v -0.00483203 -0.07229614 0.00929672
v 0.00383955 -0.08071005 -0.00002139
v -0.00525552 -0.06835460 0.00939244
v 0.03947138 0.02164727 0.08605045
v 0.04500347 0.00107294 0.08604997
v 0.04216969 0.01572644 0.08604955
v -0.00406921 -0.07755458 0.00325555
v 0.01511919 -0.08871316 0.00213522
v 0.01315236 -0.08738529 0.00214833
v 0.01001667 -0.08247447 0.00578648
v -0.00104624 -0.07989728 0.00076253
v -0.00456411 -0.05926626 0.00214982
v 0.01580548 -0.08816033 0.00425327
v 0.01571053 -0.08807015 0.00447416
v 0.01601177 -0.08837568 0.00387573
v 0.01571053 -0.08807015 0.00447416
v 0.01625454 -0.08839565 0.00430089
v 0.00463164 -0.09105193 0.00074223
v 0.01144498 -0.09760147 0.00930989
v 0.01160585 -0.09767782 0.00928050
v 0.01159948 -0.09765774 0.00885695
v 0.01571053 -0.08807015 0.00447416
v 0.01542562 -0.08839988 0.00296301
v 0.00660622 -0.08192908 0.00074567
v 0.00460046 -0.07253795 0.01031535
v 0.00426608 -0.07024914 0.01037299
v 0.00368488 -0.07038265 0.01089257
v 0.00605351 -0.07041704 0.00614077
v 0.00625193 -0.07205796 0.00683856
v 0.00626713 -0.07204580 0.00542772
v 0.01315236 -0.08738529 0.00214833
v 0.01511919 -0.08871316 0.00213522
v 0.01388239 -0.08796203 0.00210899
v 0.00096722 -0.06912362 0.00026393
v 0.00544608 -0.06992250 0.00364071
v 0.01625454 -0.08839565 0.00430089
v 0.01571053 -0.08807015 0.00447416
v 0.01662480 -0.08860361 0.00419313
v 0.00096502 -0.08986872 0.00378710
v 0.01700526 -0.08872008 0.00468153
v 0.01747822 -0.08890867 0.00563395
v 0.00436825 -0.09149450 0.00114125
v -0.00501144 -0.05928945 0.00265002
v -0.00486171 -0.05400007 0.00296783
v 0.01203632 -0.08952063 0.00005659
v -0.00181305 -0.06368964 0.00047256
v -0.00300378 -0.07466131 0.01080721
v 0.00999302 -0.08297473 0.00378662
v 0.01662480 -0.08860361 0.00419313
v 0.00617468 -0.07206821 0.00482631
v 0.00203693 -0.09058672 0.00273389
v -0.00515485 -0.07522833 0.00495464
v -0.00186050 -0.08025646 0.00139362
v 0.00654501 -0.05399996 0.00898218
v 0.01619845 -0.05657917 0.02199989
v 0.01749014 -0.05635982 0.02199888
v -0.00439221 -0.07766813 0.00405937
v 0.00186294 -0.09074866 0.00323558
v 0.01229500 -0.08573603 0.00730318
v 0.01115524 -0.08433270 0.00698614
v 0.00547040 -0.07996863 0.01100021
v 0.00461209 -0.07766985 0.01109606
v 0.00398636 -0.07776981 0.01142084
v -0.00540161 -0.05930972 0.00319928
v 0.01747769 -0.08899450 0.00425959
v 0.01202279 -0.09007805 -0.00016275
v 0.00295508 -0.08986288 0.01002448
v 0.00425774 -0.09149366 0.00992841
v 0.00474823 -0.09107112 0.01047164
v 0.00798434 -0.09118837 -0.00036419
v 0.00590152 -0.08224976 0.00032265
v 0.00535047 -0.07228660 0.00277519
v -0.00567782 -0.05932420 0.00369012
v -0.00553024 -0.05399990 0.00414485
v 0.00665009 -0.07397574 0.00537687
v 0.00656444 -0.07344019 0.00606304
v 0.01511919 -0.08871316 0.00213522
v 0.01516163 -0.08877849 0.00210565
v 0.00426066 -0.06308609 0.01005262
v 0.00382376 -0.06299847 0.01054495
v 0.00598568 -0.07211697 0.00411576
v -0.00045551 -0.08649426 0.00888622
v -0.00165713 -0.06790703 0.01202636
v -0.00184005 -0.06364691 0.01212191
v -0.00251210 -0.06378746 0.01190841
v -0.00475818 -0.07703852 0.00484437
v 0.00209385 -0.08315730 -0.00004201
v 0.01657217 -0.08867669 0.00383580
v 0.00389522 -0.09183514 0.00173962
v 0.01129770 -0.08427953 0.00618601
v 0.01123291 -0.08426988 0.00458825
v 0.00389522 -0.09183514 0.00173962
v -0.00354546 -0.06388115 0.00119460
v 0.00822788 -0.08276402 0.00153822
v -0.00250852 -0.08052617 0.00212932
v 0.00545710 -0.08272951 0.00007128
v 0.00397640 -0.06199979 0.01226079
v 0.00287575 -0.06199985 0.01289016
v 0.00325298 -0.05399996 0.01269811
v -0.00080732 -0.08705013 0.00759685
v 0.00601476 -0.09374809 0.00954580
v 0.00410038 -0.09226417 0.00923729
v 0.00655949 -0.07400214 0.00477523
v -0.00124824 -0.08663749 0.00691432
v -0.00248230 -0.08406710 0.00699639
v -0.00483024 -0.07706433 0.00529927
v 0.05258518 -0.01064687 0.00999999
v 0.05249989 -0.00999999 0.00999999
v 0.05258518 -0.00935292 0.00999999
v -0.00601405 -0.05934202 0.00449640
v 0.01181608 -0.09062922 -0.00035867
v 0.00171941 -0.09088319 0.00371683
v -0.00592840 -0.05399996 0.00550729
v 0.01732897 -0.08917784 0.00333542
v 0.00663406 -0.07399034 0.00678760
v 0.01014727 -0.09076321 0.01144474
v 0.00704855 -0.08888339 0.01157641
v -0.00451970 -0.07848268 0.00593197
v -0.00483775 -0.07707512 0.00664258
v -0.00092451 -0.06855511 0.01213711
v -0.00699997 -0.05399996 0.00649995
v -0.00691467 -0.05399996 0.00541097
v -0.01300495 -0.05557888 0.00000000
v 0.01511919 -0.08871316 0.00213522
v 0.01516163 -0.08877849 0.00210565
v 0.01535153 -0.08920711 0.00168139
v -0.00303584 -0.08083182 0.00299412
v 0.01747769 -0.08899450 0.00425959
v 0.01730990 -0.08897513 0.00403816
v 0.00579309 -0.07216781 0.00361359
v -0.00460893 -0.06398105 0.00204807
v -0.00421357 -0.06393951 0.00168836
v 0.00783515 -0.09678709 0.00730228
v 0.00532955 -0.09476423 0.00741714
v 0.00517851 -0.09491825 0.00661135
v 0.00637406 -0.07405966 0.00406450
v 0.00150710 -0.09110093 0.00585407
v 0.00081778 -0.07604026 0.01199978
v -0.00036292 -0.06594920 0.01224541
v 0.01243209 -0.08551496 0.00499183
v -0.00627530 -0.05954104 0.00547642
v -0.00436979 -0.07842087 0.00459808
v 0.00217396 -0.08226591 0.01175379
v 0.00085741 -0.07844364 0.01188033
v 0.00063163 -0.07946163 0.01176506
v 0.00742817 -0.08335512 0.00070935
v 0.00109208 -0.08981621 0.00791395
v 0.00025652 -0.08882629 0.00758570
v 0.01410460 -0.08960491 0.00070685
v -0.00007696 -0.08276993 0.00074162
v 0.01472145 -0.08932530 0.00120562
v 0.00618500 -0.07411974 0.00356203
v 0.01511919 -0.08871316 0.00213522
v 0.00872165 -0.08368527 0.00142831
v 0.00926965 -0.08357083 0.00200856
v 0.00973415 -0.08457058 0.00172001
v -0.00505519 -0.06402808 0.00254768
v 0.00191915 -0.07073211 0.00041447
v -0.00502020 -0.05929827 0.01013278
v -0.00445771 -0.05399996 0.01053494
v -0.00539088 -0.05399996 0.00918913
v -0.00226051 -0.06784349 0.00057271
v 0.01391994 -0.08998447 0.00038759
v 0.01486212 -0.08938533 0.00122088
v -0.00446373 -0.07845759 0.00513703
v 0.00336754 -0.06697541 0.01097416
v 0.00321811 -0.06326329 0.01107305
v 0.00267828 -0.06325215 0.01144200
v 0.01535153 -0.08920711 0.00168139
v -0.00627530 -0.05954104 0.00547642
v 0.01011031 -0.08340525 0.00337642
v 0.00282055 -0.06683850 0.01134771
v 0.00208104 -0.06331431 0.01175820
v 0.01491522 -0.08971530 0.00096276
v -0.00544447 -0.06406939 0.00309646
v -0.00278419 -0.06792837 0.00079277
v 0.01741087 -0.08991616 0.00198913
v 0.01114070 -0.08450651 0.00372678
v 0.01252710 -0.08561003 0.00613326
v -0.00636589 -0.06391316 0.00668657
v -0.00626838 -0.05951058 0.00731814
v -0.00336409 -0.06797528 0.00110281
v 0.01093232 -0.08451247 0.00328702
v 0.00910908 -0.08218294 0.00837958
v 0.00575000 -0.07426005 0.00272286
v -0.00343323 -0.08099484 0.00394434
v 0.00728136 -0.07634997 0.00545877
v 0.01448035 -0.09022712 0.00042534
v 0.00829273 -0.08467918 0.00065367
v -0.00572020 -0.06409889 0.00358701
v 0.01747769 -0.08899450 0.00425959
v 0.01746726 -0.08920186 0.00418150
v 0.01732897 -0.08917784 0.00333542
v 0.00456941 -0.06305336 0.00962514
v 0.00510579 -0.06668889 0.00880968
v 0.01516163 -0.08877849 0.00210565
v 0.01625698 -0.08938515 0.00202316
v -0.00244290 -0.05909925 0.01201015
v 0.00293726 -0.07288891 0.00061393
v 0.00184345 -0.08922040 0.00951719
v 0.01516163 -0.08877849 0.00210565
v 0.01741087 -0.08991616 0.00198913
v 0.01625698 -0.08938515 0.00202316
v 0.01323550 -0.08705252 0.00813174
v 0.01202380 -0.08599460 0.00824440
v 0.01173228 -0.08645695 0.00911713
v 0.00244337 -0.08873850 0.01029086
v 0.00546235 -0.07435369 0.00229740
v 0.03626883 -0.05254465 0.01856940
v 0.03412359 -0.05396229 0.01856940
v 0.03420579 -0.05409198 0.01580345
v 0.00414759 -0.07261431 0.00139373
v 0.00880224 -0.08452361 0.00102669
v 0.01548409 -0.08974027 0.00118887
v 0.00376856 -0.08223301 0.01177763
v 0.00336260 -0.08295834 0.01178848
v 0.00031503 -0.05896264 0.01236385
v 0.00102907 -0.05400007 0.01240265
v -0.00010938 -0.05400002 0.01250118
v 0.01732897 -0.08917784 0.00333542
v 0.01726979 -0.09008824 0.00168198
v 0.01741087 -0.08991616 0.00198913
v 0.01731115 -0.09066134 0.00199258
v 0.00047905 -0.06763982 0.01217138
v 0.00147742 -0.08205658 0.01166158
v 0.00366062 -0.07274800 0.00102741
v -0.00012830 -0.08289092 0.01087957
v -0.00118756 -0.08003747 0.01096630
v -0.00159264 -0.08020621 0.01065373
v 0.01388239 -0.08796203 0.00210899
v 0.01026743 -0.08841437 0.01102209
v 0.00880730 -0.08678191 0.01106959
v 0.00572586 -0.07221496 0.00867492
v 0.00540435 -0.06998479 0.00873095
v 0.00597709 -0.07967734 0.01060825
v 0.00514287 -0.07727855 0.01067984
v 0.01684242 -0.08966869 0.00200355
v 0.01625698 -0.08938515 0.00202316
v 0.01741087 -0.08991616 0.00198913
v 0.01684242 -0.08966869 0.00200355
v 0.00592119 -0.09383422 0.00164372
v 0.00389522 -0.09183514 0.00173962
v 0.00592119 -0.09383422 0.00164372
v 0.00594693 -0.09385877 0.00164401
v -0.00438339 -0.07503718 0.00922668
v -0.00515258 -0.07236564 0.00869697
v -0.00221211 -0.05400007 0.00091390
v -0.00392765 -0.05399990 0.00195426
v -0.00553024 -0.05399990 0.00414485
v 0.00492793 -0.08022189 0.01131302
v 0.00341243 -0.07801270 0.01165241
v 0.01732897 -0.08917784 0.00333542
v 0.01746100 -0.08933997 0.00306678
v 0.01741087 -0.08991616 0.00198913
v 0.01224470 -0.08570110 0.00367528
v 0.01235830 -0.08556580 0.00435942
v 0.01221662 -0.08576971 0.00348270
v -0.00287318 -0.06797957 0.01158052
v -0.00358373 -0.06389659 0.01137346
v 0.00867945 -0.08072006 0.00764090
v -0.00691467 -0.05399996 0.00541097
v -0.01169270 -0.05420798 0.00000000
v -0.01240342 -0.05504876 0.00000000
v 0.01710999 -0.08978950 0.00199473
v 0.01684242 -0.08966869 0.00200355
v 0.01741087 -0.08991616 0.00198913
v 0.01710999 -0.08978950 0.00199473
v 0.01224470 -0.08570110 0.00367528
v 0.06256699 -0.01016795 0.02130180
v 0.06181854 -0.01004648 0.02396649
v 0.06136405 -0.01252734 0.02396649
v 0.01710999 -0.08978950 0.00199473
v 0.00436139 -0.08054393 0.01156014
v 0.00633812 -0.05399996 0.00109553
v 0.00656831 -0.06366211 0.00079237
v 0.00642788 -0.06199979 0.00110292
v 0.01061832 -0.08794498 0.01073354
v 0.01369059 -0.08663558 0.00590730
v 0.00869095 -0.08048331 0.00725842
v -0.03762418 -0.05006891 0.02396643
v -0.03807955 -0.05067497 0.02130180
v -0.03600823 -0.05216699 0.02130180
v -0.03680574 0.02620935 0.07671642
v -0.03551697 0.02793097 0.07671642
v -0.03594958 0.02827095 0.07343780
v 0.02684891 -0.05658268 0.02396643
v 0.02717369 -0.05726778 0.02130174
v 0.02945762 -0.05612719 0.02130180
v -0.00214112 -0.04494905 0.08003574
v -0.00214994 -0.04513305 0.07671636
v 0.00000000 -0.04518425 0.07671636
v -0.00539088 -0.05399996 0.00918913
v 0.00102907 -0.05400007 0.01240265
v 0.01016795 0.06256699 0.02130186
v 0.01267910 0.06210660 0.02130186
v 0.01277089 0.06255614 0.01856946
v -0.00592840 -0.05399996 0.00550729
v -0.01525563 0.04407864 0.07024019
v -0.01495826 0.04321897 0.07343780
v -0.00338578 -0.05400002 0.01146435
v -0.00220078 -0.05399984 0.01209205
v -0.00089651 -0.05400002 0.01244872
v -0.04444515 -0.01078236 0.07343775
v -0.04532945 -0.01099663 0.07024019
v -0.04475486 -0.01314121 0.07024019
v -0.00010938 -0.05400002 0.01250118
v 0.00579375 -0.05399996 0.00490707
v 0.00556177 -0.05400002 0.00877088
v 0.00600332 -0.05399990 0.00617957
v -0.00599879 -0.05399990 0.00684911
v -0.00584954 -0.05399996 0.00783509
v -0.04513299 -0.00215000 0.07671642
v -0.04497957 -0.00429505 0.07671642
v -0.04479604 -0.00427753 0.08003580
v -0.01699781 0.04245841 0.07343780
v -0.01733589 0.04330301 0.07024019
v -0.01937669 0.04242897 0.07024019
v -0.05749499 -0.00162429 0.00000000
v -0.05832237 -0.00053629 0.00000000
v -0.05832237 -0.00053630 0.02199995
v 0.05666899 -0.02974224 0.01580345
v 0.05782061 -0.02743631 0.01580345
v 0.05768191 -0.02737051 0.01856940
v -0.05293405 -0.03347343 0.02396643
v -0.05357480 -0.03387862 0.02130180
v -0.05216699 -0.03600823 0.02130180
v 0.03683894 -0.02590084 0.08604997
v 0.03041642 -0.03318119 0.08604925
v 0.03256785 -0.03105360 0.08604997
v 0.03725427 -0.02652865 0.07343775
v 0.03799510 -0.02705639 0.07024019
v 0.03923964 -0.02521783 0.07024019
v -0.02521777 0.03923958 0.07024019
v -0.02472597 0.03847426 0.07343780
v -0.02286726 0.03960704 0.07343780
v 0.04317700 0.01267772 0.08604997
v 0.04467022 0.00553221 0.08605003
v -0.00007560 -0.05399996 0.00050504
v 0.00108647 -0.05399996 0.00058936
v -0.00086115 -0.05400002 0.00054665
v -0.05349981 -0.01249980 0.00999999
v -0.05173218 -0.00823223 0.00999999
v -0.05108517 -0.00935292 0.00999999
v 0.00342226 -0.08945256 0.01053744
v 0.01416039 -0.09072345 0.01061189
v 0.01450753 -0.09012556 0.01019740
v 0.01234328 -0.08939164 0.01064926
v 0.00498551 -0.06300884 0.00889271
v 0.00647908 -0.07940983 0.01011496
v 0.00735593 -0.08142375 0.01006543
v -0.00130528 -0.07463717 0.01170724
v -0.00198382 -0.07438051 0.01145917
v -0.00100839 -0.07658261 0.01160931
v 0.01192682 -0.09054505 0.01114910
v 0.01364636 -0.09183371 0.01112282
v 0.00679010 -0.08517730 0.01140308
v 0.05726778 -0.02717369 0.02130180
v 0.05873727 -0.02502566 0.01856940
v 0.00535065 -0.06664752 0.00821304
v 0.00438487 -0.08663368 0.01159036
v -0.00019460 -0.07665318 0.01183217
v 0.00536048 -0.09460949 0.00780582
v 0.00551742 -0.09445369 0.00828415
v 0.00325990 -0.09267395 0.00764966
v 0.01238465 -0.08560669 0.00668144
v 0.00536048 -0.09460949 0.00780582
v 0.00532955 -0.09476423 0.00741714
v 0.00551742 -0.09445369 0.00828415
v -0.00347519 -0.07739770 0.00970268
v -0.00381017 -0.07771372 0.00915051
v -0.00288165 -0.08083379 0.00906980
v 0.01252710 -0.08561003 0.00613326
v 0.01174008 -0.09853142 0.00731629
v 0.01116478 -0.09857875 0.00770736
v 0.01111435 -0.09871822 0.00733590
v 0.00704974 -0.07909971 0.00936478
v 0.00792146 -0.08106106 0.00930738
v 0.00739652 -0.08378899 0.01085960
v 0.00306869 -0.09297853 0.00599307
v 0.00691664 -0.09265136 0.01068323
v 0.01458472 -0.09403741 0.01129305
v 0.01557403 -0.09363818 0.01120734
v 0.01396983 -0.09337878 0.01130056
v 0.00359112 -0.08854383 0.01096969
v -0.00310773 -0.07727742 0.01014775
v 0.00395536 -0.06687927 0.01045370
v 0.01375198 -0.09251409 0.01123887
v 0.01460659 -0.09221971 0.01105386
v 0.00519973 -0.09496450 0.00648105
v 0.00515401 -0.09500145 0.00602502
v 0.00740313 -0.09671187 0.00649512
v 0.01624178 -0.09310209 0.01102060
v 0.01265645 -0.08849352 0.01001477
v 0.01484149 -0.08950984 0.00959754
v 0.01241093 -0.08890157 0.01038169
v 0.00576085 -0.05399996 0.01047641
v 0.01189452 -0.05442917 0.02199995
v 0.01240342 -0.05504882 0.02199995
v -0.00584954 -0.05399996 0.00783509
v 0.00554544 -0.06288355 0.00688213
v -0.00604534 -0.06843614 0.00744384
v -0.00624365 -0.06414502 0.00754201
v -0.00247908 -0.07707065 0.01074260
v -0.00594860 -0.05934327 0.00848228
v 0.01342010 -0.08689159 0.00758553
v 0.01079005 -0.08462888 0.00829935
v 0.00952739 -0.08370947 0.00911975
v 0.00312012 -0.07407200 0.01149970
v 0.00469095 -0.07015109 0.00988871
v -0.00573272 -0.05933296 0.00899452
v -0.00199938 -0.08384966 0.00852293
v 0.00551742 -0.09445369 0.00828415
v 0.00568515 -0.09436798 0.00858223
v 0.00591129 -0.09408301 0.00912237
v 0.00601476 -0.09374809 0.00954580
v 0.00801468 -0.09564352 0.00924206
v 0.00591129 -0.09408301 0.00912237
v -0.00540268 -0.05931705 0.00959289
v -0.00233978 -0.06789475 0.01181483
v -0.00014057 -0.07449197 0.01198506
v 0.01370179 -0.08690398 0.00706917
v 0.01530480 -0.09058403 0.01017218
v -0.00206178 -0.07693284 0.01105403
v -0.00177884 -0.08373844 0.00898147
v 0.00565565 -0.06650829 0.00680101
v -0.00463110 -0.05927932 0.01057529
v 0.00650024 -0.09326553 0.01016324
v 0.01368170 -0.08676999 0.00667691
v 0.01505988 -0.08844071 0.00820231
v -0.00155401 -0.07676464 0.01135849
v -0.00069474 -0.07983154 0.01127189
v 0.00760216 -0.09597945 0.00847518
v -0.00396609 -0.05924642 0.01116544
v 0.00402594 -0.07270103 0.01083415
v 0.01342010 -0.08689159 0.00758553
v 0.01323550 -0.08705252 0.00813174
v 0.01370179 -0.08690398 0.00706917
v 0.00771433 -0.06353336 0.01580345
v 0.00514984 -0.06379246 0.01580345
v 0.00454962 -0.06383806 0.01308012
v 0.01387804 -0.08764660 0.00826931
v 0.00304884 -0.08491551 0.01160371
v 0.00551742 -0.09445369 0.00828415
v 0.00000798 -0.07963228 0.01157641
v 0.05969732 -0.02264010 0.01856940
v 0.05926865 -0.02247744 0.02130180
v 0.05831551 -0.02484571 0.02130180
v 0.01144498 -0.09760147 0.00930989
v 0.01159948 -0.09765774 0.00885695
v 0.01151669 -0.09676611 0.00885010
v -0.00210863 -0.07169294 0.01166337
v 0.01493781 -0.08900904 0.00906515
v 0.02264004 0.05969727 0.01856946
v 0.02247744 0.05926865 0.02130186
v 0.02484571 0.05831551 0.02130186
v 0.01220881 -0.09313321 0.01136237
v 0.00949144 -0.09222221 0.01136928
v -0.00177336 -0.05913716 0.01221871
v 0.04360181 0.04168277 0.03064459
v 0.04687899 0.04153114 0.02396649
v 0.04516851 0.04338496 0.02396649
v 0.00883454 -0.08239644 0.00898641
v 0.01490920 -0.08879852 0.00882530
v 0.01493781 -0.08900904 0.00906515
v 0.01484149 -0.08950984 0.00959754
v 0.01513147 -0.08893251 0.00881725
v 0.00573295 -0.06995898 0.00791174
v -0.00089651 -0.05400002 0.01244872
v 0.00551742 -0.09445369 0.00828415
v 0.00760216 -0.09597945 0.00847518
v 0.00792438 -0.09617161 0.00849122
v 0.00568515 -0.09436798 0.00858223
v 0.00551742 -0.09445369 0.00828415
v 0.00792438 -0.09617161 0.00849122
v -0.00581592 -0.06840443 0.00825834
v 0.01019906 -0.09853506 0.00623626
v -0.00468457 -0.06400781 0.01047343
v 0.00502050 -0.07241815 0.00983173
v 0.01513147 -0.08893251 0.00881725
v 0.01522368 -0.08879071 0.00855422
v 0.01040637 -0.09866869 0.00619578
v 0.00848711 -0.09754896 0.00605035
v 0.01060175 -0.09856474 0.00706738
v 0.01435434 -0.08718365 0.00632197
v 0.01435434 -0.08718365 0.00632197
v 0.01647806 -0.09052228 0.00966597
v 0.00722313 -0.09230118 0.01092135
v -0.00084448 -0.08676958 0.00795579
v 0.00390619 -0.07493323 0.01115912
v 0.01484149 -0.08950984 0.00959754
v 0.01575618 -0.08942890 0.00894928
v 0.01529425 -0.08818686 0.00746030
v 0.00872165 -0.08368527 0.00142831
v 0.00274098 -0.05884110 0.01154977
v 0.00352508 -0.05399978 0.01136910
v 0.00239390 -0.05399990 0.01200914
v 0.01072072 -0.09887093 0.00580841
v -0.00402260 -0.06394106 0.01106441
v 0.00824147 -0.08515352 0.01083618
v 0.00883728 -0.08477240 0.01035082
v 0.01660531 -0.09262478 0.01082015
v 0.01694357 -0.09199225 0.01049357
v 0.01700812 -0.09180521 0.01038247
v 0.00722313 -0.09230118 0.01092135
v 0.00691664 -0.09265136 0.01068323
v 0.00808632 -0.09197318 0.01123875
v 0.00532079 -0.07233196 0.00940549
v -0.00669634 -0.06199979 0.00064886
v -0.01080507 -0.06308126 0.00000000
v -0.01300495 -0.05557888 0.00000000
v 0.01521569 -0.08848738 0.00812507
v 0.00443989 -0.07475185 0.01077991
v 0.01323550 -0.08705252 0.00813174
v 0.01529425 -0.08818686 0.00746030
v 0.01541358 -0.08791881 0.00640148
v 0.01370179 -0.08690398 0.00706917
v 0.01718533 -0.08988147 0.00861484
v 0.01743912 -0.08961594 0.00800669
v 0.01630812 -0.08913052 0.00814319
v 0.01700812 -0.09180521 0.01038247
v 0.01521569 -0.08848738 0.00812507
v 0.01522368 -0.08879071 0.00855422
v 0.01529425 -0.08818686 0.00746030
v 0.01541358 -0.08791881 0.00640148
v 0.01700812 -0.09180521 0.01038247
v 0.01683121 -0.09164810 0.01031404
v 0.01548469 -0.08864688 0.00811535
v 0.01529425 -0.08818686 0.00746030
v 0.00624514 -0.05542796 0.04379791
v -0.00598955 -0.05315876 0.05040854
v -0.00624514 -0.05542796 0.04379791
v 0.01673448 -0.09138739 0.01019138
v 0.00821161 -0.09529829 0.00963020
v 0.00036351 -0.08262264 0.01119989
v 0.01702833 -0.09104681 0.00985098
v 0.01575011 -0.08877050 0.00805897
v 0.00500572 -0.07455879 0.01026207
v 0.01060175 -0.09856474 0.00706738
v 0.01069253 -0.09863919 0.00686085
v 0.01191812 -0.09949177 0.00509477
v 0.01183938 -0.09907668 0.00547445
v 0.01140600 -0.09922564 0.00578487
v 0.00148815 -0.05904120 0.01211047
v 0.00213313 -0.05900800 0.01186180
v 0.01369059 -0.08663558 0.00590730
v 0.01183938 -0.09907668 0.00547445
v 0.01190268 -0.09940874 0.00622946
v 0.01140600 -0.09922564 0.00578487
v 0.01140600 -0.09922564 0.00578487
v 0.01147186 -0.09913748 0.00657082
v 0.00096559 -0.08231663 0.01148670
v 0.01598477 -0.08847290 0.00715589
v -0.00123423 -0.06365680 0.01223826
v 0.00596589 -0.07214468 0.00807899
v 0.01552844 -0.08822268 0.00719643
v 0.01576548 -0.08833903 0.00712287
v 0.00989765 -0.09788984 0.00769168
v 0.01022154 -0.09767431 0.00839156
v 0.01721465 -0.09036731 0.00917840
v 0.00541955 -0.07441699 0.00977892
v 0.01726675 -0.09089499 0.00963980
v 0.01581579 -0.08816254 0.00642365
v -0.00383824 -0.06813240 0.01096880
v 0.00609767 -0.05399996 0.00162864
v 0.00639254 -0.06199979 0.00136661
v 0.00640601 -0.06199973 0.00158435
v 0.01721465 -0.09036731 0.00917840
v -0.00340283 -0.06806361 0.01127845
v 0.00883758 -0.09484302 0.01026564
v 0.01047247 -0.09826874 0.00756854
v 0.01726675 -0.09089499 0.00963980
v 0.00989765 -0.09788984 0.00769168
v 0.00575018 -0.07439088 0.00931430
v -0.00536191 -0.07241046 0.00818384
v 0.00205922 -0.08904761 0.00983310
v 0.00332046 -0.05887907 0.01115185
v 0.01190268 -0.09940874 0.00622946
v 0.01738220 -0.09017115 0.00885695
v 0.01738220 -0.09017115 0.00885695
v 0.01738089 -0.09016829 0.00835389
v 0.01718533 -0.08988147 0.00861484
v 0.01543956 -0.08783543 0.00554448
v 0.00611532 -0.07210010 0.00756699
v 0.01116478 -0.09857875 0.00770736
v 0.01643413 -0.08840578 0.00570542
v 0.00654501 -0.05399996 0.00898218
v 0.01520067 -0.05651068 0.02199995
v 0.01619845 -0.05657917 0.02199989
v 0.01111435 -0.09871822 0.00733590
v 0.01746535 -0.08919912 0.00702095
v 0.01643413 -0.08840578 0.00570542
v 0.01598477 -0.08847290 0.00715589
v 0.01633828 -0.08842825 0.00624901
v 0.01743912 -0.08961594 0.00800669
v 0.01744043 -0.08961433 0.00731659
v 0.01710265 -0.08918100 0.00745064
v 0.01710265 -0.08918100 0.00745064
v 0.00449854 -0.05400002 0.01048195
v 0.00390696 -0.05891573 0.01063209
v 0.01710265 -0.08918100 0.00745064
v 0.01746535 -0.08919912 0.00702095
v 0.01630812 -0.08913052 0.00814319
v 0.01633828 -0.08842825 0.00624901
v 0.01640164 -0.08847409 0.00631404
v 0.00434703 -0.05882626 0.01014351
v 0.01746535 -0.08919912 0.00702095
v 0.01746964 -0.08921462 0.00627333
v 0.01718813 -0.08897125 0.00675440
v 0.01718813 -0.08897125 0.00675440
v 0.01643413 -0.08840578 0.00570542
v -0.04373151 -0.01060909 0.08604997
v -0.04373151 -0.01060909 0.08003580
v -0.04317700 -0.01267778 0.08003580
v 0.01747822 -0.08890867 0.00563395
v 0.01747751 -0.08899897 0.00627780
v -0.00522584 -0.07525789 0.00669110
v 0.00939459 -0.09404039 0.01087146
v 0.01116478 -0.09857875 0.00770736
v 0.01092362 -0.09815973 0.00821566
v 0.00612223 -0.07425880 0.00861585
v 0.01184034 -0.09907430 0.00731736
v 0.00788444 -0.06351244 0.00785458
v 0.00799996 -0.06349802 0.00649995
v 0.01576519 -0.06202787 0.00000000
v 0.01063650 -0.09751915 0.00890923
v 0.00534534 0.04468894 0.08605003
v 0.00214112 0.04494893 0.08605003
v 0.00000000 0.04499971 0.08605003
v -0.04361110 -0.04194736 0.03009581
v -0.04687899 -0.04153120 0.02396643
v -0.04516851 -0.04338496 0.02396643
v 0.01047247 -0.09826874 0.00756854
v 0.00465655 -0.05881023 0.00971562
v 0.00508034 -0.05399996 0.00969213
v 0.01007854 -0.08561056 0.00989681
v 0.01049059 -0.08510494 0.00916481
v -0.00799996 -0.06349802 0.00649995
v -0.01531600 -0.06214010 0.01580345
v -0.01576519 -0.06202787 0.00000000
v 0.01173228 -0.08645695 0.00911713
v 0.01063650 -0.09751915 0.00890923
v 0.01088082 -0.09805303 0.00836349
v 0.01184034 -0.09907430 0.00731736
v 0.01174008 -0.09853142 0.00731629
v 0.01111435 -0.09871822 0.00733590
v 0.01069253 -0.09863919 0.00686085
v 0.01111435 -0.09871822 0.00733590
v 0.01116478 -0.09857875 0.00770736
v -0.00490564 -0.07517659 0.00811303
v 0.01063650 -0.09751915 0.00890923
v 0.01088082 -0.09805303 0.00836349
v 0.01096630 -0.09781503 0.00873661
v 0.01088082 -0.09805303 0.00836349
v 0.01096630 -0.09781503 0.00873661
v 0.00644654 -0.07411587 0.00778425
v 0.00639254 -0.06199979 0.00136661
v 0.00609767 -0.05399996 0.00162864
v 0.00633812 -0.05399996 0.00109553
v 0.01110398 -0.09712028 0.00956631
v -0.00248092 -0.07177609 0.01148867
v 0.00567931 -0.07712876 0.01019048
v 0.00507343 -0.05878835 0.00898272
v 0.00556177 -0.05400002 0.00877088
v 0.00539619 -0.05877113 0.00812894
v 0.01130968 -0.09827309 0.00837862
v 0.01116478 -0.09857875 0.00770736
v 0.01173996 -0.09853142 0.00800157
v 0.01130968 -0.09827309 0.00837862
v -0.00469953 -0.07512193 0.00862646
v 0.00166321 -0.09097892 0.00718093
v 0.01144498 -0.09760147 0.00930989
v 0.01096177 -0.09414827 0.01111125
v 0.04338496 0.04516851 0.02396649
v 0.04153120 0.04687899 0.02396649
v 0.04129552 0.04381424 0.03097105
v -0.00475389 -0.07705193 0.00720423
v 0.01105046 -0.09650087 0.01006746
v 0.01118183 -0.09740352 0.00934791
v 0.01110398 -0.09712028 0.00956631
v 0.01173245 -0.09848862 0.00835282
v 0.01160895 -0.09774333 0.00835287
v 0.01130968 -0.09827309 0.00837862
v 0.01160585 -0.09767782 0.00928050
v 0.01144498 -0.09760147 0.00930989
v 0.01130968 -0.09827309 0.00837862
v -0.00448811 -0.07847613 0.00660396
v 0.00591934 -0.05399990 0.00752628
v 0.01156437 -0.09591555 0.01056855
v 0.01122474 -0.09732848 0.00944108
v 0.00289762 -0.09260666 0.00679165
v 0.00691467 -0.05399996 0.00541097
v 0.00699997 -0.05399996 0.00649995
v 0.01300495 -0.05557888 0.00000000
v -0.00434881 -0.07767969 0.00804561
v 0.01151800 -0.09687936 0.00931209
v 0.01151204 -0.09670650 0.01007574
v 0.01122474 -0.09732848 0.00944108
v 0.01110398 -0.09712028 0.00956631
v 0.01118183 -0.09740352 0.00934791
v 0.01151204 -0.09670650 0.01007574
v 0.01118183 -0.09740352 0.00934791
v 0.01122474 -0.09732848 0.00944108
v 0.01151204 -0.09670650 0.01007574
v 0.01144498 -0.09760147 0.00930989
v 0.01151800 -0.09687936 0.00931209
v 0.01122474 -0.09732848 0.00944108
v -0.00440538 -0.07845085 0.00716567
v 0.00247061 -0.08795058 0.01065081
v 0.01262027 -0.09454005 0.01121348
v 0.00619811 -0.05399996 0.00975299
v 0.00576085 -0.05399996 0.01047641
v 0.01300495 -0.05557888 0.02199995
v -0.00657111 -0.06366175 0.00193697
v -0.00735354 -0.06357616 0.00334865
v -0.00789630 -0.06351166 0.00002834
v 0.01151204 -0.09670650 0.01007574
v 0.01153516 -0.09617143 0.01017606
v 0.01133704 -0.09622174 0.01032441
v 0.01133704 -0.09622174 0.01032441
v 0.01105046 -0.09650087 0.01006746
v 0.01110398 -0.09712028 0.00956631
v 0.01133704 -0.09622174 0.01032441
v 0.01134938 -0.08700454 0.00985175
v 0.00246358 -0.09040713 0.00924468
v -0.00364298 -0.07483619 0.01021325
v 0.00694889 -0.05399996 0.00734371
v 0.00679648 -0.05399996 0.00817513
v 0.01654696 -0.05655682 0.00000000
v 0.01133704 -0.09622174 0.01032441
v -0.00576085 -0.05399996 0.01047641
v -0.00619811 -0.05399996 0.00975299
v -0.01300495 -0.05557888 0.02199995
v 0.00226170 -0.06704127 0.01165091
v 0.01114279 -0.09078103 0.01133191
v -0.00431812 -0.07692182 0.00857842
v 0.01174712 -0.09533721 0.01086968
v -0.03600823 0.05216699 0.02130186
v -0.03557771 0.05154305 0.02396649
v -0.03347343 0.05293399 0.02396649
v -0.00694889 -0.05399996 0.00734371
v -0.01442188 -0.05631959 0.00000000
v -0.01552098 -0.05656462 0.00000000
v 0.01190698 -0.08964914 0.01090180
v 0.00782984 -0.06352001 0.00003187
v 0.00711864 -0.06360286 0.00032503
v 0.00669634 -0.06199979 0.00064886
v 0.01212680 -0.09485429 0.01107561
v 0.01212131 -0.09471380 0.01111596
v -0.00397462 -0.07830858 0.00854021
v -0.04338496 -0.04516851 0.02396643
v -0.04153120 -0.04687905 0.02396643
v -0.04078376 -0.04397851 0.03162413
v 0.01297539 -0.09442573 0.01125174
v 0.00619811 -0.05399996 0.00975299
v 0.01368355 -0.05600631 0.02199995
v 0.01442188 -0.05631959 0.02199995
v -0.00783723 -0.06351828 0.00489485
v -0.01080507 -0.06308126 0.00000000
v 0.01088082 -0.09805303 0.00836349
v 0.01063650 -0.09751915 0.00890923
v 0.01047247 -0.09826874 0.00756854
v 0.01215469 -0.09483462 0.00147909
v 0.01245343 -0.09463614 0.00233692
v 0.01213878 -0.09484791 0.00225532
v 0.01276850 -0.09449654 0.00414270
v 0.01495707 -0.09391760 0.00421995
v 0.01493239 -0.09392911 0.00511789
v 0.01727771 -0.09086561 0.00890660
v 0.01726675 -0.09089499 0.00963980
v 0.01704519 -0.09167861 0.00895560
v 0.01169818 -0.09547621 0.00038734
v 0.01173496 -0.09538316 0.00129592
v 0.01160365 -0.09576249 0.00383955
v 0.01439309 -0.09406560 0.00309241
v 0.01256453 -0.09456855 0.00339675
v 0.01546376 -0.09370332 0.00428647
v 0.01571047 -0.09356349 0.00614429
v -0.04317700 -0.01267778 0.08604997
v -0.04223966 -0.01555240 0.08605074
v -0.03950864 -0.02157413 0.08605164
v 0.01608908 -0.09325486 0.00628573
v 0.01666635 -0.09253650 0.00801170
v 0.01628637 -0.09305483 0.00708097
v 0.01571047 -0.09356349 0.00614429
v 0.01607465 -0.09325635 0.00625360
v 0.01566141 -0.09357905 0.00628912
v 0.01571047 -0.09356349 0.00614429
v 0.01527881 -0.09379053 0.00625300
v 0.01174843 -0.09535688 0.00406676
v 0.01179349 -0.09527057 0.00040048
v 0.01194947 -0.09503990 0.00129020
v 0.01710826 -0.09150242 0.00032699
v 0.01707547 -0.09100306 0.00068831
v 0.01711291 -0.09151023 0.00109929
v 0.01607465 -0.09325635 0.00625360
v 0.01608908 -0.09325486 0.00628573
v 0.01581549 -0.09346950 0.00719053
v 0.01681828 -0.09224557 -0.00014448
v 0.01710826 -0.09150242 0.00032699
v 0.01668679 -0.09249460 0.00038615
v 0.01632004 -0.09304165 -0.00050398
v 0.01666635 -0.09253650 0.00801170
v 0.01680725 -0.09226649 0.00844097
v 0.01654583 -0.09270876 0.00890547
v 0.01711291 -0.09151023 0.00109929
v 0.01689219 -0.09208792 0.00074615
v 0.01694357 -0.09199225 0.01049357
v 0.01581549 -0.09346950 0.00719053
v 0.01608908 -0.09325486 0.00628573
v 0.01581549 -0.09346950 0.00765884
v 0.01220184 -0.09480649 0.00471199
v 0.01624667 -0.09309977 0.00018954
v 0.01741087 -0.08991616 0.00198913
v 0.01746100 -0.08933997 0.00306678
v 0.01743936 -0.08965164 0.00330001
v 0.01571047 -0.09356349 0.00614429
v 0.01527881 -0.09379053 0.00625300
v 0.01477545 -0.09397929 0.00627166
v 0.01477545 -0.09397929 0.00627166
v 0.01212275 -0.09486120 0.00330466
v 0.01194947 -0.09503990 0.00129020
v 0.01213878 -0.09484791 0.00225532
v 0.01194894 -0.09504103 0.00319850
v 0.01212275 -0.09486120 0.00330466
v 0.01628637 -0.09305483 0.00708097
v 0.01151889 -0.09692764 0.00076008
v 0.01154047 -0.09609067 0.00022537
v 0.01151841 -0.09675741 0.00314218
v 0.01726675 -0.09089499 0.00963980
v 0.01700812 -0.09180521 0.01038247
v 0.01694357 -0.09199225 0.01049357
v 0.01731115 -0.09066134 0.00199258
v 0.01245343 -0.09463614 0.00418043
v 0.01245343 -0.09463614 0.00418043
v 0.01632004 -0.09304165 -0.00050398
v 0.01595985 -0.09336334 -0.00018208
v 0.01596128 -0.09336143 -0.00031263
v 0.01220184 -0.09480649 0.00471199
v 0.01600599 -0.09332776 0.00862169
v 0.01595211 -0.09336942 0.00800162
v 0.01732897 -0.08917784 0.00333542
v 0.01746726 -0.08920186 0.00418150
v 0.01743936 -0.08965164 0.00330001
v 0.01477545 -0.09397929 0.00627166
v 0.01527881 -0.09379053 0.00625300
v 0.01468700 -0.09398889 0.00736094
v 0.01746100 -0.08933997 0.00306678
v 0.01732897 -0.08917784 0.00333542
v 0.01743936 -0.08965164 0.00330001
v 0.01153516 -0.09617143 0.01017606
v 0.01624667 -0.09309977 0.00018954
v 0.01277226 -0.09448724 0.00545692
v 0.01220184 -0.09480649 0.00471199
v 0.01567888 -0.09356957 -0.00040965
v 0.01575934 -0.09352678 -0.00065771
v 0.01632004 -0.09304165 -0.00050398
v 0.01567888 -0.09356957 -0.00040965
v 0.01382917 -0.09421366 0.00625360
v 0.01366806 -0.09425467 0.00716507
v 0.01619732 -0.09314334 0.00885695
v 0.01683348 -0.09220993 0.00170600
v 0.01668691 -0.09248346 0.00984251
v 0.01567888 -0.09356957 -0.00040965
v 0.01558023 -0.09362840 -0.00030172
v 0.01542311 -0.09372067 0.00901937
v 0.01575934 -0.09352678 -0.00065771
v 0.01567888 -0.09356957 -0.00040965
v 0.01526892 -0.09379762 -0.00045914
v 0.01511621 -0.09386134 -0.00016010
v 0.01567888 -0.09356957 -0.00040965
v 0.01558023 -0.09362840 -0.00030172
v 0.01511621 -0.09386134 -0.00016010
v 0.01567888 -0.09356963 0.00835282
v 0.01567888 -0.09356963 0.00835282
v 0.01181668 -0.09521174 0.00494409
v 0.01588380 -0.09341943 0.00039448
v 0.01618379 -0.09316474 0.00944561
v 0.01160812 -0.09772968 0.00141716
v 0.01558023 -0.09362840 -0.00030172
v 0.01595985 -0.09336334 -0.00018208
v 0.01511240 -0.09385132 -0.00014515
v 0.01747769 -0.08899450 0.00425959
v 0.01747822 -0.08890867 0.00563395
v 0.01746726 -0.08920186 0.00418150
v 0.01654583 -0.09270876 0.01035839
v 0.01458603 -0.09401476 0.00834715
v 0.01542311 -0.09372067 0.00901937
v 0.01511240 -0.09385132 -0.00014515
v 0.01595985 -0.09336334 -0.00018208
v 0.01560109 -0.09362304 -0.00014206
v 0.01218336 -0.09481388 0.00615090
v 0.01670157 -0.09245294 0.00336152
v 0.01560109 -0.09362304 -0.00014206
v 0.01515311 -0.09384995 -0.00071283
v 0.01592695 -0.09339588 0.00104910
v 0.01523125 -0.09382754 0.00032584
v 0.01498931 -0.09390604 -0.00035569
v 0.01282680 -0.09447735 0.00622946
v 0.01481842 -0.09396165 -0.00045941
v 0.01731413 -0.09067445 0.00105745
v 0.01710397 -0.09151744 0.00410235
v 0.01660531 -0.09262478 0.01082015
v 0.01282680 -0.09447735 0.00627780
v 0.01481842 -0.09396165 -0.00045941
v 0.01526892 -0.09379762 -0.00045914
v 0.01444083 -0.09405487 -0.00043586
v 0.01526892 -0.09379762 -0.00045914
v 0.01498931 -0.09390604 -0.00035569
v 0.01444083 -0.09405487 -0.00043586
v 0.01218336 -0.09481388 0.00615090
v 0.01746964 -0.08921462 0.00627333
v 0.01560109 -0.09362304 -0.00014206
v 0.01523125 -0.09382754 0.00032584
v 0.01525163 -0.09379088 0.00015003
v 0.01511621 -0.09386134 -0.00016010
v 0.01558023 -0.09362840 -0.00030172
v 0.01511240 -0.09385132 -0.00014515
v 0.01607465 -0.09325635 0.01012766
v 0.01622200 -0.09311795 0.01052111
v 0.01250815 -0.09460854 0.00623935
v 0.01727074 -0.09082764 0.00602627
v 0.01161199 -0.09774059 0.00271040
v 0.01498931 -0.09390604 -0.00035569
v 0.01511621 -0.09386134 -0.00016010
v 0.01511240 -0.09385132 -0.00014515
v 0.01624178 -0.09310209 0.01102060
v 0.01569610 -0.09355109 0.01027822
v 0.01497322 -0.09391182 0.00902426
v 0.01511240 -0.09385132 -0.00014515
v 0.01560109 -0.09362304 -0.00014206
v 0.01525163 -0.09379088 0.00015003
v 0.01181668 -0.09521174 0.00494409
v 0.01737380 -0.09020417 0.00604087
v 0.01548171 -0.09368729 0.00960934
v 0.01267093 -0.09454143 0.00720423
v 0.01633888 -0.09298348 0.00224888
v 0.01210433 -0.09487515 0.00853652
v 0.01511240 -0.09385132 -0.00014515
v 0.01525163 -0.09379088 0.00015003
v 0.01523125 -0.09382754 0.00032584
v 0.01178407 -0.09879124 0.00268531
v 0.01370412 -0.09424453 -0.00067186
v 0.01515311 -0.09384995 -0.00071283
v 0.01274168 -0.09449738 -0.00054919
v 0.01747751 -0.08899897 0.00627780
v 0.01267093 -0.09454143 0.00720423
v 0.01502174 -0.09389448 0.00960934
v 0.01274168 -0.09449738 -0.00054919
v 0.01498931 -0.09390604 0.00984251
v 0.01567888 -0.09356957 0.00142723
v 0.01160800 -0.09574484 0.00633830
v 0.01592493 -0.09338998 0.01083058
v 0.01502174 -0.09389448 0.00069365
v 0.01406335 -0.09415036 0.00147891
v 0.01392447 -0.09419220 -0.00040965
v 0.01444083 -0.09405487 -0.00043586
v 0.01382917 -0.09421366 -0.00027375
v 0.01595211 -0.09336942 0.01104295
v 0.01498931 -0.09390604 -0.00035569
v 0.01481842 -0.09396165 -0.00045941
v 0.01444083 -0.09405487 -0.00043586
v 0.01274168 -0.09449738 -0.00054919
v 0.01263928 -0.09454888 0.00836646
v 0.01622200 -0.09311795 0.01052111
v 0.01555919 -0.09363424 0.01083207
v 0.01555919 -0.09363424 0.01083207
v 0.01444083 -0.09405487 -0.00043586
v 0.01392447 -0.09419220 -0.00040965
v 0.01373380 -0.09423512 -0.00040965
v 0.01373380 -0.09423512 -0.00040965
v 0.01328033 -0.09435623 0.00908005
v 0.01510775 -0.09386599 0.01065433
v 0.01511240 -0.09385132 -0.00014515
v 0.01263928 -0.09454888 0.00836646
v 0.01495707 -0.09391760 0.01007562
v 0.01502174 -0.09389448 0.01035839
v 0.01523077 -0.09380179 0.00168717
v 0.01382917 -0.09421366 -0.00014255
v 0.01373380 -0.09423512 -0.00040965
v 0.01495707 -0.09391760 0.01017951
v 0.01160895 -0.09774333 0.00835287
v 0.01557403 -0.09363818 0.01120734
v 0.01210433 -0.09487515 0.00853652
v 0.01263928 -0.09454888 0.00836646
v 0.01220470 -0.09480237 0.00850576
v 0.01502174 -0.09389448 0.00107729
v 0.01595211 -0.09336942 0.01104295
v 0.01624178 -0.09310209 0.01102060
v 0.01557403 -0.09363818 0.01120734
v 0.01276773 -0.09449869 0.00025505
v 0.01390641 -0.09419691 0.01050770
v 0.01276886 -0.09449017 -0.00016265
v 0.01495707 -0.09391760 0.00107729
v 0.01210433 -0.09487515 0.00853652
v 0.01560103 -0.09362351 0.00205290
v 0.01592695 -0.09339588 0.00104910
v 0.01624667 -0.09309977 0.00018954
v 0.01560103 -0.09362351 0.00205290
v 0.01373380 -0.09423512 0.00930315
v 0.01633888 -0.09298348 0.00319850
v 0.01744043 -0.08961433 0.00731659
v 0.01171451 -0.09544056 0.00605863
v 0.01425206 -0.09410262 0.01076841
v 0.01685541 -0.09216415 0.00547534
v 0.01510775 -0.09386599 0.01065433
v 0.01456332 -0.09402889 0.00187141
v 0.01373380 -0.09423512 0.00984251
v 0.01184087 -0.09907805 0.00330466
v 0.01183938 -0.09907668 0.00547445
v 0.01624667 -0.09309977 0.00018954
v 0.01567888 -0.09356957 0.00233692
v 0.01173156 -0.09539049 0.00702923
v 0.01282680 -0.09447735 0.00885695
v 0.01607465 -0.09325635 0.00319850
v 0.01499891 -0.09390443 0.01104134
v 0.01502174 -0.09389448 0.01107764
v 0.01160800 -0.09574484 0.00633830
v 0.01699781 0.04245841 0.07343780
v 0.01679325 0.04194748 0.07671642
v 0.01876997 0.04110080 0.07671642
v 0.01281958 -0.09447872 -0.00042854
v 0.01499891 -0.09390443 0.01104134
v 0.01502174 -0.09389448 0.01107764
v 0.01391458 -0.09419065 0.01110613
v 0.01502174 -0.09389448 0.01107764
v 0.01557403 -0.09363818 0.01120734
v 0.01458472 -0.09403741 0.01129305
v 0.01176553 -0.09533309 0.00955915
v 0.01391458 -0.09419065 0.01110613
v 0.01502174 -0.09389448 0.01107764
v 0.01458472 -0.09403741 0.01129305
v 0.01558023 -0.09362840 0.00271457
v 0.01261723 -0.09455674 -0.00039570
v 0.01281958 -0.09447872 -0.00042854
v 0.01373380 -0.09423512 -0.00040965
v 0.01261723 -0.09455674 -0.00039570
v 0.01253545 -0.09459537 0.00885695
v 0.01595211 -0.09336942 0.00309241
v 0.01220470 -0.09480237 0.00850576
v 0.01253545 -0.09459537 0.00885695
v 0.01282680 -0.09447735 0.00885695
v 0.01328033 -0.09435623 0.00908005
v 0.01746535 -0.08919912 0.00702095
v 0.01261723 -0.09455674 -0.00039570
v 0.01192122 -0.09507685 0.00860488
v 0.01192122 -0.09507685 0.00860488
v 0.01246809 -0.09460955 0.00966293
v 0.01217329 -0.09480398 -0.00040864
v 0.01274168 -0.09449738 -0.00054919
v 0.01261723 -0.09455674 -0.00039570
v 0.01253545 -0.09459537 0.00885695
v -0.00434732 0.04552721 0.07343780
v -0.00429499 0.04497951 0.07671642
v -0.00214994 0.04513293 0.07671642
v 0.01184087 -0.09907805 0.00330466
v 0.01183938 -0.09907668 0.00547445
v 0.01184087 -0.09907805 0.00418043
v 0.01282417 -0.09447860 0.01082062
v 0.01249450 -0.09461575 -0.00030172
v 0.01276886 -0.09449017 -0.00016265
v 0.01738089 -0.09016829 0.00835389
v 0.01190286 -0.09939193 0.00420874
v 0.01184087 -0.09907805 0.00418043
v 0.01183938 -0.09907668 0.00547445
v 0.01500546 -0.09390026 0.00271457
v 0.01567888 -0.09356957 0.00233692
v 0.01624667 -0.09309977 0.00018954
v 0.01558023 -0.09362840 0.00271457
v 0.01382917 -0.09421366 0.01100444
v 0.01639115 -0.09293115 0.00485039
v 0.01221323 -0.09478026 -0.00015903
v 0.01223862 -0.09476917 -0.00010747
v 0.01268106 -0.09453636 0.01007562
v 0.01297539 -0.09442573 0.01125174
v 0.01567888 -0.09356957 0.00374252
v 0.01270097 -0.09452331 0.01043999
v 0.01512050 -0.09384846 0.00349706
v 0.01210433 -0.09487515 0.00853652
v 0.01249450 -0.09461575 -0.00030172
v 0.01221323 -0.09478026 -0.00015903
v 0.01215398 -0.09483182 -0.00032282
v 0.01160299 -0.09576505 0.00910985
v 0.01217329 -0.09480398 -0.00040864
v 0.01249450 -0.09461575 -0.00030172
v 0.01215398 -0.09483182 -0.00032282
v 0.01607465 -0.09325635 0.00418043
v 0.01151669 -0.09676611 0.00885010
v 0.01245343 -0.09463620 0.01007562
v 0.01204621 -0.09492278 0.01033413
v 0.01709634 -0.09154224 0.00736785
v 0.01249450 -0.09461575 0.00030505
v 0.01282680 -0.09447735 0.00115633
v 0.01229918 -0.09473121 0.01014125
v 0.01193028 -0.09506320 0.01039177
v 0.01743912 -0.08961594 0.00800669
v 0.01191812 -0.09949177 0.00509477
v 0.01738089 -0.09016829 0.00835389
v 0.01743912 -0.08961594 0.00800669
v 0.01718533 -0.08988147 0.00861484
v 0.01245415 -0.09463191 0.01082307
v 0.01221323 -0.09478026 -0.00015903
v 0.01223862 -0.09476917 -0.00010747
v 0.01197540 -0.09501278 -0.00007701
v 0.01283532 -0.09447520 0.01104199
v 0.01581019 -0.09349220 0.00425631
v 0.01237094 -0.09467291 0.00105232
v 0.01253545 -0.09459537 0.00069365
v 0.01215398 -0.09483182 -0.00032282
v 0.01221323 -0.09478026 -0.00015903
v 0.01184713 -0.09515875 -0.00027060
v 0.01217329 -0.09480398 -0.00040864
v 0.01249235 -0.09462505 0.01098293
v 0.01283532 -0.09447520 0.01104199
v 0.01382917 -0.09421366 0.01100444
v 0.01249235 -0.09462505 0.01098293
v 0.01218664 -0.09480804 0.00027416
v 0.01197540 -0.09501278 -0.00007701
v 0.01223862 -0.09476917 -0.00010747
v 0.01218664 -0.09480804 0.00027416
v 0.01197540 -0.09501278 -0.00007701
v 0.01253545 -0.09459537 0.01082766
v 0.01249235 -0.09462505 0.01098293
v 0.01391458 -0.09419065 0.01110613
v 0.01297539 -0.09442573 0.01125174
v 0.01282417 -0.09447860 0.01082062
v 0.01253545 -0.09459537 0.01082766
v 0.01245415 -0.09463191 0.01082307
v 0.01218664 -0.09480804 0.00033593
v 0.01245415 -0.09463191 0.01082307
v 0.01249235 -0.09462505 0.01098293
v 0.01197540 -0.09501278 -0.00007701
v 0.01218664 -0.09480804 0.00027416
v 0.01184713 -0.09515875 -0.00027060
v 0.01204621 -0.09492278 0.01033413
v 0.01212275 -0.09486120 0.00033593
v 0.01184713 -0.09515875 -0.00027060
v 0.01262027 -0.09454005 0.01121348
v 0.01218640 -0.09480327 0.01079201
v 0.01253545 -0.09459537 0.00107729
v 0.01581019 -0.09349220 0.00425631
v 0.05624979 -0.00783491 0.00999999
v 0.05323219 -0.00823223 0.00999999
v 0.05374979 -0.00783491 0.00999999
v 0.01212275 -0.09486120 0.01082766
v 0.01212275 -0.09486120 0.01082766
v 0.01249235 -0.09462505 0.01098293
v 0.01212680 -0.09485429 0.01107561
v 0.01218640 -0.09480327 0.01079201
v 0.01262027 -0.09454005 0.01121348
v 0.01184713 -0.09515875 -0.00027060
v 0.01174712 -0.09533721 0.01086968
v 0.01174008 -0.09853142 0.00731629
v 0.01253545 -0.09459537 0.00107729
v 0.01282680 -0.09447735 0.00115633
v 0.01237094 -0.09467291 0.00105232
v 0.01212275 -0.09486120 0.01082766
v 0.01212680 -0.09485429 0.01107561
v 0.01164466 -0.09560739 -0.00002953
v 0.01738220 -0.09017115 0.00885695
v 0.01649260 -0.09278255 0.00622946
v 0.00257075 0.06379467 0.01856946
v 0.00255233 0.06333643 0.02130186
v 0.00510055 0.06318229 0.02130186
v 0.01174712 -0.09533721 0.01086968
v 0.01173996 -0.09853142 0.00800157
v 0.01282680 -0.09447735 0.00115633
v 0.01406335 -0.09415036 0.00147891
v 0.01237094 -0.09467291 0.00105232
v 0.01184034 -0.09907430 0.00731736
v 0.01190268 -0.09940874 0.00622946
v 0.01151204 -0.09670650 0.01007574
v 0.01151800 -0.09687936 0.00931209
v 0.01541358 -0.08791881 0.00640148
v 0.01543956 -0.08783543 0.00554448
v 0.01501762 -0.08760154 0.00476265
v 0.01174712 -0.09533721 0.01086968
v 0.01156437 -0.09591555 0.01056855
v 0.01153516 -0.09617143 0.01017606
v 0.01173245 -0.09848862 0.00835282
v 0.00865531 0.04490780 0.07343780
v 0.00855112 0.04436761 0.07671642
v 0.01065254 0.04391044 0.07671642
v 0.01144498 -0.09760147 0.00930989
v 0.01159948 -0.09765774 0.00885695
v 0.01160585 -0.09767782 0.00928050
v 0.01130968 -0.09827309 0.00837862
v 0.01160895 -0.09774333 0.00835287
v 0.01153516 -0.09617143 0.01017606
v 0.01156437 -0.09591555 0.01056855
v 0.01133704 -0.09622174 0.01032441
v 0.01160585 -0.09767782 0.00928050
v 0.01608908 -0.09325486 0.00628573
v 0.01253545 -0.09459537 0.00198489
v 0.01282680 -0.09447735 0.00233692
v 0.01245343 -0.09463614 0.00198489
v 0.01649260 -0.09278255 0.00622946
v 0.01608908 -0.09325486 0.00628573
v 0.01607465 -0.09325635 0.00625360
v 0.01164466 -0.09560739 -0.00002953
v 0.01738220 -0.09017115 0.00885695
v 0.01721465 -0.09036731 0.00917840
v 0.01727771 -0.09086561 0.00890660
v 0.01721465 -0.09036731 0.00917840
v 0.01726675 -0.09089499 0.00963980
v 0.01727771 -0.09086561 0.00890660
v 0.00126201 -0.04499381 0.08604997
v 0.00000000 -0.04499983 0.08003574
v 0.00214112 -0.04494905 0.08003574
v 0.00427741 -0.04479610 0.08003574
v 0.00427741 -0.04479610 0.08604997
v 0.00640416 -0.04454201 0.08003574
v 0.00640416 -0.04454201 0.08604997
v 0.00851625 -0.04418683 0.08003574
v 0.00851625 -0.04418683 0.08604997
v 0.01060909 -0.04373157 0.08003574
v 0.01267778 -0.04317700 0.08003574
v 0.01164597 -0.04347467 0.08604919
v 0.01471787 -0.04252505 0.08003574
v 0.01471787 -0.04252505 0.08604997
v 0.02026671 0.06070613 0.01580351
v 0.01780587 0.06147313 0.01580351
v 0.01776301 0.06132555 0.01856946
v 0.01672476 -0.04177641 0.08003574
v -0.05873727 -0.02502566 0.01856940
v -0.05969732 -0.02264010 0.01856940
v -0.05984085 -0.02269452 0.01580345
v 0.01789253 -0.04130202 0.08604943
v 0.01869362 -0.04093343 0.08003574
v 0.02061998 -0.03999745 0.08003574
v 0.02271908 -0.03888082 0.08604967
v 0.02249979 -0.03897100 0.08003574
v 0.02432864 -0.03785640 0.08003574
v 0.02610254 -0.03665596 0.08003574
v 0.02710765 -0.03593564 0.08605182
v 0.02781713 -0.03537225 0.08003574
v 0.02946871 -0.03400874 0.08003574
v 0.03041642 -0.03318119 0.08604925
v 0.03105354 -0.03256785 0.08003574
v 0.03256785 -0.03105360 0.08003574
v 0.03256785 -0.03105360 0.08604997
v 0.03400868 -0.02946877 0.08003574
v 0.03400868 -0.02946877 0.08604997
v 0.03537219 -0.02781713 0.08003580
v 0.03683894 -0.02590084 0.08604997
v 0.03665590 -0.02610260 0.08003580
v 0.03785640 -0.02432870 0.08003580
v 0.03897094 -0.02249985 0.08003580
v 0.03897094 -0.02249985 0.08604997
v 0.03999739 -0.02062004 0.08604997
v 0.03999739 -0.02062004 0.08003580
v 0.04093343 -0.01869368 0.08003580
v 0.04148185 -0.01747483 0.08604907
v 0.04177635 -0.01672482 0.08003580
v 0.04252499 -0.01471793 0.08003580
v 0.04287004 -0.01370716 0.08605009
v 0.04317700 -0.01267778 0.08003580
v 0.04373151 -0.01060909 0.08003580
v 0.04373151 -0.01060909 0.08604997
v 0.04418677 -0.00851631 0.08003580
v 0.04418677 -0.00851631 0.08604997
v 0.03913044 0.02259182 0.07671642
v 0.03801137 0.02442818 0.07671642
v 0.03785640 0.02432858 0.08003580
v 0.04454195 -0.00640416 0.08003580
v 0.04454195 -0.00640422 0.08604997
v -0.04418677 -0.00851631 0.08604997
v -0.04418677 -0.00851631 0.08003580
v 0.04479604 -0.00427753 0.08003580
v 0.04488307 -0.00339800 0.08604997
v -0.01691401 -0.04833757 0.05701911
v -0.01139563 -0.04992759 0.05701911
v -0.01088744 -0.04770112 0.06362962
v 0.04494899 -0.00214124 0.08003580
v 0.04500347 0.00107294 0.08604997
v 0.04499977 0.00000000 0.08003580
v 0.04494899 0.00214112 0.08003580
v 0.04479604 0.00427741 0.08003580
v 0.04467022 0.00553221 0.08605003
v 0.04454195 0.00640404 0.08003580
v 0.04418677 0.00851625 0.08003580
v 0.04396378 0.00966251 0.08604967
v 0.04373151 0.01060909 0.08003580
v 0.04317700 0.01267772 0.08003580
v 0.04317700 0.01267772 0.08604997
v 0.04252499 0.01471781 0.08003580
v 0.04216969 0.01572644 0.08604955
v 0.04177635 0.01672476 0.08003580
v 0.04093343 0.01869362 0.08003580
v 0.04093343 0.01869362 0.08604997
v 0.03375804 -0.03218811 0.07024013
v 0.03309965 -0.03156048 0.07343775
v 0.03156042 -0.03309965 0.07343775
v 0.03947138 0.02164727 0.08605045
v 0.03999739 0.02061992 0.08003580
v 0.03897094 0.02249974 0.08003580
v 0.03727245 0.02522468 0.08605116
v 0.03665590 0.02610248 0.08003580
v 0.03537219 0.02781707 0.08604997
v 0.03537219 0.02781707 0.08003580
v 0.03400868 0.02946865 0.08003580
v 0.03330469 0.03027397 0.08604812
v 0.03256785 0.03105348 0.08003580
v 0.03027921 0.03331089 0.08605003
v 0.03105354 0.03256779 0.08003580
v 0.02946871 0.03400868 0.08003580
v 0.02781713 0.03537213 0.08003580
v 0.02781713 0.03537213 0.08605003
v 0.02610254 0.03665584 0.08003580
v 0.02610254 0.03665584 0.08605003
v 0.02432864 0.03785634 0.08003580
v 0.02432864 0.03785634 0.08605003
v 0.02249979 0.03897088 0.08605003
v 0.02249979 0.03897088 0.08003580
v 0.02061998 0.03999733 0.08003580
v 0.02061998 0.03999733 0.08605003
v 0.01869362 0.04093337 0.08003580
v 0.01771891 0.04137235 0.08605003
v 0.01672476 0.04177629 0.08003580
v 0.01294410 0.04313200 0.08604985
v 0.01471787 0.04252493 0.08003580
v 0.01267778 0.04317694 0.08003580
v 0.01060909 0.04373145 0.08003580
v 0.00851625 0.04418671 0.08605003
v 0.00851625 0.04418671 0.08003580
v 0.00640416 0.04454189 0.08003580
v 0.00534534 0.04468894 0.08605003
v 0.00427741 0.04479598 0.08003580
v 0.00214112 0.04494893 0.08605003
v 0.00214112 0.04494893 0.08003580
v 0.00000000 0.04499971 0.08003580
v 0.00000000 0.04499971 0.08605003
v -0.04475486 0.01314097 0.07024019
v -0.04532945 0.01099658 0.07024019
v -0.04444515 0.01078224 0.07343780
v -0.04373151 0.01060909 0.08003580
v -0.04391050 0.01065248 0.07671642
v -0.04418677 0.00851625 0.08003580
v -0.04490786 0.00865525 0.07343780
v -0.04580134 0.00882745 0.07024019
v -0.04436767 0.00855106 0.07671642
v -0.04454195 0.00640404 0.08003580
v -0.04479604 0.00427741 0.08003580
v -0.04472410 0.00643027 0.07671642
v 0.06056070 -0.02021813 0.01856940
v 0.05984085 -0.02269452 0.01580345
v -0.04526901 0.00650865 0.07343780
v -0.04616940 0.00663811 0.07024019
v -0.04552727 0.00434721 0.07343780
v -0.04497957 0.00429487 0.07671642
v -0.04643309 0.00443375 0.07024019
v 0.03600823 -0.05216699 0.02130180
v 0.03387862 -0.05357480 0.02130180
v 0.02620941 -0.03680580 0.07671636
v -0.04494899 0.00214112 0.08003580
v -0.04499977 0.00000000 0.08003580
v -0.04513299 0.00214982 0.07671642
v 0.01495826 0.04321897 0.07343780
v 0.01477807 0.04269886 0.07671642
v -0.04568254 0.00217605 0.07343780
v -0.04659146 0.00221932 0.07024019
v 0.02259188 0.03913038 0.07671642
v 0.02070438 0.04016125 0.07671642
v -0.04573452 0.00000000 0.07343780
v -0.04518419 0.00000000 0.07671642
v -0.04664427 0.00000000 0.07024019
v 0.03801137 -0.02442824 0.07671636
v 0.03913044 -0.02259194 0.07671636
v -0.04494899 -0.00214124 0.08003580
v -0.04568254 -0.00217617 0.07343780
v -0.04659146 -0.00221944 0.07024019
v -0.03420579 -0.05409198 0.01580345
v -0.03200000 -0.05542564 0.01580345
v -0.03192323 -0.05529248 0.01856940
v -0.04454195 -0.00640416 0.08003580
v 0.01294410 0.04313200 0.08604985
v -0.04552727 -0.00434732 0.07343780
v -0.04643309 -0.00443375 0.07024019
v -0.00764054 -0.06292569 0.02130174
v -0.00769579 -0.06338095 0.01856940
v -0.00513750 -0.06363946 0.01856940
v -0.04472410 -0.00643039 0.07671642
v -0.04616940 -0.00663817 0.07024019
v -0.04526901 -0.00650871 0.07343775
v -0.04500281 -0.00088397 0.08604997
v -0.03897094 0.02249974 0.08604997
v -0.04061025 0.01941448 0.08604913
v -0.04490786 -0.00865537 0.07343775
v -0.04580134 -0.00882751 0.07024019
v -0.00214112 0.04494893 0.08003580
v 0.00000000 0.04518413 0.07671642
v -0.04436767 -0.00855118 0.07671642
v -0.04391050 -0.01065260 0.07671642
v -0.04910033 -0.04008919 0.02130180
v -0.04851329 -0.03960973 0.02396643
v -0.05006885 -0.03762418 0.02396643
v 0.00454736 -0.05399990 0.00257045
v 0.00357348 -0.05399996 0.00166756
v -0.04335391 -0.01272988 0.07671642
v -0.04388195 -0.01288491 0.07343775
v 0.00252175 0.06257891 0.02396649
v 0.00000000 0.06338781 0.02130186
v -0.04269891 -0.01477813 0.07671642
v -0.04252499 -0.01471793 0.08003580
v -0.03999739 0.02061992 0.08003580
v -0.03897094 0.02249974 0.08003580
v -0.03913044 0.02259182 0.07671642
v -0.04194754 -0.01679331 0.07671642
v -0.04407870 -0.01525568 0.07024019
v 0.03960710 -0.02286732 0.07343775
v -0.04321897 -0.01495832 0.07343775
v -0.01060909 0.04373145 0.08003580
v -0.00851625 0.04418671 0.08003580
v -0.00855112 0.04436761 0.07671642
v -0.04245847 -0.01699781 0.07343775
v -0.04330307 -0.01733595 0.07024019
v -0.04110080 -0.01877003 0.07671636
v -0.04093343 -0.01869368 0.08003580
v 0.02442824 -0.03801137 0.07671636
v 0.03835529 -0.05104160 0.01856940
v 0.03635615 -0.05267077 0.01580345
v -0.04242897 -0.01937675 0.07024019
v -0.00255233 -0.06333649 0.02130174
v -0.00252175 -0.06257897 0.02396643
v -0.00503951 -0.06242650 0.02396643
v -0.03999739 -0.02062004 0.08003580
v -0.04016131 -0.02070444 0.07671636
v -0.03913044 -0.02259194 0.07671636
v -0.04065030 -0.02095681 0.07343775
v -0.04160141 -0.01899886 0.07343775
v 0.04160141 -0.01899886 0.07343775
v 0.04110080 -0.01877003 0.07671636
v 0.04016131 -0.02070444 0.07671636
v -0.04145908 -0.02137351 0.07024019
v 0.00643027 -0.04472434 0.07671636
v 0.00429499 -0.04497963 0.07671636
v 0.00434732 -0.04552733 0.07343775
v -0.03960710 -0.02286732 0.07343775
v -0.04039514 -0.02332216 0.07024019
v 0.05624979 -0.01216495 0.00999999
v 0.05499982 -0.01249980 0.00999999
v -0.03785640 -0.02432870 0.08003580
v -0.03897094 -0.02249985 0.08003580
v -0.03801137 -0.02442824 0.07671636
v -0.03847432 -0.02472597 0.07343775
v -0.03923964 -0.02521783 0.07024019
v -0.03270131 0.03118062 0.07671642
v -0.03256785 0.03105348 0.08003580
v -0.03105354 0.03256779 0.08003580
v -0.03665590 -0.02610260 0.08003580
v -0.03680574 -0.02620941 0.07671636
v -0.03799510 -0.02705639 0.07024019
v -0.03725427 -0.02652865 0.07343775
v 0.03412359 0.05396229 0.01856946
v 0.03192323 0.05529248 0.01856946
v 0.03169393 0.05489546 0.02130186
v -0.03537219 -0.02781713 0.08003580
v -0.03400868 -0.02946877 0.08003574
v -0.03551697 -0.02793103 0.07671636
v -0.02173727 0.03941458 0.08604818
v -0.02432864 0.03785634 0.08605003
v -0.02874475 0.03463411 0.08605146
v -0.03666484 -0.02883344 0.07024019
v -0.03594958 -0.02827107 0.07343775
v -0.03414773 -0.02958941 0.07671636
v -0.03270131 -0.03118062 0.07671636
v -0.03456372 -0.02994978 0.07343775
v -0.03525120 -0.03054553 0.07024013
v -0.03375804 -0.03218811 0.07024013
v -0.03309965 -0.03156048 0.07343775
v -0.03105354 -0.03256785 0.08003574
v -0.03256785 -0.03105360 0.08003574
v -0.03118062 -0.03270137 0.07671636
v -0.03218805 -0.03375810 0.07024013
v -0.03156042 -0.03309965 0.07343775
v -0.02946871 -0.03400874 0.08003574
v -0.02958935 -0.03414779 0.07671636
v -0.03835529 0.05104160 0.01856946
v -0.03626883 0.05254459 0.01856946
v -0.03635615 0.05267077 0.01580351
v -0.03054547 -0.03525125 0.07024013
v -0.02994972 -0.03456372 0.07343775
v -0.01065254 -0.04391056 0.07671636
v -0.01060909 -0.04373157 0.08003574
v -0.01267778 -0.04317700 0.08003574
v -0.02883338 -0.03666490 0.07024013
v -0.02610254 -0.03665596 0.08003574
v -0.02781713 -0.03537225 0.08003574
v -0.02652841 -0.03725427 0.07343775
v -0.02705633 -0.03799515 0.07024013
v -0.01640260 -0.06121546 0.02130174
v -0.01498824 -0.06080985 0.02396643
v -0.01742464 -0.06015700 0.02396643
v -0.00607592 -0.05399996 0.00170463
v -0.00640196 -0.06199973 0.00159323
v -0.00639254 -0.06199979 0.00136661
v -0.02432864 -0.03785640 0.08003574
v -0.02442824 -0.03801137 0.07671636
v -0.02259188 -0.03913050 0.07671636
v -0.02472597 -0.03847438 0.07343775
v -0.02521777 -0.03923970 0.07024013
v -0.03807955 0.05067491 0.02130186
v -0.03762418 0.05006885 0.02396649
v -0.02652841 0.03725421 0.07343780
v -0.02620941 0.03680568 0.07671642
v -0.02442824 0.03801131 0.07671642
v -0.02286726 -0.03960710 0.07343775
v -0.02332210 -0.04039514 0.07024013
v -0.02249979 -0.03897100 0.08003574
v -0.02061998 -0.03999745 0.08003574
v -0.01869362 -0.04093343 0.08003574
v -0.02070438 -0.04016137 0.07671636
v 0.05104160 -0.03835529 0.01856940
v 0.05067497 -0.03807955 0.02130180
v 0.04910033 -0.04008919 0.02130180
v -0.02095675 -0.04065036 0.07343775
v -0.02137351 -0.04145914 0.07024013
v -0.01899880 -0.04160147 0.07343775
v -0.01876997 -0.04110085 0.07671636
v -0.03294944 -0.04816401 0.02199995
v -0.03266412 -0.04307132 0.02199995
v -0.03115302 -0.05010455 0.02199995
v -0.01937669 -0.04242897 0.07024013
v -0.01672476 -0.04177641 0.08003574
v -0.01471787 -0.04252505 0.08003574
v -0.01679325 -0.04194760 0.07671636
v -0.01699781 -0.04245853 0.07343775
v -0.01733589 -0.04330307 0.07024013
v -0.01477807 -0.04269897 0.07671636
v -0.01495826 -0.04321902 0.07343775
v -0.01525563 -0.04407876 0.07024013
v 0.01679325 -0.04194760 0.07671636
v 0.01477807 -0.04269897 0.07671636
v 0.01495826 -0.04321902 0.07343775
v -0.01272982 -0.04335397 0.07671636
v -0.01288491 -0.04388201 0.07343775
v -0.01314121 -0.04475492 0.07024013
v 0.01288491 -0.04388201 0.07343775
v 0.00000000 0.06399995 0.01580351
v -0.00257695 0.06394809 0.01580351
v -0.00257075 0.06379467 0.01856946
v -0.01078230 -0.04444539 0.07343775
v -0.00855112 -0.04436767 0.07671636
v -0.01099658 -0.04532951 0.07024013
v -0.02021813 -0.06056070 0.01856940
v -0.03387862 0.05357474 0.02130186
v -0.00865531 -0.04490792 0.07343775
v -0.00640416 -0.04454201 0.08003574
v -0.00851625 -0.04418683 0.08003574
v -0.00882745 -0.04580140 0.07024013
v -0.00217605 0.04568248 0.07343780
v -0.00221932 0.04659140 0.07024019
v -0.00443375 0.04643303 0.07024019
v -0.00427741 -0.04479610 0.08003574
v -0.00643027 -0.04472434 0.07671636
v -0.00650865 -0.04526907 0.07343775
v -0.00663817 -0.04616940 0.07024013
v 0.00650865 -0.04526907 0.07343775
v 0.00865531 -0.04490792 0.07343775
v 0.00855112 -0.04436767 0.07671636
v -0.00429499 -0.04497963 0.07671636
v -0.00434732 -0.04552733 0.07343775
v -0.00443375 -0.04643309 0.07024013
v -0.02137351 0.04145902 0.07024019
v -0.02095675 0.04065024 0.07343780
v -0.01899880 0.04160135 0.07343780
v -0.00217605 -0.04568260 0.07343775
v 0.02021813 0.06056070 0.01856946
v 0.02007269 0.06012547 0.02130186
v -0.00221932 -0.04659146 0.07024013
v 0.00000000 -0.04573458 0.07343775
v 0.00214994 -0.04513305 0.07671636
v 0.00000000 -0.04664433 0.07024013
v 0.04778975 0.04233801 0.01856946
v 0.04744637 0.04203391 0.02130186
v 0.04910033 0.04008919 0.02130186
v -0.00427741 0.04479598 0.08003580
v 0.00000000 0.04573446 0.07343780
v 0.03456372 0.02994972 0.07343780
v 0.03414773 0.02958929 0.07671642
v 0.03551697 0.02793097 0.07671642
v -0.03801137 0.02442818 0.07671642
v -0.03725427 0.02652841 0.07343780
v 0.00217605 0.04568248 0.07343780
v 0.00434732 0.04552721 0.07343780
v 0.00443375 0.04643303 0.07024019
v -0.00643027 0.04472404 0.07671642
v -0.00640416 0.04454189 0.08003580
v -0.00663817 0.04616940 0.07024019
v 0.04444515 -0.01078236 0.07343775
v 0.04391050 -0.01065260 0.07671642
v 0.04335391 -0.01272988 0.07671642
v -0.00650865 0.04526895 0.07343780
v -0.00865531 0.04490780 0.07343780
v -0.00882745 0.04580128 0.07024019
v 0.00650865 0.04526895 0.07343780
v 0.00643027 0.04472404 0.07671642
v -0.01065254 0.04391044 0.07671642
v 0.04194754 -0.01679331 0.07671642
v -0.01099658 0.04532939 0.07024019
v -0.05258738 -0.00314528 0.02199989
v -0.05513072 -0.00294495 0.02199995
v -0.05640411 -0.00244772 0.02199995
v 0.02967095 0.05653303 0.01856946
v 0.02945762 0.05612713 0.02130186
v -0.01267778 0.04317694 0.08003580
v -0.01078230 0.04444509 0.07343780
v -0.01314121 0.04475480 0.07024019
v -0.06333643 0.00255233 0.02130180
v -0.06257891 0.00252175 0.02396649
v -0.06242644 0.00503951 0.02396649
v -0.04037940 -0.04945582 0.01856940
v -0.04233801 -0.04778975 0.01856940
v -0.04243963 -0.04790467 0.01580345
v -0.01471787 0.04252493 0.08003580
v 0.01525563 0.04407864 0.07024019
v -0.06056070 -0.02021813 0.01856940
v -0.06132555 -0.01776301 0.01856940
v -0.06147313 -0.01780593 0.01580345
v -0.01672476 0.04177629 0.08003580
v -0.01679325 0.04194748 0.07671642
v -0.01876997 0.04110080 0.07671642
v 0.06210666 -0.01267910 0.02130180
v 0.06080985 -0.01498824 0.02396649
v 0.05529248 -0.03192323 0.01856940
v 0.05489546 -0.03169393 0.02130180
v 0.05357480 -0.03387862 0.02130180
v -0.05871933 0.00592703 0.02199989
v -0.05896276 0.00209492 0.02199995
v -0.05896276 0.00209498 0.00000000
v -0.02070438 0.04016125 0.07671642
v -0.01869362 0.04093337 0.08003580
v 0.01899880 0.04160135 0.07343780
v 0.01937669 0.04242897 0.07024019
v 0.01078230 -0.04444539 0.07343775
v 0.01272982 -0.04335397 0.07671636
v -0.02061998 0.03999733 0.08003580
v -0.02259188 0.03913038 0.07671642
v -0.02249979 0.03897088 0.08003580
v -0.02332210 0.04039508 0.07024019
v 0.02095675 0.04065024 0.07343780
v 0.02286726 0.03960704 0.07343780
v 0.02332210 0.04039508 0.07024019
v 0.04016131 0.02070432 0.07671642
v 0.04065030 0.02095669 0.07343780
v -0.02432864 0.03785634 0.08003580
v -0.02610254 0.03665584 0.08003580
v -0.06301969 0.01024150 0.01856946
v -0.06255620 0.01277089 0.01856946
v -0.06270658 0.01280140 0.01580345
v -0.03960710 0.02286720 0.07343780
v 0.06181854 0.01004648 0.02396649
v 0.06256699 0.01016789 0.02130180
v 0.06210666 0.01267910 0.02130180
v -0.02781713 0.03537213 0.08003580
v -0.02705633 0.03799510 0.07024019
v 0.04828751 0.03288310 0.02200001
v 0.04930645 0.03213381 0.02200001
v 0.05010455 0.03115302 0.02200001
v -0.02793097 0.03551691 0.07671642
v -0.02827101 0.03594952 0.07343780
v -0.02946871 0.03400868 0.08003580
v -0.02883338 0.03666484 0.07024019
v 0.03594958 0.02827095 0.07343780
v 0.03680574 0.02620935 0.07671642
v -0.02958935 0.03414767 0.07671642
v -0.02994972 0.03456372 0.07343780
v -0.00513750 0.06363940 0.01856946
v -0.00769579 0.06338095 0.01856946
v -0.00764054 0.06292569 0.02130186
v -0.03054547 0.03525120 0.07024019
v -0.03118062 0.03270125 0.07671642
v -0.00257075 -0.06379473 0.01856940
v -0.03218805 0.03375798 0.07024019
v -0.03156042 0.03309959 0.07343780
v -0.01520067 -0.05651068 0.02199995
v -0.01619833 -0.05657917 0.02199989
v -0.01748490 -0.05635720 0.02199882
v -0.03309965 0.03156036 0.07343780
v -0.03375804 0.03218799 0.07024019
v -0.03414773 0.02958929 0.07671642
v -0.03400868 0.02946865 0.08003580
v -0.03525120 0.03054547 0.07024019
v -0.03456372 0.02994972 0.07343780
v -0.03387862 -0.05357480 0.02130180
v -0.03412359 -0.05396229 0.01856940
v -0.03666484 0.02883332 0.07024019
v -0.03537219 0.02781707 0.08003580
v -0.03665590 0.02610248 0.08003580
v -0.03799510 0.02705609 0.07024019
v 0.05366587 -0.01785463 0.02199983
v 0.05467271 -0.02008903 0.02199995
v 0.05199450 -0.01650488 0.02199989
v 0.00449854 -0.05400002 0.01048195
v 0.00239390 -0.05399990 0.01200914
v -0.03785640 0.02432858 0.08003580
v -0.03847432 0.02472591 0.07343780
v -0.03923964 0.02521777 0.07024019
v 0.03725427 0.02652841 0.07343780
v 0.03847432 0.02472591 0.07343780
v 0.03923964 0.02521777 0.07024019
v 0.00573385 -0.05088955 0.05701911
v 0.01139563 -0.04992759 0.05701911
v 0.01088744 -0.04770112 0.06362962
v -0.04039514 0.02332210 0.07024019
v 0.04336208 -0.02724605 0.05701911
v 0.04614001 -0.02221989 0.05701911
v 0.04408252 -0.02122884 0.06362962
v -0.04016131 0.02070432 0.07671642
v -0.04065030 0.02095669 0.07343780
v -0.04145908 0.02137351 0.07024019
v -0.04110080 0.01876991 0.07671642
v -0.04093343 0.01869362 0.08003580
v -0.06256699 0.01016789 0.02130180
v -0.06210666 0.01267910 0.02130180
v -0.04160141 0.01899874 0.07343780
v -0.04286605 0.01835626 0.07024019
v -0.04194754 0.01679319 0.07671642
v -0.04177635 0.01672476 0.08003580
v 0.05423891 -0.03131479 0.02396643
v 0.05293405 -0.03347343 0.02396643
v -0.04252499 0.01471781 0.08003580
v -0.04245847 0.01699775 0.07343780
v -0.04269891 0.01477807 0.07671642
v -0.04321897 0.01495826 0.07343780
v -0.04407870 0.01525563 0.07024019
v -0.04335391 0.01272976 0.07671642
v -0.04317700 0.01267772 0.08003580
v -0.04388195 0.01288467 0.07343780
v 0.03050601 -0.03825324 0.06362962
v 0.03459179 -0.03548955 0.06179630
v 0.03459709 -0.03459709 0.06362962
v 0.03054547 -0.03525125 0.07024013
v 0.01449304 -0.05030727 0.05371361
v 0.01691401 -0.04833757 0.05701911
v 0.02883338 -0.03666490 0.07024013
v 0.03050601 0.03825312 0.06362968
v 0.02705633 0.03799510 0.07024019
v 0.02883338 0.03666484 0.07024019
v 0.02705633 -0.03799515 0.07024013
v 0.03054547 0.03525120 0.07024019
v 0.01190376 -0.05215400 0.05040854
v 0.01766812 -0.05049324 0.05040854
v 0.02003473 -0.04836821 0.05371361
v 0.02122884 0.04408246 0.06362968
v 0.02090865 -0.05047804 0.04710310
v 0.01842254 -0.05264872 0.04379791
v 0.02420151 -0.05025500 0.04379791
v 0.02321070 -0.04819732 0.05040854
v 0.02642875 -0.04781961 0.04710310
v 0.03366780 -0.03736335 0.05966091
v 0.03487783 -0.03531497 0.06154352
v 0.03050601 -0.03825324 0.06362962
v 0.03487783 -0.03531497 0.06154352
v 0.03459179 -0.03548955 0.06179630
v 0.02753359 -0.04981809 0.04049277
v 0.03089106 -0.04916292 0.03718733
v 0.03303742 -0.04653537 0.04004877
v 0.02967602 -0.04722929 0.04379791
v 0.02221965 0.04613995 0.05701917
v 0.02519232 -0.05231249 0.03718733
v 0.00274336 -0.04885095 0.06362962
v 0.00443375 -0.04643309 0.07024013
v 0.00221932 -0.04659146 0.07024013
v 0.00547814 -0.04862028 0.06362962
v 0.03425961 -0.04828459 0.03388226
v 0.03620117 -0.04539489 0.03718733
v 0.03762519 -0.04718047 0.03057700
v 0.03889065 -0.04439067 0.03442335
v 0.03210604 -0.05109632 0.03057694
v -0.00277531 -0.04942095 0.06197690
v 0.00283927 -0.05056101 0.05867171
v 0.00876951 -0.05161350 0.05371361
v 0.05695950 -0.01993089 0.03057700
v 0.06015700 -0.01742470 0.02396649
v 0.05883312 -0.01342827 0.03057700
v 0.00598955 -0.05315876 0.05040854
v 0.05761808 -0.02454859 0.02396643
v 0.05855983 -0.02220875 0.02396643
v 0.01512545 -0.05250149 0.04710310
v 0.05940639 -0.01983273 0.02396649
v 0.01241195 -0.05438017 0.04379791
v 0.02603119 -0.04142832 0.06362962
v 0.02178239 -0.05258768 0.04049277
v 0.02521777 -0.03923970 0.07024013
v 0.02332210 -0.04039514 0.07024013
v 0.00675654 0.05996662 0.03057706
v 0.01128697 0.06159120 0.02396649
v 0.00754917 0.06217288 0.02396649
v 0.01917678 -0.05480402 0.03718733
v 0.02863824 -0.05181694 0.03388226
v 0.03507912 0.03456830 0.06269115
v 0.03218805 0.03375798 0.07024019
v 0.03375804 0.03218799 0.07024019
v 0.02618300 -0.05436980 0.03057694
v 0.03525120 0.03054547 0.07024019
v 0.03192985 -0.04003882 0.05701911
v 0.03365635 -0.04043626 0.05296772
v 0.00915200 -0.05386507 0.04710310
v 0.03411066 0.03636461 0.06090909
v 0.04360944 -0.03477752 0.04379791
v 0.04208421 -0.03398180 0.04868036
v 0.04397320 -0.03711211 0.03869003
v 0.01575762 -0.05469602 0.04049277
v 0.03340601 0.03930217 0.05594831
v 0.01292008 -0.05660665 0.03718733
v 0.02265650 -0.05469763 0.03388226
v 0.01993083 -0.05695950 0.03057694
v 0.00953454 -0.05611646 0.04049277
v 0.00650084 -0.05769741 0.03718733
v 0.05436974 -0.02618300 0.03057700
v 0.05545586 -0.02910548 0.02396643
v 0.05658268 -0.02684891 0.02396643
v 0.01638966 -0.05689024 0.03388226
v 0.01342827 -0.05883312 0.03057694
v 0.02122884 -0.04408258 0.06362962
v 0.02137351 -0.04145914 0.07024013
v 0.01937669 -0.04242897 0.07024013
v 0.00991708 -0.05836760 0.03388226
v 0.01733589 -0.04330307 0.07024013
v 0.00675654 -0.05996668 0.03057694
v 0.00331956 -0.05911099 0.03388226
v -0.00331956 -0.05911099 0.03388226
v 0.00338352 -0.06025099 0.03057694
v 0.02724599 -0.04336208 0.05701911
v 0.00344759 -0.06139117 0.02727150
v 0.00754917 -0.06217294 0.02396643
v 0.00126082 -0.06260436 0.02396643
v 0.00503951 -0.06242650 0.02396643
v -0.00341546 -0.06082105 0.02892428
v 0.01342827 0.05883306 0.03057706
v 0.01742464 0.06015700 0.02396649
v 0.01498824 0.06080979 0.02396649
v -0.00159639 0.05689805 0.04049283
v -0.00624514 0.05542790 0.04379791
v 0.00159639 0.05689805 0.04049283
v -0.00331956 0.05911093 0.03388226
v 0.00331956 0.05911093 0.03388226
v -0.00341546 0.06082099 0.02892440
v 0.00341546 0.06082099 0.02892440
v 0.00650084 0.05769717 0.03718739
v 0.00624514 0.05542790 0.04379791
v 0.03335350 -0.04182422 0.05040854
v 0.03453183 -0.04224485 0.04731863
v 0.00159639 -0.05689811 0.04049277
v 0.03825318 0.03050601 0.06362968
v 0.03666484 0.02883332 0.07024019
v -0.00287139 -0.05113101 0.05701911
v -0.01329559 -0.06260371 0.00000000
v 0.03799510 0.02705609 0.07024019
v -0.00159639 -0.05689811 0.04049277
v 0.03714382 0.03371596 0.06004136
v 0.05109632 -0.03210604 0.03057700
v 0.05154305 -0.03557777 0.02396643
v 0.01615983 -0.04618227 0.06362962
v 0.01525563 -0.04407876 0.07024013
v 0.01314121 -0.04475492 0.07024013
v 0.02221965 -0.04614007 0.05701911
v 0.01993083 0.05695945 0.03057706
v 0.02454859 0.05761802 0.02396649
v 0.02220875 0.05855977 0.02396649
v 0.01983273 0.05940639 0.02396649
v 0.04142826 0.02603113 0.06362968
v 0.04039514 0.02332210 0.07024019
v 0.04003882 0.03192985 0.05701911
v 0.03889065 0.03339082 0.05688261
v 0.03477752 -0.04360949 0.04379791
v 0.03640174 -0.04369264 0.04063588
v 0.04036265 0.03361195 0.05321466
v 0.04718047 -0.03762519 0.03057700
v 0.04381197 -0.04126209 0.03103852
v 0.04687899 -0.04153120 0.02396643
v 0.04438132 -0.03921622 0.03382170
v 0.04851329 -0.03960973 0.02396643
v 0.05006885 -0.03762418 0.02396643
v 0.02618300 0.05436974 0.03057706
v 0.03131479 0.05423891 0.02396649
v 0.02797710 0.05601924 0.02396649
v 0.01099658 -0.04532951 0.07024013
v 0.00882745 -0.04580140 0.07024013
v 0.04408252 0.02122879 0.06362968
v 0.04145908 0.02137351 0.07024019
v 0.04242897 0.01937669 0.07024019
v 0.04330307 0.01733589 0.07024019
v -0.02974224 -0.05666899 0.01580345
v -0.02743631 -0.05782061 0.01580345
v -0.02737051 -0.05768197 0.01856940
v 0.04336208 0.02724593 0.05701911
v 0.03620117 0.04539483 0.03718739
v 0.03622955 0.04370409 0.04093390
v 0.03835856 0.04433351 0.03555595
v 0.03210604 0.05109632 0.03057706
v 0.03557771 0.05154305 0.02396649
v 0.03347343 0.05293399 0.02396649
v 0.04618221 0.01615983 0.06362968
v 0.04407870 0.01525563 0.07024019
v 0.04475486 0.01314097 0.07024019
v 0.00663817 -0.04616940 0.07024013
v 0.04614001 0.02221965 0.05701911
v 0.03762519 0.04718047 0.03057706
v 0.03960973 0.04851329 0.02396649
v 0.03762418 0.05006885 0.02396649
v 0.04001921 0.04427385 0.03250473
v 0.04770112 0.01088744 0.06362968
v 0.04532945 0.01099658 0.07024019
v 0.04153120 -0.04687905 0.02396643
v 0.04109865 -0.04390716 0.03116571
v 0.04580134 0.00882745 0.07024019
v 0.03557771 -0.05154329 0.02396643
v 0.03762418 -0.05006891 0.02396643
v 0.03960973 -0.04851329 0.02396643
v 0.03966397 -0.04432952 0.03307116
v 0.04833751 0.01691401 0.05701911
v 0.03131479 -0.05423897 0.02396643
v 0.03347343 -0.05293405 0.02396643
v 0.04539489 0.03620111 0.03718739
v 0.04430431 0.03852969 0.03528857
v 0.04384738 0.03650683 0.04010206
v 0.04862028 0.00547814 0.06362968
v 0.04616940 0.00663811 0.07024019
v 0.04643309 0.00443375 0.07024019
v 0.04659146 0.00221932 0.07024019
v 0.04992759 0.01139557 0.05701911
v 0.02454859 -0.05761808 0.02396643
v 0.02910548 -0.05545586 0.02396643
v 0.01742464 -0.06015700 0.02396643
v 0.01983273 -0.05940639 0.02396643
v 0.02220875 -0.05855983 0.02396643
v 0.04718047 0.03762513 0.03057700
v 0.05154305 0.03557771 0.02396649
v 0.04929107 0.03861695 0.02396649
v 0.01004648 -0.06181854 0.02396643
v 0.01252734 -0.06136405 0.02396643
v 0.01498824 -0.06080985 0.02396643
v 0.04892790 0.00000000 0.06362968
v 0.04664427 0.00000000 0.07024019
v 0.04659146 -0.00221944 0.07024019
v 0.00277531 0.04942089 0.06197696
v 0.00547814 0.04862022 0.06362968
v 0.00000000 0.04664421 0.07024019
v 0.00221932 0.04659140 0.07024019
v 0.00573385 0.05088949 0.05701917
v 0.00287139 0.05113095 0.05701917
v 0.05088955 0.00573379 0.05701911
v 0.00598955 0.05315876 0.05040860
v -0.00283927 0.05056095 0.05867177
v 0.00876951 0.05161345 0.05371373
v 0.01190376 0.05215388 0.05040860
v 0.01139563 0.04992753 0.05701917
v 0.01449304 0.05030721 0.05371373
v 0.01766812 0.05049318 0.05040860
v 0.01691401 0.04833751 0.05701917
v 0.00915200 0.05386501 0.04710334
v 0.01241195 0.05438011 0.04379791
v 0.02003473 0.04836797 0.05371367
v 0.02321070 0.04819726 0.05040860
v 0.01512545 0.05250144 0.04710334
v 0.01842254 0.05264866 0.04379791
v 0.00953454 0.05611640 0.04049283
v 0.01292008 0.05660665 0.03718739
v 0.05109632 0.03210604 0.03057700
v 0.05423891 0.03131479 0.02396649
v 0.05293405 0.03347343 0.02396649
v 0.02532428 0.04582083 0.05371367
v 0.02846097 0.04529547 0.05040860
v 0.02090865 0.05047798 0.04710334
v 0.02420151 0.05025494 0.04379791
v 0.04862028 -0.00547820 0.06362968
v 0.04643309 -0.00443375 0.07024019
v 0.04616940 -0.00663817 0.07024019
v 0.04580134 -0.00882751 0.07024019
v 0.01575762 0.05469602 0.04049283
v 0.01917678 0.05480396 0.03718739
v 0.00991708 0.05836755 0.03388226
v 0.05121135 0.00000000 0.05701911
v 0.00503951 0.06242644 0.02396649
v 0.00000000 0.06262969 0.02396649
v 0.03047055 0.04206526 0.05490535
v 0.03404814 0.04144090 0.05000281
v 0.02642875 0.04781955 0.04710334
v 0.02967602 0.04722923 0.04379791
v 0.02178239 0.05258762 0.04049283
v 0.02519232 0.05231243 0.03718739
v 0.01638966 0.05689018 0.03388226
v 0.03206551 0.04454123 0.04639124
v 0.04317659 -0.04232871 0.03023278
v 0.02753359 0.04981803 0.04049283
v 0.03089106 0.04916286 0.03718739
v 0.04516851 -0.04338496 0.02396643
v 0.02265650 0.05469757 0.03388226
v 0.04268687 -0.04287070 0.03013557
v 0.05436974 0.02618294 0.03057700
v 0.05658268 0.02684885 0.02396649
v 0.05545586 0.02910548 0.02396649
v 0.04338496 -0.04516851 0.02396643
v 0.03283220 0.04641526 0.04067659
v 0.05761808 0.02454859 0.02396649
v 0.04770112 -0.01088750 0.06362962
v 0.04532945 -0.01099663 0.07024019
v 0.04475486 -0.01314121 0.07024019
v 0.04235225 -0.04316467 0.03021448
v 0.04226732 0.04323244 0.03024351
v 0.02863824 0.05181694 0.03388226
v 0.04265111 0.04290419 0.03013920
v 0.04198122 0.03046160 0.05511683
v 0.05088955 -0.00573391 0.05701911
v 0.04344290 0.03131556 0.05023998
v 0.04298639 0.04256170 0.03015315
v 0.04289931 0.03444081 0.04600948
v 0.04529547 0.02846091 0.05040860
v 0.03425961 0.04828459 0.03388226
v 0.04582089 0.02532428 0.05371367
v 0.04819732 0.02321064 0.05040860
v 0.04467839 0.03211838 0.04597944
v 0.04648345 0.03294289 0.04032987
v 0.04722929 0.02967602 0.04379791
v 0.05695950 0.01993083 0.03057700
v 0.04836821 0.02003473 0.05371367
v 0.05049324 0.01766812 0.05040860
v 0.06015700 0.01742464 0.02396649
v 0.05940639 0.01983273 0.02396649
v 0.05855983 0.02220875 0.02396649
v 0.04781955 0.02642875 0.04710334
v 0.04618221 -0.01615989 0.06362962
v 0.04407870 -0.01525568 0.07024019
v 0.05025500 0.02420145 0.04379791
v 0.04330307 -0.01733595 0.07024019
v 0.05030727 0.01449304 0.05371367
v 0.05215394 0.01190376 0.05040860
v 0.04992759 -0.01139563 0.05701911
v 0.05047798 0.02090865 0.04710334
v 0.05264872 0.01842254 0.04379791
v 0.04981809 0.02753353 0.04049283
v 0.04916286 0.03089106 0.03718739
v 0.05231249 0.02519232 0.03718739
v 0.04828459 0.03425961 0.03388226
v 0.05161350 0.00876945 0.05371367
v 0.05315876 0.00598943 0.05040860
v 0.05250144 0.01512539 0.04710334
v 0.05438017 0.01241189 0.04379791
v 0.05258762 0.02178233 0.04049283
v 0.05480402 0.01917678 0.03718733
v 0.05181694 0.02863818 0.03388226
v 0.05227082 0.00293541 0.05371367
v 0.05349498 0.00000000 0.05040860
v 0.05883312 0.01342821 0.03057700
v 0.05386501 0.00915200 0.04710334
v 0.05542790 0.00624514 0.04379791
v 0.06136405 0.01252734 0.02396649
v 0.06080985 0.01498824 0.02396649
v 0.05469602 0.01575762 0.04049283
v 0.05660665 0.01292008 0.03718733
v 0.04242897 -0.01937675 0.07024019
v 0.04145908 -0.02137351 0.07024019
v 0.05469763 0.02265644 0.03388226
v 0.04039514 -0.02332216 0.07024019
v 0.05227082 -0.00293547 0.05371367
v 0.05315876 -0.00598955 0.05040860
v 0.05455106 0.00306344 0.04710334
v 0.04833751 -0.01691401 0.05701911
v 0.05577880 0.00000000 0.04379791
v 0.05611640 0.00953454 0.04049283
v 0.05769717 0.00650084 0.03718733
v 0.05689024 0.01638960 0.03388226
v 0.05161350 -0.00876951 0.05371367
v 0.05215394 -0.01190382 0.05040860
v 0.05455106 -0.00306344 0.04710334
v 0.05542790 -0.00624526 0.04379791
v 0.05683112 0.00319147 0.04049277
v 0.05806243 0.00000000 0.03718733
v 0.05836760 0.00991702 0.03388226
v 0.05996662 0.00675654 0.03057700
v 0.05030727 -0.01449310 0.05371367
v 0.05049324 -0.01766836 0.05040860
v 0.05386501 -0.00915205 0.04710334
v 0.05438017 -0.01241195 0.04379791
v 0.05683112 -0.00319159 0.04049277
v 0.05769717 -0.00650096 0.03718733
v 0.06250274 0.00378060 0.02396649
v 0.06217288 0.00754917 0.02396649
v 0.05911093 0.00331956 0.03388226
v 0.06034594 0.00000000 0.03057700
v 0.04836821 -0.02003479 0.05371367
v 0.04819732 -0.02321070 0.05040860
v 0.04142826 -0.02603125 0.06362962
v 0.00663817 0.04616940 0.07024019
v 0.00882745 0.04580128 0.07024019
v 0.05250144 -0.01512545 0.04710334
v 0.05264872 -0.01842260 0.04379791
v 0.01088744 0.04770112 0.06362968
v 0.05611640 -0.00953454 0.04049277
v 0.05660665 -0.01292014 0.03718733
v 0.05911093 -0.00331962 0.03388226
v 0.01099658 0.04532939 0.07024019
v 0.05996662 -0.00675654 0.03057700
v 0.04582089 -0.02532434 0.05371367
v 0.04529547 -0.02846097 0.05040860
v 0.05047798 -0.02090871 0.04710310
v 0.05025500 -0.02420151 0.04379791
v 0.05469602 -0.01575762 0.04049277
v 0.05480402 -0.01917684 0.03718733
v 0.05836760 -0.00991708 0.03388226
v 0.01615983 0.04618221 0.06362968
v 0.04184854 -0.03042668 0.05548781
v 0.04003882 -0.03192991 0.05701911
v 0.04062074 -0.03369855 0.05247986
v 0.01733589 0.04330301 0.07024019
v 0.04288846 -0.03045320 0.05298852
v 0.04781955 -0.02642881 0.04710310
v 0.04722929 -0.02967602 0.04379791
v 0.05258762 -0.02178239 0.04049277
v 0.05231249 -0.02519232 0.03718733
v 0.06250274 -0.00378060 0.02396649
v 0.06262975 0.00000000 0.02396649
v 0.03825318 -0.03050607 0.06362962
v 0.03666484 -0.02883344 0.07024019
v 0.03525120 -0.03054553 0.07024013
v 0.05689024 -0.01638966 0.03388226
v 0.04392617 -0.03156644 0.04868042
v 0.04981809 -0.02753359 0.04049277
v -0.06199121 0.01527941 0.01856946
v 0.04916286 -0.03089112 0.03718733
v 0.05469763 -0.02265650 0.03388226
v 0.02137351 0.04145902 0.07024019
v 0.04485338 -0.03223276 0.04537498
v 0.04648041 -0.03339922 0.03957229
v 0.05181694 -0.02863824 0.03388226
v 0.03040581 -0.04168766 0.05589908
v 0.04539489 -0.03620117 0.03718733
v 0.06217288 -0.00754917 0.02396649
v 0.02979749 -0.04289686 0.05406892
v 0.03741276 -0.03371286 0.05945426
v 0.03218805 -0.03375810 0.07024013
v 0.03130453 -0.04324221 0.05072861
v 0.02521777 0.03923958 0.07024019
v 0.02846097 -0.04529571 0.05040854
v 0.04828459 -0.03425967 0.03388226
v 0.04828459 -0.03425967 0.03388226
v 0.04539489 -0.03620117 0.03718733
v 0.04397320 -0.03711211 0.03869003
v -0.06136405 0.01252734 0.02396649
v -0.06080985 0.01498824 0.02396649
v 0.02532428 -0.04582095 0.05371361
v 0.03219676 -0.04480147 0.04555845
v 0.01280146 0.06270658 0.01580351
v 0.01026630 0.06317120 0.01580351
v 0.02967095 -0.05653309 0.01856940
v 0.03169393 -0.05489552 0.02130180
v 0.03192323 -0.05529248 0.01856940
v 0.00896865 0.06320029 0.01856946
v 0.02974224 -0.05666899 0.01580345
v 0.03200000 -0.05542564 0.01580345
v 0.01763558 0.06088513 0.02130186
v 0.01516968 0.06154572 0.02130186
v 0.02484571 -0.05831551 0.02130174
v 0.01527947 0.06199121 0.01856946
v 0.01531600 0.06214004 0.01580351
v -0.01277089 -0.06255620 0.01856940
v -0.01527947 -0.06199121 0.01856940
v 0.02737051 -0.05768197 0.01856940
v -0.06379467 -0.00257075 0.01856946
v -0.06363946 -0.00513750 0.01856946
v -0.06318229 -0.00510055 0.02130180
v 0.02743631 -0.05782061 0.01580345
v 0.02247744 -0.05926865 0.02130174
v 0.01016795 -0.06256699 0.02130174
v 0.02502566 -0.05873727 0.01856940
v 0.02264004 -0.05969732 0.01856940
v 0.02508586 -0.05887866 0.01580345
v 0.00000000 -0.06400001 0.01580345
v 0.00257695 -0.06394809 0.01580345
v 0.00385404 -0.06371706 0.01856940
v 0.02007269 -0.06012552 0.02130174
v -0.04945582 0.04037940 0.01856946
v -0.04778975 0.04233801 0.01856946
v -0.04790467 0.04243963 0.01580351
v 0.00352508 -0.05399978 0.01136910
v 0.02269452 -0.05984085 0.01580345
v 0.01763558 -0.06088519 0.02130174
v 0.06012552 0.02007269 0.02130180
v 0.02269452 0.05984079 0.01580351
v 0.02021813 -0.06056070 0.01856940
v 0.02026671 -0.06070613 0.01580345
v -0.05409198 0.03420579 0.01580351
v -0.05542558 0.03199976 0.01580351
v -0.05462735 0.03302335 0.01856946
v 0.05726778 0.02717369 0.02130180
v 0.02717369 0.05726778 0.02130186
v 0.01516968 -0.06154572 0.02130174
v 0.02502566 0.05873727 0.01856946
v 0.03594958 -0.02827107 0.07343775
v 0.03680574 -0.02620941 0.07671636
v 0.02508586 0.05887866 0.01580351
v 0.01776301 -0.06132555 0.01856940
v 0.01780587 -0.06147313 0.01580345
v -0.02945762 0.05612713 0.02130186
v -0.02910548 0.05545586 0.02396649
v -0.02684891 0.05658268 0.02396649
v 0.01267910 -0.06210666 0.02130174
v 0.02737051 0.05768191 0.01856946
v 0.02743631 0.05782061 0.01580351
v 0.01527947 -0.06199121 0.01856940
v 0.01531600 -0.06214010 0.01580345
v 0.02974224 0.05666899 0.01580351
v 0.04444515 0.01078224 0.07343780
v 0.04388195 0.01288467 0.07343780
v 0.04335391 0.01272976 0.07671642
v -0.02264004 -0.05969732 0.01856940
v -0.02484571 -0.05831551 0.02130174
v 0.03387862 0.05357474 0.02130186
v 0.01277089 -0.06255620 0.01856940
v 0.01280146 -0.06270658 0.01580345
v 0.03200000 0.05542558 0.01580351
v 0.00637054 -0.06305396 0.02130174
v -0.04177635 -0.01672482 0.08003580
v -0.03835529 -0.05104160 0.01856940
v -0.03626883 -0.05254465 0.01856940
v 0.03600823 0.05216699 0.02130186
v 0.01024150 -0.06301969 0.01856940
v 0.01026630 -0.06317120 0.01580345
v 0.04604607 0.04422783 0.01856946
v 0.04571545 0.04391026 0.02130186
v -0.03412359 0.05396229 0.01856946
v -0.03169393 0.05489546 0.02130186
v 0.03420579 0.05409193 0.01580351
v 0.00769579 -0.06338095 0.01856940
v 0.03807955 0.05067491 0.02130186
v -0.04243963 0.04790467 0.01580351
v -0.04233801 0.04778975 0.01856946
v -0.04037940 0.04945576 0.01856946
v 0.03626883 0.05254459 0.01856946
v 0.00255233 -0.06333649 0.02130174
v 0.03635615 0.05267077 0.01580351
v 0.04526901 -0.00650871 0.07343775
v -0.00514984 0.06379246 0.01580351
v -0.00771433 0.06353336 0.01580351
v 0.03835529 0.05104160 0.01856946
v 0.00000000 -0.06338787 0.02130174
v 0.03844738 0.05116415 0.01580351
v 0.00000000 -0.06384646 0.01856940
v 0.04008919 0.04910033 0.02130186
v 0.04037940 0.04945576 0.01856946
v 0.04047650 0.04957467 0.01580351
v 0.04391032 0.04571545 0.02130186
v 0.04203391 0.04744637 0.02130186
v 0.03309965 0.03156036 0.07343780
v 0.03270131 0.03118062 0.07671642
v 0.04233801 0.04778975 0.01856946
v 0.04243963 0.04790467 0.01580351
v 0.04422783 0.04604601 0.01856946
v 0.04615694 0.04433435 0.01580351
v -0.05467271 -0.02008903 0.02199995
v -0.05255162 -0.01683431 0.02199989
v -0.05451941 -0.02254104 0.02199989
v 0.04433435 0.04615694 0.01580351
v 0.04790467 0.04243963 0.01580351
v -0.05489546 0.03169369 0.02130180
v -0.05423891 0.03131479 0.02396649
v -0.05293405 0.03347343 0.02396649
v 0.05067497 0.03807955 0.02130186
v 0.04945582 0.04037940 0.01856946
v 0.04957467 0.04047650 0.01580351
v 0.05104160 0.03835523 0.01856946
v 0.05216699 0.03600817 0.02130180
v 0.05116415 0.03844738 0.01580351
v 0.05357480 0.03387862 0.02130180
v -0.06015700 -0.01742470 0.02396649
v -0.06088519 -0.01763558 0.02130180
v -0.06012552 -0.02007269 0.02130180
v 0.05267077 0.03635609 0.01580351
v 0.05325341 0.03519624 0.01856946
v 0.04037940 -0.04945582 0.01856940
v 0.04008919 -0.04910039 0.02130180
v 0.05489546 0.03169369 0.02130180
v 0.05409198 0.03420579 0.01580351
v -0.04816401 -0.03294944 0.02199995
v -0.04925537 -0.03218179 0.02199995
v -0.05010455 -0.03115302 0.02199995
v -0.05887866 0.02508562 0.01580345
v -0.05984085 0.02269452 0.01580345
v -0.05969732 0.02264004 0.01856946
v 0.05612713 0.02945762 0.02130180
v 0.05529248 0.03192323 0.01856946
v 0.05542558 0.03199976 0.01580351
v 0.05653303 0.02967089 0.01856946
v 0.05666899 0.02974224 0.01580351
v -0.05653303 0.02967089 0.01856946
v -0.05612713 0.02945762 0.02130180
v 0.05768191 0.02737051 0.01856946
v 0.05831551 0.02484571 0.02130180
v -0.03183078 0.03183209 0.08605182
v -0.03537219 0.02781707 0.08604997
v 0.05782061 0.02743631 0.01580345
v 0.05926865 0.02247744 0.02130180
v 0.05873727 0.02502566 0.01856946
v 0.05887866 0.02508562 0.01580345
v 0.05969732 0.02264004 0.01856946
v 0.05984085 0.02269452 0.01580345
v 0.06088519 0.01763558 0.02130180
v 0.06070613 0.02026671 0.01580345
v -0.00573385 -0.05088955 0.05701911
v 0.06056070 0.02021813 0.01856946
v 0.06154572 0.01516968 0.02130180
v 0.06132555 0.01776301 0.01856946
v 0.06147313 0.01780587 0.01580345
v 0.06199121 0.01527941 0.01856946
v 0.01899880 -0.04160147 0.07343775
v 0.01699781 -0.04245853 0.07343775
v 0.06214010 0.01531600 0.01580345
v -0.02342855 -0.03844010 0.08604997
v -0.01966488 -0.04048764 0.08605104
v 0.06255620 0.01277089 0.01856946
v 0.06270658 0.01280140 0.01580345
v 0.02994972 -0.03456372 0.07343775
v 0.03118062 -0.03270137 0.07671636
v 0.06301969 0.01024150 0.01856946
v 0.06317120 0.01026630 0.01580345
v 0.06318229 0.00510055 0.02130180
v 0.06292569 0.00764054 0.02130180
v 0.06338095 0.00769579 0.01856946
v 0.06353336 0.00771433 0.01580345
v -0.05104160 0.03835523 0.01856946
v -0.05116415 0.03844738 0.01580351
v -0.05267077 0.03635609 0.01580351
v 0.06333643 0.00255233 0.02130180
v 0.06363946 0.00513744 0.01856946
v 0.06379246 0.00514984 0.01580345
v -0.03169393 -0.05489552 0.02130180
v -0.03131479 -0.05423897 0.02396643
v -0.03347343 -0.05293405 0.02396643
v 0.06338787 0.00000000 0.02130180
v 0.06394809 0.00257695 0.01580345
v 0.06333643 -0.00255233 0.02130180
v -0.06338787 0.00000000 0.02130180
v -0.06262975 0.00000000 0.02396649
v 0.06379467 0.00257075 0.01856946
v 0.06400001 0.00000000 0.01580345
v 0.06384646 0.00000000 0.01856946
v -0.06384646 0.00000000 0.01856946
v -0.06400001 0.00000000 0.01580345
v 0.06154572 -0.01516968 0.02130180
v 0.06318229 -0.00510055 0.02130180
v 0.03999739 -0.02062004 0.08604997
v 0.04148185 -0.01747483 0.08604907
v 0.04287004 -0.01370716 0.08605009
v 0.06379467 -0.00257075 0.01856946
v 0.06394809 -0.00257695 0.01580345
v 0.06292569 -0.00764054 0.02130180
v 0.06363946 -0.00513750 0.01856946
v 0.06379246 -0.00514984 0.01580345
v -0.05396229 -0.03412359 0.01856940
v -0.05529248 -0.03192323 0.01856940
v -0.05542558 -0.03200000 0.01580345
v 0.06338095 -0.00769579 0.01856946
v 0.06353336 -0.00771433 0.01580345
v 0.03118062 0.03270125 0.07671642
v 0.06301969 -0.01024150 0.01856940
v 0.06317120 -0.01026630 0.01580345
v 0.06270658 -0.01280146 0.01580345
v 0.06088519 -0.01763558 0.02130180
v -0.02717369 0.05726778 0.02130186
v -0.02454859 0.05761802 0.02396649
v 0.04571545 -0.04391032 0.02130180
v 0.06012552 -0.02007269 0.02130180
v 0.06147313 -0.01780593 0.01580345
v 0.05896276 0.00209498 0.00000000
v 0.05896276 0.00209492 0.02199995
v 0.05881637 0.00465083 0.02199995
v 0.06132555 -0.01776301 0.01856940
v 0.03270131 -0.03118062 0.07671636
v 0.03414773 -0.02958941 0.07671636
v 0.06070613 -0.02026671 0.01580345
v 0.04422783 -0.04604607 0.01856940
v 0.04391032 -0.04571551 0.02130180
v 0.04203391 -0.04744637 0.02130180
v 0.05887866 -0.02508586 0.01580345
v 0.05612713 -0.02945762 0.02130180
v -0.01573061 -0.04217875 0.08605039
v -0.00553221 -0.04467040 0.08605015
v 0.00126201 -0.04499381 0.08604997
v 0.05653303 -0.02967095 0.01856940
v -0.05768191 -0.02737051 0.01856940
v -0.05653303 -0.02967095 0.01856940
v -0.05612713 -0.02945762 0.02130180
v 0.05542558 -0.03200000 0.01580345
v 0.03807955 -0.05067497 0.02130180
v -0.05831551 -0.02484571 0.02130180
v 0.05216699 -0.03600823 0.02130180
v 0.05396229 -0.03412359 0.01856940
v 0.05409198 -0.03420579 0.01580345
v 0.05254459 -0.03626883 0.01856940
v 0.05267077 -0.03635615 0.01580345
v 0.05116415 -0.03844738 0.01580345
v -0.06214010 0.01531600 0.01580345
v 0.04744637 -0.04203391 0.02130180
v 0.04945582 -0.04037940 0.01856940
v 0.04957467 -0.04047650 0.01580345
v 0.04604607 -0.04422783 0.01856940
v 0.04778975 -0.04233807 0.01856940
v 0.04790467 -0.04243963 0.01580345
v 0.04615694 -0.04433435 0.01580345
v -0.00255233 0.06333643 0.02130186
v 0.04433435 -0.04615694 0.01580345
v 0.02827101 -0.03594964 0.07343775
v 0.02793097 -0.03551703 0.07671636
v 0.04233801 -0.04778975 0.01856940
v 0.04243963 -0.04790467 0.01580345
v -0.05774980 -0.00783491 0.00999999
v -0.05649977 -0.00749993 0.00999999
v -0.05649977 -0.01249980 0.00999999
v 0.02958935 0.03414767 0.07671642
v 0.03156042 0.03309959 0.07343780
v 0.04047650 -0.04957473 0.01580345
v 0.00000000 0.06384646 0.01856946
v 0.03844738 -0.05116415 0.01580345
v 0.00257695 0.06394809 0.01580351
v -0.04008919 -0.04910039 0.02130180
v 0.00764054 0.06292569 0.02130186
v 0.00513750 0.06363940 0.01856946
v 0.00514984 0.06379246 0.01580351
v 0.02249979 0.03897088 0.08605003
v 0.03537219 0.02781707 0.08604997
v 0.02652841 -0.03725427 0.07343775
v 0.00771433 0.06353336 0.01580351
v 0.04160141 0.01899874 0.07343780
v -0.01267910 0.06210660 0.02130186
v -0.01252734 0.06136399 0.02396649
v -0.01004648 0.06181854 0.02396649
v 0.04321897 -0.01495832 0.07343775
v 0.04245847 -0.01699781 0.07343775
v 0.00647324 -0.06367224 0.00176013
v 0.00638050 -0.06368112 0.00134194
v 0.00656831 -0.06366211 0.00079237
v 0.00711864 -0.06360286 0.00032503
v 0.00160348 -0.06397992 0.01433748
v 0.00000000 -0.06400001 0.01449996
v 0.00782984 -0.06352001 0.00003187
v 0.00735336 -0.06357616 0.00334793
v 0.00313687 -0.06392306 0.01385927
v 0.01080507 -0.06308126 0.00000000
v 0.01329559 -0.06260371 0.00000000
v 0.00783723 -0.06351828 0.00489461
v 0.00577492 -0.06373888 0.01203614
v 0.00685525 -0.06363177 0.01062381
v 0.00754398 -0.06355381 0.00916243
v -0.00780457 -0.06352233 0.00825739
v -0.01280146 -0.06270658 0.01580345
v -0.00518167 -0.06378990 0.01259499
v -0.00514984 -0.06379246 0.01580345
v -0.00771433 -0.06353336 0.01580345
v 0.01958662 -0.06094068 0.00000000
v 0.02436631 -0.05919355 0.00000000
v 0.02898401 -0.05707156 0.00000000
v 0.03214824 -0.05533975 0.00000000
v 0.03556817 -0.05322259 0.00000000
v 0.03941345 -0.05043596 0.00000000
v 0.04241216 -0.04792898 0.00000000
v 0.04503250 -0.04548829 0.00000000
v 0.04843336 -0.04185658 0.00000000
v 0.05101644 -0.03864324 0.00000000
v 0.05312907 -0.03570550 0.00000000
v 0.05579555 -0.03137207 0.00000000
v 0.05762481 -0.02784526 0.00000000
v 0.05868268 -0.02554059 0.00000000
v 0.06005656 -0.02215188 0.00000000
v 0.06162726 -0.01731109 0.00000000
v 0.06280797 -0.01235955 0.00000000
v 0.06343370 -0.00849468 0.00000000
v 0.06384259 -0.00468159 -0.00000050
v 0.06401193 0.00028367 0.00000000
v 0.06386482 0.00415754 0.00000000
v 0.06352341 0.00789827 0.00000000
v 0.06292098 0.01170229 0.00000000
v 0.06240797 0.01418572 0.00000000
v 0.06179702 0.01664716 0.00000000
v 0.06070995 0.02029228 0.00000000
v 0.05890929 0.02504730 0.00000000
v 0.05673205 0.02964776 0.00000000
v 0.05487602 0.03293323 0.00000000
v 0.05352830 0.03508114 0.00000000
v 0.05209666 0.03717434 0.00000000
v 0.04976069 0.04026407 0.00000000
v 0.04732000 0.04309058 0.00000000
v 0.04557579 0.04493135 0.00000000
v 0.04275888 0.04763787 0.00000000
v 0.03884500 0.05088043 0.00000000
v 0.03467547 0.05380630 0.00000000
v 0.03019148 0.05644589 0.00000000
v 0.02572244 0.05861657 0.00000000
v 0.02234381 0.05997294 0.00000000
v 0.01856791 0.06126070 0.00000000
v 0.01507323 0.06219959 0.00000000
v 0.01259750 0.06274789 0.00000000
v 0.00864118 0.06342566 0.00000000
v 0.00506681 0.06379908 0.00000000
v 0.00126576 0.06399506 0.00000000
v -0.00783682 -0.06199979 0.00489235
v -0.00799996 -0.06199979 0.00649995
v -0.00799996 -0.06349802 0.00649995
v -0.00735396 -0.06199979 0.00335050
v -0.00783682 -0.06199979 0.00489235
v -0.00783723 -0.06351828 0.00489485
v -0.00783723 -0.06351828 0.00489485
v -0.00640196 -0.06199973 0.00159323
v -0.00735396 -0.06199979 0.00335050
v -0.00735354 -0.06357616 0.00334865
v -0.00735354 -0.06357616 0.00334865
v -0.00657111 -0.06366175 0.00193697
v -0.00677371 -0.06199979 0.01075619
v -0.00629711 -0.06368947 0.01143395
v -0.00722897 -0.06359040 0.00992662
v -0.00740451 -0.06199991 0.00956249
v 0.00794965 -0.06199979 0.00739563
v 0.00799996 -0.06199979 0.00649995
v 0.00799996 -0.06349802 0.00649995
v -0.00780457 -0.06352233 0.00825739
v -0.00789356 -0.06199979 0.00788855
v 0.00779933 -0.06199979 0.00828010
v 0.00788444 -0.06351244 0.00785458
v -0.00789356 -0.06199979 0.00788855
v -0.00780457 -0.06352233 0.00825739
v -0.00799996 -0.06349802 0.00649995
v -0.00799996 -0.06199979 0.00649995
v 0.00755101 -0.06199979 0.00914216
v 0.00754398 -0.06355381 0.00916243
v 0.00701761 -0.06200015 0.01036822
v 0.00598931 -0.06200027 0.01182508
v 0.00701761 -0.06200015 0.01036822
v 0.00685525 -0.06363177 0.01062381
v 0.00685525 -0.06363177 0.01062381
v 0.00498790 -0.06199979 0.01275444
v 0.00577492 -0.06373888 0.01203614
v 0.00381970 -0.06199955 0.01353973
v 0.00454962 -0.06383806 0.01308012
v 0.00220776 -0.06199979 0.01419913
v 0.00313687 -0.06392306 0.01385927
v 0.00044197 -0.06199979 0.01449924
v 0.00160348 -0.06397992 0.01433748
v -0.00089572 -0.06199979 0.01444947
v 0.00000000 -0.06400001 0.01449996
v -0.00225645 -0.06199985 0.01418960
v -0.00120306 -0.06398868 0.01440870
v -0.00238001 -0.06395572 0.01413780
v -0.00387770 -0.06200015 0.01351916
v -0.00385719 -0.06388360 0.01350826
v -0.00387770 -0.06200015 0.01351916
v -0.00385719 -0.06388360 0.01350826
v -0.00518167 -0.06378990 0.01259499
v -0.00498790 -0.06199979 0.01275444
v -0.00597966 -0.06200003 0.01183032
v 0.00638050 -0.06368112 0.00134194
v 0.00639254 -0.06199979 0.00136661
v 0.00642788 -0.06199979 0.00110292
v 0.00638050 -0.06368112 0.00134194
v 0.00669634 -0.06199979 0.00064886
v 0.01240342 -0.05504876 0.00000000
v 0.01300495 -0.05557888 0.00000000
v -0.00714755 -0.05399996 0.00030811
v -0.00669634 -0.06199979 0.00064886
v -0.00788271 -0.05399972 0.00002458
v -0.00669634 -0.06199979 0.00064886
v -0.00710189 -0.06360471 0.00032084
v -0.00789630 -0.06351166 0.00002834
v -0.00669634 -0.06199979 0.00064886
v -0.00714755 -0.05399996 0.00030811
v -0.00667119 -0.05399996 0.00067362
v -0.00710189 -0.06360471 0.00032084
v -0.00631750 -0.06199979 0.00112963
v -0.00642788 -0.06199979 0.00110292
v -0.00630569 -0.05399996 0.00114995
v -0.00607902 -0.06199979 0.00169331
v -0.00640196 -0.06199973 0.00159323
v -0.00607592 -0.05399996 0.00170463
v -0.00599754 -0.06199979 0.00229984
v -0.00607592 -0.05399996 0.00170463
v -0.00599754 -0.05399996 0.00229996
v -0.00607902 -0.06199979 0.00169331
v -0.00638306 -0.06368100 0.00133812
v -0.00639254 -0.06199979 0.00136661
v -0.00699997 -0.05399996 0.00649995
v -0.00699860 -0.06199979 0.00695509
v -0.00691467 -0.06199979 0.00541097
v -0.00691467 -0.05399996 0.00541097
v -0.00666112 -0.05399960 0.00434869
v -0.00666118 -0.06199979 0.00434869
v -0.00362563 -0.05399996 0.01249659
v -0.00215733 -0.05399996 0.01317137
v -0.00280869 -0.06199985 0.01292425
v -0.00495493 -0.06199991 0.01145499
v -0.00464177 -0.05399996 0.01173949
v -0.00397640 -0.06199979 0.01226079
v 0.00689268 -0.06199985 0.00776285
v 0.00694889 -0.05399996 0.00734371
v 0.00699997 -0.06199979 0.00649995
v 0.00679648 -0.05399996 0.00817513
v -0.00523955 -0.05399996 0.01114159
v -0.00576085 -0.05399996 0.01047641
v -0.00576085 -0.06199979 0.01047641
v -0.00654501 -0.05399996 0.00898218
v -0.00619811 -0.05399996 0.00975299
v -0.00619811 -0.06199979 0.00975299
v 0.00654501 -0.05399996 0.00898218
v 0.00654501 -0.06199979 0.00898218
v -0.00654501 -0.06199979 0.00898218
v 0.00619811 -0.05399996 0.00975299
v 0.00603861 -0.06199979 0.01006323
v -0.00679648 -0.05399996 0.00817513
v -0.00679648 -0.06199979 0.00817513
v 0.00576085 -0.05399996 0.01047641
v -0.00694889 -0.05399996 0.00734371
v 0.00523955 -0.05399996 0.01114159
v 0.00523955 -0.06199979 0.01114159
v 0.03358757 0.03358757 0.00000000
v 0.03358757 0.03358751 0.02200001
v 0.03296703 0.03429085 0.02200001
v 0.00432110 -0.05399996 0.01201659
v 0.00464177 -0.06199979 0.01173949
v -0.05171018 -0.00823033 0.00034204
v -0.05173218 -0.00823223 0.00999999
v -0.05224978 -0.00783491 0.00999999
v 0.00201398 -0.05399996 0.01321595
v 0.00133735 -0.06199985 0.01338279
v 0.00084376 -0.05399996 0.01344889
v 0.00000000 -0.06199979 0.01349973
v -0.00084376 -0.05399996 0.01344889
v 0.00000000 -0.05399996 0.01349973
v -0.00126290 -0.06199979 0.01339268
v 0.04659259 -0.01051497 0.00000000
v 0.04663085 -0.01095277 0.02199995
v 0.04658263 -0.00963908 0.02199995
v 0.05573332 -0.00726896 0.00001841
v 0.05499982 -0.00739223 0.00018384
v 0.05499982 -0.00714880 0.00001512
v 0.05564874 -0.01243436 0.00033154
v 0.05499464 -0.01268899 0.00010236
v 0.05499219 -0.01251518 0.00035063
v 0.05573332 -0.00726896 0.00001841
v 0.05638933 -0.00752556 0.00001914
v 0.05629754 -0.00774687 0.00019263
v 0.05760765 -0.00999999 0.00018388
v 0.05765610 -0.01071161 0.00006698
v 0.05747044 -0.01064842 0.00025353
v 0.05567115 -0.00749499 0.00020257
v 0.05567115 -0.00749499 0.00020257
v 0.05742394 -0.00933522 0.00035420
v 0.05760765 -0.00999999 0.00018388
v 0.05750912 -0.00999993 0.00039548
v 0.05719900 -0.00873035 0.00029665
v 0.05742394 -0.00933522 0.00035420
v 0.05716484 -0.00874996 0.00049999
v 0.05569303 -0.01260900 0.00009623
v 0.05770617 -0.01111614 0.00000687
v 0.05738157 -0.01137495 0.00006698
v 0.05765610 -0.01071161 0.00006698
v 0.05629658 -0.01224625 0.00020269
v 0.05564874 -0.01243436 0.00033154
v 0.05624890 -0.01217365 0.00040799
v 0.05785083 -0.00999993 0.00001514
v 0.05770617 -0.01111614 0.00000687
v 0.05676919 -0.01177620 0.00039528
v 0.05629658 -0.01224625 0.00020269
v 0.05624890 -0.01217365 0.00040799
v 0.05759263 -0.00930536 0.00010756
v 0.05760765 -0.00999999 0.00018388
v 0.05742394 -0.00933522 0.00035420
v 0.05629658 -0.01224625 0.00020269
v 0.05569303 -0.01260900 0.00009623
v 0.05564874 -0.01243436 0.00033154
v 0.05719900 -0.00873035 0.00029665
v 0.05759263 -0.00930536 0.00010756
v 0.05742394 -0.00933522 0.00035420
v 0.05678880 -0.00822628 0.00033751
v 0.05719900 -0.00873035 0.00029665
v 0.05716484 -0.00874996 0.00049999
v 0.05687469 -0.01187467 0.00012714
v 0.05759263 -0.00930536 0.00010756
v 0.05785083 -0.00999993 0.00001514
v 0.05760765 -0.00999999 0.00018388
v 0.05592429 -0.01277917 0.00000478
v 0.05502128 -0.01290470 0.00000718
v 0.05499464 -0.01268899 0.00010236
v 0.05569303 -0.01260900 0.00009623
v 0.05734068 -0.00864875 0.00009301
v 0.05640327 -0.01243048 0.00003310
v 0.05569303 -0.01260900 0.00009623
v 0.05629658 -0.01224625 0.00020269
v 0.05687469 -0.01187467 0.00012714
v 0.05640327 -0.01243048 0.00003310
v 0.05629658 -0.01224625 0.00020269
v 0.05725342 -0.01129865 0.00019342
v 0.05676919 -0.01177620 0.00039528
v 0.05716753 -0.01126003 0.00040364
v 0.05687469 -0.01187467 0.00012714
v 0.05771422 -0.00892788 0.00000773
v 0.05747044 -0.01064842 0.00025353
v 0.05716753 -0.01126003 0.00040364
v 0.05741477 -0.01064682 0.00049999
v 0.05640327 -0.01243048 0.00003310
v 0.05705672 -0.01205646 0.00000689
v 0.05592429 -0.01277917 0.00000478
v 0.05734068 -0.00864875 0.00009301
v 0.05771422 -0.00892788 0.00000773
v 0.05759263 -0.00930536 0.00010756
v 0.05690008 -0.00809044 0.00009955
v 0.05719900 -0.00873035 0.00029665
v 0.05678880 -0.00822628 0.00033751
v 0.05640327 -0.01243048 0.00003310
v 0.05734068 -0.00864875 0.00009301
v 0.05629754 -0.00774687 0.00019263
v 0.05678880 -0.00822628 0.00033751
v 0.05625617 -0.00782818 0.00039840
v 0.05747044 -0.01064842 0.00025353
v 0.05725342 -0.01129865 0.00019342
v 0.05716753 -0.01126003 0.00040364
v 0.05750912 -0.00999993 0.00039548
v 0.05747044 -0.01064842 0.00025353
v 0.05741477 -0.01064682 0.00049999
v 0.05705672 -0.01205646 0.00000689
v 0.05640327 -0.01243048 0.00003310
v 0.05687469 -0.01187467 0.00012714
v 0.05738157 -0.01137495 0.00006698
v 0.05687469 -0.01187467 0.00012714
v 0.05725342 -0.01129865 0.00019342
v 0.05629754 -0.00774687 0.00019263
v 0.05690008 -0.00809044 0.00009955
v 0.05678880 -0.00822628 0.00033751
v 0.05567115 -0.00749499 0.00020257
v 0.05625617 -0.00782818 0.00039840
v 0.05564385 -0.00757700 0.00040785
v 0.05567115 -0.00749499 0.00020257
v 0.05499517 -0.00749236 0.00040073
v 0.05499982 -0.00739223 0.00018384
v 0.05564385 -0.00757700 0.00040785
v 0.05629754 -0.00774687 0.00019263
v 0.05703979 -0.00792629 0.00000601
v 0.05690008 -0.00809044 0.00009955
v 0.05760765 -0.00999999 0.00018388
v 0.05747044 -0.01064842 0.00025353
v 0.05750912 -0.00999993 0.00039548
v 0.05638933 -0.00752556 0.00001914
v 0.05690008 -0.00809044 0.00009955
v 0.05629754 -0.00774687 0.00019263
v 0.05770617 -0.01111614 0.00000687
v 0.05738157 -0.01137495 0.00006698
v 0.05765610 -0.01071161 0.00006698
v 0.05725342 -0.01129865 0.00019342
v 0.05747044 -0.01064842 0.00025353
v 0.05638933 -0.00752556 0.00001914
v 0.05738157 -0.01137495 0.00006698
v -0.00679648 -0.05399996 0.00817513
v -0.00694889 -0.05399996 0.00734371
v -0.01654696 -0.05655682 0.00000000
v -0.01520067 -0.05651068 0.02199995
v -0.00654501 -0.05399996 0.00898218
v -0.01619833 -0.05657917 0.02199989
v -0.01442188 -0.05631959 0.02199995
v -0.00654501 -0.05399996 0.00898218
v -0.01520067 -0.05651068 0.02199995
v -0.01368355 -0.05600631 0.02199995
v -0.00619811 -0.05399996 0.00975299
v -0.01442188 -0.05631959 0.02199995
v -0.01300495 -0.05557888 0.02199995
v -0.00619811 -0.05399996 0.00975299
v -0.01368355 -0.05600631 0.02199995
v -0.01240342 -0.05504882 0.02199995
v -0.00576085 -0.05399996 0.01047641
v -0.01300495 -0.05557888 0.02199995
v -0.01189452 -0.05442917 0.02199995
v 0.01548391 -0.05655932 0.00000000
v 0.00694889 -0.05399996 0.00734371
v 0.01654696 -0.05655682 0.00000000
v 0.01654696 -0.05655682 0.00000000
v 0.00679648 -0.05399996 0.00817513
v 0.01748144 -0.05635046 0.00000000
v 0.01748144 -0.05635046 0.00000000
v 0.03220802 -0.04229503 0.00000000
v 0.03230905 -0.04245543 0.02200001
v 0.03184825 -0.04146993 0.02199995
v 0.03266412 -0.04307132 0.00000000
v 0.03184825 -0.04146993 0.00000000
v 0.03158992 -0.04060745 0.02199995
v 0.03158992 -0.04060745 0.00000000
v 0.03143686 -0.03972005 0.02199995
v 0.03143686 -0.03972005 0.00000000
v 0.03139120 -0.03882110 0.02199995
v 0.03139120 -0.03882110 0.00000000
v 0.03149813 -0.03755563 0.02199995
v 0.03152823 -0.03739851 0.00000000
v 0.03152823 -0.03739851 0.00000000
v 0.03149813 -0.03755563 0.02199995
v 0.03202837 -0.03583431 0.02199989
v 0.03209519 -0.03568857 0.00000000
v 0.03209519 -0.03568857 0.00000000
v 0.03202837 -0.03583431 0.02199989
v 0.03274279 -0.03459513 0.02199995
v 0.03305244 -0.03416395 0.00000000
v 0.03330183 -0.03388941 0.02199995
v 0.03394138 -0.03325557 0.02199995
v 0.03394138 -0.03325551 0.00000000
v 0.03465247 -0.03270328 0.02199995
v 0.03502726 -0.03245311 0.00000000
v 0.03624624 -0.03187257 0.02199995
v 0.03624624 -0.03187251 0.00000000
v 0.03542447 -0.03223997 0.02199995
v -0.04047650 -0.04957473 0.01580345
v 0.03710639 -0.03160601 0.00000000
v 0.03762316 -0.03148621 0.02199995
v 0.03799206 -0.03144472 0.00000000
v 0.03889065 -0.03139066 0.00000000
v 0.03889065 -0.03139066 0.02199995
v 0.04770863 -0.01379942 0.00000000
v 0.04823452 -0.01450020 0.00000000
v 0.04770863 -0.01379948 0.02199995
v 0.04727536 -0.01303809 0.00000000
v 0.04705440 -0.01257044 0.02199989
v 0.04694145 -0.01222831 0.00000000
v 0.04671263 -0.01138252 0.00000000
v -0.04823452 -0.01450020 0.00000000
v -0.04770863 -0.01379942 0.00000000
v -0.04770863 -0.01379948 0.02199995
v 0.04661113 -0.00920194 0.00000000
v 0.04668354 -0.00876886 0.02199995
v 0.04699873 -0.00757348 0.00000000
v 0.04705476 -0.00742835 0.02199989
v 0.04781377 -0.00602233 0.00000000
v 0.04705476 -0.00742835 0.02199989
v 0.04762536 -0.00633031 0.02199995
v 0.04699873 -0.00757348 0.00000000
v 0.04846715 -0.00522238 0.02199989
v 0.04873132 -0.00497615 0.00000000
v 0.04940354 -0.00441444 0.00000000
v 0.04940354 -0.00441444 0.02199995
v 0.05014145 -0.00394207 0.00000000
v 0.05014145 -0.00394207 0.02199995
v 0.05093294 -0.00356668 0.00000000
v 0.05093294 -0.00356668 0.02199995
v 0.05176544 -0.00329411 0.00000000
v 0.05176544 -0.00329411 0.02199995
v 0.05261117 -0.00313759 -0.00000257
v 0.05265045 -0.00314122 0.02199989
v 0.04711318 0.03335297 0.02200001
v 0.04585856 0.03351289 0.02200001
v 0.04585856 0.03351289 0.00000000
v 0.04711318 0.03335297 0.00000000
v 0.04828751 0.03288316 0.00000000
v 0.04711318 0.03335297 0.02200001
v 0.04711318 0.03335297 0.00000000
v 0.04828751 0.03288316 0.00000000
v 0.04930645 0.03213387 0.00000000
v 0.04828751 0.03288310 0.02200001
v 0.04930645 0.03213387 0.00000000
v 0.05010455 0.03115302 0.00000000
v 0.04930645 0.03213381 0.02200001
v 0.05678880 -0.00822628 0.00033751
v 0.05676776 -0.00823223 0.00999999
v 0.05624979 -0.00783491 0.00999999
v 0.05749499 -0.00162429 0.00000000
v 0.05749499 -0.00162429 0.02199995
v 0.05832237 -0.00053630 0.02199995
v 0.00000000 0.05899977 0.02200001
v 0.00000000 0.05899977 0.00000000
v 0.00273389 0.05893641 0.00000000
v 0.00409841 0.05886679 0.02200001
v 0.00817847 0.05843037 0.02200001
v 0.00546205 0.05874639 0.00000000
v 0.01087725 0.05798864 0.02200001
v 0.00817847 0.05843037 0.00000000
v 0.01087725 0.05798864 0.00000000
v 0.01355254 0.05742228 0.02200001
v 0.01355254 0.05742228 0.00000000
v 0.01765251 0.05630868 0.02200007
v 0.01619905 0.05673259 0.00000000
v 0.02265739 0.05449724 0.02200001
v 0.01881057 0.05592083 0.00000000
v 0.02138167 0.05498909 0.00000000
v 0.02514261 0.05338573 0.00000000
v 0.02781862 0.05204582 0.02200001
v 0.02879780 0.05149430 0.00000000
v 0.03115302 0.05010455 0.02200001
v 0.03115302 0.05010455 0.00000000
v -0.04585856 0.03351289 0.02200001
v -0.04585856 0.03351289 0.00000000
v -0.04487931 0.03341615 0.00000000
v -0.04487931 0.03341615 0.02200001
v -0.04385375 0.03310024 0.02200001
v -0.04487931 0.03341615 0.02200001
v -0.04487931 0.03341615 0.00000000
v -0.04387307 0.03310507 0.00000000
v -0.04177123 -0.03196603 0.00000000
v -0.04417598 -0.03322881 0.02199989
v -0.04177123 -0.03196603 0.02199995
v -0.04421514 -0.03324085 0.00000000
v -0.04035931 -0.03153604 0.00000000
v -0.04177123 -0.03196603 0.02199995
v -0.04035931 -0.03153604 0.02199995
v -0.04177123 -0.03196603 0.00000000
v -0.03889065 -0.03139066 0.00000000
v -0.04035931 -0.03153604 0.02199995
v -0.03889065 -0.03139066 0.02199995
v -0.04035931 -0.03153604 0.00000000
v 0.05499982 -0.01249980 0.00999999
v 0.05499219 -0.01251518 0.00035063
v 0.05435121 -0.01242083 0.00040482
v 0.05435276 -0.01241481 0.00999999
v 0.05435276 -0.01241481 0.00999999
v 0.05435121 -0.01242083 0.00040482
v 0.05374979 -0.01216495 0.00999999
v 0.05323219 -0.01176774 0.00999999
v 0.05374979 -0.01216495 0.00999999
v 0.05322343 -0.01176971 0.00040087
v 0.05374556 -0.01217240 0.00040230
v 0.05283474 -0.01124984 0.00999999
v 0.05323219 -0.01176774 0.00999999
v 0.05281507 -0.01126730 0.00028028
v 0.05322343 -0.01176971 0.00040087
v 0.05283474 -0.01124984 0.00999999
v 0.05281507 -0.01126730 0.00028028
v 0.05258518 -0.01064687 0.00999999
v 0.05249989 -0.00999999 0.00999999
v 0.05258518 -0.01064687 0.00999999
v 0.05258518 -0.01064682 0.00049999
v 0.05716484 -0.00874996 0.00049999
v 0.05716484 -0.00874996 0.00999999
v 0.05676776 -0.00823223 0.00999999
v 0.05248051 -0.01000589 0.00033632
v 0.05258518 -0.00935292 0.00999999
v 0.05249989 -0.00999999 0.00999999
v 0.05257970 -0.00934625 0.00040790
v 0.05248051 -0.01000589 0.00033632
v 0.05283474 -0.00874996 0.00999999
v 0.05258518 -0.00935292 0.00999999
v 0.05283474 -0.00874996 0.00049999
v 0.05323219 -0.00823223 0.00999999
v 0.05283474 -0.00874996 0.00999999
v 0.05283474 -0.00874996 0.00049999
v 0.05257970 -0.00934625 0.00040790
v 0.05374979 -0.00783491 0.00999999
v 0.05323219 -0.00823223 0.00999999
v 0.05321389 -0.00822544 0.00033596
v 0.05321389 -0.00822544 0.00033596
v 0.05435276 -0.00758511 0.00999999
v 0.05374979 -0.00783491 0.00999999
v 0.05373561 -0.00782537 0.00035052
v 0.05373561 -0.00782537 0.00035052
v 0.05499982 -0.00749993 0.00999999
v 0.05435276 -0.00758511 0.00999999
v 0.05434674 -0.00756955 0.00034184
v 0.05434674 -0.00756955 0.00034184
v 0.05499517 -0.00749236 0.00040073
v -0.05891478 -0.01064687 0.00999999
v -0.05826777 -0.01176774 0.00999999
v -0.05866485 -0.01124984 0.00999999
v -0.05714684 -0.01241481 0.00999999
v -0.05774980 -0.01216495 0.00999999
v -0.05899977 -0.00999999 0.00999999
v -0.05826777 -0.00823223 0.00999999
v -0.05891478 -0.00935292 0.00999999
v -0.05866485 -0.00874996 0.00999999
v -0.05714684 -0.00758511 0.00999999
v -0.02967095 -0.05653309 0.01856940
v -0.05173218 -0.01176774 0.00999999
v -0.05224978 -0.01216495 0.00999999
v -0.05285274 -0.01241481 0.00999999
v -0.05108517 -0.01064687 0.00999999
v -0.05133473 -0.01124984 0.00999999
v -0.00214112 0.04494893 0.08605003
v -0.00534534 0.04469770 0.08605003
v -0.05349981 -0.00749993 0.00999999
v -0.05285274 -0.00758511 0.00999999
v -0.05224978 -0.00783491 0.00999999
v -0.05133473 -0.00874996 0.00999999
v -0.05099982 -0.00999999 0.00999999
v 0.00242364 -0.05399984 0.00100237
v 0.05435276 -0.01241481 0.00999999
v 0.05374979 -0.01216495 0.00999999
v 0.05323219 -0.01176774 0.00999999
v 0.05283474 -0.01124984 0.00999999
v 0.05283474 -0.00874996 0.00999999
v 0.05435276 -0.00758511 0.00999999
v 0.05741477 -0.01064687 0.00999999
v 0.05716484 -0.01124984 0.00999999
v 0.05676776 -0.01176774 0.00999999
v 0.05564701 -0.01241481 0.00999999
v 0.05564701 -0.00758511 0.00999999
v 0.05499982 -0.00749993 0.00999999
v 0.05741477 -0.00935292 0.00999999
v 0.05750000 -0.00999999 0.00999999
v 0.05676776 -0.00823223 0.00999999
v 0.05716484 -0.00874996 0.00999999
v -0.05349981 -0.01249980 0.00999999
v -0.05350935 -0.01250809 0.00040088
v -0.05650353 -0.01251626 0.00034210
v -0.05649977 -0.01249980 0.00999999
v -0.05714684 -0.01241481 0.00999999
v -0.05715125 -0.01242119 0.00040324
v -0.05774980 -0.01216495 0.00999999
v -0.05714684 -0.01241481 0.00999999
v -0.05776423 -0.01217442 0.00035089
v -0.05715125 -0.01242119 0.00040324
v -0.05826777 -0.01176774 0.00999999
v -0.05774980 -0.01216495 0.00999999
v -0.05829268 -0.01176869 0.00033549
v -0.05776423 -0.01217442 0.00035089
v -0.05866485 -0.01124984 0.00999999
v -0.05826777 -0.01176774 0.00999999
v -0.05866926 -0.01125365 0.00040141
v -0.05829268 -0.01176869 0.00033549
v -0.05866485 -0.01124984 0.00999999
v -0.05866926 -0.01125365 0.00040141
v -0.05891478 -0.01064687 0.00999999
v -0.05899977 -0.00999999 0.00999999
v -0.05891478 -0.01064687 0.00999999
v -0.05891990 -0.01065576 0.00040379
v -0.01797538 0.04126769 0.08604961
v -0.05900877 -0.01000201 0.00039840
v -0.05891478 -0.00935292 0.00999999
v -0.05899977 -0.00999999 0.00999999
v -0.05892020 -0.00934613 0.00040829
v -0.05900877 -0.01000201 0.00039840
v -0.05866485 -0.00874996 0.00999999
v -0.05891478 -0.00935292 0.00999999
v -0.05867433 -0.00873744 0.00034668
v -0.05826777 -0.00823223 0.00999999
v -0.05866485 -0.00874996 0.00999999
v -0.05867433 -0.00873744 0.00034668
v -0.05892020 -0.00934613 0.00040829
v -0.05774980 -0.00783491 0.00999999
v -0.05826777 -0.00823223 0.00999999
v -0.05828595 -0.00822550 0.00033595
v -0.05828595 -0.00822550 0.00033595
v -0.05714684 -0.00758511 0.00999999
v -0.05774980 -0.00783491 0.00999999
v -0.05777335 -0.00782728 0.00033894
v -0.05777335 -0.00782728 0.00033894
v -0.05649977 -0.00749993 0.00999999
v -0.05714684 -0.00758511 0.00999999
v -0.05715149 -0.00757861 0.00040295
v -0.05715149 -0.00757861 0.00040295
v -0.05650514 -0.00749284 0.00040333
v -0.05350923 -0.00749165 0.00040074
v -0.05349981 -0.00749993 0.00999999
v -0.05285274 -0.00758511 0.00999999
v -0.05224978 -0.00783491 0.00999999
v -0.05285274 -0.00758511 0.00999999
v -0.05285614 -0.00756836 0.00035050
v -0.05285614 -0.00756836 0.00035050
v -0.05223500 -0.00782114 0.00033630
v -0.05223500 -0.00782114 0.00033630
v -0.05171018 -0.00823033 0.00034204
v -0.05133473 -0.00874996 0.00049999
v -0.05173218 -0.00823223 0.00999999
v -0.05108517 -0.00935292 0.00999999
v -0.05133473 -0.00874996 0.00999999
v -0.05133473 -0.00874996 0.00049999
v 0.03201228 0.03590148 0.02200001
v 0.03243917 0.03506624 0.02200001
v -0.03243917 0.03506624 0.02200001
v -0.05099982 -0.00999999 0.00999999
v -0.05108517 -0.00935292 0.00999999
v -0.05107080 -0.00933570 0.00033878
v -0.05107080 -0.00933570 0.00033878
v -0.05095201 -0.00999528 0.00025617
v -0.05108517 -0.01064687 0.00999999
v -0.05099982 -0.00999999 0.00999999
v -0.05107969 -0.01065349 0.00040817
v -0.05095201 -0.00999528 0.00025617
v -0.05133473 -0.01124984 0.00999999
v -0.05108517 -0.01064687 0.00999999
v -0.05133074 -0.01125496 0.00040799
v -0.05107969 -0.01065349 0.00040817
v -0.05133473 -0.01124984 0.00999999
v -0.05133074 -0.01125496 0.00040799
v -0.05173218 -0.01176774 0.00999999
v 0.04823452 -0.01450020 0.02199995
v -0.05224978 -0.01216495 0.00999999
v -0.05173218 -0.01176774 0.00999999
v -0.05224895 -0.01218199 0.00035068
v -0.05172550 -0.01177418 0.00039585
v -0.05285274 -0.01241481 0.00999999
v -0.05224978 -0.01216495 0.00999999
v -0.05285781 -0.01242375 0.00040397
v -0.05224895 -0.01218199 0.00035068
v -0.05285274 -0.01241481 0.00999999
v -0.05285781 -0.01242375 0.00040397
v 0.05564701 -0.00758511 0.00999999
v 0.05499982 -0.00749993 0.00999999
v 0.05499517 -0.00749236 0.00040073
v 0.05624979 -0.00783491 0.00999999
v 0.05564701 -0.00758511 0.00999999
v 0.05564385 -0.00757700 0.00040785
v 0.05564385 -0.00757700 0.00040785
v 0.05625617 -0.00782818 0.00039840
v 0.05625617 -0.00782818 0.00039840
v 0.05678880 -0.00822628 0.00033751
v 0.05832237 -0.00053629 0.00000000
v 0.05832237 -0.00053630 0.02199995
v 0.05882412 0.00073516 0.02199995
v 0.05741477 -0.00935292 0.00999999
v 0.05716484 -0.00874996 0.00999999
v 0.05716484 -0.00874996 0.00049999
v 0.01789253 -0.04130202 0.08604943
v 0.00427741 -0.04479610 0.08604997
v 0.05750000 -0.00999999 0.00999999
v 0.05741477 -0.00935292 0.00999999
v 0.05742394 -0.00933522 0.00035420
v 0.05742394 -0.00933522 0.00035420
v 0.05750912 -0.00999993 0.00039548
v 0.05741477 -0.01064687 0.00999999
v 0.05750000 -0.00999999 0.00999999
v 0.05741477 -0.01064682 0.00049999
v 0.05750912 -0.00999993 0.00039548
v 0.05716484 -0.01124984 0.00999999
v 0.05741477 -0.01064687 0.00999999
v 0.05716753 -0.01126003 0.00040364
v 0.05741477 -0.01064682 0.00049999
v 0.05676776 -0.01176774 0.00999999
v 0.05716484 -0.01124984 0.00999999
v 0.05676919 -0.01177620 0.00039528
v 0.05716753 -0.01126003 0.00040364
v 0.05624979 -0.01216495 0.00999999
v 0.05676776 -0.01176774 0.00999999
v 0.05624890 -0.01217365 0.00040799
v 0.05676919 -0.01177620 0.00039528
v 0.05564701 -0.01241481 0.00999999
v 0.05624979 -0.01216495 0.00999999
v 0.05564874 -0.01243436 0.00033154
v 0.05624890 -0.01217365 0.00040799
v 0.05499982 -0.01249980 0.00999999
v 0.05564701 -0.01241481 0.00999999
v 0.05499219 -0.01251518 0.00035063
v 0.05564874 -0.01243436 0.00033154
v -0.03115302 -0.05010455 0.00000000
v -0.03115302 -0.05010455 0.02199995
v -0.02899223 -0.05138528 0.02199995
v -0.02585595 -0.05304718 0.00000000
v -0.02899223 -0.05138528 0.00000000
v -0.02545547 -0.05323880 0.02199989
v -0.02107048 -0.05512714 0.00000000
v -0.02108585 -0.05511438 0.02199989
v -0.01748144 -0.05635046 0.00000000
v -0.01748490 -0.05635720 0.02199882
v -0.03325337 -0.04426831 0.00000000
v -0.03225481 -0.04236119 0.00000000
v -0.03266412 -0.04307132 0.02199995
v -0.03350508 -0.04557853 0.00000000
v -0.03325337 -0.04426831 0.00000000
v -0.03325337 -0.04426831 0.02199995
v -0.03325337 -0.04426831 0.02199995
v -0.03340137 -0.04690885 0.00000000
v -0.03350508 -0.04557853 0.00000000
v -0.03350508 -0.04557853 0.02199995
v -0.03350508 -0.04557853 0.02199995
v -0.03294944 -0.04816401 0.00000000
v -0.03340137 -0.04690885 0.00000000
v -0.03340137 -0.04690885 0.02199995
v -0.03340137 -0.04690885 0.02199995
v -0.03218173 -0.04925537 0.00000000
v -0.03294944 -0.04816401 0.00000000
v -0.03294944 -0.04816401 0.02199995
v -0.03294944 -0.04816401 0.02199995
v -0.03218173 -0.04925537 0.00000000
v -0.03218173 -0.04925543 0.02199995
v -0.03218173 -0.04925543 0.02199995
v -0.03799206 -0.03144472 0.00000000
v -0.03746575 -0.03151488 0.02199995
v -0.03710639 -0.03160601 0.00000000
v -0.03624624 -0.03187251 0.00000000
v -0.03624624 -0.03187257 0.02199995
v -0.03509426 -0.03240859 0.00000000
v -0.03495740 -0.03249067 0.02199995
v -0.03394138 -0.03325551 0.00000000
v -0.03495740 -0.03249067 0.02199995
v -0.03394138 -0.03325557 0.02199995
v -0.03509426 -0.03240859 0.00000000
v -0.03305244 -0.03416395 0.00000000
v -0.03295284 -0.03428900 0.02199989
v -0.03227233 -0.03536272 0.00000000
v -0.03295284 -0.03428900 0.02199989
v -0.03202831 -0.03583455 0.02199995
v -0.03305244 -0.03416395 0.00000000
v -0.03176063 -0.03652518 0.00000000
v -0.03162312 -0.03703874 0.02199995
v -0.03145349 -0.03792273 0.00000000
v -0.03145349 -0.03792273 0.02199995
v -0.03139120 -0.03882110 0.00000000
v -0.03139120 -0.03882110 0.02199995
v -0.03143686 -0.03972005 0.00000000
v -0.03143686 -0.03972005 0.02199995
v -0.03158992 -0.04060745 0.00000000
v -0.03158992 -0.04060745 0.02199995
v -0.03184825 -0.04146993 0.00000000
v -0.03184825 -0.04146993 0.02199995
v -0.03220802 -0.04229503 0.02199995
v -0.04557853 -0.03350514 0.02199995
v -0.04417598 -0.03322881 0.02199989
v -0.04421514 -0.03324085 0.00000000
v -0.04690885 -0.03340137 0.02199995
v -0.04557853 -0.03350514 0.02199995
v -0.04557853 -0.03350508 0.00000000
v -0.04557853 -0.03350508 0.00000000
v -0.04816401 -0.03294944 0.02199995
v -0.04690885 -0.03340137 0.02199995
v -0.04690885 -0.03340137 0.00000000
v -0.04690885 -0.03340137 0.00000000
v -0.04925537 -0.03218179 0.02199995
v -0.04816401 -0.03294944 0.02199995
v -0.04816401 -0.03294944 0.00000000
v -0.04816401 -0.03294944 0.00000000
v -0.05010455 -0.03115302 0.02199995
v -0.04925537 -0.03218179 0.02199995
v -0.04925537 -0.03218173 0.00000000
v -0.04925537 -0.03218173 0.00000000
v -0.05010455 -0.03115302 0.00000000
v -0.05166631 -0.02848798 0.02199995
v -0.05308645 -0.02574503 0.02199995
v -0.05166631 -0.02848798 0.00000000
v -0.05308645 -0.02574497 0.00000000
v -0.05451941 -0.02254104 0.02199989
v 0.04925537 -0.03218173 0.00000000
v 0.04925537 -0.03218179 0.02199995
v 0.05010455 -0.03115302 0.02199995
v -0.05472457 -0.02153301 0.02199995
v -0.05451941 -0.02254104 0.02199989
v -0.05454581 -0.02244377 0.00000000
v -0.05475103 -0.02080923 0.02199995
v -0.05472457 -0.02153301 0.00000000
v -0.05467271 -0.02008903 0.02199995
v -0.05472946 -0.02038270 0.00000000
v -0.05439853 -0.01910400 0.02199995
v -0.05449146 -0.01938796 0.00000000
v -0.05383598 -0.01810032 0.02199995
v -0.05439853 -0.01910400 0.02199995
v -0.05404132 -0.01839977 0.00000000
v -0.05449146 -0.01938796 0.00000000
v -0.05337589 -0.01754087 0.02199995
v -0.05337589 -0.01754087 0.00000000
v -0.05255162 -0.01683431 0.02199989
v -0.05284005 -0.01705372 0.00000000
v -0.05197483 -0.01649349 -0.00000015
v -0.05158627 -0.01633572 0.02199995
v -0.05133473 -0.00874996 0.00999999
v -0.04994589 -0.01579844 0.02199995
v -0.04823452 -0.01450020 0.02199995
v -0.04899960 -0.01522451 0.02199995
v -0.04899960 -0.01522451 0.00000000
v -0.04899960 -0.01522451 0.02199995
v -0.04994589 -0.01579844 0.02199995
v -0.04899960 -0.01522451 0.00000000
v -0.04989975 -0.01577270 0.00000000
v -0.04989975 -0.01577270 0.00000000
v -0.05176544 -0.00329411 0.00000000
v -0.05258738 -0.00314528 0.02199989
v -0.05176544 -0.00329411 0.02199995
v -0.05264049 -0.00313628 0.00000000
v -0.05093294 -0.00356668 0.00000000
v -0.05093294 -0.00356668 0.02199995
v -0.04982399 -0.00411439 0.00000000
v -0.05014145 -0.00394207 0.02199995
v -0.04940354 -0.00441444 0.02199995
v -0.04846698 -0.00522268 0.00000000
v -0.04873132 -0.00497615 0.02199995
v -0.04813534 -0.00561821 0.02199995
v -0.04762536 -0.00633031 0.00000000
v -0.04762536 -0.00633031 0.02199995
v -0.04705470 -0.00742847 0.00000000
v -0.04720920 -0.00710118 0.02199995
v -0.04689341 -0.00791836 0.02199995
v -0.04668354 -0.00876886 0.00000000
v -0.04668354 -0.00876886 0.02199995
v -0.04658263 -0.00963902 0.00000000
v -0.04658263 -0.00963908 0.02199995
v -0.04659259 -0.01051497 0.00000000
v -0.04663079 -0.01095259 0.02199989
v -0.04671263 -0.01138252 0.00000000
v -0.04694145 -0.01222831 0.02199995
v -0.04694145 -0.01222831 0.00000000
v -0.04727536 -0.01303809 0.02199995
v -0.04727536 -0.01303809 0.00000000
v -0.03148621 0.03769844 0.00000000
v -0.03139513 0.03863227 0.00000000
v -0.03139513 0.03863221 0.02200001
v -0.05513072 -0.00294483 0.00000000
v -0.05513072 -0.00294495 0.02199995
v -0.05513072 -0.00294495 0.02199995
v -0.05513072 -0.00294483 0.00000000
v -0.05640411 -0.00244772 0.02199995
v -0.05749499 -0.00162429 0.02199995
v -0.05640411 -0.00244772 0.02199995
v -0.05749499 -0.00162429 0.00000000
v -0.05640411 -0.00244772 0.00000000
v -0.05749499 -0.00162429 0.02199995
v -0.05882412 0.00073516 0.02199995
v -0.05832237 -0.00053630 0.02199995
v -0.05832237 -0.00053629 0.00000000
v -0.05882412 0.00073516 0.02199995
v -0.05882412 0.00073517 0.00000000
v -0.05882412 0.00073517 0.00000000
v -0.05881637 0.00465095 0.00000000
v -0.05088955 -0.00573391 0.05701911
v -0.04992759 -0.01139563 0.05701911
v -0.04770112 -0.01088750 0.06362962
v -0.05819165 0.00973177 0.02199995
v -0.05802488 0.01076406 0.00000000
v -0.05855906 0.00719809 0.00000000
v -0.05739533 0.01372087 0.02200001
v -0.03350508 0.04557853 0.00000000
v -0.03340137 0.04690885 0.00000000
v -0.03340137 0.04690861 0.02200001
v -0.05643600 0.01720368 0.02200001
v -0.05671972 0.01628756 0.00000000
v -0.05528831 0.02062988 0.02199977
v -0.05563652 0.01963597 0.00000000
v -0.05329316 0.02534294 0.02200031
v -0.05424976 0.02321434 0.00000000
v 0.03218173 -0.04925543 0.02199995
v 0.03218173 -0.04925537 0.00000000
v 0.03115302 -0.05010455 0.00000000
v -0.05140888 0.02895003 0.02200001
v -0.05200850 0.02789503 0.00000000
v -0.05010455 0.03115302 0.02200001
v -0.05010455 0.03115302 0.00000000
v -0.04930645 0.03213381 0.02200001
v -0.04828751 0.03288310 0.02200001
v -0.04930645 0.03213381 0.02200001
v -0.04930645 0.03213387 0.00000000
v -0.04930645 0.03213387 0.00000000
v -0.04711318 0.03335297 0.02200001
v -0.04828751 0.03288310 0.02200001
v -0.04828751 0.03288316 0.00000000
v -0.04828751 0.03288316 0.00000000
v -0.04585856 0.03351289 0.02200001
v -0.04711318 0.03335297 0.02200001
v -0.04711318 0.03335297 0.00000000
v -0.04711318 0.03335297 0.00000000
v -0.04585856 0.03351289 0.00000000
v -0.03956991 0.03142166 0.00000000
v -0.03863227 0.03139513 0.00000000
v -0.03956991 0.03142166 0.02200001
v -0.04049694 0.03156483 0.00000000
v -0.04049694 0.03156483 0.02200001
v -0.04139882 0.03182262 0.00000000
v -0.04139882 0.03182262 0.02200001
v -0.03219079 0.04226154 0.00000000
v -0.03266412 0.04307132 0.00000000
v -0.03222876 0.04231089 0.02200001
v -0.04226154 0.03219079 0.00000000
v -0.04226154 0.03219074 0.02200001
v -0.04385375 0.03310024 0.02200001
v -0.04387307 0.03310507 0.00000000
v -0.03182262 0.04139882 0.00000000
v -0.03182262 0.04139882 0.02200001
v -0.03156483 0.04049694 0.02200001
v -0.03156483 0.04049694 0.00000000
v -0.03142166 0.03956991 0.00000000
v -0.03142166 0.03956991 0.02200001
v -0.03148621 0.03769844 0.02200001
v -0.03169292 0.03678369 0.00000000
v -0.03169292 0.03678345 0.02200001
v -0.03216350 0.03554528 0.00000000
v -0.03201228 0.03590148 0.02200001
v -0.03243917 0.03506624 0.02200001
v -0.03296703 0.03429085 0.00000000
v -0.03331178 0.03385859 0.02200001
v -0.03358757 0.03358757 0.00000000
v -0.03429085 0.03296703 0.00000000
v -0.03429085 0.03296703 0.02200001
v -0.03506624 0.03243917 0.00000000
v -0.03506624 0.03243917 0.02200001
v -0.03590148 0.03201228 0.00000000
v -0.03590148 0.03201228 0.02200001
v -0.03678369 0.03169292 0.02200001
v -0.03769844 0.03148621 0.02200001
v -0.03723597 0.03156667 0.00000000
v 0.00699997 -0.05399996 0.00649995
v -0.03863227 0.03139513 0.02200001
v -0.03325337 0.04426831 0.02200001
v -0.03350508 0.04557847 0.02200001
v -0.03325337 0.04426831 0.02200001
v -0.03325337 0.04426831 0.00000000
v -0.03325337 0.04426831 0.00000000
v -0.03350508 0.04557853 0.00000000
v -0.03350508 0.04557847 0.02200001
v -0.03294944 0.04816401 0.02200001
v -0.03340137 0.04690861 0.02200001
v -0.03340137 0.04690885 0.00000000
v 0.02061998 0.03999733 0.08605003
v 0.01771891 0.04137235 0.08605003
v -0.03537219 -0.02781713 0.08604997
v -0.03294944 0.04816401 0.00000000
v -0.03218173 0.04925537 0.02200001
v -0.03294944 0.04816401 0.02200001
v -0.03218173 0.04925537 0.00000000
v -0.03115302 0.05010455 0.02200001
v -0.03218173 0.04925537 0.02200001
v -0.03218173 0.04925537 0.00000000
v -0.03294944 0.04816401 0.00000000
v -0.03115302 0.05010455 0.00000000
v -0.02879780 0.05149430 0.00000000
v -0.02738952 0.05227470 0.02200007
v -0.02638047 0.05277365 0.00000000
v -0.02390664 0.05393940 0.02200001
v -0.02390664 0.05393940 0.00000000
v -0.02138167 0.05498909 0.02200001
v -0.02138167 0.05498909 0.00000000
v -0.01881057 0.05592083 0.02200001
v -0.01881057 0.05592083 0.00000000
v -0.01488304 0.05710166 0.02200001
v -0.01619905 0.05673259 0.00000000
v -0.01087725 0.05798864 0.02200001
v -0.01355254 0.05742228 0.00000000
v -0.00817847 0.05843037 0.02200001
v -0.00953388 0.05823445 0.00000000
v -0.00546205 0.05874639 0.02200001
v -0.00434065 0.05885452 0.00000000
v -0.00273389 0.05893641 0.02200001
v 0.03218173 0.04925537 0.02200001
v 0.03294944 0.04816401 0.02200001
v 0.03218173 0.04925537 0.02200001
v 0.03218173 0.04925537 0.00000000
v 0.03218173 0.04925537 0.00000000
v 0.03294944 0.04816401 0.00000000
v 0.03340137 0.04690861 0.02200001
v 0.03294944 0.04816401 0.02200001
v 0.03340137 0.04690885 0.00000000
v 0.03294944 0.04816401 0.00000000
v 0.03350508 0.04557847 0.02200001
v 0.03340137 0.04690861 0.02200001
v 0.03350508 0.04557853 0.00000000
v 0.03340137 0.04690885 0.00000000
v 0.03325337 0.04426831 0.02200001
v 0.03350508 0.04557847 0.02200001
v 0.03325337 0.04426831 0.00000000
v 0.03350508 0.04557853 0.00000000
v 0.03266412 0.04307126 0.02200001
v 0.03325337 0.04426831 0.02200001
v 0.03266412 0.04307132 0.00000000
v 0.03325337 0.04426831 0.00000000
v 0.03142166 0.03956991 0.00000000
v 0.03142166 0.03956991 0.02200001
v 0.03156483 0.04049694 0.02200001
v 0.03139513 0.03863221 0.02200001
v 0.03141731 0.03816366 0.00000000
v 0.03156483 0.04049694 0.00000000
v 0.03182262 0.04139882 0.02200001
v 0.03182262 0.04139882 0.00000000
v 0.03219079 0.04226154 0.02200001
v 0.03219079 0.04226154 0.00000000
v 0.04139882 0.03182262 0.00000000
v 0.04227221 0.03220963 0.00000000
v 0.04167664 0.03191655 0.02199995
v 0.04049694 0.03156483 0.00000000
v 0.04049694 0.03156483 0.02200001
v 0.03956991 0.03142166 0.00000000
v 0.03956991 0.03142166 0.02200001
v 0.03863227 0.03139513 0.02200001
v 0.03863227 0.03139513 0.00000000
v 0.03769844 0.03148621 0.02200001
v 0.03769844 0.03148621 0.00000000
v 0.03678369 0.03169292 0.00000000
v 0.03633487 0.03183054 0.02200001
v 0.03590148 0.03201228 0.00000000
v 0.03506624 0.03243917 0.02200001
v 0.03506624 0.03243917 0.00000000
v 0.03429085 0.03296703 0.02200001
v 0.03429085 0.03296703 0.00000000
v 0.03268361 0.03466558 0.00000000
v 0.00591934 -0.05399990 0.00752628
v 0.03243917 0.03506624 0.02200001
v 0.03201228 0.03590148 0.00000000
v 0.03201228 0.03590148 0.02200001
v 0.03169292 0.03678369 0.00000000
v 0.03169292 0.03678345 0.02200001
v 0.03148621 0.03769844 0.02200001
v -0.05891990 -0.01065576 0.00040379
v 0.05374556 -0.01217240 0.00040230
v 0.04393815 0.03312951 0.02200001
v 0.04487931 0.03341615 0.02200001
v 0.04393815 0.03312951 0.02200001
v 0.04393815 0.03312951 0.00000000
v 0.04393815 0.03312951 0.00000000
v 0.04585856 0.03351289 0.02200001
v 0.04487931 0.03341615 0.02200001
v 0.04487931 0.03341615 0.00000000
v 0.04487931 0.03341615 0.00000000
v 0.04585856 0.03351289 0.00000000
v 0.05140888 0.02895003 0.02200001
v 0.05010455 0.03115302 0.02200001
v 0.05309575 0.02575111 0.02199918
v 0.05140888 0.02895003 0.00000000
v 0.05329316 0.02534294 0.00000000
v 0.05513000 0.02105331 0.02200007
v 0.05528920 0.02062988 0.00000000
v 0.05643600 0.01720368 0.02200001
v 0.05739533 0.01372087 0.02200001
v 0.05643600 0.01720368 0.00000000
v 0.05748695 0.01335251 0.00000000
v 0.05840677 0.00847018 0.02199989
v 0.05881637 0.00465095 0.00000000
v 0.05840301 0.00846767 0.00000000
v -0.02945762 -0.05612719 0.02130180
v 0.05882412 0.00073517 0.00000000
v 0.05882412 0.00073517 0.00000000
v 0.05832237 -0.00053629 0.00000000
v 0.05258518 -0.01064682 0.00049999
v 0.05640411 -0.00244772 0.02199995
v 0.05749499 -0.00162429 0.02199995
v 0.05749499 -0.00162429 0.00000000
v 0.05640411 -0.00244772 0.00000000
v 0.05513072 -0.00294483 0.00000000
v 0.05640411 -0.00244772 0.02199995
v 0.05640411 -0.00244772 0.00000000
v 0.05513072 -0.00294495 0.02199995
v 0.05513072 -0.00294483 0.00000000
v 0.04989975 -0.01577270 0.00000000
v 0.05198782 -0.01650965 0.00000000
v 0.05199450 -0.01650488 0.02199989
v 0.04989975 -0.01577270 0.02199995
v 0.04899960 -0.01522451 0.00000000
v 0.04989975 -0.01577270 0.02199995
v 0.04899960 -0.01522451 0.02199995
v 0.04989975 -0.01577270 0.00000000
v 0.04899960 -0.01522451 0.02199995
v 0.04899960 -0.01522451 0.00000000
v 0.05284005 -0.01705378 0.02199995
v 0.05199450 -0.01650488 0.02199989
v 0.05284005 -0.01705372 0.00000000
v 0.05198782 -0.01650965 0.00000000
v 0.05366587 -0.01785463 0.02199983
v 0.05284005 -0.01705378 0.02199995
v 0.05358403 -0.01775527 -0.00000024
v 0.05284005 -0.01705372 0.00000000
v 0.05439871 -0.01910400 0.02199995
v 0.05366587 -0.01785463 0.02199983
v 0.05434864 -0.01898527 0.00000000
v 0.05358403 -0.01775527 -0.00000024
v 0.05467271 -0.02008903 0.02199995
v 0.05439871 -0.01910400 0.02199995
v 0.05467271 -0.02008903 0.00000000
v 0.05434864 -0.01898527 0.00000000
v 0.05475103 -0.02080923 0.02199995
v 0.05475103 -0.02080917 0.00000000
v 0.05472457 -0.02153301 0.02199995
v 0.05472457 -0.02153301 0.00000000
v 0.05453127 -0.02250367 0.02199995
v 0.05453127 -0.02250367 0.02199995
v 0.05452793 -0.02249115 0.00000000
v 0.05308645 -0.02574497 0.00000000
v 0.05308645 -0.02574503 0.02199995
v 0.05166631 -0.02848798 0.02199995
v 0.05166631 -0.02848798 0.00000000
v 0.05010455 -0.03115302 0.00000000
v 0.04925537 -0.03218173 0.00000000
v 0.04816401 -0.03294944 0.00000000
v 0.04925537 -0.03218179 0.02199995
v 0.05882412 0.00073516 0.02199995
v 0.04690885 -0.03340137 0.02199995
v 0.04816401 -0.03294944 0.02199995
v 0.04816401 -0.03294944 0.00000000
v 0.04557853 -0.03350514 0.02199995
v 0.04690885 -0.03340137 0.02199995
v 0.04690885 -0.03340137 0.00000000
v 0.04690885 -0.03340137 0.00000000
v 0.04421514 -0.03324091 0.02199989
v 0.04557853 -0.03350514 0.02199995
v 0.04557853 -0.03350508 0.00000000
v 0.04557853 -0.03350508 0.00000000
v 0.04417616 -0.03322887 0.00000000
v 0.04035931 -0.03153604 0.00000000
v 0.04035931 -0.03153604 0.02199995
v 0.04177123 -0.03196603 0.00000000
v 0.04035931 -0.03153604 0.02199995
v 0.04177123 -0.03196603 0.02199995
v 0.04035931 -0.03153604 0.00000000
v 0.04417616 -0.03322887 0.00000000
v 0.04177123 -0.03196603 0.02199995
v 0.04421514 -0.03324091 0.02199989
v 0.04177123 -0.03196603 0.00000000
v 0.03115302 -0.05010455 0.02199995
v 0.03294944 -0.04816401 0.00000000
v 0.03218173 -0.04925537 0.00000000
v 0.03218173 -0.04925543 0.02199995
v 0.05513072 -0.00294495 0.02199995
v 0.03340137 -0.04690885 0.00000000
v 0.03294944 -0.04816401 0.00000000
v 0.03294944 -0.04816401 0.02199995
v 0.03294944 -0.04816401 0.02199995
v 0.03350508 -0.04557853 0.00000000
v 0.03340137 -0.04690885 0.00000000
v 0.03340137 -0.04690885 0.02199995
v 0.03340137 -0.04690885 0.02199995
v 0.03325337 -0.04426831 0.00000000
v 0.03350508 -0.04557853 0.00000000
v 0.03350508 -0.04557853 0.02199995
v 0.03350508 -0.04557853 0.02199995
v 0.03325337 -0.04426831 0.00000000
v 0.03325337 -0.04426831 0.02199995
v 0.03325337 -0.04426831 0.02199995
v 0.01748144 -0.05635046 0.00000000
v 0.01749014 -0.05635982 0.02199888
v 0.02083724 -0.05520969 0.02199983
v 0.02125358 -0.05505269 0.00000000
v 0.02451694 -0.05366486 0.00000000
v 0.02545547 -0.05323880 0.02199989
v 0.02677869 -0.05257254 0.00000000
v 0.02899223 -0.05138528 0.00000000
v 0.02899223 -0.05138528 0.02199995
v 0.01189428 -0.05442905 0.00000000
v 0.00691467 -0.05399996 0.00541097
v 0.01240342 -0.05504876 0.00000000
v 0.01300495 -0.05557888 0.00000000
v 0.01520067 -0.05651068 0.02199995
v 0.01300495 -0.05557888 0.00000000
v 0.00699997 -0.05399996 0.00649995
v 0.01368355 -0.05600631 0.00000000
v 0.01442188 -0.05631959 0.00000000
v 0.01442188 -0.05631959 0.00000000
v 0.00694889 -0.05399996 0.00734371
v 0.01548391 -0.05655932 0.00000000
v 0.01173996 -0.09853142 0.00800157
v 0.01173245 -0.09848862 0.00835282
v 0.01130968 -0.09827309 0.00837862
v 0.00691467 -0.05399996 0.00541097
v 0.01189428 -0.05442905 0.00000000
v 0.01131904 -0.05401694 0.00000000
v -0.00619811 -0.05399996 0.00975299
v 0.00669634 -0.06199979 0.00064886
v 0.00717503 -0.05399996 0.00029248
v 0.00789308 -0.05399972 0.00002339
v -0.00699997 -0.05399996 0.00649995
v 0.01189452 -0.05442917 0.02199995
v 0.00576085 -0.05399996 0.01047641
v 0.01107347 -0.05400002 0.02199995
v -0.01748490 -0.05635720 0.02199882
v -0.00679648 -0.05399996 0.00817513
v -0.01748144 -0.05635046 0.00000000
v -0.00679648 -0.05399996 0.00817513
v -0.01654696 -0.05655682 0.00000000
v -0.01748144 -0.05635046 0.00000000
v -0.01619833 -0.05657917 0.02199989
v -0.00654501 -0.05399996 0.00898218
v -0.01748490 -0.05635720 0.02199882
v -0.05650353 -0.01251626 0.00034210
v -0.05350935 -0.01250809 0.00040088
v -0.05349993 -0.01260775 0.00018379
v -0.05651265 -0.01269263 0.00009967
v -0.05650353 -0.01251626 0.00034210
v -0.05349993 -0.01260775 0.00018379
v -0.05651265 -0.01269263 0.00009967
v -0.05349993 -0.01260775 0.00018379
v -0.05300909 -0.01283323 0.00000926
v -0.05688536 -0.01289916 0.00000443
v -0.05651265 -0.01269263 0.00009967
v -0.05300909 -0.01283323 0.00000926
v -0.05720460 -0.00745106 0.00013051
v -0.05650573 -0.00740009 0.00019277
v -0.05650514 -0.00749284 0.00040333
v -0.05722177 -0.01270812 0.00003534
v -0.05784201 -0.01232433 0.00010780
v -0.05717957 -0.01250618 0.00019902
v -0.05722177 -0.01270812 0.00003534
v -0.05717957 -0.01250618 0.00019902
v -0.05651265 -0.01269263 0.00009967
v -0.05722177 -0.01270812 0.00003534
v -0.05819380 -0.01238459 0.00000875
v -0.05784201 -0.01232433 0.00010780
v -0.05722177 -0.01270812 0.00003534
v -0.05688536 -0.01289916 0.00000443
v -0.05715149 -0.00757861 0.00040295
v -0.05901354 -0.01066637 0.00019079
v -0.05910044 -0.00998598 0.00019282
v -0.05891990 -0.01065576 0.00040379
v -0.05866926 -0.01125365 0.00040141
v -0.05901354 -0.01066637 0.00019079
v -0.05891990 -0.01065576 0.00040379
v -0.05929678 -0.00925046 0.00000916
v -0.05882167 -0.00823468 0.00000829
v -0.05883592 -0.00865924 0.00009927
v -0.05903768 -0.00931972 0.00015093
v -0.05777335 -0.00782728 0.00033894
v -0.05720460 -0.00745106 0.00013051
v -0.05715149 -0.00757861 0.00040295
v -0.05934727 -0.01009964 0.00001558
v -0.05903768 -0.00931972 0.00015093
v -0.05910044 -0.00998598 0.00019282
v -0.05934727 -0.01009964 0.00001558
v -0.05720460 -0.00745106 0.00013051
v -0.05700188 -0.00717402 0.00001041
v -0.05650573 -0.00740009 0.00019277
v -0.05879104 -0.01131016 0.00013815
v -0.05784177 -0.00767529 0.00010741
v -0.05828595 -0.00822550 0.00033595
v -0.05784177 -0.00767529 0.00010741
v -0.05777335 -0.00782728 0.00033894
v -0.05829268 -0.01176869 0.00033549
v -0.05879104 -0.01131016 0.00013815
v -0.05866926 -0.01125365 0.00040141
v -0.05920606 -0.01072901 0.00003544
v -0.05934727 -0.01009964 0.00001558
v -0.05910044 -0.00998598 0.00019282
v -0.05901354 -0.01066637 0.00019079
v -0.05879104 -0.01131016 0.00013815
v -0.05920606 -0.01072901 0.00003544
v -0.05901354 -0.01066637 0.00019079
v -0.05841135 -0.00808865 0.00009313
v -0.05920606 -0.01072901 0.00003544
v -0.05910891 -0.01131469 0.00000677
v -0.05934727 -0.01009964 0.00001558
v -0.05795234 -0.00748420 0.00000627
v -0.05784177 -0.00767529 0.00010741
v -0.05841106 -0.01191133 0.00009310
v -0.05879104 -0.01131016 0.00013815
v -0.05829268 -0.01176869 0.00033549
v -0.05841135 -0.00808865 0.00009313
v -0.05883592 -0.00865924 0.00009927
v -0.05828595 -0.00822550 0.00033595
v -0.05867433 -0.00873744 0.00034668
v -0.05841135 -0.00808865 0.00009313
v -0.05903768 -0.00931972 0.00015093
v -0.05867433 -0.00873744 0.00034668
v -0.05892020 -0.00934613 0.00040829
v -0.05910891 -0.01131469 0.00000677
v -0.05920606 -0.01072901 0.00003544
v -0.05879104 -0.01131016 0.00013815
v -0.05841106 -0.01191133 0.00009310
v -0.05910891 -0.01131469 0.00000677
v -0.05879104 -0.01131016 0.00013815
v -0.05900877 -0.01000201 0.00039840
v -0.05903768 -0.00931972 0.00015093
v -0.05892020 -0.00934613 0.00040829
v -0.05784201 -0.01232433 0.00010780
v -0.05841106 -0.01191133 0.00009310
v -0.05829268 -0.01176869 0.00033549
v -0.05776423 -0.01217442 0.00035089
v -0.05717957 -0.01250618 0.00019902
v -0.05776423 -0.01217442 0.00035089
v -0.05715125 -0.01242119 0.00040324
v -0.05717957 -0.01250618 0.00019902
v -0.05784201 -0.01232433 0.00010780
v -0.05776423 -0.01217442 0.00035089
v -0.05717957 -0.01250618 0.00019902
v -0.05715125 -0.01242119 0.00040324
v -0.05650353 -0.01251626 0.00034210
v -0.05819380 -0.01238459 0.00000875
v -0.05903768 -0.00931972 0.00015093
v -0.05883592 -0.00865924 0.00009927
v -0.05867433 -0.00873744 0.00034668
v -0.05910044 -0.00998598 0.00019282
v -0.05717957 -0.01250618 0.00019902
v -0.05900877 -0.01000201 0.00039840
v -0.05819380 -0.01238459 0.00000875
v -0.05841106 -0.01191133 0.00009310
v -0.05784201 -0.01232433 0.00010780
v -0.05350923 -0.00749165 0.00040074
v -0.05349987 -0.00739229 0.00018393
v -0.05349987 -0.00739229 0.00018393
v -0.05650573 -0.00740009 0.00019277
v -0.05700188 -0.00717402 0.00001041
v -0.05290788 -0.00716865 0.00000602
v -0.05280274 -0.01254975 0.00013045
v -0.05280518 -0.00740761 0.00010775
v -0.05349987 -0.00739229 0.00018393
v -0.05290788 -0.00716865 0.00000602
v -0.05095201 -0.00999528 0.00025617
v -0.05079156 -0.01072126 0.00003535
v -0.05099493 -0.01067090 0.00020254
v -0.05285781 -0.01242375 0.00040397
v -0.05206608 -0.00746888 0.00000602
v -0.05215847 -0.00766426 0.00009958
v -0.05130064 -0.00873023 0.00029603
v -0.05107080 -0.00933570 0.00033878
v -0.05133473 -0.00874996 0.00049999
v -0.05079156 -0.01072126 0.00003535
v -0.05061686 -0.01021122 0.00000615
v -0.05096870 -0.01143378 0.00000602
v -0.05224895 -0.01218199 0.00035068
v -0.05280274 -0.01254975 0.00013045
v -0.05285781 -0.01242375 0.00040397
v -0.05079156 -0.01072126 0.00003535
v -0.05096870 -0.01143378 0.00000602
v -0.05120885 -0.01131016 0.00013809
v -0.05061686 -0.01021122 0.00000615
v -0.05090749 -0.00930512 0.00010768
v -0.05095201 -0.00999528 0.00025617
v -0.05107080 -0.00933570 0.00033878
v -0.05280274 -0.01254975 0.00013045
v -0.05300909 -0.01283323 0.00000926
v -0.05349993 -0.01260775 0.00018379
v -0.05130064 -0.00873023 0.00029603
v -0.05090749 -0.00930512 0.00010768
v -0.05107080 -0.00933570 0.00033878
v -0.05215793 -0.01232409 0.00010762
v -0.05171018 -0.00823033 0.00034204
v -0.05130064 -0.00873023 0.00029603
v -0.05133473 -0.00874996 0.00049999
v -0.05165576 -0.01184391 0.00018382
v -0.05215793 -0.01232409 0.00010762
v -0.05224895 -0.01218199 0.00035068
v -0.05165576 -0.01184391 0.00018382
v -0.05224895 -0.01218199 0.00035068
v -0.05172550 -0.01177418 0.00039585
v -0.05090749 -0.00930512 0.00010768
v -0.05061686 -0.01021122 0.00000615
v -0.05095201 -0.00999528 0.00025617
v -0.05115896 -0.00864863 0.00009294
v -0.05120885 -0.01131016 0.00013809
v -0.05172550 -0.01177418 0.00039585
v -0.05133074 -0.01125496 0.00040799
v -0.05165576 -0.01184391 0.00018382
v -0.05069398 -0.00924802 0.00000629
v -0.05061686 -0.01021122 0.00000615
v -0.05090749 -0.00930512 0.00010768
v -0.05204927 -0.01251232 0.00000746
v -0.05215793 -0.01232409 0.00010762
v -0.05148077 -0.01201891 0.00001311
v -0.05115896 -0.00864863 0.00009294
v -0.05148077 -0.01201891 0.00001311
v -0.05215793 -0.01232409 0.00010762
v -0.05165576 -0.01184391 0.00018382
v -0.05159968 -0.00809091 0.00009906
v -0.05115896 -0.00864863 0.00009294
v -0.05130064 -0.00873023 0.00029603
v -0.05171018 -0.00823033 0.00034204
v -0.05099493 -0.01067090 0.00020254
v -0.05133074 -0.01125496 0.00040799
v -0.05107969 -0.01065349 0.00040817
v -0.05120885 -0.01131016 0.00013809
v -0.05118072 -0.00821877 0.00000608
v -0.05095201 -0.00999528 0.00025617
v -0.05099493 -0.01067090 0.00020254
v -0.05107969 -0.01065349 0.00040817
v -0.05148077 -0.01201891 0.00001311
v -0.05165576 -0.01184391 0.00018382
v -0.05215847 -0.00766426 0.00009958
v -0.05159968 -0.00809091 0.00009906
v -0.05171018 -0.00823033 0.00034204
v -0.05223500 -0.00782114 0.00033630
v -0.05285614 -0.00756836 0.00035050
v -0.05159968 -0.00809091 0.00009906
v -0.05280518 -0.00740761 0.00010775
v -0.05215847 -0.00766426 0.00009958
v -0.05223500 -0.00782114 0.00033630
v -0.05280518 -0.00740761 0.00010775
v -0.05285614 -0.00756836 0.00035050
v -0.05079156 -0.01072126 0.00003535
v -0.05120885 -0.01131016 0.00013809
v -0.05099493 -0.01067090 0.00020254
v 0.05230623 -0.00998217 0.00009984
v 0.05249297 -0.00932276 0.00019652
v 0.05248051 -0.01000589 0.00033632
v 0.05382913 -0.01268351 0.00000681
v 0.05428546 -0.01255559 0.00012540
v 0.05382913 -0.01268351 0.00000681
v 0.05362480 -0.01238155 0.00006698
v 0.05428546 -0.01255559 0.00012540
v 0.05252712 -0.01066279 0.00024581
v 0.05230623 -0.00998217 0.00009984
v 0.05248051 -0.01000589 0.00033632
v 0.05429673 -0.00739980 0.00009972
v 0.05499982 -0.00739223 0.00018384
v 0.05434674 -0.00756955 0.00034184
v 0.05281507 -0.01126730 0.00028028
v 0.05252712 -0.01066279 0.00024581
v 0.05258518 -0.01064682 0.00049999
v 0.05224847 -0.00930381 0.00001509
v 0.05270004 -0.00818825 0.00000574
v 0.05261838 -0.00862497 0.00006698
v 0.05230623 -0.00998217 0.00009984
v 0.05249297 -0.00932276 0.00019652
v 0.05429673 -0.00739980 0.00009972
v 0.05499982 -0.00714880 0.00001512
v 0.05499982 -0.00739223 0.00018384
v 0.05365782 -0.00767541 0.00010742
v 0.05434674 -0.00756955 0.00034184
v 0.05373561 -0.00782537 0.00035052
v 0.05429673 -0.00739980 0.00009972
v 0.05321389 -0.00822544 0.00033596
v 0.05365782 -0.00767541 0.00010742
v 0.05373561 -0.00782537 0.00035052
v 0.05278187 -0.00872612 0.00024368
v 0.05321389 -0.00822544 0.00033596
v 0.05283474 -0.00874996 0.00049999
v 0.05208814 -0.01002568 0.00000518
v 0.05224847 -0.00930381 0.00001509
v 0.05230623 -0.00998217 0.00009984
v 0.05228877 -0.01072621 0.00003301
v 0.05230623 -0.00998217 0.00009984
v 0.05252712 -0.01066279 0.00024581
v 0.05385679 -0.00729567 0.00000495
v 0.05281507 -0.01126730 0.00028028
v 0.05228877 -0.01072621 0.00003301
v 0.05252712 -0.01066279 0.00024581
v 0.05315357 -0.01183849 0.00018814
v 0.05281507 -0.01126730 0.00028028
v 0.05322343 -0.01176971 0.00040087
v 0.05308860 -0.00808841 0.00009298
v 0.05228877 -0.01072621 0.00003301
v 0.05240875 -0.01126456 0.00000717
v 0.05208814 -0.01002568 0.00000518
v 0.05257970 -0.00934625 0.00040790
v 0.05278187 -0.00872612 0.00024368
v 0.05283474 -0.00874996 0.00049999
v 0.05228877 -0.01072621 0.00003301
v 0.05240875 -0.01126456 0.00000717
v 0.05385679 -0.00729567 0.00000495
v 0.05429673 -0.00739980 0.00009972
v 0.05365782 -0.00767541 0.00010742
v 0.05308860 -0.00808841 0.00009298
v 0.05385679 -0.00729567 0.00000495
v 0.05365782 -0.00767541 0.00010742
v 0.05369699 -0.01224637 0.00019608
v 0.05315357 -0.01183849 0.00018814
v 0.05322343 -0.01176971 0.00040087
v 0.05374556 -0.01217240 0.00040230
v 0.05278187 -0.00872612 0.00024368
v 0.05308860 -0.00808841 0.00009298
v 0.05321389 -0.00822544 0.00033596
v 0.05249297 -0.00932276 0.00019652
v 0.05278187 -0.00872612 0.00024368
v 0.05257970 -0.00934625 0.00040790
v 0.05435121 -0.01242083 0.00040482
v 0.05369699 -0.01224637 0.00019608
v 0.05374556 -0.01217240 0.00040230
v 0.05248051 -0.01000589 0.00033632
v 0.05249297 -0.00932276 0.00019652
v 0.05257970 -0.00934625 0.00040790
v 0.05301272 -0.01202327 0.00001739
v 0.05240875 -0.01126456 0.00000717
v 0.05281507 -0.01126730 0.00028028
v 0.05315357 -0.01183849 0.00018814
v 0.05270004 -0.00818825 0.00000574
v 0.05308860 -0.00808841 0.00009298
v 0.05278187 -0.00872612 0.00024368
v 0.05428546 -0.01255559 0.00012540
v 0.05435121 -0.01242083 0.00040482
v 0.05499219 -0.01251518 0.00035063
v 0.05428546 -0.01255559 0.00012540
v 0.05499464 -0.01268899 0.00010236
v 0.05369699 -0.01224637 0.00019608
v 0.05252712 -0.01066279 0.00024581
v 0.05248051 -0.01000589 0.00033632
v 0.05258518 -0.01064682 0.00049999
v 0.05270004 -0.00818825 0.00000574
v 0.05308860 -0.00808841 0.00009298
v 0.05261838 -0.00862497 0.00006698
v 0.05428546 -0.01255559 0.00012540
v 0.05362480 -0.01238155 0.00006698
v 0.05369699 -0.01224637 0.00019608
v 0.05434674 -0.00756955 0.00034184
v 0.05499982 -0.00739223 0.00018384
v 0.05499517 -0.00749236 0.00040073
v 0.00609767 -0.05399996 0.00162864
v 0.00599951 -0.05399996 0.00220501
v 0.00605762 -0.05399990 0.00284421
v 0.00789308 -0.05399972 0.00002339
v 0.00670510 -0.05399996 0.00064041
v 0.00633812 -0.05399996 0.00109553
v -0.00667119 -0.05399996 0.00067362
v -0.00714755 -0.05399996 0.00030811
v -0.00630569 -0.05399996 0.00114995
v -0.00788271 -0.05399972 0.00002458
v -0.01300495 -0.05557888 0.00000000
v 0.01300495 -0.05557888 0.02199995
v -0.00523955 -0.05399996 0.01114159
v -0.00576085 -0.05399996 0.01047641
v -0.01107347 -0.05400002 0.02199995
v -0.00464177 -0.05399996 0.01173949
v -0.00362563 -0.05399996 0.01249659
v -0.00599754 -0.05399996 0.00229996
v -0.00607592 -0.05399996 0.00170463
v -0.00605619 -0.05399996 0.00283426
v -0.00215733 -0.05399996 0.01317137
v -0.06379467 0.00257075 0.01856946
v 0.00666118 -0.05399996 0.00434864
v -0.00666112 -0.05399960 0.00434869
v 0.01131904 -0.05401694 0.00000000
v -0.01107341 -0.05399996 0.00000000
v -0.00691467 -0.05399996 0.00541097
v 0.00691467 -0.05399996 0.00541097
v -0.00084376 -0.05399996 0.01344889
v 0.00000000 -0.05399996 0.01349973
v -0.00699997 -0.05399996 0.00649995
v -0.01300495 -0.05557888 0.00000000
v -0.01368355 -0.05600631 0.00000000
v 0.00084376 -0.05399996 0.01344889
v 0.01107347 -0.05400002 0.02199995
v 0.00201398 -0.05399996 0.01321595
v 0.00325298 -0.05399996 0.01269811
v 0.00432110 -0.05399996 0.01201659
v 0.00523955 -0.05399996 0.01114159
v 0.00576085 -0.05399996 0.01047641
v -0.00576085 -0.05399996 0.01047641
v -0.01189452 -0.05442917 0.02199995
v -0.01107347 -0.05400002 0.02199995
v -0.01189452 -0.05442917 0.02199995
v -0.02108585 -0.05511438 0.02199989
v -0.01107347 -0.05400002 0.02199995
v 0.00605762 -0.05399990 0.00284421
v 0.00605786 -0.06199979 0.00283337
v 0.00666118 -0.06199979 0.00434864
v 0.00691467 -0.05399996 0.00541097
v 0.00666118 -0.05399996 0.00434864
v 0.00691467 -0.06199979 0.00541097
v 0.00044197 -0.06199979 0.01449924
v -0.00089572 -0.06199979 0.01444947
v 0.00000000 -0.06199979 0.01349973
v 0.00633299 -0.06199979 0.00110388
v 0.00633812 -0.05399996 0.00109553
v 0.00642788 -0.06199979 0.00110292
v -0.00630569 -0.05399996 0.00114995
v 0.00133735 -0.06199985 0.01338279
v 0.00794965 -0.06199979 0.00739563
v 0.00699997 -0.06199979 0.00649995
v 0.00799996 -0.06199979 0.00649995
v -0.00639254 -0.06199979 0.00136661
v -0.00642788 -0.06199979 0.00110292
v -0.00631750 -0.06199979 0.00112963
v 0.00689268 -0.06199985 0.00776285
v 0.00639254 -0.06199979 0.00136661
v 0.00633299 -0.06199979 0.00110388
v 0.00642788 -0.06199979 0.00110292
v -0.00498790 -0.06199979 0.01275444
v -0.00597966 -0.06200003 0.01183032
v -0.00495493 -0.06199991 0.01145499
v 0.00609559 -0.06199979 0.00163561
v 0.00609767 -0.05399996 0.00162864
v 0.00640601 -0.06199973 0.00158435
v -0.00630569 -0.05399996 0.00114995
v -0.00607592 -0.05399996 0.00170463
v -0.00639254 -0.06199979 0.00136661
v 0.00220776 -0.06199979 0.01419913
v -0.00599754 -0.06199979 0.00229984
v -0.00640196 -0.06199973 0.00159323
v -0.00607902 -0.06199979 0.00169331
v 0.00640601 -0.06199973 0.00158435
v 0.00599927 -0.06199979 0.00220984
v 0.00609559 -0.06199979 0.00163561
v 0.00779933 -0.06199979 0.00828010
v -0.00605142 -0.06199979 0.00283533
v -0.00397640 -0.06199979 0.01226079
v -0.00735396 -0.06199979 0.00335050
v -0.00666118 -0.06199979 0.00434869
v 0.00735354 -0.06199979 0.00334930
v -0.00783682 -0.06199979 0.00489235
v 0.00755101 -0.06199979 0.00914216
v 0.00605786 -0.06199979 0.00283337
v -0.00691467 -0.06199979 0.00541097
v 0.00654501 -0.06199979 0.00898218
v -0.00387770 -0.06200015 0.01351916
v -0.00799996 -0.06199979 0.00649995
v 0.00287575 -0.06199985 0.01289016
v -0.00699860 -0.06199979 0.00695509
v -0.00280869 -0.06199985 0.01292425
v -0.00789356 -0.06199979 0.00788855
v 0.00381970 -0.06199955 0.01353973
v 0.00701761 -0.06200015 0.01036822
v 0.00603861 -0.06199979 0.01006323
v -0.00679648 -0.06199979 0.00817513
v 0.00397640 -0.06199979 0.01226079
v -0.00740451 -0.06199991 0.00956249
v -0.00654501 -0.06199979 0.00898218
v 0.00666118 -0.06199979 0.00434864
v 0.00498790 -0.06199979 0.01275444
v 0.00464177 -0.06199979 0.01173949
v -0.00225645 -0.06199985 0.01418960
v 0.00598931 -0.06200027 0.01182508
v 0.00523955 -0.06199979 0.01114159
v -0.00126290 -0.06199979 0.01339268
v -0.00619811 -0.06199979 0.00975299
v -0.00677371 -0.06199979 0.01075619
v -0.00576085 -0.06199979 0.01047641
v 0.00783682 -0.06199979 0.00489235
v 0.00691467 -0.06199979 0.00541097
v -0.00638306 -0.06368100 0.00133812
v -0.00647312 -0.06367176 0.00175953
v -0.00647312 -0.06367176 0.00175953
v -0.00605142 -0.06199979 0.00283533
v -0.00599754 -0.06199979 0.00229984
v -0.00599754 -0.05399996 0.00229996
v -0.00605619 -0.05399996 0.00283426
v -0.00605142 -0.06199979 0.00283533
v -0.00605619 -0.05399996 0.00283426
v -0.04816401 -0.03294944 0.00000000
v -0.04690885 -0.03340137 0.00000000
v -0.05166804 -0.03778839 0.00000000
v 0.05301272 -0.01202327 0.00001739
v 0.05382913 -0.01268351 0.00000681
v 0.05198782 -0.01650965 0.00000000
v 0.04989975 -0.01577270 0.00000000
v 0.05749499 -0.00162429 0.00000000
v 0.05832237 -0.00053629 0.00000000
v 0.06384259 -0.00468159 -0.00000050
v 0.06401193 0.00028367 0.00000000
v 0.00789308 -0.05399972 0.00002339
v 0.01131904 -0.05401694 0.00000000
v 0.01189428 -0.05442905 0.00000000
v 0.03350508 0.04557853 0.00000000
v 0.03340137 0.04690885 0.00000000
v 0.03884500 0.05088043 0.00000000
v -0.04557579 0.04493135 0.00000000
v -0.04275888 0.04763787 0.00000000
v -0.04122430 0.04122430 0.00000000
v -0.04054087 0.04174876 0.00000000
v -0.04174876 0.04054087 0.00000000
v -0.04732000 0.04309058 0.00000000
v -0.04207819 0.03974497 0.00000000
v -0.04899007 0.04118210 0.00000000
v -0.03974497 0.04207819 0.00000000
v -0.05426013 0.03396987 0.00000000
v -0.05132281 0.03825378 0.00000000
v -0.04930645 0.03213387 0.00000000
v -0.04557853 -0.03350508 0.00000000
v -0.04857629 -0.04169076 0.00000000
v -0.05010455 0.03115302 0.00000000
v -0.03467547 0.05380630 0.00000000
v -0.03029626 0.05639261 0.00000000
v -0.03115302 0.05010455 0.00000000
v -0.03218173 0.04925537 0.00000000
v -0.04828751 0.03288316 0.00000000
v -0.03884112 0.05088227 0.00000000
v -0.03294944 0.04816401 0.00000000
v 0.05771422 -0.00892788 0.00000773
v 0.05703979 -0.00792629 0.00000601
v -0.04219079 0.03889065 0.00000000
v -0.03889065 0.04219079 0.00000000
v 0.05502128 -0.01290470 0.00000718
v 0.05284005 -0.01705372 0.00000000
v -0.04711318 0.03335297 0.00000000
v -0.05200850 0.02789503 0.00000000
v -0.05673205 0.02965164 0.00000000
v 0.05592429 -0.01277917 0.00000478
v 0.05358403 -0.01775527 -0.00000024
v -0.03340137 0.04690885 0.00000000
v -0.02879780 0.05149430 0.00000000
v -0.04207819 0.03803676 0.00000000
v -0.03803676 0.04207819 0.00000000
v -0.04585856 0.03351289 0.00000000
v 0.05785083 -0.00999993 0.00001514
v 0.06343370 -0.00849468 0.00000000
v 0.03266412 0.04307132 0.00000000
v 0.03325337 0.04426831 0.00000000
v 0.03655719 0.04122430 0.00000000
v -0.02702164 0.05801576 0.00000000
v -0.02638047 0.05277365 0.00000000
v -0.04421514 -0.03324085 0.00000000
v -0.04174876 -0.03724086 0.00000000
v -0.03350508 0.04557853 0.00000000
v -0.04122430 -0.03655719 0.00000000
v -0.04054087 -0.03603297 0.00000000
v -0.04177123 -0.03196603 0.00000000
v 0.03219079 0.04226154 0.00000000
v 0.03603297 0.04054087 0.00000000
v 0.03182262 0.04139882 0.00000000
v 0.05434864 -0.01898527 0.00000000
v -0.03724086 0.04174876 0.00000000
v 0.03724086 0.04174876 0.00000000
v 0.03394138 -0.03325551 0.00000000
v 0.03502726 -0.03245311 0.00000000
v 0.03655719 -0.03655719 0.00000000
v 0.03305244 -0.03416395 0.00000000
v -0.04174876 0.03724086 0.00000000
v -0.04487931 0.03341615 0.00000000
v -0.04207819 -0.03803676 0.00000000
v -0.05890929 0.02504730 0.00000000
v -0.05424976 0.02321434 0.00000000
v -0.03974497 -0.03570330 0.00000000
v -0.04035931 -0.03153604 0.00000000
v 0.03209519 -0.03568857 0.00000000
v 0.03603297 -0.03724086 0.00000000
v -0.02390664 0.05393940 0.00000000
v 0.03570330 0.03974497 0.00000000
v 0.03156483 0.04049694 0.00000000
v 0.03142166 0.03956991 0.00000000
v -0.02336680 0.05959415 0.00000000
v 0.03803676 0.04207819 0.00000000
v 0.03624624 -0.03187251 0.00000000
v 0.03724086 -0.03603297 0.00000000
v -0.03325337 0.04426831 0.00000000
v -0.03655719 0.04122430 0.00000000
v -0.04219079 -0.03889065 0.00000000
v -0.03889065 -0.03559064 0.00000000
v -0.03889065 -0.03139066 0.00000000
v -0.03799206 -0.03144472 0.00000000
v 0.03152823 -0.03739851 0.00000000
v 0.03570330 -0.03803676 0.00000000
v 0.03889065 0.04219079 0.00000000
v -0.04387307 0.03310507 0.00000000
v 0.04275888 0.04763787 0.00000000
v 0.03141731 0.03816366 0.00000000
v 0.03559064 0.03889065 0.00000000
v 0.03710639 -0.03160601 0.00000000
v 0.03799206 -0.03144472 0.00000000
v 0.03803676 -0.03570330 0.00000000
v -0.06071084 0.02029412 0.00000000
v 0.00782984 -0.06352001 0.00003187
v 0.00669634 -0.06199979 0.00064886
v 0.01080507 -0.06308126 0.00000000
v -0.02138167 0.05498909 0.00000000
v -0.04207819 -0.03974497 0.00000000
v 0.01368355 -0.05600631 0.00000000
v 0.01080507 -0.06308126 0.00000000
v -0.03803676 -0.03570330 0.00000000
v -0.03710639 -0.03160601 0.00000000
v -0.03624624 -0.03187251 0.00000000
v 0.05770617 -0.01111614 0.00000687
v 0.06280797 -0.01235955 0.00000000
v 0.03169292 0.03678369 0.00000000
v 0.03570330 0.03803676 0.00000000
v 0.03201228 0.03590148 0.00000000
v -0.04122430 0.03655719 0.00000000
v -0.04054087 0.03603297 0.00000000
v -0.03266412 0.04307132 0.00000000
v 0.03139120 -0.03882110 0.00000000
v 0.03559064 -0.03889065 0.00000000
v 0.03143686 -0.03972005 0.00000000
v -0.03603297 0.04054087 0.00000000
v 0.03974497 0.04207819 0.00000000
v 0.03889065 -0.03139066 0.00000000
v 0.03889065 -0.03559064 0.00000000
v 0.04035931 -0.03153604 0.00000000
v -0.05563652 0.01963597 0.00000000
v -0.04503250 -0.04548829 0.00000000
v -0.04174876 -0.04054087 0.00000000
v -0.01881057 0.05592083 0.00000000
v -0.03509426 -0.03240859 0.00000000
v -0.03724086 -0.03603297 0.00000000
v -0.01995033 0.06081098 0.00000000
v 0.03158992 -0.04060745 0.00000000
v 0.03570330 -0.03974497 0.00000000
v 0.03184825 -0.04146993 0.00000000
v 0.03268361 0.03466558 0.00000000
v 0.03603297 0.03724086 0.00000000
v 0.04177123 -0.03196603 0.00000000
v 0.03974497 -0.03570330 0.00000000
v 0.04054087 0.04174876 0.00000000
v -0.04226154 0.03219079 0.00000000
v -0.04122430 -0.04122430 0.00000000
v -0.03219079 0.04226154 0.00000000
v -0.03394138 -0.03325551 0.00000000
v -0.03655719 -0.03655719 0.00000000
v 0.01442188 -0.05631959 0.00000000
v 0.01329559 -0.06260371 0.00000000
v 0.05705672 -0.01205646 0.00000689
v 0.03358757 0.03358757 0.00000000
v 0.03655719 0.03655719 0.00000000
v 0.04122430 0.04122430 0.00000000
v -0.05671972 0.01628756 0.00000000
v -0.03305244 -0.03416395 0.00000000
v -0.06179702 0.01664716 0.00000000
v 0.04557579 0.04493135 0.00000000
v 0.03603297 -0.04054087 0.00000000
v 0.03220802 -0.04229503 0.00000000
v 0.03266412 -0.04307132 0.00000000
v 0.04417616 -0.03322887 0.00000000
v 0.04054087 -0.03603297 0.00000000
v 0.04174876 0.04054087 0.00000000
v -0.04139882 0.03182262 0.00000000
v 0.03429085 0.03296703 0.00000000
v 0.03724086 0.03603297 0.00000000
v -0.03974497 0.03570330 0.00000000
v -0.03182262 0.04139882 0.00000000
v -0.03603297 -0.03724086 0.00000000
v -0.03570330 0.03974497 0.00000000
v -0.04054087 -0.04174876 0.00000000
v -0.03974497 -0.04207819 0.00000000
v -0.01619905 0.05673259 0.00000000
v -0.01752567 0.06155341 0.00000000
v -0.01364123 0.06254124 0.00000000
v 0.03325337 -0.04426831 0.00000000
v 0.03655719 -0.04122430 0.00000000
v 0.03506624 0.03243917 0.00000000
v -0.03227233 -0.03536272 0.00000000
v 0.04122430 -0.03655719 0.00000000
v -0.04049694 0.03156483 0.00000000
v 0.01548391 -0.05655932 0.00000000
v 0.01576519 -0.06202787 0.00000000
v -0.03156483 0.04049694 0.00000000
v 0.06162726 -0.01731109 0.00000000
v -0.06269526 0.01291841 0.00000000
v 0.03590148 0.03201228 0.00000000
v 0.03803676 0.03570330 0.00000000
v -0.03889065 0.03559064 0.00000000
v -0.03956991 0.03142166 0.00000000
v 0.04174876 -0.03724086 0.00000000
v -0.03142166 0.03956991 0.00000000
v 0.03724086 -0.04174876 0.00000000
v -0.03559064 0.03889065 0.00000000
v 0.04732000 0.04309058 0.00000000
v 0.04557853 -0.03350508 0.00000000
v 0.04207819 0.03974497 0.00000000
v -0.01355254 0.05742228 0.00000000
v -0.03176063 -0.03652518 0.00000000
v 0.03350508 -0.04557853 0.00000000
v -0.03570330 -0.03803676 0.00000000
v 0.01654696 -0.05655682 0.00000000
v 0.01748144 -0.05635046 0.00000000
v 0.01958662 -0.06094068 0.00000000
v -0.03863227 0.03139513 0.00000000
v -0.03139513 0.03863227 0.00000000
v -0.05802488 0.01076406 0.00000000
v -0.03723597 0.03156667 0.00000000
v 0.03678369 0.03169292 0.00000000
v 0.03803676 -0.04207819 0.00000000
v -0.03803676 0.03570330 0.00000000
v 0.04207819 -0.03803676 0.00000000
v -0.03570330 0.03803676 0.00000000
v -0.03148621 0.03769844 0.00000000
v -0.04241216 -0.04792898 0.00000000
v -0.00953388 0.05823445 0.00000000
v -0.01010161 0.06319773 0.00000000
v -0.03889065 -0.04219079 0.00000000
v 0.03889065 0.03559064 0.00000000
v 0.03769844 0.03148621 0.00000000
v -0.03145349 -0.03792273 0.00000000
v -0.03169292 0.03678369 0.00000000
v -0.03559064 -0.03889065 0.00000000
v 0.03863227 0.03139513 0.00000000
v -0.06333518 0.00920063 0.00000000
v -0.03590148 0.03201228 0.00000000
v -0.03724086 0.03603297 0.00000000
v -0.03139120 -0.03882110 0.00000000
v -0.03216350 0.03554528 0.00000000
v 0.04207819 0.03803676 0.00000000
v 0.04219079 0.03889065 0.00000000
v 0.04976069 0.04026407 0.00000000
v -0.03603297 0.03724086 0.00000000
v 0.03974497 0.03570330 0.00000000
v 0.03956991 0.03142166 0.00000000
v -0.03506624 0.03243917 0.00000000
v 0.02125358 -0.05505269 0.00000000
v -0.03570330 -0.03974497 0.00000000
v -0.03143686 -0.03972005 0.00000000
v -0.03655719 0.03655719 0.00000000
v -0.03429085 0.03296703 0.00000000
v -0.03296703 0.03429085 0.00000000
v 0.04049694 0.03156483 0.00000000
v 0.06005656 -0.02215188 0.00000000
v -0.03358757 0.03358757 0.00000000
v -0.03158992 -0.04060745 0.00000000
v -0.00759023 0.06354826 0.00000000
v 0.05475103 -0.02080917 0.00000000
v 0.05467271 -0.02008903 0.00000000
v -0.03803676 -0.04207819 0.00000000
v -0.04047995 -0.04957169 0.00000000
v 0.04054087 0.03603297 0.00000000
v 0.04139882 0.03182262 0.00000000
v -0.05855906 0.00719809 0.00000000
v -0.06378716 0.00536770 0.00000000
v -0.03184825 -0.04146993 0.00000000
v -0.03603297 -0.04054087 0.00000000
v -0.00434065 0.05885452 0.00000000
v 0.04227221 0.03220963 0.00000000
v -0.00506681 0.06379908 0.00000000
v -0.03225481 -0.04236119 0.00000000
v -0.05881637 0.00465095 0.00000000
v -0.03655719 -0.04122430 0.00000000
v 0.04122430 0.03655719 0.00000000
v 0.04174876 0.03724086 0.00000000
v 0.04393815 0.03312951 0.00000000
v -0.00253534 0.06394976 0.00000000
v -0.03325337 -0.04426831 0.00000000
v -0.03724086 -0.04174876 0.00000000
v 0.02436631 -0.05919355 0.00000000
v -0.05896276 0.00209498 0.00000000
v 0.04487931 0.03341615 0.00000000
v 0.05452793 -0.02249115 0.00000000
v 0.05472457 -0.02153301 0.00000000
v -0.06401193 0.00028379 0.00000000
v -0.03350508 -0.04557853 0.00000000
v 0.02451694 -0.05366486 0.00000000
v -0.05882412 0.00073517 0.00000000
v 0.04585856 0.03351289 0.00000000
v 0.05868268 -0.02554059 0.00000000
v 0.00000000 0.05899977 0.00000000
v 0.05308645 -0.02574497 0.00000000
v 0.00126576 0.06399506 0.00000000
v 0.02677869 -0.05257254 0.00000000
v 0.02898401 -0.05707156 0.00000000
v -0.03848457 -0.05113643 0.00000000
v -0.03340137 -0.04690885 0.00000000
v -0.05832237 -0.00053629 0.00000000
v 0.04711318 0.03335297 0.00000000
v 0.05762481 -0.02784526 0.00000000
v -0.06390714 -0.00344592 0.00000000
v 0.05209666 0.03717434 0.00000000
v 0.02899223 -0.05138528 0.00000000
v -0.03294944 -0.04816401 0.00000000
v 0.00506681 0.06379908 0.00000000
v 0.00273389 0.05893641 0.00000000
v 0.05166631 -0.02848798 0.00000000
v 0.05579555 -0.03137207 0.00000000
v 0.04828751 0.03288316 0.00000000
v 0.03115302 -0.05010455 0.00000000
v 0.03214824 -0.05533975 0.00000000
v -0.05749499 -0.00162429 0.00000000
v -0.03642851 -0.05262070 0.00000000
v -0.03218173 -0.04925537 0.00000000
v 0.05010455 -0.03115302 0.00000000
v 0.04930645 0.03213387 0.00000000
v 0.03218173 -0.04925537 0.00000000
v 0.03556817 -0.05322259 0.00000000
v 0.05352830 0.03508114 0.00000000
v 0.00864118 0.06342566 0.00000000
v 0.00546205 0.05874639 0.00000000
v 0.04925537 -0.03218173 0.00000000
v 0.05312907 -0.03570550 0.00000000
v 0.03294944 -0.04816401 0.00000000
v 0.05010455 0.03115302 0.00000000
v -0.03341668 -0.05459588 0.00000000
v 0.04816401 -0.03294944 0.00000000
v -0.03115302 -0.05010455 0.00000000
v 0.05487602 0.03293323 0.00000000
v 0.03340137 -0.04690885 0.00000000
v 0.03941345 -0.05043596 0.00000000
v 0.04690885 -0.03340137 0.00000000
v 0.05101644 -0.03864324 0.00000000
v 0.05140888 0.02895003 0.00000000
v 0.03889065 -0.04219079 0.00000000
v -0.02899223 -0.05138528 0.00000000
v 0.05673205 0.02964776 0.00000000
v 0.04219079 -0.03889065 0.00000000
v 0.04843336 -0.04185658 0.00000000
v 0.04241216 -0.04792898 0.00000000
v 0.03974497 -0.04207819 0.00000000
v 0.04174876 -0.04054087 0.00000000
v 0.04207819 -0.03974497 0.00000000
v 0.05329316 0.02534294 0.00000000
v -0.05795234 -0.00748420 0.00000627
v 0.04054087 -0.04174876 0.00000000
v 0.04122430 -0.04122430 0.00000000
v 0.04503250 -0.04548829 0.00000000
v -0.02585595 -0.05304718 0.00000000
v -0.02898025 -0.05707156 0.00000000
v -0.05882167 -0.00823468 0.00000829
v -0.06372046 -0.00597501 0.00000000
v -0.06343370 -0.00849468 0.00000000
v 0.05890929 0.02504730 0.00000000
v 0.00817847 0.05843037 0.00000000
v -0.05929678 -0.00925046 0.00000916
v 0.05528920 0.02062988 0.00000000
v -0.02107048 -0.05512714 0.00000000
v -0.02535814 -0.05876189 0.00000000
v -0.05640411 -0.00244772 0.00000000
v -0.05700188 -0.00717402 0.00001041
v -0.05513072 -0.00294483 0.00000000
v -0.05934727 -0.01009964 0.00001558
v -0.06280750 -0.01236343 0.00000000
v -0.02199554 -0.06011480 0.00000000
v 0.06070995 0.02029228 0.00000000
v -0.05910891 -0.01131469 0.00000677
v -0.01748144 -0.05635046 0.00000000
v 0.01259750 0.06274789 0.00000000
v 0.01087725 0.05798864 0.00000000
v -0.05819380 -0.01238459 0.00000875
v 0.05643600 0.01720368 0.00000000
v -0.05264049 -0.00313628 0.00000000
v -0.05290788 -0.00716865 0.00000602
v -0.06162637 -0.01731109 0.00000000
v -0.05176544 -0.00329411 0.00000000
v -0.05093294 -0.00356668 0.00000000
v -0.04982399 -0.00411439 0.00000000
v -0.05206608 -0.00746888 0.00000602
v -0.05688536 -0.01289916 0.00000443
v -0.01240342 -0.05504876 0.00000000
v -0.01169270 -0.05420798 0.00000000
v -0.01107341 -0.05399996 0.00000000
v -0.01654696 -0.05655682 0.00000000
v -0.01552098 -0.05656462 0.00000000
v -0.01821011 -0.06135445 0.00000000
v 0.01507323 0.06219959 0.00000000
v 0.01355254 0.05742228 0.00000000
v 0.05748695 0.01335251 0.00000000
v 0.06179702 0.01664716 0.00000000
v -0.04846698 -0.00522268 0.00000000
v -0.05118072 -0.00821877 0.00000608
v -0.00788271 -0.05399972 0.00002458
v -0.01576519 -0.06202787 0.00000000
v -0.01442188 -0.05631959 0.00000000
v 0.06240797 0.01418572 0.00000000
v -0.01329559 -0.06260371 0.00000000
v -0.01368355 -0.05600631 0.00000000
v 0.05840301 0.00846767 0.00000000
v 0.06292098 0.01170229 0.00000000
v -0.04762536 -0.00633031 0.00000000
v 0.01856791 0.06126070 0.00000000
v 0.01619905 0.05673259 0.00000000
v -0.05069398 -0.00924802 0.00000629
v -0.04705470 -0.00742847 0.00000000
v 0.06352341 0.00789827 0.00000000
v -0.05061686 -0.01021122 0.00000615
v -0.04668354 -0.00876886 0.00000000
v 0.01881057 0.05592083 0.00000000
v 0.02234381 0.05997294 0.00000000
v -0.04658263 -0.00963902 0.00000000
v -0.04659259 -0.01051497 0.00000000
v -0.05300909 -0.01283323 0.00000926
v -0.05337589 -0.01754087 0.00000000
v -0.05284005 -0.01705372 0.00000000
v -0.05404132 -0.01839977 0.00000000
v -0.05197483 -0.01649349 -0.00000015
v -0.04671263 -0.01138252 0.00000000
v -0.06005567 -0.02215576 0.00000000
v -0.05449146 -0.01938796 0.00000000
v 0.05881637 0.00465095 0.00000000
v -0.05204927 -0.01251232 0.00000746
v -0.04694145 -0.01222831 0.00000000
v -0.05472946 -0.02038270 0.00000000
v -0.04727536 -0.01303809 0.00000000
v -0.05096870 -0.01143378 0.00000602
v -0.04989975 -0.01577270 0.00000000
v -0.05148077 -0.01201891 0.00001311
v -0.04770863 -0.01379942 0.00000000
v -0.04899960 -0.01522451 0.00000000
v 0.05896276 0.00209498 0.00000000
v 0.06386482 0.00415754 0.00000000
v -0.04823452 -0.01450020 0.00000000
v 0.02138167 0.05498909 0.00000000
v 0.02572244 0.05861657 0.00000000
v -0.05472457 -0.02153301 0.00000000
v 0.05014145 -0.00394207 0.00000000
v 0.05093294 -0.00356668 0.00000000
v 0.05270004 -0.00818825 0.00000574
v 0.04940354 -0.00441444 0.00000000
v 0.04873132 -0.00497615 0.00000000
v -0.05454581 -0.02244377 0.00000000
v -0.05816161 -0.02674102 0.00000000
v 0.05385679 -0.00729567 0.00000495
v 0.05176544 -0.00329411 0.00000000
v 0.05261117 -0.00313759 -0.00000257
v 0.04781377 -0.00602233 0.00000000
v 0.02514261 0.05338573 0.00000000
v -0.05308645 -0.02574497 0.00000000
v 0.05224847 -0.00930381 0.00001509
v 0.04699873 -0.00757348 0.00000000
v 0.04661113 -0.00920194 0.00000000
v 0.03019148 0.05644589 0.00000000
v -0.05647659 -0.03010624 0.00000000
v 0.05208814 -0.01002568 0.00000518
v 0.04659259 -0.01051497 0.00000000
v 0.04671263 -0.01138252 0.00000000
v -0.05166631 -0.02848798 0.00000000
v -0.05444914 -0.03366070 0.00000000
v 0.02879780 0.05149430 0.00000000
v 0.05499982 -0.00714880 0.00001512
v 0.05513072 -0.00294483 0.00000000
v 0.05882412 0.00073517 0.00000000
v -0.05010455 -0.03115302 0.00000000
v 0.05640411 -0.00244772 0.00000000
v 0.05573332 -0.00726896 0.00001841
v 0.03115302 0.05010455 0.00000000
v 0.03467547 0.05380630 0.00000000
v 0.05240875 -0.01126456 0.00000717
v -0.04925537 -0.03218173 0.00000000
v 0.04694145 -0.01222831 0.00000000
v 0.04727536 -0.01303809 0.00000000
v 0.04770863 -0.01379942 0.00000000
v 0.05638933 -0.00752556 0.00001914
v 0.03218173 0.04925537 0.00000000
v 0.04823452 -0.01450020 0.00000000
v 0.04899960 -0.01522451 0.00000000
v 0.03294944 0.04816401 0.00000000
v 0.00599927 -0.06199979 0.00220984
v 0.00605762 -0.05399990 0.00284421
v 0.00599951 -0.05399996 0.00220501
v 0.00605786 -0.06199979 0.00283337
v 0.00609559 -0.06199979 0.00163561
v 0.00599951 -0.05399996 0.00220501
v 0.00609767 -0.05399996 0.00162864
v 0.00599927 -0.06199979 0.00220984
v 0.00633299 -0.06199979 0.00110388
v 0.00639254 -0.06199979 0.00136661
v 0.00633812 -0.05399996 0.00109553
v 0.00669634 -0.06199979 0.00064886
v 0.00670510 -0.05399996 0.00064041
v 0.00717503 -0.05399996 0.00029248
v 0.00669634 -0.06199979 0.00064886
v 0.00711864 -0.06360286 0.00032503
v -0.04744637 -0.04203391 0.02130180
v -0.04778975 -0.04233807 0.01856940
v -0.04604607 -0.04422783 0.01856940
v 0.00638050 -0.06368112 0.00134194
v 0.00647324 -0.06367224 0.00176013
v 0.00735354 -0.06199979 0.00334930
v 0.00640601 -0.06199973 0.00158435
v 0.00647324 -0.06367224 0.00176013
v 0.00735336 -0.06357616 0.00334793
v 0.00783682 -0.06199979 0.00489235
v 0.00735354 -0.06199979 0.00334930
v 0.00783723 -0.06351828 0.00489461
v 0.00735336 -0.06357616 0.00334793
v 0.00783682 -0.06199979 0.00489235
v 0.00783723 -0.06351828 0.00489461
v -0.00253534 0.06394976 0.00000000
v -0.00506681 0.06379908 0.00000000
v -0.00759023 0.06354826 0.00000000
v -0.01010161 0.06319773 0.00000000
v -0.01026630 0.06317120 0.01580351
v -0.01364123 0.06254124 0.00000000
v -0.01280146 0.06270658 0.01580351
v -0.01531600 0.06214004 0.01580351
v -0.01752567 0.06155341 0.00000000
v -0.01780587 0.06147313 0.01580351
v -0.01995033 0.06081098 0.00000000
v -0.02026671 0.06070613 0.01580351
v -0.02336680 0.05959415 0.00000000
v -0.02269452 0.05984079 0.01580351
v -0.02508586 0.05887866 0.01580351
v -0.02702164 0.05801576 0.00000000
v -0.02743631 0.05782061 0.01580351
v -0.03029626 0.05639261 0.00000000
v -0.02974224 0.05666899 0.01580351
v -0.03200000 0.05542558 0.01580351
v -0.03467547 0.05380630 0.00000000
v -0.03420579 0.05409193 0.01580351
v -0.03884112 0.05088227 0.00000000
v -0.03844738 0.05116415 0.01580351
v -0.04047650 0.04957467 0.01580351
v -0.04275888 0.04763787 0.00000000
v -0.04433435 0.04615694 0.01580351
v -0.04557579 0.04493135 0.00000000
v -0.04615694 0.04433435 0.01580351
v -0.04732000 0.04309058 0.00000000
v -0.04899007 0.04118210 0.00000000
v -0.04957467 0.04047650 0.01580351
v -0.05132281 0.03825378 0.00000000
v -0.05426013 0.03396987 0.00000000
v -0.05673205 0.02965164 0.00000000
v -0.05666899 0.02974224 0.01580351
v -0.05782061 0.02743631 0.01580345
v -0.05890929 0.02504730 0.00000000
v -0.06071084 0.02029412 0.00000000
v -0.06070613 0.02026671 0.01580345
v -0.06147313 0.01780587 0.01580345
v -0.06179702 0.01664716 0.00000000
v -0.06269526 0.01291841 0.00000000
v -0.06317120 0.01026630 0.01580345
v -0.06333518 0.00920063 0.00000000
v -0.06353336 0.00771433 0.01580345
v -0.06378716 0.00536770 0.00000000
v -0.06387025 0.00386339 0.01580345
v -0.06401193 0.00028379 0.00000000
v -0.06394809 -0.00257695 0.01580345
v -0.06390714 -0.00344592 0.00000000
v -0.06379246 -0.00514984 0.01580345
v -0.06372046 -0.00597501 0.00000000
v -0.06353336 -0.00771433 0.01580345
v -0.06343370 -0.00849468 0.00000000
v -0.06317120 -0.01026630 0.01580345
v -0.06280750 -0.01236343 0.00000000
v -0.06270658 -0.01280146 0.01580345
v -0.06214010 -0.01531600 0.01580345
v -0.06162637 -0.01731109 0.00000000
v -0.06070613 -0.02026671 0.01580345
v -0.06005567 -0.02215576 0.00000000
v -0.05887866 -0.02508586 0.01580345
v -0.05816161 -0.02674102 0.00000000
v -0.05782061 -0.02743631 0.01580345
v -0.05666899 -0.02974224 0.01580345
v -0.05647659 -0.03010624 0.00000000
v -0.05444914 -0.03366070 0.00000000
v -0.05409198 -0.03420579 0.01580345
v -0.05267077 -0.03635615 0.01580345
v -0.05166804 -0.03778839 0.00000000
v -0.05116415 -0.03844738 0.01580345
v -0.04957467 -0.04047650 0.01580345
v -0.04857629 -0.04169076 0.00000000
v -0.04790467 -0.04243963 0.01580345
v -0.04615694 -0.04433435 0.01580345
v -0.04503250 -0.04548829 0.00000000
v -0.04433435 -0.04615694 0.01580345
v -0.04241216 -0.04792898 0.00000000
v -0.04047995 -0.04957169 0.00000000
v -0.03848457 -0.05113643 0.00000000
v -0.03844738 -0.05116415 0.01580345
v -0.03642851 -0.05262070 0.00000000
v -0.03635615 -0.05267077 0.01580345
v -0.03341668 -0.05459588 0.00000000
v -0.02898025 -0.05707156 0.00000000
v -0.02535814 -0.05876189 0.00000000
v -0.02508586 -0.05887866 0.01580345
v -0.02199554 -0.06011480 0.00000000
v -0.02269452 -0.05984085 0.01580345
v -0.02026671 -0.06070613 0.01580345
v -0.01821011 -0.06135445 0.00000000
v -0.01780587 -0.06147313 0.01580345
v -0.00710189 -0.06360471 0.00032084
v -0.00653821 -0.06366515 0.00083648
v -0.00647312 -0.06367176 0.00175953
v -0.00638306 -0.06368100 0.00133812
v -0.01026630 -0.06317120 0.01580345
v -0.00722897 -0.06359040 0.00992662
v -0.00629711 -0.06368947 0.01143395
v -0.00385719 -0.06388360 0.01350826
v -0.00257695 -0.06394809 0.01580345
v -0.00238001 -0.06395572 0.01413780
v -0.00120306 -0.06398868 0.01440870
v -0.00510055 -0.06318229 0.02130174
v -0.04008919 0.04910033 0.02130186
v -0.00754917 -0.06217294 0.02396643
v 0.04497957 0.00429487 0.07671642
v 0.04513299 0.00214982 0.07671642
v 0.04568254 0.00217605 0.07343780
v -0.04744637 0.04203391 0.02130186
v -0.04769611 0.04057037 0.02396649
v -0.04516851 0.04338496 0.02396649
v -0.01146620 -0.04352670 0.08604949
v 0.01272982 0.04335367 0.07671642
v -0.01016795 -0.06256699 0.02130174
v -0.01004648 -0.06181854 0.02396643
v -0.03131479 0.05423891 0.02396649
v -0.01267910 -0.06210666 0.02130174
v -0.01252734 -0.06136405 0.02396643
v -0.01024150 -0.06301969 0.01856940
v -0.03192323 0.05529248 0.01856946
v -0.02967095 0.05653303 0.01856946
v -0.01277089 0.06255614 0.01856946
v -0.01016795 0.06256699 0.02130186
v -0.05545586 -0.02910548 0.02396643
v -0.05658268 -0.02684891 0.02396643
v 0.02259188 -0.03913050 0.07671636
v -0.01527947 0.06199121 0.01856946
v -0.01516968 0.06154572 0.02130186
v -0.02484571 0.05831551 0.02130186
v -0.02737051 0.05768191 0.01856946
v -0.01300495 -0.05557888 0.02199995
v -0.02502566 0.05873727 0.01856946
v -0.02247744 0.05926865 0.02130186
v -0.02220875 0.05855977 0.02396649
v -0.01983273 -0.05940639 0.02396643
v -0.06154572 0.01516968 0.02130180
v -0.06015700 0.01742464 0.02396649
v -0.01776301 -0.06132555 0.01856940
v -0.02007269 0.06012547 0.02130186
v -0.01983273 0.05940639 0.02396649
v -0.02264004 0.05969727 0.01856946
v -0.02021813 0.06056070 0.01856946
v -0.01763558 0.06088513 0.02130186
v -0.01742464 0.06015700 0.02396649
v -0.02454859 -0.05761808 0.02396643
v -0.03557771 -0.05154329 0.02396643
v -0.01776301 0.06132555 0.01856946
v -0.02717369 -0.05726778 0.02130174
v -0.01498824 0.06080979 0.02396649
v -0.02684891 -0.05658268 0.02396643
v -0.02502566 -0.05873727 0.01856940
v -0.05926865 0.02247744 0.02130180
v -0.05831551 0.02484571 0.02130180
v -0.02910548 -0.05545586 0.02396643
v 0.04388195 -0.01288491 0.07343775
v -0.02221965 -0.04614007 0.05701911
v -0.01615983 -0.04618227 0.06362962
v -0.00754917 0.06217288 0.02396649
v 0.04488307 -0.00339800 0.08604997
v 0.04418677 -0.00851631 0.08604997
v -0.01024150 0.06301969 0.01856946
v -0.04422783 -0.04604607 0.01856940
v -0.00486171 -0.05400007 0.00296783
v -0.00510055 0.06318229 0.02130186
v -0.00503951 0.06242644 0.02396649
v 0.03294944 0.04816401 0.02200001
v 0.03350508 0.04557847 0.02200001
v 0.03266412 0.04307126 0.02200001
v -0.00252175 0.06257891 0.02396649
v -0.03960973 -0.04851329 0.02396643
v -0.04203391 -0.04744637 0.02130180
v -0.04571545 -0.04391032 0.02130180
v -0.04391032 -0.04571551 0.02130180
v -0.05067497 -0.03807955 0.02130180
v -0.04203391 0.04744637 0.02130186
v -0.04945582 -0.04037940 0.01856940
v -0.00573385 0.05088949 0.05701917
v -0.01139563 0.04992753 0.05701917
v -0.01088744 0.04770112 0.06362968
v -0.05154305 -0.03557777 0.02396643
v -0.05104160 -0.03835529 0.01856940
v -0.05254459 -0.03626883 0.01856940
v -0.05489546 -0.03169393 0.02130180
v -0.05423891 -0.03131479 0.02396643
v -0.05726778 -0.02717369 0.02130180
v -0.05761808 -0.02454859 0.02396643
v -0.05855983 -0.02220875 0.02396643
v -0.05926865 -0.02247744 0.02130180
v -0.05940639 -0.01983273 0.02396649
v -0.03537219 0.02781707 0.08604997
v -0.03400868 0.02946865 0.08605003
v -0.06154572 -0.01516968 0.02130180
v -0.06080985 -0.01498824 0.02396649
v -0.06210666 -0.01267910 0.02130180
v -0.06136405 -0.01252734 0.02396649
v -0.06199121 -0.01527947 0.01856940
v -0.06274634 -0.00890428 0.02130180
v -0.06181854 -0.01004648 0.02396649
v -0.06255620 -0.01277095 0.01856940
v -0.06301969 -0.01024150 0.01856940
v -0.06217288 -0.00754917 0.02396649
v -0.06242644 -0.00503951 0.02396649
v -0.06338095 -0.00769579 0.01856946
v -0.06333643 -0.00255233 0.02130180
v -0.06257891 -0.00252175 0.02396649
v -0.06318229 0.00510055 0.02130180
v -0.06217288 0.00754917 0.02396649
v 0.01065254 -0.04391056 0.07671636
v -0.06292569 0.00764054 0.02130180
v -0.06363946 0.00513744 0.01856946
v -0.06181854 0.01004648 0.02396649
v -0.06338095 0.00769579 0.01856946
v -0.02221965 0.04613995 0.05701917
v -0.02122884 0.04408246 0.06362968
v -0.01615983 0.04618221 0.06362968
v -0.06088519 0.01763558 0.02130180
v -0.06012552 0.02007269 0.02130180
v -0.05898308 0.02102071 0.02396649
v -0.06132555 0.01776301 0.01856946
v -0.06056070 0.02021813 0.01856946
v -0.05761808 0.02454859 0.02396649
v 0.04518419 0.00000000 0.07671642
v 0.04573452 0.00000000 0.07343780
v -0.05726778 0.02717369 0.02130180
v -0.05658268 0.02684885 0.02396649
v -0.05873727 0.02502566 0.01856946
v -0.04336208 0.02724593 0.05701911
v -0.04614001 0.02221965 0.05701911
v -0.04408252 0.02122879 0.06362968
v -0.05545586 0.02910548 0.02396649
v -0.05768191 0.02737051 0.01856946
v 0.02286726 -0.03960710 0.07343775
v 0.02095675 -0.04065036 0.07343775
v 0.03897094 -0.02249985 0.08604997
v -0.05357480 0.03387862 0.02130180
v -0.05216699 0.03600817 0.02130180
v -0.05154305 0.03557771 0.02396649
v -0.05067497 0.03807955 0.02130186
v -0.05006885 0.03762418 0.02396649
v -0.05254459 0.03626883 0.01856946
v -0.04910033 0.04008919 0.02130186
v 0.03727245 0.02522468 0.08605116
v -0.04571545 0.04391026 0.02130186
v -0.04391032 0.04571545 0.02130186
v -0.04338496 0.04516851 0.02396649
v -0.04604607 0.04422783 0.01856946
v -0.04153120 0.04687899 0.02396649
v -0.04422783 0.04604601 0.01856946
v -0.05454581 -0.02244377 0.00000000
v -0.03960973 0.04851329 0.02396649
v -0.00654501 -0.05399996 0.00898218
v -0.03391546 0.04664975 0.03830742
v -0.03674244 0.04395407 0.03942745
v -0.03324413 0.04572618 0.04161286
v -0.03050601 0.03825312 0.06362968
v -0.03466731 0.03530395 0.06202352
v -0.03050601 -0.03825324 0.06362962
v -0.02603119 -0.04142832 0.06362962
v -0.03620117 0.04539483 0.03718739
v -0.03490686 -0.03500479 0.06213700
v -0.03361588 -0.03733301 0.05983901
v -0.01449304 0.05030721 0.05371373
v -0.01190376 0.05215388 0.05040860
v -0.01766812 0.05049318 0.05040860
v -0.03353095 -0.03963577 0.05496931
v -0.02003473 0.04836797 0.05371367
v -0.01691401 0.04833751 0.05701917
v -0.03192985 -0.04003882 0.05701911
v -0.02090865 0.05047798 0.04710334
v -0.01842254 0.05264866 0.04379791
v -0.02420151 0.05025494 0.04379791
v -0.02321070 0.04819726 0.05040860
v -0.02724599 -0.04336208 0.05701911
v -0.02122884 -0.04408258 0.06362962
v -0.02642875 0.04781955 0.04710334
v -0.02753359 0.04981803 0.04049283
v -0.03249514 0.04688268 0.04013758
v -0.02967602 0.04722923 0.04379791
v -0.03403425 0.03644859 0.06088978
v -0.03089106 0.04916286 0.03718739
v -0.04182422 0.03335350 0.05040860
v -0.03975576 0.03354460 0.05468130
v -0.04289388 0.03489255 0.04519957
v -0.02519232 0.05231243 0.03718739
v -0.00274336 0.04885089 0.06362968
v -0.00547814 0.04862022 0.06362968
v -0.03425961 0.04828459 0.03388226
v -0.03762519 0.04718047 0.03057706
v -0.03830718 0.04432815 0.03566485
v -0.03210604 0.05109632 0.03057706
v -0.05695950 0.01993083 0.03057700
v -0.05883312 0.01342821 0.03057700
v -0.00876951 0.05161345 0.05371373
v -0.00598955 0.05315876 0.05040860
v -0.01512545 0.05250144 0.04710334
v -0.01241195 0.05438011 0.04379791
v -0.02603119 0.04142820 0.06362968
v -0.02178239 0.05258762 0.04049283
v -0.00675654 -0.05996668 0.03057694
v -0.01917678 0.05480396 0.03718739
v -0.02863824 0.05181694 0.03388226
v -0.02618300 0.05436974 0.03057706
v -0.03192985 0.04003876 0.05701917
v -0.00915200 0.05386501 0.04710334
v -0.03343117 0.03918457 0.05615663
v -0.01575762 0.05469602 0.04049283
v -0.01292008 0.05660665 0.03718739
v -0.02265650 0.05469757 0.03388226
v -0.01993083 0.05695945 0.03057706
v -0.00953454 0.05611640 0.04049283
v -0.00650084 0.05769717 0.03718739
v -0.05436974 0.02618294 0.03057700
v -0.01638966 0.05689018 0.03388226
v -0.01342827 0.05883306 0.03057706
v -0.00991708 0.05836755 0.03388226
v -0.00675654 0.05996662 0.03057706
v -0.02724599 0.04336202 0.05701917
v -0.01342827 -0.05883312 0.03057694
v -0.00650084 -0.05769741 0.03718733
v -0.04539489 0.03620111 0.03718739
v -0.04396027 0.03675740 0.03938609
v -0.04432749 0.03805887 0.03613919
v 0.04828751 0.03288310 0.02200001
v -0.03825318 -0.03050607 0.06362962
v -0.03634321 -0.03406131 0.06106632
v -0.05109632 0.03210604 0.03057700
v -0.03335350 -0.04182422 0.05040854
v -0.03420680 -0.04177433 0.04896843
v -0.01993083 -0.05695950 0.03057694
v -0.04142826 -0.02603125 0.06362962
v -0.04003882 -0.03192991 0.05701911
v -0.03940176 -0.03343874 0.05566489
v -0.04718047 0.03762513 0.03057700
v -0.04365354 0.04187870 0.03013461
v -0.04438132 0.03921622 0.03382170
v -0.02618300 -0.05436980 0.03057694
v -0.04408252 -0.02122884 0.06362962
v -0.04336208 -0.02724605 0.05701911
v -0.04182422 -0.03335356 0.05040854
v -0.04200929 -0.03436022 0.04816079
v -0.04081249 -0.03373742 0.05198216
v -0.03620117 -0.04539489 0.03718733
v -0.03658801 -0.04375791 0.04014569
v -0.03852403 -0.04436630 0.03517293
v -0.03210604 -0.05109632 0.03057694
v -0.04618221 -0.01615989 0.06362962
v -0.04614001 -0.02221989 0.05701911
v -0.04360944 -0.03477752 0.04379791
v -0.04386699 -0.03681504 0.03948080
v -0.03762519 -0.04718047 0.03057700
v -0.04121577 0.04382258 0.03110605
v -0.04833751 -0.01691401 0.05701911
v -0.04539489 -0.03620117 0.03718733
v -0.04439079 -0.03885465 0.03449177
v -0.04862028 -0.00547820 0.06362968
v -0.04718047 -0.03762519 0.03057700
v -0.04892790 0.00000000 0.06362968
v -0.00547814 -0.04862028 0.06362962
v 0.03456372 -0.02994978 0.07343775
v -0.00876951 -0.05161350 0.05371361
v -0.01190376 -0.05215400 0.05040854
v -0.01449304 -0.05030727 0.05371361
v -0.01766812 -0.05049324 0.05040854
v -0.00915200 -0.05386507 0.04710310
v -0.01241195 -0.05438017 0.04379791
v -0.02003473 -0.04836821 0.05371361
v -0.02321070 -0.04819732 0.05040854
v -0.01512545 -0.05250149 0.04710310
v -0.01842254 -0.05264872 0.04379791
v -0.00953454 -0.05611646 0.04049277
v -0.01292008 -0.05660665 0.03718733
v -0.05109632 -0.03210604 0.03057700
v -0.02532428 -0.04582095 0.05371361
v -0.02846097 -0.04529571 0.05040854
v -0.02090865 -0.05047804 0.04710310
v -0.02420151 -0.05025500 0.04379791
v -0.04862028 0.00547814 0.06362968
v -0.01575762 -0.05469602 0.04049277
v -0.01917678 -0.05480402 0.03718733
v -0.00991708 -0.05836760 0.03388226
v -0.03047055 -0.04206532 0.05490529
v -0.05121135 0.00000000 0.05701911
v -0.02642875 -0.04781961 0.04710310
v -0.02967602 -0.04722929 0.04379791
v -0.02178239 -0.05258768 0.04049277
v -0.02519232 -0.05231249 0.03718733
v -0.01638966 -0.05689024 0.03388226
v -0.03126150 -0.04330956 0.05064409
v -0.02753359 -0.04981809 0.04049277
v -0.03089106 -0.04916292 0.03718733
v -0.03226250 -0.04485303 0.04532599
v -0.02265650 -0.05469763 0.03388226
v -0.04268687 0.04287064 0.03013563
v -0.05436974 -0.02618300 0.03057700
v -0.04770112 0.01088744 0.06362968
v -0.04235136 0.04316461 0.03021526
v -0.04226732 -0.04323244 0.03024345
v -0.03333210 -0.04604607 0.04071331
v -0.03233224 -0.04678452 0.04063969
v -0.02863824 -0.05181694 0.03388226
v -0.04265111 -0.04290425 0.03013914
v -0.05088955 0.00573379 0.05701911
v -0.04175347 -0.03041321 0.05573320
v -0.04992759 0.01139557 0.05701911
v -0.04282593 -0.03091293 0.05237025
v -0.03425961 -0.04828459 0.03388226
v -0.04582089 -0.02532434 0.05371367
v -0.04529547 -0.02846097 0.05040860
v -0.04819732 -0.02321070 0.05040860
v -0.04467839 -0.03211843 0.04597944
v -0.04612666 -0.03346580 0.04029726
v -0.04722929 -0.02967602 0.04379791
v -0.05695950 -0.01993089 0.03057700
v -0.04836821 -0.02003479 0.05371367
v -0.05049324 -0.01766836 0.05040860
v -0.04781955 -0.02642881 0.04710310
v -0.05025500 -0.02420151 0.04379791
v -0.04618221 0.01615983 0.06362968
v -0.04684031 -0.03241997 0.04036235
v -0.04916286 -0.03089112 0.03718733
v -0.05030727 -0.01449310 0.05371367
v -0.05215394 -0.01190382 0.05040860
v -0.05047798 -0.02090871 0.04710310
v -0.05264872 -0.01842260 0.04379791
v -0.04981809 -0.02753359 0.04049277
v -0.05231249 -0.02519232 0.03718733
v -0.04828459 -0.03425967 0.03388226
v -0.05161350 -0.00876951 0.05371367
v -0.05315876 -0.00598955 0.05040860
v -0.05250144 -0.01512545 0.04710334
v -0.05438017 -0.01241195 0.04379791
v -0.05258762 -0.02178239 0.04049277
v -0.05480402 -0.01917684 0.03718733
v -0.05181694 -0.02863824 0.03388226
v -0.05227082 -0.00293547 0.05371367
v -0.05349498 0.00000000 0.05040860
v -0.05386501 -0.00915205 0.04710334
v -0.05883312 -0.01342827 0.03057700
v -0.05542790 -0.00624526 0.04379791
v -0.05469602 -0.01575762 0.04049277
v -0.05660665 -0.01292014 0.03718733
v -0.05469763 -0.02265650 0.03388226
v -0.05227082 0.00293541 0.05371367
v -0.05315876 0.00598943 0.05040860
v -0.05455106 -0.00306344 0.04710334
v -0.04833751 0.01691401 0.05701911
v -0.05577880 0.00000000 0.04379791
v -0.05611640 -0.00953454 0.04049277
v -0.05769717 -0.00650096 0.03718733
v -0.05689024 -0.01638966 0.03388226
v -0.05161350 0.00876945 0.05371367
v -0.05215394 0.01190376 0.05040860
v -0.05455106 0.00306344 0.04710334
v -0.05542790 0.00624514 0.04379791
v -0.05683112 -0.00319159 0.04049277
v -0.05806243 0.00000000 0.03718733
v -0.05836760 -0.00991708 0.03388226
v -0.05996662 -0.00675654 0.03057700
v -0.05030727 0.01449304 0.05371367
v -0.05049324 0.01766812 0.05040860
v -0.05386501 0.00915200 0.04710334
v -0.05438017 0.01241189 0.04379791
v -0.05683112 0.00319147 0.04049277
v -0.05769717 0.00650084 0.03718733
v -0.05911093 -0.00331962 0.03388226
v -0.06034594 0.00000000 0.03057700
v -0.04836821 0.02003473 0.05371367
v -0.04819732 0.02321064 0.05040860
v -0.04142826 0.02603113 0.06362968
v -0.05250144 0.01512539 0.04710334
v -0.05264872 0.01842254 0.04379791
v -0.05611640 0.00953454 0.04049283
v -0.05660665 0.01292008 0.03718733
v -0.05911093 0.00331956 0.03388226
v -0.05996662 0.00675654 0.03057700
v -0.04582089 0.02532428 0.05371367
v -0.04529547 0.02846091 0.05040860
v -0.05047798 0.02090865 0.04710334
v -0.05025500 0.02420145 0.04379791
v -0.05469602 0.01575762 0.04049283
v -0.05480402 0.01917678 0.03718733
v -0.05836760 0.00991702 0.03388226
v -0.04259938 0.03060770 0.05341190
v -0.04003882 0.03192985 0.05701911
v -0.04781955 0.02642875 0.04710334
v -0.04722929 0.02967602 0.04379791
v -0.05258762 0.02178233 0.04049283
v -0.05231249 0.02519232 0.03718739
v -0.03825318 0.03050601 0.06362968
v -0.05689024 0.01638960 0.03388226
v -0.04438984 0.03189951 0.04702770
v -0.03638797 0.03401458 0.06106895
v -0.03791600 0.03347784 0.05884552
v -0.04981809 0.02753353 0.04049283
v -0.04916286 0.03089106 0.03718739
v -0.05469763 0.02265644 0.03388226
v -0.04630762 0.03287547 0.04085791
v -0.05181694 0.02863818 0.03388226
v -0.03040581 0.04168760 0.05589914
v -0.04665333 0.03392279 0.03828680
v -0.02979749 0.04289680 0.05406898
v -0.03130453 0.04324209 0.05072867
v -0.02846097 0.04529547 0.05040860
v -0.03360146 0.04145687 0.05078256
v -0.04828459 0.03425961 0.03388226
v -0.03485292 0.04284358 0.04538512
v -0.02532428 0.04582083 0.05371367
v -0.03219676 0.04480141 0.04555851
v 0.03847432 -0.02472597 0.07343775
v -0.00445771 -0.05399996 0.01053494
v 0.04065030 -0.02095681 0.07343775
v 0.00529814 -0.05399978 0.00366151
v -0.04417598 -0.03322881 0.02199989
v -0.04557853 -0.03350514 0.02199995
v -0.04690885 -0.03340137 0.02199995
v 0.04269891 -0.01477813 0.07671642
v 0.00717503 -0.05399996 0.00029248
v 0.04436767 -0.00855118 0.07671642
v 0.04490786 -0.00865537 0.07343775
v 0.04472410 -0.00643039 0.07671642
v 0.04497957 -0.00429505 0.07671642
v 0.04552727 -0.00434732 0.07343780
v 0.04513299 -0.00215000 0.07671642
v 0.04568254 -0.00217617 0.07343780
v 0.04552727 0.00434721 0.07343780
v 0.04472410 0.00643027 0.07671642
v 0.04526901 0.00650865 0.07343780
v 0.04436767 0.00855106 0.07671642
v 0.04490786 0.00865525 0.07343780
v 0.04391050 0.01065248 0.07671642
v 0.04269891 0.01477807 0.07671642
v 0.04321897 0.01495826 0.07343780
v 0.04194754 0.01679319 0.07671642
v 0.04245847 0.01699775 0.07343780
v 0.04110080 0.01876991 0.07671642
v 0.03960710 0.02286720 0.07343780
v 0.02781713 0.03537213 0.08605003
v 0.03027921 0.03331089 0.08605003
v 0.04167664 0.03191655 0.02199995
v 0.04585856 0.03351289 0.02200001
v 0.02994972 0.03456372 0.07343780
v 0.02271908 -0.03888082 0.08604967
v 0.02793097 0.03551691 0.07671642
v 0.02827101 0.03594952 0.07343780
v 0.02620941 0.03680568 0.07671642
v 0.02652841 0.03725421 0.07343780
v 0.02442824 0.03801131 0.07671642
v 0.02472597 0.03847426 0.07343780
v 0.01164597 -0.04347467 0.08604919
v 0.00429499 0.04497951 0.07671642
v 0.00214994 0.04513293 0.07671642
v 0.00217605 -0.04568260 0.07343775
v -0.04385375 0.03310024 0.02200001
v -0.04828751 0.03288310 0.02200001
v -0.04585856 0.03351289 0.02200001
v 0.01876997 -0.04110085 0.07671636
v 0.02070438 -0.04016137 0.07671636
v 0.02472597 -0.03847438 0.07343775
v -0.00851625 -0.04418683 0.08604997
v 0.02958935 -0.03414779 0.07671636
v -0.04061025 0.01941448 0.08604913
v 0.03551697 -0.02793103 0.07671636
v -0.03013706 -0.03343391 0.08605122
v -0.02781713 -0.03537225 0.08604997
v 0.01520067 -0.05651068 0.02199995
v 0.01189452 -0.05442917 0.02199995
v 0.01749014 -0.05635982 0.02199888
v -0.00214112 0.04494893 0.08605003
v -0.00534534 0.04469770 0.08605003
v -0.00851625 0.04418671 0.08605003
v -0.01183128 0.04342818 0.08605015
v -0.01471787 0.04252493 0.08605003
v -0.01797538 0.04126769 0.08604961
v -0.02173727 0.03941458 0.08604818
v -0.02432864 0.03785634 0.08605003
v -0.02610254 0.03665584 0.08605003
v -0.02874475 0.03463411 0.08605146
v -0.03183078 0.03183209 0.08605182
v -0.03717041 0.02538490 0.08605062
v -0.03897094 0.02249974 0.08604997
v -0.04224020 0.01555025 0.08605003
v -0.04352641 0.01146692 0.08605027
v -0.04441988 0.00729155 0.08604991
v -0.04489296 0.00320864 0.08604997
v -0.04500281 -0.00088397 0.08604997
v -0.04469782 -0.00534511 0.08604991
v -0.04317700 -0.01267778 0.08604997
v -0.04223966 -0.01555240 0.08605074
v -0.04093343 -0.01869368 0.08604997
v -0.03950864 -0.02157413 0.08605164
v -0.03733921 -0.02512937 0.08604818
v -0.03537219 -0.02781713 0.08604997
v -0.03400868 -0.02946877 0.08604997
v 0.03230905 -0.04245543 0.02200001
v 0.03350508 -0.04557853 0.02199995
v 0.03294944 -0.04816401 0.02199995
v -0.03256785 -0.03105360 0.08604997
v -0.03013706 -0.03343391 0.08605122
v -0.02781713 -0.03537225 0.08604997
v -0.02610254 -0.03665596 0.08604997
v -0.02342855 -0.03844010 0.08604997
v -0.01966488 -0.04048764 0.08605104
v -0.01573061 -0.04217875 0.08605039
v -0.01146620 -0.04352670 0.08604949
v -0.00851625 -0.04418683 0.08604997
v -0.00553221 -0.04467040 0.08605015
v -0.00214112 -0.04494905 0.08604997
v -0.03400868 0.02946865 0.08605003
v -0.02610254 0.03665584 0.08605003
v -0.03717041 0.02538490 0.08605062
v -0.04224020 0.01555025 0.08605003
v -0.01183128 0.04342818 0.08605015
v -0.01471787 0.04252493 0.08605003
v -0.00851625 0.04418671 0.08605003
v -0.04352641 0.01146692 0.08605027
v -0.04489296 0.00320864 0.08604997
v -0.03400868 -0.02946877 0.08604997
v -0.03256785 -0.03105360 0.08604997
v -0.04469782 -0.00534511 0.08604991
v -0.00319219 -0.05399996 0.00141954
v -0.04418677 -0.00851631 0.08604997
v -0.04373151 -0.01060909 0.08604997
v 0.00851625 0.04418671 0.08605003
v 0.00508034 -0.05399996 0.00969213
v -0.03733921 -0.02512937 0.08604818
v 0.02610254 0.03665584 0.08605003
v 0.02432864 0.03785634 0.08605003
v -0.04093343 -0.01869368 0.08604997
v 0.03330469 0.03027397 0.08604812
v -0.02610254 -0.03665596 0.08604997
v 0.04093343 0.01869362 0.08604997
v 0.04396378 0.00966251 0.08604967
v -0.00214112 -0.04494905 0.08604997
v 0.00640416 -0.04454201 0.08604997
v 0.00851625 -0.04418683 0.08604997
v 0.04373151 -0.01060909 0.08604997
v 0.04454195 -0.00640422 0.08604997
v 0.01471787 -0.04252505 0.08604997
v 0.04816401 -0.03294944 0.02199995
v -0.05172550 -0.01177418 0.00039585
v 0.02710765 -0.03593564 0.08605182
v 0.03400868 -0.02946877 0.08604997
v 0.04663085 -0.01095277 0.02199995
v 0.03542447 -0.03223997 0.02199995
v 0.03465247 -0.03270328 0.02199995
v 0.04658263 -0.00963908 0.02199995
v 0.03218173 -0.04925543 0.02199995
v 0.03115302 -0.05010455 0.02199995
v 0.03394138 -0.03325557 0.02199995
v -0.01881057 0.05592083 0.02200001
v -0.03139513 0.03863221 0.02200001
v -0.02138167 0.05498909 0.02200001
v -0.04711318 0.03335297 0.02200001
v 0.04668354 -0.00876886 0.02199995
v 0.03330183 -0.03388941 0.02199995
v -0.03295284 -0.03428900 0.02199989
v -0.04668354 -0.00876886 0.02199995
v -0.03331178 0.03385859 0.02200001
v -0.03350508 -0.04557853 0.02199995
v -0.03340137 -0.04690885 0.02199995
v 0.03340137 -0.04690885 0.02199995
v -0.01488304 0.05710166 0.02200001
v -0.03148621 0.03769844 0.02200001
v -0.04487931 0.03341615 0.02200001
v -0.04930645 0.03213381 0.02200001
v -0.05010455 0.03115302 0.02200001
v -0.03218173 -0.04925543 0.02199995
v -0.03325337 -0.04426831 0.02199995
v 0.03325337 -0.04426831 0.02199995
v -0.05475103 -0.02080923 0.02199995
v -0.05472457 -0.02153301 0.02199995
v -0.01087725 0.05798864 0.02200001
v -0.03220802 -0.04229503 0.02199995
v -0.02899223 -0.05138528 0.02199995
v 0.02899223 -0.05138528 0.02199995
v -0.04177123 -0.03196603 0.02199995
v -0.04226154 0.03219074 0.02200001
v -0.05140888 0.02895003 0.02200001
v -0.05166631 -0.02848798 0.02199995
v -0.03184825 -0.04146993 0.02199995
v -0.02545547 -0.05323880 0.02199989
v -0.00817847 0.05843037 0.02200001
v -0.03169292 0.03678345 0.02200001
v 0.03184825 -0.04146993 0.02199995
v 0.02545547 -0.05323880 0.02199989
v -0.04139882 0.03182262 0.02200001
v -0.05329316 0.02534294 0.02200031
v -0.05439853 -0.01910400 0.02199995
v -0.05337589 -0.01754087 0.02199995
v -0.03158992 -0.04060745 0.02199995
v 0.03158992 -0.04060745 0.02199995
v -0.03143686 -0.03972005 0.02199995
v -0.04049694 0.03156483 0.02200001
v 0.03143686 -0.03972005 0.02199995
v 0.02083724 -0.05520969 0.02199983
v -0.05383598 -0.01810032 0.02199995
v -0.03956991 0.03142166 0.02200001
v -0.05528831 0.02062988 0.02199977
v -0.00546205 0.05874639 0.02200001
v 0.03139120 -0.03882110 0.02199995
v 0.05640411 -0.00244772 0.02199995
v 0.05513072 -0.00294495 0.02199995
v 0.05265045 -0.00314122 0.02199989
v -0.03863227 0.03139513 0.02200001
v -0.05643600 0.01720368 0.02200001
v -0.01368355 -0.05600631 0.02199995
v -0.01442188 -0.05631959 0.02199995
v -0.04940354 -0.00441444 0.02199995
v 0.05749499 -0.00162429 0.02199995
v 0.03149813 -0.03755563 0.02199995
v 0.01107347 -0.05400002 0.02199995
v -0.00273389 0.05893641 0.02200001
v -0.03769844 0.03148621 0.02200001
v -0.04873132 -0.00497615 0.02199995
v 0.00000000 0.05899977 0.02200001
v -0.03678369 0.03169292 0.02200001
v -0.04813534 -0.00561821 0.02199995
v 0.05896276 0.00209492 0.02199995
v 0.05882412 0.00073516 0.02199995
v 0.05832237 -0.00053630 0.02199995
v -0.05158627 -0.01633572 0.02199995
v -0.04994589 -0.01579844 0.02199995
v 0.03202837 -0.03583431 0.02199989
v -0.03590148 0.03201228 0.02200001
v -0.04762536 -0.00633031 0.02199995
v 0.05881637 0.00465083 0.02199995
v 0.05176544 -0.00329411 0.02199995
v -0.03202831 -0.03583455 0.02199995
v -0.03506624 0.03243917 0.02200001
v 0.05840677 0.00847018 0.02199989
v 0.05093294 -0.00356668 0.02199995
v -0.04720920 -0.00710118 0.02199995
v 0.03274279 -0.03459513 0.02199995
v -0.01240342 -0.05504882 0.02199995
v -0.03429085 0.03296703 0.02200001
v -0.04689341 -0.00791836 0.02199995
v 0.03358757 0.03358751 0.02200001
v 0.04705476 -0.00742835 0.02199989
v 0.03429085 0.03296703 0.02200001
v 0.03296703 0.03429085 0.02200001
v -0.05308645 -0.02574503 0.02199995
v 0.03506624 0.03243917 0.02200001
v 0.04762536 -0.00633031 0.02199995
v -0.03139120 -0.03882110 0.02199995
v -0.03145349 -0.03792273 0.02199995
v -0.03201228 0.03590148 0.02200001
v -0.03162312 -0.03703874 0.02199995
v 0.03633487 0.03183054 0.02200001
v 0.04846715 -0.00522238 0.02199989
v -0.04899960 -0.01522451 0.02199995
v -0.04035931 -0.03153604 0.02199995
v 0.05014145 -0.00394207 0.02199995
v -0.04823452 -0.01450020 0.02199995
v -0.03889065 -0.03139066 0.02199995
v 0.03169292 0.03678345 0.02200001
v 0.00409841 0.05886679 0.02200001
v 0.00817847 0.05843037 0.02200001
v -0.04770863 -0.01379948 0.02199995
v -0.03746575 -0.03151488 0.02199995
v 0.03148621 0.03769844 0.02200001
v 0.01087725 0.05798864 0.02200001
v 0.03769844 0.03148621 0.02200001
v 0.04940354 -0.00441444 0.02199995
v -0.04727536 -0.01303809 0.02199995
v 0.05739533 0.01372087 0.02200001
v 0.03863227 0.03139513 0.02200001
v -0.04694145 -0.01222831 0.02199995
v -0.03624624 -0.03187257 0.02199995
v 0.01355254 0.05742228 0.02200001
v -0.04663079 -0.01095259 0.02199989
v 0.01765251 0.05630868 0.02200007
v -0.03495740 -0.03249067 0.02199995
v 0.03139513 0.03863221 0.02200001
v 0.05643600 0.01720368 0.02200001
v -0.05749499 -0.00162429 0.02199995
v -0.05896276 0.00209492 0.02199995
v -0.05832237 -0.00053630 0.02199995
v -0.05882412 0.00073516 0.02199995
v 0.05513000 0.02105331 0.02200007
v 0.03956991 0.03142166 0.02200001
v 0.02265739 0.05449724 0.02200001
v -0.04658263 -0.00963908 0.02199995
v -0.03394138 -0.03325557 0.02199995
v 0.03142166 0.03956991 0.02200001
v -0.03350508 0.04557847 0.02200001
v -0.03222876 0.04231089 0.02200001
v -0.03325337 0.04426831 0.02200001
v -0.03340137 0.04690861 0.02200001
v -0.03294944 0.04816401 0.02200001
v 0.03156483 0.04049694 0.02200001
v 0.05309575 0.02575111 0.02199918
v 0.04049694 0.03156483 0.02200001
v 0.03325337 0.04426831 0.02200001
v -0.05871933 0.00592703 0.02199989
v -0.05176544 -0.00329411 0.02199995
v 0.02781862 0.05204582 0.02200001
v 0.03182262 0.04139882 0.02200001
v 0.04690885 -0.03340137 0.02199995
v 0.04421514 -0.03324091 0.02199989
v 0.04816401 -0.03294944 0.02199995
v 0.04557853 -0.03350514 0.02199995
v 0.03219079 0.04226154 0.02200001
v -0.03218173 0.04925537 0.02200001
v -0.05093294 -0.00356668 0.02199995
v 0.05010455 -0.03115302 0.02199995
v 0.04177123 -0.03196603 0.02199995
v -0.05819165 0.00973177 0.02199995
v 0.05140888 0.02895003 0.02200001
v 0.04925537 -0.03218179 0.02199995
v -0.05014145 -0.00394207 0.02199995
v -0.05739533 0.01372087 0.02200001
v -0.03115302 0.05010455 0.02200001
v -0.02738952 0.05227470 0.02200007
v -0.03182262 0.04139882 0.02200001
v 0.04711318 0.03335297 0.02200001
v 0.04393815 0.03312951 0.02200001
v 0.04487931 0.03341615 0.02200001
v 0.05166631 -0.02848798 0.02199995
v 0.03115302 0.05010455 0.02200001
v -0.03156483 0.04049694 0.02200001
v 0.03218173 0.04925537 0.02200001
v 0.03340137 0.04690861 0.02200001
v -0.02390664 0.05393940 0.02200001
v -0.03142166 0.03956991 0.02200001
v 0.01442188 -0.05631959 0.02199995
v 0.01300495 -0.05557888 0.02199995
v 0.01368355 -0.05600631 0.02199995
v 0.01240342 -0.05504882 0.02199995
v 0.04823452 -0.01450020 0.02199995
v 0.04035931 -0.03153604 0.02199995
v 0.03889065 -0.03139066 0.02199995
v 0.04899960 -0.01522451 0.02199995
v 0.05308645 -0.02574503 0.02199995
v 0.04770863 -0.01379948 0.02199995
v 0.01619845 -0.05657917 0.02199989
v 0.03762316 -0.03148621 0.02199995
v 0.04989975 -0.01577270 0.02199995
v 0.05453127 -0.02250367 0.02199995
v 0.04705440 -0.01257044 0.02199989
v 0.03624624 -0.03187257 0.02199995
v 0.05475103 -0.02080923 0.02199995
v 0.05472457 -0.02153301 0.02199995
v 0.05439871 -0.01910400 0.02199995
v 0.05284005 -0.01705378 0.02199995
v 0.01707547 -0.09100306 0.00068831
v 0.01731413 -0.09067445 0.00105745
v 0.01711291 -0.09151023 0.00109929
v -0.00669634 -0.06199979 0.00064886
v -0.00789630 -0.06351166 0.00002834
v -0.01080507 -0.06308126 0.00000000
v -0.04441988 0.00729155 0.08604991
v 0.01174008 -0.09853142 0.00731629
v 0.01173996 -0.09853142 0.00800157
v 0.01116478 -0.09857875 0.00770736
v 0.01744043 -0.08961433 0.00731659
v 0.01746535 -0.08919912 0.00702095
v 0.01710265 -0.08918100 0.00745064
v 0.04930645 0.03213381 0.02200001
v -0.05640411 -0.00244772 0.00000000
v 0.05452793 -0.02249115 0.00000000
v -0.01169270 -0.05420798 0.00000000
v -0.00691467 -0.05399996 0.00541097
v -0.01107341 -0.05399996 0.00000000
v 0.01184087 -0.09907805 0.00418043
v 0.01190286 -0.09939193 0.00420874
v 0.01142334 -0.09900647 0.00360662
v 0.01731115 -0.09066134 0.00199258
v 0.01731413 -0.09067445 0.00105745
v 0.01726979 -0.09008824 0.00168198
f 1 2 3
f 4 5 6
f 7 8 9
f 10 11 12
f 13 2 1
f 14 10 12
f 15 16 17
f 18 15 17
f 19 20 21
f 22 23 24
f 25 26 27
f 28 29 30
f 31 32 33
f 3 8 34
f 35 36 37
f 38 39 40
f 41 42 43
f 44 45 46
f 47 48 49
f 34 50 17
f 51 52 53
f 54 55 56
f 16 57 58
f 59 60 61
f 62 38 40
f 63 64 65
f 66 67 68
f 44 46 69
f 70 71 72
f 73 74 75
f 76 77 78
f 79 80 81
f 82 83 84
f 85 86 87
f 8 3 2
f 88 63 65
f 72 71 89
f 90 91 92
f 93 94 31
f 95 96 97
f 98 85 87
f 99 35 37
f 100 101 102
f 9 8 103
f 104 19 105
f 19 21 105
f 106 14 12
f 107 24 108
f 5 4 109
f 110 111 112
f 113 114 115
f 91 90 116
f 23 117 118
f 74 119 75
f 120 121 122
f 62 40 123
f 124 88 125
f 24 107 126
f 88 65 125
f 127 128 129
f 130 44 131
f 132 133 134
f 75 119 135
f 136 137 138
f 139 34 17
f 9 103 140
f 29 141 142
f 99 37 143
f 104 105 144
f 106 12 145
f 46 146 147
f 148 149 150
f 151 152 68
f 152 153 68
f 124 125 154
f 95 97 155
f 126 107 156
f 148 150 157
f 158 99 143
f 159 6 160
f 17 161 162
f 116 163 164
f 119 165 135
f 23 118 108
f 166 124 154
f 167 13 168
f 159 155 169
f 67 106 145
f 80 170 146
f 171 172 173
f 134 174 175
f 176 104 144
f 177 178 122
f 131 44 179
f 135 165 180
f 157 181 182
f 140 103 13
f 60 158 143
f 183 184 185
f 186 187 188
f 21 186 188
f 189 190 191
f 192 193 194
f 195 62 123
f 196 197 198
f 150 149 199
f 149 200 199
f 201 202 203
f 182 204 205
f 72 89 206
f 70 72 206
f 166 154 207
f 164 208 209
f 126 156 11
f 210 39 211
f 12 11 156
f 205 204 212
f 69 46 147
f 213 214 215
f 150 199 216
f 217 218 219
f 108 220 107
f 151 221 222
f 64 176 223
f 224 205 212
f 176 144 223
f 225 226 227
f 228 229 230
f 70 206 231
f 232 233 234
f 235 107 220
f 236 166 207
f 191 1 3
f 67 145 237
f 238 239 240
f 17 162 139
f 36 241 49
f 242 205 224
f 243 244 245
f 21 188 246
f 247 248 249
f 250 251 252
f 163 90 253
f 8 2 103
f 242 224 254
f 255 181 256
f 159 257 258
f 79 259 260
f 259 261 260
f 262 242 254
f 236 207 263
f 264 265 123
f 266 61 96
f 59 267 158
f 67 237 268
f 209 269 74
f 68 67 268
f 270 271 255
f 272 273 274
f 275 156 235
f 274 276 272
f 12 156 277
f 208 163 253
f 108 118 278
f 279 280 281
f 220 108 278
f 282 283 59
f 236 263 284
f 285 262 286
f 140 13 167
f 86 236 284
f 13 287 168
f 65 64 223
f 288 289 290
f 199 256 216
f 291 210 292
f 256 199 293
f 199 200 293
f 200 294 293
f 208 253 295
f 296 297 298
f 4 6 258
f 271 270 204
f 299 300 301
f 285 286 302
f 39 210 40
f 191 190 303
f 266 96 304
f 285 302 305
f 306 119 307
f 308 309 310
f 117 266 304
f 311 312 313
f 314 315 316
f 52 175 174
f 317 318 319
f 87 86 284
f 305 302 111
f 170 79 260
f 269 208 295
f 256 293 320
f 321 212 322
f 277 156 323
f 21 246 105
f 324 325 326
f 4 258 327
f 145 12 328
f 12 277 328
f 255 256 320
f 65 223 121
f 170 260 329
f 269 295 330
f 246 331 105
f 36 49 37
f 122 332 333
f 125 65 121
f 305 111 334
f 276 274 71
f 260 335 336
f 337 338 339
f 340 224 321
f 257 327 258
f 117 304 341
f 342 343 344
f 307 269 330
f 345 346 347
f 191 303 1
f 119 306 165
f 348 194 349
f 13 103 2
f 336 335 350
f 105 331 144
f 351 352 353
f 255 320 102
f 22 24 354
f 287 97 168
f 355 356 357
f 270 255 102
f 40 291 123
f 118 117 341
f 358 359 360
f 361 362 363
f 364 134 365
f 98 87 282
f 224 340 254
f 262 254 366
f 367 89 274
f 4 272 109
f 154 125 120
f 125 121 120
f 93 368 94
f 270 102 369
f 188 187 370
f 187 371 370
f 372 373 374
f 127 351 353
f 340 366 254
f 92 98 282
f 375 376 377
f 307 330 378
f 151 68 221
f 4 379 272
f 165 211 180
f 327 380 4
f 262 366 381
f 118 341 382
f 322 270 369
f 383 384 385
f 286 262 381
f 4 380 379
f 306 307 378
f 123 386 387
f 170 329 147
f 388 389 390
f 391 392 126
f 260 336 329
f 165 393 211
f 394 395 396
f 397 398 399
f 400 401 402
f 379 403 404
f 154 120 405
f 206 406 352
f 407 408 409
f 376 375 410
f 411 412 413
f 414 143 415
f 92 282 416
f 273 404 417
f 294 418 419
f 293 294 419
f 274 273 420
f 207 154 405
f 367 274 420
f 273 417 420
f 278 118 382
f 421 131 179
f 286 381 422
f 90 92 416
f 417 404 403
f 322 369 251
f 352 423 424
f 425 426 427
f 428 429 430
f 393 306 378
f 410 375 431
f 417 403 432
f 264 123 387
f 433 423 434
f 171 173 358
f 353 352 424
f 435 223 436
f 437 438 439
f 321 322 251
f 188 370 246
f 367 420 440
f 328 277 441
f 442 51 443
f 406 367 440
f 292 210 444
f 445 430 446
f 335 447 350
f 353 424 448
f 449 353 448
f 446 430 429
f 450 222 221
f 112 302 422
f 445 446 451
f 446 429 451
f 329 336 350
f 293 419 320
f 417 432 420
f 60 143 414
f 452 453 424
f 449 448 424
f 445 451 454
f 455 456 457
f 90 416 412
f 420 432 440
f 340 321 250
f 321 251 250
f 220 278 382
f 458 459 460
f 207 405 461
f 432 462 440
f 410 431 310
f 241 130 131
f 434 423 440
f 463 464 465
f 451 429 466
f 145 328 467
f 468 469 466
f 470 471 472
f 253 90 412
f 466 473 468
f 393 378 474
f 475 421 476
f 477 478 479
f 444 393 474
f 480 299 481
f 263 207 461
f 482 349 483
f 484 433 434
f 440 484 434
f 220 382 485
f 121 223 332
f 145 467 237
f 467 486 237
f 484 440 487
f 424 423 488
f 489 490 491
f 328 441 492
f 493 410 310
f 494 495 496
f 493 310 497
f 424 488 498
f 452 424 498
f 499 60 414
f 500 501 502
f 340 250 365
f 277 323 503
f 366 340 365
f 263 461 504
f 441 277 503
f 433 484 505
f 284 263 504
f 506 483 507
f 423 433 508
f 246 315 331
f 488 423 508
f 493 497 509
f 510 371 511
f 171 358 512
f 295 253 411
f 253 412 411
f 488 508 513
f 320 100 102
f 514 515 516
f 487 517 484
f 518 519 387
f 235 220 485
f 520 291 292
f 513 508 521
f 467 328 492
f 522 523 524
f 525 526 527
f 452 528 529
f 521 508 529
f 508 433 529
f 433 505 529
f 292 444 530
f 444 474 530
f 531 532 533
f 534 535 519
f 275 235 485
f 505 484 529
f 509 497 536
f 329 350 537
f 538 539 540
f 529 484 540
f 121 332 122
f 366 365 175
f 381 366 175
f 541 542 543
f 544 545 334
f 315 546 316
f 329 537 547
f 349 548 355
f 102 101 369
f 549 550 551
f 284 504 552
f 551 553 397
f 554 555 556
f 292 530 557
f 210 291 40
f 558 559 547
f 87 284 552
f 381 175 52
f 560 510 546
f 370 560 546
f 330 295 561
f 295 411 561
f 509 536 562
f 563 564 565
f 422 381 52
f 426 566 567
f 545 544 376
f 275 485 568
f 569 570 571
f 572 425 427
f 547 537 573
f 574 122 178
f 575 576 577
f 520 292 557
f 578 579 580
f 581 582 583
f 419 578 580
f 236 86 584
f 291 520 386
f 369 585 251
f 87 552 283
f 586 587 588
f 467 492 589
f 422 52 51
f 350 447 590
f 447 591 590
f 323 275 592
f 282 87 283
f 275 568 592
f 593 594 562
f 595 415 48
f 596 375 377
f 597 198 550
f 378 330 561
f 598 314 316
f 120 122 405
f 112 422 51
f 223 144 436
f 426 567 599
f 111 302 112
f 375 596 431
f 558 547 573
f 600 100 580
f 492 441 601
f 333 435 314
f 97 169 155
f 387 386 602
f 308 431 596
f 112 51 442
f 378 561 603
f 604 605 606
f 503 323 592
f 520 557 607
f 589 492 608
f 609 610 394
f 611 612 613
f 594 593 614
f 450 221 486
f 591 615 590
f 518 387 602
f 616 415 595
f 617 618 619
f 602 520 607
f 110 112 442
f 620 341 304
f 621 461 574
f 97 96 168
f 96 95 304
f 431 308 310
f 364 252 622
f 623 624 614
f 382 341 620
f 600 580 625
f 580 626 625
f 250 364 365
f 474 378 603
f 334 110 584
f 110 442 584
f 627 573 628
f 415 616 414
f 203 629 630
f 631 101 600
f 506 507 632
f 224 212 321
f 633 634 635
f 602 607 636
f 412 416 637
f 208 269 209
f 426 599 638
f 503 592 639
f 546 640 641
f 441 503 642
f 334 584 544
f 310 643 497
f 644 122 333
f 382 620 160
f 474 603 645
f 206 89 406
f 365 134 175
f 530 474 645
f 101 631 585
f 646 504 621
f 647 648 649
f 552 504 646
f 114 650 222
f 651 618 652
f 600 625 653
f 654 655 151
f 426 638 427
f 412 637 413
f 636 656 602
f 631 600 653
f 657 658 659
f 68 153 66
f 552 646 267
f 624 623 660
f 497 643 536
f 140 414 661
f 53 52 174
f 486 589 129
f 129 128 486
f 662 129 589
f 663 624 660
f 427 638 664
f 169 257 159
f 626 665 625
f 421 475 47
f 666 298 667
f 316 546 641
f 668 669 656
f 634 633 670
f 518 602 656
f 671 672 673
f 674 675 676
f 557 530 677
f 530 645 677
f 590 678 679
f 441 642 70
f 601 441 70
f 167 499 140
f 598 316 641
f 360 192 348
f 585 680 252
f 59 283 267
f 681 562 682
f 683 684 685
f 593 562 681
f 5 382 160
f 411 413 354
f 562 536 682
f 485 382 5
f 680 631 686
f 631 653 686
f 561 411 354
f 687 113 128
f 450 486 128
f 443 51 53
f 688 689 670
f 80 690 81
f 663 660 691
f 692 636 607
f 693 694 695
f 596 377 91
f 696 574 178
f 559 69 547
f 643 682 536
f 697 698 114
f 599 590 679
f 475 699 47
f 308 596 91
f 621 574 696
f 561 354 700
f 475 476 701
f 680 686 702
f 476 703 701
f 637 416 266
f 704 644 705
f 705 706 704
f 593 681 707
f 61 282 59
f 614 593 707
f 48 47 699
f 132 364 622
f 708 442 443
f 709 710 711
f 712 308 91
f 48 699 713
f 607 557 677
f 705 333 45
f 291 386 123
f 622 680 702
f 608 601 70
f 701 703 714
f 636 692 715
f 716 717 718
f 703 719 714
f 309 308 712
f 78 77 720
f 598 641 721
f 603 561 700
f 49 415 37
f 621 696 35
f 679 664 599
f 722 718 723
f 584 442 708
f 701 714 724
f 364 132 134
f 429 473 466
f 595 48 713
f 668 656 715
f 656 636 715
f 614 707 725
f 282 61 416
f 623 614 725
f 170 147 146
f 309 712 726
f 475 701 699
f 643 309 726
f 379 404 272
f 603 700 392
f 628 537 727
f 728 721 641
f 640 729 641
f 730 731 720
f 73 732 209
f 333 721 733
f 395 511 734
f 393 444 211
f 622 702 735
f 607 677 736
f 653 625 737
f 699 701 738
f 621 35 646
f 643 726 732
f 739 696 178
f 168 96 167
f 7 9 661
f 45 333 733
f 623 725 740
f 7 595 713
f 692 607 736
f 679 678 664
f 69 147 329
f 741 742 743
f 744 202 745
f 746 747 719
f 35 696 739
f 635 748 299
f 714 719 724
f 443 749 708
f 132 622 735
f 134 133 174
f 750 506 280
f 721 728 733
f 751 752 753
f 660 623 740
f 738 701 724
f 119 74 307
f 682 643 732
f 754 755 756
f 645 603 391
f 757 482 506
f 603 392 391
f 713 699 738
f 584 85 544
f 592 568 109
f 50 8 7
f 719 747 18
f 133 132 758
f 132 735 758
f 413 637 22
f 641 729 690
f 653 737 20
f 759 760 761
f 174 762 53
f 692 736 66
f 66 153 692
f 763 178 177
f 35 267 646
f 719 764 724
f 298 765 766
f 662 608 231
f 682 732 73
f 608 70 231
f 686 653 20
f 767 768 769
f 770 727 537
f 681 682 73
f 771 772 773
f 544 98 377
f 589 486 467
f 645 391 10
f 155 620 95
f 677 645 10
f 660 740 38
f 325 402 774
f 133 758 63
f 738 724 50
f 764 719 18
f 231 351 662
f 762 133 63
f 413 22 354
f 691 660 38
f 695 775 693
f 53 776 443
f 700 354 24
f 777 778 779
f 681 73 75
f 707 681 75
f 639 592 109
f 377 92 91
f 122 574 405
f 598 721 314
f 80 641 690
f 631 680 585
f 705 45 706
f 329 547 69
f 702 686 19
f 686 20 19
f 181 271 182
f 724 764 50
f 762 63 88
f 776 762 88
f 713 738 7
f 158 267 99
f 159 160 155
f 419 100 320
f 236 708 749
f 703 476 780
f 691 38 62
f 668 715 153
f 764 18 17
f 677 10 14
f 707 75 135
f 725 707 135
f 116 712 91
f 702 19 104
f 781 782 184
f 126 700 24
f 486 221 268
f 706 45 44
f 776 88 124
f 415 49 48
f 783 784 201
f 351 127 129
f 749 776 124
f 704 706 130
f 785 786 612
f 677 14 106
f 18 747 787
f 788 789 790
f 639 109 791
f 708 236 584
f 116 164 726
f 735 702 104
f 70 642 276
f 792 793 794
f 763 177 130
f 712 116 726
f 8 50 34
f 736 677 106
f 791 109 276
f 784 745 202
f 725 135 180
f 740 725 180
f 700 126 392
f 739 178 763
f 641 80 728
f 795 551 796
f 797 798 799
f 730 720 62
f 800 613 801
f 802 803 804
f 616 7 661
f 805 806 807
f 160 6 5
f 584 86 85
f 706 44 130
f 306 393 165
f 808 480 809
f 117 637 266
f 333 314 721
f 764 17 50
f 739 763 241
f 763 130 241
f 738 50 7
f 511 810 28
f 811 812 813
f 735 104 176
f 236 749 166
f 22 637 117
f 18 787 814
f 815 816 817
f 20 737 21
f 737 186 21
f 740 180 39
f 728 818 733
f 181 216 256
f 96 60 499
f 195 730 62
f 819 820 821
f 11 391 126
f 10 391 11
f 822 57 15
f 823 801 289
f 736 106 67
f 758 735 176
f 661 9 140
f 22 117 23
f 38 740 39
f 824 825 826
f 46 45 146
f 5 109 568
f 739 241 36
f 70 276 71
f 827 524 782
f 63 758 64
f 758 176 64
f 35 739 36
f 15 57 16
f 690 729 81
f 729 828 81
f 74 73 209
f 66 736 67
f 814 15 18
f 270 322 204
f 371 187 829
f 687 128 127
f 830 831 832
f 833 834 835
f 836 837 838
f 486 268 237
f 839 840 841
f 799 842 843
f 844 845 846
f 799 847 842
f 848 849 502
f 850 851 852
f 853 854 855
f 852 856 843
f 843 842 852
f 857 858 859
f 858 857 843
f 860 861 842
f 862 863 864
f 857 799 843
f 865 866 867
f 868 869 870
f 871 872 873
f 874 875 876
f 877 878 879
f 880 881 882
f 883 884 885
f 860 842 847
f 886 555 887
f 888 797 889
f 890 797 888
f 891 892 893
f 373 754 756
f 894 617 619
f 895 896 897
f 898 744 745
f 899 785 900
f 785 32 900
f 901 902 903
f 904 905 318
f 479 297 906
f 907 873 908
f 745 909 898
f 173 172 910
f 910 359 173
f 543 141 29
f 29 541 543
f 722 338 577
f 906 477 479
f 895 904 318
f 716 722 577
f 470 901 911
f 912 913 914
f 640 610 915
f 916 917 918
f 138 152 655
f 919 920 357
f 920 921 357
f 619 512 894
f 172 667 910
f 331 314 436
f 290 326 774
f 640 915 922
f 923 924 925
f 926 899 927
f 899 900 927
f 477 928 478
f 655 136 138
f 685 914 929
f 930 512 619
f 362 279 697
f 68 268 221
f 909 342 344
f 370 546 315
f 931 932 933
f 512 358 934
f 935 919 356
f 919 357 356
f 296 906 297
f 652 361 913
f 216 181 157
f 271 181 255
f 913 651 652
f 936 716 576
f 905 937 938
f 716 577 576
f 939 940 941
f 940 449 941
f 667 298 766
f 421 179 476
f 938 937 942
f 35 99 267
f 941 683 685
f 685 939 941
f 374 943 944
f 358 360 934
f 927 28 30
f 945 896 944
f 943 945 944
f 946 947 948
f 76 78 731
f 928 31 33
f 152 668 153
f 944 372 374
f 949 76 731
f 950 343 342
f 951 952 730
f 901 903 911
f 905 938 318
f 953 935 779
f 935 356 779
f 949 731 954
f 609 755 955
f 711 949 954
f 755 754 955
f 956 396 957
f 324 958 325
f 936 576 959
f 203 936 959
f 959 201 203
f 954 960 711
f 136 961 137
f 962 963 964
f 965 962 964
f 186 542 541
f 966 651 967
f 711 960 968
f 31 94 32
f 968 709 711
f 774 688 290
f 933 932 937
f 969 635 480
f 970 470 911
f 286 422 302
f 609 955 971
f 958 337 339
f 896 895 972
f 973 953 778
f 953 779 778
f 421 47 131
f 616 661 414
f 961 974 137
f 937 932 942
f 731 730 952
f 950 342 975
f 201 784 202
f 970 911 694
f 710 709 976
f 222 654 151
f 651 977 618
f 318 938 319
f 331 436 144
f 326 290 289
f 915 609 978
f 978 922 915
f 609 971 978
f 372 979 373
f 573 537 628
f 90 163 116
f 980 973 981
f 684 683 982
f 973 778 981
f 301 710 983
f 337 984 338
f 710 976 983
f 731 952 399
f 954 731 399
f 131 49 241
f 983 481 301
f 970 694 688
f 782 477 906
f 94 368 900
f 985 986 987
f 895 318 317
f 974 355 921
f 988 989 990
f 979 991 373
f 954 399 398
f 359 992 192
f 960 954 398
f 29 28 810
f 353 929 127
f 326 289 324
f 993 684 982
f 301 481 299
f 511 829 810
f 980 981 994
f 903 980 994
f 895 317 972
f 995 996 997
f 998 999 1000
f 300 299 748
f 901 472 1001
f 938 942 319
f 265 951 730
f 730 195 265
f 610 609 915
f 960 398 227
f 968 960 227
f 944 1002 372
f 1003 1004 1005
f 977 930 619
f 984 575 577
f 1006 667 1007
f 29 810 829
f 541 29 829
f 300 748 1008
f 1009 1010 1011
f 585 252 251
f 896 972 944
f 276 109 272
f 991 754 373
f 911 903 994
f 368 1012 927
f 709 968 226
f 1013 372 1002
f 1014 1015 1016
f 968 227 226
f 909 745 1017
f 745 784 1017
f 1018 300 1008
f 1019 1020 1021
f 418 578 419
f 1022 1023 1024
f 79 170 80
f 951 1025 952
f 911 994 695
f 654 222 650
f 829 187 541
f 453 452 1026
f 976 709 1027
f 709 226 1027
f 309 643 310
f 575 1028 576
f 1012 734 927
f 1002 1029 1030
f 1026 452 1031
f 941 1032 1033
f 922 978 1034
f 828 729 1035
f 944 972 1036
f 930 1037 512
f 1032 941 449
f 655 654 1038
f 136 655 1038
f 337 958 1039
f 620 304 95
f 1040 1041 1029
f 911 695 694
f 372 1013 979
f 754 991 1042
f 644 1043 122
f 355 548 356
f 269 307 74
f 342 909 1017
f 185 184 296
f 512 934 894
f 1044 1045 1046
f 1031 452 1047
f 976 1027 1048
f 983 976 1048
f 1013 1002 979
f 1025 397 399
f 928 1049 1050
f 1029 1041 1030
f 991 979 1042
f 967 1022 966
f 1022 1024 966
f 1037 171 512
f 1048 809 983
f 1051 1052 1053
f 1054 1055 1056
f 1028 1057 959
f 1002 1030 979
f 975 342 1017
f 1033 1032 1026
f 1058 1059 1060
f 979 1030 1061
f 93 957 368
f 1038 654 650
f 665 737 625
f 452 529 1047
f 979 1061 1042
f 60 96 61
f 984 337 1062
f 397 553 398
f 337 1039 1062
f 1040 1036 1041
f 1063 1064 1065
f 1066 1063 1065
f 481 983 809
f 186 541 187
f 774 767 769
f 1067 1068 1069
f 285 242 262
f 1038 632 961
f 317 319 1070
f 961 136 1038
f 1071 1072 1073
f 734 511 28
f 115 114 222
f 222 450 115
f 265 264 519
f 184 782 906
f 519 535 265
f 481 809 480
f 1074 1034 971
f 1041 1069 1030
f 941 1033 683
f 480 635 299
f 548 777 779
f 317 1075 1076
f 1030 1077 1078
f 957 396 368
f 1079 1080 1081
f 1057 783 201
f 553 225 227
f 975 1017 418
f 972 317 1082
f 1026 1031 1033
f 966 1083 651
f 777 1084 778
f 972 1082 1085
f 100 419 580
f 1082 317 1076
f 1085 1082 1076
f 1078 1077 1086
f 1077 1069 1086
f 31 1050 93
f 579 626 580
f 575 984 1087
f 524 1049 477
f 984 1062 1087
f 1088 1031 1089
f 635 634 748
f 1076 1075 1085
f 1090 1091 1092
f 1047 529 539
f 1046 1093 1094
f 732 726 164
f 212 204 322
f 974 961 632
f 689 769 1018
f 114 698 650
f 1095 1034 1074
f 1096 1097 1098
f 775 695 994
f 782 524 477
f 1099 1100 1047
f 133 762 174
f 972 1085 1036
f 171 1007 172
f 1084 1101 981
f 1078 1086 1102
f 1103 1018 1008
f 669 518 656
f 355 357 921
f 783 1104 784
f 634 1103 1008
f 1105 1078 1106
f 982 683 1107
f 1078 1102 1106
f 1107 1108 982
f 1046 1094 1044
f 1109 1036 1085
f 575 1087 1110
f 1028 575 1110
f 184 906 296
f 1075 1111 1085
f 731 78 720
f 115 450 113
f 1065 1064 1112
f 1064 1105 1112
f 544 377 376
f 225 1113 1027
f 1086 1069 1102
f 974 632 507
f 1007 667 172
f 1114 1115 1116
f 355 974 507
f 1105 1106 1112
f 507 483 355
f 153 715 692
f 1117 1069 1041
f 156 107 235
f 163 208 164
f 1109 1041 1036
f 1118 809 1048
f 324 289 801
f 977 1083 1119
f 683 1033 1120
f 1085 1121 1109
f 1122 683 1120
f 1057 1028 1123
f 524 523 1049
f 1025 951 1124
f 1028 1110 1123
f 951 535 1124
f 111 110 334
f 617 1125 750
f 1045 1044 1126
f 396 395 734
f 1124 796 1025
f 698 281 650
f 634 1008 748
f 1112 1106 1102
f 1099 1127 1100
f 928 33 478
f 101 100 600
f 1117 1128 1067
f 1129 1130 1131
f 1069 1117 1067
f 1132 1065 1112
f 1104 1133 1017
f 1018 1103 689
f 930 977 1119
f 539 529 540
f 1088 1089 1134
f 624 594 614
f 511 371 829
f 1132 1112 1135
f 1136 1137 1138
f 324 801 613
f 1069 1077 1030
f 1113 1118 1048
f 958 324 613
f 1135 1112 1102
f 1089 1031 1139
f 1101 775 994
f 1101 994 981
f 796 551 397
f 1102 1069 1140
f 1049 928 477
f 1141 1142 1143
f 1144 1145 1146
f 1069 1068 1147
f 1148 1045 1149
f 1150 1151 1152
f 1045 1126 1149
f 1153 1102 1154
f 483 349 355
f 1118 808 809
f 1024 982 1108
f 1149 1155 1148
f 164 209 732
f 1156 1157 1158
f 1102 1140 1159
f 769 689 774
f 113 697 114
f 1154 1102 1159
f 1153 1154 1160
f 1154 1159 1160
f 1031 1100 1139
f 1161 1162 1163
f 1160 1159 1164
f 520 602 386
f 774 402 767
f 1034 978 971
f 1159 1165 1164
f 1166 534 519
f 519 518 1166
f 930 1119 1167
f 1033 1168 1169
f 396 734 1012
f 281 280 1038
f 44 69 559
f 958 613 612
f 1039 958 612
f 666 185 298
f 783 1057 1170
f 1057 1123 1170
f 1127 1171 1100
f 418 1017 1133
f 1172 1173 1174
f 402 401 768
f 966 1024 1175
f 1176 1177 1178
f 1024 1108 1175
f 1179 1180 1181
f 693 766 694
f 171 930 1167
f 396 1012 368
f 1107 1182 1108
f 1148 1155 1183
f 1184 1148 1183
f 1185 1186 93
f 93 1050 1185
f 958 339 325
f 1187 1188 1189
f 1139 1100 1171
f 594 509 562
f 1190 1186 1185
f 1062 1039 786
f 1039 612 786
f 635 969 633
f 1108 1182 1191
f 1033 1192 1120
f 1193 1194 1195
f 1196 1197 1198
f 534 1199 535
f 680 622 252
f 777 548 349
f 225 553 550
f 553 551 550
f 1050 31 928
f 280 506 632
f 1033 1169 1192
f 1094 1093 723
f 1093 401 723
f 418 1133 579
f 1200 1201 1202
f 1203 1169 1204
f 1083 966 1200
f 783 1170 1205
f 1104 783 1205
f 210 211 444
f 1050 523 1185
f 1206 1207 1208
f 578 418 579
f 1084 777 194
f 777 349 194
f 1083 1200 1209
f 697 279 281
f 902 1001 1210
f 1103 634 670
f 926 142 1211
f 765 288 290
f 1025 399 952
f 351 129 662
f 265 195 123
f 1166 518 669
f 688 766 765
f 1133 1104 1205
f 1184 1183 1212
f 1213 1184 1212
f 553 227 398
f 183 781 184
f 315 314 331
f 1087 1062 1211
f 1062 786 1211
f 1212 1214 1213
f 1094 723 718
f 1169 1168 1215
f 1044 1094 718
f 1216 1217 1218
f 1084 194 193
f 1101 1084 193
f 670 689 1103
f 1199 1219 1124
f 697 113 1220
f 1209 1200 1202
f 1204 1169 1221
f 171 1167 1222
f 288 823 289
f 225 550 198
f 1223 1224 1225
f 1113 225 198
f 534 1166 1226
f 1083 1209 1227
f 1166 669 1226
f 974 921 137
f 202 744 629
f 1186 956 957
f 1126 1044 717
f 697 1220 363
f 1044 718 717
f 279 750 280
f 506 482 483
f 1087 1211 142
f 1110 1087 142
f 1007 171 1222
f 80 818 728
f 781 827 782
f 977 619 618
f 1219 795 796
f 1169 1215 1221
f 1119 1083 1227
f 775 1101 193
f 1204 1221 1228
f 160 620 155
f 1229 1204 1228
f 823 800 801
f 1118 1113 197
f 1113 198 197
f 1230 1231 1232
f 1233 1234 1235
f 511 395 510
f 669 668 1236
f 775 193 992
f 1237 1213 1214
f 1123 1110 142
f 665 579 1205
f 423 406 440
f 667 766 910
f 1119 1227 1238
f 896 945 897
f 504 461 621
f 23 108 24
f 1239 1228 1221
f 363 362 697
f 1149 1126 630
f 1126 717 630
f 929 1240 113
f 795 549 551
f 808 1118 1210
f 352 351 231
f 626 579 665
f 1118 197 1210
f 827 522 524
f 1241 1242 1243
f 534 1226 1244
f 1199 534 1244
f 857 797 799
f 956 394 396
f 1119 1238 1167
f 1245 1246 1247
f 1248 1249 1250
f 1240 914 1220
f 1251 1252 1253
f 1254 1255 1256
f 669 1236 1257
f 482 1258 349
f 1007 1259 1006
f 1226 669 1257
f 325 400 402
f 800 611 613
f 808 1210 1001
f 969 808 1001
f 1260 1261 1262
f 1113 1048 1027
f 750 1125 506
f 1104 1017 784
f 1263 1264 1265
f 1155 1149 629
f 1149 630 629
f 1266 1267 1268
f 1238 1227 1269
f 1270 1271 1272
f 522 1273 523
f 279 362 1274
f 549 1275 550
f 1258 348 349
f 1276 1277 1278
f 1250 1279 1248
f 969 1001 472
f 560 371 510
f 929 687 127
f 370 315 246
f 1125 757 506
f 1280 1281 1282
f 1283 723 401
f 394 610 395
f 1240 929 914
f 1237 1214 149
f 185 666 1284
f 914 363 1220
f 400 1283 401
f 101 585 369
f 1219 1199 1285
f 1170 1123 141
f 1123 142 141
f 1199 1244 1285
f 667 1006 666
f 633 969 472
f 1167 1286 1222
f 1155 629 744
f 1183 1155 744
f 611 785 612
f 148 1237 149
f 1238 1286 1167
f 61 266 416
f 1287 1288 1289
f 1273 1190 1185
f 899 1211 786
f 225 1027 226
f 633 472 471
f 956 755 394
f 750 279 1274
f 697 281 698
f 183 185 904
f 480 808 969
f 185 1284 904
f 757 1258 482
f 618 617 1274
f 1290 1291 1292
f 1275 597 550
f 113 450 128
f 1226 1257 1244
f 1283 722 723
f 610 640 510
f 670 633 471
f 401 1093 768
f 785 899 786
f 1219 1285 920
f 795 1219 920
f 348 192 194
f 1007 1222 1259
f 183 904 1293
f 781 183 1293
f 1236 668 152
f 1294 1295 1296
f 1170 141 543
f 1205 1170 543
f 1274 617 750
f 1286 1297 1298
f 1222 1286 1298
f 288 765 297
f 1273 1185 523
f 252 364 250
f 914 361 363
f 281 1038 650
f 722 716 718
f 1222 1298 1259
f 934 348 1258
f 1183 744 898
f 1212 1183 898
f 1297 1259 1298
f 545 305 334
f 1285 1244 1299
f 597 196 198
f 902 1210 197
f 827 781 1293
f 1293 945 827
f 756 755 1186
f 192 992 193
f 549 795 919
f 899 926 1211
f 795 920 919
f 688 774 689
f 1257 1236 138
f 1236 152 138
f 288 297 479
f 823 288 479
f 796 397 1025
f 367 406 89
f 196 902 197
f 94 900 32
f 666 1006 933
f 716 936 717
f 1300 1301 1302
f 522 827 945
f 945 943 522
f 549 919 935
f 1275 549 935
f 929 353 940
f 940 685 929
f 757 1125 617
f 1259 1303 1006
f 1214 1212 344
f 1212 898 344
f 353 449 940
f 280 632 1038
f 945 1293 897
f 1274 362 361
f 734 28 927
f 361 652 1274
f 150 216 157
f 1285 1299 920
f 818 146 733
f 970 688 670
f 670 471 970
f 984 577 338
f 1258 757 894
f 757 617 894
f 666 933 937
f 1284 666 937
f 823 479 478
f 800 823 478
f 273 272 404
f 910 766 693
f 936 203 630
f 325 774 326
f 271 204 182
f 1214 344 343
f 936 630 717
f 360 359 192
f 1304 1305 1306
f 902 901 1001
f 522 943 374
f 152 151 655
f 1273 522 374
f 435 436 314
f 1244 1257 137
f 1257 138 137
f 665 1205 542
f 1205 543 542
f 1275 935 953
f 597 1275 953
f 685 940 939
f 755 609 394
f 652 618 1274
f 1284 937 905
f 185 296 298
f 149 1214 343
f 904 1284 905
f 901 470 472
f 913 361 914
f 737 665 542
f 568 485 5
f 1083 977 651
f 685 684 914
f 30 29 142
f 800 478 33
f 203 202 629
f 611 800 33
f 1186 957 93
f 599 350 590
f 359 910 992
f 776 749 443
f 39 180 211
f 1258 894 934
f 196 597 973
f 597 953 973
f 1273 374 373
f 1190 1273 373
f 1006 1303 931
f 1299 1244 137
f 158 60 59
f 904 895 1293
f 470 970 471
f 298 297 765
f 610 510 395
f 400 325 339
f 1283 400 339
f 149 343 950
f 348 934 360
f 611 33 32
f 785 611 32
f 85 98 544
f 1264 1307 1308
f 206 352 231
f 902 196 980
f 196 973 980
f 684 912 914
f 535 951 265
f 45 733 146
f 1283 339 338
f 722 1283 338
f 1299 137 921
f 920 1299 921
f 89 71 274
f 897 1293 895
f 49 131 47
f 929 113 687
f 1006 931 933
f 902 980 903
f 1309 1310 1311
f 1312 1313 1314
f 1315 1316 1317
f 1318 1319 1320
f 1321 1322 1323
f 1324 1315 1325
f 1326 1327 1317
f 1328 1329 1330
f 1331 1332 1333
f 1334 1335 1336
f 1314 1313 1325
f 1337 1336 1338
f 1323 1322 1339
f 1322 1340 1339
f 1340 1341 1339
f 1342 1343 1344
f 1345 1346 1347
f 1348 1349 1350
f 1351 1348 1350
f 1352 1353 1354
f 1349 1355 1356
f 1350 1349 1356
f 1319 1357 1320
f 1358 1359 1360
f 1314 1325 1361
f 1351 1350 1362
f 1363 1364 1365
f 1335 1358 1336
f 1366 1367 1368
f 1317 1327 1369
f 1314 1361 1370
f 1371 1372 1373
f 1372 1374 1373
f 1360 1359 1375
f 1376 1377 1378
f 1379 1380 1381
f 1353 1320 1357
f 1354 1353 1357
f 1363 1365 1382
f 1361 1325 1383
f 1325 1315 1384
f 1336 1358 1338
f 1385 1386 1387
f 1341 1373 1339
f 1384 1315 1388
f 1375 1352 1389
f 1360 1375 1390
f 1375 1389 1390
f 1391 1392 1393
f 1394 1395 1396
f 1397 1398 1399
f 1377 1323 1400
f 1385 1401 1386
f 1317 1402 1315
f 1338 1358 1360
f 1373 1374 1403
f 1385 1387 1404
f 1405 1406 1407
f 1408 1317 1409
f 1317 1394 1409
f 1389 1352 1410
f 1350 1356 1411
f 1352 1354 1410
f 1354 1357 1412
f 1413 1387 1414
f 1338 1360 1415
f 1373 1403 1339
f 1416 1417 1418
f 1414 1387 1386
f 1418 1417 1419
f 1420 1421 1422
f 1415 1360 1423
f 1390 1389 1424
f 1360 1390 1424
f 1388 1315 1402
f 1339 1403 1425
f 1356 1355 1411
f 1386 1401 1426
f 1377 1400 1378
f 1354 1412 1427
f 1376 1378 1428
f 1410 1354 1427
f 1429 1430 1431
f 1432 1433 1434
f 1427 1412 1435
f 1412 1357 1435
f 1396 1395 1436
f 1395 1437 1436
f 1438 1439 1440
f 1388 1402 1441
f 1350 1411 1442
f 1411 1355 1442
f 1389 1410 1427
f 1386 1426 1443
f 1444 1416 1418
f 1424 1389 1437
f 1426 1401 1445
f 1443 1426 1446
f 1418 1419 1447
f 1402 1317 1448
f 1444 1418 1449
f 1450 1382 1451
f 1435 1357 1452
f 1317 1408 1453
f 1448 1317 1453
f 1454 1455 1456
f 1457 1458 1459
f 1442 1355 1451
f 1355 1450 1451
f 1389 1427 1437
f 1425 1403 1460
f 1434 1433 1461
f 1394 1396 1409
f 1462 1463 1464
f 1465 1466 1467
f 1468 1427 1469
f 1427 1435 1469
f 1441 1402 1470
f 1382 1471 1451
f 1448 1453 1470
f 1402 1448 1470
f 1428 1378 1472
f 1473 1474 1475
f 1365 1434 1461
f 1469 1435 1476
f 1435 1452 1476
f 1437 1427 1477
f 1436 1437 1478
f 1427 1468 1477
f 1479 1480 1481
f 1323 1339 1482
f 1382 1365 1483
f 1437 1477 1484
f 1470 1485 1441
f 1453 1408 1409
f 1362 1350 1486
f 1441 1485 1487
f 1483 1365 1461
f 1446 1426 1445
f 1488 1489 1490
f 1468 1469 1477
f 1491 1428 1472
f 1492 1493 1494
f 1433 1495 1461
f 1470 1453 1496
f 1453 1409 1496
f 1478 1437 1497
f 1437 1484 1497
f 1498 1444 1449
f 1478 1497 1499
f 1446 1445 1500
f 1323 1482 1501
f 1469 1476 1502
f 1446 1503 1504
f 1505 1506 1507
f 1502 1476 1508
f 1506 1509 1507
f 1510 1511 1512
f 1485 1513 1487
f 1382 1483 1471
f 1497 1484 1499
f 1484 1477 1499
f 1514 1502 1515
f 1477 1469 1516
f 1517 1518 1519
f 1512 1511 1520
f 1396 1436 1521
f 1477 1515 1522
f 1509 1523 1507
f 1496 1409 1524
f 1525 1499 1526
f 1499 1477 1526
f 1446 1500 1527
f 1507 1523 1528
f 1529 1505 1507
f 1525 1526 1530
f 1491 1472 1531
f 1502 1508 1532
f 1515 1502 1532
f 1533 1534 1535
f 1503 1446 1536
f 1537 1538 1539
f 1523 1446 1540
f 1436 1478 1541
f 1528 1523 1540
f 1542 1507 1528
f 1503 1536 1543
f 1504 1503 1543
f 1460 1544 1425
f 1409 1396 1524
f 1527 1500 1545
f 1546 1547 1548
f 1500 1445 1545
f 1436 1541 1549
f 1521 1436 1549
f 1472 1378 1531
f 1486 1350 1550
f 1350 1442 1550
f 1461 1551 1483
f 1501 1482 1552
f 1530 1526 1553
f 1526 1477 1522
f 1478 1499 1541
f 1442 1451 1554
f 1526 1555 1553
f 1536 1446 1527
f 1543 1536 1556
f 1536 1527 1556
f 1549 1541 1557
f 1558 1491 1559
f 1491 1531 1559
f 1545 1560 1561
f 1552 1482 1562
f 1396 1521 1563
f 1362 1486 1564
f 1486 1550 1564
f 1524 1396 1563
f 1515 1532 1565
f 1522 1515 1565
f 1565 1532 1566
f 1323 1567 1400
f 1568 1569 1570
f 1512 1520 1571
f 1499 1525 1541
f 1572 1573 1574
f 1575 1576 1577
f 1562 1482 1578
f 1579 1580 1581
f 1525 1530 1541
f 1530 1553 1541
f 1545 1561 1582
f 1529 1507 1583
f 1584 1585 1586
f 1524 1563 1587
f 1583 1507 1542
f 1362 1564 1588
f 1552 1562 1501
f 1524 1587 1589
f 1590 1591 1592
f 1461 1593 1551
f 1512 1571 1594
f 1425 1544 1595
f 1578 1482 1596
f 1521 1549 1597
f 1549 1557 1597
f 1598 1599 1600
f 1601 1521 1597
f 1589 1587 1597
f 1602 1603 1604
f 1605 1606 1607
f 1542 1528 1540
f 1541 1553 1608
f 1598 1600 1609
f 1600 1610 1609
f 1483 1551 1611
f 1612 1613 1614
f 1446 1504 1540
f 1527 1545 1615
f 1545 1582 1615
f 1616 1617 1618
f 1362 1588 1582
f 1555 1572 1619
f 1553 1555 1619
f 1550 1442 1620
f 1619 1572 1574
f 1556 1527 1615
f 1609 1610 1621
f 1621 1610 1622
f 1597 1557 1623
f 1504 1543 1556
f 1579 1581 1624
f 1622 1610 1540
f 1620 1442 1554
f 1582 1588 1625
f 1588 1564 1625
f 1623 1557 1626
f 1557 1541 1626
f 1582 1625 1627
f 1501 1562 1578
f 1589 1597 1628
f 1629 1630 1631
f 1501 1578 1632
f 1633 1634 1635
f 1564 1550 1636
f 1378 1400 1637
f 1550 1620 1636
f 1483 1611 1471
f 1597 1623 1638
f 1638 1623 1626
f 1628 1597 1639
f 1451 1471 1640
f 1626 1541 1608
f 1641 1540 1642
f 1622 1540 1641
f 1638 1626 1643
f 1595 1544 1644
f 1578 1596 1644
f 1567 1632 1400
f 1551 1645 1611
f 1612 1614 1646
f 1597 1638 1643
f 1639 1597 1643
f 1625 1564 1636
f 1647 1648 1649
f 1582 1627 1615
f 1626 1608 1650
f 1651 1652 1653
f 1608 1553 1654
f 1636 1620 1655
f 1626 1650 1643
f 1656 1641 1657
f 1553 1619 1654
f 1641 1642 1657
f 1471 1611 1318
f 1658 1659 1660
f 1661 1658 1660
f 1619 1574 1662
f 1663 1664 1665
f 1641 1656 1666
f 1622 1641 1666
f 1667 1668 1669
f 1660 1659 1670
f 1608 1654 1671
f 1672 1673 1674
f 1324 1615 1627
f 1675 1676 1677
f 1666 1656 1678
f 1679 1671 1680
f 1681 1682 1683
f 1378 1637 1531
f 1671 1654 1680
f 1451 1640 1554
f 1544 1684 1644
f 1643 1679 1639
f 1666 1678 1685
f 1686 1666 1685
f 1672 1674 1687
f 1639 1679 1688
f 1625 1636 1655
f 1656 1657 1689
f 1657 1642 1689
f 1504 1556 1325
f 1540 1504 1642
f 1679 1680 1688
f 1471 1318 1640
f 1627 1625 1690
f 1691 1692 1693
f 1685 1678 1656
f 1688 1680 1694
f 1695 1696 1697
f 1686 1685 1371
f 1684 1698 1644
f 1696 1699 1697
f 1371 1685 1656
f 1700 1341 1340
f 1578 1644 1701
f 1559 1531 1702
f 1703 1704 1705
f 1698 1706 1644
f 1706 1707 1644
f 1700 1340 1708
f 1611 1709 1318
f 1701 1644 1707
f 1710 1620 1352
f 1711 1712 1713
f 1632 1578 1714
f 1702 1531 1715
f 1716 1717 1718
f 1556 1615 1324
f 1371 1656 1312
f 1400 1632 1714
f 1702 1719 1559
f 1719 1720 1559
f 1554 1640 1352
f 1627 1690 1326
f 1400 1721 1722
f 1637 1400 1722
f 1723 1724 1725
f 1726 1727 1728
f 1531 1729 1715
f 1627 1326 1316
f 1325 1556 1324
f 1730 1731 1732
f 765 290 688
f 1722 1733 1637
f 1531 1637 1734
f 1326 1690 1327
f 1735 1736 1737
f 1738 1739 1740
f 1531 1734 1741
f 1655 1620 1334
f 1324 1627 1315
f 1710 1352 1742
f 1743 1656 1744
f 1656 1504 1744
f 1504 1325 1744
f 1312 1656 1745
f 1656 1743 1745
f 1708 1340 1321
f 1746 1747 1748
f 1620 1710 1335
f 1749 1321 1377
f 1743 1744 1325
f 1745 1743 1325
f 1640 1318 1320
f 1745 1325 1313
f 1745 1313 1312
f 1321 1340 1322
f 1371 1312 1372
f 1316 1326 1317
f 1620 1335 1334
f 1640 1320 1353
f 1352 1640 1353
f 1377 1321 1323
f 1750 1751 1752
f 1753 1754 1755
f 1627 1316 1315
f 1756 1757 1758
f 1756 1758 1759
f 1760 1759 1761
f 1760 1756 1759
f 1762 1761 1763
f 1762 1760 1761
f 1764 1763 1765
f 1764 1762 1763
f 1766 1767 1765
f 1767 1764 1765
f 1768 1769 1766
f 1770 1771 1772
f 1769 1768 1773
f 1774 1775 1776
f 1777 1773 1778
f 1777 1769 1773
f 1777 1778 1779
f 1780 1777 1779
f 1780 1779 1781
f 1780 1781 1782
f 1780 1782 1783
f 1784 1780 1783
f 1784 1783 1785
f 1784 1785 1786
f 1787 1784 1786
f 1787 1786 1788
f 1787 1788 1789
f 1790 1787 1789
f 1790 1789 1791
f 1792 1790 1791
f 1792 1791 1793
f 1794 1792 1793
f 1794 1793 1795
f 1794 1795 1796
f 1794 1796 1797
f 1798 1794 1797
f 1799 1797 1800
f 1799 1800 1801
f 1799 1798 1797
f 1802 1801 1803
f 1802 1799 1801
f 1802 1803 1804
f 1805 1802 1804
f 1805 1804 1806
f 1807 1808 1806
f 1809 1810 1807
f 1811 1812 1813
f 1814 1815 1809
f 1816 1817 1162
f 1818 1819 1814
f 1820 1821 1822
f 1819 1818 1823
f 1815 1810 1809
f 1824 1823 1825
f 1824 1825 1826
f 1824 1819 1823
f 1824 1826 1827
f 1828 1824 1827
f 1828 1827 1829
f 1828 1829 1830
f 1831 1828 1830
f 1831 1830 1832
f 1831 1832 1833
f 1834 1833 1835
f 1834 1831 1833
f 1836 1834 1835
f 1836 1835 1837
f 1838 1839 1837
f 1840 1841 1842
f 1843 1839 1838
f 1843 1838 1844
f 1843 1844 1845
f 1843 1845 1813
f 1846 1843 1813
f 1846 1813 1847
f 1848 1846 1847
f 1848 1847 1849
f 1848 1849 1850
f 1851 1848 1850
f 1851 1850 1852
f 1853 1851 1852
f 1853 1852 1854
f 1853 1854 1855
f 1853 1855 1856
f 1857 1853 1856
f 1857 1856 1858
f 1859 1857 1858
f 1859 1858 1860
f 1861 1859 1860
f 1862 1861 1860
f 1862 1860 1863
f 1862 1863 1864
f 1865 1864 1866
f 1865 1862 1864
f 1867 1865 1866
f 1867 1866 1868
f 1869 1868 1870
f 1869 1870 1871
f 1869 1867 1868
f 1869 1871 1872
f 1873 1872 1874
f 1873 1874 1875
f 1873 1869 1872
f 1876 1875 1877
f 1876 1873 1875
f 1878 1877 1879
f 1878 1879 1880
f 1878 1876 1877
f 1881 1878 1880
f 1882 1883 1884
f 1885 1886 1887
f 1886 1884 1888
f 1884 1883 1888
f 1883 1889 1888
f 1890 1886 1888
f 1887 1890 1891
f 1892 1891 1893
f 1894 995 1895
f 1896 1888 1897
f 1890 1888 1896
f 1893 1890 1896
f 1896 1898 1893
f 1892 1893 1899
f 1898 1896 1900
f 759 1901 1902
f 1785 1783 1903
f 1892 1899 1904
f 1905 1904 1906
f 1907 1908 1569
f 1909 1898 1910
f 1911 1912 1864
f 1899 1898 1909
f 1906 1899 1909
f 1909 1913 1906
f 1905 1906 1914
f 1910 1915 1913
f 1909 1910 1913
f 1916 1917 1797
f 1918 1905 862
f 1905 1914 862
f 1919 1913 1920
f 1921 1922 1923
f 1914 1913 1919
f 862 1914 1919
f 1918 862 864
f 1924 864 863
f 1176 1178 1925
f 1926 1919 1927
f 1928 1929 1930
f 862 1919 1926
f 863 862 1926
f 863 1926 1931
f 1924 863 1931
f 1927 1932 1933
f 1926 1927 1933
f 1931 1926 1933
f 1924 1931 1817
f 1934 1935 1936
f 1937 1933 1938
f 1939 1880 1940
f 1937 1941 1933
f 1912 1570 1866
f 1817 1941 1162
f 1163 1162 1942
f 1943 1944 1945
f 853 1937 854
f 857 1946 1947
f 853 1942 1937
f 1163 1942 1948
f 1942 853 1948
f 1949 853 855
f 1950 1712 1951
f 1948 853 1949
f 1952 1953 1948
f 1954 1955 1956
f 1952 1957 1953
f 855 1958 1949
f 1948 1949 1952
f 1959 1917 1916
f 1952 1960 1957
f 1961 1962 1963
f 1960 1958 1964
f 1957 1960 1964
f 1958 1965 1964
f 1966 1967 1957
f 1783 1782 1968
f 1957 1964 1966
f 1969 759 1970
f 1965 1971 1964
f 1972 1973 1974
f 1975 1967 1976
f 1967 1966 1976
f 1976 1977 1975
f 1978 1976 1979
f 1980 1981 1982
f 1971 1983 1979
f 1984 1985 1986
f 1976 1978 1977
f 1977 1978 1987
f 1983 1988 1978
f 657 1989 1990
f 1991 1992 1993
f 1992 1977 1993
f 1994 1987 1995
f 1994 1993 1987
f 1958 1960 1949
f 1996 1997 1998
f 1999 1991 2000
f 1991 1993 2000
f 1995 2001 2002
f 1994 1995 2002
f 2002 2000 1994
f 2003 2004 2005
f 1999 2000 2006
f 2007 2006 2008
f 2009 2010 2011
f 2001 2012 2013
f 2002 2001 2013
f 2000 2002 2013
f 2008 2000 2013
f 2014 2015 2007
f 2007 2008 2014
f 2013 2016 2008
f 2012 2017 2016
f 2013 2012 2016
f 2014 2016 2015
f 2017 2018 2019
f 2016 2017 2019
f 2015 2016 2019
f 2020 2021 2022
f 2021 2015 2022
f 2018 2023 2024
f 2019 2018 2024
f 2015 2019 2024
f 2022 2015 2024
f 2020 2022 2025
f 2026 233 2025
f 2027 2028 2029
f 2023 2030 2031
f 2024 2023 2031
f 2022 2024 2031
f 2026 2022 2031
f 2032 2033 2034
f 2026 2031 233
f 2030 2035 234
f 2031 2030 234
f 233 2031 234
f 2036 2037 232
f 2037 233 232
f 2038 234 2039
f 2040 2041 2042
f 2038 232 234
f 2043 2044 2045
f 2046 2036 2047
f 2047 2048 2046
f 2036 232 2047
f 2049 2038 2050
f 2051 2052 1288
f 2049 2047 2038
f 2053 2054 2055
f 1868 1866 1570
f 2049 2056 2047
f 2050 2057 2056
f 2049 2050 2056
f 2058 2048 2059
f 2060 2059 2061
f 2062 2063 2064
f 2061 2048 2065
f 2057 2066 2065
f 2056 2057 2065
f 2048 2056 2065
f 2065 2067 2061
f 2060 2061 2068
f 2065 2066 2067
f 2069 2070 2071
f 2066 2072 2067
f 2060 2068 2073
f 2074 2073 2075
f 2048 2061 2059
f 2075 2068 2076
f 2068 2067 2076
f 2067 2072 2076
f 2072 2077 2076
f 2074 2075 2078
f 2034 2074 2078
f 2076 2079 2075
f 2077 2080 2079
f 2076 2077 2079
f 2081 2082 2083
f 2034 2078 2084
f 2079 2085 2078
f 2084 2032 2034
f 2080 2086 2085
f 2079 2080 2085
f 2087 2083 2082
f 2088 2089 2090
f 2085 2091 2084
f 2032 2092 2033
f 2086 2093 2091
f 2094 219 218
f 2085 2086 2091
f 2028 1287 2095
f 2091 2096 2032
f 2097 2098 2092
f 2093 2099 2096
f 2100 2101 2102
f 2091 2093 2096
f 2103 2097 2104
f 2096 2105 2092
f 2097 2092 2104
f 2105 2096 2106
f 2107 2108 2109
f 2092 2098 2033
f 2103 2104 2110
f 2105 2111 2104
f 2106 2112 2111
f 2105 2106 2111
f 2113 2114 2115
f 1757 839 841
f 840 2116 841
f 839 2103 840
f 2117 2118 1004
f 2103 2110 840
f 2112 2119 2116
f 2111 2112 2116
f 2119 2120 2116
f 2116 840 2111
f 1986 1985 2121
f 2120 2119 2122
f 1604 1939 1940
f 2123 2124 2125
f 2126 1939 1604
f 1604 1940 2100
f 2100 2127 2101
f 1940 2127 2100
f 2128 2129 2130
f 2100 1602 1604
f 2126 1604 1603
f 2131 833 2132
f 1602 2100 2102
f 2133 2134 2135
f 2126 1603 2136
f 2137 2126 2136
f 1603 1602 2136
f 2102 2138 1602
f 1947 797 857
f 2139 2140 2141
f 1962 2137 1963
f 2137 2136 1963
f 2136 2142 1963
f 2143 2142 2144
f 2145 2146 1731
f 2147 1961 1963
f 1804 1803 2148
f 1963 2143 2147
f 2144 2149 2143
f 2150 2151 2152
f 2153 2154 2005
f 1961 2147 2155
f 1896 1897 1900
f 2147 2156 501
f 502 2156 2157
f 2158 2159 2160
f 2161 2162 2163
f 2155 501 500
f 2164 2155 500
f 849 500 502
f 2157 848 502
f 244 1907 2165
f 2166 2167 2168
f 2169 2164 2170
f 2170 2171 2169
f 2164 500 2170
f 848 866 849
f 865 2170 849
f 2172 821 2173
f 2174 2175 2176
f 2177 2178 2179
f 2170 865 2171
f 2171 2180 2181
f 2115 865 867
f 1568 2182 2183
f 2171 865 2115
f 2171 2115 2180
f 2184 2087 2185
f 867 2113 2115
f 2180 2115 2114
f 2047 232 2038
f 2186 2180 2187
f 2188 2186 2187
f 885 2187 2114
f 885 2114 2189
f 2190 2191 2192
f 1811 2193 2194
f 2188 2187 2195
f 2196 2195 2055
f 2197 2198 2199
f 2189 883 885
f 884 2055 885
f 2200 1956 2131
f 2201 2202 2203
f 884 2053 2055
f 2196 2055 2054
f 2204 2196 2054
f 884 883 2053
f 883 2205 2053
f 2206 2207 2208
f 2204 2054 2209
f 2053 2210 2054
f 2211 2204 2209
f 2053 2205 2210
f 2205 2212 2210
f 2213 2130 2214
f 2211 2209 2215
f 2210 2216 2209
f 2217 2218 2219
f 2216 2210 2220
f 2096 2092 2032
f 2221 1998 2215
f 1930 2222 1972
f 2221 1996 1998
f 2220 2223 2224
f 2216 2220 2224
f 2215 2216 2224
f 2221 2215 2224
f 2221 2224 1996
f 2225 2226 2227
f 1996 2224 2228
f 2223 2229 2228
f 2224 2223 2228
f 1997 1996 2230
f 2231 1997 2230
f 2230 834 2231
f 2229 2232 2233
f 2233 2230 2228
f 2228 2229 2233
f 1769 1767 1766
f 2230 2233 834
f 2234 2235 1923
f 835 2233 2236
f 2187 2055 2195
f 834 2233 835
f 2237 834 833
f 2238 2237 833
f 2236 2239 835
f 2132 833 835
f 2240 2241 2242
f 2243 858 2244
f 2238 833 2131
f 2245 2238 2131
f 2131 1956 2245
f 2246 2132 2247
f 2248 2249 2250
f 2246 2131 2132
f 2251 2252 2253
f 2246 2200 2131
f 1810 1808 1807
f 2200 2246 2254
f 2255 2256 2257
f 2258 1954 1956
f 842 850 852
f 2258 1956 2259
f 1956 2200 2259
f 2254 2260 2259
f 2200 2254 2259
f 2261 2262 2258
f 2197 2263 2264
f 2259 2260 2265
f 2258 2259 2265
f 2261 2258 2265
f 2260 2266 2265
f 2267 2268 2261
f 2175 2269 2270
f 2271 2268 2267
f 2267 2261 2272
f 2265 2266 2272
f 2261 2265 2272
f 2271 2267 2273
f 2272 2274 2267
f 2266 2275 2272
f 2000 1993 1994
f 2271 2273 2276
f 2277 2271 2276
f 1885 2277 2276
f 2273 2274 2278
f 2274 2275 2278
f 2275 1882 2278
f 2276 2273 2278
f 1885 2276 1886
f 2278 1884 2276
f 2278 1882 1884
f 2138 2142 1602
f 2279 2280 2281
f 2279 2281 2282
f 2283 2284 2252
f 2279 2282 2285
f 2286 2287 2288
f 2279 2285 2289
f 2286 2288 2290
f 2283 2291 2292
f 2283 2293 2284
f 2286 458 460
f 2283 2292 2293
f 459 2294 460
f 2295 2296 2297
f 2295 2298 2292
f 2295 2299 2298
f 2279 2300 2301
f 2295 2297 2299
f 2302 2303 2304
f 2305 2306 2307
f 2305 2307 2308
f 459 2309 2294
f 2305 2308 2297
f 2305 2310 2306
f 2311 2312 2313
f 2311 2313 2122
f 2311 2314 2312
f 2315 2316 2307
f 2315 2317 2318
f 2315 2318 2316
f 2315 2319 2317
f 2315 2307 2306
f 2122 2320 2311
f 2321 2314 2311
f 2321 2251 2314
f 2322 2291 2283
f 2323 2324 2325
f 2322 2326 2291
f 2322 2283 2252
f 2322 2252 2251
f 2323 2327 2328
f 2322 2251 2326
f 2329 2295 2292
f 2323 2328 2330
f 2329 2292 2291
f 2323 2330 2324
f 2329 2296 2295
f 2329 2331 2296
f 2332 2279 2289
f 2333 2305 2297
f 2332 2289 2334
f 2333 2310 2305
f 2332 2334 2335
f 2336 2337 2338
f 2333 2297 2296
f 2333 2339 2310
f 2340 2319 2315
f 2340 2315 2306
f 2340 2306 2310
f 2341 2342 2343
f 2340 2344 2319
f 2341 2343 2345
f 2320 2321 2311
f 2346 2279 2332
f 2321 2326 2251
f 2346 2347 2300
f 2348 2329 2291
f 2346 2300 2279
f 2348 2291 2326
f 2341 2349 2286
f 2348 2331 2329
f 2348 2326 1079
f 2350 2351 2352
f 2341 2286 2290
f 2348 1079 2331
f 2341 2290 2342
f 2353 2333 2296
f 458 2349 2354
f 2353 2339 2333
f 2353 2296 2331
f 458 2286 2349
f 2353 2355 2339
f 2055 2187 885
f 2356 2340 2310
f 2356 2344 2340
f 2356 2310 2339
f 2356 2357 2344
f 2358 1079 2359
f 2358 2359 2355
f 2358 2353 2331
f 2360 2269 2361
f 2358 2355 2353
f 2360 2361 2362
f 2358 2331 1079
f 2360 2362 2327
f 2363 2364 2357
f 2360 2327 2323
f 2363 2356 2339
f 2363 2357 2356
f 2365 2335 2366
f 2363 2339 2355
f 2365 2366 2367
f 2368 2355 2359
f 2365 2367 2369
f 2368 2370 2364
f 2368 2363 2355
f 2368 2364 2363
f 2371 2370 2368
f 2371 2368 2359
f 2371 2372 2373
f 2373 2370 2371
f 2365 2332 2335
f 2374 2332 2365
f 2375 2376 2370
f 2375 2377 2378
f 2375 2378 2376
f 2373 2379 2375
f 2380 2381 2382
f 2375 2370 2373
f 2380 2382 2337
f 2374 2346 2332
f 2383 2384 2385
f 2386 2385 2387
f 2388 2387 2389
f 2385 2390 2387
f 2385 2391 2390
f 2392 2393 2347
f 2380 2337 2336
f 2385 2384 2391
f 2394 2359 1079
f 2395 2345 2396
f 2321 2397 2326
f 2398 1308 1307
f 2326 1080 1079
f 2395 2396 2399
f 2400 2372 2394
f 2395 2401 2341
f 2394 2371 2359
f 2402 2403 2270
f 2402 2270 2269
f 2395 2341 2345
f 2402 2269 2360
f 2404 2369 2405
f 2404 2405 2406
f 2404 2365 2369
f 2407 2374 2365
f 2408 2409 2410
f 2408 2410 2411
f 2408 2411 2381
f 2408 2381 2380
f 2412 2399 2250
f 2412 2250 2413
f 2412 2395 2399
f 2414 2415 2401
f 2416 2417 2393
f 2414 2418 2415
f 2414 2395 2412
f 2414 2401 2395
f 2419 2420 2421
f 2419 2403 2402
f 2419 2422 2420
f 2419 2421 2423
f 2419 2423 2424
f 2419 2424 2403
f 2425 2426 2427
f 2253 2406 2428
f 2253 2428 2429
f 2425 2427 2409
f 2425 2409 2408
f 2430 2413 2431
f 2430 2431 2432
f 2430 2432 2433
f 2253 2404 2406
f 2284 2404 2253
f 2365 2404 2407
f 2430 2412 2413
f 2434 2435 2436
f 2437 2412 2430
f 2437 2414 2412
f 2438 2439 2440
f 2441 2442 2443
f 2441 2443 2426
f 2441 2426 2425
f 2316 2318 2417
f 2444 2433 2445
f 2444 2445 2446
f 2314 2429 2447
f 2314 2447 2312
f 2314 2253 2429
f 2314 2251 2253
f 2252 2284 2253
f 2444 2430 2433
f 2448 2437 2430
f 2449 1224 2450
f 2449 2450 2451
f 2449 2451 2442
f 2449 2440 2452
f 2449 2452 1225
f 2449 2442 2441
f 2453 2446 2454
f 2317 2455 2456
f 2453 2454 2457
f 2317 2458 2459
f 2317 2459 2460
f 2453 2444 2446
f 2317 2460 2455
f 2317 2456 2461
f 2317 2461 2318
f 2462 2448 2430
f 2462 2430 2444
f 2462 2444 2453
f 1800 1797 1917
f 2319 2458 2317
f 2319 2463 2464
f 2319 2464 2458
f 2465 2466 2467
f 2468 2453 2457
f 2468 2457 2469
f 2468 2469 2470
f 2468 2470 2471
f 2472 2462 2453
f 2472 2453 2468
f 2344 2473 836
f 2344 836 2474
f 2344 2474 2463
f 2344 2463 2319
f 2357 2475 2476
f 2357 2476 2477
f 2357 2477 2473
f 2357 2473 2344
f 2478 1010 1009
f 2478 2479 2480
f 2478 2480 1010
f 2478 1009 2466
f 2364 2481 2482
f 2364 2482 2483
f 2484 2471 2485
f 2364 2483 2475
f 2484 2485 2486
f 2364 2475 2357
f 2484 2468 2471
f 2370 2376 2481
f 2370 2481 2364
f 2487 2135 2488
f 2487 2489 2490
f 2487 2490 2135
f 2487 2488 2491
f 2492 2487 2491
f 2493 2472 2468
f 2492 2491 2494
f 2492 2495 2487
f 2496 2494 2491
f 2496 2497 2494
f 2496 2491 2498
f 2499 2500 2497
f 2499 2497 2496
f 2499 2496 2498
f 2499 2498 2501
f 2502 2503 2391
f 2502 2494 2497
f 2502 2391 2494
f 2504 2505 2500
f 2504 2499 2501
f 2504 2501 2309
f 2504 2500 2499
f 2506 2497 2500
f 2506 2507 2503
f 2506 2502 2497
f 2506 2503 2502
f 2508 2509 2390
f 2508 2391 2503
f 2508 2390 2391
f 2510 2511 2512
f 2389 2387 2336
f 2510 2512 2479
f 2513 2514 2505
f 2513 2505 2504
f 2513 2504 2309
f 2510 2479 2478
f 2513 2309 459
f 2515 2516 2507
f 2517 2486 2518
f 2515 2500 2505
f 2517 2518 2519
f 2515 2507 2506
f 2517 2519 2520
f 2515 2506 2500
f 2521 2503 2507
f 2521 2509 2508
f 2521 2522 2509
f 2521 2508 2503
f 2523 2380 2336
f 2523 2387 2390
f 2517 2484 2486
f 2523 2336 2387
f 2523 2390 2509
f 2389 2336 2338
f 2524 2468 2484
f 2389 2338 2525
f 2524 2484 2517
f 2389 2525 1950
f 2389 1950 2526
f 2526 2388 2389
f 2524 2493 2468
f 2527 2354 2528
f 2527 459 458
f 2527 2513 459
f 2527 2514 2513
f 2527 458 2354
f 2529 2505 2514
f 2529 2516 2515
f 2529 2515 2505
f 2529 2530 2516
f 2531 2507 2516
f 2531 2521 2507
f 2531 2522 2521
f 2531 2532 2522
f 2533 2509 2522
f 2533 2380 2523
f 2533 2408 2380
f 2533 2523 2509
f 2534 2527 2528
f 2534 2514 2527
f 2421 2420 2535
f 2536 2531 2516
f 2536 2537 2532
f 2536 2516 2530
f 2536 2532 2531
f 2534 2529 2514
f 2538 2421 2535
f 2534 2530 2529
f 2539 2425 2408
f 2539 2522 2532
f 2538 2535 2540
f 2541 2542 2543
f 2539 2408 2533
f 2541 2543 2511
f 2539 2533 2522
f 2541 2511 2510
f 2544 2538 2540
f 2545 2528 2439
f 2541 2546 2542
f 2547 2520 2548
f 2545 2534 2528
f 2547 2548 2549
f 2544 2540 2550
f 2545 2530 2534
f 2551 1223 1225
f 2547 2517 2520
f 2545 2537 2536
f 2545 2536 2530
f 2552 2532 2537
f 2455 2544 2550
f 2552 2441 2425
f 2552 2425 2539
f 1223 2551 2553
f 2552 2539 2532
f 2455 2550 2456
f 2554 2418 2414
f 2555 2517 2547
f 2554 2414 2437
f 2545 2439 2438
f 2555 2524 2517
f 1011 1223 2553
f 2556 2418 2554
f 1011 2553 2557
f 1011 2557 1009
f 2556 2558 2418
f 2556 2554 2559
f 2560 2449 2441
f 2560 2440 2449
f 2560 2552 2537
f 2560 2545 2438
f 2560 2438 2440
f 2560 2537 2545
f 2560 2441 2552
f 2561 2554 2437
f 2561 2562 2559
f 2561 2437 2448
f 2561 2559 2554
f 2563 2558 2556
f 2563 2556 2559
f 2564 2558 2563
f 2564 2563 2565
f 2564 2467 2558
f 2566 2546 2541
f 2567 2562 2561
f 2567 2568 2562
f 2567 2448 2462
f 2566 2569 2570
f 2567 2561 2448
f 2566 2570 2571
f 2572 2563 2559
f 2566 2571 2546
f 2572 2565 2563
f 2573 2549 2574
f 2572 2575 2565
f 2573 2574 2576
f 2572 2559 2562
f 2573 2547 2549
f 2564 2465 2467
f 2577 2578 2568
f 2579 2555 2547
f 2577 2567 2462
f 2577 2568 2567
f 2577 2462 2472
f 2580 2581 2575
f 2580 2572 2562
f 2580 2575 2572
f 2580 2562 2568
f 2582 2564 2565
f 2582 2583 2564
f 2582 2565 2575
f 2582 2584 2583
f 2585 2466 2465
f 2585 2465 2564
f 2585 2478 2466
f 2585 2564 2583
f 2585 2510 2478
f 2586 2587 2578
f 2586 2577 2472
f 2586 2578 2577
f 2586 2472 2493
f 2588 2568 2578
f 2588 2580 2568
f 2588 2589 2581
f 2588 2581 2580
f 2590 2575 2581
f 2590 2582 2575
f 2590 2584 2582
f 2590 2591 2584
f 2592 2585 2583
f 2592 2510 2585
f 2592 2541 2510
f 2592 2583 2584
f 2593 2493 2524
f 2593 2594 2587
f 2593 2586 2493
f 2595 2569 2566
f 2593 2587 2586
f 2596 2588 2578
f 2596 2578 2587
f 2596 2597 2589
f 2596 2589 2588
f 2595 2201 2598
f 2595 2598 2599
f 2600 2591 2590
f 2595 2599 2569
f 2600 2590 2581
f 2600 2601 2591
f 2257 2576 2602
f 2600 2581 2589
f 2257 2602 2603
f 2604 2566 2541
f 2257 2603 2605
f 2604 2592 2584
f 2604 2541 2592
f 2604 2584 2591
f 2606 2524 2555
f 2606 2593 2524
f 2606 2607 2594
f 2257 2573 2576
f 2606 2594 2593
f 2608 2587 2594
f 2609 2573 2257
f 2608 2610 2597
f 2609 2579 2547
f 2608 2596 2587
f 2608 2597 2596
f 2611 2589 2597
f 2611 2600 2589
f 2609 2547 2573
f 2611 2601 2600
f 2611 2612 2601
f 2613 2591 2601
f 2613 2604 2591
f 2613 2566 2604
f 2613 2595 2566
f 2614 2615 2607
f 2614 2555 2579
f 2614 2607 2606
f 2614 2606 2555
f 2616 2617 2610
f 2616 2594 2607
f 2616 2608 2594
f 2616 2610 2608
f 2618 2619 2612
f 2618 2597 2610
f 2618 2612 2611
f 2618 2611 2597
f 2620 2613 2601
f 2620 2595 2613
f 2620 2601 2612
f 2620 2621 2595
f 2622 2623 2615
f 2622 2579 2609
f 2622 2614 2579
f 2622 2615 2614
f 2624 2607 2615
f 2624 2625 2617
f 2624 2616 2607
f 2624 2617 2616
f 2626 2619 2618
f 2626 2610 2617
f 2626 2627 2619
f 2626 2618 2610
f 2621 2628 2629
f 2630 2612 2619
f 2621 2629 2201
f 2630 2631 2621
f 2630 2620 2612
f 2621 2201 2595
f 2630 2621 2620
f 2632 2633 2623
f 2634 2257 2605
f 2632 2623 2622
f 2634 2605 882
f 2488 2135 2635
f 2634 882 881
f 2488 2635 2636
f 2632 2622 2609
f 2632 2609 2256
f 2637 2624 2615
f 2637 2615 2623
f 2637 2638 2625
f 2639 2488 2636
f 2637 2625 2624
f 2634 2255 2257
f 2640 2627 2626
f 2256 2609 2257
f 2640 2641 2627
f 2640 2617 2625
f 2640 2626 2617
f 2642 2631 2630
f 2642 2619 2627
f 2642 2630 2619
f 2639 2636 2643
f 2639 2643 245
f 2642 2644 2631
f 2645 2632 2256
f 2645 2646 2633
f 2645 2256 2255
f 2645 2633 2632
f 2647 2637 2623
f 2647 2638 2637
f 2647 2623 2633
f 2647 2648 2638
f 2649 2640 2625
f 2649 2641 2640
f 2649 2650 2641
f 2649 2625 2638
f 2651 2642 2627
f 2651 2644 2642
f 2651 2325 2644
f 2651 2627 2641
f 2652 2639 245
f 2653 2255 2654
f 2652 245 2165
f 2653 2654 2655
f 2652 2165 2656
f 2657 2645 2255
f 2657 2646 2645
f 2488 2639 2491
f 2657 2255 2653
f 2658 2648 2647
f 2658 2633 2646
f 2631 2628 2621
f 2658 2647 2633
f 2658 2659 2648
f 2660 2649 2638
f 2652 2501 2639
f 2660 2650 2649
f 2660 2638 2648
f 2660 2661 2650
f 2631 2662 2663
f 2631 2663 2628
f 2657 2653 2655
f 2664 2634 881
f 2664 881 2665
f 2657 2655 2351
f 2664 2665 2666
f 2667 2325 2651
f 2667 2651 2641
f 2667 2323 2325
f 2667 2641 2650
f 2668 2646 2657
f 2668 2658 2646
f 2668 2659 2658
f 2668 2657 2351
f 2669 2660 2648
f 2669 2661 2660
f 2669 2648 2659
f 2670 2198 2264
f 2294 2652 2656
f 2669 2671 2661
f 2294 2656 2183
f 2672 2323 2667
f 2294 2183 2673
f 2672 2667 2650
f 2294 2673 2192
f 2672 2650 2661
f 2672 2360 2323
f 2674 2668 2351
f 2674 2659 2668
f 2127 2489 2101
f 2674 2351 2350
f 2294 2309 2652
f 2675 2659 2674
f 2675 2674 2350
f 2675 2350 2352
f 2675 2669 2659
f 2675 2671 2669
f 2676 2402 2360
f 2676 2672 2661
f 2676 2360 2672
f 2676 2661 2671
f 2677 2346 2374
f 2644 2662 2631
f 2677 2347 2346
f 2675 2352 2678
f 2644 820 2679
f 2644 2679 2662
f 2680 2677 2374
f 2281 2681 2664
f 2281 2664 2666
f 460 2294 2192
f 2281 2666 1840
f 2281 1840 2682
f 2683 2392 2347
f 2281 2682 2282
f 460 2192 2684
f 2683 2677 2680
f 460 2684 2287
f 2683 2347 2677
f 2683 2680 2685
f 2686 2422 2419
f 2281 2280 2301
f 2687 2688 2689
f 2281 2301 2681
f 2686 2402 2676
f 2654 2255 2634
f 2686 2352 2422
f 2654 2634 2664
f 2686 2671 2675
f 2654 2664 2681
f 2686 2419 2402
f 2686 2675 2678
f 2654 2681 2655
f 2264 2690 2691
f 2686 2676 2671
f 2683 2393 2392
f 2692 2298 2685
f 2692 2680 2374
f 2692 2685 2680
f 2692 2374 2407
f 2693 2416 2393
f 2693 2393 2683
f 2693 2683 2685
f 2307 2417 2416
f 2307 2416 2693
f 2307 2693 2308
f 2293 2692 2407
f 2293 2298 2692
f 2293 2407 2284
f 2293 2292 2298
f 2299 2685 2298
f 2299 2297 2308
f 2299 2308 2693
f 2299 2693 2685
f 2325 820 2644
f 2325 2324 2173
f 2325 2173 821
f 2325 821 820
f 2307 2316 2417
f 2286 460 2287
f 846 2694 2695
f 2474 836 838
f 2696 2697 838
f 2696 2698 2697
f 2699 844 846
f 2696 2700 2701
f 2702 2381 2411
f 2696 2701 2698
f 2702 2703 2381
f 2704 2473 2477
f 2704 837 2473
f 2705 846 2703
f 2694 846 2706
f 2707 2708 1188
f 2709 2700 2696
f 2710 2711 2712
f 2709 2696 838
f 2118 2702 2411
f 2709 838 837
f 2709 2713 2700
f 1772 2705 2703
f 2714 2704 2477
f 1772 1771 2705
f 2715 2481 2376
f 2716 2709 837
f 1772 2703 2702
f 2714 2717 2704
f 1772 2702 2118
f 2716 2718 2709
f 2716 837 2704
f 2719 2720 2721
f 2411 2410 2118
f 1953 1163 1948
f 2722 2477 2476
f 2117 1772 2118
f 2117 1770 1772
f 2722 2714 2477
f 2723 2724 2725
f 2243 2244 2726
f 2717 2727 2716
f 1731 2146 1875
f 1005 2410 2409
f 1005 1004 2410
f 2728 2722 2475
f 1003 1770 2117
f 2729 2570 2569
f 1003 2117 1004
f 1003 2730 1770
f 2731 2732 2717
f 2733 2734 2735
f 2736 2542 2546
f 2737 1005 2409
f 2731 2717 2714
f 2731 2714 2722
f 2737 2409 2427
f 2738 2475 2483
f 2738 2728 2475
f 2739 1003 1005
f 2740 880 2741
f 2739 2730 1003
f 2739 2742 2730
f 2743 2744 2731
f 2743 2731 2722
f 2745 2746 2747
f 908 873 872
f 2743 2722 2728
f 2748 2483 2482
f 2748 2738 2483
f 2749 2739 2737
f 2749 2737 2154
f 2749 2750 2739
f 2720 989 2721
f 2751 2744 2743
f 2728 2738 2743
f 2751 2752 2744
f 2427 2426 2154
f 2132 2239 2247
f 2005 2426 2443
f 2501 2498 2639
f 2715 2748 2481
f 2153 2753 2749
f 2754 2755 2756
f 2153 2749 2154
f 2757 218 2758
f 2759 2005 2443
f 2760 2752 2751
f 2760 2751 2738
f 2760 2761 2752
f 2760 2738 2748
f 2004 2762 2153
f 2004 2153 2005
f 1913 1914 1906
f 2763 2715 2376
f 1967 2764 1957
f 831 2765 2766
f 2759 2003 2005
f 2767 2759 2443
f 2768 2769 2760
f 2770 2771 2124
f 2767 2443 2442
f 2768 2760 2748
f 2003 2762 2004
f 2768 2748 2715
f 2772 2095 2773
f 2763 2376 2378
f 2003 2774 2762
f 2775 2768 2763
f 2775 988 2768
f 2776 2442 2451
f 2776 2767 2442
f 2777 2778 2779
f 846 2705 2706
f 2780 2774 2003
f 2780 2003 2759
f 2780 2759 2767
f 2781 2378 2377
f 2780 2782 2774
f 2781 2763 2378
f 2721 2775 2763
f 2451 2450 2776
f 988 2775 989
f 2748 2482 2481
f 996 995 1894
f 2767 2776 2780
f 2309 2501 2652
f 2783 2519 2518
f 2763 2781 2721
f 2784 2785 2218
f 2786 2782 2780
f 2721 2781 2787
f 2786 2788 2782
f 2721 2787 2789
f 2789 2719 2721
f 2450 1224 2790
f 2067 2068 2061
f 2776 2790 2786
f 2791 2792 2786
f 2233 2232 2236
f 2793 2794 1223
f 2795 2796 2129
f 2797 2790 2794
f 2797 2791 2790
f 2797 2798 2791
f 2799 2770 2800
f 1223 1011 2793
f 2801 2802 2803
f 2799 2804 2797
f 2799 2797 2794
f 2799 2794 2793
f 1983 1978 1979
f 2124 2771 1011
f 2124 1011 1010
f 2804 2799 2800
f 2770 2793 2771
f 1898 1900 1910
f 2770 2799 2793
f 2125 1010 2480
f 2125 2124 1010
f 2123 2805 2800
f 2123 2770 2124
f 2123 2800 2770
f 2806 2807 2808
f 2809 2125 2480
f 2809 2480 2479
f 2810 2811 2805
f 2810 2123 2125
f 2810 2805 2123
f 1913 1915 1920
f 2809 2812 2125
f 2813 2809 2479
f 2811 2810 2814
f 1964 1979 1966
f 2812 2809 2813
f 2815 2813 2512
f 2816 2817 2818
f 2814 2812 2819
f 2820 2812 2813
f 1969 2821 2822
f 2823 2815 2512
f 2823 2511 2543
f 2823 2512 2511
f 2819 2820 2824
f 2825 2826 2827
f 2813 2815 2820
f 2828 2829 2830
f 2831 2543 2542
f 2831 2823 2543
f 2832 2820 2815
f 2832 2833 2824
f 2832 2815 2823
f 2831 2834 2823
f 2832 2824 2820
f 2736 2831 2542
f 2834 2835 2833
f 2834 2833 2832
f 2836 2837 2806
f 2736 2838 2831
f 2839 2736 2546
f 2011 2840 2841
f 2838 2842 2835
f 2838 2835 2834
f 2843 2546 2571
f 2843 2839 2546
f 2844 2845 2842
f 2844 2736 2839
f 2844 2838 2736
f 2844 2842 2838
f 2729 2571 2570
f 2729 2843 2571
f 2846 2847 2845
f 2846 2845 2844
f 2846 2839 2843
f 2846 2844 2839
f 2848 2729 2569
f 2847 2846 2849
f 1822 1821 2850
f 2851 2843 2729
f 2851 2846 2843
f 2852 2848 2569
f 2852 2569 2599
f 2853 2849 2851
f 2853 2729 2848
f 2853 2854 2849
f 2853 2851 2729
f 2203 2852 2599
f 2203 2599 2598
f 2855 2853 2852
f 2367 2856 2857
f 2855 2854 2853
f 2855 2858 2854
f 2598 2201 2203
f 877 2859 2860
f 2861 2855 2203
f 2861 2862 2858
f 2863 1842 2864
f 2861 2858 2855
f 2201 2629 2202
f 2085 2084 2078
f 2865 2862 2861
f 2865 2203 2202
f 2865 2866 2862
f 2865 2861 2203
f 2867 2868 2629
f 2867 2629 2628
f 2869 2870 2865
f 2871 2872 2873
f 2869 2202 2868
f 2869 2865 2202
f 2874 2867 2628
f 2875 2869 2867
f 2870 2869 2876
f 2015 2021 2007
f 2877 2878 2879
f 2880 2874 2628
f 2880 2628 2663
f 2876 2875 2881
f 2727 2718 2716
f 2867 2874 2875
f 2105 2104 2092
f 2882 2880 2662
f 2883 2884 2159
f 2881 2885 2886
f 2887 2885 2880
f 2710 2888 2889
f 345 2172 2890
f 2891 2662 2679
f 2891 2882 2662
f 2892 2893 2894
f 2895 2896 2886
f 2895 2886 2887
f 2895 2880 2882
f 2895 2887 2880
f 2897 2891 2679
f 2898 2899 2896
f 2898 2896 2895
f 2898 2895 2891
f 2900 2901 2902
f 2898 2891 2897
f 819 2679 820
f 819 2897 2679
f 2903 2904 2899
f 2903 2899 2898
f 2903 2898 2897
f 2172 819 821
f 2796 2905 1854
f 2906 2907 2904
f 2906 2904 2903
f 2906 2903 819
f 2890 2172 2173
f 2870 2866 2865
f 2907 2906 2908
f 2048 2058 2046
f 345 2906 2172
f 2248 2214 1812
f 2909 2890 2324
f 1839 1836 1837
f 2908 345 347
f 2910 2747 2911
f 346 345 2890
f 2912 2538 2544
f 2913 2324 2330
f 2913 2909 2324
f 347 346 2914
f 2915 2916 2917
f 2918 2890 2909
f 2918 346 2890
f 996 2913 2328
f 2919 2920 1791
f 1894 2921 2914
f 1894 2914 2918
f 1894 2918 2913
f 2703 2382 2381
f 997 2328 2327
f 997 996 2328
f 2913 996 1894
f 2921 1894 1895
f 2922 2923 2924
f 907 2327 2362
f 907 997 2327
f 908 995 997
f 908 2925 1895
f 908 1895 995
f 2244 858 843
f 2926 2362 2361
f 2926 907 2362
f 997 907 908
f 2892 2894 555
f 2925 908 872
f 2175 2926 2269
f 2927 2928 2929
f 907 2926 873
f 2930 871 873
f 2753 2750 2749
f 2931 2932 2933
f 2176 2175 2270
f 2174 2934 2930
f 2926 2175 2930
f 2935 2822 2460
f 1775 1774 2936
f 2937 2270 2403
f 2937 2176 2270
f 2938 2174 2176
f 2938 2934 2174
f 2938 2939 2934
f 2754 2454 2446
f 2063 2403 2424
f 2063 2937 2403
f 2940 2176 2937
f 2940 2938 2176
f 2940 2941 2939
f 2940 2939 2938
f 2064 2424 2423
f 2064 2063 2424
f 2062 2942 2941
f 2062 2941 2940
f 2062 2940 2063
f 2198 2670 2943
f 2944 2421 2538
f 2944 2064 2421
f 2262 1954 2258
f 2945 2062 2064
f 2945 2946 2942
f 2945 2942 2062
f 2382 2703 845
f 2912 2944 2538
f 2912 2947 2944
f 2948 2064 2944
f 2946 2945 2949
f 2156 502 501
f 2948 2945 2064
f 2923 2912 2544
f 1602 2142 2136
f 2949 2948 2950
f 2810 2812 2814
f 2090 2951 1951
f 2460 2822 2455
f 2924 2544 2455
f 2924 2923 2544
f 2922 2952 2950
f 2922 2950 2947
f 2922 2912 2923
f 2922 2947 2912
f 2459 2935 2460
f 2953 2954 1903
f 2955 2956 2952
f 2955 2952 2922
f 2955 2922 2924
f 2732 2727 2717
f 2955 2924 2822
f 2957 2958 2959
f 2960 2905 2961
f 2526 1950 1951
f 2935 1969 2822
f 2821 2962 2956
f 2821 2956 2955
f 1950 2525 1712
f 2821 2955 2822
f 1713 2525 2338
f 1901 2459 2458
f 1901 2935 2459
f 1711 2963 1951
f 1711 2088 2963
f 1969 2964 2962
f 1711 1951 1712
f 1711 2965 2088
f 1969 2962 2821
f 2765 831 2966
f 2967 1713 2338
f 1902 2458 2464
f 1902 1901 2458
f 2968 1711 1713
f 2968 1713 2967
f 759 2935 1901
f 2968 2965 1711
f 2968 2969 2965
f 2964 1969 1970
f 2970 554 2971
f 2972 1903 1968
f 759 1969 2935
f 844 2967 2338
f 2697 2464 2463
f 844 2338 2337
f 2697 1902 2464
f 2699 2969 2968
f 2699 2968 2967
f 760 759 1902
f 2699 2973 2969
f 1970 759 761
f 2431 2194 2974
f 2975 2976 2977
f 838 2463 2474
f 2574 2978 2979
f 838 2697 2463
f 2699 2967 844
f 2699 2695 2973
f 2698 2701 761
f 2337 2382 845
f 2698 761 760
f 2698 760 1902
f 2698 1902 2697
f 1758 1757 841
f 2926 2930 873
f 846 2695 2699
f 2980 2981 2982
f 2980 2982 2983
f 2984 2719 2985
f 2983 2986 2980
f 2987 2980 2986
f 2720 2984 2988
f 2720 2719 2984
f 2986 2989 2987
f 542 186 737
f 2989 2990 2991
f 989 2720 2988
f 989 2988 990
f 2992 988 990
f 988 2992 2993
f 2994 2769 2993
f 453 449 424
f 1172 2761 2994
f 2995 2996 1188
f 1187 2995 1188
f 510 640 546
f 2997 2998 2999
f 2752 1172 1174
f 2761 1172 2752
f 2744 1174 3000
f 2744 2752 1174
f 2732 2744 3000
f 2727 3000 3001
f 2727 2732 3000
f 2718 2727 3001
f 2713 3001 3002
f 2713 2718 3001
f 2700 2713 3002
f 2701 3002 3003
f 2701 2700 3002
f 761 3003 3004
f 761 2701 3003
f 1970 761 3004
f 2964 3004 3005
f 2964 1970 3004
f 2962 3005 3006
f 2962 2964 3005
f 2956 3006 3007
f 2956 2962 3006
f 2952 2956 3007
f 2950 3007 3008
f 2950 2952 3007
f 2949 2950 3008
f 2946 2949 3008
f 2946 3008 3009
f 2942 2946 3009
f 2942 3009 3010
f 2941 2942 3010
f 2939 2941 3010
f 2939 3010 3011
f 2934 2939 3011
f 871 3011 3012
f 871 2934 3011
f 872 3012 3013
f 872 871 3012
f 2925 3013 3014
f 2925 872 3013
f 1895 2925 3014
f 2921 3014 3015
f 2921 1895 3014
f 2914 2921 3015
f 347 3015 3016
f 347 2914 3015
f 2908 347 3016
f 2907 3016 3017
f 2907 2908 3016
f 2904 3017 3018
f 2904 2907 3017
f 2899 2904 3018
f 2896 3018 3019
f 2896 2899 3018
f 2886 2896 3019
f 2881 3019 3020
f 2881 2886 3019
f 2876 3020 3021
f 2876 2881 3020
f 2870 2876 3021
f 2866 3021 3022
f 2866 2870 3021
f 2862 3022 3023
f 2862 2866 3022
f 2858 3023 3024
f 2858 2862 3023
f 2854 2858 3024
f 2854 3024 3025
f 2849 2854 3025
f 2847 2849 3025
f 2847 3025 3026
f 2845 2847 3026
f 2842 2845 3026
f 2842 3026 3027
f 2835 2842 3027
f 2833 2835 3027
f 2833 3027 3028
f 2824 2833 3028
f 2824 3028 3029
f 2819 2824 3029
f 2819 3029 3030
f 2814 2819 3030
f 2814 3030 3031
f 2811 2814 3031
f 2805 2811 3031
f 2805 3031 3032
f 2800 2805 3032
f 2800 3032 3033
f 2804 2800 3033
f 2804 3033 3034
f 2798 2804 3034
f 2792 3034 3035
f 2792 2798 3034
f 2788 2792 3035
f 2782 3035 3036
f 2782 2788 3035
f 2774 2782 3036
f 2762 3036 3037
f 2762 2774 3036
f 2753 2762 3037
f 2750 3037 3038
f 2750 2753 3037
f 2742 2750 3038
f 2730 3038 3039
f 2730 2742 3038
f 1770 3039 3040
f 1770 2730 3039
f 1771 1770 3040
f 2706 1771 3040
f 2706 3040 3041
f 2694 2706 3041
f 2694 3041 3042
f 2695 2694 3042
f 2695 3042 3043
f 2973 2695 3043
f 2969 2973 3043
f 2969 3043 3044
f 2965 2969 3044
f 2965 3044 3045
f 2088 2965 3045
f 3046 3047 3048
f 3049 3050 3051
f 3046 3048 3052
f 3053 3054 3055
f 3049 3051 3056
f 3053 3055 3057
f 3058 3059 3060
f 3061 3058 3060
f 3062 3063 3064
f 3061 3060 3065
f 3066 3061 3065
f 3067 3062 3068
f 3062 3064 3068
f 3069 3070 3071
f 3072 3069 3071
f 3073 3067 3074
f 3075 3073 3074
f 3067 3068 3074
f 3076 3077 3078
f 3075 3074 3079
f 3080 3076 3081
f 3076 3078 3081
f 3082 3080 3083
f 3080 3081 3083
f 3084 3082 3085
f 3082 3083 3085
f 3086 3084 3087
f 3084 3085 3087
f 3088 3086 3089
f 3086 3087 3089
f 3090 3088 3091
f 3088 3089 3091
f 3090 3091 3092
f 3093 3090 3092
f 3093 3092 3094
f 3095 3096 3097
f 3098 3095 3097
f 3099 3098 3097
f 3099 3097 3059
f 3058 3099 3059
f 579 1133 1205
f 826 825 3100
f 3101 3102 3103
f 3104 3105 3106
f 3107 3108 3109
f 3110 3111 3112
f 3113 3114 3115
f 2769 988 2993
f 213 3116 214
f 3117 3118 3119
f 3120 3121 3122
f 3123 3124 3125
f 3123 3126 3124
f 3127 490 3128
f 3127 491 490
f 3129 3130 3131
f 3132 3129 3131
f 3133 3132 3134
f 3132 3131 3134
f 3135 3136 3137
f 3138 3139 3140
f 3141 3142 3143
f 3144 3142 3141
f 3145 3139 3138
f 3146 3145 3147
f 3145 3138 3147
f 3148 3149 3150
f 3151 3144 3152
f 3149 3146 3150
f 3144 3141 3152
f 3146 3147 3150
f 3148 3150 3153
f 3154 3151 3155
f 3151 3152 3155
f 3156 3148 3157
f 3148 3153 3157
f 3158 3154 3155
f 3159 3156 3130
f 3156 3157 3130
f 3159 3130 3129
f 3160 3158 3161
f 3162 3163 3164
f 3158 3155 3161
f 3165 3160 3166
f 3160 3161 3166
f 3165 3166 647
f 3165 647 649
f 3167 3168 3169
f 3170 649 648
f 3170 648 3171
f 3172 3170 3171
f 3172 3171 3173
f 3174 3175 3173
f 3175 3172 3173
f 3174 3173 3176
f 3136 3174 3176
f 3136 3176 3137
f 3177 3178 3179
f 3180 3181 3182
f 3183 3184 3185
f 3186 3187 3188
f 3189 3190 3191
f 3186 3188 3192
f 3180 3193 3181
f 3194 3195 3196
f 3197 3198 3199
f 3200 3184 3183
f 3201 3202 3203
f 3204 3205 3206
f 3207 3208 3190
f 3207 3190 3189
f 3209 3210 3211
f 3212 3213 3214
f 3215 3216 3217
f 3218 3219 3220
f 3221 3222 3223
f 3224 3210 3209
f 3225 3226 3227
f 3228 3229 3230
f 3228 3230 3231
f 3232 3219 3218
f 3233 3234 3235
f 3236 3237 3238
f 3239 3240 3241
f 3239 3242 3240
f 3243 3226 3225
f 3244 3245 3246
f 3247 3248 3249
f 3250 3251 3252
f 3253 3254 3255
f 3256 3228 3231
f 3253 3257 3254
f 3258 3259 3260
f 3261 3262 3263
f 3264 3265 3266
f 3267 3268 3269
f 3270 3271 3272
f 3273 3274 3275
f 3276 3277 3278
f 3279 3280 3281
f 3279 3282 3280
f 3276 3283 3277
f 3284 3251 3250
f 3284 3250 3285
f 3286 3287 3288
f 3289 3290 3291
f 3292 3269 3293
f 3292 3267 3269
f 3294 3295 3296
f 3297 3284 3285
f 3294 3298 3295
f 3299 3300 3301
f 3302 3303 3304
f 3305 3306 3307
f 608 662 589
f 3308 3309 3310
f 3311 3312 3313
f 3314 3315 3316
f 3317 3315 3314
f 3318 3319 3320
f 3321 3322 3323
f 3324 247 249
f 3325 3326 3327
f 3325 3328 3326
f 3329 3327 3330
f 3329 3325 3327
f 3331 3330 3332
f 3331 3329 3330
f 3333 3332 3334
f 3333 3331 3332
f 3335 3334 3336
f 3335 3333 3334
f 3337 3335 3336
f 3338 3339 3340
f 3341 3338 3340
f 3342 3343 3344
f 3345 3344 3346
f 3345 3342 3344
f 3345 3346 3347
f 3348 3347 3349
f 3348 3345 3347
f 3350 3348 3349
f 3351 3352 3353
f 3350 3349 3353
f 2765 2161 3354
f 3355 3351 3356
f 3355 3352 3351
f 3357 3355 3356
f 3358 3356 3359
f 3358 3357 3356
f 3360 3361 3362
f 3363 3362 3364
f 3363 3360 3362
f 3365 3363 3364
f 3366 3364 3178
f 3366 3365 3364
f 3177 3366 3178
f 3367 3368 3369
f 3370 3177 3179
f 3139 3135 3140
f 3370 3179 3371
f 3372 3371 3373
f 3372 3370 3371
f 3374 3375 3376
f 3374 3377 3375
f 3374 3376 3378
f 3379 3374 3378
f 3380 3378 3381
f 3380 3379 3378
f 3382 3381 3383
f 3382 3380 3381
f 3384 3383 3385
f 3384 3382 3383
f 3386 3385 3387
f 3386 3384 3385
f 3388 3387 3389
f 3388 3386 3387
f 3390 3391 3392
f 3393 3394 3395
f 3390 3392 3396
f 3397 3398 3399
f 2447 2107 1986
f 3400 3401 3402
f 3403 3404 3405
f 3406 3407 3408
f 3409 3410 3411
f 3412 3409 3411
f 3413 3412 3414
f 3412 3411 3414
f 3415 3413 3416
f 3413 3414 3416
f 3415 3416 3417
f 3418 3415 3419
f 3415 3417 3419
f 3420 3418 3421
f 3418 3419 3421
f 3422 3420 3423
f 3420 3421 3423
f 3422 3423 3424
f 3422 3424 3425
f 3426 3422 3425
f 3426 3425 3427
f 3428 3426 3429
f 3426 3427 3429
f 3430 3431 3432
f 3433 3430 3432
f 3434 3435 3436
f 3434 3436 3437
f 3438 3439 3440
f 3438 3441 3439
f 3442 3443 3444
f 3442 3445 3443
f 3446 3447 3448
f 3446 3449 3447
f 3450 3451 3452
f 3453 3450 3452
f 3454 3455 3456
f 3457 3458 3459
f 3458 3460 3459
f 3461 3462 3463
f 3462 3464 3463
f 3465 3466 3467
f 3468 3469 3470
f 3471 3472 3473
f 3468 3470 3474
f 3475 3476 3477
f 3476 3478 3477
f 3479 3480 3481
f 3482 3483 3484
f 3480 3485 3481
f 3486 3487 3488
f 3482 3484 3489
f 3490 3491 3492
f 3486 3488 3493
f 3494 3495 3496
f 3490 3492 3497
f 3494 3496 3498
f 3499 3500 3501
f 2959 3502 3503
f 3500 3499 3503
f 3504 2959 3503
f 1907 1568 2656
f 3505 3504 3506
f 3505 3506 3507
f 2957 3504 3505
f 2958 2957 3508
f 3504 2957 2959
f 1922 2434 3509
f 3510 3511 3512
f 3510 3512 891
f 3513 3514 3510
f 1178 3515 3516
f 3513 891 893
f 3517 891 2959
f 3517 2959 2958
f 3517 892 891
f 892 3517 3518
f 892 3518 3519
f 892 3520 893
f 3521 3513 893
f 1947 3522 889
f 3523 3524 3525
f 657 3525 3526
f 3523 3525 1990
f 3525 657 1990
f 1692 1691 659
f 1692 659 3527
f 406 423 352
f 3528 1691 1693
f 3529 3530 3531
f 2804 2798 2797
f 3532 1990 1989
f 3531 1989 3529
f 3533 3528 3534
f 657 1691 1989
f 3533 1691 3528
f 3535 3536 3529
f 3537 3538 3535
f 1898 1899 1893
f 3539 3540 3541
f 3542 3539 3541
f 3543 3542 3544
f 3542 3541 3544
f 3545 3546 3547
f 3546 3548 3547
f 3549 3550 3551
f 3550 3552 3551
f 3553 3554 3555
f 3554 3556 3555
f 3557 3558 3559
f 3560 3561 3562
f 3563 1178 3516
f 3560 3562 3564
f 3565 3566 3567
f 3566 3568 3567
f 3569 3570 3571
f 3572 3573 3574
f 3570 3575 3571
f 3576 3577 3578
f 3572 3574 3579
f 3580 3581 3582
f 3576 3578 3583
f 3584 3585 3586
f 3580 3582 3587
f 3584 3586 3588
f 3588 3589 3590
f 3588 3590 3584
f 3591 3590 3589
f 3592 3593 3594
f 3591 3589 3595
f 3596 3167 3169
f 3592 3594 3597
f 3598 3599 3600
f 2142 2138 2144
f 3601 3602 3603
f 3604 3605 3606
f 3607 3608 3609
f 3601 3603 3610
f 3607 3609 3611
f 3612 3613 3614
f 3613 3615 3614
f 3616 3617 3618
f 3617 3619 3618
f 3620 3621 3622
f 3361 3623 3362
f 3624 3625 3626
f 3625 3627 3626
f 3628 3629 3630
f 3629 3631 3630
f 3539 3632 3540
f 3632 3633 3540
f 3634 3635 3636
f 3637 3638 3639
f 3634 3636 3640
f 3641 3403 3405
f 3637 3639 3642
f 3643 3471 3473
f 3644 3645 3646
f 3647 3648 3649
f 3650 2929 3651
f 3652 3653 3654
f 3647 3649 3655
f 3652 3654 3656
f 3657 3658 3659
f 3658 3660 3659
f 3661 3662 3663
f 3662 3664 3663
f 3665 3666 3667
f 3666 3668 3667
f 3669 3670 3671
f 3670 3672 3671
f 3673 3674 3675
f 3674 3676 3675
f 3677 3678 3679
f 3678 3680 3679
f 3681 3682 3683
f 3684 3685 3683
f 3685 3681 3683
f 3684 3683 3686
f 3687 3684 3686
f 3687 3686 3688
f 3689 3687 3690
f 3687 3688 3690
f 3691 3692 3693
f 3694 3695 3696
f 3691 3693 3697
f 3698 3699 3700
f 3694 3696 3701
f 3702 3703 3704
f 3698 3700 3705
f 3706 3707 3708
f 3702 3704 3709
f 3681 3710 3711
f 3706 3708 3712
f 3681 3711 3682
f 3713 3446 3448
f 3713 3448 3714
f 3715 3713 3714
f 3716 3714 3717
f 3716 3715 3714
f 3718 3717 3719
f 3718 3716 3717
f 3720 3721 3722
f 3720 3723 3721
f 3724 3722 3725
f 3724 3720 3722
f 3726 3727 3728
f 3726 3729 3727
f 3730 3726 3728
f 3730 3728 3731
f 3732 3731 3733
f 3732 3730 3731
f 3734 3733 3735
f 3734 3732 3733
f 3736 3735 3737
f 3736 3734 3735
f 3738 3736 3737
f 3738 3737 3739
f 3740 3739 3741
f 3740 3738 3739
f 3692 3740 3741
f 3692 3741 3742
f 3692 3742 3693
f 3743 3744 3745
f 3746 3747 3748
f 3743 3745 3749
f 3750 3751 3752
f 3746 3748 3753
f 3754 3755 3756
f 3750 3752 3757
f 3758 3759 3760
f 3754 3756 3761
f 3758 3760 3762
f 3763 3758 3762
f 3764 3763 3765
f 3763 3762 3765
f 3764 3765 3766
f 3764 3766 3767
f 3768 3769 3770
f 3771 3772 3773
f 3774 3771 3775
f 3771 3773 3775
f 3776 3774 3777
f 3774 3775 3777
f 3778 3776 3777
f 3778 3777 3779
f 3780 3781 3782
f 3781 3783 3782
f 3784 3780 3785
f 3780 3782 3785
f 3786 3784 3787
f 3784 3785 3787
f 3786 3787 3788
f 3786 3788 3789
f 3599 3790 3600
f 3791 3789 3788
f 3367 3792 3793
f 3794 3795 3796
f 3797 3367 3793
f 3798 3794 3796
f 3788 3799 3791
f 3800 3801 3802
f 3800 3803 3801
f 3804 3802 3805
f 3804 3800 3802
f 3806 3805 3807
f 3806 3804 3805
f 3806 3807 3808
f 3809 3808 3810
f 3809 3806 3808
f 3809 3810 3811
f 3812 3811 3813
f 3812 3809 3811
f 3814 3813 3815
f 3814 3812 3813
f 3814 3815 3816
f 3817 3816 3818
f 3817 3814 3816
f 3819 3818 3820
f 3819 3817 3818
f 3821 3820 3822
f 3821 3819 3820
f 3823 3822 3824
f 3823 3821 3822
f 3825 3824 3826
f 3825 3823 3824
f 3827 3826 3369
f 3827 3825 3826
f 3792 3367 3369
f 3368 3827 3369
f 3828 3829 3830
f 3801 3803 3831
f 3832 3801 3831
f 3833 3834 3835
f 3135 3137 3140
f 3836 3837 3838
f 3837 3839 3838
f 3840 868 870
f 3841 3842 3843
f 3352 3350 3353
f 2178 3844 3845
f 3841 3843 3846
f 2178 3845 2179
f 3847 2177 2179
f 3848 3849 3850
f 3851 2177 3852
f 2177 3853 3852
f 3854 3851 3852
f 3855 3856 3857
f 3858 3854 3859
f 3860 3858 3859
f 3860 3859 3861
f 3862 3860 3863
f 3864 3865 3866
f 3867 3862 3868
f 3862 3863 3868
f 3869 3867 3868
f 3869 3868 3870
f 3871 3869 3870
f 3872 3873 3874
f 3871 3870 3875
f 3876 3877 3878
f 3872 3874 3879
f 3880 3881 3882
f 3876 3878 3883
f 3880 3882 3884
f 3885 3886 3887
f 3888 3887 3889
f 3888 3885 3887
f 3890 3889 3891
f 3892 3893 3894
f 3890 3888 3889
f 3895 3896 3897
f 3895 3891 3896
f 3895 3890 3891
f 3898 3895 3897
f 3899 3900 3901
f 3899 3894 3900
f 3899 3892 3894
f 3902 3899 3901
f 3903 3901 3904
f 3903 3902 3901
f 3905 3828 3830
f 3829 3904 3830
f 3829 3903 3904
f 3906 3905 3907
f 3906 3828 3905
f 3908 3907 3909
f 3908 3906 3907
f 3908 3909 3910
f 3911 3910 3912
f 3911 3908 3910
f 3913 3911 3912
f 3914 3912 3915
f 3914 3913 3912
f 3916 3914 3915
f 3916 3915 3917
f 3918 3916 3917
f 3918 3919 3920
f 3918 3917 3919
f 3921 3922 3920
f 3922 3918 3920
f 3142 3923 3143
f 3886 3924 3887
f 3886 3921 3924
f 3886 3922 3921
f 3925 3894 3893
f 3926 3927 3928
f 3925 3893 3929
f 3926 3928 3930
f 3931 3855 3857
f 3932 3933 3934
f 3935 3936 3937
f 3932 3934 3938
f 3939 3940 3941
f 3942 3943 3944
f 3940 3945 3941
f 3942 3944 3946
f 3942 3946 3947
f 3948 3942 3947
f 3948 3947 3949
f 3950 3948 3951
f 3948 3949 3951
f 3952 3950 3953
f 3950 3951 3953
f 3954 3952 3955
f 3952 3953 3955
f 3956 3954 3957
f 3954 3955 3957
f 3958 3956 3959
f 3956 3957 3959
f 3960 3958 3961
f 3958 3959 3961
f 3962 3960 3963
f 3964 3962 3963
f 3960 3961 3963
f 3409 3964 3410
f 3964 3963 3410
f 3965 3428 3429
f 3966 3967 3968
f 3965 3429 3969
f 3966 3968 3970
f 3971 3972 3973
f 3972 3974 3973
f 3975 3976 3977
f 3976 3978 3977
f 3979 3980 3981
f 3980 3982 3981
f 3983 3984 3985
f 3984 3986 3985
f 3987 3988 3989
f 3987 3990 3988
f 3987 3991 3990
f 3992 3989 3993
f 3992 3987 3989
f 3994 3993 3995
f 3994 3992 3993
f 3996 3995 3983
f 3996 3994 3995
f 3985 3996 3983
f 3997 3998 3999
f 4000 3999 4001
f 4000 3997 3999
f 4002 4003 4004
f 4002 4001 4003
f 4002 4000 4001
f 4005 4004 4006
f 4005 4002 4004
f 4007 4005 4006
f 4008 4006 4009
f 4008 4007 4006
f 4010 4009 4011
f 4010 4008 4009
f 4012 4011 4013
f 4012 4010 4011
f 4014 4012 4013
f 3162 4013 3163
f 3162 4014 4013
f 4015 3162 3164
f 858 4016 859
f 4015 3164 4017
f 4018 4015 4017
f 4018 4017 4019
f 4020 4021 4022
f 4020 4018 4021
f 3558 4023 3559
f 3991 4020 4022
f 3455 4024 3456
f 4025 3999 3998
f 4026 4027 4028
f 4025 3998 4029
f 4030 4031 4032
f 4026 4028 4033
f 4030 4032 4034
f 4035 4036 3401
f 4037 4035 4038
f 4035 3401 4038
f 4037 4038 4039
f 4040 4037 4039
f 4040 4039 4041
f 4042 4040 4041
f 4043 4042 4044
f 4042 4041 4044
f 4043 4044 4045
f 4046 4043 4045
f 4047 2917 4046
f 4046 4045 4048
f 4048 4047 4046
f 4047 2915 2917
f 3847 3853 2177
f 2878 2877 4049
f 2915 4050 2916
f 4051 3644 3646
f 2372 2371 2394
f 4052 3406 3408
f 3466 4053 3467
f 4054 4055 4056
f 4018 4019 4021
f 4057 4058 4059
f 4054 4056 4060
f 3389 4061 4062
f 3389 4062 3388
f 4063 4064 4065
f 4063 4065 4066
f 4067 4068 4069
f 4067 4070 4068
f 3361 4071 3623
f 3361 4072 4071
f 4073 4074 4075
f 4074 4076 4075
f 4077 4078 4079
f 4078 4080 4079
f 4081 4082 4083
f 4082 4084 4083
f 4085 4086 4087
f 4086 4088 4087
f 4089 4085 4090
f 4085 4087 4090
f 4091 4089 4092
f 4089 4090 4092
f 4091 4092 4093
f 4094 4095 4096
f 4097 4094 4096
f 4098 4097 4099
f 4097 4096 4099
f 3770 4098 4100
f 4098 4099 4100
f 4100 3768 3770
f 4101 4102 4103
f 4050 4104 2916
f 4105 4106 4107
f 3401 4036 3402
f 4108 4109 4110
f 4105 4107 4111
f 4112 4113 4114
f 4108 4110 4115
f 4112 4114 4116
f 4117 3358 3359
f 4117 3359 4118
f 4119 4120 4121
f 4119 4122 4120
f 4123 4124 4125
f 4123 4126 4124
f 4127 3864 3866
f 4128 4129 4130
f 4058 4131 4059
f 4132 4133 4134
f 4128 4130 4135
f 4136 4137 4138
f 4132 4134 4139
f 4140 4141 4142
f 4136 4138 4143
f 3328 4144 4145
f 4140 4142 4146
f 3328 4145 3326
f 4147 4148 4149
f 4150 4147 4149
f 1935 1178 2009
f 4151 4150 4152
f 4150 4149 4152
f 4153 4151 4152
f 4154 4153 4155
f 4153 4152 4155
f 3866 4154 4127
f 4154 4155 4127
f 4156 4157 4158
f 4158 4157 4159
f 531 533 4160
f 4161 4162 4163
f 1057 201 959
f 240 239 4164
f 4165 4166 4167
f 2769 2761 2760
f 4168 4169 4170
f 1931 1941 1817
f 4171 4172 4173
f 4174 3306 3305
f 368 927 900
f 4175 4176 4177
f 388 4178 389
f 909 344 898
f 4179 4180 4181
f 4182 4183 4184
f 4185 4186 4187
f 4188 4189 4190
f 4191 4192 4193
f 4194 4195 4196
f 4197 4198 4199
f 4200 4201 4202
f 4203 4204 4205
f 4206 4207 4208
f 4209 4210 4211
f 4212 4213 4214
f 4215 4201 4200
f 4212 4216 4213
f 4203 4205 4217
f 4218 4219 4220
f 4221 4222 4223
f 4224 4225 4226
f 4224 4226 4227
f 4228 4229 4230
f 4231 4232 4233
f 4234 4224 4227
f 4235 4236 4237
f 4238 4222 4221
f 4239 4229 4228
f 4240 4241 4242
f 4243 4244 4245
f 4246 4247 4248
f 4246 4248 4249
f 4250 4251 4252
f 4253 4241 4240
f 4254 4255 4256
f 4257 4235 4258
f 4257 4236 4235
f 4259 4260 4261
f 4262 4257 4258
f 4263 4264 4265
f 4263 4266 4264
f 4267 4268 4269
f 4270 4271 4272
f 4273 4274 4275
f 4276 4277 4278
f 4225 4257 4262
f 4279 4280 4281
f 4279 4281 4282
f 4283 4284 4285
f 4286 4287 4288
f 4289 4290 4291
f 4292 4274 4273
f 4293 4294 4295
f 4296 4277 4276
f 4297 4195 4194
f 4220 4219 4298
f 4225 4262 4226
f 4299 4300 4301
f 4302 4205 4204
f 4303 4302 4204
f 4304 4305 4306
f 4307 4304 4306
f 4308 4193 4192
f 4309 4310 4311
f 4312 4313 4314
f 4308 4192 4315
f 4311 4316 4317
f 4311 4317 4309
f 4318 4319 4320
f 4321 4322 4323
f 4324 4325 4326
f 4327 4328 4329
f 4330 4313 4312
f 4331 4332 4333
f 4334 4335 4336
f 4337 4338 4339
f 4340 4325 4324
f 4341 4342 4343
f 4344 4345 4346
f 4347 4348 4349
f 4350 4351 4352
f 4353 4338 4337
f 4354 4355 4356
f 4354 4357 4355
f 4358 4359 4360
f 4361 4335 4334
f 4361 4334 4362
f 4363 4361 4362
f 4364 4358 4360
f 4365 4366 4367
f 4368 4369 4370
f 4368 4370 4371
f 4372 4373 4374
f 4372 4375 4373
f 4376 4358 4364
f 4377 4378 4379
f 4329 4380 4381
f 4382 4383 4384
f 4382 4384 4385
f 4386 4302 4303
f 4376 4364 4387
f 4388 4389 4390
f 4391 4386 4303
f 4328 4380 4329
f 4388 4390 4392
f 4316 4387 4317
f 4393 4394 4395
f 4316 4376 4387
f 4396 4397 4398
f 4399 4400 3229
f 4401 4402 4403
f 4404 4405 4406
f 4407 4408 4409
f 4410 4411 4412
f 4413 4414 4415
f 4416 4413 4417
f 4418 4419 4420
f 4421 4422 4423
f 4421 4424 4422
f 4425 4426 4427
f 4428 4429 4430
f 4431 4432 4433
f 4434 4435 4436
f 4437 4419 4418
f 4438 4439 4440
f 4441 4442 4443
f 4444 4426 4425
f 4445 4446 4447
f 4448 4449 4450
f 4451 4431 4433
f 4452 4439 4438
f 4453 4454 4455
f 4456 4457 4458
f 4459 4460 4461
f 4459 4461 4462
f 4463 4464 4465
f 4466 4467 4468
f 4469 4470 4471
f 4472 4473 4474
f 4475 4476 4477
f 4475 4477 4478
f 4479 4457 4456
f 4415 4480 4481
f 4482 4483 4484
f 4485 4470 4469
f 4482 4484 4486
f 4402 4475 4478
f 4402 4478 4487
f 4488 4489 4490
f 4491 4492 4493
f 4401 4475 4402
f 4413 4415 4481
f 4494 4495 4496
f 4413 4481 4417
f 4400 3230 3229
f 4497 4498 4499
f 4500 4501 4502
f 4503 4504 4502
f 4500 4502 4505
f 4506 4507 4508
f 2953 2972 2289
f 4509 4508 4507
f 811 813 4510
f 358 173 359
f 946 948 4511
f 4512 4513 4514
f 4515 4512 4514
f 4516 4515 4514
f 4517 4518 4519
f 4520 4516 4514
f 4519 4508 4509
f 4521 2888 2883
f 4503 4502 4522
f 4519 4509 4523
f 4503 4522 4524
f 4509 4525 4523
f 4523 4525 4526
f 4524 4522 4527
f 4520 4514 4528
f 499 414 140
f 4528 4514 4529
f 1084 981 778
f 4530 4531 4532
f 1888 1889 1897
f 4533 4529 4534
f 4529 4514 4534
f 4535 4533 4534
f 4536 4535 4534
f 4537 4536 4534
f 4538 4537 4534
f 4539 4538 4534
f 4540 4541 4542
f 4543 4544 4545
f 4546 4547 4548
f 4549 4550 4548
f 4550 4546 4548
f 4549 4548 4551
f 3923 4549 3143
f 4549 4551 3143
f 4552 4553 4554
f 4555 4556 4557
f 215 4558 213
f 4552 4554 4559
f 4560 4561 4562
f 4563 4564 4565
f 4560 4566 4561
f 4567 4568 4569
f 4570 4571 4572
f 4573 4574 4575
f 4576 4577 4578
f 4579 4552 4559
f 4580 4581 4582
f 4583 4584 4585
f 4586 4566 4560
f 4587 4581 4580
f 4588 4570 4572
f 4587 4589 4581
f 4590 4589 4587
f 4591 4584 4583
f 4590 4592 4589
f 4593 4566 4586
f 4594 4584 4591
f 4595 4592 4590
f 4593 4596 4566
f 4597 4570 4588
f 4598 4592 4595
f 4579 4559 4599
f 4600 4598 4595
f 4601 4597 4588
f 4600 4602 4598
f 4603 4579 4599
f 4604 4605 4596
f 4604 4596 4593
f 4606 4602 4600
f 4603 4599 4607
f 4608 4602 4606
f 4609 4608 4606
f 4610 4594 4591
f 4611 4607 4612
f 4611 4603 4607
f 4613 4597 4601
f 4614 4615 4605
f 4614 4605 4604
f 4616 4613 4601
f 4617 4608 4609
f 4614 4612 4615
f 4614 4611 4612
f 4618 4608 4617
f 1093 1046 768
f 4619 4618 4617
f 4571 4618 4619
f 4620 4621 4610
f 4620 4610 4591
f 4572 4571 4619
f 4553 4613 4616
f 4553 4616 4554
f 4562 4621 4620
f 4562 4561 4621
f 4622 2045 2044
f 4623 4622 2044
f 3057 4624 3053
f 4625 4626 4627
f 4625 4627 4628
f 4629 4630 3133
f 3134 4629 3133
f 4631 4632 4633
f 4634 4635 4636
f 4637 4634 4636
f 4638 4639 4640
f 4639 4641 4640
f 4642 4643 3105
f 4643 4644 3105
f 4645 4646 4647
f 4648 4649 4650
f 4650 4649 4651
f 4648 4650 4652
f 4653 4648 4652
f 4653 4652 4654
f 4655 4653 4654
f 4651 4649 4656
f 4657 4658 4659
f 4632 4660 4661
f 4633 4632 4661
f 4657 4659 4662
f 4663 4664 4665
f 4666 4663 4665
f 4659 4658 4667
f 4668 4663 4669
f 4663 4666 4669
f 4670 4671 4640
f 4655 4654 4672
f 4671 4638 4640
f 4656 4649 4673
f 4635 4674 4675
f 4636 4635 4675
f 4649 4668 4673
f 4667 4658 4676
f 4657 4662 4677
f 4678 4657 4677
f 4674 4679 4680
f 4668 4669 4681
f 4675 4674 4680
f 4665 4664 4682
f 4655 4672 4683
f 4673 4668 4684
f 4658 4655 4685
f 4655 4683 4685
f 4676 4658 4685
f 4686 4670 4687
f 4670 4640 4687
f 4688 4689 4690
f 4664 4691 4692
f 4682 4664 4692
f 4660 4693 4694
f 4684 4668 4695
f 4696 4693 4697
f 4668 4681 4695
f 4693 4698 4697
f 4699 4688 4700
f 4701 4699 4700
f 4688 4690 4700
f 4680 4679 4702
f 4684 4695 4703
f 4690 4689 4704
f 4689 4645 4704
f 4705 4706 4707
f 4708 4705 4707
f 4683 4709 4710
f 4685 4683 4710
f 4661 4660 4711
f 4660 4694 4711
f 4712 4678 4713
f 4697 4698 4714
f 4698 4715 4714
f 4678 4677 4713
f 4716 4708 4717
f 4692 4691 4718
f 4701 4700 4719
f 4720 4701 4719
f 4721 4720 4719
f 4691 4722 4718
f 4708 4707 4717
f 4645 4647 4723
f 4706 4724 4725
f 4704 4645 4723
f 4707 4706 4725
f 4703 4695 4726
f 4727 4703 4726
f 4661 4711 4728
f 4714 4715 4729
f 4715 4730 4729
f 4730 4731 4729
f 4732 4716 4733
f 4723 4647 4734
f 4710 4709 4735
f 4647 4736 4734
f 4716 4717 4733
f 4737 4721 4738
f 4739 4740 4741
f 4724 4739 4741
f 4742 4712 4713
f 4721 4719 4738
f 4725 4724 4741
f 4743 4744 4745
f 4718 4722 4746
f 4661 4728 4747
f 3106 4748 4749
f 4749 3104 3106
f 4729 4731 4750
f 1240 1220 113
f 4731 4751 4750
f 4751 4752 4750
f 4753 4686 4754
f 4755 4737 4756
f 4757 4755 4756
f 4686 4687 4754
f 4758 4759 4735
f 4737 4738 4756
f 4727 4726 4760
f 4761 4732 4762
f 4763 4761 4762
f 4764 4727 4760
f 4734 4736 4765
f 4732 4733 4762
f 4740 4766 4767
f 4766 4768 4767
f 4741 4740 4767
f 4742 4713 4769
f 4770 4661 4771
f 4661 4747 4771
f 4746 4722 4772
f 4752 4773 4774
f 4722 4775 4772
f 4750 4752 4774
f 4776 4763 4777
f 4778 4776 4777
f 4763 4762 4777
f 4779 4757 4780
f 4757 4756 4780
f 4768 4781 4782
f 4767 4768 4782
f 4765 4736 4783
f 4735 4759 4784
f 4770 4771 4785
f 4764 4760 4786
f 4773 4787 4788
f 4748 4789 4790
f 4774 4773 4788
f 4749 4748 4790
f 4791 4753 4754
f 4792 4779 4793
f 4779 4780 4793
f 4783 4736 4794
f 4742 4769 4795
f 4788 4787 4796
f 4797 4742 4795
f 4794 4736 4798
f 4778 4777 4799
f 4800 4778 4799
f 4801 4800 4799
f 4781 4802 4803
f 4782 4781 4803
f 4794 4798 4804
f 4784 4759 4805
f 4792 4793 4806
f 4793 4807 4806
f 4759 4808 4805
f 4764 4786 4809
f 4810 4788 4796
f 4811 4764 4809
f 4785 4812 4770
f 4770 4812 4813
f 4772 4775 4814
f 4815 4816 4814
f 4775 4815 4814
f 4817 4801 4818
f 4801 4799 4818
f 4806 4807 4819
f 4810 4796 4820
f 4803 4802 4821
f 4805 4808 4822
f 4789 4823 4824
f 4811 4809 4825
f 4790 4789 4824
f 4679 4791 4826
f 4827 4797 4795
f 4791 4754 4826
f 4819 4807 4828
f 4807 4829 4828
f 4808 4830 4831
f 4822 4808 4831
f 4821 4802 4832
f 4811 4825 4833
f 4817 4818 4834
f 4835 4811 4833
f 4804 4798 4836
f 4832 4802 4837
f 4838 4804 4836
f 4814 4816 4839
f 4810 4820 4840
f 4817 4834 4841
f 4842 4810 4840
f 4843 4844 4845
f 4823 4843 4845
f 4831 4830 4846
f 4824 4823 4845
f 4702 4679 4826
f 4835 4833 4847
f 4827 4795 4848
f 4846 4830 4849
f 4828 4829 4850
f 4841 4834 4851
f 4830 4852 4849
f 4832 4837 4853
f 4854 4835 4855
f 4835 4847 4855
f 4770 4813 4856
f 4839 4816 4857
f 4816 4858 4857
f 4813 4859 4856
f 4829 4860 4861
f 4850 4829 4861
f 4842 4840 4862
f 4854 4855 4863
f 4864 4842 4862
f 4861 4860 4865
f 4866 4827 4848
f 4849 4852 4867
f 4852 4868 4867
f 4864 4862 4869
f 4854 4863 4870
f 4871 4872 4873
f 4872 4838 4873
f 4874 4854 4870
f 4838 4836 4873
f 4860 4875 4876
f 4867 4868 4877
f 4865 4860 4876
f 4844 4878 4845
f 4879 4864 4880
f 4868 4881 4882
f 4864 4869 4880
f 4877 4868 4882
f 4874 4870 4883
f 4881 4874 4883
f 4876 4875 4884
f 4702 4826 4885
f 4882 4881 4886
f 4881 4883 4886
f 4879 4880 4887
f 4858 4888 4857
f 4889 4890 4885
f 4890 4702 4885
f 4859 4891 4892
f 4856 4859 4892
f 4875 4893 4894
f 4866 4848 4895
f 4884 4875 4894
f 4896 4866 4895
f 4879 4887 4897
f 4898 4879 4897
f 4857 4888 4899
f 4894 4893 4900
f 4888 4901 4899
f 4898 4897 4902
f 4896 4895 4903
f 4904 4898 4902
f 4893 4905 4900
f 4905 4906 4907
f 4901 4908 4899
f 4900 4905 4907
f 4904 4902 4909
f 4910 4904 4909
f 4845 4878 4911
f 4896 4903 4912
f 4906 4871 4913
f 4914 4915 4885
f 4915 4889 4885
f 4916 4896 4912
f 4907 4906 4913
f 4910 4909 4917
f 4892 4891 4917
f 4891 4910 4917
f 4878 4918 4911
f 4916 4912 4919
f 4913 4871 4920
f 4914 4885 4921
f 4871 4873 4920
f 4899 4908 4922
f 4923 4914 4921
f 4908 4924 4922
f 4918 4925 4926
f 4927 4892 4928
f 4892 4917 4928
f 4911 4918 4926
f 4916 4919 4929
f 4920 4873 4930
f 4923 4921 4931
f 4932 4916 4929
f 4930 4873 4933
f 4925 4934 4926
f 4927 4928 4935
f 4924 4936 4937
f 4922 4924 4937
f 4938 4923 4939
f 4930 4933 4940
f 4923 4931 4939
f 4934 4941 4942
f 4932 4929 4943
f 4927 4935 4944
f 4926 4934 4942
f 4944 4935 4945
f 4946 4938 4939
f 4940 4933 4947
f 4941 4948 4949
f 4942 4941 4949
f 4947 4933 4950
f 4936 4951 4952
f 4953 4946 4954
f 4937 4936 4952
f 4946 4939 4954
f 4948 4955 4949
f 4947 4950 4956
f 4944 4945 4957
f 4958 4953 4954
f 4945 4959 4957
f 4956 4950 4960
f 4955 4961 4962
f 4949 4955 4962
f 4963 4958 4964
f 4958 4954 4964
f 4956 4960 4965
f 4851 4966 4962
f 4961 4841 4962
f 4841 4851 4962
f 4959 4967 4957
f 4965 4960 4968
f 4969 4853 4970
f 4963 4964 4970
f 4853 4837 4970
f 4837 4963 4970
f 4962 4966 4971
f 4966 4972 4971
f 4973 4974 4970
f 4974 4969 4970
f 4965 4968 4975
f 4932 4943 4976
f 4977 4978 4979
f 4967 4980 4981
f 4982 4983 4976
f 4983 4932 4976
f 4971 4972 4979
f 4957 4967 4981
f 4972 4977 4979
f 4984 4983 4982
f 4978 4973 4979
f 4973 4970 4979
f 4975 4968 4985
f 4952 4951 4986
f 4984 4982 4987
f 4975 4985 4988
f 4980 4989 4990
f 4943 4991 4992
f 4981 4980 4990
f 4976 4943 4992
f 4991 4993 4992
f 4984 4987 4994
f 4995 4984 4994
f 4990 4989 4996
f 4988 4985 4997
f 4995 4994 4998
f 4989 4999 4996
f 4951 5000 5001
f 4986 4951 5001
f 4995 4998 5002
f 5003 4988 4997
f 4993 5004 5005
f 4992 4993 5005
f 4995 5002 5006
f 5004 5007 5005
f 5007 5008 5005
f 5008 5009 5010
f 5005 5008 5010
f 5006 5002 5011
f 5012 5013 5014
f 5015 5016 5017
f 5000 5018 5019
f 4999 5015 5017
f 4996 4999 5017
f 5001 5000 5019
f 5020 5003 5021
f 5003 4997 5021
f 5009 5022 5023
f 5012 5014 5024
f 5010 5009 5023
f 5017 5016 5025
f 5016 5026 5025
f 5020 5021 5027
f 5025 5026 5028
f 5026 5029 5028
f 5030 5020 5031
f 5020 5027 5031
f 5023 5022 5032
f 5024 1058 5012
f 5028 5029 1059
f 5012 1058 1060
f 5029 1060 1059
f 5018 5033 5034
f 5019 5018 5034
f 5035 5023 5036
f 5023 5032 5036
f 5030 5031 5037
f 5038 5035 5039
f 5035 5036 5039
f 5034 5033 5040
f 5033 5041 5040
f 5038 5039 5042
f 5038 5042 5043
f 5011 5044 5045
f 5045 5044 5046
f 5011 5045 5047
f 5046 5044 5048
f 5006 5011 5047
f 5038 5043 5049
f 5050 5006 5051
f 5052 5030 5037
f 5006 5047 5051
f 5044 5053 5048
f 5038 5049 5054
f 5050 5051 5055
f 5038 5054 5056
f 5057 5038 5056
f 5048 5053 5058
f 5053 5059 5058
f 5057 5056 5060
f 5058 5059 5061
f 5062 5052 5063
f 5057 5060 5064
f 5052 5037 5063
f 5059 5057 5064
f 5061 5059 5064
f 5040 5041 5065
f 5041 5066 5065
f 5050 5055 5067
f 5068 5069 5070
f 5071 5068 5070
f 5072 5071 5070
f 5050 5067 5073
f 5074 5050 5073
f 5070 5069 5075
f 5076 5077 5075
f 5069 5076 5075
f 5078 5072 5070
f 5065 5066 5079
f 5074 5073 5080
f 5078 5070 5081
f 5082 5078 5081
f 5083 5082 5081
f 5066 5084 5079
f 5074 5080 5085
f 5083 5081 5086
f 5087 5083 5086
f 5088 5087 5086
f 5085 5080 5089
f 5085 5089 5090
f 5079 5084 5091
f 5075 5077 5092
f 5077 5093 5092
f 5094 5062 4641
f 5062 5063 4641
f 5090 5089 5095
f 5093 5096 5097
f 5092 5093 5097
f 5091 5084 5098
f 5084 5099 5098
f 5088 5086 5100
f 5090 5095 5101
f 5102 5088 5100
f 5103 5102 5100
f 5104 5103 5100
f 5097 5096 5105
f 5098 5099 5106
f 5090 5101 4633
f 5107 5104 5100
f 5107 5100 5108
f 4639 5094 4641
f 4633 5101 4631
f 5108 5100 4634
f 5096 4638 4671
f 5105 5096 4671
f 5106 5099 5109
f 5109 5099 4647
f 5108 4634 4637
f 5109 4647 4646
f 5110 5111 5112
f 5110 5113 5111
f 5114 5115 5116
f 5114 5117 5115
f 5118 5119 5120
f 5121 5122 5123
f 5124 228 230
f 143 37 415
f 5125 228 5124
f 3104 4642 3105
f 5126 5127 5128
f 1116 5129 5130
f 1116 1115 5129
f 5131 5132 5133
f 5131 5133 5134
f 5135 5136 5137
f 5136 5138 5137
f 3063 5139 3064
f 5139 5140 3064
f 2088 3045 5141
f 2089 5141 5142
f 2089 2088 5141
f 2784 5142 5143
f 2784 2089 5142
f 2785 5143 5144
f 2785 2784 5143
f 5145 5144 5146
f 5145 2785 5144
f 5147 5145 5146
f 5148 5146 5149
f 5148 5147 5146
f 5150 5149 5151
f 5150 5148 5149
f 5152 5151 5153
f 5152 5150 5151
f 5154 5152 5153
f 5155 5153 5156
f 5155 5154 5153
f 5157 5156 5158
f 5157 5155 5156
f 5159 5157 5158
f 5160 5158 5161
f 5160 5159 5158
f 5162 5160 5161
f 2029 5161 5163
f 2029 5162 5161
f 5164 2029 5163
f 5165 5163 5166
f 5165 5164 5163
f 2777 5165 5166
f 5167 5166 5168
f 5167 2777 5166
f 5169 5168 5170
f 5169 5167 5168
f 2725 5170 5171
f 2725 5169 5170
f 5172 5171 5173
f 5172 2725 5171
f 2872 5172 5173
f 2873 5173 5174
f 2873 2872 5173
f 2733 2873 5174
f 2734 5174 5175
f 2734 2733 5174
f 5176 2734 5175
f 5177 5175 5178
f 5177 5176 5175
f 2828 5177 5178
f 2829 2828 5178
f 2829 5178 5179
f 5180 2829 5179
f 5181 5180 5179
f 5181 5179 5182
f 2943 5181 5182
f 2943 5182 5183
f 2199 2943 5183
f 5184 2199 5183
f 5184 5183 5185
f 5186 5184 5185
f 5186 5185 5187
f 5188 5186 5187
f 5188 5187 5189
f 2889 5188 5189
f 5190 5189 5191
f 5190 2889 5189
f 5192 5190 5191
f 5192 5191 5193
f 5194 5193 5195
f 5194 5192 5193
f 5196 5195 5197
f 5196 5194 5195
f 5198 5196 5197
f 5199 5197 5200
f 5199 5198 5197
f 2168 5199 5200
f 5201 5200 5202
f 5201 2168 5200
f 1776 5201 5202
f 5203 5202 5204
f 5203 1776 5202
f 5205 5203 5204
f 5206 5204 5207
f 5206 5205 5204
f 2902 5207 5208
f 2902 5206 5207
f 5209 2902 5208
f 5210 5208 5211
f 5210 5209 5208
f 5212 5210 5211
f 5213 5212 5211
f 5213 5211 5214
f 5215 5213 5214
f 5216 5215 5214
f 5216 5214 5217
f 5218 5216 5217
f 2163 5218 5217
f 2163 5217 5219
f 3354 2163 5219
f 3354 5219 5220
f 3354 5220 5221
f 5222 3354 5221
f 5222 5221 5223
f 5224 5222 5223
f 5224 5223 5225
f 1921 5224 5225
f 1922 1921 5225
f 1922 5225 5226
f 2434 1922 5226
f 2435 2434 5226
f 2435 5226 5227
f 5228 2435 5227
f 5228 5227 5229
f 5230 5228 5229
f 5231 5230 5229
f 5231 5229 5232
f 5233 5231 5232
f 5233 5232 1189
f 1188 5233 1189
f 2398 1187 1189
f 5234 1263 1265
f 1173 2990 1174
f 1263 5234 5235
f 5236 1263 5235
f 5236 5235 5237
f 1265 1264 1308
f 2989 2991 2987
f 1187 2398 1307
f 519 264 387
f 371 560 370
f 5238 2996 5239
f 2999 5238 5240
f 5240 2997 2999
f 5241 2998 2997
f 5242 2998 5241
f 5242 5241 5243
f 5244 5242 5243
f 2719 5242 5244
f 2719 5244 2985
f 5165 2777 2779
f 5245 1972 1974
f 1287 2051 1288
f 2222 2789 2787
f 2222 2719 2789
f 5245 1930 1972
f 2222 2787 1972
f 2027 5164 5165
f 2222 5242 2719
f 2027 2779 5246
f 1974 5247 5245
f 2027 5246 2051
f 2027 5165 2779
f 1287 2028 2051
f 2095 1287 1289
f 5248 5249 5250
f 1930 5242 2222
f 1930 2998 5242
f 5164 2027 2029
f 5251 5252 5253
f 2927 5254 2928
f 244 5255 1908
f 5256 1928 5247
f 2773 2095 1289
f 5256 5247 5257
f 2773 1289 5258
f 1929 2998 1930
f 5245 1928 1930
f 2718 2713 2709
f 1929 2999 2998
f 2029 2028 5162
f 2772 5160 5162
f 2772 2028 2095
f 5259 5257 5260
f 2745 5258 2746
f 5259 5256 5257
f 2745 2773 5258
f 5261 2999 1929
f 5261 1929 1928
f 5261 5238 2999
f 5262 2772 2773
f 5261 1928 5256
f 2745 5263 2773
f 5262 5160 2772
f 5264 2975 5265
f 5260 2041 5259
f 2776 2786 2780
f 2910 2745 2747
f 2933 5266 5267
f 2707 5261 5259
f 2707 5259 2040
f 2707 5238 5261
f 1730 243 2643
f 2707 2996 5238
f 5263 5160 5262
f 5263 5159 5160
f 1782 1781 5268
f 5264 5269 5270
f 5271 2910 2911
f 2708 2707 2040
f 5272 5263 2745
f 2996 2707 1188
f 5272 5159 5263
f 5272 5157 5159
f 2225 4543 5273
f 5272 5274 5157
f 219 2040 2042
f 5272 2745 2910
f 5275 5271 5276
f 219 2042 5277
f 5278 2691 5279
f 5280 2708 2040
f 5274 5272 2910
f 5280 5233 2708
f 5274 2910 5271
f 2134 2145 2635
f 5280 2040 219
f 5277 217 219
f 5281 5276 5282
f 5281 5275 5276
f 2094 5280 219
f 2094 5233 5280
f 5283 5154 5274
f 5283 5274 5271
f 2094 5231 5233
f 5283 5271 5275
f 2406 2087 2184
f 5281 5284 5275
f 5285 5282 5286
f 2758 217 5287
f 5285 5281 5282
f 2758 218 217
f 2757 5231 2094
f 845 844 2337
f 2757 2094 218
f 5284 5152 5283
f 2757 5230 5231
f 5288 832 2234
f 2068 2075 2073
f 5284 5289 5152
f 5290 2758 5287
f 5270 5286 5291
f 5270 5285 5286
f 5290 5287 5292
f 5293 2757 2758
f 5289 5284 5281
f 2830 5294 5295
f 5293 5230 2757
f 5289 5281 5285
f 5293 5228 5230
f 4049 5290 5292
f 2975 5291 2976
f 2975 5270 5291
f 4049 5292 5296
f 2436 5293 5290
f 5269 5150 5289
f 2436 5228 5293
f 5285 5270 5289
f 5297 2978 2574
f 5269 5148 5150
f 2436 5290 4049
f 2436 2435 5228
f 2975 5264 5270
f 5296 2878 4049
f 5265 2975 2977
f 2120 2122 2313
f 4504 4505 4502
f 3509 2434 2436
f 3509 2436 4049
f 5271 2911 5276
f 5264 5148 5269
f 5298 1820 5299
f 5264 5147 5148
f 2219 5265 5300
f 2234 2877 2879
f 1886 1890 1887
f 5301 2894 5302
f 1923 1922 3509
f 5303 5145 5264
f 4049 2877 3509
f 2162 5304 5218
f 5303 2785 5145
f 5303 5264 5265
f 799 798 5305
f 5306 5300 5307
f 2879 5288 2234
f 5306 2219 5300
f 1819 1815 1814
f 2877 2234 1923
f 5306 2217 2219
f 2235 1921 1923
f 2218 2785 5303
f 5308 5309 5310
f 5265 2219 5303
f 2768 2715 2763
f 2951 5307 5311
f 2951 5306 5307
f 5288 830 832
f 2951 5311 1951
f 2963 2090 1951
f 2217 2784 2218
f 4519 4518 4508
f 5261 5256 5259
f 2766 2235 2234
f 2766 2234 832
f 2766 1921 2235
f 2090 5306 2951
f 2766 5224 1921
f 2090 2089 2784
f 2090 2217 5306
f 2790 2791 2786
f 2090 2784 2217
f 2963 2088 2090
f 2966 831 5312
f 2874 2885 2875
f 832 831 2766
f 2765 5224 2766
f 5233 1188 2708
f 2765 5222 5224
f 5312 1301 2966
f 1934 1178 1935
f 5222 2765 3354
f 2161 2765 2966
f 3535 3529 1989
f 1301 1300 5313
f 2171 2181 2169
f 3354 2161 2163
f 2979 1980 2602
f 2162 2966 5313
f 2162 2161 2966
f 5314 5315 1300
f 5314 1300 1181
f 2163 2162 5218
f 2722 2476 2475
f 5304 5313 5315
f 5304 2162 5313
f 5304 5315 5314
f 5126 1181 1180
f 5126 5314 1181
f 5128 5216 5218
f 5128 5218 5304
f 5128 5304 5314
f 1943 5126 1180
f 1943 1180 1944
f 5127 5215 5216
f 5314 5126 5128
f 5127 5216 5128
f 2091 2032 2084
f 5316 1943 1945
f 2778 5317 5246
f 5318 5213 5215
f 5318 5127 1943
f 5318 5215 5127
f 5319 5320 5321
f 876 5316 5322
f 2822 2924 2455
f 5323 5318 1943
f 5213 5318 5212
f 1011 2771 2793
f 5323 1943 5316
f 5322 874 876
f 2940 2937 2063
f 5212 5323 5210
f 5324 5316 876
f 5324 876 875
f 5324 5323 5316
f 2022 2026 2025
f 5325 874 5326
f 5325 875 874
f 5210 5324 5209
f 2900 5324 875
f 1935 2009 2011
f 2933 5325 5326
f 2933 5326 5266
f 5209 2900 2902
f 2901 2900 875
f 2855 2852 2203
f 2901 875 5325
f 5327 2933 5267
f 2932 5206 2902
f 2932 5325 2933
f 2932 2901 5325
f 5327 2931 2933
f 2932 2902 2901
f 5267 5328 5327
f 2931 5205 5206
f 2931 5206 2932
f 2834 2832 2823
f 5328 5329 2936
f 5152 5154 5283
f 5330 1775 2936
f 1774 5203 5205
f 1774 5327 2936
f 1774 2931 5327
f 1774 5205 2931
f 2818 5329 5331
f 2818 5330 5329
f 5203 1774 1776
f 5332 5333 2231
f 2794 1224 1223
f 5331 2816 2818
f 837 836 2473
f 2166 5201 1776
f 2166 1776 1775
f 2166 5330 2818
f 2166 1775 5330
f 5334 2817 2816
f 5334 2816 5335
f 2167 2166 2818
f 2167 2818 2817
f 5201 2166 2168
f 2028 2027 2051
f 2167 2817 5334
f 5336 5334 5335
f 5336 5335 5337
f 5338 2167 5334
f 5338 2168 2167
f 5338 5199 2168
f 5339 5336 5337
f 5339 5337 5340
f 5341 5338 5334
f 5341 5334 5336
f 5339 5342 5336
f 5341 5199 5338
f 5341 5198 5199
f 5340 5343 5339
f 5127 5126 1943
f 2410 1004 2118
f 5342 5196 5198
f 5342 5198 5341
f 2712 5339 5343
f 2712 5343 5344
f 5196 5342 5194
f 5345 5342 5339
f 2154 2737 2427
f 5346 2712 5344
f 5346 5344 5347
f 2711 5192 5345
f 5348 2160 5349
f 2711 5339 2712
f 2711 5345 5339
f 5346 2710 2712
f 2883 5346 5347
f 2883 5347 2884
f 5192 2711 5190
f 2750 2742 2739
f 5350 2185 1766
f 2158 2883 2159
f 5247 1928 5245
f 5190 2710 2889
f 2888 2710 2883
f 2885 2874 2880
f 2158 4521 2883
f 5348 2158 2160
f 2525 1713 1712
f 4521 5188 2889
f 1919 1920 1927
f 4521 2889 2888
f 5351 5348 5349
f 5352 5188 4521
f 5352 2158 5348
f 5352 4521 2158
f 2263 5349 5353
f 2263 5351 5349
f 5354 5186 5188
f 5354 5188 5352
f 5354 5348 5351
f 5354 5352 5348
f 5354 5351 2263
f 2264 5353 2690
f 2264 2263 5353
f 2197 5184 5186
f 2197 5186 5354
f 2197 5354 2263
f 5278 2264 2691
f 5355 5356 5357
f 5184 2197 2199
f 2128 2213 2396
f 2198 2197 2264
f 2133 2127 1940
f 5278 2670 2264
f 5358 5278 5279
f 2199 2198 2943
f 2170 500 849
f 5359 5279 5360
f 5359 5358 5279
f 2943 2670 5181
f 2239 2132 835
f 5361 5278 5358
f 5361 2670 5278
f 5361 5358 5359
f 5294 5359 5360
f 1620 1554 1352
f 5181 5361 5180
f 5362 2830 5180
f 5362 5361 5359
f 3852 3859 3854
f 5295 5294 5363
f 5249 5364 5365
f 5359 5294 5362
f 1890 1893 1891
f 1812 2214 1847
f 5366 5363 5367
f 5366 5295 5363
f 5368 2830 5295
f 5368 2828 2830
f 5368 5295 5366
f 1942 1941 1937
f 5369 5370 5371
f 2837 5367 5372
f 2837 5366 5367
f 5373 5177 5368
f 2335 5374 5375
f 5373 5176 5177
f 5373 5368 5366
f 2806 5372 2807
f 2806 2837 5372
f 2836 5373 2837
f 877 5376 2859
f 2836 5176 5373
f 5377 2806 2808
f 1870 1868 1569
f 2735 2836 2806
f 2735 2806 5377
f 2735 2734 2836
f 5263 5262 2773
f 5378 2808 5379
f 5378 5377 2808
f 2798 2792 2791
f 5380 5379 5381
f 5380 5378 5379
f 5382 5377 5378
f 5382 2735 5377
f 5382 2733 2735
f 5382 2873 2733
f 5382 2871 2873
f 5383 5381 5252
f 5383 5380 5381
f 2871 5382 5378
f 2871 5378 5380
f 554 5384 2971
f 2871 5380 5383
f 5251 5383 5252
f 1937 1938 854
f 2723 5172 2872
f 2723 2872 2871
f 2723 2871 5383
f 5385 5251 5253
f 5172 2723 2725
f 2724 5169 2725
f 1871 1870 1908
f 2724 5383 5251
f 2724 2723 5383
f 5386 5253 5387
f 5386 5385 5253
f 5388 5169 2724
f 5388 2724 5251
f 5388 5251 5385
f 5317 5387 5389
f 5317 5386 5387
f 5390 5388 5386
f 5390 5386 5317
f 5390 5167 5169
f 5390 5169 5388
f 3766 5391 3767
f 1951 5311 2526
f 5246 5389 5392
f 5246 5317 5389
f 2778 2777 5167
f 2426 2005 2154
f 2778 5167 5390
f 2778 5390 5317
f 2051 5392 2052
f 555 886 556
f 2377 1973 2787
f 2051 5246 5392
f 5393 4183 4182
f 2779 2778 5246
f 2180 2186 2181
f 2216 2215 2209
f 5394 5395 5396
f 5397 5398 2220
f 5399 5400 2039
f 5394 5401 5395
f 5399 5402 5403
f 5404 5405 5406
f 5397 2220 2212
f 5399 5403 5407
f 5404 5408 5409
f 5397 2212 2205
f 5404 5409 5320
f 5399 5410 5400
f 5404 5406 5408
f 5411 5412 5413
f 5411 5414 5406
f 5415 5298 5416
f 5411 5417 5414
f 5411 5413 5417
f 5415 5416 5400
f 5418 5419 5420
f 5397 5421 5398
f 5418 5420 5413
f 5418 5422 5419
f 5423 5424 5425
f 5418 5426 5422
f 5427 5428 2102
f 5427 2102 2101
f 5427 2101 2489
f 5429 5394 5422
f 5429 5401 5394
f 5429 5430 5431
f 5429 5432 5430
f 5429 5431 5401
f 2495 5319 5428
f 2489 2487 5427
f 2495 5428 5427
f 5433 5279 5434
f 5435 5404 5320
f 5435 5320 5319
f 5435 5319 5436
f 5435 5405 5404
f 5435 5436 5405
f 5437 5411 5406
f 5433 5363 5360
f 5437 5406 5405
f 5437 5438 5412
f 5433 5360 5279
f 5437 5412 5411
f 5439 5397 2205
f 5440 5418 5413
f 5439 2205 883
f 5440 5426 5418
f 5439 883 2189
f 5440 5413 5412
f 5441 5257 5247
f 5440 5442 5426
f 5443 5444 5432
f 5443 5432 5429
f 5443 5429 5422
f 5443 5422 5426
f 2495 5436 5319
f 5445 5397 5439
f 2487 2495 5427
f 5445 5421 5397
f 5402 2030 2023
f 5402 2023 2018
f 5446 5437 5405
f 5445 5447 5421
f 5402 2018 2017
f 5446 5438 5437
f 5446 5405 5436
f 5446 5436 2384
f 5402 5399 2030
f 5446 2384 5438
f 5448 5412 5438
f 5154 5155 5274
f 5448 5440 5412
f 5448 5442 5440
f 5448 5449 5442
f 5410 5399 5407
f 5450 5443 5426
f 5450 5444 5443
f 5450 5451 5444
f 5450 5426 5442
f 5452 5453 5449
f 5454 5363 5433
f 5452 5449 5448
f 5452 2384 5453
f 5454 2807 5372
f 5452 5448 5438
f 5454 5372 5367
f 5452 5438 2384
f 5455 5456 5451
f 5454 5367 5363
f 5455 5451 5450
f 5455 5450 5442
f 5356 5439 2189
f 5455 5442 5449
f 5356 2189 2113
f 5457 5449 5453
f 5356 2113 867
f 5457 5455 5449
f 5356 867 866
f 5457 5456 5455
f 5457 5458 5456
f 2386 5458 5457
f 2386 5457 5453
f 2388 5458 2386
f 2386 2387 2388
f 5459 5445 5439
f 2388 5300 5458
f 2388 2526 5311
f 2388 5311 5307
f 2388 5307 5300
f 2492 2494 5436
f 5460 2042 2041
f 2400 1081 5461
f 5460 2041 5260
f 2400 5461 2372
f 5459 5439 5356
f 5460 5260 5257
f 2400 1079 1081
f 2394 1079 2400
f 5460 5257 5441
f 2384 2494 2391
f 2373 2372 2379
f 2495 2492 5436
f 2383 5453 2384
f 5462 5463 5464
f 2383 2386 5453
f 3394 5465 3395
f 5466 2017 2012
f 5436 2494 2384
f 5466 2012 2001
f 2383 2385 2386
f 5466 5467 5402
f 5468 5379 2808
f 5466 5402 2017
f 5468 2808 2807
f 5468 2807 5454
f 5469 5407 5470
f 5357 5356 866
f 5357 866 848
f 5357 848 2157
f 5471 5287 217
f 5471 217 5277
f 5471 5277 2042
f 5471 2042 5460
f 5355 5459 5356
f 5472 2001 1995
f 5472 1995 1988
f 5472 5466 2001
f 5473 5474 5467
f 5473 5467 5466
f 5473 5466 5472
f 5475 5379 5468
f 5475 5476 5252
f 5475 5477 5476
f 5475 5252 5381
f 5475 5381 5379
f 5321 2157 2149
f 5478 2878 5296
f 5321 2149 2144
f 5478 5296 5292
f 5478 5292 5287
f 5321 5357 2157
f 5478 5287 5471
f 5409 5355 5357
f 5479 1988 1983
f 5479 1983 1971
f 5479 1971 1965
f 5323 5324 5210
f 5479 5472 1988
f 5409 5357 5321
f 5480 5472 5479
f 5480 5473 5472
f 5481 5482 5483
f 5484 5485 5486
f 5487 5288 2879
f 5487 2879 2878
f 5487 2878 5478
f 5401 5431 5395
f 5488 1965 1958
f 5428 2144 2138
f 5488 1958 855
f 5428 2138 2102
f 5428 5321 2144
f 5488 5479 1965
f 5428 5319 5321
f 5320 5409 5321
f 5489 5480 5479
f 5490 5491 5482
f 5492 1302 1301
f 5492 1301 5312
f 5492 5312 830
f 5492 830 5288
f 5492 5288 5487
f 5492 5486 1302
f 1224 2449 1225
f 5430 5389 5493
f 3850 855 854
f 3850 854 1938
f 5430 5493 5431
f 5430 1288 2052
f 5430 2052 5392
f 5430 5392 5389
f 1330 3937 1925
f 3850 5488 855
f 5494 5479 5488
f 5494 5489 5479
f 5494 5488 3850
f 5432 1288 5430
f 5495 5496 5491
f 5432 5258 1289
f 5432 1289 1288
f 5497 1938 1932
f 5497 1932 1927
f 5497 1927 1920
f 5497 3850 1938
f 3849 5494 3850
f 5497 3848 3850
f 5444 5258 5432
f 5444 2911 2747
f 5444 2747 2746
f 5444 2746 5258
f 5451 5286 5282
f 5451 5282 5276
f 5451 5276 2911
f 5451 2911 5444
f 5498 1180 1179
f 5498 5322 1945
f 5498 1945 1944
f 5498 1944 1180
f 5456 5286 5451
f 5498 1179 5496
f 5456 2977 2976
f 5456 2976 5291
f 5456 5291 5286
f 5458 2977 5456
f 5499 1920 1915
f 5499 1915 1910
f 5458 5300 2977
f 2320 2122 2119
f 5499 5497 1920
f 2320 2119 2112
f 2320 2112 5500
f 2320 5500 2850
f 5501 2920 2919
f 2397 2320 2850
f 2397 2321 2320
f 2397 2850 1080
f 5502 5503 1080
f 5502 1080 2850
f 5502 2850 1821
f 5504 5505 5503
f 5504 5503 5502
f 5504 5502 1821
f 5504 1821 1820
f 5506 1081 1080
f 5506 1080 5503
f 5506 5507 1081
f 5508 5505 5504
f 5508 5504 1820
f 5508 1820 5298
f 5508 5509 5505
f 5510 5503 5505
f 5510 5506 5503
f 5510 5507 5506
f 5510 5511 5507
f 5512 5461 1081
f 5512 5513 5461
f 5512 1081 5507
f 2379 2372 5441
f 5514 5326 874
f 5514 874 5322
f 5515 5508 5298
f 5515 5509 5508
f 5515 5298 5415
f 5514 5322 5498
f 5515 5516 5509
f 5517 5510 5505
f 5517 5511 5510
f 5517 5518 5511
f 5519 1910 1900
f 5519 1900 1897
f 5517 5505 5509
f 5519 1897 1889
f 5520 5507 5511
f 5520 5513 5512
f 5520 5512 5507
f 5520 5521 5513
f 5522 2372 5461
f 5522 5461 5513
f 5519 5499 1910
f 5522 5441 2372
f 5522 5460 5441
f 2377 2375 2379
f 2379 5247 1974
f 2379 1974 1973
f 2379 1973 2377
f 2379 5441 5247
f 5523 5515 5415
f 5523 5516 5515
f 5523 5410 5407
f 5524 5497 5499
f 5523 5415 5410
f 5524 5499 5519
f 5524 3848 5497
f 5525 5509 5516
f 5525 5518 5517
f 5525 5517 5509
f 5525 5526 5518
f 5527 5520 5511
f 5527 5521 5520
f 5527 5511 5518
f 5527 5528 5521
f 5529 5522 5513
f 5529 5460 5522
f 5529 5471 5460
f 5529 5513 5521
f 5530 5407 5469
f 5530 5516 5523
f 5530 5523 5407
f 5530 5469 5470
f 5531 5532 5528
f 5531 5527 5518
f 5531 5518 5526
f 5531 5528 5527
f 5533 5530 5470
f 5533 5470 5485
f 5533 5516 5530
f 5533 5526 5525
f 5253 5252 5476
f 5533 5525 5516
f 5534 5478 5471
f 5253 5476 5535
f 5534 5529 5521
f 5534 5471 5529
f 5534 5521 5528
f 5536 5328 5267
f 5536 5267 5266
f 5536 5266 5326
f 5387 5253 5535
f 5536 5326 5514
f 5537 1889 1883
f 5387 5535 5538
f 5539 1300 1302
f 5540 5526 5533
f 5537 1883 1882
f 5540 5533 5485
f 5541 5531 5526
f 5541 5526 5540
f 5541 5532 5531
f 5542 5478 5534
f 5389 5387 5538
f 5542 5528 5532
f 5542 5487 5478
f 5537 5519 1889
f 1300 5539 5543
f 5542 5534 5528
f 5389 5538 5493
f 5544 5524 5519
f 5545 5474 5473
f 5537 5546 5519
f 5545 5473 5480
f 5540 5485 5484
f 5540 5532 5541
f 5547 5483 5474
f 1181 1300 5543
f 5547 5474 5545
f 5547 5545 5480
f 1181 5543 1179
f 5547 5481 5483
f 5548 5492 5487
f 5548 5532 5540
f 5548 5486 5492
f 5548 5540 5484
f 5548 5484 5486
f 5548 5542 5532
f 5548 5487 5542
f 5547 5482 5481
f 2404 2284 2407
f 5549 5547 5480
f 5549 5550 5547
f 5549 5551 5550
f 5549 5480 5489
f 5552 5547 5550
f 5552 5490 5482
f 5552 5482 5547
f 5553 5490 5552
f 5553 5552 5554
f 5553 5491 5490
f 5555 2816 5331
f 5556 5557 5551
f 5555 5331 5329
f 5556 5549 5489
f 5555 5329 5328
f 5556 5551 5549
f 5556 5489 5494
f 5558 5552 5550
f 5555 5328 5536
f 5558 5554 5552
f 5558 5559 5554
f 5560 1882 2275
f 5558 5550 5551
f 5560 2275 2266
f 5561 5553 5554
f 5553 5561 5562
f 5560 5537 1882
f 5553 5495 5491
f 5563 5556 5494
f 5563 5564 5557
f 5563 5557 5556
f 5563 5494 3849
f 5565 5551 5557
f 5565 5559 5558
f 5565 5558 5551
f 5565 5566 5559
f 5567 5561 5554
f 5567 5562 5561
f 5567 5554 5559
f 5567 5568 5562
f 5569 5553 5562
f 5569 5495 5553
f 5569 5498 5496
f 5569 5514 5498
f 5569 5496 5495
f 5570 3849 3848
f 5570 5571 5564
f 5570 5564 5563
f 5570 5563 3849
f 5572 5566 5565
f 5572 5557 5564
f 5572 5573 5566
f 5572 5565 5557
f 5574 5575 5568
f 5574 5567 5559
f 5574 5568 5567
f 5574 5559 5566
f 5576 5536 5514
f 5576 5562 5568
f 5576 5514 5569
f 5576 5569 5562
f 5577 5571 5570
f 5577 3848 5524
f 5577 5570 3848
f 5577 5578 5571
f 5579 5572 5564
f 5580 5340 5337
f 5580 5337 5335
f 5579 5573 5572
f 5580 5335 2816
f 5579 5564 5571
f 5580 2816 5555
f 5579 5581 5573
f 5582 5583 5575
f 5582 5566 5573
f 5582 5575 5574
f 5582 5574 5566
f 5371 5560 2266
f 5584 5568 5575
f 5584 5576 5568
f 5371 2266 2260
f 5584 5555 5536
f 5371 2260 2254
f 5584 5536 5576
f 5585 5586 5578
f 5585 5577 5524
f 5585 5578 5577
f 5585 5524 5544
f 5587 5579 5571
f 5588 5546 5537
f 5587 5589 5581
f 5588 5560 5371
f 5587 5581 5579
f 5587 5571 5578
f 5588 5537 5560
f 5590 5583 5582
f 5590 5582 5573
f 5590 5573 5581
f 5590 5591 5583
f 5592 5575 5583
f 5592 5584 5575
f 5592 5555 5584
f 5592 5580 5555
f 5593 5594 5586
f 5593 5544 5546
f 5593 5586 5585
f 5593 5585 5544
f 5595 5596 5589
f 5595 5578 5586
f 5595 5589 5587
f 5595 5587 5578
f 5597 5598 5591
f 5597 5581 5589
f 5597 5590 5581
f 5597 5591 5590
f 5599 5600 5580
f 5599 5592 5583
f 5599 5580 5592
f 5599 5583 5591
f 5601 5546 5588
f 5601 5594 5593
f 5601 5602 5594
f 5601 5593 5546
f 5603 5604 5596
f 5603 5586 5594
f 5603 5595 5586
f 5603 5596 5595
f 5605 5589 5596
f 5500 2112 2106
f 5605 5597 5589
f 5600 5347 5344
f 5500 2106 2099
f 5600 5344 5343
f 5605 5606 5598
f 5600 5343 5340
f 5605 5598 5597
f 5607 5591 5598
f 5600 5340 5580
f 5607 5608 5600
f 5607 5599 5591
f 5607 5600 5599
f 5609 5610 5602
f 5609 5601 5588
f 5611 5371 2254
f 5609 5588 5370
f 5611 2254 2247
f 5609 5602 5601
f 5611 2247 2239
f 5612 5613 5604
f 5612 5594 5602
f 1822 2099 2093
f 5612 5604 5603
f 1822 2093 2086
f 5612 5603 5594
f 5611 5369 5371
f 5614 5615 5606
f 5614 5596 5604
f 5614 5605 5596
f 5614 5606 5605
f 5616 5608 5607
f 5616 5598 5606
f 5370 5588 5371
f 5616 5617 5608
f 1822 5500 2099
f 5616 5607 5598
f 5618 5610 5609
f 5618 5609 5370
f 5618 5370 5369
f 5618 5619 5610
f 5620 5602 5610
f 5620 5613 5612
f 5620 5621 5613
f 5620 5612 5602
f 5622 5604 5613
f 5622 5615 5614
f 5622 5614 5604
f 5622 5623 5615
f 5624 5434 5617
f 5624 5616 5606
f 5624 5617 5616
f 5299 2086 2080
f 5624 5606 5615
f 5299 2080 2077
f 5625 5626 5424
f 5625 5369 5626
f 5625 5618 5369
f 5625 5619 5618
f 5299 1822 2086
f 5500 1822 2850
f 5627 5620 5610
f 5627 5621 5620
f 5627 5610 5619
f 5627 5628 5621
f 5608 2159 2884
f 5629 5623 5622
f 5608 2884 5347
f 5629 5613 5621
f 5629 5630 5623
f 5299 1820 1822
f 866 865 849
f 5629 5622 5613
f 5608 5347 5600
f 5631 5611 2239
f 5625 5424 5423
f 5631 2239 2236
f 5631 2236 2232
f 5632 5624 5615
f 5632 5615 5623
f 5632 5434 5624
f 5632 5433 5434
f 5633 5619 5625
f 5631 5634 5635
f 5633 5627 5619
f 5633 5628 5627
f 2945 2948 2949
f 5633 5625 5423
f 5416 2077 2072
f 5633 5423 5425
f 5416 2072 2066
f 5416 2066 2057
f 5636 5629 5621
f 5636 5630 5629
f 5636 5621 5628
f 5636 5637 5630
f 5638 5632 5623
f 5416 5299 2077
f 5638 5433 5632
f 5638 5623 5630
f 5638 5454 5433
f 233 2037 2025
f 5639 5425 5463
f 5416 5298 5299
f 5639 5628 5633
f 5639 5633 5425
f 5639 5636 5628
f 5639 5637 5636
f 5640 5638 5630
f 5640 5454 5638
f 5640 5468 5454
f 5640 5630 5637
f 5641 5445 5459
f 5641 5447 5445
f 5617 5353 5349
f 5642 5463 5462
f 5617 5349 2160
f 5617 2160 2159
f 5642 5637 5639
f 5642 5639 5463
f 5617 2159 5608
f 5400 2057 2050
f 5398 5634 5631
f 5400 2050 2039
f 5398 2232 2229
f 5398 2229 2223
f 5643 5641 5459
f 5398 2223 2220
f 5644 5643 5645
f 5644 5447 5641
f 5400 5416 2057
f 5644 5646 5447
f 5644 5641 5643
f 5647 5475 5468
f 5647 5462 5464
f 5398 5631 2232
f 5647 5642 5462
f 5626 5611 5631
f 5647 5464 5477
f 5626 5631 5635
f 5647 5468 5640
f 5647 5640 5637
f 5626 5369 5611
f 5647 5637 5642
f 5647 5477 5475
f 5626 5635 5424
f 5644 5648 5646
f 5649 5645 5643
f 5649 5459 5355
f 5649 5414 5645
f 5649 5643 5459
f 5650 5648 5644
f 5650 5644 5645
f 5396 5395 5648
f 5396 5650 5420
f 5396 5648 5650
f 5408 5406 5414
f 5408 5649 5355
f 5408 5414 5649
f 5408 5355 5409
f 5417 5645 5414
f 5417 5413 5420
f 5417 5420 5650
f 5434 5279 2691
f 5417 5650 5645
f 5434 2691 2690
f 5434 2690 5353
f 5434 5353 5617
f 5399 2039 2035
f 5419 5396 5420
f 5399 2035 2030
f 5394 5396 5419
f 5394 5419 5422
f 1916 2741 5651
f 2741 880 5651
f 5651 1959 1916
f 1796 1916 1797
f 5652 850 842
f 5651 882 1959
f 2603 5653 2605
f 1982 1800 1917
f 1959 5653 1917
f 1977 1992 1975
f 1899 1906 1904
f 857 5654 1946
f 1981 1801 1982
f 5653 1980 1982
f 5318 5323 5212
f 5653 2603 1980
f 2576 2979 2602
f 2603 2602 1980
f 5328 2936 5327
f 1801 1981 2148
f 1803 1801 2148
f 2148 1981 2979
f 1981 1980 2979
f 5655 5656 5657
f 2979 2978 2148
f 5658 1804 2148
f 2038 2039 2050
f 4503 5659 4504
f 2576 2574 2979
f 2549 5297 2574
f 2711 2710 5190
f 1804 5658 2141
f 1806 1804 2141
f 2141 5658 5297
f 1993 1977 1987
f 5658 2978 5297
f 1806 2141 2140
f 5297 2139 2141
f 1807 1806 2140
f 2549 2548 2139
f 5297 2549 2139
f 1807 2140 5660
f 1809 1807 5660
f 2139 2548 5661
f 2519 2783 2520
f 2548 2520 5661
f 2140 2139 5661
f 5660 2140 5661
f 1809 5660 5662
f 1814 1809 5662
f 2147 501 2155
f 5660 5661 2783
f 5662 5660 2783
f 1814 5662 5663
f 1818 1814 5663
f 5664 2783 2518
f 5662 2783 5664
f 5663 5662 5664
f 2230 1996 2228
f 1823 1818 5665
f 1818 5663 5665
f 5663 5664 5665
f 2518 2486 5666
f 5665 5664 5666
f 5664 2518 5666
f 1825 1823 5364
f 1823 5665 5364
f 2485 2471 5365
f 2486 2485 5365
f 5666 2486 5365
f 5365 5364 5666
f 5294 5360 5363
f 1826 1825 5249
f 1825 5364 5249
f 5365 2471 5250
f 5250 5249 5365
f 1827 1826 5248
f 1826 5249 5248
f 2471 2470 5667
f 5250 2471 5667
f 5667 5248 5250
f 1829 1827 5668
f 5248 5667 5668
f 1827 5248 5668
f 2470 2469 5669
f 5667 2470 5669
f 5668 5667 5669
f 1830 1829 5670
f 1829 5668 5670
f 2457 2454 5671
f 2469 2457 5671
f 5669 2469 5671
f 5671 5670 5669
f 5653 1959 2605
f 1832 1830 5672
f 1830 5670 5672
f 5671 2454 2754
f 2754 5672 5671
f 1771 2706 2705
f 1832 5672 2756
f 1833 1832 2756
f 5672 2754 2756
f 2755 2754 2446
f 1884 1886 2276
f 2830 2829 5180
f 1833 2756 1835
f 2369 2857 2083
f 2756 2755 5673
f 2446 2445 2755
f 5673 2755 5674
f 1837 1835 5675
f 1835 5673 5675
f 5676 5675 5674
f 5674 2445 5676
f 2433 2432 5676
f 2445 2433 5676
f 2629 2868 2202
f 1837 5675 5677
f 1838 1837 5677
f 2974 5677 5676
f 2143 2156 2147
f 5676 2432 2974
f 1844 1838 2193
f 1838 5677 2193
f 2194 2193 2974
f 2432 2431 2974
f 2028 2772 5162
f 1933 1932 1938
f 1845 1844 1811
f 1844 2193 1811
f 5678 2194 2413
f 5678 1811 2194
f 1796 1795 2741
f 2121 1985 1759
f 1845 1811 1813
f 2792 2788 2786
f 1811 5678 1812
f 2399 2248 2250
f 2413 2250 2249
f 5678 2413 2249
f 1812 5678 2249
f 1813 1812 1847
f 2249 2248 1812
f 2396 2213 2399
f 5342 5341 5336
f 1847 2214 1849
f 2064 2423 2421
f 2248 2213 2214
f 2345 2128 2396
f 346 2918 2914
f 5679 2971 5680
f 1849 2130 1850
f 5350 2109 2108
f 2213 2128 2130
f 2926 2361 2269
f 1850 2129 1852
f 5681 5682 2206
f 2128 2795 2129
f 2795 2128 2343
f 2670 5361 5181
f 5289 5150 5152
f 1852 2796 1854
f 1987 1988 1995
f 2342 2290 2961
f 2343 2342 2961
f 2795 2343 2961
f 2796 2795 2961
f 2905 2796 2961
f 1855 1854 2960
f 1854 2905 2960
f 2961 2290 5683
f 5683 2960 2961
f 5684 877 2860
f 1856 1855 5685
f 1855 2960 5685
f 2960 5683 5685
f 2290 2288 5686
f 5683 2290 5686
f 5685 5683 5686
f 1858 1856 5687
f 1856 5685 5687
f 2287 2684 5688
f 5688 5686 2287
f 2906 819 2172
f 5688 5687 5686
f 2210 2209 2054
f 1860 1858 5689
f 1858 5687 5689
f 5688 2684 5690
f 5690 5689 5688
f 2948 2947 2950
f 1863 1860 1911
f 1860 5689 1911
f 2673 2190 2192
f 2684 2192 2191
f 5690 2684 2191
f 5689 5690 2191
f 1911 5689 2191
f 1863 1911 1864
f 2219 2218 5303
f 2191 2190 1911
f 2187 2180 2114
f 2183 2182 2673
f 2428 2184 2108
f 2190 2182 1912
f 1864 1912 1866
f 1971 1979 1964
f 2869 2875 2876
f 2656 1568 2183
f 2056 2048 2047
f 1569 1868 1570
f 2182 1568 1570
f 2213 2248 2399
f 2165 1907 2656
f 2000 2008 2006
f 1908 1870 1569
f 1568 1907 1569
f 245 244 2165
f 5145 5147 5264
f 5255 1871 1908
f 1907 244 1908
f 5361 5362 5180
f 2643 243 245
f 2812 2820 2819
f 2041 2040 5259
f 1871 5255 1732
f 1872 1871 1732
f 2636 1730 2643
f 2156 2149 2157
f 5255 244 243
f 1732 5255 243
f 1872 1732 1731
f 1874 1872 1731
f 243 1730 1732
f 2636 2635 1730
f 5672 5670 5671
f 2853 2848 2852
f 1874 1731 1875
f 5691 3650 3651
f 1730 2145 1731
f 846 845 2703
f 2135 2134 2635
f 1730 2635 2145
f 1875 2146 1877
f 2129 2796 1852
f 2490 2133 2135
f 2146 2145 2134
f 2895 2882 2891
f 5692 2146 2134
f 1940 1879 5693
f 1879 1877 5693
f 5693 2133 1940
f 5692 2134 5693
f 1877 5692 5693
f 2142 2143 1963
f 2490 2127 2133
f 831 830 5312
f 5693 2134 2133
f 1880 1879 1940
f 2127 2490 2489
f 2121 1758 841
f 2313 2312 5694
f 5694 2120 2313
f 841 2120 5694
f 797 1947 889
f 2121 841 5694
f 1758 2121 1759
f 5694 1986 2121
f 5695 5696 5697
f 882 2605 1959
f 5694 2312 1986
f 1759 1985 1984
f 1761 1759 1984
f 2312 2447 1986
f 2107 1984 1986
f 3861 3863 3860
f 2111 2110 2104
f 1763 1761 2109
f 1761 1984 2109
f 1984 2107 2109
f 2107 2447 2108
f 2447 2429 2108
f 5350 1765 2109
f 2194 2431 2413
f 2429 2428 2108
f 2184 5350 2108
f 2116 2120 841
f 834 2237 2231
f 1765 5350 1766
f 2246 2247 2254
f 2428 2406 2184
f 5350 2184 2185
f 2812 2810 2125
f 2875 2885 2881
f 1766 2185 2082
f 1768 1766 2082
f 2185 2087 2082
f 2083 2087 2405
f 2130 2129 1850
f 2182 1570 1912
f 1768 2082 2081
f 1773 1768 2081
f 2857 2081 2083
f 2405 2369 2083
f 2445 5674 2755
f 2682 1842 2863
f 1773 2081 5698
f 1778 1773 5698
f 2081 2857 5698
f 2369 2367 2857
f 5698 2857 2856
f 2367 2366 2856
f 2787 2781 2377
f 1778 5698 5699
f 5698 2856 5699
f 1779 1778 5699
f 2856 2366 5375
f 5699 2856 5375
f 1781 1779 5268
f 1779 5699 5268
f 2366 2335 5375
f 5374 5268 5375
f 5374 5700 1968
f 2175 2174 2930
f 1968 1782 5268
f 1998 2211 2215
f 5268 5374 1968
f 5700 5374 2334
f 2928 5254 5701
f 840 2110 2111
f 5700 2972 1968
f 1903 1783 1968
f 2934 871 2930
f 2285 2953 2289
f 2334 2289 2972
f 5700 2334 2972
f 2182 2190 2673
f 2972 2953 1903
f 2954 1785 1903
f 2717 2716 2704
f 2285 2282 2953
f 1301 5313 2966
f 5702 1786 2954
f 2953 2863 2954
f 2903 2897 819
f 2953 2282 2863
f 5294 2830 5362
f 1786 5702 2864
f 1788 1786 2864
f 2282 2682 2863
f 5686 2288 2287
f 5702 2863 2864
f 2744 2732 2731
f 1788 2864 2919
f 1789 1788 2919
f 2682 1840 1842
f 2919 2864 1841
f 1840 2666 1841
f 5703 2262 2268
f 2864 1842 1841
f 1789 2919 1791
f 2639 2498 2491
f 1841 5501 2919
f 2128 2345 2343
f 1841 2666 5501
f 2666 2665 5501
f 2920 5501 5704
f 1791 2920 5704
f 1793 1791 5704
f 5501 2665 2740
f 5704 5501 2740
f 1793 5704 2741
f 1795 1793 2741
f 5704 2740 2741
f 880 2740 881
f 2756 5673 1835
f 2859 5705 5706
f 1916 1796 2741
f 5707 5708 5709
f 5651 880 882
f 1988 1987 1978
f 1881 1880 1939
f 5710 1881 1939
f 5711 1939 2126
f 5711 2126 2137
f 5711 5710 1939
f 5711 2137 1962
f 5712 1962 1961
f 5712 5711 1962
f 5713 1961 2155
f 5713 5712 1961
f 5713 2155 2164
f 5714 2164 2169
f 5714 5713 2164
f 5715 5714 2169
f 5715 2169 2181
f 5715 2181 2186
f 5716 2186 2188
f 5716 5715 2186
f 5716 2188 2195
f 5717 2195 2196
f 5717 5716 2195
f 5718 2196 2204
f 5718 5717 2196
f 5719 5718 2204
f 5719 2204 2211
f 5720 2211 1998
f 5720 1998 1997
f 5720 5719 2211
f 5720 1997 2231
f 5333 5720 2231
f 2237 5332 2231
f 5410 5415 5400
f 5721 5332 2237
f 5721 2237 2238
f 5721 2238 2245
f 5722 2245 1955
f 5722 5721 2245
f 5722 1955 1954
f 5703 1954 2262
f 5703 5722 1954
f 5723 5703 2268
f 5723 2268 2271
f 1786 1785 2954
f 5723 2271 2277
f 5724 5723 2277
f 5724 2277 1885
f 5724 1885 1887
f 5725 1887 1891
f 5725 5724 1887
f 5725 1891 1892
f 5726 1892 1904
f 5726 5725 1892
f 5727 1904 1905
f 5727 5726 1904
f 5727 1905 1918
f 5728 1918 864
f 5728 864 1924
f 5728 5727 1918
f 1816 5728 1817
f 5329 5330 2936
f 1161 1816 1162
f 1808 1805 1806
f 5729 1161 1163
f 1956 1955 2245
f 5730 1163 1953
f 5730 1953 2764
f 5730 5729 1163
f 5731 5730 2764
f 5731 2764 1967
f 5732 5731 1967
f 5732 1967 1975
f 5732 1975 1992
f 5732 1992 1991
f 5733 5732 1991
f 5733 1991 1999
f 5734 5733 1999
f 5734 1999 2006
f 2007 5735 2006
f 5736 5737 5738
f 5735 2007 2021
f 5739 5735 2021
f 5739 2021 2020
f 5740 5739 2020
f 5740 2020 2025
f 5740 2025 2037
f 5741 5740 2037
f 5741 2037 2036
f 5742 5741 2036
f 5743 5742 2036
f 5743 2036 2046
f 5743 2046 2058
f 5743 2058 2059
f 5744 2059 2060
f 5744 5743 2059
f 5745 2060 2073
f 5745 2073 2074
f 5745 5744 2060
f 5745 2074 2034
f 5746 2034 2033
f 5746 5745 2034
f 5746 2033 2098
f 5747 5746 2098
f 5748 2098 2097
f 5748 5747 2098
f 5748 2097 2103
f 5749 2103 839
f 5749 839 1757
f 5749 5748 2103
f 1756 5749 1757
f 5750 2841 2840
f 5364 5665 5666
f 1691 657 659
f 2740 2665 881
f 1935 2011 2841
f 2010 5751 2011
f 1935 2841 5752
f 1949 1960 1952
f 5753 1934 1936
f 2880 2663 2662
f 234 2035 2039
f 5754 5755 3563
f 2838 2834 2831
f 2190 1912 1911
f 1224 2794 2790
f 5735 5734 2006
f 5756 5754 3516
f 1934 5757 5758
f 2275 2274 2272
f 2846 2851 2849
f 3937 5759 5760
f 5754 3563 3516
f 5761 1328 1934
f 1178 1328 1925
f 1328 1178 1934
f 5762 798 797
f 5763 1328 5761
f 5764 1328 5763
f 5765 1176 1925
f 2243 5766 858
f 1300 5315 5313
f 2087 2406 2405
f 3937 1330 5767
f 1328 1330 1925
f 2890 2173 2324
f 3937 3936 1925
f 5679 5768 5769
f 5679 5769 2970
f 2859 2970 3935
f 1329 5770 1330
f 3937 2859 3935
f 2268 2262 2261
f 5680 2971 5771
f 3513 3510 891
f 5705 3937 5760
f 5772 2859 5706
f 5177 2828 5368
f 1973 1972 2787
f 5679 2970 2971
f 3650 5684 2929
f 5546 5544 5519
f 5773 554 556
f 992 693 775
f 5728 1924 1817
f 5670 5668 5669
f 5774 886 887
f 2146 5692 1877
f 2929 2928 5775
f 2906 345 2908
f 1976 1966 1979
f 5301 555 2894
f 5776 5777 3651
f 5689 5687 5688
f 5293 2758 5290
f 3651 5777 5691
f 2892 554 2970
f 2274 2273 2267
f 2894 5778 5302
f 5779 5301 5302
f 2214 2130 1849
f 2978 5658 2148
f 2929 5684 2860
f 3650 5691 5780
f 4102 5781 4103
f 5270 5269 5289
f 2892 2970 5376
f 1691 3535 1989
f 3621 5782 3622
f 878 877 5684
f 2739 1005 2737
f 5376 2970 2859
f 2927 2929 2860
f 5783 878 5684
f 5784 877 879
f 2885 2887 2886
f 5785 5786 5787
f 5788 5785 5787
f 5738 5789 5790
f 5788 5787 5791
f 5792 5793 5794
f 5795 5697 5696
f 5796 5797 5798
f 5796 5799 5800
f 5796 5788 5791
f 5796 5798 5799
f 5796 5791 5797
f 2825 5655 5657
f 2193 5677 2974
f 5801 2069 5802
f 5790 5736 5738
f 5737 5803 5738
f 5804 5805 5793
f 5804 5793 5792
f 5806 5695 5697
f 5807 5696 5808
f 1941 1931 1933
f 5655 2825 2827
f 1941 1942 1162
f 5809 2069 2071
f 2762 2753 2153
f 5316 1945 5322
f 2070 5801 5810
f 2070 2069 5801
f 5736 5811 5737
f 5812 2801 5813
f 5808 5696 5695
f 5814 5805 5804
f 5815 5816 2071
f 5815 2071 2070
f 5736 5790 5817
f 5818 5655 2827
f 5819 5820 5808
f 5818 2827 5821
f 5819 5808 5695
f 5822 5823 5816
f 5824 5825 5805
f 5822 5816 5815
f 5824 5805 5814
f 5826 5817 5827
f 5826 5736 5817
f 5828 5829 5820
f 5830 5831 2801
f 5828 5820 5819
f 5832 5823 5822
f 5833 5826 5827
f 5834 4544 5823
f 5835 5829 5828
f 5834 5823 5832
f 5836 5833 5827
f 5836 5837 5708
f 5831 5830 5838
f 5836 5827 5837
f 5839 5840 5829
f 5839 5829 5835
f 5841 5825 5824
f 2710 5346 2883
f 5842 5836 5708
f 5843 5844 5845
f 5846 5847 5840
f 5848 5849 2225
f 5374 2335 2334
f 5846 5850 5847
f 5851 5843 5845
f 5846 5840 5839
f 5852 5708 5853
f 5852 5842 5708
f 5854 5825 5841
f 5855 5850 5846
f 5855 5856 5850
f 5857 5825 5854
f 5858 5856 5855
f 5858 5859 5856
f 5860 5861 5862
f 5860 5862 5851
f 2802 5863 5864
f 5865 5852 5853
f 5860 5851 5845
f 5866 5859 5858
f 5866 5867 5859
f 5868 5845 5869
f 5865 5853 4545
f 5865 5870 5798
f 5868 5860 5845
f 5865 4545 5870
f 5871 5867 5866
f 5872 5868 5869
f 5872 5869 5873
f 5871 5874 5867
f 2803 2802 5864
f 5875 5865 5798
f 4543 5876 5273
f 5848 2225 5273
f 4543 2227 4544
f 5877 5874 5871
f 5877 5878 5874
f 5797 5875 5798
f 5879 5880 5796
f 5879 5796 5800
f 4543 2225 2227
f 2149 2156 2143
f 5800 5878 5877
f 5881 5880 5879
f 5800 5799 5878
f 5882 5879 5800
f 5864 5883 2803
f 5884 5880 5881
f 5884 5885 5880
f 4544 5834 5886
f 4544 5886 5887
f 3605 5800 3606
f 3605 5882 5800
f 5888 3604 3606
f 4545 5887 5889
f 4545 5889 5870
f 4545 4544 5887
f 5890 5891 5885
f 5890 5885 5884
f 5892 5883 5864
f 5892 5893 5818
f 5892 5821 5883
f 5872 5873 5894
f 5892 5818 5821
f 5895 5893 5892
f 5895 5896 5893
f 5897 3604 5888
f 5897 5888 5825
f 5897 5857 5898
f 5897 5898 5899
f 5897 5825 5857
f 5900 5901 5896
f 5900 5896 5895
f 5902 5897 5899
f 5902 5899 5903
f 5904 5905 5891
f 5904 5891 5890
f 5906 5901 5900
f 5907 5872 5894
f 5908 5905 5904
f 5909 5901 5906
f 5909 5910 5901
f 5911 5902 5903
f 5907 5894 5905
f 5912 5910 5909
f 5913 5902 5911
f 5912 5914 5910
f 5913 5915 5902
f 5916 5905 5908
f 5916 5907 5905
f 5917 2150 2152
f 5918 5917 5919
f 5918 5919 5920
f 5921 5916 5908
f 5921 5908 5922
f 2869 2868 2867
f 2150 5917 5918
f 5923 5915 5913
f 5924 5925 5914
f 5923 5926 5915
f 5927 5928 5929
f 5924 5914 5912
f 5799 5798 5925
f 5799 5925 5924
f 5930 5931 5927
f 5923 5932 5926
f 5933 5921 5922
f 5933 5922 5934
f 2783 5661 2520
f 5309 5935 5310
f 5936 2150 5918
f 5936 5937 2150
f 5938 5939 5932
f 5938 5932 5923
f 5933 5934 5681
f 5940 5941 5942
f 5943 5941 5940
f 5268 5699 5375
f 5938 5944 5939
f 5945 5928 5931
f 5936 5946 5937
f 5947 5942 5941
f 5947 5941 5948
f 5949 5946 5936
f 5950 5933 5681
f 5951 5942 5947
f 5949 5952 5946
f 5953 5952 5949
f 5954 5928 5945
f 5955 5956 5928
f 5955 5928 5954
f 2206 5682 5957
f 2208 5950 5681
f 5958 5682 5681
f 5959 5682 5958
f 5960 5947 5948
f 2734 5176 2836
f 5961 5944 5938
f 5955 5962 5956
f 5961 5310 5944
f 5963 5308 5310
f 5963 5310 5961
f 5964 5309 5308
f 5677 5675 5676
f 2208 5681 2206
f 5813 2801 2803
f 5965 5962 5955
f 5965 5966 5962
f 5953 5850 5952
f 5794 5966 5965
f 5794 5793 5966
f 5967 5968 5707
f 5969 5968 5967
f 5970 5708 5968
f 5971 5972 5973
f 5974 5972 5971
f 5847 5850 5953
f 5974 5975 5960
f 5974 5960 5948
f 5974 5948 5972
f 5976 5971 5973
f 5977 5707 5709
f 5976 5973 5978
f 5979 5975 5974
f 5837 5709 5708
f 5979 5980 5975
f 5981 5976 5978
f 5981 5978 5982
f 5983 5984 2241
f 2241 5984 5980
f 5931 5928 5927
f 2242 5980 5979
f 2114 2113 2189
f 5785 5981 5982
f 5785 5982 5786
f 5373 5366 2837
f 2240 5985 2241
f 5986 2240 2242
f 5687 5685 5686
f 1028 959 576
f 548 779 356
f 7 616 595
f 98 92 377
f 5987 5988 5989
f 402 768 767
f 2096 2099 2106
f 3991 4022 3990
f 5990 5991 5992
f 5238 5239 5240
f 5757 5993 5758
f 755 956 1186
f 644 333 705
f 5994 5995 5996
f 1199 1124 535
f 5997 5998 5999
f 6 159 258
f 2761 2769 2994
f 5753 5757 1934
f 2210 2212 2220
f 461 405 574
f 275 323 156
f 3398 6000 3399
f 5388 5385 5386
f 3834 6001 3835
f 1801 1800 1982
f 2863 5702 2954
f 5324 2900 5209
f 2242 2241 5980
f 2775 2721 989
f 2813 2479 2512
f 5265 2977 5300
f 5675 5673 5674
f 2079 2078 2075
f 5831 2802 2801
f 3499 3504 3503
f 3937 5705 2859
f 2947 2948 2944
f 2892 555 554
f 2877 1923 3509
f 5274 5155 5157
f 5342 5345 5194
f 5192 5194 5345
f 988 2769 2768
f 2016 2014 2008
f 2918 2909 2913
f 2450 2790 2776
f 1691 3537 3535
f 2738 2751 2743
f 5284 5283 5275
f 2996 2995 5239
f 601 608 492
f 2990 1173 2991
f 4092 6002 4093
f 664 638 599
f 762 776 53
f 1219 796 1124
f 2913 2330 2328
f 910 693 992
f 283 552 267
f 1100 1031 1047
f 96 499 167
f 6003 6004 6005
f 5653 1982 1917
f 6006 6007 6008
f 124 166 749
f 5707 5968 5708
f 6009 6010 6011
f 1178 3563 2009
f 766 688 694
f 1957 2764 1953
f 1765 1763 2109
f 523 1050 1049
f 2397 1080 2326

