mtllib material.mtl
usemtl material_forearm_2
v 0.02514153 -0.04162442 0.19808730
v 0.02425146 -0.04287970 0.19831340
v 0.02504539 -0.04096418 0.19712420
v 0.02492862 -0.04201370 0.19821450
v 0.02648985 -0.04250437 0.22144289
v 0.02608776 -0.04314053 0.21975300
v 0.02724814 -0.04283612 0.21689960
v 0.02229118 -0.04360187 0.22383460
v 0.01885223 -0.04313188 0.22937360
v 0.01466476 -0.04344534 0.22569220
v 0.01204252 -0.04150152 0.23813429
v 0.01336854 -0.04171186 0.23712499
v 0.01523590 -0.04158979 0.23616371
v 0.02471166 -0.04451823 0.20611501
v 0.02223396 -0.04514563 0.20607920
v 0.02085065 -0.04537773 0.20088901
v 0.02549254 -0.04135614 0.19839880
v 0.01927238 -0.03765970 0.23648161
v 0.01714622 -0.03771781 0.23802850
v 0.01946061 -0.03820431 0.23629160
v 0.02179634 -0.03779232 0.23414139
v 0.01490402 -0.04125010 0.23702680
v 0.01773595 -0.03886651 0.23721500
v 0.01764959 -0.03902149 0.23718360
v 0.01885539 -0.03894388 0.23634490
v 0.01273781 -0.04103344 0.23844621
v 0.02356815 -0.04464417 0.20254301
v 0.01611059 -0.04000383 0.23759820
v 0.01295024 -0.04061812 0.23879130
v 0.01659393 -0.04016309 0.23704880
v 0.02524662 -0.04112201 0.19769140
v 0.02549254 -0.04135614 0.19839880
v 0.02504539 -0.04096418 0.19712420
v 0.01945495 -0.03687489 0.23649760
v 0.01596999 -0.03975105 0.23788799
v 0.01819115 -0.03975009 0.23634760
v 0.02956557 -0.03912287 0.21908160
v 0.02923375 -0.04023659 0.21825190
v 0.02970194 -0.04026067 0.21478270
v 0.03024446 -0.03884434 0.21437630
v 0.01893687 -0.03888386 0.23631071
v 0.01826119 -0.03878998 0.23686510
v 0.02547788 -0.04364359 0.20296070
v 0.02284973 -0.04437142 0.19947059
v 0.01618313 -0.03873497 0.23833200
v 0.01562553 -0.03982919 0.23804270
v 0.01590865 -0.03959155 0.23803499
v 0.01873904 -0.03960484 0.23596810
v 0.01581496 -0.03939938 0.23815450
v 0.02459108 -0.03899270 0.19531460
v 0.02510905 -0.03902941 0.19608110
v 0.02391815 -0.04036915 0.19490790
v 0.02379989 -0.03782701 0.19390270
v 0.01099503 -0.04122620 0.23893289
v 0.00448847 -0.04200559 0.23951501
v 0.01082032 -0.04240804 0.23679700
v 0.00945645 -0.04212296 0.23787670
v 0.01610416 -0.03936207 0.23806021
v 0.01581496 -0.03939938 0.23815450
v 0.01805627 -0.03925669 0.23677310
v 0.02448374 -0.03861719 0.19506910
v 0.01945495 -0.03687489 0.23649760
v 0.02185058 -0.03733456 0.23427171
v 0.02369499 -0.03667628 0.23232430
v 0.02647560 -0.04181867 0.22328161
v 0.02854287 -0.04138100 0.21805730
v 0.02791309 -0.04105764 0.22150961
v 0.01529961 -0.03925418 0.23858170
v 0.01610416 -0.03936207 0.23806021
v 0.01805627 -0.03925669 0.23677310
v 0.01529961 -0.03925418 0.23858170
v 0.01805627 -0.03925669 0.23677310
v 0.01795691 -0.03918671 0.23686419
v 0.02622133 -0.04080641 0.19914250
v 0.02504539 -0.04096418 0.19712420
v 0.01522642 -0.04071909 0.23748980
v 0.02463722 -0.04281294 0.22430770
v 0.02482169 -0.04370296 0.21950880
v 0.02536672 -0.04218477 0.19933420
v 0.02520579 -0.04272812 0.19994430
v 0.01529961 -0.03925418 0.23858170
v 0.01581496 -0.03939938 0.23815450
v 0.01610416 -0.03936207 0.23806021
v 0.02555441 -0.03965252 0.19708620
v 0.02567428 -0.03998112 0.19747929
v 0.00398111 -0.04620265 0.18980440
v 0.00800014 -0.04632997 0.19274330
v -0.00090662 -0.04644775 0.19128090
v 0.01288038 -0.04076117 0.23870219
v -0.00111198 -0.04584181 0.18831220
v 0.01601535 -0.03899085 0.23832160
v 0.01480609 -0.03884524 0.23906641
v 0.01601535 -0.03899085 0.23832160
v 0.01773595 -0.03886651 0.23721500
v 0.02591812 -0.04188531 0.19991671
v 0.01462429 -0.03881317 0.23917440
v 0.02618628 -0.04051584 0.19881649
v 0.02504539 -0.04096418 0.19712420
v 0.01795691 -0.03918671 0.23686419
v 0.03010869 -0.03735852 0.21771470
v 0.02571314 -0.04278326 0.20119320
v 0.00042260 -0.04507744 0.18657660
v 0.00851059 -0.04513633 0.18817490
v 0.01021593 -0.04082989 0.23971300
v 0.02521312 -0.03922355 0.19631560
v 0.01367378 -0.03834736 0.24003570
v 0.01470160 -0.03895038 0.23907790
v 0.01601535 -0.03899085 0.23832160
v 0.01480609 -0.03884524 0.23906641
v 0.01029205 -0.04203236 0.23773549
v 0.01780301 -0.03758925 0.23762470
v 0.03046977 -0.03775316 0.21310130
v 0.02490234 -0.03615611 0.19514820
v 0.01618313 -0.03873497 0.23833200
v 0.01462429 -0.03881317 0.23917440
v 0.01773595 -0.03886651 0.23721500
v 0.02563428 -0.03884184 0.19682030
v 0.01313173 -0.04015713 0.23914251
v 0.01782417 -0.03743177 0.23763990
v 0.01773071 -0.03727918 0.23779650
v 0.00406498 -0.04243254 0.23764150
v 0.01181793 -0.04260647 0.23540850
v 0.00433272 -0.04215157 0.23904771
v 0.00860214 -0.04584038 0.18996391
v 0.00938672 -0.04146194 0.23920910
v 0.01336854 -0.04171186 0.23712499
v 0.02648156 -0.03853040 0.19805500
v 0.01135945 -0.04038745 0.23971620
v 0.01130044 -0.04054641 0.23959079
v 0.00735855 -0.04236042 0.18474171
v 0.00330633 -0.04281812 0.18443650
v 0.02747726 -0.04014623 0.22404830
v 0.02747726 -0.04014623 0.22404830
v 0.02859592 -0.04010975 0.22074100
v 0.02622979 -0.03969770 0.19820760
v 0.02870815 -0.03974425 0.22124010
v 0.01336854 -0.04171186 0.23712499
v 0.01664870 -0.03671675 0.23855171
v 0.01773071 -0.03727918 0.23779650
v 0.00477409 -0.04428678 0.18606921
v 0.02764177 -0.04087072 0.20216820
v 0.00850582 -0.04621928 0.19158480
v 0.00883240 -0.04172915 0.23894919
v 0.00448847 -0.04200559 0.23951501
v 0.01336854 -0.04171186 0.23712499
v 0.01295346 -0.03983366 0.23948219
v 0.00886297 -0.04113972 0.23986410
v 0.00477982 -0.04496389 0.18705340
v 0.02307122 -0.04213362 0.22866030
v 0.02408981 -0.04336655 0.22273611
v 0.02179139 -0.04325926 0.22648200
v 0.01315498 -0.03966194 0.23950480
v 0.00777918 -0.04141581 0.23974501
v 0.01336854 -0.04171186 0.23712499
v 0.00777918 -0.04141581 0.23974501
v 0.02663534 -0.04147481 0.20083940
v 0.01288557 -0.03957450 0.23969109
v 0.00371718 -0.04193586 0.18400520
v 0.00330633 -0.04281812 0.18443650
v -0.00079536 -0.04111683 0.18332639
v 0.01145750 -0.04011011 0.23990580
v 0.00371718 -0.04193586 0.18400520
v 0.00350791 -0.04221940 0.18415450
v 0.00330633 -0.04281812 0.18443650
v 0.00351304 -0.04158216 0.18370409
v 0.02682334 -0.04071801 0.20027080
v 0.02622133 -0.04080641 0.19914250
v 0.02504539 -0.04096418 0.19712420
v 0.01408386 -0.03755384 0.23982590
v 0.00350791 -0.04221940 0.18415450
v 0.00429052 -0.04243665 0.18449751
v 0.00330633 -0.04281812 0.18443650
v 0.02689665 -0.04051393 0.20021480
v 0.02682334 -0.04071801 0.20027080
v 0.00355840 -0.04133611 0.18366420
v 0.00351304 -0.04158216 0.18370409
v -0.00079536 -0.04111683 0.18332639
v 0.00356442 -0.04121035 0.18360500
v 0.00713730 -0.04107862 0.24028370
v 0.00482732 -0.04111105 0.18380760
v 0.00356442 -0.04121035 0.18360500
v -0.00079536 -0.04111683 0.18332639
v 0.02775812 -0.03983819 0.20128129
v 0.02689516 -0.04042804 0.20013350
v 0.02651298 -0.04198628 0.20140921
v 0.01637232 -0.03730398 0.23864320
v 0.02740192 -0.04101949 0.20206609
v 0.00571793 -0.04103523 0.18391509
v 0.00482732 -0.04111105 0.18380760
v -0.00079536 -0.04111683 0.18332639
v 0.02307122 -0.04213362 0.22866030
v 0.02575773 -0.04103291 0.22649349
v 0.01637232 -0.03730398 0.23864320
v 0.01408386 -0.03755384 0.23982590
v 0.01773071 -0.03727918 0.23779650
v 0.02764177 -0.04087072 0.20216820
v 0.02740192 -0.04101949 0.20206609
v 0.02549254 -0.04135614 0.19839880
v 0.02742379 -0.04089558 0.22300310
v 0.01470160 -0.03895038 0.23907790
v 0.00527000 -0.04096359 0.18381581
v 0.00571793 -0.04103523 0.18391509
v -0.00079536 -0.04111683 0.18332639
v 0.02757263 -0.03844457 0.20004240
v 0.00318998 -0.04090768 0.18342391
v 0.00527000 -0.04096359 0.18381581
v -0.00079536 -0.04111683 0.18332639
v 0.01470160 -0.03895038 0.23907790
v 0.01795691 -0.03918671 0.23686419
v 0.01601535 -0.03899085 0.23832160
v 0.00297928 -0.03938490 0.18287110
v 0.00318998 -0.04090768 0.18342391
v -0.00079536 -0.04111683 0.18332639
v 0.01221722 -0.03941988 0.24007291
v 0.02712255 -0.04161572 0.20232309
v 0.01221722 -0.03941988 0.24007291
v 0.02385139 -0.04459822 0.21242690
v 0.01105117 -0.03927236 0.24064650
v 0.01221722 -0.03941988 0.24007291
v 0.01529961 -0.03925418 0.23858170
v 0.01105117 -0.03927236 0.24064650
v 0.00905609 -0.04295545 0.18588610
v 0.02648156 -0.03853040 0.19805500
v 0.01324009 -0.03875058 0.23996560
v 0.01462429 -0.03881317 0.23917440
v 0.01618313 -0.03873497 0.23833200
v 0.01323467 -0.03877645 0.23995671
v 0.01354694 -0.03871774 0.23983119
v 0.01324009 -0.03875058 0.23996560
v 0.01618313 -0.03873497 0.23833200
v 0.02918291 -0.03742557 0.22185390
v 0.01544564 -0.03669989 0.23935100
v 0.01544564 -0.03669989 0.23935100
v 0.01664870 -0.03671675 0.23855171
v 0.01381200 -0.03664100 0.24016640
v 0.02173656 -0.04262477 0.22863930
v 0.01204311 -0.03864651 0.24051960
v 0.01354694 -0.03871774 0.23983119
v 0.01618313 -0.03873497 0.23833200
v 0.01204311 -0.03864651 0.24051960
v 0.01618313 -0.03873497 0.23833200
v 0.01367378 -0.03834736 0.24003570
v 0.01287060 -0.03906518 0.23999390
v 0.01105117 -0.03927236 0.24064650
v 0.01470160 -0.03895038 0.23907790
v 0.00554651 -0.04014790 0.18345609
v 0.00527000 -0.04096359 0.18381581
v 0.02757263 -0.03844457 0.20004240
v 0.02838701 -0.03907924 0.22329780
v -0.00073314 -0.03923070 0.18269131
v 0.01118648 -0.03896927 0.24074920
v 0.01287060 -0.03906518 0.23999390
v 0.01470160 -0.03895038 0.23907790
v 0.02747726 -0.04014623 0.22404830
v 0.02775675 -0.03989416 0.22365060
v 0.01155436 -0.03886598 0.24062940
v 0.01118648 -0.03896927 0.24074920
v 0.02749913 -0.04242265 0.20521370
v 0.01462429 -0.03881317 0.23917440
v 0.02771067 -0.04072010 0.20237321
v 0.02764177 -0.04087072 0.20216820
v 0.02622133 -0.04080641 0.19914250
v 0.02771067 -0.04072010 0.20237321
v 0.02622133 -0.04080641 0.19914250
v 0.02682334 -0.04071801 0.20027080
v 0.01294338 -0.03873574 0.24011610
v 0.01324009 -0.03875058 0.23996560
v 0.01354694 -0.03871774 0.23983119
v 0.00831199 -0.04063749 0.24054430
v 0.01070779 -0.03866279 0.24096870
v 0.01354694 -0.03871774 0.23983119
v 0.01204311 -0.03864651 0.24051960
v 0.01070779 -0.03866279 0.24096870
v 0.01294338 -0.03873574 0.24011610
v 0.01354694 -0.03871774 0.23983119
v 0.02803748 -0.03844082 0.20113340
v 0.00672442 -0.04158055 0.23975930
v 0.02788811 -0.03963506 0.22373830
v 0.00846863 -0.04014027 0.24090929
v 0.02704918 -0.04043030 0.22464740
v 0.00999600 -0.03979343 0.24072739
v 0.00777918 -0.04141581 0.23974501
v 0.00431931 -0.04054558 0.24159309
v 0.00643301 -0.04203575 0.18455240
v 0.01026386 -0.03959274 0.24076700
v 0.02743858 -0.03944933 0.22495100
v 0.00672442 -0.04158055 0.23975930
v 0.02743858 -0.03944933 0.22495100
v 0.02788811 -0.03963506 0.22373830
v 0.02870815 -0.03974425 0.22124010
v 0.02838701 -0.03907924 0.22329780
v 0.02743858 -0.03944933 0.22495100
v 0.02956557 -0.03912287 0.21908160
v 0.01221722 -0.03941988 0.24007291
v 0.02531218 -0.04161447 0.22601560
v 0.01133728 -0.03701215 0.24132881
v 0.01408386 -0.03755384 0.23982590
v 0.00704718 -0.04133564 0.18431211
v 0.01105117 -0.03927236 0.24064650
v 0.01008552 -0.03941696 0.24093769
v 0.01221722 -0.03941988 0.24007291
v 0.00802511 -0.04116898 0.18450710
v 0.00802511 -0.04116898 0.18450710
v 0.02687054 -0.03999316 0.22557400
v 0.01312309 -0.03761225 0.24039049
v 0.00482732 -0.04111105 0.18380760
v 0.00988334 -0.03913724 0.24114931
v 0.01105117 -0.03927236 0.24064650
v 0.01287060 -0.03906518 0.23999390
v 0.00431931 -0.04054558 0.24159309
v 0.01021593 -0.04082989 0.23971300
v 0.00831199 -0.04063749 0.24054430
v 0.01118648 -0.03896927 0.24074920
v 0.00768626 -0.03942811 0.24166040
v 0.01026386 -0.03959274 0.24076700
v 0.01221722 -0.03941988 0.24007291
v 0.02683120 -0.04336863 0.20721500
v 0.01008552 -0.03941696 0.24093769
v 0.00768626 -0.03942811 0.24166040
v 0.01221722 -0.03941988 0.24007291
v 0.00965881 -0.03986561 0.18436021
v 0.02685153 -0.03946763 0.22618520
v 0.00805503 -0.04223096 0.18510319
v 0.02743858 -0.03944933 0.22495100
v 0.01155436 -0.03886598 0.24062940
v 0.01462429 -0.03881317 0.23917440
v 0.01323467 -0.03877645 0.23995671
v 0.00805503 -0.04223096 0.18510319
v 0.01043915 -0.03873080 0.24116060
v 0.01155436 -0.03886598 0.24062940
v 0.00856060 -0.03929561 0.24148130
v 0.01008552 -0.03941696 0.24093769
v 0.01105117 -0.03927236 0.24064650
v 0.01043915 -0.03873080 0.24116060
v 0.01324009 -0.03875058 0.23996560
v 0.01294338 -0.03873574 0.24011610
v 0.01043915 -0.03873080 0.24116060
v 0.00769669 -0.04198646 0.18483470
v 0.00856060 -0.03929561 0.24148130
v 0.01204311 -0.03864651 0.24051960
v 0.01023000 -0.03865402 0.24126761
v 0.01070779 -0.03866279 0.24096870
v 0.01498961 -0.04545027 0.19269720
v 0.00898689 -0.04189270 0.18521570
v 0.00769669 -0.04198646 0.18483470
v 0.00643301 -0.04203575 0.18455240
v 0.01002013 -0.03857582 0.24137411
v 0.02793926 -0.04078155 0.20313939
v 0.01544564 -0.03669989 0.23935100
v 0.01381200 -0.03664100 0.24016640
v 0.00820303 -0.03649127 0.24245191
v 0.00807923 -0.03904950 0.24175380
v 0.00988334 -0.03913724 0.24114931
v 0.01118648 -0.03896927 0.24074920
v 0.01168096 -0.04543119 0.19027300
v 0.01498961 -0.04545027 0.19269720
v 0.00851059 -0.04513633 0.18817490
v 0.00869071 -0.03892779 0.24163380
v 0.00807923 -0.03904950 0.24175380
v 0.01118648 -0.03896927 0.24074920
v 0.00431931 -0.04054558 0.24159309
v 0.00629049 -0.04011708 0.24150510
v 0.00774717 -0.04157739 0.18461120
v 0.01155436 -0.03886598 0.24062940
v 0.00869071 -0.03892779 0.24163380
v 0.01118648 -0.03896927 0.24074920
v 0.00448847 -0.04200559 0.23951501
v 0.01015692 -0.04123896 0.18525870
v 0.00774717 -0.04157739 0.18461120
v 0.00351304 -0.04158216 0.18370409
v 0.01043915 -0.03873080 0.24116060
v 0.00865364 -0.03870928 0.24173920
v 0.01155436 -0.03886598 0.24062940
v 0.00704718 -0.04133564 0.18431211
v 0.01015692 -0.04123896 0.18525870
v 0.00351304 -0.04158216 0.18370409
v 0.02571219 -0.04013317 0.22753140
v 0.02495390 -0.03990918 0.22901590
v 0.02747726 -0.04014623 0.22404830
v 0.02687054 -0.03999316 0.22557400
v 0.02548187 -0.04416316 0.21296330
v 0.00867015 -0.03859263 0.24178210
v 0.01204311 -0.03864651 0.24051960
v 0.01002013 -0.03857582 0.24137411
v 0.00867015 -0.03859263 0.24178210
v 0.01023000 -0.03865402 0.24126761
v 0.01204311 -0.03864651 0.24051960
v 0.02495390 -0.03990918 0.22901590
v 0.02495390 -0.03990918 0.22901590
v 0.02571219 -0.04013317 0.22753140
v 0.02704918 -0.04043030 0.22464740
v 0.00749087 -0.03984224 0.24145530
v 0.01000028 -0.04092139 0.18502960
v 0.00482732 -0.04111105 0.18380760
v 0.00571793 -0.04103523 0.18391509
v 0.01090359 -0.04515773 0.18952300
v 0.01168096 -0.04543119 0.19027300
v 0.00736827 -0.03957045 0.24166539
v 0.00722796 -0.03977572 0.24156681
v 0.00722796 -0.03977572 0.24156681
v 0.00846863 -0.04014027 0.24090929
v 0.00749087 -0.03984224 0.24145530
v 0.00768626 -0.03942811 0.24166040
v 0.00814056 -0.03902781 0.18381269
v 0.01080828 -0.03764879 0.24137150
v 0.01408386 -0.03755384 0.23982590
v 0.01312309 -0.03761225 0.24039049
v 0.01080828 -0.03764879 0.24137150
v 0.02657228 -0.03974270 0.22647600
v 0.02600568 -0.03991687 0.22729561
v 0.01133728 -0.03701215 0.24132881
v 0.01080828 -0.03764879 0.24137150
v 0.01312309 -0.03761225 0.24039049
v 0.00768626 -0.03942811 0.24166040
v 0.01077651 -0.04221045 0.18604220
v 0.00735855 -0.04236042 0.18474171
v 0.00330633 -0.04281812 0.18443650
v 0.00882715 -0.03781294 0.24198370
v 0.01077651 -0.04221045 0.18604220
v 0.00330633 -0.04281812 0.18443650
v 0.00805503 -0.04223096 0.18510319
v 0.00807923 -0.03904950 0.24175380
v 0.00677371 -0.03917330 0.24201840
v 0.00988334 -0.03913724 0.24114931
v 0.00757110 -0.03756111 0.24235959
v 0.00882715 -0.03781294 0.24198370
v 0.01367378 -0.03834736 0.24003570
v 0.00757110 -0.03756111 0.24235959
v 0.01367378 -0.03834736 0.24003570
v 0.01080828 -0.03764879 0.24137150
v 0.00898689 -0.04189270 0.18521570
v 0.00677371 -0.03917330 0.24201840
v 0.00856060 -0.03929561 0.24148130
v 0.00988334 -0.03913724 0.24114931
v 0.00991434 -0.03760361 0.24170350
v 0.00757110 -0.03756111 0.24235959
v 0.01080828 -0.03764879 0.24137150
v 0.00982463 -0.04174762 0.18538250
v 0.00898689 -0.04189270 0.18521570
v 0.00991434 -0.03760361 0.24170350
v 0.00820303 -0.03649127 0.24245191
v 0.01133728 -0.03701215 0.24132881
v 0.01544564 -0.03669989 0.23935100
v 0.00984514 -0.03742063 0.24173211
v 0.01288598 -0.04589879 0.19296619
v 0.01524907 -0.04595512 0.19619480
v 0.00722521 -0.03877919 0.24210639
v 0.02667540 -0.04365873 0.21256730
v 0.02668571 -0.03713715 0.22779050
v 0.00598025 -0.03865194 0.24242260
v 0.01155436 -0.03886598 0.24062940
v 0.00865364 -0.03870928 0.24173920
v 0.00598025 -0.03865194 0.24242260
v 0.00722521 -0.03877919 0.24210639
v 0.01155436 -0.03886598 0.24062940
v 0.00469392 -0.03995335 0.24193160
v 0.01015692 -0.04123896 0.18525870
v 0.00865364 -0.03870928 0.24173920
v 0.00736499 -0.03890907 0.24202600
v 0.01390171 -0.04377949 0.18901411
v 0.01397705 -0.04457765 0.19007079
v 0.00722521 -0.03877919 0.24210639
v 0.00867015 -0.03859263 0.24178210
v 0.01830285 -0.04261410 0.23215070
v 0.01015692 -0.04123896 0.18525870
v 0.00704718 -0.04133564 0.18431211
v 0.00802511 -0.04116898 0.18450710
v 0.00691223 -0.03789341 0.24252480
v 0.00867015 -0.03859263 0.24178210
v 0.00802511 -0.04116898 0.18450710
v 0.00482732 -0.04111105 0.18380760
v 0.01000028 -0.04092139 0.18502960
v 0.00740176 -0.03861570 0.24214379
v 0.00865364 -0.03870928 0.24173920
v 0.01070779 -0.03866279 0.24096870
v 0.01000028 -0.04092139 0.18502960
v 0.00571793 -0.04103523 0.18391509
v 0.00527000 -0.04096359 0.18381581
v 0.00867015 -0.03859263 0.24178210
v 0.00740176 -0.03861570 0.24214379
v 0.01070779 -0.03866279 0.24096870
v 0.01152426 -0.04079502 0.18556660
v 0.01152426 -0.04079502 0.18556660
v 0.01000028 -0.04092139 0.18502960
v 0.00527000 -0.04096359 0.18381581
v 0.00437939 -0.03921711 0.24246000
v 0.00775248 -0.03796243 0.24227200
v 0.00479704 -0.03947097 0.24225530
v 0.02931445 -0.03947359 0.20587499
v 0.02600568 -0.03991687 0.22729561
v 0.00481605 -0.03929239 0.24235480
v 0.00778925 -0.03749322 0.24236859
v 0.00757110 -0.03756111 0.24235959
v 0.00991434 -0.03760361 0.24170350
v 0.00856060 -0.03929561 0.24148130
v 0.00677371 -0.03917330 0.24201840
v 0.00856060 -0.03929561 0.24148130
v 0.02507245 -0.03972548 0.22901981
v 0.00569016 -0.03757399 0.24281020
v 0.00691223 -0.03789341 0.24252480
v 0.02861547 -0.04134160 0.20680490
v 0.01168096 -0.04543119 0.19027300
v 0.01618707 -0.04541087 0.19385050
v 0.01498961 -0.04545027 0.19269720
v 0.00778925 -0.03749322 0.24236859
v 0.00757110 -0.03756111 0.24235959
v 0.00482857 -0.03916895 0.24241900
v 0.00491619 -0.03900200 0.24248770
v 0.02504009 -0.03943485 0.22929730
v 0.00807923 -0.03904950 0.24175380
v 0.00750732 -0.03743577 0.24245229
v 0.00501043 -0.03874987 0.24258710
v 0.00751632 -0.03728580 0.24247409
v 0.00750732 -0.03743577 0.24245229
v 0.00782823 -0.03659039 0.24247220
v 0.00471216 -0.03887230 0.24258161
v 0.01077651 -0.04221045 0.18604220
v 0.02561557 -0.03930389 0.22852930
v 0.02861547 -0.04134160 0.20680490
v 0.02561557 -0.03930389 0.22852930
v 0.02685153 -0.03946763 0.22618520
v 0.02743858 -0.03944933 0.22495100
v 0.01190859 -0.04167354 0.18616460
v 0.00898689 -0.04189270 0.18521570
v 0.00982463 -0.04174762 0.18538250
v 0.00598025 -0.03865194 0.24242260
v 0.00865364 -0.03870928 0.24173920
v 0.00740176 -0.03861570 0.24214379
v 0.01452255 -0.04509842 0.19157369
v 0.00502711 -0.03854632 0.24266700
v 0.00598025 -0.03865194 0.24242260
v 0.00740176 -0.03861570 0.24214379
v 0.00502711 -0.03854632 0.24266700
v 0.00740176 -0.03861570 0.24214379
v 0.00867015 -0.03859263 0.24178210
v 0.00472766 -0.03868287 0.24266140
v 0.02365487 -0.04098325 0.22965591
v 0.00442123 -0.03796112 0.24296060
v 0.01163101 -0.03888249 0.18491811
v 0.02578926 -0.03924489 0.22828850
v 0.02743858 -0.03944933 0.22495100
v 0.02838701 -0.03907924 0.22329780
v 0.00473112 -0.03863811 0.24267910
v 0.02561557 -0.03930389 0.22852930
v 0.00473344 -0.03860694 0.24269120
v 0.00473815 -0.03854423 0.24271481
v 0.00782823 -0.03659039 0.24247220
v 0.01133728 -0.03701215 0.24132881
v 0.00820303 -0.03649127 0.24245191
v 0.01337242 -0.04229187 0.18733130
v 0.02741718 -0.03850036 0.22590610
v 0.02585411 -0.03915345 0.22826540
v 0.00569016 -0.03757399 0.24281020
v 0.01185858 -0.04138058 0.18597320
v 0.01190859 -0.04167354 0.18616460
v 0.00982463 -0.04174762 0.18538250
v 0.02619934 -0.03781712 0.22857641
v 0.02619934 -0.03781712 0.22857641
v 0.02741718 -0.03850036 0.22590610
v 0.02838701 -0.03907924 0.22329780
v 0.00479585 -0.03756260 0.24298750
v 0.00479585 -0.03756260 0.24298750
v 0.00569016 -0.03757399 0.24281020
v 0.00757110 -0.03756111 0.24235959
v 0.02764177 -0.04087072 0.20216820
v 0.00502956 -0.03721529 0.24300499
v 0.00502956 -0.03721529 0.24300499
v 0.00757110 -0.03756111 0.24235959
v 0.00482935 -0.03689771 0.24308370
v 0.00419068 -0.03654110 0.24318001
v 0.00820303 -0.03649127 0.24245191
v 0.00482935 -0.03689771 0.24308370
v 0.01385635 -0.04110413 0.18684430
v 0.01185858 -0.04138058 0.18597320
v 0.00982463 -0.04174762 0.18538250
v 0.02668571 -0.03713715 0.22779050
v 0.02918291 -0.03742557 0.22185390
v 0.02799606 -0.03708750 0.22508970
v 0.01385635 -0.04110413 0.18684430
v 0.02495390 -0.03990918 0.22901590
v 0.01414185 -0.04206913 0.18758050
v 0.00735855 -0.04236042 0.18474171
v 0.01077651 -0.04221045 0.18604220
v 0.02834248 -0.04232281 0.21035109
v 0.01191353 -0.04102617 0.18581361
v 0.01015692 -0.04123896 0.18525870
v 0.00802511 -0.04116898 0.18450710
v 0.00898689 -0.04189270 0.18521570
v 0.01414185 -0.04206913 0.18758050
v 0.01077651 -0.04221045 0.18604220
v 0.01192134 -0.04097163 0.18579081
v 0.01000028 -0.04092139 0.18502960
v 0.01192671 -0.04093432 0.18577529
v 0.02966648 -0.03756731 0.20602611
v 0.02899926 -0.03517258 0.20347470
v 0.01215910 -0.04583626 0.19867741
v 0.02378517 -0.03943181 0.23102280
v 0.02476495 -0.03926974 0.22983129
v 0.01425027 -0.04138690 0.18719810
v 0.02380096 -0.03916054 0.23118880
v 0.02561557 -0.03930389 0.22852930
v 0.02578926 -0.03924489 0.22828850
v 0.01573902 -0.04583656 0.19802640
v 0.01398974 -0.04396581 0.18931291
v 0.02439117 -0.03804975 0.23138019
v 0.02350127 -0.03904229 0.23165821
v 0.01583331 -0.04574930 0.19528840
v 0.01191353 -0.04102617 0.18581361
v 0.01385635 -0.04110413 0.18684430
v 0.01015692 -0.04123896 0.18525870
v 0.01618707 -0.04541087 0.19385050
v 0.01367557 -0.04083478 0.18660679
v 0.01192671 -0.04093432 0.18577529
v 0.01000028 -0.04092139 0.18502960
v 0.01483321 -0.04369539 0.18955120
v 0.01152426 -0.04079502 0.18556660
v 0.01367557 -0.04083478 0.18660679
v 0.01000028 -0.04092139 0.18502960
v 0.02305567 -0.04008579 0.23138770
v 0.01954281 -0.04189997 0.23264940
v 0.02276885 -0.03991085 0.23187260
v 0.02571219 -0.04013317 0.22753140
v 0.02276885 -0.03991085 0.23187260
v 0.02101993 -0.04192650 0.23126000
v 0.02319633 -0.03981906 0.23147200
v 0.02513122 -0.03847706 0.22990771
v 0.01458740 -0.04013264 0.18654220
v 0.01571267 -0.04292309 0.18929639
v 0.02360641 -0.03973209 0.23105811
v 0.02944988 -0.04068726 0.20998190
v 0.02240413 -0.04061245 0.23162819
v 0.02201426 -0.04027289 0.23238280
v 0.01575958 -0.04224365 0.18872200
v 0.01337242 -0.04229187 0.18733130
v 0.02668571 -0.03713715 0.22779050
v 0.02799606 -0.03708750 0.22508970
v 0.02369499 -0.03667628 0.23232430
v 0.02480679 -0.03804349 0.23042130
v 0.02405929 -0.03737986 0.23170820
v 0.02405929 -0.03737986 0.23170820
v 0.02741718 -0.03850036 0.22590610
v 0.02619934 -0.03781712 0.22857641
v 0.02233535 -0.03939944 0.23277161
v 0.02360641 -0.03973209 0.23105811
v 0.02507245 -0.03972548 0.22901981
v 0.02233535 -0.03939944 0.23277161
v 0.02507245 -0.03972548 0.22901981
v 0.02378517 -0.03943181 0.23102280
v 0.02202016 -0.04006958 0.23258010
v 0.01414185 -0.04206913 0.18758050
v 0.01414185 -0.04206913 0.18758050
v 0.01537072 -0.04485905 0.19179399
v 0.01479464 -0.04177993 0.18772291
v 0.00898689 -0.04189270 0.18521570
v 0.01696777 -0.04495120 0.19327840
v 0.02033197 -0.04121911 0.23303090
v 0.02101993 -0.04192650 0.23126000
v 0.01479464 -0.04177993 0.18772291
v 0.01527148 -0.04180228 0.18805170
v 0.02380096 -0.03916054 0.23118880
v 0.02476495 -0.03926974 0.22983129
v 0.02561557 -0.03930389 0.22852930
v 0.01493966 -0.04146063 0.18760569
v 0.02367854 -0.03911298 0.23141870
v 0.02380096 -0.03916054 0.23118880
v 0.02578926 -0.03924489 0.22828850
v 0.02966648 -0.03756731 0.20602611
v 0.02803748 -0.03844082 0.20113340
v 0.02757263 -0.03844457 0.20004240
v 0.01385635 -0.04110413 0.18684430
v 0.02367854 -0.03911298 0.23141870
v 0.02578926 -0.03924489 0.22828850
v 0.02350127 -0.03904229 0.23165821
v 0.01813030 -0.04101949 0.18957530
v 0.01724344 -0.04095542 0.18887290
v 0.01385635 -0.04110413 0.18684430
v 0.01191353 -0.04102617 0.18581361
v 0.01506394 -0.04095691 0.18739800
v 0.01724344 -0.04095542 0.18887290
v 0.01191353 -0.04102617 0.18581361
v 0.01506394 -0.04095691 0.18739800
v 0.01367557 -0.04083478 0.18660679
v 0.02405929 -0.03737986 0.23170820
v 0.01724344 -0.04095542 0.18887290
v 0.01813030 -0.04101949 0.18957530
v 0.01385635 -0.04110413 0.18684430
v 0.02207690 -0.03959369 0.23291580
v 0.01504266 -0.04075306 0.18728431
v 0.01367557 -0.04083478 0.18660679
v 0.01152426 -0.04079502 0.18556660
v 0.01504266 -0.04075306 0.18728431
v 0.01513397 -0.04083657 0.18737890
v 0.02233535 -0.03939944 0.23277161
v 0.02866017 -0.04193764 0.21434639
v 0.01870918 -0.04289257 0.19149750
v 0.02000635 -0.04119324 0.23337290
v 0.02033197 -0.04121911 0.23303090
v 0.02365487 -0.04098325 0.22965591
v 0.01763916 -0.03962522 0.18850300
v 0.01820927 -0.04392343 0.19250999
v 0.02064156 -0.04078489 0.23329070
v 0.02365487 -0.04098325 0.22965591
v 0.02240413 -0.04061245 0.23162819
v 0.03003484 -0.03953176 0.21091659
v 0.02144408 -0.03916686 0.23383510
v 0.02144408 -0.03916686 0.23383510
v 0.02378517 -0.03943181 0.23102280
v 0.02504009 -0.03943485 0.22929730
v 0.01581192 -0.03836214 0.18701521
v 0.02380096 -0.03916054 0.23118880
v 0.01816231 -0.04230070 0.19049381
v 0.02000635 -0.04119324 0.23337290
v 0.01581192 -0.03836214 0.18701521
v 0.01163101 -0.03888249 0.18491811
v 0.01241302 -0.03877025 0.18528910
v 0.01775413 -0.04223227 0.19009590
v 0.01780647 -0.04197806 0.18993130
v 0.02046585 -0.04075062 0.23371480
v 0.02064156 -0.04078489 0.23329070
v 0.02240413 -0.04061245 0.23162819
v 0.01932227 -0.04068601 0.23456261
v 0.01775413 -0.04223227 0.19009590
v 0.02964794 -0.04051184 0.21296480
v 0.01940155 -0.04176533 0.19101450
v 0.02046585 -0.04075062 0.23371480
v 0.01780647 -0.04197806 0.18993130
v 0.01585388 -0.04194837 0.23537029
v 0.01788002 -0.04138267 0.18955509
v 0.01788002 -0.04138267 0.18955509
v 0.01493966 -0.04146063 0.18760569
v 0.01425027 -0.04138690 0.18719810
v 0.01861947 -0.04112249 0.18998580
v 0.01425027 -0.04138690 0.18719810
v 0.01861947 -0.04112249 0.18998580
v 0.02101939 -0.03989505 0.23380511
v 0.02202016 -0.04006958 0.23258010
v 0.02305567 -0.04008579 0.23138770
v 0.01811105 -0.04078078 0.18938009
v 0.03031969 -0.03769963 0.20996520
v 0.01954281 -0.04189997 0.23264940
v 0.01523590 -0.04158979 0.23616371
v 0.01954281 -0.04189997 0.23264940
v 0.02101993 -0.04192650 0.23126000
v 0.02439117 -0.03804975 0.23138019
v 0.01816231 -0.04230070 0.19049381
v 0.01870918 -0.04289257 0.19149750
v 0.01816231 -0.04230070 0.19049381
v 0.01780647 -0.04197806 0.18993130
v 0.01940155 -0.04176533 0.19101450
v 0.01870918 -0.04289257 0.19149750
v 0.01780647 -0.04197806 0.18993130
v 0.01815050 -0.04086923 0.18945470
v 0.01870864 -0.04065716 0.18979441
v 0.01977479 -0.03981459 0.23497930
v 0.02202016 -0.04006958 0.23258010
v 0.02101939 -0.03989505 0.23380511
v 0.02369499 -0.03667628 0.23232430
v 0.01411432 -0.04220014 0.23576710
v 0.01510554 -0.04201841 0.23563179
v 0.01873904 -0.03960484 0.23596810
v 0.02305567 -0.04008579 0.23138770
v 0.01873904 -0.03960484 0.23596810
v 0.02101939 -0.03989505 0.23380511
v 0.02305567 -0.04008579 0.23138770
v 0.02144408 -0.03916686 0.23383510
v 0.02233535 -0.03939944 0.23277161
v 0.02378517 -0.03943181 0.23102280
v 0.01951020 -0.04153645 0.19107310
v 0.01787549 -0.04114401 0.23521639
v 0.02000635 -0.04119324 0.23337290
v 0.01866763 -0.04079896 0.18983680
v 0.02147763 -0.03904330 0.23394389
v 0.02144408 -0.03916686 0.23383510
v 0.02380096 -0.03916054 0.23118880
v 0.01900225 -0.04067552 0.19003530
v 0.02081161 -0.03892278 0.23461790
v 0.02147763 -0.03904330 0.23394389
v 0.02380096 -0.03916054 0.23118880
v 0.02081161 -0.03892278 0.23461790
v 0.02367854 -0.03911298 0.23141870
v 0.02350127 -0.03904229 0.23165821
v 0.02081161 -0.03892278 0.23461790
v 0.02380096 -0.03916054 0.23118880
v 0.02367854 -0.03911298 0.23141870
v 0.01813030 -0.04101949 0.18957530
v 0.01952862 -0.04119890 0.19080360
v 0.01861947 -0.04112249 0.18998580
v 0.01999855 -0.03924679 0.23517480
v 0.01902645 -0.03940892 0.23591630
v 0.01952862 -0.04119890 0.19080360
v 0.01940155 -0.04176533 0.19101450
v 0.01951020 -0.04153645 0.19107310
v 0.01952862 -0.04119890 0.19080360
v 0.01951020 -0.04153645 0.19107310
v 0.01861947 -0.04112249 0.18998580
v 0.01787739 -0.04100167 0.23538920
v 0.02163726 -0.03891718 0.23385499
v 0.02081161 -0.03892278 0.23461790
v 0.02350127 -0.03904229 0.23165821
v 0.01946061 -0.03820431 0.23629160
v 0.01946061 -0.03820431 0.23629160
v 0.02163726 -0.03891718 0.23385499
v 0.02350127 -0.03904229 0.23165821
v 0.01942902 -0.04068976 0.19040720
v 0.01900225 -0.04067552 0.19003530
v 0.01870864 -0.04065716 0.18979441
v 0.01942902 -0.04068976 0.19040720
v 0.02144408 -0.03916686 0.23383510
v 0.01882690 -0.03915274 0.18930300
v 0.02029412 -0.04086506 0.19119620
v 0.01952862 -0.04119890 0.19080360
v 0.01820868 -0.04072576 0.23546261
v 0.01884710 -0.03877466 0.18922541
v 0.01998597 -0.04071342 0.19091649
v 0.01990610 -0.04080438 0.19089720
v 0.01940155 -0.04176533 0.19101450
v 0.01932227 -0.04068601 0.23456261
v 0.02087360 -0.03900122 0.23454110
v 0.02147763 -0.03904330 0.23394389
v 0.02081161 -0.03892278 0.23461790
v 0.01935631 -0.03962641 0.18987501
v 0.02081161 -0.03892278 0.23461790
v 0.02163726 -0.03891718 0.23385499
v 0.01990610 -0.04080438 0.19089720
v 0.02029412 -0.04086506 0.19119620
v 0.01866763 -0.04079896 0.18983680
v 0.01998597 -0.04071342 0.19091649
v 0.01942902 -0.04068976 0.19040720
v 0.01870864 -0.04065716 0.18979441
v 0.02012634 -0.03796201 0.19014330
v 0.01581192 -0.03836214 0.18701521
v 0.01842260 -0.03805381 0.18875331
v 0.02012634 -0.03796201 0.19014330
v 0.02014541 -0.04018348 0.19080630
v 0.01968592 -0.04018735 0.19039550
v 0.02040255 -0.04072839 0.19131200
v 0.01717936 -0.04057019 0.23637579
v 0.01820868 -0.04072576 0.23546261
v 0.01932227 -0.04068601 0.23456261
v 0.02040255 -0.04072839 0.19131200
v 0.02049010 -0.03970050 0.19092920
v 0.01967370 -0.03868466 0.18988781
v 0.01932227 -0.04068601 0.23456261
v 0.02046585 -0.04075062 0.23371480
v 0.02045184 -0.04061990 0.19129650
v 0.02067744 -0.04039812 0.19140729
v 0.01946061 -0.03820431 0.23629160
v 0.02439117 -0.03804975 0.23138019
v 0.02405929 -0.03737986 0.23170820
v 0.01549959 -0.04127842 0.23662570
v 0.02011090 -0.03948897 0.19048230
v 0.02015912 -0.03902751 0.19038400
v 0.01659393 -0.04016309 0.23704880
v 0.01851153 -0.03995901 0.23594950
v 0.01607447 -0.04087162 0.23678771
v 0.02057194 -0.03914415 0.19079110
v 0.01851153 -0.03995901 0.23594950
v 0.02065706 -0.03857684 0.19074300
v 0.02185058 -0.03733456 0.23427171
v 0.02084016 -0.03917396 0.19105180
v 0.01946061 -0.03820431 0.23629160
v 0.02405929 -0.03737986 0.23170820
v 0.02179634 -0.03779232 0.23414139
v 0.02180474 -0.04055219 0.19255421
v 0.01977479 -0.03981459 0.23497930
v 0.02101939 -0.03989505 0.23380511
v 0.01873904 -0.03960484 0.23596810
v 0.02072334 -0.03880470 0.19084530
v 0.02111643 -0.03889733 0.19124500
v 0.02112472 -0.03920298 0.19133480
v 0.01804053 -0.04566711 0.20053940
v 0.01873695 -0.03948533 0.23611990
v 0.02174878 -0.03908801 0.19193780
v 0.02133285 -0.03860849 0.19139031
v 0.01902645 -0.03940892 0.23591630
v 0.01999855 -0.03924679 0.23517480
v 0.02220922 -0.03760552 0.19216610
v 0.01885539 -0.03894388 0.23634490
v 0.01885539 -0.03894388 0.23634490
v 0.02147763 -0.03904330 0.23394389
v 0.02087360 -0.03900122 0.23454110
v 0.01795691 -0.03918671 0.23686419
v 0.01999855 -0.03924679 0.23517480
v 0.02144408 -0.03916686 0.23383510
v 0.01764959 -0.03902149 0.23718360
v 0.02144408 -0.03916686 0.23383510
v 0.02394104 -0.04052644 0.19531600
v 0.02180474 -0.04055219 0.19255421
v 0.02391815 -0.04036915 0.19490790
v 0.01826119 -0.03878998 0.23686510
v 0.01893687 -0.03888386 0.23631071
v 0.02081161 -0.03892278 0.23461790
v 0.02394104 -0.04052644 0.19531600
v 0.02429008 -0.04112005 0.19643560
v 0.01581496 -0.03939938 0.23815450
v 0.01581496 -0.03939938 0.23815450
v 0.01902645 -0.03940892 0.23591630
v 0.01805627 -0.03925669 0.23677310
v 0.01581496 -0.03939938 0.23815450
v 0.01873695 -0.03948533 0.23611990
v 0.01902645 -0.03940892 0.23591630
v 0.02394104 -0.04052644 0.19531600
v 0.02391815 -0.04036915 0.19490790
v 0.02429008 -0.04112005 0.19643560
v -0.02418142 -0.02383726 0.23432299
v -0.02188611 -0.02312713 0.23664001
v -0.02467113 -0.02385115 0.23380020
v -0.02258229 -0.02357459 0.23605090
v -0.02476876 -0.02401173 0.23375671
v -0.02258086 -0.02370780 0.23604891
v -0.02033448 -0.02268773 0.23802979
v -0.02141571 -0.02129846 0.23720130
v -0.02532380 -0.02223503 0.23313870
v -0.02188611 -0.02312713 0.23664001
v -0.02418142 -0.02383726 0.23432299
v -0.02476876 -0.02401173 0.23375671
v -0.02206224 -0.02339249 0.23655111
v -0.02476876 -0.02401173 0.23375671
v -0.02258229 -0.02357459 0.23605090
v -0.02188611 -0.02312713 0.23664001
v -0.02206224 -0.02339249 0.23655111
v -0.02180665 -0.02414572 0.23674551
v -0.01951599 -0.02093511 0.23875780
v -0.01958256 -0.02095013 0.23869251
v -0.02141571 -0.02129846 0.23720130
v -0.01951599 -0.02093511 0.23875780
v -0.02188611 -0.02312713 0.23664001
v -0.01534271 -0.02012789 0.24144140
v -0.01869195 -0.02344715 0.23926130
v -0.01868325 -0.02241122 0.23931900
v -0.01577752 -0.02296936 0.24117251
v -0.02188611 -0.02312713 0.23664001
v -0.01715081 -0.02055561 0.24037521
v -0.01534271 -0.02012789 0.24144140
v -0.01951599 -0.02093511 0.23875780
v -0.01869195 -0.02344715 0.23926130
v -0.01577752 -0.02296936 0.24117251
v -0.02188611 -0.02312713 0.23664001
v -0.01320832 -0.02000820 0.24258859
v -0.01534271 -0.02012789 0.24144140
v -0.01715081 -0.02055561 0.24037521
v -0.01534271 -0.02012789 0.24144140
v -0.01204293 -0.01988613 0.24301679
v -0.01320832 -0.02000820 0.24258859
v -0.00683021 -0.03502190 0.18171810
v -0.00356698 -0.03677326 0.18129399
v -0.00715441 -0.03662651 0.18189400
v -0.00356698 -0.03677141 0.18129399
v -0.00024641 -0.03603374 0.18104790
v -0.00907040 -0.03574526 0.18240540
v -0.01136773 -0.03471291 0.18312430
v -0.00916290 -0.03650432 0.18240520
v -0.01410287 -0.03610122 0.18424290
v -0.01448822 -0.03436475 0.18445940
v -0.01682651 -0.03414946 0.18580189
v -0.01712036 -0.03400331 0.18595479
v -0.01191711 -0.02189832 0.24299970
v -0.01427960 -0.02196949 0.24188800
v -0.01943963 -0.03539472 0.18755689
v -0.02004235 -0.03346830 0.18803760
v -0.02343750 -0.03445369 0.19106071
v -0.02280426 -0.03298860 0.19047140
v -0.02280426 -0.03298860 0.19047140
v -0.02482599 -0.03222668 0.19266100
v -0.02004235 -0.03346830 0.18803760
v -0.02482599 -0.03222668 0.19266100
v -0.01132410 -0.02170026 0.24322221
v -0.02761650 -0.03138262 0.19655959
v -0.02733612 -0.03318601 0.19620870
v -0.02733612 -0.03318601 0.19620870
v -0.02343750 -0.03445369 0.19106071
v -0.02643585 -0.03350263 0.19487350
v -0.00725722 -0.02121502 0.24439320
v -0.00725722 -0.02121502 0.24439320
v -0.01427960 -0.02196949 0.24188800
v -0.01132410 -0.02170026 0.24322221
v -0.02875328 -0.03229439 0.19868430
v -0.01037901 -0.02158600 0.24355949
v -0.00929749 -0.02161961 0.24388240
v -0.01132410 -0.02170026 0.24322221
v -0.02875328 -0.03229439 0.19868430
v -0.02733612 -0.03318601 0.19620870
v -0.03044271 -0.03163135 0.20262310
v -0.01037901 -0.02158600 0.24355949
v -0.00699610 -0.02222073 0.24445120
v -0.00773621 -0.01954656 0.24436159
v -0.01204293 -0.01988613 0.24301679
v -0.01320832 -0.02000820 0.24258859
v -0.03044271 -0.03163135 0.20262310
v -0.03045463 -0.02981436 0.20255820
v -0.00773621 -0.01954656 0.24436159
v -0.03158503 -0.02889430 0.20668291
v -0.00753128 -0.02138316 0.24437210
v -0.00725722 -0.02121502 0.24439320
v -0.01037901 -0.02158600 0.24355949
v -0.00929749 -0.02161961 0.24388240
v -0.00821590 -0.02167183 0.24420480
v -0.00666803 -0.01948368 0.24460950
v -0.03154504 -0.03071659 0.20656081
v -0.00684512 -0.02145719 0.24453330
v -0.00684512 -0.02145719 0.24453330
v -0.00929749 -0.02161961 0.24388240
v -0.00773621 -0.01954656 0.24436159
v -0.00261301 -0.01918029 0.24520759
v -0.00410461 -0.01937490 0.24504440
v -0.00666803 -0.01948368 0.24460950
v -0.00773621 -0.01954656 0.24436159
v -0.00410461 -0.01937490 0.24504440
v -0.03213268 -0.02984714 0.21149340
v -0.03220534 -0.02746820 0.21192810
v -0.00372481 -0.01936542 0.24508920
v -0.00261301 -0.01918029 0.24520759
v -0.00410461 -0.01937490 0.24504440
v -0.00343686 -0.02100580 0.24507900
v -0.03208452 -0.02946007 0.21490350
v -0.03214377 -0.02662456 0.21518870
v -0.00350952 -0.02105915 0.24510120
v -0.00466502 -0.02149111 0.24492881
v -0.00466472 -0.02159667 0.24492709
v -0.03157049 -0.02553987 0.21966480
v -0.03172653 -0.02779918 0.21866199
v -0.00350952 -0.02105915 0.24510120
v -0.00343686 -0.02100580 0.24507900
v -0.00725722 -0.02121502 0.24439320
v 0.00089407 -0.02170431 0.24532370
v -0.00233275 -0.02082401 0.24519500
v -0.00123322 -0.02135008 0.24522801
v -0.00013426 -0.02080279 0.24527970
v 0.00257683 -0.01946020 0.24521510
v -0.00013424 -0.02110105 0.24527460
v -0.03064721 -0.02474367 0.22327490
v -0.00013424 -0.02110105 0.24527460
v -0.03093624 -0.02757275 0.22188540
v -0.02787011 -0.02312052 0.22937170
v -0.02913182 -0.02609735 0.22695130
v -0.02996915 -0.02635973 0.22489350
v -0.02689778 -0.02468651 0.23081200
v -0.02476876 -0.02401173 0.23375671
v -0.02913182 -0.02609735 0.22695130
v -0.02640908 -0.02521145 0.23147170
v -0.02476876 -0.02401173 0.23375671
v -0.02689778 -0.02468651 0.23081200
v -0.02913182 -0.02609735 0.22695130
v -0.02418142 -0.02383726 0.23432299
v -0.02467113 -0.02385115 0.23380020
v -0.02689778 -0.02468651 0.23081200
v -0.02689778 -0.02468651 0.23081200
v 0.01215368 -0.04567301 0.19892509
v 0.01215291 -0.04551082 0.19892541
v 0.01215142 -0.04564249 0.19892851
v 0.01215368 -0.04567301 0.19892509
v 0.01208299 -0.04573166 0.19889520
v 0.01216256 -0.04578381 0.19884650
v 0.00675535 -0.01929885 0.24447639
v 0.01014709 -0.01956015 0.24361201
v 0.00999832 -0.01949274 0.24350139
v 0.00807190 -0.01948225 0.24426620
v 0.00676721 -0.01939916 0.24459240
v 0.01010125 -0.01970684 0.24369010
v 0.01012414 -0.01969724 0.24361770
v 0.00676721 -0.01939916 0.24459240
v 0.01012414 -0.01969724 0.24361770
v 0.00807190 -0.01948225 0.24426620
v 0.00700659 -0.01945060 0.24452950
v 0.01010125 -0.01970684 0.24369010
v 0.00676721 -0.01939916 0.24459240
v 0.00631326 -0.01944935 0.24472640
v 0.00509644 -0.01932919 0.24492230
v 0.00676721 -0.01939916 0.24459240
v 0.00807190 -0.01948225 0.24426620
v 0.00509644 -0.01932919 0.24492230
v 0.00807190 -0.01948225 0.24426620
v 0.00675535 -0.01929885 0.24447639
v 0.00341892 -0.01920133 0.24505590
v 0.00675535 -0.01929885 0.24447639
v 0.00332606 -0.01914066 0.24496740
v 0.00346625 -0.01922434 0.24506980
v 0.00234461 -0.01926577 0.24522720
v 0.00675535 -0.01929885 0.24447639
v 0.00346625 -0.01922434 0.24506980
v 0.00509644 -0.01932919 0.24492230
v 0.00675535 -0.01929885 0.24447639
v 0.00234461 -0.01926577 0.24522720
v 0.00631326 -0.01944935 0.24472640
v 0.00676721 -0.01939916 0.24459240
v 0.00509644 -0.01932919 0.24492230
v 0.00234461 -0.01926577 0.24522720
v 0.00334161 -0.01935136 0.24513310
v 0.00631326 -0.01944935 0.24472640
v 0.00509644 -0.01932919 0.24492230
v 0.00334161 -0.01935136 0.24513310
v 0.00509644 -0.01932919 0.24492230
v 0.00234461 -0.01926577 0.24522720
v 0.00058031 -0.01910990 0.24517040
v 0.00000000 -0.01917761 0.24525790
v 0.00341892 -0.01920133 0.24505590
v 0.00058031 -0.01910990 0.24517040
v -0.00261301 -0.01918029 0.24520759
v -0.00261301 -0.01918029 0.24520759
v 0.00234461 -0.01926577 0.24522720
v 0.00341892 -0.01920133 0.24505590
v -0.00261301 -0.01918029 0.24520759
v 0.00341892 -0.01920133 0.24505590
v 0.00000000 -0.01917761 0.24525790
v 0.00222778 -0.03508770 0.18118450
v -0.00230211 -0.03507316 0.18116760
v 0.00127405 -0.03502953 0.18120310
v 0.00222778 -0.03508770 0.18118450
v 0.00006801 -0.03512167 0.18109579
v -0.00230211 -0.03507316 0.18116760
v 0.00267792 -0.03515058 0.18117490
v 0.00006801 -0.03512167 0.18109579
v 0.00222778 -0.03508770 0.18118450
v 0.00002670 -0.03517830 0.18107051
v 0.00002670 -0.03517830 0.18107051
v 0.00267792 -0.03515058 0.18117490
v 0.00543594 -0.03495270 0.18155210
v 0.00127405 -0.03502953 0.18120310
v 0.00412750 -0.03513103 0.18132851
v 0.00761122 -0.03517687 0.18188269
v 0.00412750 -0.03513103 0.18132851
v 0.00938797 -0.03482878 0.18243380
v 0.00412750 -0.03513103 0.18132851
v 0.00543594 -0.03495270 0.18155210
v 0.00761122 -0.03517687 0.18188269
v 0.00412750 -0.03513103 0.18132851
v 0.00938797 -0.03482878 0.18243380
v 0.00791168 -0.03485310 0.18208280
v 0.01068490 -0.03460848 0.18297550
v 0.00791168 -0.03485310 0.18208280
v 0.00543594 -0.03495270 0.18155210
v 0.01290124 -0.03449070 0.18374220
v 0.00938797 -0.03482878 0.18243380
v 0.00791168 -0.03485310 0.18208280
v 0.02805417 -0.02321517 0.22906080
v 0.03067636 -0.02472513 0.22318190
v 0.02965605 -0.02402031 0.22547220
v 0.01290124 -0.03449070 0.18374220
v 0.00791168 -0.03485310 0.18208280
v 0.01068490 -0.03460848 0.18297550
v 0.01290124 -0.03449070 0.18374220
v 0.01674073 -0.03386843 0.18584409
v 0.01338189 -0.03448683 0.18395589
v 0.00938797 -0.03482878 0.18243380
v 0.01290124 -0.03449070 0.18374220
v 0.01338189 -0.03448683 0.18395589
v 0.01290124 -0.03449070 0.18374220
v 0.01434600 -0.03434109 0.18443340
v 0.01742547 -0.03392797 0.18614170
v 0.01290124 -0.03449070 0.18374220
v 0.01674073 -0.03386843 0.18584409
v 0.01742547 -0.03392797 0.18614170
v 0.01434600 -0.03434109 0.18443340
v 0.01290124 -0.03449070 0.18374220
v 0.01742547 -0.03392797 0.18614170
v 0.01338189 -0.03448683 0.18395589
v 0.01434600 -0.03434109 0.18443340
v 0.01938241 -0.03350365 0.18754549
v 0.02005386 -0.03327661 0.18825310
v 0.01955509 -0.03349834 0.18768699
v 0.01674073 -0.03386843 0.18584409
v 0.01938241 -0.03350365 0.18754549
v 0.02106469 -0.03318417 0.18883871
v 0.01674073 -0.03386843 0.18584409
v 0.01955509 -0.03349834 0.18768699
v 0.01742547 -0.03392797 0.18614170
v 0.01674073 -0.03386843 0.18584409
v 0.02106469 -0.03318417 0.18883871
v 0.02106469 -0.03318417 0.18883871
v 0.01745218 -0.03448110 0.18616360
v 0.01742547 -0.03392797 0.18614170
v 0.02553647 -0.02222502 0.23272680
v 0.02562332 -0.02236419 0.23282211
v 0.02805417 -0.02321517 0.22906080
v 0.02266311 -0.03280740 0.19033781
v 0.01955509 -0.03349834 0.18768699
v 0.01938241 -0.03350365 0.18754549
v 0.02189636 -0.02134144 0.23679700
v 0.02106469 -0.03318417 0.18883871
v 0.01955509 -0.03349834 0.18768699
v 0.02266311 -0.03280740 0.19033781
v 0.02106469 -0.03318417 0.18883871
v 0.02232050 -0.03300970 0.19002061
v 0.01745218 -0.03448110 0.18616360
v 0.02266311 -0.03280740 0.19033781
v 0.02266311 -0.03280740 0.19033781
v 0.02232050 -0.03300970 0.19002061
v 0.02106469 -0.03318417 0.18883871
v 0.02188354 -0.02130359 0.23670159
v 0.02188354 -0.02130359 0.23670159
v 0.02553647 -0.02222502 0.23272680
v 0.02183580 -0.02127146 0.23675820
v 0.02189636 -0.02134144 0.23679700
v 0.02185690 -0.02142220 0.23678739
v 0.02562332 -0.02236419 0.23282211
v 0.02185297 -0.02132618 0.23675920
v 0.02189636 -0.02134144 0.23679700
v 0.02188354 -0.02130359 0.23670159
v 0.02478599 -0.03235536 0.19266281
v 0.02498430 -0.03217995 0.19294330
v 0.02266311 -0.03280740 0.19033781
v 0.02490234 -0.03213697 0.19287460
v 0.02664852 -0.03147345 0.19537321
v 0.02490234 -0.03213697 0.19287460
v 0.02266311 -0.03280740 0.19033781
v 0.02183580 -0.02127146 0.23675820
v 0.02185297 -0.02132618 0.23675920
v 0.02188354 -0.02130359 0.23670159
v 0.02189636 -0.02134144 0.23679700
v 0.02185297 -0.02132618 0.23675920
v 0.02183580 -0.02127146 0.23675820
v 0.01866906 -0.02076542 0.23939100
v 0.02478599 -0.03235536 0.19266281
v 0.01866906 -0.02076542 0.23939100
v 0.02183580 -0.02127146 0.23675820
v 0.01905298 -0.02068233 0.23899721
v 0.01866906 -0.02076542 0.23939100
v 0.02189636 -0.02134144 0.23679700
v 0.02183580 -0.02127146 0.23675820
v 0.02664852 -0.03147345 0.19537321
v 0.02770805 -0.03134065 0.19671211
v 0.02735519 -0.03130543 0.19624680
v 0.01618283 -0.02039819 0.24100940
v 0.02735519 -0.03130543 0.19624680
v 0.01470750 -0.01997762 0.24168371
v 0.02961063 -0.03037083 0.20042010
v 0.02735519 -0.03130543 0.19624680
v 0.02664852 -0.03147345 0.19537321
v 0.02961063 -0.03037083 0.20042010
v 0.02664852 -0.03147345 0.19537321
v 0.02862739 -0.03073889 0.19856229
v 0.00999832 -0.01949274 0.24350139
v 0.01470750 -0.01997762 0.24168371
v 0.01007330 -0.01951289 0.24346730
v 0.02961063 -0.03037083 0.20042010
v 0.02770805 -0.03134065 0.19671211
v 0.02735519 -0.03130543 0.19624680
v 0.03072929 -0.02955538 0.20343180
v 0.02961063 -0.03037083 0.20042010
v 0.02862739 -0.03073889 0.19856229
v 0.01320827 -0.01994198 0.24247180
v 0.01618283 -0.02039819 0.24100940
v 0.01470750 -0.01997762 0.24168371
v 0.01320868 -0.01995939 0.24247719
v 0.01320868 -0.01995939 0.24247719
v 0.01010125 -0.01970684 0.24369010
v 0.01618283 -0.02039819 0.24100940
v 0.01470750 -0.01997762 0.24168371
v 0.01198571 -0.01976788 0.24301881
v 0.01012414 -0.01969724 0.24361770
v 0.01320827 -0.01994198 0.24247180
v 0.01470750 -0.01997762 0.24168371
v 0.01012414 -0.01969724 0.24361770
v 0.01012414 -0.01969724 0.24361770
v 0.01470750 -0.01997762 0.24168371
v 0.01198571 -0.01976788 0.24301881
v 0.01320868 -0.01995939 0.24247719
v 0.00807190 -0.01948225 0.24426620
v 0.01198571 -0.01976788 0.24301881
v 0.01014709 -0.01956015 0.24361201
v 0.01012414 -0.01969724 0.24361770
v 0.00675535 -0.01929885 0.24447639
v -0.00303936 -0.04211264 0.23714660
v -0.00426173 -0.04234874 0.23846731
v -0.00273466 -0.04250639 0.23609421
v -0.00197887 -0.04151630 0.23636220
v -0.00327575 -0.04190462 0.23795150
v -0.00303936 -0.04211264 0.23714660
v -0.00276524 -0.04152160 0.23720340
v -0.00327575 -0.04190462 0.23795150
v -0.00197887 -0.04151630 0.23636220
v -0.00234342 -0.04194819 0.23656860
v -0.00303936 -0.04211264 0.23714660
v -0.00185770 -0.04230886 0.23594449
v -0.00197887 -0.04151630 0.23636220
v -0.00179672 -0.04206472 0.23610470
v -0.00197887 -0.04151630 0.23636220
v -0.00185770 -0.04230886 0.23594449
v -0.00185770 -0.04230886 0.23594449
v -0.00303936 -0.04211264 0.23714660
v -0.00273466 -0.04250639 0.23609421
v -0.00179672 -0.04206472 0.23610470
v -0.00162083 -0.04220080 0.23591819
v -0.00123399 -0.04208832 0.23583670
v -0.00095367 -0.04166424 0.23583961
v -0.00197887 -0.04151630 0.23636220
v -0.00179672 -0.04206472 0.23610470
v -0.00040150 -0.04260158 0.23506650
v -0.00090408 -0.04231560 0.23558021
v -0.00123399 -0.04208832 0.23583670
v -0.00090408 -0.04231560 0.23558021
v -0.00040150 -0.04260158 0.23506650
v 0.00041652 -0.04254406 0.23524460
v -0.00070190 -0.04198849 0.23569080
v 0.00041652 -0.04254406 0.23524460
v 0.00000668 -0.04144501 0.23556601
v -0.00005281 -0.04198849 0.23562831
v -0.00005281 -0.04198849 0.23562831
v -0.00123399 -0.04208832 0.23583670
v -0.00070190 -0.04198849 0.23569080
v -0.00123399 -0.04208832 0.23583670
v -0.00005281 -0.04198849 0.23562831
v 0.00009012 -0.04169732 0.23569690
v -0.00048021 -0.04168546 0.23573171
v 0.00009012 -0.04169732 0.23569690
v 0.00000668 -0.04144501 0.23556601
v -0.00048021 -0.04168546 0.23573171
v 0.00000668 -0.04144501 0.23556601
v -0.00123399 -0.04208832 0.23583670
v -0.00048021 -0.04168546 0.23573171
v -0.00123399 -0.04208832 0.23583670
v 0.00009012 -0.04169732 0.23569690
v 0.01244235 -0.04543769 0.19900919
v 0.01215302 -0.04542553 0.19893131
v 0.01223075 -0.04540455 0.19893210
v 0.01244235 -0.04543769 0.19900919
v 0.01274740 -0.04571110 0.19946600
v 0.01260769 -0.04525035 0.19949991
v 0.01215505 -0.04549735 0.19892330
v 0.01244235 -0.04543769 0.19900919
v 0.01223075 -0.04540455 0.19893210
v 0.01244777 -0.04522866 0.19951920
v 0.01244235 -0.04543769 0.19900919
v 0.01260769 -0.04525035 0.19949991
v 0.01215505 -0.04561126 0.19892929
v -0.00622940 -0.02443361 0.24320480
v -0.00433260 -0.03524231 0.24320440
v -0.00146866 -0.03571701 0.24339600
v -0.03062391 -0.03248101 0.21173140
v -0.03048801 -0.03740715 0.21326230
v -0.03016602 -0.03734266 0.21736661
v 0.00122732 -0.02409583 0.24373309
v 0.00144851 -0.03524231 0.24347910
v -0.03038316 -0.03118288 0.21654961
v 0.00433260 -0.03524231 0.24320440
v -0.02929115 -0.02977502 0.22223251
v -0.02878087 -0.03743773 0.22309470
v 0.00511926 -0.02439773 0.24337740
v 0.00870532 -0.02461266 0.24253610
v 0.01227951 -0.02492344 0.24129270
v 0.01381200 -0.03664100 0.24016640
v -0.02593129 -0.02791464 0.22959870
v -0.02661466 -0.03717625 0.22798370
v -0.02431958 -0.03687441 0.23145171
v 0.01716607 -0.02555382 0.23854420
v -0.02236938 -0.02674210 0.23408100
v 0.02026367 -0.02624142 0.23612569
v -0.02112191 -0.03670603 0.23501560
v 0.02359765 -0.02709394 0.23265430
v -0.01840204 -0.02585995 0.23768590
v -0.01709359 -0.03668546 0.23822950
v 0.02566337 -0.02784550 0.22991531
v -0.01485818 -0.02524292 0.23997851
v -0.01513290 -0.03677302 0.23950930
v 0.02799606 -0.03708750 0.22508970
v 0.02807992 -0.02895551 0.22528800
v -0.00751877 -0.03658080 0.24254949
v -0.00438499 -0.03657537 0.24316341
v 0.02915304 -0.02973800 0.22248609
v -0.01132202 -0.03682911 0.24131750
v 0.03025293 -0.03087246 0.21781130
v -0.01135247 -0.02483952 0.24163790
v 0.03061783 -0.03222447 0.21262041
v -0.02511590 -0.03765404 0.19569559
v -0.02602529 -0.03602319 0.19689530
v -0.02150726 -0.03753095 0.19140600
v -0.02860164 -0.03771412 0.20243430
v -0.02944827 -0.03366315 0.20463440
v -0.02970951 -0.03751635 0.20613439
v -0.03025513 -0.03793662 0.20965371
v -0.03214377 -0.02662456 0.21518870
v 0.03172290 -0.02575927 0.21873870
v 0.03212708 -0.02660059 0.21532489
v -0.01870918 -0.02062952 0.23929760
v -0.01534271 -0.02012789 0.24144140
v 0.01470750 -0.01997762 0.24168371
v 0.03216624 -0.02747189 0.21179549
v 0.01905298 -0.02068233 0.23899721
v -0.03179550 -0.02803814 0.20927019
v -0.02220535 -0.02134430 0.23641180
v 0.02183580 -0.02127146 0.23675820
v -0.03036499 -0.02977669 0.20241520
v 0.03183525 -0.02833569 0.20833750
v -0.02532380 -0.02223503 0.23313870
v 0.03072929 -0.02955538 0.20343180
v -0.00687790 -0.03485971 0.18191500
v -0.01245117 -0.03442102 0.18366981
v 0.02553647 -0.02222502 0.23272680
v -0.02787011 -0.02312052 0.22937170
v -0.02866739 -0.03071790 0.19863480
v 0.02862739 -0.03073889 0.19856229
v -0.01819610 -0.03365665 0.18675201
v 0.02805417 -0.02321517 0.22906080
v -0.02144616 -0.03302967 0.18925069
v -0.02991002 -0.02417242 0.22509740
v -0.00644684 -0.01928311 0.24453610
v -0.00261301 -0.01918029 0.24520759
v 0.00332606 -0.01914066 0.24496740
v -0.03157049 -0.02553987 0.21966480
v 0.02965605 -0.02402031 0.22547220
v -0.01123905 -0.01961725 0.24316999
v 0.00675535 -0.01929885 0.24447639
v 0.03067636 -0.02472513 0.22318190
v 0.01007330 -0.01951289 0.24346730
v 0.00190014 -0.04459708 0.21259961
v 0.00201041 -0.04401099 0.21882160
v -0.00042963 -0.04368108 0.22275560
v 0.01183795 -0.04406124 0.21879940
v 0.00729626 -0.04392313 0.22018491
v 0.00782883 -0.04403096 0.21877059
v 0.01070261 -0.04375737 0.22216390
v -0.01527953 -0.04595834 0.19666730
v -0.01200157 -0.04578959 0.19902150
v -0.01256936 -0.04578649 0.19906490
v -0.01696532 -0.04563581 0.19956420
v -0.01283305 -0.04322206 0.22803080
v -0.01848602 -0.04309618 0.22984290
v -0.01406174 -0.04329550 0.22734471
v 0.01356530 -0.04327064 0.22785871
v 0.01453381 -0.04336464 0.22658440
v -0.01456326 -0.04337394 0.22618380
v -0.01256704 -0.04323637 0.22812900
v -0.01134377 -0.04322880 0.22797289
v -0.00426173 -0.04234874 0.23846731
v 0.00198323 -0.04507207 0.20660360
v -0.00203604 -0.04514902 0.20634571
v -0.00317156 -0.04558610 0.20145540
v -0.00388145 -0.04526585 0.20488690
v -0.00529969 -0.04526537 0.20486391
v -0.00641626 -0.04526150 0.20509930
v -0.00787544 -0.04552108 0.20192590
v 0.01106804 -0.04430419 0.21577230
v 0.00737947 -0.04420417 0.21678130
v -0.00372696 -0.04527360 0.20492239
v 0.00467992 -0.04453009 0.21300910
v -0.00714874 -0.04323559 0.22807780
v -0.00737286 -0.04321539 0.22775359
v -0.00264072 -0.04523831 0.20535770
v -0.00318527 -0.04525929 0.20507310
v 0.00811744 -0.04467737 0.21170969
v -0.00681782 -0.04323047 0.22811720
v 0.00135458 -0.04531848 0.20428459
v -0.00236893 -0.04519832 0.20569959
v 0.00784355 -0.04475903 0.21078180
v -0.00554979 -0.04324209 0.22822300
v -0.00273466 -0.04250639 0.23609421
v -0.00040150 -0.04260158 0.23506650
v 0.00815392 -0.04482942 0.20976131
v 0.00402516 -0.04476785 0.21060750
v 0.00502014 -0.04503810 0.20740770
v 0.00274777 -0.04252207 0.23602360
v -0.00070256 -0.04324275 0.22821620
v 0.00041652 -0.04254406 0.23524460
v -0.01461601 -0.04562598 0.20092550
v -0.02404618 -0.04447346 0.21367620
v -0.02106714 -0.04535794 0.20368931
v 0.00414467 -0.04324293 0.22821450
v 0.01274740 -0.04571110 0.19946600
v 0.01367950 -0.04534059 0.20411840
v 0.01461273 -0.04530060 0.20441930
v 0.00272375 -0.04392319 0.22047710
v 0.00155926 -0.04362511 0.22379610
v 0.00277924 -0.04392397 0.22037479
v 0.00155926 -0.04362511 0.22379610
v 0.00272375 -0.04392319 0.22047710
v -0.00743777 -0.04507911 0.20704880
v 0.00509435 -0.04387050 0.22099310
v 0.00591844 -0.04357731 0.22428641
v 0.00155926 -0.04362511 0.22379610
v 0.00277924 -0.04392397 0.22037479
v -0.01805007 -0.04563820 0.20045049
v 0.01221579 -0.04324293 0.22821450
v 0.01418495 -0.04535263 0.20396800
v 0.01383584 -0.04535794 0.20398299
v 0.00806832 -0.04361701 0.22390319
v -0.01429176 -0.04569178 0.20016439
v -0.00731313 -0.04513490 0.20625091
v -0.00743777 -0.04507911 0.20704880
v -0.01134377 -0.04322880 0.22797289
v -0.00731313 -0.04513490 0.20625091
v -0.01126950 -0.04513967 0.20626770
v 0.00673902 -0.04390615 0.22064009
v 0.00814748 -0.04362589 0.22378001
v -0.01091516 -0.04528176 0.20469740
v -0.01376956 -0.04574078 0.19956040
v 0.00926661 -0.04367458 0.22326580
v 0.01658940 -0.04571008 0.19943351
v -0.00678486 -0.04521203 0.20539470
v 0.01443094 -0.04534137 0.20408601
v 0.02732640 -0.02479398 0.23008010
v 0.02948945 -0.02606976 0.22608539
v 0.02948945 -0.02606976 0.22608539
v 0.02536964 -0.02499204 0.23298620
v 0.02740669 -0.02559292 0.22999540
v 0.02536964 -0.02499204 0.23298620
v 0.03058624 -0.02734094 0.22316520
v 0.03093045 -0.02506166 0.22220960
v 0.03172290 -0.02575927 0.21873870
v 0.03138917 -0.02842533 0.21984071
v 0.03203701 -0.02909100 0.21575610
v 0.03212708 -0.02660059 0.21532489
v 0.03213530 -0.02989685 0.21153469
v 0.03216624 -0.02747189 0.21179549
v 0.03188556 -0.03068047 0.20882240
v 0.03183525 -0.02833569 0.20833750
v 0.00541305 -0.01942306 0.24487279
v 0.03072929 -0.02955538 0.20343180
v 0.03077745 -0.03143489 0.20360731
v 0.00334161 -0.01935136 0.24513310
v 0.00631326 -0.01944935 0.24472640
v 0.00541305 -0.01942306 0.24487279
v 0.02928543 -0.03099167 0.19974861
v 0.02961063 -0.03037083 0.20042010
v 0.00650322 -0.02129828 0.24461040
v 0.02753639 -0.03310978 0.19653291
v 0.00647116 -0.02147746 0.24461380
v 0.00354379 -0.02224910 0.24500760
v 0.00775528 -0.02203810 0.24433200
v 0.02545922 -0.03382885 0.19352309
v 0.00659686 -0.02148389 0.24458779
v 0.01187515 -0.01986318 0.24311320
v 0.01010125 -0.01970684 0.24369010
v 0.00631326 -0.01944935 0.24472640
v 0.00541305 -0.01942306 0.24487279
v 0.02376013 -0.03420400 0.19158140
v 0.02318567 -0.03299337 0.19084901
v 0.01187515 -0.01986318 0.24311320
v 0.02376013 -0.03420400 0.19158140
v 0.02545922 -0.03382885 0.19352309
v 0.02091026 -0.03520429 0.18876290
v 0.02318567 -0.03299337 0.19084901
v 0.02232050 -0.03300970 0.19002061
v 0.02478599 -0.03235536 0.19266281
v 0.01618283 -0.02039819 0.24100940
v 0.01110070 -0.02183139 0.24327050
v 0.02091026 -0.03520429 0.18876290
v 0.02232050 -0.03300970 0.19002061
v 0.01455014 -0.03598278 0.18456049
v 0.01338189 -0.03448683 0.18395589
v 0.01178354 -0.03626590 0.18330351
v 0.00938797 -0.03482878 0.18243380
v 0.00761122 -0.03517687 0.18188269
v 0.01134932 -0.02200585 0.24320699
v 0.00453186 -0.03674119 0.18136761
v 0.00460720 -0.03677731 0.18139330
v -0.00220758 -0.03683811 0.18101950
v 0.00460720 -0.03677731 0.18139330
v 0.00453186 -0.03674119 0.18136761
v 0.00453186 -0.03674119 0.18136761
v -0.00024641 -0.03603374 0.18104790
v 0.00761122 -0.03517687 0.18188269
v 0.01338189 -0.02003484 0.24241230
v 0.01618283 -0.02039819 0.24100940
v 0.01187515 -0.01986318 0.24311320
v 0.01135188 -0.02158564 0.24321400
v -0.00220758 -0.03683811 0.18101950
v 0.01301574 -0.02216732 0.24252780
v 0.01311665 -0.02185863 0.24248859
v 0.01279759 -0.02197724 0.24261180
v 0.01844590 -0.02317529 0.23962180
v 0.01844590 -0.02317529 0.23962180
v 0.01628184 -0.02196705 0.24087080
v 0.01618283 -0.02039819 0.24100940
v 0.01338189 -0.02003484 0.24241230
v 0.01187515 -0.01986318 0.24311320
v 0.01866906 -0.02076542 0.23939100
v 0.01844590 -0.02317529 0.23962180
v 0.01628184 -0.02196705 0.24087080
v 0.01187515 -0.01986318 0.24311320
v 0.01844590 -0.02317529 0.23962180
v 0.02120292 -0.02208030 0.23731069
v 0.02204090 -0.02297371 0.23658089
v 0.02193403 -0.02346098 0.23666790
v 0.01844590 -0.02317529 0.23962180
v 0.02179718 -0.02358382 0.23688290
v 0.02059644 -0.02301770 0.23778370
v 0.01844590 -0.02317529 0.23962180
v 0.02203625 -0.02336513 0.23657590
v 0.02536964 -0.02499204 0.23298620
v 0.01844590 -0.02317529 0.23962180
v 0.02059644 -0.02301770 0.23778370
v 0.02536964 -0.02499204 0.23298620
v 0.02536964 -0.02499204 0.23298620
v 0.02059644 -0.02301770 0.23778370
v 0.02203625 -0.02336513 0.23657590
v 0.00294781 -0.03622567 0.24251620
v -0.00313205 -0.03629565 0.24256240
v -0.00210720 -0.03620880 0.23691989
v 0.00289249 -0.03625279 0.23839460
v 0.00227463 -0.03627747 0.23681781
v -0.02122974 -0.04150086 0.19941680
v -0.02080202 -0.04478698 0.19988941
v -0.02337646 -0.04191029 0.19769640
v -0.02330893 -0.04170739 0.19775429
v -0.01701062 -0.04126757 0.19472089
v -0.01637440 -0.04129678 0.19616839
v -0.01655787 -0.04126936 0.19746080
v -0.01780748 -0.04123032 0.19907521
v -0.02052092 -0.04122519 0.19946240
v -0.02087181 -0.04109346 0.19228020
v -0.02399665 -0.04121583 0.19664399
v -0.01660621 -0.04156637 0.19506431
v -0.01947212 -0.04167085 0.19228999
v -0.01654529 -0.04508078 0.19481111
v -0.01660621 -0.04156637 0.19506431
v -0.01654529 -0.04508078 0.19481111
v -0.01647472 -0.04471576 0.19519439
v -0.01637440 -0.04129678 0.19616839
v -0.01616352 -0.04499620 0.19641230
v -0.01642841 -0.04166132 0.19788960
v -0.01654422 -0.04493802 0.19829610
v -0.01774978 -0.04486382 0.19952209
v -0.01642841 -0.04166132 0.19788960
v -0.01654422 -0.04493802 0.19829610
v -0.01966875 -0.04167473 0.19992560
v -0.01754641 -0.04149377 0.19928239
v -0.01902675 -0.04472649 0.19993199
v -0.01774978 -0.04486382 0.19952209
v -0.02093029 -0.04170739 0.19960310
v 0.02429008 -0.04112005 0.19643560
v 0.01717942 -0.04124814 0.19469421
v 0.02015691 -0.04123324 0.19228540
v 0.02062845 -0.04122716 0.19940610
v 0.01780283 -0.04129284 0.19948660
v 0.01651895 -0.04122781 0.19601190
v 0.01780283 -0.04129284 0.19948660
v 0.02069139 -0.04441934 0.19984031
v 0.01914215 -0.04475033 0.19995490
v 0.01780283 -0.04129284 0.19948660
v 0.01813459 -0.04489713 0.19972099
v 0.01673603 -0.04471164 0.19853850
v 0.01638448 -0.04144001 0.19748090
v 0.01628530 -0.04157781 0.19588789
v 0.01618599 -0.04496103 0.19693141
v 0.01635164 -0.04482805 0.19528800
v 0.01670551 -0.04155260 0.19490640
v 0.01670551 -0.04155260 0.19490640
v 0.01635164 -0.04482805 0.19528800
v 0.01841872 -0.04241240 0.19323500
v -0.00313735 -0.03642851 0.23853090
v -0.00313205 -0.03629565 0.24256240
v -0.00326610 -0.03813248 0.24229120
v -0.00327575 -0.04190462 0.23795150
v -0.00243354 -0.03654527 0.23679720
v -0.00327575 -0.04190462 0.23795150
v -0.00047898 -0.03653228 0.23582260
v -0.00243354 -0.03654527 0.23679720
v 0.00201082 -0.03668797 0.23646089
v 0.00083256 -0.03661215 0.23590250
v 0.00212377 -0.04183965 0.23638169
v 0.00227463 -0.03627747 0.23681781
v 0.00201082 -0.03668797 0.23646089
v 0.00212377 -0.04183965 0.23638169
v 0.00313562 -0.04149878 0.23786300
v 0.00316721 -0.03656542 0.23843710
v 0.00227463 -0.03627747 0.23681781
v 0.00313020 -0.04153037 0.23791130
v 0.00227463 -0.03627747 0.23681781
v 0.00313562 -0.04149878 0.23786300
v 0.00313020 -0.04153037 0.23791130
v 0.00316721 -0.03656542 0.23843710
v 0.00313020 -0.04153037 0.23791130
v 0.00333977 -0.04104340 0.24000330
v 0.00329262 -0.03999429 0.24115250
v 0.00320566 -0.03632515 0.24259131
v -0.01172626 -0.04119735 0.18581890
v -0.01497519 -0.04117769 0.18746381
v -0.01532089 -0.04097574 0.18758890
v -0.02949333 -0.03934592 0.20647401
v -0.02892732 -0.04063475 0.20633049
v -0.02957928 -0.04048287 0.21018030
v -0.02220833 -0.04004448 0.23236600
v -0.02103585 -0.03983253 0.23383731
v -0.02150231 -0.03979259 0.23340730
v -0.01423388 -0.04092186 0.18697511
v -0.01133292 -0.04205989 0.18615800
v -0.01124095 -0.04247772 0.18641511
v -0.01310962 -0.04248207 0.18734799
v -0.02371370 -0.03783124 0.23193260
v -0.02137911 -0.03782951 0.23451281
v -0.02002125 -0.03764796 0.23581950
v -0.02345603 -0.04000586 0.23099700
v -0.02195966 -0.04497504 0.20031260
v -0.02351814 -0.04485017 0.20448470
v -0.02385473 -0.04454463 0.20261070
v -0.00930357 -0.04270058 0.18584530
v -0.01106446 -0.04397779 0.18763509
v -0.01140516 -0.04276061 0.18671019
v -0.02371370 -0.03783124 0.23193260
v -0.02002125 -0.03764796 0.23581950
v -0.02298605 -0.03760290 0.23282120
v -0.01154100 -0.04079270 0.18554489
v -0.01332491 -0.04084157 0.18645699
v -0.01347237 -0.04076588 0.18647739
v -0.02105367 -0.03954929 0.23402810
v -0.02363443 -0.03968715 0.23105940
v -0.01018351 -0.04180032 0.18554489
v -0.01004958 -0.04198127 0.18561170
v -0.02363443 -0.03968715 0.23105940
v -0.02105367 -0.03954929 0.23402810
v -0.02233582 -0.03956383 0.23264579
v -0.01330649 -0.04169005 0.18689130
v -0.00601006 -0.04455578 0.18668720
v -0.01001846 -0.04436814 0.18784291
v -0.02427196 -0.04350572 0.22161449
v -0.02308845 -0.04378807 0.22153440
v -0.01957035 -0.04291832 0.23017280
v -0.02609992 -0.04336726 0.20381521
v -0.02676260 -0.04356920 0.20846660
v -0.00960547 -0.04216438 0.18556240
v -0.01073312 -0.04166990 0.18566720
v -0.01018351 -0.04180032 0.18554489
v -0.01330649 -0.04169005 0.18689130
v -0.02408713 -0.03981554 0.23030020
v -0.02073729 -0.03718137 0.23526190
v -0.02465099 -0.03965336 0.22963460
v -0.02363443 -0.03968715 0.23105940
v -0.02233582 -0.03956383 0.23264579
v -0.02653241 -0.04257279 0.20232840
v -0.02833706 -0.04217302 0.20846219
v -0.02862596 -0.03949409 0.20337839
v -0.02355206 -0.03912729 0.23154581
v -0.02322828 -0.03927958 0.23182321
v -0.01955753 -0.03890532 0.23576280
v -0.02271413 -0.03934079 0.23237060
v -0.02465099 -0.03965336 0.22963460
v -0.02233582 -0.03956383 0.23264579
v -0.01002907 -0.04106664 0.18509160
v -0.01106375 -0.04133915 0.18561600
v -0.02281183 -0.04274970 0.22732900
v -0.02387225 -0.03921669 0.23110960
v -0.02328687 -0.03899985 0.23193470
v -0.02154260 -0.03890877 0.23395120
v -0.02340310 -0.03854191 0.23222700
v -0.01103180 -0.04096978 0.18541101
v -0.01248925 -0.04021656 0.18541691
v -0.01501119 -0.04073131 0.18725561
v -0.01513963 -0.03976476 0.18694770
v -0.01248925 -0.04021656 0.18541691
v -0.01501119 -0.04073131 0.18725561
v -0.01072323 -0.04089957 0.18525860
v -0.01423388 -0.04092186 0.18697511
v -0.01332491 -0.04084157 0.18645699
v -0.01072323 -0.04089957 0.18525860
v -0.00905770 -0.04147648 0.18499020
v -0.01073312 -0.04166990 0.18566720
v -0.02393150 -0.03905385 0.23113960
v -0.02355206 -0.03912729 0.23154581
v -0.02271986 -0.03903168 0.23254170
v -0.02393150 -0.03905385 0.23113960
v -0.02271986 -0.03903168 0.23254170
v -0.02618980 -0.03867822 0.22818729
v -0.02393150 -0.03905385 0.23113960
v -0.02328687 -0.03899985 0.23193470
v -0.02038550 -0.04541212 0.20060770
v -0.00442696 -0.04179579 0.23981071
v -0.00431627 -0.04209864 0.23916690
v -0.00436765 -0.04130363 0.24063160
v -0.00930959 -0.04128265 0.18495969
v -0.00699711 -0.04147160 0.23994800
v -0.00431627 -0.04209864 0.23916690
v -0.00442696 -0.04179579 0.23981071
v -0.00436765 -0.04130363 0.24063160
v -0.01290678 -0.03910315 0.18563370
v -0.01195913 -0.03927350 0.18528470
v -0.01742798 -0.03912127 0.18828240
v -0.00926208 -0.04217630 0.23781180
v -0.01072323 -0.04089957 0.18525860
v -0.00518316 -0.04623329 0.19030020
v -0.00250244 -0.04613161 0.18937179
v -0.02560615 -0.04094040 0.22674911
v -0.02378082 -0.04187017 0.22813010
v -0.02223294 -0.04068577 0.23186080
v -0.01041471 -0.04082024 0.18510310
v -0.01072323 -0.04089957 0.18525860
v -0.01332491 -0.04084157 0.18645699
v -0.00505066 -0.04095655 0.24089400
v -0.01041471 -0.04082024 0.18510310
v -0.01332491 -0.04084157 0.18645699
v -0.01154100 -0.04079270 0.18554489
v -0.01290678 -0.03910315 0.18563370
v -0.01669234 -0.03883635 0.18773280
v -0.01519012 -0.03847175 0.18667760
v -0.01158142 -0.03886991 0.18495150
v -0.02618980 -0.03867822 0.22818729
v -0.00641441 -0.04557335 0.18852590
v -0.00643158 -0.04548078 0.18834279
v -0.02414435 -0.03796619 0.23137990
v -0.02129161 -0.03789556 0.23458339
v -0.02434873 -0.04031193 0.22948430
v -0.00416517 -0.03992569 0.24209461
v -0.02318608 -0.04046028 0.23087560
v -0.00778955 -0.04482465 0.18753400
v -0.00765020 -0.04252672 0.18519831
v -0.00539392 -0.04295933 0.18492480
v -0.02371370 -0.03783124 0.23193260
v -0.02414435 -0.03796619 0.23137990
v -0.02137911 -0.03782951 0.23451281
v -0.02725023 -0.04133802 0.20186590
v -0.02818101 -0.04092121 0.20415320
v -0.00821686 -0.04199796 0.23871200
v -0.00412750 -0.04383283 0.18548940
v -0.02599138 -0.04242527 0.22277230
v -0.00475031 -0.04054611 0.24144670
v -0.00505066 -0.04095655 0.24089400
v -0.00416517 -0.03992569 0.24209461
v -0.01117873 -0.03932785 0.18489531
v -0.01195913 -0.03927350 0.18528470
v -0.00475168 -0.04033893 0.24163529
v -0.00475031 -0.04054611 0.24144670
v -0.00416517 -0.03992569 0.24209461
v -0.00617218 -0.04010015 0.24175230
v -0.02529472 -0.04020345 0.22819699
v -0.02431857 -0.04027229 0.22951110
v -0.02564054 -0.03785908 0.22919551
v -0.02414435 -0.03796619 0.23137990
v -0.02371370 -0.03783124 0.23193260
v -0.01041471 -0.04082024 0.18510310
v -0.01195913 -0.03927350 0.18528470
v -0.00637555 -0.04182046 0.18442580
v -0.01073312 -0.04166990 0.18566720
v -0.00637555 -0.04182046 0.18442580
v -0.02602469 -0.04044967 0.22658350
v -0.02434873 -0.04031193 0.22948430
v -0.02431857 -0.04027229 0.22951110
v -0.02602469 -0.04044967 0.22658350
v -0.02543818 -0.04022014 0.22794659
v -0.00658029 -0.04117017 0.24028370
v -0.02430427 -0.03753846 0.23128530
v -0.02564054 -0.03785908 0.22919551
v -0.00865936 -0.03912913 0.18397211
v -0.01195913 -0.03927350 0.18528470
v -0.00865936 -0.03912913 0.18397211
v -0.01117873 -0.03932785 0.18489531
v -0.00760472 -0.04082220 0.24054930
v -0.02626574 -0.03994703 0.22674280
v -0.02408713 -0.03981554 0.23030020
v -0.02363443 -0.03968715 0.23105940
v -0.00486958 -0.03944581 0.24225740
v -0.02658641 -0.04018700 0.22587159
v -0.02543818 -0.04022014 0.22794659
v -0.02529472 -0.04020345 0.22819699
v -0.02408713 -0.03981554 0.23030020
v -0.00807190 -0.04075825 0.18432210
v -0.02465099 -0.03965336 0.22963460
v -0.02626574 -0.03994703 0.22674280
v -0.02363443 -0.03968715 0.23105940
v -0.00492597 -0.03923511 0.24236780
v -0.00470751 -0.03911417 0.24246570
v -0.02626574 -0.03994703 0.22674280
v -0.02658641 -0.04018700 0.22587159
v -0.02408713 -0.03981554 0.23030020
v -0.00602531 -0.04225438 0.18460530
v -0.00463575 -0.03888851 0.24258579
v -0.00849348 -0.04115951 0.23990260
v -0.00952536 -0.04132044 0.23935521
v -0.00804138 -0.04020124 0.24104659
v -0.02642828 -0.03960371 0.22679560
v -0.02465099 -0.03965336 0.22963460
v -0.02271413 -0.03934079 0.23237060
v -0.02570015 -0.03944921 0.22828349
v -0.02642828 -0.03960371 0.22679560
v -0.02271413 -0.03934079 0.23237060
v -0.00455117 -0.03873741 0.24266550
v -0.00484002 -0.04191696 0.18419790
v -0.02322828 -0.03927958 0.23182321
v -0.02387225 -0.03921669 0.23110960
v -0.02618980 -0.03867822 0.22818729
v -0.02570015 -0.03944921 0.22828349
v -0.00637555 -0.04182046 0.18442580
v -0.00484002 -0.04191696 0.18419790
v -0.01004958 -0.04198127 0.18561170
v -0.00491613 -0.03899133 0.24249390
v -0.00687474 -0.04160720 0.18440220
v -0.01257324 -0.04250341 0.23563740
v -0.00455964 -0.03862553 0.24271069
v -0.02618980 -0.03867822 0.22818729
v -0.02355206 -0.03912729 0.23154581
v -0.02393150 -0.03905385 0.23113960
v -0.02692461 -0.04072535 0.20040479
v -0.02818101 -0.04092121 0.20415320
v -0.02892732 -0.04063475 0.20633049
v -0.00437254 -0.03790169 0.24297521
v -0.00492901 -0.03884840 0.24255800
v -0.02232253 -0.04471457 0.19992980
v -0.00592124 -0.03879141 0.24237759
v -0.00865936 -0.03912913 0.18397211
v -0.00456577 -0.03854125 0.24274270
v -0.00327843 -0.04255944 0.18436460
v -0.00539392 -0.04295933 0.18492480
v -0.00765020 -0.04252672 0.18519831
v -0.00592124 -0.03879141 0.24237759
v -0.00463575 -0.03888851 0.24258579
v -0.00492901 -0.03884840 0.24255800
v -0.00467676 -0.03828251 0.24291390
v -0.00495839 -0.03870326 0.24261560
v -0.02352786 -0.04378467 0.19905920
v -0.00592124 -0.03879141 0.24237759
v -0.02756232 -0.04050481 0.20175511
v -0.02692461 -0.04072535 0.20040479
v -0.02892732 -0.04063475 0.20633049
v -0.00660241 -0.04115206 0.18411270
v -0.00591439 -0.04105138 0.18394890
v -0.00660241 -0.04115206 0.18411270
v -0.01002907 -0.04106664 0.18509160
v -0.00495082 -0.03858572 0.24266431
v -0.00591439 -0.04105138 0.18394890
v -0.00501329 -0.03865623 0.24262600
v -0.00630587 -0.04090082 0.18393490
v -0.00912905 -0.03862583 0.24159500
v -0.00912905 -0.03862583 0.24159500
v -0.00501329 -0.03865623 0.24262600
v -0.00495839 -0.03870326 0.24261560
v -0.02723687 -0.03980648 0.20011111
v -0.02756232 -0.04050481 0.20175511
v -0.00451124 -0.04215109 0.18426821
v -0.00467676 -0.03828251 0.24291390
v -0.02588742 -0.04307520 0.22032900
v -0.02668720 -0.04077190 0.22489630
v -0.02560615 -0.04094040 0.22674911
v -0.02434873 -0.04031193 0.22948430
v -0.00509453 -0.04147952 0.18397979
v -0.00509453 -0.04147952 0.18397979
v -0.00687474 -0.04160720 0.18440220
v -0.00905770 -0.04147648 0.18499020
v -0.02647280 -0.04107725 0.19999491
v -0.02725023 -0.04133802 0.20186590
v -0.02818101 -0.04092121 0.20415320
v -0.00509453 -0.04147952 0.18397979
v -0.02647280 -0.04107725 0.19999491
v -0.02818101 -0.04092121 0.20415320
v -0.02692461 -0.04072535 0.20040479
v -0.00565410 -0.04119390 0.18392560
v -0.00660241 -0.04115206 0.18411270
v -0.02268457 -0.04432016 0.19928239
v -0.00952536 -0.04132044 0.23935521
v -0.02602469 -0.04044967 0.22658350
v -0.02668720 -0.04077190 0.22489630
v -0.02434873 -0.04031193 0.22948430
v -0.00428009 -0.04037678 0.18338370
v -0.00790876 -0.03954356 0.24153540
v -0.02614557 -0.03799384 0.22841600
v -0.00733167 -0.03959017 0.24166360
v -0.01213830 -0.04212957 0.23690000
v -0.02564054 -0.03785908 0.22919551
v -0.00312024 -0.04217213 0.18407720
v -0.02746891 -0.03818392 0.22581629
v -0.00472635 -0.03736317 0.24306829
v -0.00467676 -0.03828251 0.24291390
v -0.00437254 -0.03790169 0.24297521
v -0.02740669 -0.03770262 0.22637340
v -0.02564054 -0.03785908 0.22919551
v -0.02564054 -0.03785908 0.22919551
v -0.02696639 -0.03802931 0.22684780
v -0.02614557 -0.03799384 0.22841600
v -0.00275880 -0.04275816 0.18443809
v 0.00330633 -0.04281812 0.18443650
v -0.00539392 -0.04295933 0.18492480
v -0.01576226 -0.04229646 0.23484389
v -0.02658641 -0.04018700 0.22587159
v -0.00737196 -0.03934907 0.24179821
v -0.00321937 -0.04186517 0.18390410
v -0.00275880 -0.04275816 0.18443809
v -0.02736300 -0.04059767 0.22358640
v -0.02668720 -0.04077190 0.22489630
v -0.02602469 -0.04044967 0.22658350
v -0.02697914 -0.04038614 0.22486261
v -0.02736300 -0.04059767 0.22358640
v -0.00755691 -0.03913003 0.18363880
v -0.00504750 -0.03758901 0.24294110
v -0.00566179 -0.03769659 0.24278671
v -0.02570247 -0.04376006 0.21673749
v -0.00331795 -0.04154425 0.18374030
v -0.00501502 -0.03754824 0.24295470
v -0.00920117 -0.03933215 0.24125411
v -0.00737196 -0.03934907 0.24179821
v -0.00492597 -0.03923511 0.24236780
v -0.02707767 -0.04003328 0.22512670
v -0.00920117 -0.03933215 0.24125411
v -0.00509453 -0.04147952 0.18397979
v -0.00565410 -0.04119390 0.18392560
v -0.00660241 -0.04115206 0.18411270
v -0.00864911 -0.03919762 0.24148110
v -0.00591439 -0.04105138 0.18394890
v -0.00509453 -0.04147952 0.18397979
v -0.00660241 -0.04115206 0.18411270
v -0.02717810 -0.03993171 0.22503451
v -0.02626574 -0.03994703 0.22674280
v -0.02465099 -0.03965336 0.22963460
v -0.00876558 -0.03906232 0.24154259
v -0.00504035 -0.03735977 0.24298330
v -0.00742155 -0.03901684 0.24196100
v -0.00876558 -0.03906232 0.24154259
v -0.00470751 -0.03911417 0.24246570
v -0.02431297 -0.04288583 0.19838300
v -0.01114279 -0.04154479 0.23844750
v -0.01223748 -0.04183030 0.23747361
v -0.00282604 -0.04139381 0.18360969
v -0.00079536 -0.04111683 0.18332639
v -0.00282604 -0.04139381 0.18360969
v -0.00509453 -0.04147952 0.18397979
v -0.00079536 -0.04111683 0.18332639
v -0.02717810 -0.03993171 0.22503451
v -0.00283748 -0.04107683 0.18346140
v -0.00079536 -0.04111683 0.18332639
v -0.00591439 -0.04105138 0.18394890
v -0.00283748 -0.04107683 0.18346140
v -0.02642828 -0.03960371 0.22679560
v -0.02717810 -0.03993171 0.22503451
v -0.02465099 -0.03965336 0.22963460
v -0.00966900 -0.03891289 0.24128909
v -0.00966900 -0.03891289 0.24128909
v -0.00742155 -0.03901684 0.24196100
v -0.00470751 -0.03911417 0.24246570
v -0.00744116 -0.03887301 0.24202380
v -0.00966900 -0.03891289 0.24128909
v -0.00592124 -0.03879141 0.24237759
v -0.02661466 -0.03717625 0.22798370
v -0.02740669 -0.03770262 0.22637340
v -0.02431958 -0.03687441 0.23145171
v -0.02744865 -0.03962612 0.22475220
v -0.02642828 -0.03960371 0.22679560
v -0.02570015 -0.03944921 0.22828349
v -0.00755691 -0.03913003 0.18363880
v -0.02588778 -0.04133069 0.19907840
v -0.02725023 -0.04133802 0.20186590
v -0.02734816 -0.03945088 0.22519350
v -0.02744865 -0.03962612 0.22475220
v -0.00464523 -0.03684782 0.24310710
v -0.00503313 -0.03708881 0.24302220
v -0.00771713 -0.03732502 0.24241801
v -0.02667856 -0.03871309 0.19859929
v -0.01081752 -0.04069763 0.23964760
v -0.02525842 -0.04144585 0.19807610
v -0.00912905 -0.03862583 0.24159500
v -0.01018476 -0.04035228 0.24021740
v -0.01167702 -0.04146617 0.23834130
v -0.00699711 -0.04147160 0.23994800
v -0.02781164 -0.03977185 0.22368179
v -0.02717810 -0.03993171 0.22503451
v -0.02642828 -0.03960371 0.22679560
v -0.00920117 -0.03933215 0.24125411
v -0.02744865 -0.03962612 0.22475220
v -0.02781164 -0.03977185 0.22368179
v -0.02642828 -0.03960371 0.22679560
v -0.02715677 -0.03827965 0.19933669
v -0.02743440 -0.03929704 0.22515340
v -0.02618980 -0.03867822 0.22818729
v -0.02636337 -0.03876698 0.22759600
v -0.00791204 -0.03857678 0.24202091
v -0.00912905 -0.03862583 0.24159500
v -0.00467676 -0.03828251 0.24291390
v -0.02594023 -0.04051893 0.19834080
v -0.02692461 -0.04072535 0.20040479
v -0.02756232 -0.04050481 0.20175511
v -0.00748301 -0.03853309 0.24215560
v -0.00791204 -0.03857678 0.24202091
v -0.00467676 -0.03828251 0.24291390
v -0.01198077 -0.04141384 0.23828641
v -0.00699711 -0.04147160 0.23994800
v -0.02798306 -0.04135900 0.22046050
v -0.02594023 -0.04051893 0.19834080
v -0.02549391 -0.04095017 0.19795270
v -0.02607977 -0.04042714 0.19851311
v -0.02828663 -0.03957200 0.22264960
v -0.00951689 -0.03918969 0.24124549
v -0.02743440 -0.03929704 0.22515340
v -0.02668720 -0.04077190 0.22489630
v -0.02560567 -0.04073047 0.19793960
v -0.02726936 -0.04263132 0.21840540
v -0.01188105 -0.04093348 0.23894560
v -0.02520453 -0.04125112 0.19775590
v -0.00966900 -0.03891289 0.24128909
v -0.00876558 -0.03906232 0.24154259
v -0.00742155 -0.03901684 0.24196100
v -0.02636337 -0.03876698 0.22759600
v -0.02618980 -0.03867822 0.22818729
v -0.00929260 -0.03878843 0.24150039
v -0.00966900 -0.03891289 0.24128909
v -0.00744116 -0.03887301 0.24202380
v -0.00929260 -0.03878843 0.24150039
v -0.00744116 -0.03887301 0.24202380
v -0.00592124 -0.03879141 0.24237759
v -0.02827912 -0.04090195 0.22033200
v -0.02668720 -0.04077190 0.22489630
v -0.02492278 -0.04135334 0.19741410
v -0.00748301 -0.03853309 0.24215560
v -0.00959963 -0.03870832 0.24144740
v -0.02914565 -0.03857481 0.22145340
v -0.02636337 -0.03876698 0.22759600
v -0.02914565 -0.03857481 0.22145340
v -0.01123666 -0.03988611 0.24017020
v -0.02523553 -0.04057818 0.19717960
v -0.02696639 -0.03802931 0.22684780
v -0.01011186 -0.03857588 0.24133080
v -0.00791204 -0.03857678 0.24202091
v -0.00748301 -0.03853309 0.24215560
v -0.01049423 -0.03800785 0.24151960
v -0.02740669 -0.03770262 0.22637340
v -0.02564054 -0.03785908 0.22919551
v -0.00786173 -0.03759521 0.24232531
v -0.01049423 -0.03800785 0.24151960
v -0.01161170 -0.04063224 0.23940320
v -0.02809441 -0.04021888 0.22237919
v -0.02658641 -0.04018700 0.22587159
v -0.01156061 -0.03967118 0.24020679
v -0.02494740 -0.04091513 0.19699910
v -0.00757801 -0.03746384 0.24242930
v -0.02495586 -0.04077392 0.19689099
v -0.02809441 -0.04021888 0.22237919
v -0.01361799 -0.04132580 0.23762470
v -0.02524799 -0.04044115 0.19708690
v -0.02847844 -0.04032754 0.22094820
v -0.02809441 -0.04021888 0.22237919
v -0.02717810 -0.03993171 0.22503451
v -0.02539724 -0.03973770 0.19687331
v -0.01121586 -0.03942251 0.24050120
v -0.02781164 -0.03977185 0.22368179
v -0.02847844 -0.04032754 0.22094820
v -0.02717810 -0.03993171 0.22503451
v -0.01011186 -0.03857588 0.24133080
v -0.02417755 -0.04073911 0.19569750
v -0.02495586 -0.04077392 0.19689099
v -0.02560567 -0.04073047 0.19793960
v -0.02417755 -0.04073911 0.19569750
v -0.02838766 -0.04077494 0.22031030
v -0.01212990 -0.04028415 0.23949359
v -0.02840644 -0.04052990 0.22079980
v -0.02588367 -0.03894817 0.19726460
v -0.01534271 -0.04078871 0.23736160
v -0.02483260 -0.04049468 0.19647610
v -0.00817108 -0.03671270 0.24237031
v -0.02614855 -0.03847587 0.19755790
v -0.02860164 -0.03771412 0.20243430
v -0.01265454 -0.03995454 0.23952220
v -0.00974440 -0.03748440 0.24176539
v -0.00973427 -0.03760033 0.24174631
v -0.02861863 -0.03948742 0.22187839
v -0.02568143 -0.03918504 0.19703379
v -0.00875461 -0.03740054 0.24211380
v -0.00974440 -0.03748440 0.24176539
v -0.02873253 -0.04166793 0.21590470
v -0.01271355 -0.03975158 0.23964100
v -0.01136726 -0.03870499 0.24080530
v -0.00959963 -0.03870832 0.24144740
v -0.00912905 -0.03862583 0.24159500
v -0.02436900 -0.04053485 0.19581740
v -0.01218402 -0.03866279 0.24046500
v -0.02545166 -0.03879368 0.19639941
v -0.02874320 -0.04003417 0.22058710
v -0.01011186 -0.03857588 0.24133080
v -0.00912905 -0.03862583 0.24159500
v -0.00791204 -0.03857678 0.24202091
v -0.02536976 -0.03907287 0.19648920
v -0.02503103 -0.03942734 0.19613171
v -0.02937614 -0.04007375 0.21800581
v -0.02874320 -0.04003417 0.22058710
v -0.02781164 -0.03977185 0.22368179
v -0.01482129 -0.04161977 0.23653680
v -0.02894961 -0.03973138 0.22035541
v -0.02937614 -0.04007375 0.21800581
v -0.02781164 -0.03977185 0.22368179
v -0.02894961 -0.03973138 0.22035541
v -0.02781164 -0.03977185 0.22368179
v -0.02744865 -0.03962612 0.22475220
v -0.02232742 -0.04050213 0.19305390
v -0.02894961 -0.03973138 0.22035541
v -0.02744865 -0.03962612 0.22475220
v -0.02828663 -0.03957200 0.22264960
v -0.01204913 -0.03932487 0.24022290
v -0.00920117 -0.03933215 0.24125411
v -0.00864911 -0.03919762 0.24148110
v -0.02607071 -0.04398214 0.21206400
v -0.00817108 -0.03671270 0.24237031
v -0.00751877 -0.03658080 0.24254949
v -0.01132202 -0.03682911 0.24131750
v -0.01208555 -0.03915065 0.24030410
v -0.00864911 -0.03919762 0.24148110
v -0.00951689 -0.03918969 0.24124549
v -0.01208555 -0.03915065 0.24030410
v -0.02490210 -0.03900539 0.19576590
v -0.01415824 -0.04028040 0.23850200
v -0.01208555 -0.03915065 0.24030410
v -0.00951689 -0.03918969 0.24124549
v -0.02473539 -0.03917545 0.19559030
v -0.02440142 -0.04000550 0.19554099
v -0.01590919 -0.04570645 0.19492111
v -0.00994444 -0.04621636 0.19229241
v -0.01292628 -0.03897702 0.23999830
v -0.01376324 -0.03894442 0.23958489
v -0.01292628 -0.03897702 0.23999830
v -0.00966900 -0.03891289 0.24128909
v -0.01217353 -0.03876751 0.24045190
v -0.02459526 -0.03904134 0.19533810
v -0.01376324 -0.03894442 0.23958489
v -0.00966900 -0.03891289 0.24128909
v -0.01217353 -0.03876751 0.24045190
v -0.02914565 -0.03857481 0.22145340
v -0.02740669 -0.03770262 0.22637340
v -0.02661466 -0.03717625 0.22798370
v -0.01049423 -0.03800785 0.24151960
v -0.01136726 -0.03870499 0.24080530
v -0.02937614 -0.04007375 0.21800581
v -0.02480930 -0.03848052 0.19547680
v -0.01218402 -0.03866279 0.24046500
v -0.01358610 -0.03876054 0.23976991
v -0.01217353 -0.03876751 0.24045190
v -0.01136726 -0.03870499 0.24080530
v -0.01358610 -0.03876054 0.23976991
v -0.01136726 -0.03870499 0.24080530
v -0.01218402 -0.03866279 0.24046500
v -0.01218402 -0.03866279 0.24046500
v -0.01221466 -0.03861188 0.24050020
v -0.01306343 -0.04571431 0.19218230
v -0.01649516 -0.04520922 0.19346400
v -0.02345371 -0.03862184 0.19375660
v -0.01354110 -0.03960043 0.23935460
v -0.01074606 -0.03742104 0.24143910
v -0.00974440 -0.03748440 0.24176539
v -0.00875461 -0.03740054 0.24211380
v -0.01613295 -0.04157227 0.23579650
v -0.02289146 -0.03960877 0.19337770
v -0.00771713 -0.03732502 0.24241801
v -0.01074606 -0.03742104 0.24143910
v -0.00875461 -0.03740054 0.24211380
v -0.02305501 -0.03901243 0.19335289
v -0.01595026 -0.03955155 0.23795161
v -0.01354110 -0.03960043 0.23935460
v -0.01204913 -0.03932487 0.24022290
v -0.02937614 -0.04007375 0.21800581
v -0.02894961 -0.03973138 0.22035541
v -0.02828663 -0.03957200 0.22264960
v -0.01404756 -0.03935313 0.23923610
v -0.01595026 -0.03955155 0.23795161
v -0.01204913 -0.03932487 0.24022290
v -0.01404756 -0.03935313 0.23923610
v -0.02305501 -0.03901243 0.19335289
v -0.02459526 -0.03904134 0.19533810
v -0.02490210 -0.03900539 0.19576590
v -0.02986240 -0.03901040 0.21765780
v -0.02828663 -0.03957200 0.22264960
v -0.02861863 -0.03948742 0.22187839
v -0.02986240 -0.03901040 0.21765780
v -0.02828663 -0.03957200 0.22264960
v -0.01505804 -0.03926438 0.23867260
v -0.01404756 -0.03935313 0.23923610
v -0.01208555 -0.03915065 0.24030410
v -0.01669275 -0.04112595 0.23604850
v -0.01132202 -0.03682911 0.24131750
v -0.01076859 -0.03713059 0.24147300
v -0.01367276 -0.03913336 0.23956700
v -0.01505804 -0.03926438 0.23867260
v -0.01208555 -0.03915065 0.24030410
v -0.01367276 -0.03913336 0.23956700
v -0.02279019 -0.03915369 0.19308691
v -0.02739030 -0.04311424 0.21375249
v -0.02206921 -0.03912973 0.19230659
v -0.02282553 -0.03880786 0.19302540
v -0.01819163 -0.04370170 0.19197200
v -0.01323044 -0.04480081 0.19000021
v -0.01408386 -0.03806698 0.23987170
v -0.01358610 -0.03876054 0.23976991
v -0.01376324 -0.03894442 0.23958489
v -0.01217353 -0.03876751 0.24045190
v -0.02211165 -0.03861796 0.19222240
v -0.01566070 -0.04019492 0.23771890
v -0.01235312 -0.03747880 0.24077091
v -0.01408386 -0.03806698 0.23987170
v -0.02169793 -0.03786092 0.19163869
v -0.01377630 -0.03869122 0.23972701
v -0.01870012 -0.04232132 0.19095869
v -0.01819163 -0.04370170 0.19197200
v -0.01918983 -0.04209721 0.19122951
v -0.01316416 -0.03756165 0.24036680
v -0.01049423 -0.03800785 0.24151960
v -0.01234900 -0.03727340 0.24080519
v -0.01234900 -0.03727340 0.24080519
v -0.00974440 -0.03748440 0.24176539
v -0.01074606 -0.03742104 0.24143910
v -0.01632452 -0.03991472 0.23751810
v -0.01234900 -0.03727340 0.24080519
v -0.01234900 -0.03727340 0.24080519
v -0.00771713 -0.03732502 0.24241801
v -0.01076859 -0.03713059 0.24147300
v -0.01467931 -0.03749597 0.23956481
v -0.01576262 -0.03976726 0.23797290
v -0.01906710 -0.04174488 0.19079140
v -0.01974099 -0.04125791 0.19114850
v -0.01997476 -0.04069018 0.19089440
v -0.01977086 -0.04082804 0.19078960
v -0.02024507 -0.04077535 0.19119290
v -0.02050477 -0.04061537 0.19134609
v -0.02030187 -0.04115980 0.19163750
v -0.01576262 -0.03976726 0.23797290
v -0.01941478 -0.04107147 0.19062200
v -0.01600658 -0.04074102 0.23698850
v -0.01449579 -0.03683865 0.23986410
v -0.01132202 -0.03682911 0.24131750
v -0.01513290 -0.03677302 0.23950930
v -0.02425426 -0.04472547 0.20846890
v -0.02105391 -0.03933161 0.19131070
v -0.01625311 -0.03946483 0.23789340
v -0.01404756 -0.03935313 0.23923610
v -0.01505804 -0.03926438 0.23867260
v -0.01636195 -0.03912067 0.23802631
v -0.01505804 -0.03926438 0.23867260
v -0.01367276 -0.03913336 0.23956700
v -0.02134758 -0.03910475 0.19152580
v -0.01972961 -0.04018956 0.19044140
v -0.02046173 -0.03963208 0.19087911
v -0.01826107 -0.04185813 0.19020399
v -0.01636195 -0.03912067 0.23802631
v -0.01367276 -0.03913336 0.23956700
v -0.01292628 -0.03897702 0.23999830
v -0.01636195 -0.03912067 0.23802631
v -0.01292628 -0.03897702 0.23999830
v -0.01721352 -0.04018861 0.23669121
v -0.01880848 -0.04142320 0.19033690
v -0.01547861 -0.03891301 0.23868760
v -0.02094072 -0.03913384 0.19113851
v -0.02206921 -0.03912973 0.19230659
v -0.02134758 -0.03910475 0.19152580
v -0.02094072 -0.03913384 0.19113851
v -0.01690906 -0.03886687 0.23776899
v -0.01547861 -0.03891301 0.23868760
v -0.01358610 -0.03876054 0.23976991
v -0.01853775 -0.04087519 0.18977579
v -0.01875174 -0.04164701 0.19044210
v -0.01940840 -0.04082304 0.19046371
v -0.01853775 -0.04087519 0.18977579
v -0.01977086 -0.04082804 0.19078960
v -0.01676964 -0.03879880 0.23788831
v -0.01358610 -0.03876054 0.23976991
v -0.01218402 -0.03866279 0.24046500
v -0.02114886 -0.03895390 0.19128790
v -0.01552730 -0.03871554 0.23875029
v -0.01218402 -0.03866279 0.24046500
v -0.01377630 -0.03869122 0.23972701
v -0.01552730 -0.03871554 0.23875029
v -0.01676964 -0.03879880 0.23788831
v -0.01218402 -0.03866279 0.24046500
v -0.01552730 -0.03871554 0.23875029
v -0.01449579 -0.03683865 0.23986410
v -0.01467931 -0.03749597 0.23956481
v -0.01132202 -0.03682911 0.24131750
v -0.02099084 -0.03890103 0.19112191
v -0.01920509 -0.04181247 0.23306970
v -0.01625311 -0.03946483 0.23789340
v -0.01872432 -0.04068928 0.18982640
v -0.02074658 -0.03873604 0.19085599
v -0.01723229 -0.04233914 0.18981311
v -0.01827234 -0.04150539 0.23431750
v -0.01694959 -0.04223936 0.18954220
v -0.02081292 -0.04049885 0.23343250
v -0.01830959 -0.04113453 0.18974170
v -0.01595336 -0.04264515 0.18919900
v -0.01583701 -0.04294770 0.18941240
v -0.01871532 -0.04216837 0.23277840
v -0.01760756 -0.03896641 0.23724040
v -0.01547861 -0.03891301 0.23868760
v -0.01690906 -0.03886687 0.23776899
v -0.01636195 -0.03912067 0.23802631
v -0.01690906 -0.03886687 0.23776899
v -0.01358610 -0.03876054 0.23976991
v -0.01676964 -0.03879880 0.23788831
v -0.02015066 -0.03908067 0.19039130
v -0.02949798 -0.04073792 0.21370570
v -0.01571315 -0.03773468 0.23896959
v -0.01571041 -0.03775376 0.23896670
v -0.01897639 -0.04082274 0.19009450
v -0.01678425 -0.03872358 0.23795640
v -0.01676964 -0.03879880 0.23788831
v -0.01552730 -0.03871554 0.23875029
v -0.01834660 -0.04076218 0.18955480
v -0.01940840 -0.04082304 0.19046371
v -0.01977086 -0.04082804 0.19078960
v -0.01678425 -0.03872358 0.23795640
v -0.01834660 -0.04076218 0.18955480
v -0.01897639 -0.04082274 0.19009450
v -0.01940840 -0.04082304 0.19046371
v -0.01636177 -0.03763908 0.23857839
v -0.01023483 -0.04553711 0.18995260
v -0.01834660 -0.04076218 0.18955480
v -0.01467931 -0.03749597 0.23956481
v -0.01636177 -0.03763908 0.23857839
v -0.01316416 -0.03756165 0.24036680
v -0.01866167 -0.04018157 0.18954490
v -0.01826226 -0.04067051 0.18944199
v -0.01869869 -0.03995209 0.23580210
v -0.01787948 -0.03737080 0.23765540
v -0.01621794 -0.04198026 0.18882650
v -0.01786369 -0.04134315 0.18951890
v -0.01943230 -0.04191142 0.23272760
v -0.02049976 -0.03856784 0.19058961
v -0.02030342 -0.03891301 0.19048390
v -0.02005267 -0.04208379 0.23178610
v -0.01746368 -0.03813374 0.23770490
v -0.01769459 -0.04167670 0.18961319
v -0.01551038 -0.04170560 0.18815801
v -0.01956576 -0.03947210 0.19000050
v -0.01889270 -0.03947860 0.23599429
v -0.03016805 -0.03925210 0.21365111
v -0.02026742 -0.03830868 0.19034210
v -0.01971369 -0.03911751 0.19001681
v -0.01976382 -0.03878331 0.18997970
v -0.01505804 -0.03926438 0.23867260
v -0.01889270 -0.03947860 0.23599429
v -0.01625311 -0.03946483 0.23789340
v -0.01784557 -0.04111284 0.18936060
v -0.01805353 -0.03774708 0.23736830
v -0.01636177 -0.03763908 0.23857839
v -0.02006357 -0.03857398 0.19019900
v -0.02048039 -0.04010933 0.23410900
v -0.02011293 -0.03938144 0.23499259
v -0.01505804 -0.03926438 0.23867260
v -0.01636195 -0.03912067 0.23802631
v -0.01920509 -0.04181247 0.23306970
v -0.02005267 -0.04208379 0.23178610
v -0.01943230 -0.04191142 0.23272760
v -0.01919823 -0.03980922 0.23551381
v -0.01954865 -0.03925091 0.18991190
v -0.01900523 -0.03915870 0.23610130
v -0.01701277 -0.03752344 0.23818760
v -0.01636177 -0.03763908 0.23857839
v -0.01834660 -0.04076218 0.18955480
v -0.01900523 -0.03915870 0.23610130
v -0.01576262 -0.03976726 0.23797290
v -0.01878619 -0.03917282 0.18927351
v -0.02105367 -0.03954929 0.23402810
v -0.02105367 -0.03954929 0.23402810
v -0.01423388 -0.04092186 0.18697511
v -0.02105367 -0.03954929 0.23402810
v -0.01919823 -0.03980922 0.23551381
v -0.01576262 -0.03976726 0.23797290
v -0.01651608 -0.04073941 0.18826400
v -0.01837861 -0.03892636 0.18893830
v -0.01823228 -0.03724932 0.23732170
v -0.01787948 -0.03737080 0.23765540
v -0.01449579 -0.03683865 0.23986410
v -0.01823228 -0.03724932 0.23732170
v -0.01449579 -0.03683865 0.23986410
v -0.01513290 -0.03677302 0.23950930
v -0.01651608 -0.04073941 0.18826400
v -0.01834660 -0.04076218 0.18955480
v -0.01872432 -0.04068928 0.18982640
v -0.01826226 -0.04067051 0.18944199
v -0.01651608 -0.04073941 0.18826400
v -0.01872432 -0.04068928 0.18982640
v -0.01871448 -0.03862404 0.23659991
v -0.01955753 -0.03890532 0.23576280
v -0.01417917 -0.04375684 0.18916790
v -0.01106446 -0.04397779 0.18763509
v -0.01819163 -0.04370170 0.19197200
v -0.01899719 -0.03800112 0.18921250
v -0.01932770 -0.03949344 0.23563559
v -0.01889270 -0.03947860 0.23599429
v -0.01505804 -0.03926438 0.23867260
v -0.02011293 -0.03938144 0.23499259
v -0.01932770 -0.03949344 0.23563559
v -0.01505804 -0.03926438 0.23867260
v -0.02086251 -0.04088795 0.23301290
v -0.01926952 -0.03874111 0.18955320
v -0.01837861 -0.03892636 0.18893830
v -0.02051180 -0.04137450 0.23262100
v -0.02095800 -0.03912091 0.23439769
v -0.01900523 -0.03915870 0.23610130
v -0.01760756 -0.03896641 0.23724040
v -0.01845645 -0.03859394 0.18888550
v -0.01417917 -0.04375684 0.18916790
v -0.01809728 -0.03972083 0.18890020
v -0.01955753 -0.03890532 0.23576280
v -0.01760756 -0.03896641 0.23724040
v -0.01670891 -0.03929138 0.18784530
v -0.02040201 -0.03885203 0.23504861
v -0.01826030 -0.03915828 0.18885329
v -0.01963770 -0.03848499 0.23590539
v -0.01742798 -0.03912127 0.18828240
v -0.01826030 -0.03915828 0.18885329
v -0.01742798 -0.03912127 0.18828240
v -0.01878619 -0.03917282 0.18927351
v -0.01742798 -0.03912127 0.18828240
v -0.02002125 -0.03764796 0.23581950
v -0.01805353 -0.03774708 0.23736830
v -0.01636177 -0.03763908 0.23857839
v -0.01310962 -0.04248207 0.18734799
v -0.02220833 -0.04004448 0.23236600
v -0.02048039 -0.04010933 0.23410900
v -0.01869869 -0.03995209 0.23580210
v -0.01869869 -0.03995209 0.23580210
v -0.01919823 -0.03980922 0.23551381
v -0.01893091 -0.03756856 0.23677769
v -0.02002125 -0.03764796 0.23581950
v -0.01636177 -0.03763908 0.23857839
v -0.01893091 -0.03756856 0.23677769
v -0.01636177 -0.03763908 0.23857839
v -0.01701277 -0.03752344 0.23818760
v -0.01463282 -0.04221051 0.18793771
v -0.01787948 -0.03737080 0.23765540
v -0.01919823 -0.03980922 0.23551381
v -0.01464384 -0.04201382 0.18779510
v -0.01920509 -0.04181247 0.23306970
v -0.01827234 -0.04150539 0.23431750
v -0.01932770 -0.03949344 0.23563559
v -0.01480180 -0.04165685 0.18764740
v -0.02105367 -0.03954929 0.23402810
v -0.01932770 -0.03949344 0.23563559
v -0.02011293 -0.03938144 0.23499259
v -0.01486343 -0.04127788 0.18745340
v -0.01899582 -0.03700989 0.23680970
v -0.01823228 -0.03724932 0.23732170
v -0.01899582 -0.03700989 0.23680970
v -0.01497519 -0.04117769 0.18746381
v -0.01784557 -0.04111284 0.18936060
v -0.01830959 -0.04113453 0.18974170
v -0.02002125 -0.03764796 0.23581950
v -0.02137911 -0.03782951 0.23451281
v -0.01805353 -0.03774708 0.23736830
v -0.02095800 -0.03912091 0.23439769
v -0.02011293 -0.03938144 0.23499259
v -0.01900523 -0.03915870 0.23610130
v -0.01423388 -0.04092186 0.18697511
v -0.01532089 -0.04097574 0.18758890
v -0.01853775 -0.04087519 0.18977579
v -0.01332491 -0.04084157 0.18645699
v -0.01423388 -0.04092186 0.18697511
v -0.01651608 -0.04073941 0.18826400
v -0.01787948 -0.03737080 0.23765540
v -0.02002125 -0.03764796 0.23581950
v -0.01893091 -0.03756856 0.23677769
v -0.02095800 -0.03912091 0.23439769
v -0.01760756 -0.03896641 0.23724040
v -0.01955753 -0.03890532 0.23576280
v -0.01501119 -0.04073131 0.18725561
v -0.01651608 -0.04073941 0.18826400
v -0.01826226 -0.04067051 0.18944199
v -0.01347237 -0.04076588 0.18647739
v -0.01651608 -0.04073941 0.18826400
v -0.01501119 -0.04073131 0.18725561
v -0.01651608 -0.04073941 0.18826400
v -0.02271986 -0.03903168 0.23254170
v -0.01955753 -0.03890532 0.23576280
v -0.02040201 -0.03885203 0.23504861
v -0.02233582 -0.03956383 0.23264579
v -0.02105367 -0.03954929 0.23402810
v -0.02011293 -0.03938144 0.23499259
v -0.02154260 -0.03890877 0.23395120
v -0.02271986 -0.03903168 0.23254170
v -0.02040201 -0.03885203 0.23504861
v -0.02322828 -0.03927958 0.23182321
v -0.01955753 -0.03890532 0.23576280
v -0.02322828 -0.03927958 0.23182321
v -0.02095800 -0.03912091 0.23439769
v -0.02355206 -0.03912729 0.23154581
v -0.01248925 -0.04021656 0.18541691
v -0.01670891 -0.03929138 0.18784530
v -0.01742798 -0.03912127 0.18828240
v -0.01742798 -0.03912127 0.18828240
v -0.02154260 -0.03890877 0.23395120
v -0.02142930 -0.03822076 0.23437880
v -0.01290678 -0.03910315 0.18563370
v -0.01742798 -0.03912127 0.18828240
v -0.01837861 -0.03892636 0.18893830
v -0.01290678 -0.03910315 0.18563370
v -0.01837861 -0.03892636 0.18893830
v -0.01669234 -0.03883635 0.18773280
v -0.02318608 -0.04046028 0.23087560
v -0.02223294 -0.04068577 0.23186080
v -0.02081292 -0.04049885 0.23343250
v -0.01133292 -0.04205989 0.18615800
v -0.01464384 -0.04201382 0.18779510
v -0.01551038 -0.04170560 0.18815801
v -0.01330649 -0.04169005 0.18689130
v -0.01133292 -0.04205989 0.18615800
v -0.01551038 -0.04170560 0.18815801
v -0.01330649 -0.04169005 0.18689130
v -0.01551038 -0.04170560 0.18815801
v -0.01480180 -0.04165685 0.18764740
v -0.02298605 -0.03760290 0.23282120
v -0.01787948 -0.03737080 0.23765540
v -0.01823228 -0.03724932 0.23732170
v -0.02298605 -0.03760290 0.23282120
v -0.02002125 -0.03764796 0.23581950
v -0.01787948 -0.03737080 0.23765540
v -0.02434873 -0.04031193 0.22948430
v -0.02318608 -0.04046028 0.23087560
v -0.02081292 -0.04049885 0.23343250
v -0.01073312 -0.04166990 0.18566720
v -0.01330649 -0.04169005 0.18689130
v -0.01480180 -0.04165685 0.18764740
v -0.02073729 -0.03718137 0.23526190
v -0.02298605 -0.03760290 0.23282120
v -0.01823228 -0.03724932 0.23732170
v -0.02081292 -0.04049885 0.23343250
v 0.03016698 -0.03338807 0.20802560
v 0.02757835 -0.03499799 0.19983260
v 0.02012634 -0.03796201 0.19014330
v 0.02402496 -0.02505975 0.23414201
v 0.02153265 -0.02468711 0.23631290
v 0.02342057 -0.02515864 0.23439910
v 0.00442284 -0.02276206 0.24436121
v 0.00296605 -0.02270185 0.24455591
v 0.00315630 -0.02272599 0.24451239
v 0.00395203 -0.02272617 0.24444650
v 0.02374678 -0.02525210 0.23402829
v 0.02365541 -0.02523803 0.23411460
v -0.00954658 -0.02306246 0.24316750
v -0.01288414 -0.02338993 0.24187431
v -0.00986099 -0.02327263 0.24282430
v -0.01102113 -0.02316367 0.24270180
v 0.02536964 -0.02499204 0.23298620
v 0.02179718 -0.02358382 0.23688290
v 0.02203375 -0.02358335 0.23657320
v -0.01007491 -0.02308315 0.24303430
v 0.00303692 -0.02265799 0.24460450
v 0.00290382 -0.02268463 0.24458151
v 0.00354379 -0.02224910 0.24500760
v 0.02572840 -0.02594822 0.23139250
v 0.02461463 -0.02561002 0.23279300
v 0.02451324 -0.02571308 0.23292130
v 0.02572840 -0.02594822 0.23139250
v 0.02353072 -0.02525365 0.23417890
v 0.02461463 -0.02561002 0.23279300
v 0.02572840 -0.02594822 0.23139250
v 0.02354747 -0.02523893 0.23418990
v 0.02353072 -0.02525365 0.23417890
v 0.00354379 -0.02224910 0.24500760
v 0.00281525 -0.02272236 0.24476980
v 0.00303692 -0.02265799 0.24460450
v -0.00904792 -0.02297717 0.24337970
v -0.01102113 -0.02316367 0.24270180
v -0.01007491 -0.02308315 0.24303430
v 0.02564871 -0.02586185 0.23160221
v -0.00904792 -0.02297717 0.24337970
v -0.01056951 -0.02308022 0.24291781
v -0.01102113 -0.02316367 0.24270180
v 0.02356141 -0.02522623 0.23419920
v 0.02365541 -0.02523803 0.23411460
v 0.02743905 -0.02619564 0.22951099
v 0.02743905 -0.02619564 0.22951099
v 0.02365541 -0.02523803 0.23411460
v 0.02564871 -0.02586185 0.23160221
v -0.03129845 -0.03152215 0.20627519
v -0.03162992 -0.03073406 0.21137729
v -0.03208452 -0.02946007 0.21490350
v -0.00911230 -0.02276748 0.24356210
v -0.01057952 -0.02305918 0.24294031
v -0.01010942 -0.02300882 0.24311779
v -0.01149743 -0.02265274 0.24303789
v -0.03208452 -0.02946007 0.21490350
v -0.03162992 -0.03073406 0.21137729
v -0.03089475 -0.03019535 0.21563120
v 0.02587956 -0.02597713 0.23121861
v 0.00605440 -0.02288258 0.24401450
v 0.00441939 -0.02277714 0.24434111
v 0.02743905 -0.02619564 0.22951099
v 0.00618064 -0.02284270 0.24405190
v 0.02740669 -0.02559292 0.22999540
v 0.02536964 -0.02499204 0.23298620
v 0.02402496 -0.02505975 0.23414201
v 0.02740669 -0.02559292 0.22999540
v 0.02402496 -0.02505975 0.23414201
v -0.03092318 -0.02892398 0.21921490
v -0.03132343 -0.02849107 0.21960039
v 0.02755391 -0.02668297 0.22845080
v 0.02451324 -0.02571308 0.23292130
v 0.02721112 -0.02668726 0.22879951
v -0.03035068 -0.02834039 0.22173660
v -0.03089475 -0.03019535 0.21563120
v -0.03065395 -0.02924907 0.21893850
v -0.03035068 -0.02834039 0.22173660
v 0.00626516 -0.02284288 0.24404040
v 0.02758961 -0.02665722 0.22846410
v -0.03132343 -0.02849107 0.21960039
v 0.00627571 -0.02283161 0.24405371
v 0.00627571 -0.02283161 0.24405371
v 0.00395203 -0.02272617 0.24444650
v 0.00442284 -0.02276206 0.24436121
v -0.03028392 -0.02823799 0.22200280
v -0.03092318 -0.02892398 0.21921490
v -0.03035068 -0.02834039 0.22173660
v -0.00799161 -0.02293956 0.24364300
v 0.00621813 -0.02281206 0.24408680
v -0.00722539 -0.02288138 0.24384549
v -0.01007491 -0.02308315 0.24303430
v -0.00799161 -0.02293956 0.24364300
v 0.02854156 -0.02742964 0.22587940
v -0.03028392 -0.02823799 0.22200280
v -0.03035068 -0.02834039 0.22173660
v -0.03027021 -0.02824717 0.22200130
v 0.00622356 -0.02279359 0.24410871
v -0.03030121 -0.02820801 0.22204681
v -0.00722539 -0.02288138 0.24384549
v -0.00904792 -0.02297717 0.24337970
v -0.01007491 -0.02308315 0.24303430
v -0.02954500 -0.02702862 0.22549739
v -0.03093624 -0.02757275 0.22188540
v 0.02775114 -0.02671068 0.22820430
v -0.02923375 -0.02749329 0.22503901
v -0.03027021 -0.02824717 0.22200130
v -0.03035068 -0.02834039 0.22173660
v -0.02923375 -0.02749329 0.22503901
v -0.03035068 -0.02834039 0.22173660
v -0.02907276 -0.02794986 0.22434780
v -0.00801355 -0.02288144 0.24371210
v -0.01056951 -0.02308022 0.24291781
v -0.00904792 -0.02297717 0.24337970
v 0.02902984 -0.02637296 0.22685590
v -0.02926653 -0.02747726 0.22503109
v -0.01010942 -0.02300882 0.24311779
v -0.00750721 -0.02282458 0.24386621
v -0.01010942 -0.02300882 0.24311779
v -0.00801355 -0.02288144 0.24371210
v 0.02963751 -0.02780807 0.22380359
v 0.02963751 -0.02780807 0.22380359
v -0.00750721 -0.02282458 0.24386621
v 0.00623184 -0.02276396 0.24414240
v -0.00695825 -0.02289474 0.24387100
v -0.00746149 -0.02303326 0.24360250
v 0.02907556 -0.02737832 0.22546420
v 0.02907556 -0.02737832 0.22546420
v -0.02922868 -0.02744489 0.22514330
v -0.02883148 -0.02688801 0.22653539
v -0.02954500 -0.02702862 0.22549739
v 0.02968430 -0.02858924 0.22212100
v -0.02782076 -0.02677381 0.22801539
v -0.02645874 -0.02628147 0.23030441
v 0.00626290 -0.02275359 0.24414970
v 0.03058624 -0.02734094 0.22316520
v -0.02781385 -0.02672237 0.22811680
v -0.00696248 -0.02288293 0.24388650
v 0.03055727 -0.02925878 0.21905680
v -0.02784252 -0.02671182 0.22810569
v -0.00699610 -0.02222073 0.24445120
v -0.00722539 -0.02288138 0.24384549
v 0.00766289 -0.02287811 0.24375060
v 0.03138917 -0.02842533 0.21984071
v -0.02765887 -0.02666872 0.22837441
v 0.00814056 -0.02260315 0.24402210
v -0.00697452 -0.02284765 0.24393059
v -0.02954500 -0.02702862 0.22549739
v -0.02883148 -0.02688801 0.22653539
v -0.02784252 -0.02671182 0.22810569
v -0.00698119 -0.02282702 0.24395479
v -0.00801355 -0.02288144 0.24371210
v 0.00860375 -0.02300006 0.24342909
v 0.00944710 -0.02314049 0.24308270
v -0.00646520 -0.02279132 0.24407551
v -0.00801355 -0.02288144 0.24371210
v -0.00698119 -0.02282702 0.24395479
v 0.03113162 -0.02999430 0.21570270
v -0.00646520 -0.02279132 0.24407551
v -0.00750721 -0.02282458 0.24386621
v -0.00801355 -0.02288144 0.24371210
v -0.02481842 -0.02532780 0.23315780
v -0.02765887 -0.02666872 0.22837441
v -0.02645874 -0.02628147 0.23030441
v -0.00681955 -0.02278023 0.24403350
v -0.01149743 -0.02265274 0.24303789
v -0.02639770 -0.02591145 0.23079270
v -0.02765887 -0.02666872 0.22837441
v -0.02481842 -0.02532780 0.23315780
v -0.02639770 -0.02591145 0.23079270
v -0.02765887 -0.02666872 0.22837441
v -0.00552368 -0.02285015 0.24409840
v -0.02639770 -0.02591145 0.23079270
v -0.02954500 -0.02702862 0.22549739
v -0.02784252 -0.02671182 0.22810569
v 0.03181159 -0.03021150 0.21308491
v 0.03138464 -0.03112328 0.21033069
v 0.03203701 -0.02909100 0.21575610
v -0.00627482 -0.02284055 0.24404199
v 0.03213530 -0.02989685 0.21153469
v 0.00945705 -0.02301329 0.24326091
v 0.03188556 -0.03068047 0.20882240
v 0.03138464 -0.03112328 0.21033069
v -0.02505463 -0.02571988 0.23228280
v -0.02481842 -0.02532780 0.23315780
v -0.02645874 -0.02628147 0.23030441
v -0.02640908 -0.02521145 0.23147170
v -0.02913182 -0.02609735 0.22695130
v -0.00696891 -0.02286458 0.24391010
v 0.00941283 -0.02296334 0.24333170
v -0.00628173 -0.02281820 0.24407010
v -0.00628173 -0.02281820 0.24407010
v -0.00722539 -0.02288138 0.24384549
v -0.00696891 -0.02286458 0.24391010
v -0.02397477 -0.02538114 0.23366700
v -0.02408844 -0.02537626 0.23359200
v -0.02295321 -0.02508896 0.23478989
v -0.02407163 -0.02535253 0.23363981
v -0.00629777 -0.02276223 0.24413469
v -0.00681955 -0.02278023 0.24403350
v 0.00963408 -0.02305704 0.24316619
v -0.02390176 -0.02538758 0.23370831
v -0.00371170 -0.02292454 0.24420610
v 0.00964731 -0.02302891 0.24320030
v -0.02397477 -0.02538114 0.23366700
v -0.02295321 -0.02508896 0.23478989
v -0.02505463 -0.02571988 0.23228280
v -0.00434601 -0.02276802 0.24435879
v 0.00965387 -0.02301442 0.24321710
v -0.02442938 -0.02462619 0.23396750
v 0.00966758 -0.02298265 0.24325170
v -0.02148437 -0.02513700 0.23567550
v 0.00966758 -0.02298265 0.24325170
v 0.00941283 -0.02296334 0.24333170
v 0.00766289 -0.02287811 0.24375060
v 0.00966758 -0.02298265 0.24325170
v -0.00453943 -0.02275449 0.24435940
v 0.01120471 -0.02277719 0.24301420
v 0.01246643 -0.02353346 0.24181150
v 0.01120471 -0.02277719 0.24301420
v 0.00966758 -0.02298265 0.24325170
v 0.00945705 -0.02301329 0.24326091
v 0.01120471 -0.02277719 0.24301420
v 0.00945705 -0.02301329 0.24326091
v 0.00965387 -0.02301442 0.24321710
v 0.01177972 -0.02273190 0.24286240
v -0.02091366 -0.02462857 0.23671751
v 0.01263338 -0.02335059 0.24201420
v -0.02174150 -0.02477169 0.23606621
v -0.02295321 -0.02508896 0.23478989
v -0.02397477 -0.02538114 0.23366700
v -0.02091366 -0.02462857 0.23671751
v 0.01264148 -0.02334237 0.24202339
v -0.00416493 -0.02272266 0.24443389
v -0.02197152 -0.02481180 0.23586580
v 0.01265335 -0.02333283 0.24203320
v -0.02206474 -0.02481663 0.23580000
v 0.01265794 -0.02331608 0.24205430
v -0.00426382 -0.02270478 0.24444631
v -0.00417197 -0.02268558 0.24447730
v -0.00455326 -0.02268832 0.24443750
v 0.01266705 -0.02329617 0.24207740
v -0.00455326 -0.02268832 0.24443750
v -0.00681955 -0.02278023 0.24403350
v -0.00629777 -0.02276223 0.24413469
v 0.01269191 -0.02329045 0.24207710
v -0.00331873 -0.02230751 0.24493191
v 0.01411557 -0.02348887 0.24133439
v 0.01269370 -0.02326989 0.24210159
v 0.01269918 -0.02325987 0.24211180
v 0.01270306 -0.02325296 0.24211881
v 0.01555627 -0.02329266 0.24101231
v 0.01295226 -0.02257460 0.24248540
v 0.01301574 -0.02216732 0.24252780
v 0.01551377 -0.02371311 0.24056290
v 0.01246643 -0.02353346 0.24181150
v 0.01551276 -0.02371436 0.24056140
v 0.01558583 -0.02371543 0.24053310
v 0.01246643 -0.02353346 0.24181150
v 0.01551377 -0.02371311 0.24056290
v 0.01558583 -0.02371543 0.24053310
v 0.01558995 -0.02369874 0.24055550
v -0.00380987 -0.02272236 0.24452560
v -0.01919549 -0.02435117 0.23808640
v 0.01567202 -0.02368777 0.24053960
v -0.00380987 -0.02272236 0.24452560
v -0.00416493 -0.02272266 0.24443389
v -0.00453943 -0.02275449 0.24435940
v -0.01914525 -0.02422934 0.23827060
v -0.01941317 -0.02425611 0.23809621
v -0.01941317 -0.02425611 0.23809621
v -0.02197152 -0.02481180 0.23586580
v -0.02174150 -0.02477169 0.23606621
v 0.01572573 -0.02367746 0.24053280
v -0.01967489 -0.02429014 0.23791450
v -0.01941317 -0.02425611 0.23809621
v 0.01556766 -0.02364248 0.24063981
v -0.01869195 -0.02344715 0.23926130
v 0.01717603 -0.02388554 0.23962501
v 0.01717603 -0.02388554 0.23962501
v 0.01269191 -0.02329045 0.24207710
v 0.01556766 -0.02364248 0.24063981
v 0.01420819 -0.02345860 0.24133749
v 0.01269370 -0.02326989 0.24210159
v 0.01717603 -0.02388554 0.23962501
v 0.01571917 -0.02363514 0.24058880
v 0.01420819 -0.02345860 0.24133749
v -0.00331873 -0.02230751 0.24493191
v -0.00230151 -0.02230232 0.24495780
v -0.00057412 -0.02271217 0.24463341
v -0.00230151 -0.02230232 0.24495780
v -0.00380987 -0.02272236 0.24452560
v -0.00434601 -0.02276802 0.24435879
v 0.01577895 -0.02375084 0.24041051
v 0.01854324 -0.02420383 0.23862620
v -0.00230151 -0.02230232 0.24495780
v -0.00416493 -0.02272266 0.24443389
v -0.00380987 -0.02272236 0.24452560
v -0.00230151 -0.02230232 0.24495780
v -0.00230151 -0.02230232 0.24495780
v -0.00417197 -0.02268558 0.24447730
v -0.00426382 -0.02270478 0.24444631
v -0.00230151 -0.02230232 0.24495780
v -0.00058174 -0.02271473 0.24464010
v -0.00230151 -0.02230232 0.24495780
v -0.00057412 -0.02271217 0.24463341
v -0.01861220 -0.02417773 0.23860230
v -0.01873916 -0.02421861 0.23848291
v 0.01558583 -0.02371543 0.24053310
v 0.01577895 -0.02375084 0.24041051
v 0.01854324 -0.02420383 0.23862620
v 0.01558583 -0.02371543 0.24053310
v -0.00057564 -0.02265936 0.24470291
v -0.00230151 -0.02230232 0.24495780
v -0.00058174 -0.02271473 0.24464010
v -0.00015259 -0.02266126 0.24476980
v -0.00028858 -0.02260172 0.24477240
v -0.00230151 -0.02230232 0.24495780
v -0.00015259 -0.02266126 0.24476980
v -0.00038910 -0.02222645 0.24509420
v -0.00230151 -0.02230232 0.24495780
v -0.00028858 -0.02260172 0.24477240
v 0.00201416 -0.02300363 0.24419761
v -0.01851987 -0.02409583 0.23875929
v 0.01717603 -0.02388554 0.23962501
v 0.01556766 -0.02364248 0.24063981
v 0.01572573 -0.02367746 0.24053280
v -0.01744019 -0.02399337 0.23938730
v 0.01586157 -0.02364075 0.24052480
v 0.01844590 -0.02317529 0.23962180
v 0.01782226 -0.02326589 0.23983350
v 0.01844590 -0.02317529 0.23962180
v 0.00132108 -0.02268964 0.24463020
v 0.00201416 -0.02300363 0.24419761
v 0.02083969 -0.02467930 0.23674750
v 0.01558583 -0.02371543 0.24053310
v 0.01854324 -0.02420383 0.23862620
v 0.02083969 -0.02467930 0.23674750
v -0.01742500 -0.02393198 0.23947750
v -0.02091366 -0.02462857 0.23671751
v -0.01919549 -0.02435117 0.23808640
v -0.01742500 -0.02393198 0.23947750
v -0.00015259 -0.02266126 0.24476980
v -0.00057564 -0.02265936 0.24470291
v 0.01862061 -0.02418571 0.23858890
v 0.01856583 -0.02415949 0.23865309
v -0.01824796 -0.02402991 0.23897959
v -0.01609802 -0.02380567 0.24023031
v -0.01577752 -0.02425771 0.23988310
v 0.00000000 -0.02261471 0.24475969
v 0.00281525 -0.02272236 0.24476980
v 0.01866286 -0.02415686 0.23861030
v 0.01867014 -0.02414876 0.23861800
v 0.01862740 -0.02412533 0.23867030
v 0.00000000 -0.02258676 0.24479070
v -0.00028858 -0.02260172 0.24477240
v 0.00354379 -0.02224910 0.24500760
v 0.00000000 -0.02258676 0.24479070
v -0.00230151 -0.02230232 0.24495780
v 0.01717603 -0.02388554 0.23962501
v 0.01867491 -0.02411544 0.23865969
v 0.01420819 -0.02345860 0.24133749
v 0.01717603 -0.02388554 0.23962501
v 0.01867491 -0.02411544 0.23865969
v 0.01571917 -0.02363514 0.24058880
v 0.01420819 -0.02345860 0.24133749
v 0.01870977 -0.02410143 0.23865999
v 0.01867491 -0.02411544 0.23865969
v -0.01648008 -0.02382117 0.24003910
v -0.01861220 -0.02417773 0.23860230
v -0.01744019 -0.02399337 0.23938730
v -0.01648694 -0.02381283 0.24004790
v -0.01861220 -0.02417773 0.23860230
v -0.01648008 -0.02382117 0.24003910
v -0.01661741 -0.02381628 0.23999010
v -0.01661741 -0.02381628 0.23999010
v -0.01919549 -0.02435117 0.23808640
v -0.01861220 -0.02417773 0.23860230
v -0.01661741 -0.02381628 0.23999010
v -0.01742500 -0.02393198 0.23947750
v -0.01919549 -0.02435117 0.23808640
v -0.01652061 -0.02376914 0.24009180
v -0.01851987 -0.02409583 0.23875929
v -0.01742500 -0.02393198 0.23947750
v 0.02078312 -0.02458292 0.23688860
v -0.01467895 -0.02312767 0.24145851
v -0.01467895 -0.02312767 0.24145851
v -0.01824796 -0.02402991 0.23897959
v -0.01851987 -0.02409583 0.23875929
v -0.01577752 -0.02296936 0.24117251
v -0.01824796 -0.02402991 0.23897959
v -0.01467895 -0.02312767 0.24145851
v 0.02095597 -0.02424776 0.23722801
v 0.01916462 -0.02344423 0.23887619
v 0.02179718 -0.02358382 0.23688290
v 0.02179718 -0.02358382 0.23688290
v 0.01782226 -0.02326589 0.23983350
v 0.01916462 -0.02344423 0.23887619
v -0.01623439 -0.02379477 0.24017440
v -0.01744019 -0.02399337 0.23938730
v -0.00015259 -0.02266126 0.24476980
v -0.01648008 -0.02382117 0.24003910
v 0.00303692 -0.02265799 0.24460450
v 0.00281525 -0.02272236 0.24476980
v -0.00015259 -0.02266126 0.24476980
v -0.01695483 -0.02347111 0.24017330
v -0.01824796 -0.02402991 0.23897959
v -0.01577752 -0.02296936 0.24117251
v -0.01695483 -0.02347111 0.24017330
v 0.02083969 -0.02467930 0.23674750
v 0.00281525 -0.02272236 0.24476980
v -0.00028858 -0.02260172 0.24477240
v 0.00000000 -0.02261471 0.24475969
v 0.02143311 -0.02472347 0.23632149
v 0.00281525 -0.02272236 0.24476980
v 0.00354379 -0.02224910 0.24500760
v -0.00028858 -0.02260172 0.24477240
v 0.02143311 -0.02472347 0.23632149
v 0.02095597 -0.02424776 0.23722801
v -0.01577752 -0.02296936 0.24117251
v -0.01467895 -0.02312767 0.24145851
v -0.01742500 -0.02393198 0.23947750
v -0.01467895 -0.02312767 0.24145851
v -0.01652061 -0.02376914 0.24009180
v -0.01742500 -0.02393198 0.23947750
v -0.01311719 -0.02331131 0.24191850
v -0.01312839 -0.02329152 0.24193810
v 0.02143311 -0.02472347 0.23632149
v 0.02083969 -0.02467930 0.23674750
v 0.02311885 -0.02516025 0.23459300
v -0.01326525 -0.02298581 0.24216031
v -0.01149743 -0.02265274 0.24303789
v -0.01149743 -0.02265274 0.24303789
v -0.01467895 -0.02312767 0.24145851
v -0.01326525 -0.02298581 0.24216031
v 0.02150410 -0.02471649 0.23628969
v 0.02143311 -0.02472347 0.23632149
v 0.02179718 -0.02358382 0.23688290
v 0.02536964 -0.02499204 0.23298620
v 0.02095597 -0.02424776 0.23722801
v 0.02402496 -0.02505975 0.23414201
v 0.02203375 -0.02358335 0.23657320
v 0.02179718 -0.02358382 0.23688290
v 0.00354379 -0.02224910 0.24500760
v 0.02451324 -0.02571308 0.23292130
v 0.02311885 -0.02516025 0.23459300
v 0.02353072 -0.02525365 0.23417890
v 0.02143311 -0.02472347 0.23632149
v 0.02311885 -0.02516025 0.23459300
v -0.01056951 -0.02308022 0.24291781
v -0.01288414 -0.02338993 0.24187431
v -0.01102113 -0.02316367 0.24270180
v 0.02451324 -0.02571308 0.23292130
v 0.02083969 -0.02467930 0.23674750
v 0.02721112 -0.02668726 0.22879951
v 0.02353072 -0.02525365 0.23417890
v 0.02311885 -0.02516025 0.23459300
v 0.02461463 -0.02561002 0.23279300
v -0.00220758 -0.03683811 0.18101950
v -0.00356698 -0.03677326 0.18129399
v -0.00024641 -0.03603374 0.18104790
v -0.00020695 -0.03777945 0.18139930
v -0.00355780 -0.03765147 0.18159810
v -0.00220758 -0.03683811 0.18101950
v -0.00029731 -0.03831964 0.18217200
v -0.00020695 -0.03777945 0.18139930
v 0.00247806 -0.03767645 0.18149500
v 0.00294393 -0.03805506 0.18197639
v 0.00247806 -0.03767645 0.18149500
v 0.00248706 -0.03726255 0.18127391
v 0.00460720 -0.03677731 0.18139330
v 0.00248706 -0.03726255 0.18127391
v -0.00220758 -0.03683811 0.18101950
v 0.00609106 -0.03758180 0.18190619
v 0.00406450 -0.03764110 0.18165369
v 0.00247806 -0.03767645 0.18149500
v 0.00609106 -0.03758180 0.18190619
v 0.00297737 -0.03796589 0.18184251
v 0.00406450 -0.03764110 0.18165369
v 0.00625509 -0.03805673 0.18265310
v 0.00619733 -0.03789299 0.18237869
v 0.00609106 -0.03758180 0.18190619
v 0.00619161 -0.03791552 0.18241310
v -0.03033787 -0.03243070 0.20516440
v -0.03129845 -0.03152215 0.20627519
v 0.00792837 -0.03782486 0.18282330
v 0.00884247 -0.03748857 0.18268991
v -0.02959376 -0.03289991 0.20123200
v -0.02892208 -0.03253901 0.19901440
v 0.00793648 -0.03779721 0.18278021
v 0.00884247 -0.03748857 0.18268991
v -0.02959376 -0.03289991 0.20123200
v -0.02892208 -0.03253901 0.19901440
v -0.03044271 -0.03163135 0.20262310
v -0.02733612 -0.03318601 0.19620870
v 0.00793207 -0.03781104 0.18280110
v -0.02804017 -0.03359174 0.19774351
v -0.02804017 -0.03359174 0.19774351
v -0.02526855 -0.03522592 0.19503470
v -0.02733939 -0.03450399 0.19871590
v -0.02643585 -0.03350263 0.19487350
v -0.02643585 -0.03350263 0.19487350
v -0.02892208 -0.03253901 0.19901440
v -0.02733612 -0.03318601 0.19620870
v -0.02804017 -0.03359174 0.19774351
v -0.02643585 -0.03350263 0.19487350
v -0.02343750 -0.03445369 0.19106071
v -0.02624130 -0.03420746 0.19479530
v -0.02804017 -0.03359174 0.19774351
v -0.02343750 -0.03445369 0.19106071
v -0.02624130 -0.03420746 0.19479530
v 0.01157188 -0.03704315 0.18337549
v 0.01157188 -0.03704315 0.18337549
v 0.01272290 -0.03757369 0.18474551
v -0.02176851 -0.03553819 0.18977851
v -0.02343750 -0.03445369 0.19106071
v -0.02388215 -0.03527611 0.19249620
v 0.01279169 -0.03705656 0.18407170
v 0.01279169 -0.03705656 0.18407170
v -0.02097940 -0.03627640 0.19004790
v 0.01456826 -0.03678524 0.18481040
v 0.01456826 -0.03678524 0.18481040
v 0.01557582 -0.03683024 0.18549630
v -0.02176851 -0.03553819 0.18977851
v 0.01557582 -0.03683024 0.18549630
v -0.01885271 -0.03631919 0.18762609
v -0.01691961 -0.03687196 0.18667190
v -0.02002334 -0.03681975 0.18952151
v -0.01885271 -0.03631919 0.18762609
v -0.01668548 -0.03611147 0.18580221
v -0.01668548 -0.03611147 0.18580221
v 0.01820516 -0.03625780 0.18693700
v 0.01820516 -0.03625780 0.18693700
v 0.01849937 -0.03657227 0.18776201
v -0.01421731 -0.03719562 0.18514410
v -0.01421731 -0.03719562 0.18514410
v -0.01691961 -0.03687196 0.18667190
v -0.01885271 -0.03631919 0.18762609
v 0.02213001 -0.03555899 0.19020240
v 0.02091026 -0.03520429 0.18876290
v -0.01375198 -0.03704321 0.18456431
v -0.01047354 -0.03762739 0.18358530
v -0.01319885 -0.03648000 0.18398640
v -0.01006978 -0.03720241 0.18289390
v 0.02683156 -0.03413867 0.19579761
v -0.00738233 -0.03805118 0.18293729
v 0.02484434 -0.03493309 0.19342861
v 0.02213001 -0.03555899 0.19020240
v 0.02683156 -0.03413867 0.19579761
v -0.01048564 -0.03759914 0.18354329
v -0.01047849 -0.03761625 0.18356811
v 0.02831125 -0.03320229 0.19792150
v -0.00530618 -0.03760755 0.18178980
v 0.02831125 -0.03320229 0.19792150
v 0.02753639 -0.03310978 0.19653291
v 0.03077745 -0.03143489 0.20360731
v -0.00716400 -0.03765404 0.18232790
v 0.02831125 -0.03320229 0.19792150
v 0.02797651 -0.03408992 0.19965141
v 0.02683156 -0.03413867 0.19579761
v 0.03015089 -0.03241115 0.20234370
v 0.02831125 -0.03320229 0.19792150
v 0.03077745 -0.03143489 0.20360731
v -0.00735700 -0.03785341 0.18266959
v -0.00716400 -0.03765404 0.18232790
v -0.00402111 -0.03801923 0.18202560
v -0.00716400 -0.03765404 0.18232790
v 0.03022438 -0.03261220 0.20386250
v 0.03015089 -0.03241115 0.20234370
v 0.03015089 -0.03241115 0.20234370
v 0.03077745 -0.03143489 0.20360731
v -0.00381684 -0.03802514 0.18205731
v -0.00381684 -0.03802514 0.18205731
v -0.00716400 -0.03765404 0.18232790
v -0.00402111 -0.03801923 0.18202560
v -0.00486749 -0.03877454 0.18288770
v -0.00637811 -0.03865826 0.18312810
v -0.00325584 -0.03850567 0.18253680
v -0.00738233 -0.03805118 0.18293729
v -0.00325584 -0.03850567 0.18253680
v -0.00356251 -0.03805077 0.18205020
v -0.00462550 -0.03890711 0.18298949
v -0.00073314 -0.03923070 0.18269131
v -0.00381684 -0.03802514 0.18205731
v -0.00029731 -0.03831964 0.18217200
v -0.00356251 -0.03805077 0.18205020
v -0.00029731 -0.03831964 0.18217200
v -0.01856994 -0.03748291 0.18873949
v -0.02150726 -0.03753095 0.19140600
v -0.02002334 -0.03681975 0.18952151
v -0.00029731 -0.03831964 0.18217200
v 0.00314331 -0.03890812 0.18277711
v -0.01586914 -0.03784048 0.18684740
v 0.00294393 -0.03805506 0.18197639
v -0.00073314 -0.03923070 0.18269131
v 0.00452417 -0.03841984 0.18264930
v -0.01279449 -0.03807646 0.18544360
v 0.00607902 -0.03923088 0.18334930
v 0.00297928 -0.03938490 0.18287110
v 0.00814056 -0.03902781 0.18381269
v 0.00625759 -0.03896468 0.18331081
v 0.00607902 -0.03923088 0.18334930
v -0.01421731 -0.03719562 0.18514410
v -0.02002334 -0.03681975 0.18952151
v -0.01613610 -0.03711879 0.18645450
v 0.00608248 -0.03884941 0.18322781
v -0.01421731 -0.03719562 0.18514410
v -0.01613610 -0.03711879 0.18645450
v 0.00626171 -0.03879863 0.18324509
v 0.00814056 -0.03902781 0.18381269
v -0.00995636 -0.03845417 0.18412361
v 0.00699562 -0.03849607 0.18313000
v 0.00452417 -0.03841984 0.18264930
v -0.01158142 -0.03886991 0.18495150
v -0.01519012 -0.03847175 0.18667760
v -0.01218771 -0.03880286 0.18521030
v -0.01218771 -0.03880286 0.18521030
v 0.00649858 -0.03814893 0.18282060
v -0.01279449 -0.03807646 0.18544360
v -0.01586914 -0.03784048 0.18684740
v -0.01188653 -0.03809559 0.18461961
v -0.01188653 -0.03809559 0.18461961
v -0.01171112 -0.03770166 0.18431440
v 0.00699562 -0.03849607 0.18313000
v 0.00452417 -0.03841984 0.18264930
v 0.01099389 -0.03818333 0.18434881
v 0.00996780 -0.03810322 0.18378040
v 0.01099389 -0.03818333 0.18434881
v -0.01158142 -0.03886991 0.18495150
v -0.01218771 -0.03880286 0.18521030
v -0.00755691 -0.03913003 0.18363880
v -0.00755691 -0.03913003 0.18363880
v -0.01218771 -0.03880286 0.18521030
v -0.00995636 -0.03845417 0.18412361
v -0.00755691 -0.03913003 0.18363880
v -0.01158142 -0.03886991 0.18495150
v -0.00865936 -0.03912913 0.18397211
v 0.01241302 -0.03877025 0.18528910
v 0.01163101 -0.03888249 0.18491811
v 0.00814056 -0.03902781 0.18381269
v -0.01055693 -0.03851348 0.18443930
v -0.00995636 -0.03845417 0.18412361
v -0.01279449 -0.03807646 0.18544360
v -0.01055693 -0.03851348 0.18443930
v 0.00814056 -0.03902781 0.18381269
v 0.01056671 -0.03837025 0.18425719
v 0.00954628 -0.03863710 0.18411601
v 0.01099389 -0.03818333 0.18434881
v 0.01056671 -0.03837025 0.18425719
v 0.00814056 -0.03902781 0.18381269
v 0.01099389 -0.03818333 0.18434881
v -0.01055693 -0.03851348 0.18443930
v -0.00995636 -0.03845417 0.18412361
v -0.01038926 -0.03787642 0.18389571
v -0.01038926 -0.03787642 0.18389571
v -0.01171112 -0.03770166 0.18431440
v -0.00738233 -0.03805118 0.18293729
v 0.00814056 -0.03902781 0.18381269
v 0.00954628 -0.03863710 0.18411601
v 0.01241302 -0.03877025 0.18528910
v -0.01047348 -0.03762757 0.18358549
v 0.01056671 -0.03837025 0.18425719
v 0.01241302 -0.03877025 0.18528910
v 0.01056671 -0.03837025 0.18425719
v 0.01581192 -0.03836214 0.18701521
v 0.01626580 -0.03765779 0.18698660
v 0.01099389 -0.03818333 0.18434881
v 0.01555150 -0.03718674 0.18612790
v -0.00567627 -0.03924572 0.18326920
v -0.00755691 -0.03913003 0.18363880
v -0.00462550 -0.03890711 0.18298949
v 0.01842260 -0.03805381 0.18875331
v 0.02077096 -0.03658020 0.19016050
v -0.00374937 -0.03931748 0.18298329
v -0.00755691 -0.03913003 0.18363880
v -0.00073314 -0.03923070 0.18269131
v -0.00567627 -0.03924572 0.18326920
v -0.00356251 -0.03805077 0.18205020
v -0.00567627 -0.03924572 0.18326920
v 0.02077096 -0.03658020 0.19016050
v -0.00073314 -0.03923070 0.18269131
v -0.02526855 -0.03522592 0.19503470
v -0.02002334 -0.03681975 0.18952151
v -0.02150726 -0.03753095 0.19140600
v -0.02524369 -0.03574758 0.19557729
v -0.02733939 -0.03450399 0.19871590
v -0.02944827 -0.03366315 0.20463440
v -0.02893972 -0.03377372 0.20265649
v -0.02471733 -0.03641206 0.19504710
v -0.02602529 -0.03602319 0.19689530
v -0.02150726 -0.03753095 0.19140600
v -0.02602529 -0.03602319 0.19689530
v -0.02471733 -0.03641206 0.19504710
v -0.03085017 -0.03140830 0.21172041
v -0.03038275 -0.03241527 0.20726570
v -0.02733939 -0.03450399 0.19871590
v -0.02602529 -0.03602319 0.19689530
v 0.03058797 -0.03208810 0.20902909
v 0.02991545 -0.03292459 0.20564100
v 0.02882140 -0.03382933 0.20231600
v 0.02484434 -0.03493309 0.19342861
v 0.02521181 -0.03536587 0.19501470
v 0.02991545 -0.03292459 0.20564100
v 0.02490234 -0.03615611 0.19514820
v 0.02521181 -0.03536587 0.19501470
v 0.01842260 -0.03805381 0.18875331
v 0.01842260 -0.03805381 0.18875331
v 0.02077096 -0.03658020 0.19016050
v 0.03058797 -0.03208810 0.20902909
v -0.00194931 -0.02426362 0.24369951
v 0.00122732 -0.02409583 0.24373309
v -0.00371170 -0.02292454 0.24420610
v 0.00060749 -0.02272182 0.24462719
v 0.00060749 -0.02272182 0.24462719
v -0.00622940 -0.02443361 0.24320480
v 0.00122732 -0.02409583 0.24373309
v -0.00194931 -0.02426362 0.24369951
v -0.00622940 -0.02443361 0.24320480
v -0.00194931 -0.02426362 0.24369951
v -0.00503922 -0.02402096 0.24336310
v -0.00503922 -0.02402096 0.24336310
v -0.00872040 -0.02373993 0.24279571
v -0.00872040 -0.02373993 0.24279571
v -0.01135247 -0.02483952 0.24163790
v -0.00622940 -0.02443361 0.24320480
v -0.00967652 -0.02469164 0.24223021
v -0.00967652 -0.02469164 0.24223021
v -0.00622940 -0.02443361 0.24320480
v -0.01577752 -0.02425771 0.23988310
v -0.02148437 -0.02513700 0.23567550
v -0.02148437 -0.02513700 0.23567550
v -0.01840204 -0.02585995 0.23768590
v -0.02148437 -0.02513700 0.23567550
v -0.02487182 -0.02624523 0.23164710
v -0.02148437 -0.02513700 0.23567550
v -0.02487182 -0.02624523 0.23164710
v -0.02641671 -0.02701199 0.22918279
v 0.03087687 -0.03122258 0.21268910
v -0.02641671 -0.02701199 0.22918279
v 0.03087687 -0.03122258 0.21268910
v -0.02907276 -0.02794986 0.22434780
v 0.03113162 -0.02999430 0.21570270
v -0.02898401 -0.02891165 0.22340360
v 0.03087687 -0.03122258 0.21268910
v -0.03065395 -0.02924907 0.21893850
v -0.03065395 -0.02924907 0.21893850
v -0.03089475 -0.03019535 0.21563120
v 0.02854156 -0.02742964 0.22587940
v 0.02669906 -0.02824407 0.22808430
v 0.02566337 -0.02784550 0.22991531
v 0.02807992 -0.02895551 0.22528800
v 0.02669906 -0.02824407 0.22808430
v -0.03085017 -0.03140830 0.21172041
v 0.02721112 -0.02668726 0.22879951
v 0.02669906 -0.02824407 0.22808430
v 0.02721112 -0.02668726 0.22879951
v 0.02689087 -0.02701783 0.22866550
v 0.02566337 -0.02784550 0.22991531
v 0.02669906 -0.02824407 0.22808430
v 0.02359765 -0.02709394 0.23265430
v 0.02669906 -0.02824407 0.22808430
v 0.02689087 -0.02701783 0.22866550
v 0.02396386 -0.02562528 0.23328750
v 0.02359765 -0.02709394 0.23265430
v 0.02689087 -0.02701783 0.22866550
v 0.02721112 -0.02668726 0.22879951
v 0.02396386 -0.02562528 0.23328750
v 0.02396386 -0.02562528 0.23328750
v 0.02050781 -0.02530103 0.23616371
v 0.02083969 -0.02467930 0.23674750
v 0.01854324 -0.02420383 0.23862620
v 0.02050107 -0.02505171 0.23646900
v 0.01716607 -0.02555382 0.23854420
v 0.02050781 -0.02530103 0.23616371
v 0.02396386 -0.02562528 0.23328750
v 0.02050107 -0.02505171 0.23646900
v 0.01708596 -0.02445447 0.23909160
v 0.01551276 -0.02371436 0.24056140
v 0.01324456 -0.02449136 0.24085210
v 0.01551276 -0.02371436 0.24056140
v 0.01324456 -0.02449136 0.24085210
v 0.01551258 -0.02371454 0.24056120
v 0.00915527 -0.02391541 0.24256299
v 0.00915527 -0.02391541 0.24256299
v 0.00593925 -0.02443611 0.24321830
v 0.00511926 -0.02439773 0.24337740
v 0.00870532 -0.02461266 0.24253610
v 0.00593925 -0.02443611 0.24321830
v 0.00511926 -0.02439773 0.24337740
v 0.00543118 -0.02357566 0.24348590
v 0.00543118 -0.02357566 0.24348590
v 0.00122732 -0.02409583 0.24373309
v 0.00511926 -0.02439773 0.24337740
v 0.00253731 -0.02431362 0.24369501
v 0.00201416 -0.02300363 0.24419761
v 0.00253731 -0.02431362 0.24369501
v 0.00201416 -0.02300363 0.24419761
v 0.00380516 -0.04335904 0.22435480
v 0.00696987 -0.04340040 0.22419889
v 0.00664234 -0.04325199 0.22425351
v -0.00042963 -0.04368108 0.22275560
v 0.00155926 -0.04362511 0.22379610
v 0.00380516 -0.04335904 0.22435480
v -0.00200677 -0.04356163 0.21992050
v -0.00151497 -0.04368728 0.22120149
v -0.00083399 -0.04357779 0.22231840
v -0.00247288 -0.04502856 0.20571490
v -0.00216156 -0.04502207 0.20635390
v -0.00228161 -0.04475933 0.20611919
v -0.00420851 -0.04497444 0.20494740
v -0.00430524 -0.04523432 0.20489910
v -0.00283807 -0.04497784 0.20537201
v -0.00529969 -0.04526537 0.20486391
v -0.00509197 -0.04496616 0.20496310
v -0.00625658 -0.04493433 0.20521410
v -0.00594711 -0.04514873 0.20510070
v -0.00585228 -0.04495799 0.20508870
v -0.00665426 -0.04491925 0.20545641
v -0.00633276 -0.04505753 0.20525840
v -0.00722974 -0.04297930 0.22792420
v -0.00734252 -0.04315549 0.22769029
v -0.00729966 -0.04465723 0.20697729
v -0.00737286 -0.04321539 0.22775359
v 0.01223373 -0.04292309 0.22797599
v 0.01241970 -0.04307276 0.22799140
v -0.00695848 -0.04307365 0.22800070
v 0.01223373 -0.04292309 0.22797599
v -0.00695848 -0.04307365 0.22800070
v -0.00722974 -0.04297930 0.22792420
v 0.01270872 -0.04295939 0.22793320
v 0.01325696 -0.04309391 0.22777770
v 0.01241970 -0.04307276 0.22799140
v 0.01270872 -0.04295939 0.22793320
v 0.01326179 -0.04308599 0.22776289
v 0.01325696 -0.04309391 0.22777770
v 0.01270872 -0.04295939 0.22793320
v 0.01436150 -0.04322469 0.22673960
v 0.01340144 -0.04282319 0.22763629
v 0.01417201 -0.04314434 0.22700609
v 0.01456123 -0.04326575 0.22588859
v 0.01417201 -0.04314434 0.22700609
v 0.01446497 -0.04295182 0.22628871
v 0.01461273 -0.04530060 0.20441930
v 0.01456123 -0.04326575 0.22588859
v 0.01446497 -0.04295182 0.22628871
v 0.01090997 -0.04476439 0.20701160
v 0.00853157 -0.04480654 0.20935790
v 0.01380580 -0.04514580 0.20413470
v 0.00796896 -0.04442822 0.21078920
v 0.00809312 -0.04448634 0.21130911
v 0.00802517 -0.04456162 0.21025100
v 0.00991482 -0.04404813 0.21387020
v 0.01106804 -0.04430419 0.21577230
v 0.00836468 -0.04436123 0.21172880
v 0.00912666 -0.04335892 0.22350951
v 0.00951624 -0.04347151 0.22334979
v 0.01061528 -0.04355221 0.22241850
v 0.00820494 -0.04331243 0.22389780
v 0.00951624 -0.04347151 0.22334979
v 0.00912666 -0.04335892 0.22350951
v 0.00664234 -0.04325199 0.22425351
v 0.00696987 -0.04340040 0.22419889
v 0.00951624 -0.04347151 0.22334979
v 0.00664234 -0.04325199 0.22425351
v 0.00951624 -0.04347151 0.22334979
v 0.00820494 -0.04331243 0.22389780
v 0.01446497 -0.04295182 0.22628871
v 0.01378250 -0.04284489 0.22734520
v 0.01340144 -0.04282319 0.22763629
v 0.00839627 -0.04311919 0.22402319
v 0.00074220 -0.04316228 0.22363681
v -0.00720626 -0.04279279 0.22782750
v -0.00049686 -0.04323917 0.22275040
v 0.00854492 -0.04438507 0.20954479
v 0.00811618 -0.04426079 0.21093690
v 0.00820351 -0.04432404 0.21020290
v -0.00157708 -0.04336041 0.22136950
v 0.00384968 -0.04310441 0.22440679
v 0.01146763 -0.04338634 0.22128080
v -0.00200677 -0.04356163 0.21992050
v -0.00221932 -0.04469233 0.20626020
v 0.01446896 -0.04487317 0.20434460
v 0.01200217 -0.04358851 0.21908160
v 0.01153588 -0.04380095 0.21641870
v -0.00675845 -0.04472303 0.20557390
v -0.00483370 -0.04479563 0.20502430
v -0.00729966 -0.04465723 0.20697729
v 0.00559610 -0.04309135 0.22443680
v 0.00914001 -0.04443943 0.20886581
v -0.00295734 -0.04473263 0.20544980
v 0.01381969 -0.04487097 0.20419940
v 0.01438879 -0.04483520 0.20436090
v 0.01381969 -0.04487097 0.20419940
v 0.01404815 -0.04483687 0.20425650
v 0.01438879 -0.04483520 0.20436090
v 0.01446896 -0.04487317 0.20434460
v 0.01381969 -0.04487097 0.20419940
v 0.00737947 -0.04420417 0.21678130
v 0.00768530 -0.04395914 0.21794119
v 0.00718117 -0.04384243 0.21655150
v 0.00679016 -0.04425674 0.21585441
v 0.00467992 -0.04453009 0.21300910
v 0.00402516 -0.04476785 0.21060750
v 0.00467992 -0.04453009 0.21300910
v 0.00407463 -0.04428905 0.21159910
v 0.00390530 -0.04440444 0.20994100
v 0.00402516 -0.04476785 0.21060750
v 0.00407463 -0.04428905 0.21159910
v 0.01260769 -0.04525035 0.19949991
v 0.01274740 -0.04571110 0.19946600
v 0.00583839 -0.04500752 0.20642491
v 0.01215302 -0.04542553 0.19893131
v 0.01215291 -0.04551082 0.19892541
v 0.01215368 -0.04567301 0.19892509
v 0.01215505 -0.04549735 0.19892330
v 0.01215302 -0.04542553 0.19893131
v 0.01215368 -0.04567301 0.19892509
v 0.01215505 -0.04549735 0.19892330
v 0.01215368 -0.04567301 0.19892509
v 0.01215505 -0.04561126 0.19892929
v 0.01166933 -0.04547458 0.19892910
v 0.01215142 -0.04564249 0.19892851
v 0.01215291 -0.04551082 0.19892541
v 0.01215106 -0.04549735 0.19892339
v -0.01222324 -0.04558861 0.19915460
v -0.01200324 -0.04548275 0.19914789
v -0.01252740 -0.04546213 0.19917940
v -0.01262474 -0.04558402 0.19919710
v -0.01384532 -0.04545879 0.19968770
v -0.01456326 -0.04531776 0.20140600
v -0.01415652 -0.04550123 0.20017500
v -0.01384532 -0.04545879 0.19968770
v -0.01404738 -0.04321557 0.22720429
v -0.01457458 -0.04325556 0.22584920
v -0.01424789 -0.04290556 0.22675720
v -0.01375722 -0.04311686 0.22744010
v -0.01404738 -0.04321557 0.22720429
v -0.01424789 -0.04290556 0.22675720
v -0.01359027 -0.04292076 0.22756170
v -0.01333618 -0.04309177 0.22772761
v -0.01375722 -0.04311686 0.22744010
v -0.01359027 -0.04292076 0.22756170
v -0.01273727 -0.04306936 0.22795311
v -0.01333618 -0.04309177 0.22772761
v -0.01359027 -0.04292076 0.22756170
v -0.01152449 -0.04289591 0.22796319
v -0.01150315 -0.04306977 0.22797790
v -0.01173800 -0.04314315 0.22806279
v -0.01148033 -0.04307425 0.22796600
v -0.01138240 -0.04305464 0.22789010
v -0.01145935 -0.04308038 0.22795270
v -0.01136833 -0.04299145 0.22756571
v -0.01134377 -0.04322880 0.22797289
v -0.01138240 -0.04305464 0.22789010
v -0.01136690 -0.04303157 0.22710960
v -0.01024740 -0.04499298 0.20329399
v -0.01091516 -0.04528176 0.20469740
v -0.01135605 -0.04476201 0.20572050
v -0.00800800 -0.04516923 0.20186250
v -0.00835812 -0.04542189 0.20186441
v -0.01024740 -0.04499298 0.20329399
v 0.00208515 -0.04443293 0.20935790
v 0.00198323 -0.04507207 0.20660360
v 0.00194853 -0.04475837 0.20599210
v 0.00200736 -0.04447561 0.21258610
v 0.00201041 -0.04401099 0.21882160
v 0.00559759 -0.04373651 0.22071680
v 0.00398183 -0.04354208 0.22068889
v 0.00450039 -0.04359251 0.22069630
v 0.00529426 -0.04359138 0.22070991
v 0.00638199 -0.04358094 0.22051540
v 0.00559759 -0.04373651 0.22071680
v 0.00529426 -0.04359138 0.22070991
v 0.00686854 -0.04373270 0.22032771
v 0.00559759 -0.04373651 0.22071680
v 0.00638199 -0.04358094 0.22051540
v 0.00694179 -0.04358118 0.22021070
v 0.00686854 -0.04373270 0.22032771
v 0.00638199 -0.04358094 0.22051540
v 0.00748110 -0.04375404 0.21961839
v 0.00686854 -0.04373270 0.22032771
v 0.00694179 -0.04358118 0.22021070
v 0.00718117 -0.04384243 0.21655150
v 0.00768530 -0.04395914 0.21794119
v 0.00776482 -0.04378026 0.21872529
v -0.01144850 -0.04280078 0.22781549
v -0.01280975 -0.04278689 0.22769520
v -0.01338189 -0.04280525 0.22760589
v -0.01144850 -0.04280078 0.22781549
v -0.01338189 -0.04280525 0.22760589
v -0.01424789 -0.04290556 0.22675720
v -0.01409929 -0.04519122 0.20027700
v -0.01024740 -0.04499298 0.20329399
v -0.01135605 -0.04476201 0.20572050
v 0.00762033 -0.04359692 0.21846460
v 0.00748420 -0.04353129 0.21943110
v 0.00614685 -0.04342186 0.22045170
v -0.01202023 -0.04527378 0.19928530
v 0.00380343 -0.04343068 0.22046950
v 0.00750625 -0.04374361 0.21731471
v 0.00226277 -0.04352855 0.21927850
v 0.00718117 -0.04384243 0.21655150
v 0.00494576 -0.04402530 0.21370290
v 0.00208515 -0.04443293 0.20935790
v -0.00831795 -0.04509228 0.20195070
v 0.00409460 -0.04419159 0.21190140
v -0.00800800 -0.04516923 0.20186250
v 0.00390530 -0.04440444 0.20994100
v -0.00430572 -0.04510986 0.20113730
v 0.00415677 -0.04449570 0.20863029
v 0.00472212 -0.04458206 0.20750961
v 0.00194853 -0.04475837 0.20599210
v 0.00141913 -0.04493069 0.20404620
v -0.00045321 -0.04527699 0.19922720
v 0.00099534 -0.04493194 0.20320781
v -0.00015068 -0.04503917 0.20238560
v -0.00097513 -0.04510301 0.20193359
v 0.01244777 -0.04522866 0.19951920
v 0.00878906 -0.04528725 0.19909260
v 0.01215183 -0.04530304 0.19903851
v 0.01380580 -0.04514580 0.20413470
v 0.01404023 -0.04517054 0.20407701
v 0.01405864 -0.04500353 0.20407359
v 0.01404023 -0.04517054 0.20407701
v 0.01421731 -0.04518461 0.20410490
v 0.01405864 -0.04500353 0.20407359
v 0.01433831 -0.04516428 0.20416179
v 0.01421540 -0.04497438 0.20410991
v 0.01441419 -0.04515784 0.20422390
v 0.01446896 -0.04487317 0.20434460
v 0.01441615 -0.04525154 0.20419320
v -0.00483370 -0.04479563 0.20502430
v -0.00530434 -0.04483449 0.20501889
v -0.00430393 -0.04487019 0.20496020
v -0.00510561 -0.04491835 0.20496300
v -0.00510561 -0.04491835 0.20496300
v -0.00484109 -0.04492014 0.20494279
v -0.00484109 -0.04492014 0.20494279
v -0.00510561 -0.04491835 0.20496300
v -0.00484109 -0.04492014 0.20494279
v -0.00510561 -0.04491835 0.20496300
v -0.00420851 -0.04497444 0.20494740
v -0.00432158 -0.04479128 0.20504090
v -0.00558466 -0.04483664 0.20506540
v -0.00530434 -0.04483449 0.20501889
v -0.00433135 -0.04491901 0.20495620
v -0.00430393 -0.04487019 0.20496020
v -0.00433195 -0.04491901 0.20495620
v -0.00484109 -0.04492014 0.20494279
v -0.00433195 -0.04491901 0.20495620
v -0.00433135 -0.04491901 0.20495620
v -0.00547022 -0.04488211 0.20503400
v -0.00585043 -0.04490709 0.20509250
v -0.00534910 -0.04491555 0.20499501
v -0.00534910 -0.04491555 0.20499501
v -0.00585043 -0.04490709 0.20509250
v -0.00433135 -0.04491901 0.20495620
v -0.00433195 -0.04491901 0.20495620
v -0.00420851 -0.04497444 0.20494740
v -0.00534910 -0.04491555 0.20499501
v -0.00585043 -0.04490709 0.20509250
v -0.00484109 -0.04492014 0.20494279
v -0.00558466 -0.04483664 0.20506540
v -0.00547022 -0.04488211 0.20503400
v -0.00510561 -0.04491835 0.20496300
v -0.00646585 -0.04483729 0.20534299
v -0.00597763 -0.04481840 0.20516370
v -0.00625658 -0.04493433 0.20521410
v -0.00593561 -0.04487901 0.20512550
v -0.00597763 -0.04481840 0.20516370
v -0.00597763 -0.04481840 0.20516370
v -0.00593561 -0.04487901 0.20512550
v -0.00597763 -0.04481840 0.20516370
v -0.00547022 -0.04488211 0.20503400
v -0.00593561 -0.04487901 0.20512550
v -0.00625658 -0.04493433 0.20521410
v -0.00593561 -0.04487901 0.20512550
v -0.00585043 -0.04490709 0.20509250
v -0.00675845 -0.04472303 0.20557390
v -0.00729966 -0.04465723 0.20697729
v -0.00718558 -0.04485493 0.20611230
v -0.00718558 -0.04485493 0.20611230
v -0.00701779 -0.04489195 0.20582120
v -0.00665426 -0.04491925 0.20545641
v -0.00675845 -0.04472303 0.20557390
v -0.00718558 -0.04485493 0.20611230
v -0.00672150 -0.04477936 0.20553370
v -0.00663757 -0.04486680 0.20544790
v -0.00675845 -0.04472303 0.20557390
v -0.00672150 -0.04477936 0.20553370
v -0.00675845 -0.04472303 0.20557390
v -0.00646585 -0.04483729 0.20534299
v -0.00221932 -0.04469233 0.20626020
v -0.00483370 -0.04479563 0.20502430
v -0.00432158 -0.04479128 0.20504090
v -0.00368851 -0.04481971 0.20509879
v -0.00368851 -0.04481971 0.20509879
v -0.00368851 -0.04481971 0.20509879
v -0.00430393 -0.04487019 0.20496020
v -0.00283098 -0.04487627 0.20534991
v -0.00283098 -0.04487627 0.20534991
v -0.00433135 -0.04491901 0.20495620
v -0.00420851 -0.04497444 0.20494740
v -0.00368851 -0.04481971 0.20509879
v -0.00305557 -0.04478371 0.20531531
v -0.00329596 -0.04481005 0.20520809
v -0.00329596 -0.04481005 0.20520809
v -0.00368851 -0.04481971 0.20509879
v -0.00430393 -0.04487019 0.20496020
v -0.00305557 -0.04478371 0.20531531
v -0.00329596 -0.04481005 0.20520809
v -0.00368851 -0.04481971 0.20509879
v -0.00305557 -0.04478371 0.20531531
v -0.00305557 -0.04478371 0.20531531
v -0.00283098 -0.04487627 0.20534991
v -0.00268936 -0.04478150 0.20555370
v -0.00283098 -0.04487627 0.20534991
v -0.00221932 -0.04469233 0.20626020
v -0.00283098 -0.04487627 0.20534991
v -0.00283807 -0.04497784 0.20537201
v -0.00251239 -0.04487884 0.20567150
v -0.00221932 -0.04469233 0.20626020
v -0.00268936 -0.04478150 0.20555370
v -0.00283098 -0.04487627 0.20534991
v -0.00221932 -0.04469233 0.20626020
v -0.00283098 -0.04487627 0.20534991
v -0.00251239 -0.04487884 0.20567150
v -0.00720626 -0.04279279 0.22782750
v -0.00722974 -0.04297930 0.22792420
v -0.00729966 -0.04465723 0.20697729
v -0.00720626 -0.04279279 0.22782750
v -0.00272638 -0.04290485 0.22797810
v -0.00722974 -0.04297930 0.22792420
v -0.00049686 -0.04323917 0.22275040
v 0.00073961 -0.04329937 0.22346801
v 0.00136948 -0.04324543 0.22376031
v 0.00073961 -0.04329937 0.22346801
v -0.00042963 -0.04368108 0.22275560
v 0.00136948 -0.04324543 0.22376031
v -0.00153536 -0.04345643 0.22121020
v -0.00200677 -0.04356163 0.21992050
v -0.00083399 -0.04357779 0.22231840
v 0.00326532 -0.04318368 0.22426669
v 0.00074220 -0.04316228 0.22363681
v 0.00136948 -0.04324543 0.22376031
v 0.00380516 -0.04335904 0.22435480
v 0.00380516 -0.04335904 0.22435480
v -0.00157708 -0.04336041 0.22136950
v -0.00049686 -0.04323917 0.22275040
v -0.00049686 -0.04323917 0.22275040
v -0.00153536 -0.04345643 0.22121020
v -0.00083399 -0.04357779 0.22231840
v -0.00083399 -0.04357779 0.22231840
v -0.00042963 -0.04368108 0.22275560
v 0.00073961 -0.04329937 0.22346801
v -0.00049686 -0.04323917 0.22275040
v -0.00083399 -0.04357779 0.22231840
v 0.00073961 -0.04329937 0.22346801
v 0.00136948 -0.04324543 0.22376031
v 0.01217550 -0.04287064 0.22795580
v 0.01223373 -0.04292309 0.22797599
v 0.00615632 -0.04290539 0.22797200
v 0.01100373 -0.04284220 0.22792980
v 0.01227229 -0.04281574 0.22790520
v 0.00615632 -0.04286068 0.22794721
v -0.00720626 -0.04279279 0.22782750
v 0.01223373 -0.04292309 0.22797599
v -0.00722974 -0.04297930 0.22792420
v -0.00272638 -0.04290485 0.22797810
v -0.00272638 -0.04290485 0.22797810
v -0.00272638 -0.04290485 0.22797810
v 0.01221507 -0.04290586 0.22797200
v 0.01223373 -0.04292309 0.22797599
v 0.01217550 -0.04287064 0.22795580
v 0.01227229 -0.04281574 0.22790520
v 0.00559610 -0.04309135 0.22443680
v 0.00384968 -0.04310441 0.22440679
v 0.00521660 -0.04314690 0.22439770
v 0.00448179 -0.04316771 0.22438601
v 0.00383568 -0.04322421 0.22431920
v 0.00380516 -0.04335904 0.22435480
v 0.00448179 -0.04316771 0.22438601
v 0.00384968 -0.04310441 0.22440679
v 0.00074220 -0.04316228 0.22363681
v 0.00326532 -0.04318368 0.22426669
v 0.00379181 -0.04315000 0.22434540
v 0.00326532 -0.04318368 0.22426669
v 0.00448179 -0.04316771 0.22438601
v 0.00448179 -0.04316771 0.22438601
v 0.00326532 -0.04318368 0.22426669
v 0.00614214 -0.04314190 0.22435661
v 0.00448179 -0.04316771 0.22438601
v 0.00614214 -0.04314190 0.22435661
v 0.00521660 -0.04314690 0.22439770
v 0.00832033 -0.04313266 0.22396059
v 0.00832033 -0.04313266 0.22396059
v 0.00448179 -0.04316771 0.22438601
v 0.00664234 -0.04325199 0.22425351
v 0.00384968 -0.04310441 0.22440679
v 0.00448179 -0.04316771 0.22438601
v 0.01326179 -0.04308599 0.22776289
v 0.01270872 -0.04295939 0.22793320
v 0.01340144 -0.04282319 0.22763629
v 0.01263421 -0.04281830 0.22787151
v 0.01340144 -0.04282319 0.22763629
v 0.01265710 -0.04287147 0.22791681
v 0.01265710 -0.04287147 0.22791681
v 0.01251786 -0.04290705 0.22795250
v 0.01251786 -0.04290705 0.22795250
v 0.01265710 -0.04287147 0.22791681
v 0.01251786 -0.04290705 0.22795250
v 0.01263421 -0.04281830 0.22787151
v 0.01420968 -0.04301720 0.22691320
v 0.01251786 -0.04290705 0.22795250
v 0.01221507 -0.04290586 0.22797200
v 0.01223373 -0.04292309 0.22797599
v 0.01223373 -0.04292309 0.22797599
v 0.01446497 -0.04295182 0.22628871
v 0.01420968 -0.04301720 0.22691320
v 0.01378250 -0.04284489 0.22734520
v 0.01378250 -0.04284489 0.22734520
v 0.01420968 -0.04301720 0.22691320
v 0.01417201 -0.04314434 0.22700609
v 0.01417201 -0.04314434 0.22700609
v 0.01340144 -0.04282319 0.22763629
v 0.01378250 -0.04284489 0.22734520
v 0.01053810 -0.04330831 0.22249770
v 0.00832033 -0.04313266 0.22396059
v 0.01061528 -0.04355221 0.22241850
v 0.00832033 -0.04313266 0.22396059
v 0.00832033 -0.04313266 0.22396059
v 0.00664234 -0.04325199 0.22425351
v 0.00820494 -0.04331243 0.22389780
v 0.00832033 -0.04313266 0.22396059
v 0.00559610 -0.04309135 0.22443680
v 0.00614214 -0.04314190 0.22435661
v 0.00832033 -0.04313266 0.22396059
v 0.00912666 -0.04335892 0.22350951
v 0.01053810 -0.04330831 0.22249770
v 0.01446896 -0.04487317 0.20434460
v 0.01153588 -0.04380095 0.21641870
v 0.01200217 -0.04358851 0.21908160
v 0.01166105 -0.04397976 0.21712010
v 0.01146763 -0.04338634 0.22128080
v 0.01163280 -0.04385799 0.22062270
v 0.01200217 -0.04358851 0.21908160
v 0.01106804 -0.04430419 0.21577230
v 0.01153588 -0.04380095 0.21641870
v 0.01166105 -0.04397976 0.21712010
v 0.00839627 -0.04311919 0.22402319
v 0.01053810 -0.04330831 0.22249770
v 0.01146763 -0.04338634 0.22128080
v 0.01053810 -0.04330831 0.22249770
v 0.01061528 -0.04355221 0.22241850
v 0.01146763 -0.04338634 0.22128080
v 0.01146763 -0.04338634 0.22128080
v 0.01061528 -0.04355221 0.22241850
v 0.01163280 -0.04385799 0.22062270
v 0.01381969 -0.04487097 0.20419940
v 0.01391792 -0.04495781 0.20411010
v 0.01405161 -0.04496109 0.20409019
v 0.01414483 -0.04486954 0.20417041
v 0.01405161 -0.04496109 0.20409019
v 0.01421540 -0.04497438 0.20410991
v 0.01405864 -0.04500353 0.20407359
v 0.01428604 -0.04492002 0.20415939
v 0.01438879 -0.04483520 0.20436090
v 0.01414483 -0.04486954 0.20417041
v 0.01428604 -0.04492002 0.20415939
v 0.01446896 -0.04487317 0.20434460
v 0.01404815 -0.04483687 0.20425650
v 0.01381969 -0.04487097 0.20419940
v 0.01411485 -0.04483622 0.20426591
v 0.01391792 -0.04495781 0.20411010
v 0.01381969 -0.04487097 0.20419940
v 0.01386857 -0.04498732 0.20412029
v 0.01381969 -0.04487097 0.20419940
v 0.01386857 -0.04498732 0.20412029
v 0.01411485 -0.04483622 0.20426591
v 0.01381969 -0.04487097 0.20419940
v 0.01381969 -0.04487097 0.20419940
v 0.01400971 -0.04486811 0.20416990
v 0.01414483 -0.04486954 0.20417041
v 0.01400971 -0.04486811 0.20416990
v 0.01405590 -0.04490107 0.20412990
v 0.01428604 -0.04492002 0.20415939
v 0.01421540 -0.04497438 0.20410991
v 0.01446896 -0.04487317 0.20434460
v 0.01404815 -0.04483687 0.20425650
v 0.01411485 -0.04483622 0.20426591
v 0.01438879 -0.04483520 0.20436090
v 0.01391792 -0.04495781 0.20411010
v 0.01386857 -0.04498732 0.20412029
v 0.01414483 -0.04486954 0.20417041
v 0.01405590 -0.04490107 0.20412990
v 0.01391792 -0.04495781 0.20411010
v 0.00991482 -0.04404813 0.21387020
v 0.00811618 -0.04426079 0.21093690
v 0.01153588 -0.04380095 0.21641870
v 0.01153588 -0.04380095 0.21641870
v 0.00914001 -0.04443943 0.20886581
v 0.00833607 -0.04444909 0.20969550
v 0.00796896 -0.04442822 0.21078920
v 0.00832891 -0.04453426 0.20963740
v 0.00796896 -0.04442822 0.21078920
v 0.00802517 -0.04456162 0.21025100
v 0.00832891 -0.04453426 0.20963740
v 0.00820351 -0.04432404 0.21020290
v 0.00833607 -0.04444909 0.20969550
v 0.00854492 -0.04438507 0.20954479
v 0.00836468 -0.04436123 0.21172880
v 0.00809312 -0.04448634 0.21130911
v 0.00796896 -0.04442822 0.21078920
v 0.00832891 -0.04453426 0.20963740
v 0.00802517 -0.04456162 0.21025100
v 0.00853157 -0.04480654 0.20935790
v 0.00832891 -0.04453426 0.20963740
v 0.00811618 -0.04426079 0.21093690
v 0.00796896 -0.04442822 0.21078920
v 0.00820351 -0.04432404 0.21020290
v 0.00820351 -0.04432404 0.21020290
v -0.01138240 -0.04305464 0.22789010
v -0.01139968 -0.04288893 0.22783791
v -0.01144850 -0.04280078 0.22781549
v -0.01144850 -0.04280078 0.22781549
v -0.01136833 -0.04299145 0.22756571
v -0.01144850 -0.04280078 0.22781549
v -0.01137357 -0.04294854 0.22761799
v -0.01136833 -0.04299145 0.22756571
v -0.01137357 -0.04294854 0.22761799
v -0.01136833 -0.04299145 0.22756571
v -0.01137357 -0.04294854 0.22761799
v -0.01144850 -0.04280078 0.22781549
v -0.01136803 -0.04299461 0.22752950
v -0.01136803 -0.04299461 0.22752950
v -0.01136833 -0.04299145 0.22756571
v -0.01144850 -0.04280078 0.22781549
v -0.01136833 -0.04299145 0.22756571
v -0.01136803 -0.04299461 0.22752950
v -0.01136690 -0.04303157 0.22710960
v -0.01136690 -0.04303157 0.22710960
v -0.01139968 -0.04288893 0.22783791
v -0.01152259 -0.04287248 0.22794481
v -0.01144850 -0.04280078 0.22781549
v -0.01135605 -0.04476201 0.20572050
v -0.00831795 -0.04509228 0.20195070
v -0.00800800 -0.04516923 0.20186250
v -0.01024740 -0.04499298 0.20329399
v -0.01338189 -0.04280525 0.22760589
v -0.01359027 -0.04292076 0.22756170
v -0.01424789 -0.04290556 0.22675720
v -0.01144850 -0.04280078 0.22781549
v -0.01152259 -0.04287248 0.22794481
v -0.01231861 -0.04283815 0.22795931
v -0.01152259 -0.04287248 0.22794481
v -0.01152449 -0.04289591 0.22796319
v -0.01173800 -0.04314315 0.22806279
v -0.01188033 -0.04289448 0.22799081
v -0.01152259 -0.04287248 0.22794481
v -0.01173800 -0.04314315 0.22806279
v -0.01269167 -0.04277795 0.22781029
v -0.01144850 -0.04280078 0.22781549
v -0.01219511 -0.04282140 0.22793950
v -0.01219511 -0.04282140 0.22793950
v -0.01144850 -0.04280078 0.22781549
v -0.01231861 -0.04283815 0.22795931
v -0.01241350 -0.04280722 0.22791170
v -0.01219511 -0.04282140 0.22793950
v -0.01231861 -0.04283815 0.22795931
v -0.01241350 -0.04280722 0.22791170
v -0.01188033 -0.04289448 0.22799081
v -0.01231861 -0.04283815 0.22795931
v -0.01280975 -0.04278689 0.22769520
v -0.01144850 -0.04280078 0.22781549
v -0.01269167 -0.04277795 0.22781029
v -0.01338189 -0.04280525 0.22760589
v -0.01241350 -0.04280722 0.22791170
v -0.01231861 -0.04283815 0.22795931
v -0.01280015 -0.04289448 0.22789820
v -0.01289361 -0.04292500 0.22789159
v -0.01269167 -0.04277795 0.22781029
v -0.01273727 -0.04306936 0.22795311
v -0.01338189 -0.04280525 0.22760589
v -0.01231861 -0.04283815 0.22795931
v -0.01280015 -0.04289448 0.22789820
v -0.01444530 -0.04296523 0.22565781
v -0.01424789 -0.04290556 0.22675720
v -0.01455748 -0.04306674 0.22568759
v -0.01320838 -0.04286342 0.22772171
v -0.01338189 -0.04280525 0.22760589
v -0.01320838 -0.04286342 0.22772171
v -0.01280015 -0.04289448 0.22789820
v -0.01359027 -0.04292076 0.22756170
v -0.01280015 -0.04289448 0.22789820
v -0.01289361 -0.04292500 0.22789159
v -0.01359027 -0.04292076 0.22756170
v -0.01424789 -0.04290556 0.22675720
v -0.01457458 -0.04325556 0.22584920
v -0.01455748 -0.04306674 0.22568759
v -0.01289361 -0.04292500 0.22789159
v -0.01273727 -0.04306936 0.22795311
v -0.01359027 -0.04292076 0.22756170
v -0.01359027 -0.04292076 0.22756170
v -0.00430572 -0.04510986 0.20113730
v -0.00390029 -0.04518365 0.20126779
v -0.00800800 -0.04516923 0.20186250
v -0.00800800 -0.04516923 0.20186250
v -0.00390029 -0.04518365 0.20126779
v -0.00835812 -0.04542189 0.20186441
v -0.00097513 -0.04510301 0.20193359
v -0.00021982 -0.04523998 0.20242520
v -0.00390029 -0.04518365 0.20126779
v -0.00430572 -0.04510986 0.20113730
v -0.00097513 -0.04510301 0.20193359
v -0.00390029 -0.04518365 0.20126779
v -0.01444530 -0.04296523 0.22565781
v -0.01409929 -0.04519122 0.20027700
v -0.01456326 -0.04531776 0.20140600
v -0.01456326 -0.04337394 0.22618380
v -0.00097513 -0.04510301 0.20193359
v 0.00141913 -0.04493069 0.20404620
v -0.00021982 -0.04523998 0.20242520
v -0.01409929 -0.04519122 0.20027700
v -0.01455748 -0.04306674 0.22568759
v -0.01446813 -0.04511177 0.20146930
v -0.01455748 -0.04306674 0.22568759
v -0.01456326 -0.04531776 0.20140600
v -0.01446813 -0.04511177 0.20146930
v -0.01409929 -0.04519122 0.20027700
v -0.01387411 -0.04529601 0.19991820
v -0.01363199 -0.04531538 0.19969650
v -0.01387411 -0.04529601 0.19991820
v -0.01378148 -0.04539549 0.19975820
v -0.01363199 -0.04531538 0.19969650
v -0.01327031 -0.04536688 0.19942060
v -0.01317209 -0.04525554 0.19953130
v -0.01344776 -0.04528790 0.19959231
v -0.01344776 -0.04528790 0.19959231
v -0.01409929 -0.04519122 0.20027700
v -0.01347708 -0.04532516 0.19958401
v -0.01347708 -0.04532516 0.19958401
v -0.01347708 -0.04532516 0.19958401
v -0.01347708 -0.04532516 0.19958401
v -0.01363199 -0.04531538 0.19969650
v -0.01434195 -0.04521310 0.20063470
v -0.01282310 -0.04527258 0.19936679
v -0.01324719 -0.04533702 0.19944920
v -0.01324719 -0.04533702 0.19944920
v -0.01324719 -0.04533702 0.19944920
v -0.01347708 -0.04532516 0.19958401
v -0.01324719 -0.04533702 0.19944920
v -0.01347708 -0.04532516 0.19958401
v -0.01327031 -0.04536688 0.19942060
v -0.01378148 -0.04539549 0.19975820
v -0.01384532 -0.04545879 0.19968770
v -0.01327031 -0.04536688 0.19942060
v -0.01344776 -0.04528790 0.19959231
v -0.01324719 -0.04533702 0.19944920
v -0.01301968 -0.04534596 0.19934680
v -0.01289749 -0.04531395 0.19932720
v -0.01301968 -0.04534596 0.19934680
v -0.01301968 -0.04534596 0.19934680
v -0.01282310 -0.04527258 0.19936679
v -0.01344776 -0.04528790 0.19959231
v -0.01240772 -0.04530423 0.19923720
v -0.01240772 -0.04530423 0.19923720
v -0.01344776 -0.04528790 0.19959231
v -0.01289749 -0.04531395 0.19932720
v -0.01282423 -0.04535180 0.19928020
v -0.01282423 -0.04535180 0.19928020
v -0.01301968 -0.04534596 0.19934680
v -0.01327031 -0.04536688 0.19942060
v -0.01282423 -0.04535180 0.19928020
v -0.01282310 -0.04527258 0.19936679
v -0.01282310 -0.04527258 0.19936679
v -0.01240772 -0.04530423 0.19923720
v -0.01249688 -0.04528892 0.19928519
v -0.01245117 -0.04532295 0.19922671
v -0.01434195 -0.04521310 0.20063470
v -0.01200884 -0.04528665 0.19925770
v -0.01424068 -0.04525023 0.20044100
v -0.01434195 -0.04521310 0.20063470
v -0.01384532 -0.04545879 0.19968770
v -0.01251947 -0.04535794 0.19921000
v -0.01251947 -0.04535794 0.19921000
v -0.01251947 -0.04535794 0.19921000
v -0.01282423 -0.04535180 0.19928020
v -0.01282423 -0.04535180 0.19928020
v -0.01327031 -0.04536688 0.19942060
v -0.01251947 -0.04535794 0.19921000
v -0.01251947 -0.04535794 0.19921000
v -0.01327031 -0.04536688 0.19942060
v -0.01245301 -0.04542148 0.19917130
v -0.01327031 -0.04536688 0.19942060
v -0.01384532 -0.04545879 0.19968770
v -0.01245301 -0.04542148 0.19917130
v -0.01434195 -0.04521310 0.20063470
v -0.01456326 -0.04531776 0.20140600
v -0.01384532 -0.04545879 0.19968770
v -0.01245301 -0.04542148 0.19917130
v -0.01418077 -0.04525995 0.20033030
v -0.01418077 -0.04525995 0.20033030
v -0.01424068 -0.04525023 0.20044100
v -0.01418077 -0.04525995 0.20033030
v -0.01241493 -0.04535931 0.19919480
v -0.01241493 -0.04535931 0.19919480
v -0.01241493 -0.04535931 0.19919480
v -0.01241493 -0.04535931 0.19919480
v -0.01202023 -0.04527378 0.19928530
v -0.01199972 -0.04532819 0.19919939
v -0.01200121 -0.04536092 0.19917580
v -0.01200187 -0.04536092 0.19917580
v -0.01200187 -0.04536092 0.19917580
v -0.01200121 -0.04536092 0.19917580
v -0.01200157 -0.04541409 0.19915161
v -0.01200121 -0.04536092 0.19917580
v -0.01200187 -0.04536092 0.19917580
v -0.01200187 -0.04536092 0.19917580
v -0.01434195 -0.04521310 0.20063470
v -0.01418077 -0.04525995 0.20033030
v -0.01396149 -0.04528737 0.20001671
v -0.01396149 -0.04528737 0.20001671
v -0.01418077 -0.04525995 0.20033030
v -0.01396149 -0.04528737 0.20001671
v -0.01418077 -0.04525995 0.20033030
v -0.01384532 -0.04545879 0.19968770
v -0.01396149 -0.04528737 0.20001671
v -0.01434195 -0.04521310 0.20063470
v -0.01396149 -0.04528737 0.20001671
v -0.01409929 -0.04519122 0.20027700
v -0.01387411 -0.04529601 0.19991820
v -0.01396149 -0.04528737 0.20001671
v -0.01396149 -0.04528737 0.20001671
v -0.01396149 -0.04528737 0.20001671
v 0.00226277 -0.04352855 0.21927850
v -0.01160466 -0.04543972 0.19914401
v -0.00573075 -0.04543179 0.19909570
v -0.01000475 -0.04542845 0.19913360
v -0.01200085 -0.04538255 0.19916411
v 0.01215302 -0.04542553 0.19893131
v 0.00508791 -0.04537129 0.19902520
v 0.01215302 -0.04542553 0.19893131
v 0.01244235 -0.04543769 0.19900919
v 0.00508791 -0.04537129 0.19902520
v 0.00878906 -0.04528725 0.19909260
v 0.01244235 -0.04543769 0.19900919
v 0.01244235 -0.04543769 0.19900919
v 0.01215183 -0.04530304 0.19903851
v 0.00878906 -0.04528725 0.19909260
v -0.01200121 -0.04536092 0.19917580
v -0.01200157 -0.04541409 0.19915161
v -0.01200085 -0.04538255 0.19916411
v -0.01200121 -0.04536092 0.19917580
v -0.01200085 -0.04538255 0.19916411
v -0.01199972 -0.04532819 0.19919939
v -0.01120442 -0.04534775 0.19918010
v 0.00226277 -0.04352855 0.21927850
v 0.00235701 -0.04372137 0.21967070
v 0.00201041 -0.04401099 0.21882160
v 0.00226277 -0.04352855 0.21927850
v 0.00266314 -0.04350626 0.21990220
v 0.00273705 -0.04351872 0.22004430
v 0.00235701 -0.04372137 0.21967070
v 0.00398183 -0.04354208 0.22068889
v 0.00361055 -0.04346948 0.22047970
v 0.00343889 -0.04345339 0.22036611
v 0.00310129 -0.04346126 0.22021461
v 0.00338936 -0.04356318 0.22047161
v 0.00310129 -0.04346126 0.22021461
v 0.00343889 -0.04345339 0.22036611
v 0.00273705 -0.04351872 0.22004430
v 0.00343889 -0.04345339 0.22036611
v 0.00361055 -0.04346948 0.22047970
v 0.00273705 -0.04351872 0.22004430
v 0.00273705 -0.04351872 0.22004430
v 0.00361055 -0.04346948 0.22047970
v 0.00315088 -0.04349303 0.22029281
v 0.00315088 -0.04349303 0.22029281
v 0.00361055 -0.04346948 0.22047970
v 0.00324601 -0.04352343 0.22037260
v 0.00273705 -0.04351872 0.22004430
v 0.00324601 -0.04352343 0.22037260
v 0.00361055 -0.04346948 0.22047970
v 0.00286478 -0.04358249 0.22017971
v 0.00286478 -0.04358249 0.22017971
v 0.00286478 -0.04358249 0.22017971
v 0.00266314 -0.04350626 0.21990220
v 0.00273705 -0.04351872 0.22004430
v 0.00398183 -0.04354208 0.22068889
v 0.00267792 -0.04376441 0.22005820
v 0.00286478 -0.04358249 0.22017971
v 0.00338936 -0.04356318 0.22047161
v 0.00398183 -0.04354208 0.22068889
v 0.00286478 -0.04358249 0.22017971
v 0.00273705 -0.04351872 0.22004430
v 0.00286478 -0.04358249 0.22017971
v 0.00235701 -0.04372137 0.21967070
v 0.00267792 -0.04376441 0.22005820
v 0.01215183 -0.04530304 0.19903851
v 0.01215302 -0.04542553 0.19893131
v 0.01215106 -0.04549735 0.19892339
v 0.01215291 -0.04551082 0.19892541
v 0.01223075 -0.04540455 0.19893210
v 0.01215302 -0.04542553 0.19893131
v 0.01215505 -0.04549735 0.19892330
v 0.00614685 -0.04342186 0.22045170
v 0.00577354 -0.04349523 0.22063801
v 0.00614685 -0.04342186 0.22045170
v 0.00619507 -0.04346454 0.22048721
v 0.00577354 -0.04349523 0.22063801
v 0.00398183 -0.04354208 0.22068889
v 0.00638199 -0.04358094 0.22051540
v 0.00529426 -0.04359138 0.22070991
v 0.00472212 -0.04458206 0.20750961
v 0.01260769 -0.04525035 0.19949991
v 0.00748420 -0.04353129 0.21943110
v 0.00748110 -0.04375404 0.21961839
v 0.00735474 -0.04360812 0.21977870
v 0.00724500 -0.04354465 0.21984550
v 0.00670046 -0.04348081 0.22030421
v 0.00695610 -0.04353702 0.22015160
v 0.00724500 -0.04354465 0.21984550
v 0.00735474 -0.04360812 0.21977870
v 0.00694179 -0.04358118 0.22021070
v 0.00750625 -0.04374361 0.21731471
v 0.00718117 -0.04384243 0.21655150
v 0.00776482 -0.04378026 0.21872529
v 0.00735474 -0.04360812 0.21977870
v 0.00750625 -0.04374361 0.21731471
v 0.00776482 -0.04378026 0.21872529
v 0.00762033 -0.04359692 0.21846460
v 0.00664133 -0.04356849 0.22039580
v 0.00633812 -0.04353815 0.22051020
v 0.00638199 -0.04358094 0.22051540
v 0.00664133 -0.04356849 0.22039580
v 0.00694179 -0.04358118 0.22021070
v 0.00638199 -0.04358094 0.22051540
v 0.00748420 -0.04353129 0.21943110
v 0.00648117 -0.04347544 0.22039381
v 0.00670046 -0.04348081 0.22030421
v 0.00619507 -0.04346454 0.22048721
v 0.00614685 -0.04342186 0.22045170
v 0.00670046 -0.04348081 0.22030421
v 0.00648117 -0.04347544 0.22039381
v 0.00648117 -0.04347544 0.22039381
v 0.00614685 -0.04342186 0.22045170
v 0.00619507 -0.04346454 0.22048721
v 0.00619507 -0.04346454 0.22048721
v 0.00670046 -0.04348081 0.22030421
v 0.00577354 -0.04349523 0.22063801
v 0.00670046 -0.04348081 0.22030421
v 0.00633812 -0.04353815 0.22051020
v 0.00577354 -0.04349523 0.22063801
v 0.00398183 -0.04354208 0.22068889
v 0.00577354 -0.04349523 0.22063801
v 0.00633812 -0.04353815 0.22051020
v 0.00638199 -0.04358094 0.22051540
v 0.00398183 -0.04354208 0.22068889
v 0.00633812 -0.04353815 0.22051020
v 0.00776482 -0.04378026 0.21872529
v 0.00748420 -0.04353129 0.21943110
v 0.00502014 -0.04503810 0.20740770
v 0.00415677 -0.04449570 0.20863029
v 0.00418180 -0.04485738 0.20886520
v 0.00409460 -0.04419159 0.21190140
v 0.00409460 -0.04419159 0.21190140
v 0.00409460 -0.04419159 0.21190140
v 0.00467992 -0.04453009 0.21300910
v 0.00494576 -0.04402530 0.21370290
v 0.00494576 -0.04402530 0.21370290
v -0.02349346 -0.04330474 0.19838020
v -0.02339035 -0.04342120 0.19846790
v -0.02268457 -0.04432016 0.19928239
v -0.02431297 -0.04288583 0.19838300
v -0.02350229 -0.04292500 0.19807020
v -0.02307885 -0.04328733 0.19833730
v -0.02339035 -0.04342120 0.19846790
v -0.02258294 -0.04283338 0.19829150
v -0.02337646 -0.04191029 0.19769640
v -0.02080202 -0.04478698 0.19988941
v -0.02414703 -0.04256635 0.19799010
v -0.02339035 -0.04342120 0.19846790
v -0.02349346 -0.04330474 0.19838020
v -0.02414703 -0.04256635 0.19799010
v -0.02414703 -0.04256635 0.19799010
v -0.02352786 -0.04378467 0.19905920
v -0.02409553 -0.04173856 0.19736449
v -0.02080202 -0.04478698 0.19988941
v -0.02409553 -0.04173856 0.19736449
v -0.02258294 -0.04283338 0.19829150
v -0.02080202 -0.04478698 0.19988941
v -0.02409553 -0.04173856 0.19736449
v -0.02258294 -0.04283338 0.19829150
v -0.02409553 -0.04173856 0.19736449
v -0.02337646 -0.04191029 0.19769640
v -0.02080202 -0.04478698 0.19988941
v -0.02268457 -0.04432016 0.19928239
v -0.02142328 -0.04474073 0.19980210
v -0.02195966 -0.04497504 0.20031260
v -0.02232253 -0.04471457 0.19992980
v -0.02052307 -0.04508405 0.20014539
v -0.01953595 -0.04527008 0.20028940
v -0.02038550 -0.04541212 0.20060770
v -0.01933419 -0.04492288 0.20002531
v -0.01902675 -0.04472649 0.19993199
v -0.01805007 -0.04563820 0.20045049
v -0.01809978 -0.04506641 0.19977041
v -0.01933419 -0.04492288 0.20002531
v -0.01902675 -0.04472649 0.19993199
v -0.01774978 -0.04486382 0.19952209
v -0.01809978 -0.04506641 0.19977041
v -0.01902675 -0.04472649 0.19993199
v -0.01809978 -0.04506641 0.19977041
v -0.01824265 -0.04523575 0.19989990
v -0.01824265 -0.04523575 0.19989990
v -0.01843851 -0.04363358 0.19280741
v -0.01814270 -0.04345899 0.19337820
v -0.01958990 -0.04188716 0.19186801
v -0.01958990 -0.04188716 0.19186801
v -0.01843851 -0.04363358 0.19280741
v -0.01809978 -0.04506641 0.19977041
v -0.01654422 -0.04493802 0.19829610
v -0.01696532 -0.04563581 0.19956420
v -0.01774978 -0.04486382 0.19952209
v -0.01654422 -0.04493802 0.19829610
v -0.01809978 -0.04506641 0.19977041
v -0.01654422 -0.04493802 0.19829610
v -0.01605081 -0.04554271 0.19748101
v -0.01696532 -0.04563581 0.19956420
v -0.01696532 -0.04563581 0.19956420
v -0.01696532 -0.04563581 0.19956420
v -0.01605081 -0.04554271 0.19748101
v -0.01527953 -0.04595834 0.19666730
v -0.01696532 -0.04563581 0.19956420
v -0.01590919 -0.04570645 0.19492111
v -0.01654529 -0.04508078 0.19481111
v -0.01649516 -0.04520922 0.19346400
v -0.01605081 -0.04554271 0.19748101
v -0.01654422 -0.04493802 0.19829610
v -0.01616352 -0.04499620 0.19641230
v -0.01605081 -0.04554271 0.19748101
v -0.01576197 -0.04575437 0.19673260
v -0.01635456 -0.04514658 0.19525620
v -0.01576197 -0.04575437 0.19673260
v -0.01605081 -0.04554271 0.19748101
v -0.01635456 -0.04514658 0.19525620
v -0.01605081 -0.04554271 0.19748101
v 0.00397074 -0.03640055 0.24315169
v 0.00399971 -0.03659832 0.24315231
v 0.00397241 -0.03626233 0.24315511
v 0.00366497 -0.03653723 0.24302170
v 0.00404382 -0.03563940 0.24318869
v 0.00378525 -0.03619229 0.24309359
v 0.00385356 -0.03560262 0.24319790
v 0.00378579 -0.03622359 0.24309270
v 0.00343752 -0.03643429 0.24281570
v 0.00336480 -0.03651726 0.24273489
v 0.00360918 -0.04006963 0.24160931
v 0.00372410 -0.03926670 0.24231310
v 0.00358766 -0.03914368 0.24237411
v 0.00431931 -0.04054558 0.24159309
v 0.00392145 -0.04092419 0.24107710
v 0.00412077 -0.03924763 0.24244280
v 0.00330782 -0.03754454 0.24251100
v 0.00320566 -0.03632515 0.24259131
v 0.00350565 -0.03667646 0.24286240
v 0.00362879 -0.03670513 0.24297830
v 0.00362945 -0.03674703 0.24297599
v 0.00380266 -0.03668010 0.24308090
v 0.00374597 -0.04121029 0.24058691
v 0.00360918 -0.04006963 0.24160931
v 0.00410795 -0.03674519 0.24316850
v 0.00333977 -0.04104340 0.24000330
v 0.00389290 -0.03761678 0.24301361
v 0.00391483 -0.03765159 0.24300000
v 0.00389290 -0.03761678 0.24301361
v 0.00369066 -0.04118359 0.24062321
v 0.00360918 -0.04006963 0.24160931
v 0.00374597 -0.04121029 0.24058691
v 0.00369066 -0.04118359 0.24062321
v 0.00374597 -0.04121029 0.24058691
v 0.00431931 -0.04054558 0.24159309
v 0.00392145 -0.04092419 0.24107710
v 0.00374597 -0.04121029 0.24058691
v 0.00392145 -0.04092419 0.24107710
v 0.00369066 -0.04118359 0.24062321
v 0.00379223 -0.04167228 0.23993370
v 0.00431931 -0.04054558 0.24159309
v 0.00374597 -0.04121029 0.24058691
v 0.00352097 -0.03829389 0.24254200
v 0.00370210 -0.03806889 0.24282619
v 0.00379223 -0.04167228 0.23993370
v 0.00369257 -0.03859525 0.24259920
v 0.00370210 -0.03806889 0.24282619
v 0.00389290 -0.03761678 0.24301361
v 0.00370210 -0.03806889 0.24282619
v 0.00369257 -0.03859525 0.24259920
v 0.00433272 -0.04215157 0.23904771
v 0.00448847 -0.04200559 0.23951501
v 0.00431931 -0.04054558 0.24159309
v 0.00433272 -0.04215157 0.23904771
v 0.00431013 -0.03795629 0.24297591
v 0.00402451 -0.03797352 0.24294160
v 0.00409287 -0.03804057 0.24293689
v 0.00349236 -0.03901112 0.24218720
v 0.00360918 -0.04006963 0.24160931
v 0.00352097 -0.03829389 0.24254200
v 0.00349236 -0.03901112 0.24218720
v 0.00358766 -0.03914368 0.24237411
v 0.00352097 -0.03829389 0.24254200
v 0.00360918 -0.04006963 0.24160931
v 0.00358766 -0.03914368 0.24237411
v 0.00369257 -0.03859525 0.24259920
v 0.00358766 -0.03914368 0.24237411
v 0.00372410 -0.03926670 0.24231310
v 0.00399971 -0.03924375 0.24246570
v 0.00399971 -0.03924375 0.24246570
v 0.00372410 -0.03926670 0.24231310
v 0.00399971 -0.03924375 0.24246570
v 0.00391483 -0.03765159 0.24300000
v 0.00412077 -0.03924763 0.24244280
v 0.00399971 -0.03924375 0.24246570
v 0.00372410 -0.03926670 0.24231310
v 0.00399971 -0.03924375 0.24246570
v 0.00438034 -0.03924375 0.24244849
v 0.00437939 -0.03921711 0.24246000
v 0.00431013 -0.03795629 0.24297591
v 0.00438034 -0.03924375 0.24244849
v 0.00438034 -0.03924375 0.24244849
v 0.00431931 -0.04054558 0.24159309
v 0.00437939 -0.03921711 0.24246000
v 0.00330210 -0.04200679 0.23787171
v 0.00313020 -0.04153037 0.23791130
v 0.00330240 -0.04200661 0.23787150
v 0.00330210 -0.04200679 0.23787171
v 0.00344849 -0.04198044 0.23826531
v 0.00313020 -0.04153037 0.23791130
v 0.00345230 -0.04217725 0.23783270
v 0.00345230 -0.04217725 0.23783270
v 0.00344849 -0.04198044 0.23826531
v 0.00330210 -0.04200679 0.23787171
v 0.00372511 -0.04237657 0.23776241
v 0.00362396 -0.04230320 0.23777930
v 0.00372511 -0.04237657 0.23776241
v 0.00362396 -0.04230320 0.23777930
v 0.00383550 -0.04238504 0.23771530
v 0.00406498 -0.04243254 0.23764150
v 0.00379223 -0.04167228 0.23993370
v 0.00053024 -0.04205906 0.23564491
v 0.00238246 -0.04223835 0.23629060
v 0.00041652 -0.04254406 0.23524460
v 0.00274777 -0.04252207 0.23602360
v 0.00053024 -0.04205906 0.23564491
v 0.00085848 -0.04203587 0.23573430
v 0.00147247 -0.04200756 0.23595400
v 0.00085057 -0.04196596 0.23575839
v 0.00076242 -0.04186236 0.23576520
v 0.00076242 -0.04186236 0.23576520
v 0.00117487 -0.04186642 0.23589680
v 0.00053024 -0.04205906 0.23564491
v 0.00085057 -0.04196596 0.23575839
v 0.00117487 -0.04186642 0.23589680
v 0.00000668 -0.04144501 0.23556601
v 0.00117487 -0.04186642 0.23589680
v 0.00212377 -0.04183965 0.23638169
v 0.00000668 -0.04144501 0.23556601
v 0.00238246 -0.04223835 0.23629060
v 0.00212377 -0.04183965 0.23638169
v 0.00147247 -0.04200756 0.23595400
v 0.00226110 -0.04204571 0.23642699
v 0.00226110 -0.04204571 0.23642699
v 0.00147247 -0.04200756 0.23595400
v 0.00238246 -0.04223835 0.23629060
v 0.00305557 -0.04219442 0.23708700
v 0.00270027 -0.04190582 0.23697171
v 0.00313562 -0.04149878 0.23786300
v 0.00383532 -0.04238557 0.23771530
v 0.00406498 -0.04243254 0.23764150
v 0.00383550 -0.04238504 0.23771530
v 0.00383532 -0.04238557 0.23771530
v 0.00376701 -0.04236382 0.23773770
v 0.00383550 -0.04238504 0.23771530
v 0.00362396 -0.04230320 0.23777930
v 0.00376701 -0.04236382 0.23773770
v 0.00376701 -0.04236382 0.23773770
v 0.00313562 -0.04149878 0.23786300
v 0.00212377 -0.04183965 0.23638169
v 0.00226110 -0.04204571 0.23642699
v 0.00318545 -0.04175883 0.23787560
v 0.00313562 -0.04149878 0.23786300
v 0.00238246 -0.04223835 0.23629060
v 0.00305557 -0.04219442 0.23708700
v 0.00330162 -0.04200756 0.23787220
v 0.00330162 -0.04200756 0.23787220
v 0.00345230 -0.04217725 0.23783270
v 0.00330240 -0.04200661 0.23787150
v 0.00330162 -0.04200756 0.23787220
v 0.00313020 -0.04153037 0.23791130
v 0.00330162 -0.04200756 0.23787220
v 0.00318545 -0.04175883 0.23787560
v 0.00330162 -0.04200756 0.23787220
v 0.00313020 -0.04153037 0.23791130
v 0.00318545 -0.04175883 0.23787560
v -0.00396484 -0.04160559 0.24018350
v -0.00426173 -0.04234874 0.23846731
v -0.00391102 -0.04166823 0.24010959
v -0.00431627 -0.04209864 0.23916690
v -0.00426173 -0.04234874 0.23846731
v -0.00396484 -0.04160559 0.24018350
v -0.00391102 -0.04166823 0.24010959
v -0.00391102 -0.04166823 0.24010959
v -0.00303936 -0.04211264 0.23714660
v -0.00327575 -0.04190462 0.23795150
v -0.00336832 -0.03713572 0.24266210
v -0.00354725 -0.03825289 0.24265981
v -0.00326610 -0.03813248 0.24229120
v -0.00329709 -0.04017359 0.24087580
v -0.00351137 -0.03728306 0.24283570
v -0.00354725 -0.03825289 0.24265981
v -0.00357902 -0.03785580 0.24274530
v -0.00324696 -0.03652811 0.24248670
v -0.00326610 -0.03813248 0.24229120
v -0.00313205 -0.03629565 0.24256240
v -0.00401306 -0.03851085 0.24284980
v -0.00437254 -0.03790169 0.24297521
v -0.00416517 -0.03992569 0.24209461
v -0.00355750 -0.04043972 0.24132030
v -0.00327575 -0.04190462 0.23795150
v -0.00329709 -0.04017359 0.24087580
v -0.00357228 -0.04084599 0.24079870
v -0.00370961 -0.04128849 0.24041340
v -0.00391102 -0.04166823 0.24010959
v -0.00355750 -0.04043972 0.24132030
v -0.00326610 -0.03813248 0.24229120
v -0.00324696 -0.03652811 0.24248670
v -0.00342411 -0.03656256 0.24279089
v -0.00336832 -0.03713572 0.24266210
v -0.00326610 -0.03813248 0.24229120
v -0.00342411 -0.03656256 0.24279089
v -0.00357902 -0.03785580 0.24274530
v -0.00391102 -0.04166823 0.24010959
v -0.00351137 -0.03728306 0.24283570
v -0.00342411 -0.03656256 0.24279089
v -0.00396484 -0.04160559 0.24018350
v -0.00436765 -0.04130363 0.24063160
v -0.00431627 -0.04209864 0.23916690
v -0.00358295 -0.03657662 0.24296060
v -0.00354725 -0.03825289 0.24265981
v -0.00351137 -0.03728306 0.24283570
v -0.00358295 -0.03657662 0.24296060
v -0.00391769 -0.03678524 0.24312469
v -0.00401306 -0.03851085 0.24284980
v -0.00354725 -0.03825289 0.24265981
v -0.00358295 -0.03657662 0.24296060
v -0.00409347 -0.03661668 0.24316910
v -0.00409347 -0.03661668 0.24316910
v -0.00401306 -0.03851085 0.24284980
v -0.00391769 -0.03678524 0.24312469
v -0.00391150 -0.03656929 0.24313730
v -0.00409347 -0.03661668 0.24316910
v -0.00358295 -0.03657662 0.24296060
v -0.00416583 -0.03667753 0.24316899
v -0.00419426 -0.04042065 0.24163030
v -0.00416517 -0.03992569 0.24209461
v -0.00436765 -0.04130363 0.24063160
v -0.00419426 -0.04042065 0.24163030
v -0.00396484 -0.04160559 0.24018350
v -0.00391102 -0.04166823 0.24010959
v -0.00436765 -0.04130363 0.24063160
v -0.00418782 -0.04033863 0.24169131
v -0.00418782 -0.04033863 0.24169131
v -0.00419426 -0.04042065 0.24163030
v -0.00391102 -0.04166823 0.24010959
v -0.00401306 -0.03851085 0.24284980
v -0.00416517 -0.03992569 0.24209461
v -0.00419426 -0.04042065 0.24163030
v -0.00401306 -0.03851085 0.24284980
v -0.00419426 -0.04042065 0.24163030
v -0.00418782 -0.04033863 0.24169131
v -0.00391150 -0.03656929 0.24313730
v -0.00372124 -0.03611576 0.24306750
v -0.00406265 -0.03564274 0.24319761
v 0.02331924 -0.04318434 0.19820760
v 0.02302163 -0.04393017 0.19886370
v 0.02289009 -0.04343801 0.19842491
v 0.02438855 -0.04130828 0.19689630
v 0.02289009 -0.04343801 0.19842491
v 0.02220147 -0.04351246 0.19877981
v 0.02139282 -0.04422193 0.19943590
v 0.02433770 -0.04178059 0.19742170
v 0.02331924 -0.04318434 0.19820760
v 0.02289009 -0.04343801 0.19842491
v 0.02433770 -0.04178059 0.19742170
v 0.02284973 -0.04437142 0.19947059
v 0.02190583 -0.04494386 0.20029040
v 0.02039909 -0.04533773 0.20046400
v 0.02127075 -0.04474842 0.19980210
v 0.01915645 -0.04502308 0.20004630
v 0.01828408 -0.04507833 0.19983830
v 0.01813459 -0.04489713 0.19972099
v 0.01828408 -0.04507833 0.19983830
v 0.01862710 -0.04526335 0.20016439
v 0.01818114 -0.04538786 0.20004240
v 0.01944780 -0.04522901 0.20022941
v 0.01944780 -0.04522901 0.20022941
v 0.01862710 -0.04526335 0.20016439
v 0.01828408 -0.04507833 0.19983830
v 0.01818114 -0.04538786 0.20004240
v 0.01862710 -0.04526335 0.20016439
v 0.01944780 -0.04522901 0.20022941
v 0.02039909 -0.04533773 0.20046400
v 0.01818114 -0.04538786 0.20004240
v 0.01944780 -0.04522901 0.20022941
v 0.01818114 -0.04538786 0.20004240
v 0.01985025 -0.04475408 0.19998381
v 0.02055931 -0.04464727 0.19986591
v 0.01915645 -0.04502308 0.20004630
v 0.01985025 -0.04475408 0.19998381
v 0.02045434 -0.04496777 0.20004630
v 0.01915645 -0.04502308 0.20004630
v 0.02055931 -0.04464727 0.19986591
v 0.02045434 -0.04496777 0.20004630
v 0.01987957 -0.04499739 0.20008419
v 0.01915645 -0.04502308 0.20004630
v 0.01987957 -0.04499739 0.20008419
v 0.02045434 -0.04496777 0.20004630
v 0.01994228 -0.04516273 0.20020850
v 0.02052295 -0.04454958 0.19984201
v 0.01985025 -0.04475408 0.19998381
v 0.02069139 -0.04441934 0.19984031
v 0.02055931 -0.04464727 0.19986591
v 0.01985025 -0.04475408 0.19998381
v 0.02052295 -0.04454958 0.19984201
v 0.02069139 -0.04441934 0.19984031
v 0.02139282 -0.04422193 0.19943590
v 0.02055931 -0.04464727 0.19986591
v 0.02069139 -0.04441934 0.19984031
v 0.02158790 -0.04443508 0.19950379
v 0.02127075 -0.04474842 0.19980210
v 0.02069139 -0.04441934 0.19984031
v 0.01615601 -0.04549783 0.19791231
v 0.01673603 -0.04471164 0.19853850
v 0.01703923 -0.04520142 0.19907160
v 0.01716804 -0.04533374 0.19929670
v 0.01615601 -0.04549783 0.19791231
v 0.01658940 -0.04571008 0.19943351
v 0.01818114 -0.04538786 0.20004240
v 0.01716804 -0.04533374 0.19929670
v 0.01716804 -0.04533374 0.19929670
v 0.01813459 -0.04489713 0.19972099
v 0.01818114 -0.04538786 0.20004240
v 0.01573902 -0.04583656 0.19802640
v 0.01673603 -0.04471164 0.19853850
v 0.01615601 -0.04549783 0.19791231
v 0.01631087 -0.04515820 0.19776300
v 0.01673603 -0.04471164 0.19853850
v 0.01618599 -0.04496103 0.19693141
v 0.01599305 -0.04551631 0.19661480
v 0.01789849 -0.04416096 0.19336291
v 0.01662629 -0.04504209 0.19463320
v 0.01599305 -0.04551631 0.19661480
v 0.01583331 -0.04574930 0.19528840
v 0.01820927 -0.04392343 0.19250999
v 0.01789849 -0.04416096 0.19336291
v 0.01637482 -0.04516440 0.19519199
v 0.01662629 -0.04504209 0.19463320
v 0.01635164 -0.04482805 0.19528800
v 0.01637482 -0.04516440 0.19519199
v 0.01583331 -0.04574930 0.19528840
v 0.01662629 -0.04504209 0.19463320
v 0.01599305 -0.04551631 0.19661480
v 0.01631087 -0.04515820 0.19776300
v 0.01635164 -0.04482805 0.19528800
v 0.01618599 -0.04496103 0.19693141
v 0.01635164 -0.04482805 0.19528800
v 0.01820927 -0.04392343 0.19250999
v 0.01870918 -0.04289257 0.19149750
v 0.01940155 -0.04176533 0.19101450
v 0.01890528 -0.04300916 0.19231920
v 0.01847076 -0.04328733 0.19302709
v 0.01890528 -0.04300916 0.19231920
v 0.01982021 -0.04140341 0.19198319
v 0.01789849 -0.04416096 0.19336291
v 0.01820927 -0.04392343 0.19250999
v 0.01847076 -0.04328733 0.19302709
v 0.01982021 -0.04140341 0.19198319
v -0.00379205 -0.03557789 0.24321529
v 0.00058270 -0.03598070 0.24325129
v 0.00294781 -0.03622567 0.24251620
v 0.00320566 -0.03632515 0.24259131
v -0.00146866 -0.03571701 0.24339600
v -0.00379205 -0.03557789 0.24321529
v -0.00336874 -0.03592687 0.24304651
v -0.00311196 -0.03608518 0.24286769
v -0.00308531 -0.03623378 0.24258821
v 0.00058270 -0.03598070 0.24325129
v 0.00058270 -0.03598070 0.24325129
v 0.00317574 -0.03598940 0.24298070
v -0.00308531 -0.03623378 0.24258821
v -0.00313205 -0.03629565 0.24256240
v 0.00294781 -0.03622567 0.24251620
v 0.00294781 -0.03622567 0.24251620
v 0.00320566 -0.03632515 0.24259131
v 0.00352478 -0.03577619 0.24313951
v 0.00317574 -0.03598940 0.24298070
v 0.00385356 -0.03560262 0.24319790
v 0.00327861 -0.03610712 0.24287499
v 0.00344849 -0.03605085 0.24298070
v 0.00336945 -0.03594887 0.24301770
v 0.00317574 -0.03598940 0.24298070
v 0.00344849 -0.03605085 0.24298070
v 0.00357151 -0.03583920 0.24309990
v 0.00352478 -0.03577619 0.24313951
v 0.00339890 -0.03618061 0.24286240
v 0.00359726 -0.03610044 0.24300361
v 0.00339890 -0.03618061 0.24286240
v 0.00359726 -0.03610044 0.24300361
v 0.00344849 -0.03605085 0.24298070
v 0.00385356 -0.03560262 0.24319790
v 0.00385356 -0.03560262 0.24319790
v 0.00385356 -0.03560262 0.24319790
v 0.00344849 -0.03605085 0.24298070
v 0.00359726 -0.03610044 0.24300361
v 0.00289249 -0.03625279 0.23839460
v 0.00316721 -0.03656542 0.23843710
v 0.00320566 -0.03632515 0.24259131
v 0.00289249 -0.03625279 0.23839460
v 0.00320566 -0.03632515 0.24259131
v 0.00294781 -0.03622567 0.24251620
v 0.00227463 -0.03627747 0.23681781
v -0.00210720 -0.03620880 0.23691989
v -0.00134176 -0.03654652 0.23608550
v -0.00047898 -0.03653228 0.23582260
v -0.00078011 -0.03631430 0.23608179
v -0.00210720 -0.03620880 0.23691989
v -0.00047898 -0.03653228 0.23582260
v -0.00243354 -0.03654527 0.23679720
v -0.00047898 -0.03653228 0.23582260
v -0.00134176 -0.03654652 0.23608550
v 0.00038183 -0.03623926 0.23607810
v -0.00078011 -0.03631430 0.23608179
v -0.00047898 -0.03653228 0.23582260
v 0.00227463 -0.03627747 0.23681781
v 0.00038183 -0.03623926 0.23607810
v 0.00080395 -0.03640609 0.23599260
v -0.00210720 -0.03620880 0.23691989
v -0.00313735 -0.03642851 0.23853090
v -0.00238460 -0.03639745 0.23695920
v 0.00080395 -0.03640609 0.23599260
v -0.00243354 -0.03654527 0.23679720
v 0.00083256 -0.03661215 0.23590250
v -0.00313735 -0.03642851 0.23853090
v 0.00083256 -0.03661215 0.23590250
v 0.00201082 -0.03668797 0.23646089
v 0.00227463 -0.03627747 0.23681781
v 0.00080395 -0.03640609 0.23599260
v 0.00038183 -0.03623926 0.23607810
v -0.00210720 -0.03620880 0.23691989
v -0.00238460 -0.03639745 0.23695920
v -0.00134176 -0.03654652 0.23608550
v -0.00078011 -0.03631430 0.23608179
v -0.00243354 -0.03654527 0.23679720
v -0.00313735 -0.03642851 0.23853090
v -0.00363153 -0.03615391 0.24301501
v -0.00348377 -0.03619962 0.24292061
v -0.00366783 -0.03587925 0.24308750
v -0.00380897 -0.03589826 0.24311700
v -0.00380897 -0.03589826 0.24311700
v -0.00348377 -0.03619962 0.24292061
v -0.00346702 -0.03606230 0.24297491
v -0.00379205 -0.03557789 0.24321529
v -0.00308531 -0.03623378 0.24258821
v -0.00397193 -0.03570282 0.24317680
v -0.00398445 -0.03560173 0.24319211
v -0.00348377 -0.03619962 0.24292061
v -0.00308531 -0.03623378 0.24258821
v -0.00336874 -0.03592687 0.24304651
v -0.00366783 -0.03587925 0.24308750
v -0.00398976 -0.03550916 0.24320750
v -0.00313205 -0.03629565 0.24256240
v -0.00308531 -0.03623378 0.24258821
v -0.00322175 -0.03641921 0.24255820
v -0.00313205 -0.03629565 0.24256240
v -0.00322175 -0.03641921 0.24255820
v -0.00322145 -0.03641939 0.24255760
v -0.00308531 -0.03623378 0.24258821
v -0.00342411 -0.03656256 0.24279089
v -0.00324696 -0.03652811 0.24248670
v 0.01908731 -0.04168522 0.19250460
v 0.01841872 -0.04241240 0.19323500
v 0.01973646 -0.04140210 0.19226280
v 0.01717942 -0.04124814 0.19469421
v 0.01908731 -0.04168522 0.19250460
v 0.01973646 -0.04140210 0.19226280
v 0.02015691 -0.04123324 0.19228540
v 0.01651895 -0.04122781 0.19601190
v 0.01628530 -0.04157781 0.19588789
v 0.01670551 -0.04155260 0.19490640
v 0.01717942 -0.04124814 0.19469421
v 0.01670551 -0.04155260 0.19490640
v 0.01908731 -0.04168522 0.19250460
v 0.02078557 -0.04162269 0.19971991
v 0.02069139 -0.04441934 0.19984031
v 0.02062845 -0.04122716 0.19940610
v 0.02079129 -0.04141080 0.19961040
v 0.01780283 -0.04129284 0.19948660
v 0.01638448 -0.04144001 0.19748090
v 0.02078557 -0.04162269 0.19971991
v 0.02079129 -0.04141080 0.19961040
v 0.02078557 -0.04162269 0.19971991
v 0.01780283 -0.04129284 0.19948660
v 0.01638448 -0.04144001 0.19748090
v 0.02079129 -0.04141080 0.19961040
v 0.02390486 -0.04123759 0.19678400
v 0.02438855 -0.04130828 0.19689630
v 0.02062845 -0.04122716 0.19940610
v 0.02438855 -0.04130828 0.19689630
v 0.02079129 -0.04141080 0.19961040
v 0.02062845 -0.04122716 0.19940610
v 0.02429008 -0.04112005 0.19643560
v 0.02390486 -0.04123759 0.19678400
v 0.02062845 -0.04122716 0.19940610
v -0.02366733 -0.04147017 0.19738550
v -0.02399665 -0.04121583 0.19664399
v -0.02122974 -0.04150086 0.19941680
v -0.02052092 -0.04122519 0.19946240
v -0.02366733 -0.04147017 0.19738550
v -0.01845043 -0.04132235 0.19959331
v -0.01780748 -0.04123032 0.19907521
v -0.01754641 -0.04149377 0.19928239
v -0.02093029 -0.04170739 0.19960310
v -0.02122974 -0.04150086 0.19941680
v -0.01966875 -0.04167473 0.19992560
v -0.01967811 -0.04137504 0.19981830
v -0.01642841 -0.04166132 0.19788960
v -0.01655787 -0.04126936 0.19746080
v -0.02052092 -0.04122519 0.19946240
v -0.01754641 -0.04149377 0.19928239
v -0.01966875 -0.04167473 0.19992560
v -0.01841056 -0.04157972 0.19969571
v -0.01966875 -0.04167473 0.19992560
v -0.01967811 -0.04137504 0.19981830
v -0.01841056 -0.04157972 0.19969571
v -0.01642841 -0.04166132 0.19788960
v -0.01655787 -0.04126936 0.19746080
v -0.01637440 -0.04129678 0.19616839
v -0.01845043 -0.04132235 0.19959331
v -0.01701062 -0.04126757 0.19472089
v -0.01754641 -0.04149377 0.19928239
v -0.01754641 -0.04149377 0.19928239
v -0.01845043 -0.04132235 0.19959331
v -0.01967811 -0.04137504 0.19981830
v -0.01660621 -0.04156637 0.19506431
v -0.01637440 -0.04129678 0.19616839
v -0.01701062 -0.04126757 0.19472089
v -0.02002859 -0.04126626 0.19225810
v -0.01980233 -0.04140198 0.19221070
v -0.01701062 -0.04126757 0.19472089
v -0.01980233 -0.04140198 0.19221070
v -0.01947212 -0.04167085 0.19228999
v -0.02394145 -0.04134452 0.19702360
v -0.02399665 -0.04121583 0.19664399
v -0.02366733 -0.04147017 0.19738550
v -0.02447426 -0.04095298 0.19644400
v -0.02417755 -0.04073911 0.19569750
v -0.02399665 -0.04121583 0.19664399
v -0.02453947 -0.04090404 0.19645290
v -0.02447426 -0.04095298 0.19644400
v -0.02399665 -0.04121583 0.19664399
v -0.02386277 -0.04138195 0.19712991
v -0.02453947 -0.04090404 0.19645290
v -0.02459335 -0.04118931 0.19691060
v -0.02453947 -0.04090404 0.19645290
v -0.02470582 -0.04088777 0.19663779
v -0.02459335 -0.04118931 0.19691060
v -0.02460527 -0.04142957 0.19713950
v -0.02459335 -0.04118931 0.19691060
v -0.02394145 -0.04134452 0.19702360
v -0.02381318 -0.04165464 0.19739500
v -0.02386277 -0.04138195 0.19712991
v -0.02366733 -0.04147017 0.19738550
v -0.02357101 -0.04156118 0.19750760
v -0.02330893 -0.04170739 0.19775429
v -0.02462786 -0.04134023 0.19710431
v -0.02468055 -0.04131639 0.19711781
v -0.02462786 -0.04134023 0.19710431
v -0.02459335 -0.04118931 0.19691060
v -0.02460527 -0.04142957 0.19713950
v -0.02381318 -0.04165464 0.19739500
v -0.02473312 -0.04129362 0.19713230
v -0.02480751 -0.04115450 0.19705281
v -0.02492278 -0.04135334 0.19741410
v -0.02468055 -0.04131639 0.19711781
v -0.02473312 -0.04129362 0.19713230
v -0.02460527 -0.04142957 0.19713950
v -0.02492278 -0.04135334 0.19741410
v -0.02473312 -0.04129362 0.19713230
v -0.02453535 -0.04171591 0.19743121
v -0.02461111 -0.04166173 0.19742361
v -0.02448970 -0.04194611 0.19761500
v -0.02087181 -0.04109346 0.19228020
v -0.02232742 -0.04050213 0.19305390
v -0.01986414 -0.04157567 0.19164580
v -0.01986414 -0.04157567 0.19164580
v -0.01947212 -0.04167085 0.19228999
v -0.01980233 -0.04140198 0.19221070
v -0.01986414 -0.04157567 0.19164580
v -0.02030187 -0.04115980 0.19163750
v -0.02002859 -0.04126626 0.19225810
v -0.01974099 -0.04125791 0.19114850
v -0.01939278 -0.04173266 0.19106869
v -0.02030187 -0.04115980 0.19163750
v -0.01991021 -0.04110163 0.19108281
v -0.01986414 -0.04157567 0.19164580
v 0.02428627 -0.04179966 0.19742170
v 0.02433770 -0.04178059 0.19742170
v 0.02289009 -0.04343801 0.19842491
v 0.02438855 -0.04130828 0.19689630
v 0.02438855 -0.04130828 0.19689630
v 0.02425146 -0.04287970 0.19831340
v 0.02433770 -0.04178059 0.19742170
v 0.02467936 -0.04174047 0.19754460
v 0.02425146 -0.04287970 0.19831340
v 0.02438855 -0.04130828 0.19689630
v 0.02473372 -0.04172754 0.19757780
v 0.02504539 -0.04096418 0.19712420
v 0.02425146 -0.04287970 0.19831340
v 0.02473372 -0.04172754 0.19757780
v 0.02476656 -0.04138469 0.19725820
v 0.02504539 -0.04096418 0.19712420
v 0.02477443 -0.04121130 0.19708320
v 0.02493882 -0.04110193 0.19717500
v 0.02504539 -0.04096418 0.19712420
v 0.02476656 -0.04138469 0.19725820
v 0.02493882 -0.04110193 0.19717500
v 0.02429008 -0.04112005 0.19643560
v 0.02493882 -0.04110193 0.19717500
v 0.02504539 -0.04096418 0.19712420
v 0.02438855 -0.04130828 0.19689630
v 0.02438855 -0.04130828 0.19689630
v 0.02493882 -0.04110193 0.19717500
v 0.02477443 -0.04121130 0.19708320
v 0.02391815 -0.04036915 0.19490790
v 0.02504539 -0.04096418 0.19712420
v 0.02438855 -0.04130828 0.19689630
v 0.02391815 -0.04036915 0.19490790
v 0.02438855 -0.04130828 0.19689630
v 0.02429008 -0.04112005 0.19643560
v 0.02016055 -0.04124319 0.19164440
v 0.02016055 -0.04124319 0.19164440
v 0.02016055 -0.04124319 0.19164440
v 0.02015691 -0.04123324 0.19228540
v 0.01973646 -0.04140210 0.19226280
v 0.01982021 -0.04140341 0.19198319
v 0.01841872 -0.04241240 0.19323500
v 0.02040255 -0.04072839 0.19131200
v 0.02067744 -0.04039812 0.19140729
v 0.02016055 -0.04124319 0.19164440
v 0.02029412 -0.04086506 0.19119620
v 0.01940155 -0.04176533 0.19101450
v 0.01982021 -0.04140341 0.19198319
v 0.01940155 -0.04176533 0.19101450
v -0.00230211 -0.03507316 0.18116760
v -0.00613403 -0.03501611 0.18166129
v -0.00437945 -0.03505074 0.18139340
v -0.00230211 -0.03507316 0.18116760
v -0.00683021 -0.03502190 0.18171810
v -0.00613403 -0.03501611 0.18166129
v -0.00230211 -0.03507316 0.18116760
v -0.00230211 -0.03507316 0.18116760
v 0.00127405 -0.03502953 0.18120310
v -0.00261301 -0.01918029 0.24520759
v 0.00058031 -0.01910990 0.24517040
v 0.00332606 -0.01914066 0.24496740
v 0.00000000 -0.03512531 0.18109360
v -0.00230211 -0.03507316 0.18116760
v -0.03189921 -0.02833855 0.20844530
v -0.03214377 -0.02662456 0.21518870
v -0.03189921 -0.02833855 0.20844530
v -0.03220534 -0.02746820 0.21192810
v -0.03214377 -0.02662456 0.21518870
v -0.03158503 -0.02889430 0.20668291
v -0.03220534 -0.02746820 0.21192810
v -0.03189921 -0.02833855 0.20844530
v -0.03045463 -0.02981436 0.20255820
v -0.03189921 -0.02833855 0.20844530
v -0.03036499 -0.02977669 0.20241520
v -0.00625145 -0.01939374 0.24468210
v -0.00261301 -0.01918029 0.24520759
v -0.00662231 -0.01937687 0.24461530
v -0.00752258 -0.01946789 0.24444351
v -0.00773621 -0.01954656 0.24436159
v -0.00261301 -0.01918029 0.24520759
v -0.00752258 -0.01946789 0.24444351
v -0.00261301 -0.01918029 0.24520759
v -0.00625145 -0.01939374 0.24468210
v -0.03158503 -0.02889430 0.20668291
v -0.00724244 -0.01938259 0.24443310
v -0.00261301 -0.01918029 0.24520759
v -0.00644684 -0.01928311 0.24453610
v -0.00724244 -0.01938259 0.24443310
v -0.00662231 -0.01937687 0.24461530
v -0.00261301 -0.01918029 0.24520759
v -0.00855255 -0.01951032 0.24408311
v -0.00625145 -0.01939374 0.24468210
v -0.00662231 -0.01937687 0.24461530
v -0.00724751 -0.01946407 0.24447510
v -0.00625145 -0.01939374 0.24468210
v -0.00855255 -0.01951032 0.24408311
v -0.00724751 -0.01946407 0.24447510
v -0.00752258 -0.01946789 0.24444351
v -0.00625145 -0.01939374 0.24468210
v -0.00971985 -0.01956570 0.24371310
v -0.00644684 -0.01928311 0.24453610
v -0.01123905 -0.01961725 0.24316999
v -0.00724244 -0.01938259 0.24443310
v -0.01010888 -0.01961624 0.24370930
v -0.01010888 -0.01961624 0.24370930
v -0.00855255 -0.01951032 0.24408311
v -0.00662231 -0.01937687 0.24461530
v -0.01010888 -0.01961624 0.24370930
v -0.00662231 -0.01937687 0.24461530
v -0.00724244 -0.01938259 0.24443310
v -0.00752258 -0.01946789 0.24444351
v -0.00724751 -0.01946407 0.24447510
v -0.00855255 -0.01951032 0.24408311
v -0.00752258 -0.01946789 0.24444351
v -0.01204293 -0.01988613 0.24301679
v -0.00773621 -0.01954656 0.24436159
v -0.01204293 -0.01988613 0.24301679
v -0.00752258 -0.01946789 0.24444351
v -0.00855255 -0.01951032 0.24408311
v -0.01204293 -0.01988613 0.24301679
v -0.00855255 -0.01951032 0.24408311
v -0.01010888 -0.01961624 0.24370930
v -0.02866739 -0.03071790 0.19863480
v -0.01329034 -0.01985085 0.24237600
v -0.01010888 -0.01961624 0.24370930
v -0.01123905 -0.01961725 0.24316999
v -0.01329034 -0.02008545 0.24241979
v -0.01010888 -0.01961624 0.24370930
v -0.01329034 -0.01985085 0.24237600
v -0.01534271 -0.02012789 0.24144140
v -0.01010888 -0.01961624 0.24370930
v -0.01329034 -0.02008545 0.24241979
v -0.01534271 -0.02012789 0.24144140
v -0.01204293 -0.01988613 0.24301679
v -0.01010888 -0.01961624 0.24370930
v -0.02761650 -0.03138262 0.19655959
v -0.03045463 -0.02981436 0.20255820
v -0.02866739 -0.03071790 0.19863480
v -0.01329034 -0.01985085 0.24237600
v -0.02482599 -0.03222668 0.19266100
v -0.02761650 -0.03138262 0.19655959
v -0.02866739 -0.03071790 0.19863480
v -0.02482599 -0.03222668 0.19266100
v -0.01534271 -0.02012789 0.24144140
v -0.01971435 -0.02092659 0.23862050
v -0.01534271 -0.02012789 0.24144140
v -0.01870918 -0.02062952 0.23929760
v -0.01958256 -0.02095013 0.23869251
v -0.01957982 -0.02085316 0.23866470
v -0.01870918 -0.02062952 0.23929760
v -0.01957041 -0.02082085 0.23864430
v -0.02141571 -0.02129846 0.23720130
v -0.01971435 -0.02092659 0.23862050
v -0.01870918 -0.02062952 0.23929760
v -0.02141571 -0.02129846 0.23720130
v -0.01870918 -0.02062952 0.23929760
v -0.01957982 -0.02085316 0.23866470
v -0.02184605 -0.02129542 0.23673430
v -0.02184605 -0.02129542 0.23673430
v -0.01957041 -0.02082085 0.23864430
v -0.01870918 -0.02062952 0.23929760
v -0.02141571 -0.02129846 0.23720130
v -0.02141571 -0.02129846 0.23720130
v -0.01870918 -0.02062952 0.23929760
v -0.02220535 -0.02134430 0.23641180
v -0.02144616 -0.03302967 0.18925069
v -0.02260804 -0.03289037 0.19030660
v -0.02482599 -0.03222668 0.19266100
v -0.02240461 -0.03294694 0.19010650
v -0.02482599 -0.03222668 0.19266100
v -0.02260804 -0.03289037 0.19030660
v -0.02240461 -0.03294694 0.19010650
v -0.02004235 -0.03346830 0.18803760
v -0.02220535 -0.02134430 0.23641180
v -0.02004235 -0.03346830 0.18803760
v -0.02240461 -0.03294694 0.19010650
v -0.02144616 -0.03302967 0.18925069
v -0.01538842 -0.03408581 0.18499351
v -0.01780694 -0.03376400 0.18635909
v -0.02144616 -0.03302967 0.18925069
v -0.01538842 -0.03408581 0.18499351
v -0.02144616 -0.03302967 0.18925069
v -0.01819610 -0.03365665 0.18675201
v -0.01719301 -0.03389143 0.18605630
v -0.01780694 -0.03376400 0.18635909
v -0.01538842 -0.03408581 0.18499351
v -0.01712036 -0.03400331 0.18595479
v -0.02144616 -0.03302967 0.18925069
v -0.01780694 -0.03376400 0.18635909
v -0.01712036 -0.03400331 0.18595479
v -0.02004235 -0.03346830 0.18803760
v -0.02144616 -0.03302967 0.18925069
v -0.01448822 -0.03436475 0.18445940
v -0.01780694 -0.03376400 0.18635909
v -0.01719301 -0.03389143 0.18605630
v -0.01448822 -0.03436475 0.18445940
v -0.01719301 -0.03389143 0.18605630
v -0.01538842 -0.03408581 0.18499351
v -0.01212304 -0.03448164 0.18344469
v -0.01538842 -0.03408581 0.18499351
v -0.01780694 -0.03376400 0.18635909
v -0.03064721 -0.02474367 0.22327490
v -0.02787011 -0.02312052 0.22937170
v -0.02991002 -0.02417242 0.22509740
v -0.01077270 -0.03465276 0.18294880
v -0.01212304 -0.03448164 0.18344469
v -0.01448822 -0.03436475 0.18445940
v -0.01538842 -0.03408581 0.18499351
v -0.01212304 -0.03448164 0.18344469
v -0.03088879 -0.02486830 0.22221920
v -0.01007294 -0.03468382 0.18273780
v -0.01077270 -0.03465276 0.18294880
v -0.00767511 -0.03487122 0.18202171
v -0.01008445 -0.03471982 0.18271200
v -0.01077270 -0.03465276 0.18294880
v -0.01007294 -0.03468382 0.18273780
v -0.01008445 -0.03471982 0.18271200
v -0.01212304 -0.03448164 0.18344469
v -0.01077270 -0.03465276 0.18294880
v -0.00683021 -0.03502190 0.18171810
v -0.01136773 -0.03471291 0.18312430
v -0.01212304 -0.03448164 0.18344469
v -0.00767511 -0.03487122 0.18202171
v -0.00767511 -0.03487122 0.18202171
v -0.00767511 -0.03487122 0.18202171
v -0.03064721 -0.02474367 0.22327490
v -0.02991002 -0.02417242 0.22509740
v -0.03088879 -0.02486830 0.22221920
v -0.00767511 -0.03487122 0.18202171
v -0.00767511 -0.03487122 0.18202171
v -0.00420380 -0.03504860 0.18137319
v -0.00420380 -0.03504860 0.18137319
v -0.00687790 -0.03485971 0.18191500
v -0.00437945 -0.03505074 0.18139340
v -0.03088879 -0.02486830 0.22221920
v -0.00230211 -0.03507316 0.18116760
v -0.00437945 -0.03505074 0.18139340
v -0.00420380 -0.03504860 0.18137319
v -0.01462805 -0.04553794 0.20156071
v -0.01456326 -0.04337394 0.22618380
v -0.01461601 -0.04562598 0.20092550
v -0.01458495 -0.04549348 0.20154800
v -0.01456326 -0.04337394 0.22618380
v -0.01462805 -0.04553794 0.20156071
v -0.01455038 -0.04542768 0.20155109
v -0.01455038 -0.04542768 0.20155109
v -0.01280301 -0.04313451 0.22797030
v -0.01332348 -0.04309111 0.22773410
v -0.01284790 -0.04316830 0.22796030
v -0.01331895 -0.04318827 0.22777340
v -0.01280301 -0.04313451 0.22797030
v -0.01283305 -0.04322206 0.22803080
v -0.01331895 -0.04318827 0.22777340
v -0.01284790 -0.04316830 0.22796030
v -0.01280301 -0.04313451 0.22797030
v -0.01191222 -0.04321980 0.22813851
v -0.01179194 -0.04319697 0.22808620
v -0.01283305 -0.04322206 0.22803080
v -0.01179194 -0.04319697 0.22808620
v -0.01191222 -0.04321980 0.22813851
v -0.01179194 -0.04319697 0.22808620
v -0.01173800 -0.04314315 0.22806279
v -0.01191222 -0.04321980 0.22813851
v -0.01146286 -0.04319053 0.22802369
v -0.01427739 -0.04321956 0.22682580
v -0.01456326 -0.04337394 0.22618380
v -0.01457458 -0.04325556 0.22584920
v -0.01134377 -0.04322880 0.22797289
v -0.01256704 -0.04323637 0.22812900
v -0.01191222 -0.04321980 0.22813851
v -0.01404738 -0.04321557 0.22720429
v -0.01456326 -0.04337394 0.22618380
v -0.01427739 -0.04321956 0.22682580
v -0.01409357 -0.04314857 0.22707739
v -0.01404738 -0.04321557 0.22720429
v -0.01375722 -0.04311686 0.22744010
v -0.01404738 -0.04321557 0.22720429
v -0.01427739 -0.04321956 0.22682580
v -0.01457458 -0.04325556 0.22584920
v -0.01406174 -0.04329550 0.22734471
v -0.01456326 -0.04337394 0.22618380
v -0.01404738 -0.04321557 0.22720429
v -0.01375722 -0.04311686 0.22744010
v -0.01409357 -0.04314857 0.22707739
v -0.01374679 -0.04311615 0.22744910
v -0.01374679 -0.04311615 0.22744910
v -0.01375722 -0.04311686 0.22744010
v -0.01333618 -0.04309177 0.22772761
v -0.01404738 -0.04321557 0.22720429
v -0.01409357 -0.04314857 0.22707739
v -0.01375722 -0.04311686 0.22744010
v -0.01404738 -0.04321557 0.22720429
v -0.01375722 -0.04311686 0.22744010
v -0.01374679 -0.04311615 0.22744910
v -0.01331895 -0.04318827 0.22777340
v -0.01374679 -0.04311615 0.22744910
v -0.01333618 -0.04309177 0.22772761
v -0.01280301 -0.04313451 0.22797030
v -0.01333618 -0.04309177 0.22772761
v -0.01332348 -0.04309111 0.22773410
v -0.01283305 -0.04322206 0.22803080
v -0.01404738 -0.04321557 0.22720429
v -0.01331895 -0.04318827 0.22777340
v -0.01283305 -0.04322206 0.22803080
v -0.01406174 -0.04329550 0.22734471
v -0.01404738 -0.04321557 0.22720429
v -0.01273727 -0.04306936 0.22795311
v -0.01332348 -0.04309111 0.22773410
v -0.01333618 -0.04309177 0.22772761
v -0.01388454 -0.04565936 0.19982420
v -0.01363116 -0.04567825 0.19960740
v -0.01388454 -0.04565936 0.19982420
v -0.01363116 -0.04567825 0.19960740
v -0.01375961 -0.04562890 0.19972681
v -0.01388454 -0.04565936 0.19982420
v -0.01365154 -0.04571110 0.19958261
v -0.01363116 -0.04567825 0.19960740
v -0.01388454 -0.04565936 0.19982420
v -0.01363116 -0.04567825 0.19960740
v -0.01390868 -0.04569184 0.19980261
v -0.01390868 -0.04569184 0.19980261
v -0.01365154 -0.04571110 0.19958261
v -0.01390868 -0.04569184 0.19980261
v -0.01376956 -0.04574078 0.19956040
v -0.01365154 -0.04571110 0.19958261
v -0.01390868 -0.04569184 0.19980261
v -0.01365154 -0.04571110 0.19958261
v -0.01400607 -0.04556214 0.20001380
v -0.01385390 -0.04557675 0.19984791
v -0.01415652 -0.04550123 0.20017500
v -0.01400607 -0.04556220 0.20001380
v -0.01385390 -0.04557675 0.19984791
v -0.01400607 -0.04556220 0.20001380
v -0.01375961 -0.04562890 0.19972681
v -0.01385390 -0.04557675 0.19984791
v -0.01400607 -0.04556220 0.20001380
v -0.01200252 -0.04563796 0.19914840
v -0.01200062 -0.04563784 0.19914819
v -0.01200252 -0.04563796 0.19914840
v -0.01200044 -0.04568183 0.19913501
v -0.01200062 -0.04563784 0.19914819
v -0.01414108 -0.04563343 0.20011680
v -0.01388454 -0.04565936 0.19982420
v -0.01375961 -0.04562890 0.19972681
v -0.01200252 -0.04563796 0.19914840
v -0.01200062 -0.04563784 0.19914819
v -0.01401937 -0.04560565 0.20000660
v -0.01200217 -0.04568195 0.19913509
v -0.01200217 -0.04568195 0.19913509
v -0.01199716 -0.04573452 0.19910119
v -0.01200044 -0.04568183 0.19913501
v -0.01200217 -0.04568195 0.19913509
v -0.01200044 -0.04568183 0.19913501
v -0.01403957 -0.04564458 0.19999310
v -0.01388454 -0.04565936 0.19982420
v -0.01414108 -0.04563343 0.20011680
v -0.01200526 -0.04572182 0.19911189
v -0.01403957 -0.04564458 0.19999310
v -0.01200526 -0.04572182 0.19911189
v -0.01199960 -0.04575490 0.19908071
v -0.01199716 -0.04573452 0.19910119
v -0.01406598 -0.04567688 0.19997410
v -0.01200062 -0.04575502 0.19908080
v -0.01200062 -0.04575502 0.19908080
v -0.01199960 -0.04575490 0.19908071
v -0.01403957 -0.04564458 0.19999310
v -0.01200157 -0.04578959 0.19902150
v -0.01199960 -0.04575490 0.19908071
v -0.01200062 -0.04575502 0.19908080
v -0.01406598 -0.04567688 0.19997410
v -0.01406598 -0.04567688 0.19997410
v -0.01406598 -0.04567688 0.19997410
v -0.01230067 -0.04563724 0.19915560
v -0.01230067 -0.04563724 0.19915560
v -0.01230067 -0.04563724 0.19915560
v -0.01230204 -0.04568123 0.19914231
v -0.01230204 -0.04568123 0.19914231
v -0.01417005 -0.04554259 0.20023771
v -0.01400607 -0.04556214 0.20001380
v -0.01415652 -0.04550123 0.20017500
v -0.01417005 -0.04554259 0.20023771
v -0.01230400 -0.04572099 0.19911949
v -0.01417005 -0.04554259 0.20023771
v -0.01400607 -0.04556214 0.20001380
v -0.01230204 -0.04568123 0.19914231
v -0.01418447 -0.04558593 0.20023219
v -0.01401937 -0.04560565 0.20000660
v -0.01375961 -0.04562890 0.19972681
v -0.01418447 -0.04558593 0.20023219
v -0.01375961 -0.04562890 0.19972681
v -0.01400607 -0.04556220 0.20001380
v -0.01230400 -0.04572099 0.19911949
v -0.01200526 -0.04572182 0.19911189
v -0.01418447 -0.04558593 0.20023219
v -0.01418447 -0.04558593 0.20023219
v -0.01401937 -0.04560565 0.20000660
v -0.01230669 -0.04575443 0.19908820
v -0.01230400 -0.04572099 0.19911949
v -0.01230669 -0.04575443 0.19908820
v -0.01200062 -0.04575502 0.19908080
v -0.01230669 -0.04575443 0.19908820
v -0.01418447 -0.04558593 0.20023219
v -0.01230669 -0.04575443 0.19908820
v -0.01423543 -0.04565668 0.20020559
v -0.01414108 -0.04563343 0.20011680
v -0.01423543 -0.04565668 0.20020559
v -0.01423543 -0.04565668 0.20020559
v -0.01251316 -0.04563510 0.19918090
v -0.01376956 -0.04574078 0.19956040
v -0.01406598 -0.04567688 0.19997410
v -0.01423543 -0.04565668 0.20020559
v -0.01251316 -0.04563510 0.19918090
v -0.01230067 -0.04563724 0.19915560
v -0.01251316 -0.04563510 0.19918090
v -0.01251590 -0.04567909 0.19916770
v -0.01251316 -0.04563510 0.19918090
v -0.01251590 -0.04567909 0.19916770
v -0.01259773 -0.04563379 0.19919591
v -0.01430511 -0.04552143 0.20047900
v -0.01259773 -0.04563379 0.19919591
v -0.01430511 -0.04552143 0.20047900
v -0.01252013 -0.04571872 0.19914509
v -0.01251590 -0.04567909 0.19916770
v -0.01252013 -0.04571872 0.19914509
v -0.01432055 -0.04556471 0.20047531
v -0.01252549 -0.04575210 0.19911410
v -0.01252013 -0.04571872 0.19914509
v -0.01252549 -0.04575210 0.19911410
v -0.01430511 -0.04552143 0.20047900
v -0.01260101 -0.04567778 0.19918290
v -0.01259773 -0.04563379 0.19919591
v -0.01432055 -0.04556471 0.20047531
v -0.01432055 -0.04556471 0.20047531
v -0.01418447 -0.04558593 0.20023219
v -0.01448512 -0.04555720 0.20084350
v -0.01414108 -0.04563343 0.20011680
v -0.01418447 -0.04558593 0.20023219
v -0.01260101 -0.04567778 0.19918290
v -0.01260101 -0.04567778 0.19918290
v -0.01251590 -0.04567909 0.19916770
v -0.01448512 -0.04555720 0.20084350
v -0.01418447 -0.04558593 0.20023219
v -0.01432055 -0.04556471 0.20047531
v -0.01260614 -0.04571735 0.19916029
v -0.01260101 -0.04567778 0.19918290
v -0.01260614 -0.04571735 0.19916029
v -0.01437509 -0.04563480 0.20045500
v -0.01423543 -0.04565668 0.20020559
v -0.01414108 -0.04563343 0.20011680
v -0.01260614 -0.04571735 0.19916029
v -0.01252013 -0.04571872 0.19914509
v -0.01281350 -0.04577600 0.19912639
v -0.01252549 -0.04575210 0.19911410
v -0.01448512 -0.04555720 0.20084350
v -0.01437509 -0.04563480 0.20045500
v -0.01281350 -0.04577600 0.19912639
v -0.01437509 -0.04563480 0.20045500
v -0.01461601 -0.04562598 0.20092550
v -0.01376956 -0.04574078 0.19956040
v -0.01423543 -0.04565668 0.20020559
v -0.01461601 -0.04562598 0.20092550
v -0.01423543 -0.04565668 0.20020559
v -0.01437509 -0.04563480 0.20045500
v -0.01261270 -0.04575073 0.19912960
v -0.01260614 -0.04571735 0.19916029
v -0.01261270 -0.04575073 0.19912960
v -0.01439422 -0.04550313 0.20068870
v -0.01430511 -0.04552143 0.20047900
v -0.01261270 -0.04575073 0.19912960
v -0.01439422 -0.04550313 0.20068870
v -0.01439422 -0.04550313 0.20068870
v -0.01448512 -0.04555720 0.20084350
v -0.01441019 -0.04554617 0.20068650
v -0.01432055 -0.04556471 0.20047531
v -0.01448512 -0.04555720 0.20084350
v -0.01441019 -0.04554617 0.20068650
v -0.01300609 -0.04562366 0.19931071
v -0.01448512 -0.04555720 0.20084350
v -0.01432055 -0.04556471 0.20047531
v -0.01441019 -0.04554617 0.20068650
v -0.01300609 -0.04562366 0.19931071
v -0.01300609 -0.04562366 0.19931071
v -0.01301211 -0.04566758 0.19929850
v -0.01301211 -0.04566758 0.19929850
v -0.01446712 -0.04561591 0.20067160
v -0.01446712 -0.04561591 0.20067160
v -0.01301211 -0.04566758 0.19929850
v -0.01461601 -0.04562598 0.20092550
v -0.01437509 -0.04563480 0.20045500
v -0.01446712 -0.04561591 0.20067160
v -0.01302129 -0.04570716 0.19927721
v -0.01302129 -0.04570716 0.19927721
v -0.01303339 -0.04574048 0.19924800
v -0.01302129 -0.04570716 0.19927721
v -0.01303339 -0.04574048 0.19924800
v -0.01312714 -0.04561942 0.19935951
v -0.01300609 -0.04562366 0.19931071
v -0.01312714 -0.04561942 0.19935951
v -0.01448607 -0.04547590 0.20100090
v -0.01439422 -0.04550313 0.20068870
v -0.01456326 -0.04531776 0.20140600
v -0.01448607 -0.04547590 0.20100090
v -0.01303339 -0.04574048 0.19924800
v -0.01313400 -0.04566329 0.19934770
v -0.01312714 -0.04561942 0.19935951
v -0.01448607 -0.04547590 0.20100090
v -0.01313400 -0.04566329 0.19934770
v -0.01313400 -0.04566329 0.19934770
v -0.01301211 -0.04566758 0.19929850
v -0.01314455 -0.04570287 0.19932690
v -0.01313400 -0.04566329 0.19934770
v -0.01314455 -0.04570287 0.19932690
v -0.01315820 -0.04573607 0.19929831
v -0.01450860 -0.04546606 0.20111290
v -0.01314455 -0.04570287 0.19932690
v -0.01315820 -0.04573607 0.19929831
v -0.01450860 -0.04546606 0.20111290
v -0.01448607 -0.04547590 0.20100090
v -0.01450860 -0.04546606 0.20111290
v -0.01376956 -0.04574078 0.19956040
v -0.01281350 -0.04577600 0.19912639
v -0.01303339 -0.04574048 0.19924800
v -0.01376956 -0.04574078 0.19956040
v -0.01303339 -0.04574048 0.19924800
v -0.01315820 -0.04573607 0.19929831
v -0.01456189 -0.04558765 0.20099349
v -0.01456189 -0.04558765 0.20099349
v -0.01456189 -0.04558765 0.20099349
v -0.01446712 -0.04561591 0.20067160
v -0.01345801 -0.04560416 0.19953419
v -0.01312714 -0.04561942 0.19935951
v -0.01384532 -0.04545879 0.19968770
v -0.01345801 -0.04560416 0.19953419
v -0.01345801 -0.04560416 0.19953419
v -0.01456189 -0.04558765 0.20099349
v -0.01345801 -0.04560416 0.19953419
v -0.01312714 -0.04561942 0.19935951
v -0.01375961 -0.04562890 0.19972681
v -0.01313400 -0.04566329 0.19934770
v -0.01345801 -0.04560416 0.19953419
v -0.01346719 -0.04564791 0.19952349
v -0.01346719 -0.04564791 0.19952349
v -0.01346719 -0.04564791 0.19952349
v -0.01313400 -0.04566329 0.19934770
v -0.01375961 -0.04562890 0.19972681
v -0.01348119 -0.04568725 0.19950460
v -0.01348119 -0.04568725 0.19950460
v -0.01348119 -0.04568725 0.19950460
v -0.01314455 -0.04570287 0.19932690
v -0.01349955 -0.04572021 0.19947851
v -0.01348119 -0.04568725 0.19950460
v -0.01349955 -0.04572021 0.19947851
v -0.01458501 -0.04557764 0.20110890
v -0.01458501 -0.04557764 0.20110890
v -0.01458501 -0.04557764 0.20110890
v -0.01458501 -0.04557764 0.20110890
v -0.01315820 -0.04573607 0.19929831
v -0.01349955 -0.04572021 0.19947851
v -0.01360517 -0.04559534 0.19963510
v -0.01360517 -0.04559534 0.19963510
v -0.01455020 -0.04542768 0.20155101
v -0.01456326 -0.04531776 0.20140600
v -0.01455038 -0.04542768 0.20155109
v -0.01455020 -0.04542768 0.20155101
v -0.01455020 -0.04542768 0.20155101
v -0.01450860 -0.04546606 0.20111290
v -0.01455020 -0.04542768 0.20155101
v -0.01360517 -0.04559534 0.19963510
v -0.01375961 -0.04562890 0.19972681
v -0.01345801 -0.04560416 0.19953419
v -0.01455038 -0.04542768 0.20155109
v -0.01458495 -0.04549348 0.20154800
v -0.01455020 -0.04542768 0.20155101
v -0.01455038 -0.04542768 0.20155109
v -0.01458495 -0.04549348 0.20154800
v -0.01455020 -0.04542768 0.20155101
v -0.01462793 -0.04553824 0.20155880
v -0.01375961 -0.04562890 0.19972681
v -0.01462793 -0.04553824 0.20155880
v -0.01462805 -0.04553794 0.20156071
v -0.01461601 -0.04562598 0.20092550
v -0.01462793 -0.04553824 0.20155880
v -0.01462805 -0.04553794 0.20156071
v -0.01363116 -0.04567825 0.19960740
v -0.01462793 -0.04553824 0.20155880
v -0.01349955 -0.04572021 0.19947851
v -0.01415652 -0.04550123 0.20017500
v -0.01385390 -0.04557675 0.19984791
v -0.01385390 -0.04557675 0.19984791
v -0.01360517 -0.04559534 0.19963510
v -0.01415652 -0.04550123 0.20017500
v -0.01385390 -0.04557675 0.19984791
v -0.01375961 -0.04562890 0.19972681
v -0.01360517 -0.04559534 0.19963510
v -0.01360517 -0.04559534 0.19963510
v -0.01150017 -0.04311943 0.22798900
v -0.01146286 -0.04319053 0.22802369
v -0.01134377 -0.04322880 0.22797289
v -0.01191222 -0.04321980 0.22813851
v -0.01146286 -0.04319053 0.22802369
v -0.01134377 -0.04322880 0.22797289
v -0.01146286 -0.04319053 0.22802369
v -0.01150017 -0.04311943 0.22798900
v -0.01150315 -0.04306977 0.22797790
v -0.01199680 -0.04563784 0.19914840
v -0.01199603 -0.04570204 0.19912790
v -0.01199603 -0.04570204 0.19912790
v -0.01200044 -0.04568183 0.19913501
v -0.01199716 -0.04573452 0.19910119
v -0.01199716 -0.04573452 0.19910119
v -0.01199603 -0.04570204 0.19912790
v -0.01200157 -0.04578959 0.19902150
v -0.01199716 -0.04573452 0.19910119
v -0.01199960 -0.04575490 0.19908071
v -0.01135605 -0.04476201 0.20572050
v -0.01126950 -0.04513967 0.20626770
v 0.01215368 -0.04567301 0.19892509
v -0.00946903 -0.04542201 0.20271561
v -0.00835812 -0.04542189 0.20186441
v -0.00946903 -0.04542201 0.20271561
v -0.01091516 -0.04528176 0.20469740
v -0.01024740 -0.04499298 0.20329399
v -0.00946903 -0.04542201 0.20271561
v -0.01024740 -0.04499298 0.20329399
v -0.00835812 -0.04542189 0.20186441
v -0.01091516 -0.04528176 0.20469740
v 0.01274740 -0.04571110 0.19946600
v 0.01244235 -0.04543769 0.19900919
v 0.01215910 -0.04583626 0.19867741
v 0.01215368 -0.04567301 0.19892509
v 0.01244235 -0.04543769 0.19900919
v 0.01244235 -0.04543769 0.19900919
v 0.01216256 -0.04578381 0.19884650
v 0.01215910 -0.04583626 0.19867741
v -0.00472051 -0.04549229 0.20140240
v -0.00511378 -0.04552805 0.20145120
v -0.00390029 -0.04518365 0.20126779
v -0.00472003 -0.04552918 0.20143761
v -0.00511378 -0.04552805 0.20145120
v -0.00472003 -0.04552918 0.20143761
v -0.00511378 -0.04552805 0.20145120
v -0.00472051 -0.04549229 0.20140240
v -0.00472003 -0.04552918 0.20143761
v -0.00317156 -0.04558610 0.20145540
v -0.00511378 -0.04552805 0.20145120
v -0.00472003 -0.04552918 0.20143761
v -0.00511378 -0.04552805 0.20145120
v -0.00323701 -0.04552114 0.20152929
v -0.00390029 -0.04518365 0.20126779
v -0.00323701 -0.04552114 0.20152929
v -0.00323701 -0.04552114 0.20152929
v -0.00317156 -0.04558610 0.20145540
v -0.00472003 -0.04552918 0.20143761
v -0.00270271 -0.04547691 0.20157740
v -0.00594997 -0.04545491 0.20147440
v -0.00787544 -0.04552108 0.20192590
v -0.00835812 -0.04542189 0.20186441
v -0.00594997 -0.04545491 0.20147440
v -0.00594997 -0.04545491 0.20147440
v -0.00712967 -0.04549235 0.20171520
v -0.00787544 -0.04552108 0.20192590
v -0.00283581 -0.04551529 0.20159601
v -0.00323701 -0.04552114 0.20152929
v -0.00270271 -0.04547691 0.20157740
v -0.00283581 -0.04551529 0.20159601
v -0.00323701 -0.04552114 0.20152929
v -0.00283581 -0.04551529 0.20159601
v -0.00595730 -0.04548436 0.20149270
v -0.00712967 -0.04549235 0.20171520
v -0.00594997 -0.04545491 0.20147440
v -0.00283581 -0.04551529 0.20159601
v -0.00595325 -0.04552125 0.20152780
v -0.00317156 -0.04558610 0.20145540
v -0.00787544 -0.04552108 0.20192590
v -0.00712967 -0.04549235 0.20171520
v -0.00595325 -0.04552125 0.20152780
v -0.00270271 -0.04547691 0.20157740
v -0.00390029 -0.04518365 0.20126779
v -0.00021982 -0.04523998 0.20242520
v -0.00270271 -0.04547691 0.20157740
v -0.00021982 -0.04523998 0.20242520
v 0.00012302 -0.04542952 0.20274989
v -0.00211775 -0.04550057 0.20176420
v -0.00270271 -0.04547691 0.20157740
v 0.00012302 -0.04542952 0.20274989
v -0.00211775 -0.04550057 0.20176420
v -0.00211775 -0.04550057 0.20176420
v -0.00511378 -0.04552805 0.20145120
v -0.00595325 -0.04552125 0.20152780
v -0.00211775 -0.04550057 0.20176420
v -0.00317156 -0.04558610 0.20145540
v -0.00211775 -0.04550057 0.20176420
v 0.00012302 -0.04542952 0.20274989
v 0.01274740 -0.04571110 0.19946600
v 0.00502014 -0.04503810 0.20740770
v 0.00583839 -0.04500752 0.20642491
v 0.00012302 -0.04542952 0.20274989
v 0.00141913 -0.04493069 0.20404620
v 0.00012302 -0.04542952 0.20274989
v -0.00021982 -0.04523998 0.20242520
v 0.00135458 -0.04531848 0.20428459
v 0.00012302 -0.04542952 0.20274989
v 0.00141913 -0.04493069 0.20404620
v 0.00198323 -0.04507207 0.20660360
v 0.00141913 -0.04493069 0.20404620
v 0.00194853 -0.04475837 0.20599210
v 0.00135458 -0.04531848 0.20428459
v 0.00190014 -0.04459708 0.21259961
v 0.00198323 -0.04507207 0.20660360
v 0.00200736 -0.04447561 0.21258610
v 0.00418180 -0.04485738 0.20886520
v 0.00201041 -0.04401099 0.21882160
v 0.00221974 -0.04393136 0.21948861
v 0.00221974 -0.04393136 0.21948861
v 0.00235701 -0.04372137 0.21967070
v 0.00225401 -0.04386538 0.21946280
v 0.00467992 -0.04453009 0.21300910
v 0.00737947 -0.04420417 0.21678130
v 0.00679016 -0.04425674 0.21585441
v 0.00277924 -0.04392397 0.22037479
v 0.00317860 -0.04381859 0.22043440
v 0.00509435 -0.04387050 0.22099310
v 0.00315857 -0.04373472 0.22039001
v 0.00267792 -0.04376441 0.22005820
v 0.00398183 -0.04354208 0.22068889
v 0.00317860 -0.04381859 0.22043440
v 0.00315857 -0.04373472 0.22039001
v 0.00398183 -0.04354208 0.22068889
v 0.00509435 -0.04387050 0.22099310
v 0.00502670 -0.04378467 0.22076420
v 0.00595039 -0.04384511 0.22075900
v 0.00398183 -0.04354208 0.22068889
v 0.00509435 -0.04387050 0.22099310
v 0.00361037 -0.04371911 0.22055660
v 0.00398183 -0.04354208 0.22068889
v 0.00361633 -0.04378032 0.22056930
v 0.00317860 -0.04381859 0.22043440
v 0.00267792 -0.04376441 0.22005820
v 0.00277924 -0.04392397 0.22037479
v 0.00272375 -0.04392319 0.22047710
v 0.00221974 -0.04393136 0.21948861
v 0.00277924 -0.04392397 0.22037479
v 0.00225401 -0.04386538 0.21946280
v 0.00235701 -0.04372137 0.21967070
v 0.00221974 -0.04393136 0.21948861
v 0.00225401 -0.04386538 0.21946280
v 0.00277924 -0.04392397 0.22037479
v 0.00317860 -0.04381859 0.22043440
v 0.00201041 -0.04401099 0.21882160
v 0.00221974 -0.04393136 0.21948861
v 0.00272375 -0.04392319 0.22047710
v 0.00277924 -0.04392397 0.22037479
v 0.00267792 -0.04376441 0.22005820
v 0.00317860 -0.04381859 0.22043440
v 0.00235701 -0.04372137 0.21967070
v 0.00671476 -0.04379749 0.22041631
v 0.00608051 -0.04376345 0.22062710
v 0.00559759 -0.04373651 0.22071680
v 0.00671476 -0.04379749 0.22041631
v 0.00559759 -0.04373651 0.22071680
v 0.00686854 -0.04373270 0.22032771
v 0.00595039 -0.04384511 0.22075900
v 0.00608051 -0.04376345 0.22062710
v 0.00671476 -0.04379749 0.22041631
v 0.00782883 -0.04403096 0.21877059
v 0.00776482 -0.04378026 0.21872529
v 0.00768530 -0.04395914 0.21794119
v 0.00782883 -0.04403096 0.21877059
v 0.00729626 -0.04392313 0.22018491
v 0.00509435 -0.04387050 0.22099310
v 0.00595039 -0.04384511 0.22075900
v 0.00679207 -0.04373466 0.22033849
v 0.00671476 -0.04379749 0.22041631
v 0.00686854 -0.04373270 0.22032771
v 0.00674057 -0.04383111 0.22040150
v 0.00595039 -0.04384511 0.22075900
v 0.00671476 -0.04379749 0.22041631
v 0.00729626 -0.04392313 0.22018491
v 0.00595039 -0.04384511 0.22075900
v 0.00674057 -0.04383111 0.22040150
v 0.00737947 -0.04420417 0.21678130
v 0.00782883 -0.04403096 0.21877059
v 0.00768530 -0.04395914 0.21794119
v 0.00729626 -0.04392313 0.22018491
v 0.00725460 -0.04386657 0.21999760
v 0.00729626 -0.04392313 0.22018491
v 0.00671476 -0.04379749 0.22041631
v 0.00725460 -0.04386657 0.21999760
v 0.00671476 -0.04379749 0.22041631
v 0.00679207 -0.04373466 0.22033849
v 0.00725460 -0.04386657 0.21999760
v 0.00679207 -0.04373466 0.22033849
v 0.00686854 -0.04373270 0.22032771
v 0.00731087 -0.04377949 0.21986350
v 0.00686854 -0.04373270 0.22032771
v 0.00748110 -0.04375404 0.21961839
v 0.00725460 -0.04386657 0.21999760
v 0.00748110 -0.04375404 0.21961839
v 0.00782883 -0.04403096 0.21877059
v 0.00725460 -0.04386657 0.21999760
v 0.00748110 -0.04375404 0.21961839
v 0.00782883 -0.04403096 0.21877059
v 0.00502670 -0.04378467 0.22076420
v 0.00595039 -0.04384511 0.22075900
v 0.00559759 -0.04373651 0.22071680
v -0.00681782 -0.04323047 0.22811720
v -0.00716400 -0.04309380 0.22794309
v -0.00695848 -0.04307365 0.22800070
v -0.00710869 -0.04319870 0.22802711
v -0.00726891 -0.04318660 0.22795270
v -0.00737286 -0.04321539 0.22775359
v -0.00725460 -0.04314148 0.22788779
v -0.00716400 -0.04309380 0.22794309
v -0.00737286 -0.04321539 0.22775359
v -0.00722974 -0.04297930 0.22792420
v -0.00716400 -0.04309380 0.22794309
v -0.00725460 -0.04314148 0.22788779
v -0.00737286 -0.04321539 0.22775359
v -0.00714874 -0.04323559 0.22807780
v -0.00710869 -0.04319870 0.22802711
v -0.00681782 -0.04323047 0.22811720
v -0.00703919 -0.04306912 0.22798599
v -0.00713730 -0.04307168 0.22795551
v -0.00695848 -0.04307365 0.22800070
v -0.00703919 -0.04306912 0.22798599
v -0.00713730 -0.04307168 0.22795551
v -0.00681782 -0.04323047 0.22811720
v -0.00695848 -0.04307365 0.22800070
v -0.00676209 -0.04311645 0.22802261
v -0.00716400 -0.04309380 0.22794309
v -0.00714874 -0.04323559 0.22807780
v -0.00726891 -0.04318660 0.22795270
v -0.00716400 -0.04309380 0.22794309
v -0.00710869 -0.04319870 0.22802711
v -0.00714874 -0.04323559 0.22807780
v -0.00716400 -0.04309380 0.22794309
v -0.00695848 -0.04307365 0.22800070
v -0.00695848 -0.04307365 0.22800070
v -0.00716400 -0.04309380 0.22794309
v -0.00703919 -0.04306912 0.22798599
v -0.00714874 -0.04323559 0.22807780
v -0.00737286 -0.04321539 0.22775359
v -0.00726891 -0.04318660 0.22795270
v -0.00743777 -0.04507911 0.20704880
v 0.01224702 -0.04317009 0.22803950
v 0.01259511 -0.04316425 0.22800660
v -0.00695848 -0.04307365 0.22800070
v 0.01224702 -0.04317009 0.22803950
v -0.00695848 -0.04307365 0.22800070
v 0.01241970 -0.04307276 0.22799140
v -0.00681782 -0.04323047 0.22811720
v 0.01259511 -0.04316425 0.22800660
v 0.01220315 -0.04323661 0.22814010
v 0.00414467 -0.04324293 0.22821450
v 0.01220315 -0.04323661 0.22814010
v 0.00414467 -0.04324293 0.22821450
v 0.01221579 -0.04324293 0.22821450
v -0.00070256 -0.04324275 0.22821620
v -0.00070256 -0.04324275 0.22821620
v 0.01259511 -0.04316425 0.22800660
v -0.00554979 -0.04324209 0.22822300
v -0.00731313 -0.04513490 0.20625091
v -0.00665426 -0.04491925 0.20545641
v -0.00601578 -0.04518228 0.20511030
v -0.00594711 -0.04514873 0.20510070
v -0.00629145 -0.04515862 0.20521590
v -0.00643343 -0.04515045 0.20528100
v -0.00529969 -0.04526537 0.20486391
v -0.00601578 -0.04518228 0.20511030
v -0.00629145 -0.04515862 0.20521590
v -0.00665426 -0.04491925 0.20545641
v -0.00594711 -0.04514873 0.20510070
v -0.00633276 -0.04505753 0.20525840
v -0.00678486 -0.04521203 0.20539470
v -0.00529969 -0.04526537 0.20486391
v -0.00643343 -0.04515045 0.20528100
v -0.00643343 -0.04515045 0.20528100
v -0.00666279 -0.04509085 0.20545560
v -0.00665426 -0.04491925 0.20545641
v -0.00701779 -0.04489195 0.20582120
v -0.00691462 -0.04502022 0.20570250
v -0.00665426 -0.04491925 0.20545641
v -0.00666279 -0.04509085 0.20545560
v -0.00687879 -0.04512703 0.20562910
v -0.00643343 -0.04515045 0.20528100
v -0.00665426 -0.04491925 0.20545641
v -0.00691462 -0.04502022 0.20570250
v -0.00683975 -0.04517138 0.20552990
v -0.00678486 -0.04521203 0.20539470
v -0.00643343 -0.04515045 0.20528100
v -0.00687879 -0.04512703 0.20562910
v -0.00731313 -0.04513490 0.20625091
v -0.00683975 -0.04517138 0.20552990
v -0.00687879 -0.04512703 0.20562910
v -0.00731313 -0.04513490 0.20625091
v -0.00718558 -0.04485493 0.20611230
v -0.00678486 -0.04521203 0.20539470
v -0.00718558 -0.04485493 0.20611230
v 0.01453381 -0.04336464 0.22658440
v 0.01356530 -0.04327064 0.22785871
v 0.01436150 -0.04322469 0.22673960
v 0.01259511 -0.04316425 0.22800660
v 0.01261049 -0.04307091 0.22796591
v 0.01284790 -0.04307633 0.22792020
v 0.01241970 -0.04307276 0.22799140
v 0.01325696 -0.04309391 0.22777770
v 0.01261049 -0.04307091 0.22796591
v 0.01284790 -0.04307633 0.22792020
v 0.01262849 -0.04322546 0.22806850
v 0.01436150 -0.04322469 0.22673960
v 0.01417201 -0.04314434 0.22700609
v 0.01456123 -0.04326575 0.22588859
v 0.01280975 -0.04322677 0.22802711
v 0.01263499 -0.04324388 0.22812890
v 0.01220315 -0.04323661 0.22814010
v 0.01262849 -0.04322546 0.22806850
v 0.01356530 -0.04327064 0.22785871
v 0.01220315 -0.04323661 0.22814010
v 0.01263499 -0.04324388 0.22812890
v 0.01271414 -0.04323029 0.22806470
v 0.01262849 -0.04322546 0.22806850
v 0.01280975 -0.04322677 0.22802711
v 0.01356530 -0.04327064 0.22785871
v 0.01453381 -0.04336464 0.22658440
v 0.01325696 -0.04309391 0.22777770
v 0.01259511 -0.04316425 0.22800660
v 0.01284790 -0.04307633 0.22792020
v 0.01317209 -0.04316842 0.22784109
v 0.01259511 -0.04316425 0.22800660
v 0.01325696 -0.04309391 0.22777770
v 0.01302719 -0.04322665 0.22794890
v 0.01317209 -0.04316842 0.22784109
v 0.01271414 -0.04323029 0.22806470
v 0.01302719 -0.04322665 0.22794890
v 0.01262849 -0.04322546 0.22806850
v 0.01271414 -0.04323029 0.22806470
v 0.01302719 -0.04322665 0.22794890
v 0.01347821 -0.04322314 0.22772090
v 0.01302719 -0.04322665 0.22794890
v 0.01317209 -0.04316842 0.22784109
v 0.01347821 -0.04322314 0.22772090
v 0.01340144 -0.04282319 0.22763629
v 0.01325696 -0.04309391 0.22777770
v 0.01326179 -0.04308599 0.22776289
v 0.01466476 -0.04344534 0.22569220
v 0.01453381 -0.04336464 0.22658440
v 0.01358032 -0.04320293 0.22761130
v 0.01317209 -0.04316842 0.22784109
v 0.01325696 -0.04309391 0.22777770
v 0.01358032 -0.04320293 0.22761130
v 0.01317209 -0.04316842 0.22784109
v 0.01391595 -0.04322701 0.22734420
v 0.01358032 -0.04320293 0.22761130
v 0.01325696 -0.04309391 0.22777770
v 0.01391595 -0.04322701 0.22734420
v 0.01325696 -0.04309391 0.22777770
v 0.01340144 -0.04282319 0.22763629
v 0.01391595 -0.04322701 0.22734420
v 0.01391595 -0.04322701 0.22734420
v 0.01340144 -0.04282319 0.22763629
v -0.00529969 -0.04526537 0.20486391
v -0.00388145 -0.04526585 0.20488690
v -0.00430524 -0.04523432 0.20489910
v -0.00388145 -0.04526585 0.20488690
v -0.00318527 -0.04525929 0.20507310
v -0.00291252 -0.04516351 0.20529149
v -0.00318527 -0.04525929 0.20507310
v -0.00264072 -0.04523831 0.20535770
v -0.00282317 -0.04524689 0.20523299
v -0.00388145 -0.04526585 0.20488690
v -0.00291252 -0.04516351 0.20529149
v -0.00326532 -0.04517036 0.20514271
v -0.00430524 -0.04523432 0.20489910
v -0.00388145 -0.04526585 0.20488690
v -0.00326532 -0.04517036 0.20514271
v -0.00430524 -0.04523432 0.20489910
v -0.00303841 -0.04511046 0.20525090
v -0.00321198 -0.04506283 0.20519979
v -0.00303841 -0.04511046 0.20525090
v -0.00372696 -0.04527360 0.20492239
v -0.00318527 -0.04525929 0.20507310
v -0.00388145 -0.04526585 0.20488690
v -0.00203604 -0.04514902 0.20634571
v -0.00216156 -0.04502207 0.20635390
v -0.00247288 -0.04502856 0.20571490
v -0.00236893 -0.04519832 0.20569959
v -0.00259203 -0.04519617 0.20555089
v -0.00236893 -0.04519832 0.20569959
v -0.00247288 -0.04502856 0.20571490
v -0.00259203 -0.04519617 0.20555089
v -0.00273889 -0.04520350 0.20535821
v -0.00303841 -0.04511046 0.20525090
v -0.00291252 -0.04516351 0.20529149
v -0.00303841 -0.04511046 0.20525090
v -0.00285339 -0.04518616 0.20532200
v -0.00285339 -0.04518616 0.20532200
v -0.00291252 -0.04516351 0.20529149
v -0.00273889 -0.04520350 0.20535821
v -0.00285339 -0.04518616 0.20532200
v -0.00318527 -0.04525929 0.20507310
v -0.00273889 -0.04520350 0.20535821
v -0.00291252 -0.04516351 0.20529149
v -0.00282317 -0.04524689 0.20523299
v -0.00318527 -0.04525929 0.20507310
v -0.00321198 -0.04506283 0.20519979
v -0.00283807 -0.04497784 0.20537201
v -0.00430524 -0.04523432 0.20489910
v -0.00303841 -0.04511046 0.20525090
v -0.00283807 -0.04497784 0.20537201
v -0.00321198 -0.04506283 0.20519979
v -0.00303841 -0.04511046 0.20525090
v 0.01456642 -0.04530680 0.20430350
v 0.01446896 -0.04487317 0.20434460
v 0.01456642 -0.04530680 0.20430350
v 0.01461273 -0.04530060 0.20441930
v 0.01379388 -0.04526382 0.20413551
v 0.01374047 -0.04520612 0.20416610
v 0.01367950 -0.04534059 0.20411840
v 0.01382446 -0.04532819 0.20403640
v 0.01367950 -0.04534059 0.20411840
v 0.01383584 -0.04535794 0.20398299
v 0.01389694 -0.04529672 0.20406410
v 0.01379388 -0.04526382 0.20413551
v 0.01367950 -0.04534059 0.20411840
v 0.01389694 -0.04529672 0.20406410
v 0.01380580 -0.04514580 0.20413470
v 0.01374047 -0.04520612 0.20416610
v 0.01379388 -0.04526382 0.20413551
v 0.01389694 -0.04529672 0.20406410
v 0.01418495 -0.04535263 0.20396800
v 0.01398640 -0.04524481 0.20406650
v 0.01389694 -0.04529672 0.20406410
v 0.01407456 -0.04528820 0.20404071
v 0.01407456 -0.04528820 0.20404071
v 0.01396942 -0.04520380 0.20408510
v 0.01415818 -0.04530036 0.20404980
v 0.01407456 -0.04528820 0.20404071
v 0.01418495 -0.04535263 0.20396800
v 0.01415818 -0.04530036 0.20404980
v 0.01421731 -0.04518461 0.20410490
v 0.01398640 -0.04524481 0.20406650
v 0.01441615 -0.04525154 0.20419320
v 0.01441615 -0.04525154 0.20419320
v 0.01421731 -0.04518461 0.20410490
v 0.01415818 -0.04530036 0.20404980
v 0.01443094 -0.04534137 0.20408601
v 0.01426750 -0.04516816 0.20412230
v 0.01433831 -0.04516428 0.20416179
v 0.01421731 -0.04518461 0.20410490
v 0.01456642 -0.04530680 0.20430350
v 0.01443094 -0.04534137 0.20408601
v 0.01461273 -0.04530060 0.20441930
v 0.01433831 -0.04516428 0.20416179
v 0.01426750 -0.04516816 0.20412230
v 0.01421731 -0.04518461 0.20410490
v 0.01433831 -0.04516428 0.20416179
v 0.01426750 -0.04516816 0.20412230
v 0.01433831 -0.04516428 0.20416179
v 0.01434981 -0.04516357 0.20416971
v 0.01441419 -0.04515784 0.20422390
v 0.01433831 -0.04516428 0.20416179
v 0.01434981 -0.04516357 0.20416971
v 0.01434981 -0.04516357 0.20416971
v 0.01456642 -0.04530680 0.20430350
v 0.01441615 -0.04525154 0.20419320
v 0.01443094 -0.04534137 0.20408601
v 0.01441419 -0.04515784 0.20422390
v 0.01434981 -0.04516357 0.20416971
v 0.01441419 -0.04515784 0.20422390
v 0.01442193 -0.04515701 0.20423190
v 0.01441615 -0.04525154 0.20419320
v 0.01441419 -0.04515784 0.20422390
v 0.01442193 -0.04515701 0.20423190
v 0.01442193 -0.04515701 0.20423190
v -0.00221932 -0.04469233 0.20626020
v -0.00193459 -0.04391634 0.21993570
v -0.00200677 -0.04356163 0.21992050
v -0.00216156 -0.04502207 0.20635390
v -0.00193459 -0.04391634 0.21993570
v -0.00193459 -0.04391634 0.21993570
v 0.01367950 -0.04534059 0.20411840
v 0.01374047 -0.04520612 0.20416610
v 0.00815392 -0.04482942 0.20976131
v 0.01367950 -0.04534059 0.20411840
v 0.00853157 -0.04480654 0.20935790
v 0.00155926 -0.04362511 0.22379610
v 0.00192070 -0.04347062 0.22395870
v 0.00380516 -0.04335904 0.22435480
v -0.00042963 -0.04368108 0.22275560
v -0.00083399 -0.04357779 0.22231840
v -0.00151497 -0.04368728 0.22120149
v -0.00193459 -0.04391634 0.21993570
v -0.00042963 -0.04368108 0.22275560
v -0.00151497 -0.04368728 0.22120149
v -0.00151497 -0.04368728 0.22120149
v 0.00836468 -0.04436123 0.21172880
v 0.00802517 -0.04456162 0.21025100
v 0.00809312 -0.04448634 0.21130911
v 0.00811744 -0.04467737 0.21170969
v 0.00784355 -0.04475903 0.21078180
v 0.00802517 -0.04456162 0.21025100
v 0.00836468 -0.04436123 0.21172880
v 0.00802517 -0.04456162 0.21025100
v 0.00815392 -0.04482942 0.20976131
v 0.00853157 -0.04480654 0.20935790
v 0.00784355 -0.04475903 0.21078180
v 0.00815392 -0.04482942 0.20976131
v 0.00802517 -0.04456162 0.21025100
v 0.00591844 -0.04357731 0.22428641
v 0.00696868 -0.04345130 0.22419509
v 0.00696987 -0.04340040 0.22419889
v 0.00380516 -0.04335904 0.22435480
v 0.00376767 -0.04353237 0.22426210
v 0.00380516 -0.04335904 0.22435480
v 0.00192070 -0.04347062 0.22395870
v 0.00155926 -0.04362511 0.22379610
v 0.00591844 -0.04357731 0.22428641
v 0.00376767 -0.04353237 0.22426210
v 0.00811744 -0.04467737 0.21170969
v 0.00929242 -0.04364627 0.22330900
v 0.00993156 -0.04364860 0.22293440
v 0.00835228 -0.04355221 0.22382520
v 0.00929242 -0.04364627 0.22330900
v 0.00929534 -0.04364651 0.22330710
v 0.00993156 -0.04364860 0.22293440
v 0.00929642 -0.04364812 0.22330830
v 0.00929534 -0.04364651 0.22330710
v 0.00929242 -0.04364627 0.22330900
v 0.00993156 -0.04364860 0.22293440
v 0.00929642 -0.04364812 0.22330830
v 0.00951624 -0.04347151 0.22334979
v 0.00835228 -0.04355221 0.22382520
v 0.00951624 -0.04347151 0.22334979
v 0.00696868 -0.04345130 0.22419509
v 0.00835228 -0.04355221 0.22382520
v 0.00696868 -0.04345130 0.22419509
v 0.00591844 -0.04357731 0.22428641
v 0.00835228 -0.04355221 0.22382520
v 0.00934219 -0.04351145 0.22338270
v 0.00951624 -0.04347151 0.22334979
v 0.00835228 -0.04355221 0.22382520
v 0.00933075 -0.04356437 0.22336170
v 0.00934219 -0.04351145 0.22338270
v 0.00835228 -0.04355221 0.22382520
v 0.00591844 -0.04357731 0.22428641
v 0.00806832 -0.04361701 0.22390319
v 0.00835228 -0.04355221 0.22382520
v 0.00993156 -0.04364860 0.22293440
v 0.00933075 -0.04356437 0.22336170
v 0.00806832 -0.04361701 0.22390319
v 0.00929242 -0.04364627 0.22330900
v 0.00835228 -0.04355221 0.22382520
v 0.00806832 -0.04361701 0.22390319
v 0.00929642 -0.04364812 0.22330830
v 0.00814748 -0.04362589 0.22378001
v 0.00951624 -0.04347151 0.22334979
v 0.00951624 -0.04347151 0.22334979
v 0.00993156 -0.04364860 0.22293440
v 0.01070261 -0.04375737 0.22216390
v 0.01163280 -0.04385799 0.22062270
v 0.01096916 -0.04374313 0.22183581
v 0.01096916 -0.04374313 0.22183581
v 0.01061528 -0.04355221 0.22241850
v 0.00951624 -0.04347151 0.22334979
v 0.01096916 -0.04374313 0.22183581
v 0.00951624 -0.04347151 0.22334979
v 0.00993156 -0.04364860 0.22293440
v 0.01096916 -0.04374313 0.22183581
v 0.01163280 -0.04385799 0.22062270
v 0.01061528 -0.04355221 0.22241850
v 0.01183795 -0.04406124 0.21879940
v 0.01096916 -0.04374313 0.22183581
v 0.00993156 -0.04364860 0.22293440
v 0.01070261 -0.04375737 0.22216390
v 0.01163280 -0.04385799 0.22062270
v 0.01183795 -0.04406124 0.21879940
v 0.01106804 -0.04430419 0.21577230
v 0.01166105 -0.04397976 0.21712010
v 0.01163280 -0.04385799 0.22062270
f 1 2 3
f 1 4 2
f 5 6 7
f 8 9 10
f 11 12 13
f 14 15 16
f 17 1 3
f 18 19 20
f 18 20 21
f 11 13 22
f 23 24 25
f 26 11 22
f 14 16 27
f 28 29 30
f 31 32 33
f 34 18 21
f 35 28 36
f 37 38 39
f 37 39 40
f 23 41 42
f 43 27 44
f 45 42 20
f 46 28 35
f 47 35 36
f 47 36 48
f 46 35 47
f 47 48 49
f 50 51 52
f 50 52 53
f 54 11 26
f 55 56 57
f 58 59 60
f 61 50 53
f 62 63 64
f 65 5 66
f 65 66 67
f 68 69 70
f 71 72 73
f 74 31 75
f 26 22 76
f 77 78 5
f 79 80 2
f 81 82 83
f 84 85 52
f 86 87 88
f 89 26 76
f 86 88 90
f 51 50 61
f 91 24 23
f 92 93 94
f 95 79 4
f 96 92 94
f 97 98 52
f 53 51 61
f 91 99 24
f 100 37 40
f 101 2 80
f 86 90 102
f 95 4 1
f 103 86 102
f 104 54 26
f 104 26 89
f 105 52 51
f 85 97 52
f 45 23 42
f 38 67 66
f 29 89 76
f 106 45 20
f 107 108 109
f 84 52 105
f 55 57 110
f 111 19 18
f 100 40 112
f 113 51 53
f 29 104 89
f 114 115 116
f 117 51 113
f 118 29 28
f 119 18 34
f 119 34 120
f 119 111 18
f 121 122 123
f 103 124 86
f 125 126 11
f 79 101 80
f 43 2 101
f 51 84 105
f 127 117 113
f 128 29 118
f 128 129 29
f 130 102 131
f 56 123 122
f 132 67 38
f 118 28 46
f 133 38 134
f 117 135 51
f 37 136 38
f 43 14 27
f 55 110 137
f 138 139 62
f 140 102 130
f 141 32 31
f 124 142 86
f 143 144 145
f 146 118 46
f 74 141 31
f 147 11 54
f 147 125 11
f 103 102 148
f 84 51 135
f 149 150 77
f 149 151 150
f 152 146 46
f 153 143 154
f 155 126 125
f 152 46 47
f 156 95 1
f 157 152 47
f 158 159 160
f 161 128 118
f 162 163 164
f 161 118 146
f 120 19 111
f 120 111 119
f 165 158 160
f 136 134 38
f 106 20 19
f 157 47 49
f 166 167 168
f 169 19 120
f 169 106 19
f 135 85 84
f 170 171 172
f 173 174 98
f 55 123 56
f 97 173 98
f 148 102 140
f 175 176 177
f 178 175 177
f 158 171 170
f 179 125 147
f 156 1 17
f 180 181 182
f 183 184 97
f 183 97 85
f 185 101 79
f 186 139 138
f 187 156 17
f 188 189 190
f 77 5 191
f 192 65 67
f 193 194 195
f 196 197 198
f 192 67 199
f 200 71 73
f 201 202 203
f 204 135 117
f 104 147 54
f 205 206 207
f 185 79 95
f 208 209 210
f 211 212 213
f 214 157 49
f 215 95 156
f 215 185 95
f 216 82 81
f 14 217 15
f 129 104 29
f 218 219 220
f 221 71 200
f 222 140 130
f 223 204 117
f 224 225 226
f 224 227 225
f 228 229 230
f 231 37 100
f 232 186 138
f 233 234 235
f 236 151 149
f 237 238 239
f 240 241 242
f 243 244 245
f 135 183 85
f 246 247 212
f 246 212 211
f 248 127 113
f 249 37 231
f 250 211 213
f 142 87 86
f 251 252 253
f 140 103 148
f 254 134 255
f 256 107 109
f 256 257 107
f 258 43 101
f 191 5 65
f 259 256 109
f 260 261 262
f 263 264 265
f 266 267 268
f 153 144 143
f 269 104 129
f 270 271 272
f 273 274 275
f 276 183 135
f 276 135 204
f 277 144 153
f 278 255 134
f 279 269 129
f 280 192 199
f 281 161 146
f 278 134 136
f 279 129 128
f 279 128 161
f 281 146 152
f 280 199 67
f 173 260 174
f 179 282 125
f 283 179 147
f 284 171 158
f 285 152 157
f 184 173 97
f 285 281 152
f 284 158 165
f 286 136 37
f 179 287 282
f 288 289 290
f 291 292 293
f 294 285 157
f 192 295 65
f 132 280 67
f 258 101 185
f 279 161 281
f 296 186 232
f 296 297 186
f 298 176 175
f 299 300 301
f 9 8 151
f 302 175 178
f 303 298 175
f 304 254 255
f 215 258 185
f 296 305 297
f 306 302 178
f 307 308 309
f 283 147 104
f 310 311 312
f 313 307 309
f 187 215 156
f 314 315 316
f 317 14 43
f 318 319 320
f 321 247 246
f 322 255 278
f 323 172 171
f 324 322 278
f 325 326 327
f 328 171 284
f 329 330 227
f 329 227 224
f 331 332 333
f 103 140 222
f 334 335 336
f 273 337 274
f 338 328 284
f 307 339 308
f 340 341 342
f 343 124 103
f 191 65 295
f 344 345 346
f 242 347 240
f 348 261 260
f 349 350 351
f 352 353 354
f 355 356 357
f 358 359 360
f 361 269 279
f 362 361 279
f 363 284 165
f 364 365 366
f 179 367 287
f 179 283 367
f 368 369 370
f 371 372 373
f 374 375 376
f 377 192 280
f 192 191 295
f 378 379 380
f 381 217 14
f 382 383 384
f 385 386 387
f 388 280 132
f 389 390 391
f 260 173 184
f 392 279 281
f 393 394 395
f 183 260 184
f 396 397 103
f 398 392 281
f 399 362 279
f 400 401 402
f 403 398 281
f 403 281 285
f 246 211 404
f 405 406 407
f 408 106 169
f 399 392 398
f 409 410 304
f 411 412 413
f 409 304 255
f 331 414 332
f 415 416 417
f 418 347 242
f 322 409 255
f 419 420 421
f 317 43 258
f 422 423 424
f 425 426 427
f 428 429 430
f 431 328 338
f 432 433 434
f 435 436 437
f 438 439 284
f 440 412 411
f 404 321 246
f 441 442 443
f 444 440 411
f 445 446 142
f 447 365 364
f 448 381 14
f 449 249 231
f 438 284 363
f 450 451 452
f 453 454 455
f 445 142 124
f 456 361 362
f 438 363 457
f 458 337 273
f 459 359 358
f 460 461 103
f 462 459 358
f 342 341 463
f 236 464 151
f 465 466 467
f 468 469 347
f 470 471 472
f 473 474 475
f 476 477 478
f 479 480 481
f 482 247 321
f 483 484 485
f 456 362 399
f 456 486 361
f 487 347 418
f 487 468 347
f 343 445 124
f 456 399 398
f 488 486 456
f 488 456 398
f 489 183 276
f 448 14 317
f 490 378 380
f 491 488 398
f 491 398 403
f 464 9 151
f 460 103 222
f 492 493 494
f 491 403 495
f 496 491 497
f 498 410 409
f 499 500 487
f 499 487 418
f 491 486 488
f 501 258 215
f 502 503 504
f 505 440 444
f 499 418 506
f 507 486 491
f 507 491 496
f 508 507 496
f 509 498 409
f 501 215 187
f 508 496 510
f 509 409 322
f 508 486 507
f 511 493 492
f 508 359 459
f 512 508 459
f 513 505 444
f 513 514 505
f 461 397 396
f 515 444 411
f 512 459 462
f 446 87 142
f 516 508 512
f 516 486 508
f 431 517 328
f 461 396 103
f 518 509 322
f 519 197 196
f 520 521 522
f 515 513 444
f 523 524 525
f 526 527 528
f 529 397 461
f 530 531 532
f 533 534 535
f 536 512 462
f 536 516 512
f 536 486 516
f 377 537 192
f 538 530 469
f 538 469 468
f 536 462 531
f 539 321 404
f 540 541 542
f 543 486 536
f 543 536 531
f 543 538 486
f 540 544 541
f 545 543 531
f 545 538 543
f 545 531 530
f 546 545 530
f 546 538 545
f 546 530 538
f 547 548 549
f 550 222 130
f 540 542 551
f 552 540 551
f 538 468 553
f 554 555 556
f 557 249 449
f 558 559 560
f 561 538 553
f 562 563 564
f 501 565 348
f 566 493 511
f 567 514 513
f 567 538 561
f 567 561 568
f 569 570 538
f 569 538 567
f 567 513 515
f 569 571 570
f 572 547 549
f 569 567 515
f 573 574 575
f 489 501 348
f 576 577 578
f 579 438 457
f 498 580 410
f 537 191 192
f 581 582 583
f 584 448 317
f 584 317 258
f 489 348 260
f 585 586 587
f 588 589 590
f 591 587 592
f 591 585 587
f 593 591 592
f 594 248 595
f 446 596 87
f 489 260 183
f 464 236 149
f 509 597 498
f 598 509 518
f 599 555 554
f 600 601 602
f 446 603 596
f 604 461 460
f 605 540 552
f 605 606 540
f 343 607 445
f 607 446 445
f 608 609 610
f 584 258 501
f 611 607 343
f 612 613 614
f 615 604 460
f 616 617 618
f 619 537 377
f 620 464 149
f 615 461 604
f 621 622 580
f 623 619 377
f 624 620 149
f 625 621 580
f 626 605 552
f 626 552 551
f 594 489 276
f 464 122 9
f 627 482 321
f 628 460 222
f 529 611 397
f 629 625 580
f 629 580 498
f 630 584 501
f 631 537 632
f 633 222 634
f 633 628 222
f 635 636 637
f 638 626 551
f 639 638 551
f 640 641 642
f 643 644 645
f 646 647 648
f 649 537 619
f 649 632 537
f 650 633 634
f 651 550 130
f 529 461 652
f 653 650 654
f 655 529 652
f 656 657 191
f 658 524 523
f 659 650 653
f 660 661 662
f 663 653 555
f 663 555 599
f 663 659 653
f 664 665 666
f 667 668 669
f 599 554 670
f 671 672 673
f 674 599 670
f 675 676 677
f 678 679 680
f 681 585 591
f 681 591 593
f 681 593 682
f 683 557 449
f 684 685 686
f 687 625 629
f 688 689 690
f 655 611 529
f 691 482 627
f 692 681 682
f 692 682 691
f 655 652 461
f 537 656 191
f 630 501 489
f 693 687 629
f 694 448 584
f 695 615 460
f 695 461 615
f 696 697 698
f 628 695 460
f 699 691 627
f 461 700 655
f 701 702 703
f 704 630 489
f 78 217 381
f 705 509 598
f 706 707 708
f 709 699 627
f 539 627 321
f 710 705 598
f 709 627 539
f 694 584 630
f 695 700 461
f 711 628 633
f 701 712 702
f 7 448 694
f 713 714 715
f 716 711 633
f 717 650 659
f 717 633 650
f 718 719 720
f 718 721 719
f 717 722 633
f 723 694 630
f 724 659 663
f 632 725 631
f 724 726 659
f 727 464 620
f 728 724 663
f 725 632 649
f 729 730 731
f 8 10 217
f 732 728 733
f 734 599 674
f 56 122 464
f 735 736 737
f 738 684 681
f 6 78 381
f 695 628 711
f 739 704 489
f 738 681 692
f 13 727 740
f 741 742 743
f 639 744 626
f 745 722 717
f 746 747 748
f 738 692 691
f 738 691 699
f 749 750 751
f 752 684 738
f 704 723 630
f 448 6 381
f 753 738 699
f 639 626 638
f 754 755 756
f 683 449 757
f 739 489 594
f 758 464 727
f 724 728 732
f 759 758 727
f 760 761 621
f 762 763 764
f 687 621 625
f 687 760 621
f 765 766 767
f 732 768 724
f 12 759 727
f 685 684 752
f 769 656 770
f 769 657 656
f 771 685 752
f 771 752 738
f 772 773 774
f 775 738 753
f 776 777 778
f 779 780 781
f 782 783 784
f 785 786 787
f 788 789 687
f 788 687 693
f 790 791 792
f 793 794 795
f 796 769 712
f 769 13 657
f 758 56 464
f 797 798 799
f 771 738 775
f 800 606 605
f 801 802 803
f 804 805 806
f 807 771 775
f 7 6 448
f 78 8 217
f 808 788 693
f 809 699 709
f 39 694 723
f 810 685 771
f 810 811 685
f 812 796 712
f 812 712 701
f 813 809 709
f 814 815 771
f 807 814 771
f 811 810 816
f 812 701 817
f 818 819 820
f 821 753 699
f 20 822 823
f 824 825 826
f 827 828 829
f 830 831 832
f 833 813 709
f 834 753 835
f 834 814 753
f 821 835 753
f 824 836 825
f 837 838 839
f 814 840 815
f 841 814 834
f 841 840 814
f 842 809 813
f 30 843 844
f 845 846 840
f 847 848 849
f 845 840 841
f 850 13 769
f 851 834 835
f 850 769 796
f 842 813 833
f 112 704 739
f 852 699 809
f 852 821 699
f 853 837 839
f 851 835 821
f 852 851 821
f 841 846 845
f 854 725 649
f 841 851 852
f 13 12 727
f 841 834 851
f 855 850 796
f 856 841 852
f 857 30 844
f 39 723 704
f 857 755 754
f 858 852 809
f 858 809 842
f 859 21 683
f 860 841 856
f 861 862 863
f 860 846 841
f 860 864 846
f 865 866 867
f 868 852 858
f 868 856 852
f 5 7 694
f 40 39 704
f 36 857 754
f 859 683 757
f 869 860 856
f 869 856 868
f 870 864 860
f 66 5 694
f 837 855 796
f 837 796 812
f 34 21 859
f 22 13 850
f 869 870 860
f 16 15 871
f 872 760 687
f 789 872 687
f 833 858 842
f 36 754 48
f 864 870 869
f 873 864 869
f 858 869 868
f 874 869 858
f 40 704 112
f 873 52 864
f 73 72 875
f 73 875 876
f 53 833 877
f 53 858 833
f 53 874 858
f 878 773 772
f 879 880 881
f 882 883 884
f 41 818 820
f 57 56 758
f 53 869 874
f 53 873 869
f 885 773 878
f 24 99 886
f 887 888 889
f 890 891 892
f 22 850 855
f 28 30 857
f 42 822 20
f 77 150 78
f 15 217 871
f 151 8 78
f 25 818 41
f 23 25 41
f 110 57 758
f 36 28 857
f 110 758 759
f 76 22 855
f 53 52 873
f 853 76 855
f 853 855 837
f 27 16 44
f 12 110 759
f 66 694 39
f 5 78 6
f 893 894 864
f 895 760 872
f 896 897 898
f 899 900 901
f 29 76 853
f 43 44 2
f 38 66 39
f 150 151 78
f 902 903 904
f 4 79 2
f 905 906 907
f 908 909 910
f 911 912 913
f 911 913 906
f 914 915 916
f 917 918 919
f 917 920 918
f 921 908 910
f 921 910 922
f 923 924 925
f 926 912 911
f 922 927 921
f 923 928 924
f 929 927 922
f 930 926 911
f 931 930 911
f 931 911 932
f 933 934 935
f 936 937 938
f 939 940 941
f 941 926 930
f 931 941 930
f 931 939 941
f 942 943 944
f 945 946 947
f 948 946 945
f 948 945 949
f 948 949 946
f 947 950 945
f 951 952 953
f 950 951 945
f 950 952 951
f 950 947 952
f 954 951 953
f 955 956 954
f 957 958 931
f 959 954 953
f 959 955 954
f 960 959 961
f 959 960 956
f 959 956 955
f 962 960 961
f 958 939 931
f 963 964 965
f 961 966 962
f 967 958 957
f 968 966 961
f 969 968 961
f 970 971 972
f 973 939 958
f 974 975 976
f 977 968 969
f 978 974 976
f 979 980 957
f 981 982 983
f 979 984 980
f 979 957 985
f 986 987 988
f 989 990 968
f 989 968 977
f 973 991 939
f 989 992 990
f 993 994 995
f 993 995 996
f 997 979 985
f 998 991 973
f 992 989 999
f 1000 993 996
f 1001 997 985
f 1001 1002 997
f 1003 1004 1005
f 1006 1007 1008
f 1009 1010 992
f 1009 992 999
f 1011 1012 1013
f 1014 1013 998
f 973 1014 998
f 1015 1016 1010
f 1017 994 993
f 1017 993 1001
f 1015 1010 1009
f 1018 1017 1001
f 1018 985 1019
f 1018 1001 985
f 1020 1016 1015
f 1021 1020 1015
f 1022 1023 1024
f 1017 1018 1019
f 1017 1019 1025
f 1026 1012 1011
f 1026 1011 1013
f 1014 1026 1013
f 1025 1027 1017
f 1028 1012 1026
f 1028 1025 1029
f 1028 1029 1012
f 1030 1026 1014
f 1030 1028 1026
f 1030 1025 1028
f 1031 1020 1021
f 1032 1023 1022
f 1033 1031 1021
f 1030 1017 1027
f 1027 1025 1030
f 1034 1031 1035
f 1031 1033 1036
f 1035 1031 1036
f 1037 913 1034
f 1037 1034 1035
f 1038 1039 1040
f 1041 1042 1043
f 907 913 1037
f 1044 1045 1046
f 915 1047 916
f 907 906 913
f 1048 1049 1050
f 1051 1052 1053
f 1054 1055 1056
f 1057 1055 1054
f 1058 1059 1060
f 1061 1062 1063
f 1064 1065 1066
f 1064 1067 1065
f 1068 1069 1070
f 1071 1072 1073
f 1067 1064 1066
f 1074 1075 1076
f 1077 1075 1074
f 1078 1079 1080
f 1081 1082 1083
f 1084 1085 1086
f 1087 1077 1074
f 1088 1089 1090
f 1091 1092 1093
f 1094 1074 1076
f 1095 1096 1097
f 1095 1097 1098
f 1099 1100 1101
f 1102 1103 1104
f 1105 1106 1107
f 1093 1029 1091
f 1093 1012 1029
f 1108 1109 1110
f 1111 1112 1113
f 1111 1114 1112
f 949 1115 1116
f 1117 1113 1118
f 1117 1111 1113
f 1119 949 1116
f 1119 1120 949
f 1121 1111 1117
f 1122 1123 1124
f 1125 1126 1127
f 1122 1124 1128
f 1129 1130 1131
f 1132 1133 1134
f 1135 1136 1137
f 1138 1139 1140
f 1141 1129 1142
f 1143 1144 1145
f 1146 1147 1148
f 1149 1150 1151
f 1152 1153 1154
f 1155 1156 1157
f 1158 1142 1159
f 1160 1161 1162
f 1163 1164 1165
f 1166 1167 1168
f 1169 1170 1171
f 1172 1173 1174
f 1175 1176 1177
f 1173 1172 1178
f 1179 1180 1181
f 1182 1183 1184
f 1185 1158 1159
f 1186 1187 1188
f 1189 1178 1172
f 1190 1191 1192
f 1193 1194 1195
f 1196 1197 1198
f 1186 1199 1187
f 1200 1201 1202
f 1203 1204 1205
f 1206 1207 1208
f 1209 1210 1211
f 1193 1212 1194
f 1200 1213 1201
f 1214 1215 1216
f 1217 1218 1219
f 1200 1202 1220
f 1221 1200 1222
f 1221 1213 1200
f 1223 1214 1216
f 1220 1224 1200
f 1225 1223 1216
f 1226 1227 1228
f 1229 1230 1231
f 1232 1233 1234
f 1235 1236 1237
f 1238 1239 1240
f 1241 1242 1243
f 1244 1242 1241
f 1245 1246 1247
f 1055 1248 1056
f 1055 1249 1248
f 1250 1251 1252
f 1253 1244 1241
f 1254 1255 1256
f 1059 1257 1060
f 1258 1259 1260
f 1261 1259 1258
f 1262 1232 1234
f 1263 1264 1265
f 1266 1267 1268
f 1269 1270 1271
f 1272 1273 1274
f 1275 1273 1272
f 1274 1275 1272
f 1276 1277 1278
f 1279 1280 1281
f 1282 1279 1283
f 1284 1285 1286
f 1284 1286 1287
f 1279 1281 1288
f 1288 1289 1279
f 1290 1283 1279
f 1290 1279 1289
f 1290 1282 1283
f 1291 1292 1293
f 1294 1290 1289
f 1295 1294 1289
f 1284 1296 1285
f 1297 1294 1295
f 1298 1299 1300
f 1301 1302 1303
f 1304 1305 1306
f 1307 1308 1309
f 1310 1311 1312
f 1313 1314 1315
f 1316 1317 1318
f 1319 1320 1321
f 1322 1323 1324
f 1319 1325 1320
f 1326 1327 1328
f 1329 1330 1331
f 1332 1326 1328
f 1332 1328 1333
f 1334 1329 1331
f 1332 1333 1335
f 1336 1331 1337
f 1336 1334 1331
f 1338 1332 1335
f 1339 1335 571
f 1339 1338 1335
f 1340 571 1341
f 1340 1339 571
f 1342 1337 1343
f 1342 1336 1337
f 1342 1343 1344
f 1345 1341 138
f 1345 1340 1341
f 1346 1342 1344
f 1347 138 62
f 1346 1344 1348
f 1347 1345 138
f 1347 62 64
f 1349 1347 64
f 1350 1346 1348
f 1350 1348 1351
f 1352 1349 64
f 1353 1350 1351
f 1353 1351 1354
f 1352 64 1355
f 1356 1352 1355
f 1327 1357 1358
f 1359 1355 231
f 1359 1356 1355
f 1353 1354 1360
f 1361 231 100
f 1361 1359 231
f 1362 1353 1360
f 1362 1360 1357
f 1361 100 112
f 1363 1361 112
f 1326 1362 1357
f 1326 1357 1327
f 571 1335 570
f 1364 1365 1366
f 1365 1364 1367
f 1368 1367 1369
f 1368 1365 1367
f 1329 1369 1370
f 1329 1368 1369
f 1329 1370 1330
f 1371 1372 1373
f 1374 1375 1376
f 1371 1373 1377
f 1374 1376 1378
f 1379 1371 1377
f 1380 1374 1378
f 1380 1378 1381
f 1382 1379 1383
f 1379 1377 1383
f 1384 1380 1381
f 1382 1383 1385
f 1386 1387 1131
f 1384 1381 1388
f 1389 1384 1388
f 1390 1382 1385
f 1131 1387 1129
f 1390 1385 1391
f 1387 1392 1142
f 1389 1388 1393
f 1129 1387 1142
f 1394 1390 1203
f 1390 1391 1203
f 1395 1389 1393
f 1396 1397 1398
f 1392 1394 1159
f 1142 1392 1159
f 1394 1203 1205
f 1399 1395 1400
f 1159 1394 1205
f 1395 1393 1400
f 1401 1396 1402
f 1396 1398 1402
f 1399 1400 1403
f 1371 1399 1372
f 1399 1403 1372
f 1375 1401 1376
f 1402 1404 1376
f 1401 1402 1376
f 1405 1406 1407
f 1408 1409 1410
f 1408 1411 1409
f 1412 1413 1414
f 1412 1414 1415
f 1416 1417 1418
f 9 1419 1420
f 9 1420 10
f 1421 1418 1417
f 1422 1417 1416
f 1423 1417 1422
f 1423 1424 1417
f 1425 1405 1426
f 1427 1428 1429
f 1427 1429 1430
f 1427 1430 1431
f 1432 1410 1433
f 1432 1408 1410
f 1427 1434 1428
f 1432 1433 1435
f 1436 1424 1423
f 1437 1436 1423
f 1427 1438 1439
f 1427 1439 1434
f 1440 1432 1435
f 1441 1424 1436
f 1442 1425 1426
f 1442 1426 1443
f 1444 1440 1435
f 1445 1446 1424
f 1427 1443 1438
f 1445 1424 1441
f 1442 1443 1427
f 1445 1447 1446
f 1448 1444 1435
f 1448 1435 1449
f 1448 1449 1450
f 122 121 1451
f 1452 1447 1445
f 1452 1453 1447
f 1454 1421 1417
f 1454 1455 1456
f 1457 1451 1453
f 1457 1453 1452
f 1457 122 1451
f 1448 1450 1458
f 1458 1459 1448
f 217 10 1460
f 1461 1462 1407
f 1406 1461 1407
f 1463 1464 1465
f 1466 1437 1423
f 1467 1468 1469
f 1467 1469 1470
f 1454 1456 1471
f 1454 1471 1415
f 1472 122 1457
f 1458 1473 1474
f 1458 1474 1459
f 1467 1475 1468
f 1419 9 122
f 1419 122 1472
f 1476 1454 1415
f 1477 1478 1479
f 1480 1423 1481
f 1482 1483 1475
f 1482 1475 1467
f 1480 1481 1484
f 1485 1476 1415
f 871 217 1460
f 1482 1486 1483
f 1487 1473 1458
f 1488 1480 1484
f 1487 1489 1473
f 871 1489 1487
f 871 1460 1489
f 603 1458 596
f 603 1487 1458
f 596 1413 1412
f 596 1412 88
f 596 88 87
f 1431 1430 1488
f 1431 1488 1484
f 1407 1426 1405
f 1411 1486 1482
f 1411 1482 1409
f 1135 1195 1490
f 1491 1135 1490
f 1492 1493 1494
f 1491 1490 1495
f 1491 1136 1135
f 1496 1136 1491
f 1497 1498 1136
f 1497 1136 1496
f 1498 1497 1496
f 1499 1498 1496
f 1500 1501 1498
f 1500 1498 1499
f 1502 1503 1501
f 1502 1501 1500
f 1504 1505 1503
f 1504 1503 1502
f 1506 1091 1029
f 1507 1505 1504
f 1507 1504 1508
f 1509 1510 1511
f 1512 1221 1513
f 1512 1513 1507
f 1512 1507 1508
f 1514 1029 1025
f 1514 1506 1029
f 1512 1508 1515
f 1516 1025 1517
f 1516 1514 1025
f 1518 1516 1517
f 1519 1221 1515
f 1520 1518 1514
f 1520 1514 1516
f 1520 1516 1518
f 1515 1221 1512
f 1521 1522 1523
f 1213 1221 1519
f 1521 1523 1524
f 1525 1526 1213
f 1527 1506 1514
f 1528 1529 1530
f 1525 1213 1519
f 1531 1532 1533
f 1522 1534 1521
f 1535 1527 1514
f 1535 1514 1518
f 1536 1526 1525
f 1536 1170 1537
f 1536 1537 1526
f 1538 1539 1171
f 1538 1171 1170
f 1538 1540 1539
f 1541 1540 1542
f 1540 1541 1539
f 1535 1518 1543
f 1544 1542 1545
f 1546 1547 1548
f 1549 1550 1551
f 1552 1553 1554
f 1535 1555 1527
f 1556 1550 1549
f 1535 1543 1557
f 1558 1527 1555
f 1558 1555 1535
f 1559 1558 1535
f 1560 1527 1558
f 1559 1557 1561
f 1559 1535 1557
f 1562 1563 1564
f 1562 1564 1565
f 1566 1563 1562
f 1567 1568 1569
f 1560 1558 1559
f 1566 1562 1570
f 1570 1571 1566
f 1571 1194 1566
f 1195 1194 1571
f 1572 1195 1571
f 1570 1572 1571
f 1573 1574 1575
f 1573 1576 1577
f 1573 1578 1576
f 1495 1195 1572
f 1495 1572 1570
f 1579 1580 1581
f 1582 1578 1573
f 1582 1573 1575
f 1583 1584 1585
f 1490 1195 1495
f 1586 1587 1588
f 1589 1588 1590
f 1586 1588 1589
f 1591 1592 1593
f 1594 1591 1593
f 1595 1596 1597
f 1595 1597 1598
f 1595 1598 1599
f 1600 1595 1599
f 1600 1599 1601
f 1602 1603 1604
f 1605 1606 1607
f 1608 1605 1607
f 1608 1607 1609
f 1610 1608 1609
f 1610 1609 1611
f 1612 1613 1614
f 1615 1616 1617
f 1616 1618 1617
f 1615 1617 1592
f 1619 1615 1592
f 1591 1619 1592
f 1620 1621 1622
f 1623 1624 1625
f 1623 1625 1621
f 1623 1621 1620
f 1626 1627 1628
f 1629 1630 1631
f 1632 1629 1631
f 1633 1632 1634
f 1632 1631 1634
f 1633 1634 1635
f 1636 1633 1635
f 1637 1638 1639
f 1640 1641 1642
f 1643 1640 1642
f 1644 1645 1269
f 1644 1269 1271
f 1646 1647 1286
f 1646 1286 1285
f 1646 1285 1296
f 1648 1649 1650
f 1649 1296 1650
f 1651 1652 1653
f 1651 1653 1654
f 1655 1656 1657
f 1658 1659 1660
f 1661 1662 1663
f 1661 1663 1664
f 1661 1664 1665
f 1666 1667 1668
f 1669 1670 1671
f 1672 1673 1674
f 1675 1666 1668
f 1676 1677 1678
f 1679 1680 1681
f 1682 1672 1674
f 1683 1684 1685
f 1686 1687 1688
f 1686 1688 1677
f 1689 1690 1691
f 1692 1693 1694
f 1682 1674 1695
f 1696 1682 1695
f 1697 1698 1676
f 1699 1700 1701
f 1697 1676 1702
f 1687 1703 1704
f 1705 1706 1707
f 1708 1685 1709
f 1710 1686 1677
f 1710 1677 1676
f 1711 1712 1713
f 1714 1682 1696
f 1344 1691 1715
f 1344 1715 1348
f 1710 1676 1698
f 1716 1717 1718
f 1719 1708 1720
f 1721 1670 1669
f 1722 1723 1724
f 1725 1726 1727
f 1728 1729 1666
f 1705 1707 1730
f 1669 1671 1370
f 1731 1723 1722
f 1732 1733 1734
f 1735 1666 1675
f 1736 1737 1738
f 1739 1694 1740
f 1741 1742 1743
f 1744 1735 1675
f 1745 1746 1729
f 1747 1748 1749
f 1750 1751 1732
f 1752 1753 1754
f 1755 1456 1684
f 1756 1757 1758
f 1759 1745 1729
f 1760 1761 1762
f 1760 1762 1763
f 1764 1765 1766
f 1728 1666 1735
f 1767 1424 1761
f 1728 1735 1768
f 88 1769 1770
f 1771 1772 1773
f 1774 1775 1776
f 1719 1720 1670
f 1777 1760 1763
f 1778 1779 1780
f 1781 1782 1783
f 1781 1783 1784
f 1369 1669 1370
f 1734 1785 1732
f 102 1786 1787
f 1788 1734 1789
f 1790 1771 1773
f 1791 1777 1763
f 1790 1773 1792
f 1793 102 1787
f 1794 1795 1686
f 1794 1686 1710
f 1796 1797 1789
f 1796 1789 1798
f 1799 1719 1670
f 1739 1692 1694
f 1800 1799 1670
f 1801 1761 1760
f 1802 1703 1687
f 1785 1734 1788
f 1770 90 88
f 1471 1456 1755
f 1767 1761 1801
f 1803 1730 1772
f 1804 1805 1806
f 1795 1802 1687
f 1807 1739 1808
f 1809 1810 1811
f 1812 1810 1809
f 1813 1814 1682
f 1815 1816 1817
f 1770 1769 1786
f 1739 1818 1692
f 1784 1819 1781
f 1811 1812 1809
f 1820 1697 1821
f 1822 1746 1745
f 1823 1824 1825
f 1826 1814 1813
f 1795 1687 1686
f 1827 1826 1813
f 1828 1760 1777
f 1829 1689 1691
f 1829 1830 1689
f 1344 1829 1691
f 1831 1739 1807
f 1832 1833 1834
f 1759 1729 1728
f 1813 1682 1714
f 1835 1828 1777
f 1683 1755 1684
f 1836 1837 1838
f 1812 1811 1839
f 1840 1841 1842
f 1840 1842 1843
f 1844 1728 1768
f 1844 1768 1818
f 1845 1846 1847
f 1848 1839 1811
f 1848 1811 1849
f 1850 1851 1852
f 1853 1794 1710
f 1848 1812 1839
f 1854 1849 1811
f 1855 1856 1828
f 102 90 1786
f 1857 1835 1777
f 1858 1859 1860
f 90 1770 1786
f 1861 1862 1863
f 1864 1854 1811
f 1706 1454 1417
f 1865 1853 1710
f 1865 1710 1698
f 1861 1863 1866
f 1777 1810 1812
f 1861 1866 1867
f 102 1793 1703
f 1820 1698 1697
f 1868 1869 1731
f 1870 1871 1872
f 1868 1731 1722
f 1873 1849 1854
f 1844 1818 1739
f 1874 1822 1745
f 1767 1875 1424
f 1876 1864 1811
f 1877 1878 1879
f 1880 1881 1882
f 1831 1844 1739
f 1855 1828 1835
f 1876 1811 1883
f 1884 1854 1864
f 1885 1683 1685
f 1886 1873 1854
f 1886 1849 1873
f 1887 1819 1784
f 1888 1876 1883
f 1889 1890 1891
f 1892 1893 1894
f 1895 1888 1883
f 1896 1884 1864
f 1897 1708 1719
f 1897 1685 1708
f 1853 1889 1794
f 1896 1898 1884
f 1899 1900 1901
f 1902 1759 1728
f 1896 1864 1876
f 1903 1904 1905
f 1906 1896 1876
f 1907 1728 1844
f 1908 1898 1896
f 1909 1907 1844
f 1910 1896 1906
f 1911 1912 1913
f 1906 1876 1888
f 1803 1772 1771
f 1914 1670 1721
f 1914 1915 1670
f 1916 1853 1865
f 1906 1888 1917
f 1367 1721 1669
f 1917 1910 1906
f 1918 1705 1730
f 1857 1777 1812
f 1919 1920 1921
f 1922 1822 1874
f 1923 1924 1925
f 1926 1927 1928
f 1929 1745 1759
f 1930 1931 1932
f 1918 1730 1803
f 1802 102 1703
f 1933 1929 1759
f 1933 1759 1934
f 1885 1897 1935
f 1936 1760 1828
f 1937 1938 1939
f 1897 1885 1685
f 1940 1907 1909
f 1367 1669 1369
f 1940 1844 1831
f 1941 1857 1812
f 1940 1909 1844
f 1942 1785 1788
f 1943 1941 1812
f 1802 131 102
f 1944 1767 1801
f 1795 131 1802
f 1942 1788 1945
f 1946 1889 1853
f 1946 1853 1916
f 1942 1947 1785
f 1944 1801 1760
f 1948 1949 1950
f 1951 1952 1829
f 1953 1954 1955
f 1956 1957 1958
f 1959 1875 1767
f 1960 1826 1827
f 1961 1943 1812
f 1961 1812 1848
f 1962 1865 1822
f 1889 1963 1890
f 1889 159 1963
f 1964 1965 1966
f 1962 1822 1922
f 1967 1968 1826
f 1969 1940 1831
f 1970 1971 1949
f 1970 1949 1948
f 1972 1706 1705
f 1973 1962 1922
f 1946 159 1889
f 1974 1970 1948
f 1946 1916 1865
f 1948 1950 1358
f 1951 1829 1344
f 1975 1976 1977
f 1978 1851 1850
f 1979 1848 1849
f 1980 1981 1982
f 1983 1979 1849
f 1962 160 159
f 1962 1946 1865
f 1962 159 1946
f 1706 1455 1454
f 1984 1985 1986
f 1987 1988 1989
f 1990 1983 1849
f 1991 1974 1948
f 1991 1970 1974
f 1967 1826 1960
f 1992 1993 1994
f 1995 1897 1719
f 1973 160 1962
f 1996 1944 1760
f 1997 1944 1996
f 1998 1973 1922
f 1998 160 1973
f 1999 2000 2001
f 2002 1985 1984
f 2003 1978 1850
f 2004 2005 2006
f 2007 1907 1940
f 2008 2009 2010
f 2011 1849 1886
f 213 2007 1940
f 2012 2013 2014
f 2015 2016 2017
f 2018 2019 2020
f 2021 2022 2023
f 250 1940 2024
f 250 213 1940
f 2025 2026 1930
f 1875 1417 1424
f 2027 2028 1869
f 2029 1948 1358
f 2030 1991 1948
f 2030 1948 2029
f 2030 2031 1991
f 2032 1914 1721
f 2033 1855 1835
f 1868 2027 1869
f 2034 1995 1719
f 2034 1719 1799
f 2034 1799 2025
f 2035 1898 1908
f 2036 2033 1835
f 2036 1835 1857
f 2037 1996 2038
f 1972 1705 1918
f 1941 1943 1961
f 2039 2040 2041
f 2042 1941 1961
f 2043 2044 2045
f 2046 1721 1367
f 2047 2048 2049
f 2050 2051 2052
f 2053 2054 2055
f 2056 2057 2058
f 2059 2060 1856
f 1358 2030 2029
f 1358 2031 2030
f 2061 1803 1771
f 2059 2037 2038
f 2062 1915 1914
f 1357 2031 1358
f 2063 2025 1930
f 1972 1455 1706
f 2064 2062 1914
f 2065 2028 2027
f 2066 1983 1990
f 2067 2027 1868
f 2063 1930 1932
f 2061 1771 2068
f 2069 2063 1932
f 2069 1932 2062
f 1856 1855 2033
f 2070 1803 2061
f 2071 2059 1856
f 2072 2034 2025
f 2073 2074 2075
f 2076 2077 1947
f 2072 2025 2063
f 2078 2079 2080
f 2081 2082 2083
f 2084 2061 2085
f 2034 2086 1995
f 1971 2087 1949
f 2088 1898 2035
f 2088 2078 1898
f 2089 2067 2090
f 2091 2076 1947
f 2072 2086 2034
f 1968 2084 2085
f 2092 2036 1857
f 2069 2062 2093
f 1947 1942 2094
f 2095 2096 2097
f 1944 1959 1767
f 2033 2071 1856
f 2098 1971 1970
f 2099 2094 2100
f 2101 2102 1970
f 2103 2033 2036
f 2037 1997 1996
f 2104 1968 1967
f 2103 2071 2033
f 2104 1967 2105
f 2106 1857 1941
f 2072 2107 2086
f 2099 2091 1947
f 2099 1947 2094
f 2108 1970 1991
f 2108 1991 2031
f 2109 2072 2063
f 2110 1851 1978
f 2108 2101 1970
f 2109 2107 2072
f 2109 2063 2069
f 2110 1978 2003
f 2111 2059 2071
f 2112 2062 2064
f 2112 2064 1914
f 2112 2093 2062
f 2113 2114 2115
f 2116 2112 1914
f 2117 2106 1941
f 2046 2032 1721
f 2042 2117 1941
f 1707 1875 1959
f 2118 2119 2120
f 2098 2087 1971
f 2098 2121 2087
f 2122 2123 2124
f 2125 2069 2093
f 2126 2084 1968
f 1959 1944 1997
f 2127 2036 2092
f 2127 2103 2036
f 2128 2126 1968
f 2128 1968 2104
f 2129 1914 2032
f 2130 2111 2071
f 2131 2093 2112
f 2132 2031 1357
f 2131 2125 2093
f 2133 2032 2046
f 2046 2134 1364
f 2119 2128 2104
f 2135 2127 2092
f 2136 2137 2101
f 2136 2101 2108
f 2138 2027 2067
f 2139 2116 1914
f 2138 2065 2027
f 2070 1972 1918
f 2070 1918 1803
f 2129 2139 1914
f 2140 2141 2108
f 2140 2108 2031
f 2089 2138 2067
f 2092 1857 2106
f 2142 2070 2061
f 2143 2135 2092
f 2144 2145 2146
f 2147 2125 2131
f 1364 2133 2046
f 2148 2144 2146
f 2149 2129 2032
f 2149 2032 2133
f 2143 2092 2106
f 2150 2119 2118
f 2151 2152 2153
f 2154 2116 2139
f 2130 2071 2103
f 2155 2112 2116
f 2156 2157 2158
f 2149 2154 2139
f 2149 2139 2129
f 2159 1959 1997
f 2159 1997 2037
f 2160 2161 2162
f 2159 2037 2059
f 2163 2164 2165
f 2166 2125 2147
f 2154 2155 2116
f 2167 2168 2169
f 2127 2130 2103
f 2170 2117 2171
f 2170 2171 2172
f 2170 2106 2117
f 1364 2149 2133
f 2173 1455 1972
f 2174 2175 2176
f 2159 2059 2111
f 2155 2131 2112
f 2155 2147 2131
f 2177 2178 2179
f 2180 2170 2172
f 2181 2155 2154
f 2149 2181 2154
f 1707 1417 1875
f 2182 2127 2135
f 2183 2184 2074
f 2181 2185 2155
f 2185 2147 2155
f 2185 2186 2147
f 2073 2183 2074
f 2187 2188 1412
f 2189 2183 2073
f 2190 2191 2192
f 2193 2079 2078
f 2194 2185 2181
f 2195 2196 2197
f 2198 2199 2200
f 2137 2201 2101
f 2202 2078 2088
f 2203 2128 2119
f 2193 2078 2202
f 2204 2181 2149
f 2205 2152 2151
f 2206 2207 2208
f 2209 2210 2211
f 2203 2119 2150
f 2089 1343 1337
f 2098 2212 2121
f 2166 2147 2186
f 2213 2212 2098
f 2214 2187 2215
f 1364 2204 2149
f 1364 2216 2204
f 2217 2106 2170
f 2217 2143 2106
f 2218 2219 2220
f 2221 1959 2159
f 2222 2166 2186
f 2222 2186 2185
f 2223 2224 2225
f 2221 2159 2111
f 2226 2222 2185
f 2226 2185 2194
f 2227 2228 2229
f 2230 2231 2232
f 2233 2234 2235
f 2236 2170 2180
f 2237 2238 2239
f 2240 2241 2242
f 2243 2203 2244
f 2245 2246 2247
f 2216 2226 2181
f 2248 2221 2111
f 2249 2031 2132
f 2249 2250 2031
f 2166 2222 2226
f 2243 2138 2089
f 2216 2181 2204
f 2251 2252 2253
f 2254 2183 2189
f 2255 2166 2226
f 2142 2061 2084
f 2256 1972 2070
f 2257 2255 2226
f 2182 2130 2127
f 2142 2084 2126
f 2258 2226 2216
f 2142 2126 2128
f 2259 2260 2215
f 2261 2201 2137
f 2262 2263 2264
f 2265 2216 1364
f 2214 2188 2187
f 2203 2142 2128
f 2266 2182 2135
f 2267 2268 2137
f 2267 2137 2136
f 2269 2265 1364
f 2270 2212 2213
f 2271 2272 2273
f 2130 2248 2111
f 2274 2268 2267
f 2268 2270 2213
f 2268 2213 2275
f 2276 2267 2136
f 2277 2278 2279
f 2280 2266 2135
f 2280 2135 2143
f 2269 1364 1366
f 2281 2224 2223
f 2282 2283 2284
f 2285 2267 2276
f 2286 2280 2143
f 2286 2143 2217
f 2287 2273 2288
f 2289 2290 2291
f 2289 2291 2166
f 2289 2166 2292
f 2276 2250 2249
f 2249 2285 2276
f 2290 2288 2293
f 2227 2294 2228
f 2291 2290 2293
f 2188 88 1412
f 2266 2130 2182
f 2295 2287 2288
f 2266 2296 2130
f 2297 2298 2299
f 2300 1455 2173
f 2301 2166 2255
f 2257 2301 2255
f 2302 2303 2304
f 2142 2256 2070
f 2295 2288 2290
f 2305 2306 2307
f 2308 2257 2226
f 2301 2292 2166
f 2309 2289 2292
f 2309 2292 2310
f 2311 2271 2273
f 2311 2273 2287
f 2312 2313 2314
f 2263 2315 2316
f 2280 2317 2266
f 2265 2308 2226
f 2265 2226 2258
f 2318 2287 2295
f 2319 2263 2262
f 2320 2321 2322
f 2323 2301 2257
f 2265 2258 2216
f 2324 2325 2326
f 2323 2308 2265
f 2327 2295 2290
f 2328 2287 2318
f 2310 2292 2301
f 2285 2274 2267
f 2329 2330 2331
f 2332 2333 2334
f 2335 2323 2265
f 2336 2337 2338
f 2339 2340 2341
f 2342 2270 2268
f 2343 2344 2345
f 2173 1972 2256
f 2346 2335 2265
f 2347 1959 2221
f 2348 2234 2233
f 2309 2349 2289
f 2248 2130 2296
f 2350 2346 2265
f 2269 2350 2265
f 2346 2323 2335
f 2351 2272 2271
f 2310 2301 2323
f 2352 2347 2221
f 2352 2221 2248
f 2353 2351 2271
f 2354 2248 2296
f 2355 2318 2295
f 2356 2357 2272
f 2358 1707 1959
f 2349 2290 2289
f 2315 2263 2319
f 2351 2356 2272
f 2350 2323 2346
f 2359 2360 2361
f 2359 2362 2360
f 2317 2296 2266
f 2327 2355 2295
f 2317 2354 2296
f 2363 2364 2365
f 2366 2310 2323
f 2353 2271 2311
f 2367 2142 2203
f 2368 2369 2268
f 2368 2268 2274
f 2370 2330 2329
f 2371 2372 2373
f 1709 2173 2256
f 2352 2248 2354
f 2374 2375 2376
f 2377 2342 2268
f 2378 2379 2380
f 2381 2368 2274
f 2300 1456 1455
f 2382 2215 2260
f 2382 2214 2215
f 2349 2383 2290
f 2384 2385 2386
f 2387 2388 2349
f 2366 2309 2310
f 2389 2317 2280
f 2390 2344 2343
f 2311 2287 2328
f 2391 2353 2311
f 2392 2328 2318
f 2393 2358 1959
f 2392 2311 2328
f 1331 2089 1337
f 2243 2089 1331
f 2393 1959 2347
f 2394 2395 2350
f 2394 2350 2269
f 2396 2358 2393
f 2396 1707 2358
f 2395 2366 2323
f 2395 2323 2350
f 2397 2377 2268
f 2397 2268 2369
f 2398 2391 2311
f 2398 2311 2392
f 2399 2398 2392
f 2400 2387 2349
f 2400 2349 2309
f 2401 2234 2348
f 2402 2367 2203
f 2403 2395 2394
f 2397 2369 2368
f 2403 2394 2269
f 2403 2269 1366
f 2400 2309 2366
f 2404 2400 2366
f 2405 2366 2395
f 2406 2407 2408
f 2409 2318 2355
f 2409 2392 2318
f 2410 2368 2411
f 2412 2395 2403
f 2410 2397 2368
f 2413 2317 2389
f 2412 2405 2395
f 2402 2203 2243
f 2413 2354 2317
f 2404 2366 2405
f 2414 2415 2416
f 2417 2418 2419
f 2420 2389 2280
f 2404 2421 2400
f 2422 2414 2416
f 2423 2344 2390
f 2423 2424 2344
f 2425 2330 2370
f 2359 2426 2362
f 1720 1709 2256
f 2420 2280 2427
f 2327 1668 2355
f 1720 2256 2142
f 2428 2404 2405
f 2429 2294 2227
f 2430 2234 2401
f 2431 2330 2425
f 2432 2433 2434
f 2435 2431 2425
f 2436 2428 2405
f 2437 2438 2439
f 2440 2441 2442
f 2443 2444 2445
f 2428 2400 2421
f 2446 2447 2448
f 2428 2421 2404
f 2449 2372 2371
f 2449 2450 2372
f 2451 2452 2453
f 2454 2405 2412
f 2403 2454 2412
f 1687 2260 2259
f 2455 2456 2457
f 2458 2459 2460
f 1709 2300 2173
f 2454 2403 1366
f 2354 2461 2352
f 2462 2405 2454
f 2462 2463 2405
f 2382 2188 2214
f 2464 2352 2461
f 2465 2466 2467
f 2468 2462 2454
f 2357 2469 2272
f 2470 2388 2387
f 2428 2387 2400
f 2428 2470 2387
f 2357 1687 2469
f 1720 2142 2367
f 2449 2377 2397
f 2471 2472 2363
f 2471 2363 2365
f 2473 2470 2428
f 2474 2450 2449
f 2436 2475 2428
f 2476 2474 2449
f 1773 2461 2354
f 1671 1720 2367
f 2477 2473 2428
f 2478 2479 2480
f 2468 2463 2462
f 2481 2475 2436
f 1330 2243 1331
f 1330 2402 2243
f 2482 2483 2484
f 2485 2356 2351
f 1782 2463 2468
f 2486 2487 2488
f 1672 2489 2490
f 2485 2351 2353
f 2491 2492 2493
f 2494 2495 2496
f 2497 2485 2353
f 2498 2494 2496
f 1730 1707 2396
f 2476 2449 2397
f 2497 2391 2398
f 1673 1672 2490
f 1769 88 2188
f 2468 2454 1783
f 1673 2499 1695
f 2497 2353 2391
f 2399 2500 2497
f 2399 2497 2398
f 1772 2501 2502
f 1772 2396 2501
f 2430 2401 2503
f 2504 2399 2392
f 2505 2506 2507
f 1671 2367 2402
f 1789 2476 2397
f 2508 2504 2392
f 2410 1789 2397
f 2508 2392 2409
f 1667 2508 2409
f 2509 2510 1354
f 2509 1354 1351
f 2511 1351 1348
f 2512 2513 2514
f 1772 1730 2396
f 1706 1417 1707
f 2515 2516 2517
f 1668 1667 2355
f 2518 2519 2520
f 1772 2352 2464
f 2521 2522 2523
f 2524 2525 2526
f 1674 1673 1695
f 2527 2528 2529
f 2530 2531 2532
f 1737 2388 2470
f 2533 2534 2535
f 1456 2300 1684
f 1786 2382 2260
f 2536 2537 2538
f 1694 1693 2539
f 1793 1786 2260
f 1704 1793 2260
f 2540 2541 2542
f 2543 2544 2545
f 2546 2547 2548
f 1727 2519 2518
f 2461 1772 2464
f 1738 2470 2473
f 1738 1737 2470
f 1685 1684 2300
f 1685 2300 1709
f 1725 1727 2518
f 2549 1725 2518
f 1703 1793 1704
f 1715 2510 2509
f 1687 1704 2260
f 2550 2551 2552
f 1688 2357 2356
f 1688 1687 2357
f 2553 2541 2540
f 2554 2555 2556
f 1736 1738 2473
f 1348 1715 2509
f 1732 1751 1733
f 1808 1739 2557
f 1688 2356 1678
f 1734 2558 2474
f 2559 2474 2476
f 2559 2476 1789
f 1772 2461 1773
f 1677 1688 1678
f 1370 1671 2402
f 2560 2561 2562
f 2563 2564 2565
f 1370 2402 1330
f 1783 1782 2468
f 1787 1786 1793
f 1670 1720 1671
f 1798 1789 2410
f 1676 2497 2500
f 1676 1678 2497
f 2566 2567 2568
f 1734 2559 1789
f 1734 2474 2559
f 2569 2570 2571
f 2572 2573 2574
f 2575 2576 2577
f 2578 2579 2580
f 2581 2582 2583
f 1769 2188 2382
f 2354 2413 1672
f 1786 1769 2382
f 2584 2585 2586
f 2587 2588 2589
f 2590 2591 2592
f 1729 1746 2504
f 1729 2504 2508
f 1708 1709 1720
f 1666 1729 2508
f 1666 2508 1667
f 1825 1824 2593
f 1682 1814 2354
f 1682 2354 1672
f 1363 112 739
f 2594 1363 739
f 2594 739 594
f 595 2594 594
f 2595 595 248
f 113 2595 248
f 877 113 53
f 2596 113 877
f 2597 2598 2599
f 2600 2601 2602
f 2603 2601 2600
f 2604 2599 2605
f 2597 2599 2604
f 2606 2607 2608
f 2606 2609 2607
f 2610 2611 2612
f 2613 2609 2606
f 2603 2614 2615
f 2616 2614 2603
f 2617 2618 2619
f 2620 2621 2622
f 2623 2624 2625
f 2626 2627 2628
f 2629 2630 2631
f 2632 2624 2623
f 2633 2634 2635
f 2632 2636 2624
f 2632 2637 2636
f 2638 2604 2605
f 2639 2640 2641
f 2597 2604 2638
f 1009 999 2642
f 1009 2643 2644
f 1009 2642 2643
f 2645 2646 2647
f 2645 2648 2646
f 2649 2650 2651
f 2652 2632 2623
f 2653 2600 2654
f 2655 2632 2652
f 2656 2600 2653
f 2657 2658 2659
f 2660 2661 2655
f 2662 2649 2651
f 2663 2649 2662
f 2664 2665 2666
f 2664 2623 2665
f 2667 2668 2669
f 2670 2662 2651
f 2671 2600 2656
f 2672 2623 2664
f 2672 2652 2623
f 2673 1021 1015
f 1021 2673 1033
f 2674 2600 2671
f 2675 2676 2677
f 2678 2679 2680
f 2672 2655 2652
f 2681 2613 2606
f 2682 2603 2674
f 2683 2684 2685
f 2664 2666 2686
f 2687 2688 2689
f 2686 2672 2664
f 2690 2603 2682
f 2691 2663 2662
f 2691 2662 2687
f 2692 2693 2694
f 2695 2663 2691
f 2695 2696 2663
f 2697 2655 2672
f 2690 2616 2603
f 2698 2699 2700
f 2701 2702 2703
f 2704 2705 2706
f 2660 2655 2707
f 2701 2687 2689
f 2704 2646 2705
f 2708 2687 2701
f 2704 2709 2646
f 2708 2691 2687
f 2710 2711 2712
f 2713 2697 2672
f 2714 2672 2686
f 2715 2645 2647
f 2716 2616 2690
f 2717 2608 2718
f 2671 2656 2653
f 2719 2697 2713
f 2655 2697 2720
f 2695 2691 2708
f 2695 2708 2721
f 2722 2695 2721
f 1036 1033 2723
f 2714 2686 2724
f 2717 2606 2608
f 2725 2703 2726
f 2725 2701 2703
f 2727 2616 2716
f 2728 2655 2720
f 2729 2701 2725
f 2730 2606 2717
f 2707 2655 2728
f 2730 2681 2606
f 2729 2708 2701
f 1491 2660 2707
f 1491 2707 1496
f 2729 2721 2708
f 2731 2714 2724
f 2732 2721 2729
f 2722 2721 2732
f 2733 2648 2645
f 2730 2734 2681
f 2735 2690 2682
f 2736 2720 2714
f 2736 2728 2720
f 2737 2729 2725
f 2731 2736 2714
f 2738 2727 2716
f 2738 2616 2727
f 1518 1517 2738
f 2739 2693 2692
f 2740 2741 2742
f 1035 1036 2723
f 2743 2693 2739
f 2743 2744 2693
f 2745 2653 2746
f 2747 2748 2749
f 2750 2736 2731
f 2751 2752 2753
f 2726 2737 2725
f 2754 2755 2756
f 2733 2715 2757
f 2733 2645 2715
f 985 957 2758
f 2759 2760 2761
f 2745 2671 2653
f 2762 2729 2763
f 2764 2717 2718
f 2762 2732 2729
f 2745 2674 2671
f 2765 2766 2767
f 2768 2750 2769
f 2768 2736 2750
f 2768 2770 2736
f 2771 2717 2764
f 2772 2770 2768
f 2773 2674 2745
f 2771 2730 2717
f 2774 2768 2775
f 2772 2768 2774
f 2776 2777 2778
f 2773 2682 2674
f 2773 2735 2682
f 2779 2766 2765
f 2779 2780 2766
f 2771 2734 2730
f 2771 2781 2734
f 2782 2690 2735
f 2782 2716 2690
f 2738 2716 2782
f 2783 2781 2771
f 2784 2785 2786
f 2783 2739 2692
f 2776 2778 2787
f 2751 2743 2739
f 2751 2739 2783
f 2788 2777 2776
f 2788 2776 2789
f 2790 2777 2788
f 2791 2752 2751
f 2791 2792 2752
f 2793 2745 2746
f 2794 2787 2778
f 2764 2718 2795
f 2796 2745 2793
f 2797 2798 2799
f 2796 2773 2745
f 2800 2771 2764
f 2801 2773 2796
f 2779 2765 2777
f 2802 910 909
f 2802 909 2779
f 2802 2779 2777
f 2803 2735 2773
f 2804 2794 2778
f 2805 2806 2807
f 2808 2738 2782
f 2804 2787 2794
f 2809 2771 2800
f 2810 2796 2793
f 2810 2746 2811
f 2810 2801 2796
f 2812 2813 2814
f 2815 2816 2817
f 2810 2738 2808
f 2810 2793 2746
f 2818 2738 2810
f 2818 1518 2738
f 1543 1518 2818
f 2819 2787 2804
f 2809 2783 2771
f 2820 2810 2811
f 2821 2822 2823
f 2821 2823 2824
f 2825 2810 2820
f 2826 2783 2809
f 2827 2788 2822
f 2827 2790 2788
f 2825 2820 2811
f 2828 2810 2825
f 2829 2790 2827
f 2826 2751 2783
f 2829 2777 2790
f 2830 2810 2828
f 2831 2751 2826
f 2832 2751 2831
f 2833 2751 2832
f 2833 2791 2751
f 2834 2810 2830
f 2835 2836 2837
f 2838 2810 2834
f 2839 2757 2833
f 2733 2757 2839
f 2838 2830 2840
f 2841 2810 2838
f 2838 2834 2830
f 2842 2810 2841
f 2843 2810 2842
f 2818 2810 2843
f 2844 2818 2843
f 2795 2800 2764
f 2821 2827 2822
f 2845 2818 2844
f 2846 1543 2818
f 2846 2818 2845
f 2847 2848 2849
f 922 2829 2827
f 2850 2851 2852
f 922 2802 2777
f 922 2777 2829
f 910 2802 922
f 2853 2825 2811
f 2854 2825 2853
f 2855 2809 2800
f 2854 2828 2825
f 2819 2804 2856
f 2857 2828 2854
f 2858 2859 2860
f 2861 2821 2824
f 2857 2830 2828
f 2840 2830 2857
f 2862 2821 2861
f 2863 2864 2865
f 2866 2838 2840
f 2867 2827 2868
f 2867 922 2827
f 2869 2838 2866
f 2870 922 2867
f 2871 2841 2838
f 2872 2873 2874
f 2839 2833 2832
f 2875 2876 2877
f 2878 2841 2879
f 2878 2842 2841
f 2880 1019 985
f 2844 2843 2842
f 2881 2795 2882
f 2844 2842 2878
f 2881 2800 2795
f 2883 2884 2885
f 2886 2849 2887
f 2888 2889 2890
f 2891 2831 2826
f 2886 2847 2849
f 2892 2893 2894
f 2895 2839 2832
f 1025 1019 2880
f 2896 2897 2898
f 2899 2856 2900
f 2901 2902 2903
f 2904 2847 2886
f 2905 2906 2907
f 2908 2906 2905
f 2909 2910 2911
f 2912 2913 2914
f 2896 2898 2915
f 2916 2862 2861
f 2870 2867 2862
f 2857 2866 2840
f 2917 2918 2919
f 2920 2899 2900
f 2921 2844 2878
f 2922 2845 2844
f 2922 2846 2845
f 2923 2924 2844
f 2925 2907 2926
f 2927 2928 2929
f 2930 2854 2853
f 2925 2905 2907
f 2931 2932 2933
f 2934 2861 2824
f 2935 2936 2925
f 2937 2854 2930
f 2916 2861 2934
f 2938 2854 2937
f 2938 2857 2854
f 2939 2862 2916
f 2939 2870 2862
f 2940 2856 2941
f 2942 2911 2943
f 2944 2857 2938
f 2940 2900 2856
f 2942 2909 2911
f 2945 2857 2944
f 2945 2866 2857
f 2946 2866 2945
f 2947 2948 2949
f 2950 2912 2914
f 1025 2951 2912
f 1025 2880 2951
f 2946 2952 2866
f 2920 2900 2940
f 2953 2954 2955
f 2956 2957 2958
f 2959 2878 2960
f 2959 2921 2878
f 2961 2962 2963
f 2964 2965 2966
f 2967 2965 2964
f 2968 2969 2970
f 2971 2972 2973
f 2974 2975 2976
f 2944 2938 2977
f 2978 2975 2974
f 2979 2980 2981
f 2982 2983 2984
f 2960 2952 2946
f 2844 2921 2959
f 2985 2844 2959
f 2923 2844 2985
f 2601 2935 2925
f 2986 2923 2985
f 2987 2924 2923
f 2988 2989 2990
f 2991 2992 2940
f 2615 2993 2601
f 2991 2994 2992
f 2995 2996 2997
f 2998 2999 3000
f 3001 2870 2939
f 3002 2938 2937
f 3003 3004 3005
f 3006 2977 2938
f 3007 3008 3009
f 3010 2938 3002
f 2977 2945 2944
f 3011 2945 2977
f 3011 2946 2945
f 3011 2960 2946
f 3012 2870 3001
f 3013 2967 2964
f 3013 3014 2967
f 3015 3016 3017
f 3013 2941 2607
f 3011 2959 2960
f 3013 2940 2941
f 3013 2964 2966
f 3013 2991 2940
f 3013 2966 2991
f 3018 3013 2607
f 3019 3013 3018
f 3020 3021 3022
f 3023 3013 3019
f 2602 2925 2926
f 2602 2601 2925
f 3024 2982 2984
f 3025 3026 3027
f 2758 957 931
f 3028 2977 3029
f 3028 3011 2977
f 2603 2615 2601
f 2598 3011 3028
f 2614 2993 2615
f 2985 3030 2986
f 2597 3011 2598
f 3031 3032 3033
f 3034 3035 3032
f 3036 2912 2950
f 3034 3032 3031
f 3037 3022 3021
f 2618 3038 2619
f 3036 1025 2912
f 3039 3040 3041
f 2654 2926 2653
f 2624 3029 2625
f 2624 3028 3029
f 2636 3028 2624
f 3042 3043 3044
f 2605 3028 2636
f 2605 2598 3028
f 2599 2598 2605
f 2705 3018 2607
f 3045 3046 3047
f 2646 3018 2705
f 2600 2926 2654
f 2648 3019 3018
f 2648 3018 2646
f 2600 2602 2926
f 2648 3023 3019
f 3048 3049 3050
f 3051 3052 3053
f 3054 3055 3056
f 3057 3055 3058
f 3059 3060 3057
f 3059 3057 3058
f 3061 3056 3062
f 3061 3054 3056
f 3063 3064 3065
f 3066 3062 1545
f 3066 3061 3062
f 3067 3068 3069
f 3070 3059 3071
f 3060 3059 3070
f 3071 3072 3060
f 3071 3060 3070
f 3073 3071 3074
f 3075 3071 3073
f 3076 2650 3077
f 3072 3075 3078
f 3072 3071 3075
f 3066 1545 1542
f 2642 999 989
f 3079 3066 1542
f 3080 2642 989
f 3081 3080 989
f 3082 3074 3083
f 3084 3076 3077
f 3082 3073 3074
f 3085 3086 3087
f 3088 3073 3082
f 3088 3082 3083
f 3088 3075 3073
f 3089 3080 3081
f 3078 3075 3088
f 3078 3088 3083
f 3079 1542 1540
f 3090 3091 3092
f 3090 3092 3084
f 3093 3089 3081
f 3094 3095 3096
f 3097 3098 3099
f 3100 3101 3102
f 3103 3091 3090
f 3104 3079 1540
f 3105 3106 3083
f 3107 3103 3108
f 3109 3091 3103
f 3110 1540 1538
f 3109 3103 3107
f 3110 3104 1540
f 3106 3105 3111
f 3107 3112 3109
f 3113 3110 1538
f 3114 3115 3106
f 3114 3106 3111
f 959 3116 961
f 3117 3113 1538
f 3117 1538 1170
f 3118 3119 3120
f 3121 3116 959
f 3118 3120 3112
f 3118 3112 3107
f 3122 959 953
f 3123 3121 959
f 3124 3117 1170
f 3125 3126 3115
f 3124 1170 1536
f 3127 3121 3123
f 3128 3129 3130
f 3131 3125 3132
f 3133 3127 3123
f 3133 3123 953
f 3131 3126 3125
f 3131 3132 1519
f 3133 3134 3127
f 3133 953 3135
f 3136 953 952
f 3137 3131 1519
f 3136 3133 3135
f 3136 3135 953
f 3136 3138 3134
f 3139 3140 3141
f 3142 3133 3136
f 1515 3137 1519
f 3143 3133 3142
f 3143 3142 3136
f 3144 3137 1515
f 3143 3134 3133
f 3143 3136 3134
f 3145 952 947
f 3145 3136 952
f 3146 3147 3148
f 3149 3136 3145
f 3150 3151 3152
f 3153 3154 3155
f 3156 3136 3157
f 3138 3156 3157
f 3138 3136 3156
f 3145 947 946
f 3158 3159 3145
f 3160 3151 3150
f 3160 3150 3161
f 3160 3162 3163
f 3160 3163 2774
f 3056 3145 946
f 3160 2774 2775
f 3055 3145 3056
f 3055 3057 3164
f 3158 3145 3055
f 3164 3158 3055
f 3165 3166 3167
f 3168 3169 3170
f 3169 3171 3170
f 3172 3138 3173
f 3174 3168 3175
f 3175 3168 3170
f 3176 3177 3178
f 3175 3170 3179
f 2454 1366 3180
f 3181 3182 3180
f 3183 3172 3173
f 250 3184 211
f 1783 2454 3185
f 2454 3180 3185
f 3185 3180 3182
f 3175 3179 3186
f 3187 3060 3188
f 1783 3185 3189
f 3060 3072 3188
f 3190 3191 3192
f 3185 3182 3127
f 211 3184 3193
f 3194 211 3193
f 3195 3196 3197
f 3193 3184 3198
f 3119 3199 3200
f 3120 3119 3200
f 3198 3184 3201
f 3202 3194 3193
f 3203 1783 3189
f 3193 3198 3201
f 3201 3184 3204
f 3184 250 3205
f 3204 3184 3205
f 3201 3204 3202
f 3206 3207 3208
f 1783 3203 3209
f 3188 3072 3210
f 3193 3201 3202
f 3211 3212 3213
f 3185 3127 3214
f 3214 3127 3215
f 3216 3217 3218
f 3188 3210 3219
f 3127 3134 3215
f 3210 3072 3219
f 3220 3188 3219
f 3221 3222 3223
f 3219 3072 3078
f 3224 3225 3226
f 3227 3228 3229
f 3230 3231 3232
f 3211 3213 3233
f 3234 3235 3236
f 3237 3238 3239
f 3202 3204 3240
f 3241 3242 3243
f 3244 3214 3245
f 3214 3215 3246
f 3219 3078 3083
f 3247 3248 3249
f 3250 3251 3252
f 3215 3134 3253
f 3138 3215 3253
f 3252 3251 3254
f 3255 3256 3257
f 3257 3256 3258
f 3258 3256 3259
f 3245 3214 3171
f 3214 3246 3171
f 3253 3134 3138
f 3259 3106 3258
f 3259 3219 3106
f 3219 3083 3106
f 3245 3171 3169
f 3168 3224 3169
f 3224 3226 3169
f 3258 3106 3260
f 3261 3262 3263
f 3224 3168 3174
f 3115 3126 3260
f 3106 3115 3260
f 3264 3257 3258
f 3265 3264 3258
f 3266 3267 3268
f 3266 3269 3267
f 3166 3165 3270
f 3138 3157 3173
f 3258 3260 3265
f 3266 3271 3268
f 3272 3260 3126
f 3131 3272 3126
f 3273 3261 3263
f 3120 3109 3112
f 3274 3275 3276
f 3277 3278 3274
f 3279 3076 3280
f 3281 3278 3277
f 3280 3076 3084
f 3279 3280 3282
f 3283 3284 3285
f 1329 3286 3287
f 3279 1329 3287
f 3282 3280 3288
f 2650 3076 3287
f 3276 3281 3274
f 3280 3084 3092
f 3281 3277 3274
f 3289 3278 3281
f 3279 3287 3076
f 3091 3109 3120
f 2775 3290 3291
f 3160 2775 3291
f 3292 3151 3160
f 3293 3152 3294
f 595 3292 3295
f 2595 3296 3297
f 2596 3298 113
f 3296 3299 3300
f 3292 3160 3291
f 595 3295 2594
f 3151 3294 3152
f 2595 3297 3151
f 3294 3272 3131
f 3301 2594 3295
f 595 2595 3292
f 3294 3131 3293
f 3300 3297 3296
f 2595 3151 3292
f 3302 3303 3304
f 2882 2795 3305
f 3304 3303 3306
f 3307 3308 3309
f 3310 3311 3312
f 3313 3302 3304
f 3304 2718 3313
f 3310 3312 3314
f 3315 3313 2718
f 3315 2718 2608
f 3316 3317 3318
f 3319 3320 3315
f 1362 3319 3315
f 1362 3315 2608
f 2608 2607 2941
f 1362 2608 3321
f 1353 1362 3321
f 1350 1353 3322
f 3323 1353 3321
f 2941 2856 2804
f 3324 3325 1346
f 1342 1346 3326
f 1346 3325 3326
f 3327 2726 3328
f 1342 3326 3329
f 1363 2594 3330
f 2594 3301 3330
f 3328 2726 3331
f 3332 3290 2775
f 1342 3329 3333
f 2703 3331 2726
f 2775 3334 3332
f 1342 3333 3335
f 1336 1342 3335
f 1361 1363 3330
f 1361 3330 2731
f 2731 3336 2750
f 1359 1361 2724
f 1359 2724 1356
f 1336 3335 3337
f 3335 3333 3337
f 2703 2702 3338
f 1361 2731 2724
f 1336 3337 1334
f 1334 3339 1329
f 1334 3337 3339
f 1356 2724 3340
f 3341 1356 3340
f 3342 3343 3344
f 1329 3339 3286
f 2651 2650 3345
f 3341 3340 3346
f 3347 3348 3349
f 3350 3351 3352
f 3353 3354 3355
f 2650 3287 3345
f 3356 3353 3355
f 3357 3358 3359
f 3360 3046 3047
f 3356 3355 1347
f 1347 3361 1345
f 1347 3355 3361
f 3362 3363 3364
f 3365 3366 3364
f 3367 3362 3364
f 3366 3367 3364
f 1345 3368 3369
f 3369 3364 3363
f 3363 3370 3369
f 1340 1345 3371
f 3371 1345 3369
f 3372 2811 3373
f 3369 3370 3374
f 3370 3371 3374
f 3371 3369 3374
f 1340 3371 3375
f 3376 3373 2811
f 1339 1340 3375
f 3376 2811 2746
f 1339 3375 3377
f 3378 3379 3380
f 3381 3377 3382
f 3377 3375 3382
f 3376 2746 2653
f 3383 3376 2653
f 3384 3385 3386
f 3383 2653 2926
f 3381 3382 3387
f 3388 3381 3387
f 3388 3387 3303
f 3305 2882 3389
f 3303 3387 3306
f 3390 3391 3392
f 3393 3394 3395
f 3396 3397 3398
f 3399 3400 3401
f 3402 3403 3404
f 3405 3403 3402
f 3406 3405 3402
f 3407 3408 3409
f 3410 3411 3407
f 3412 3413 3414
f 3415 3413 3412
f 3416 3417 3418
f 3419 3420 3421
f 3422 3417 3416
f 3423 3424 3425
f 3426 3427 3428
f 3429 3430 3431
f 3432 3433 3434
f 3435 3436 3437
f 3438 3439 3440
f 3441 3442 3443
f 3444 3445 3446
f 3447 3448 3449
f 3450 3451 3452
f 3453 3454 3455
f 3456 3457 3458
f 3459 3460 3461
f 3459 3461 3462
f 3463 3464 3465
f 3466 3467 3468
f 3469 3465 3464
f 3470 3464 3463
f 3471 3459 3462
f 3472 3469 3464
f 3473 3472 3464
f 3474 3475 3476
f 3473 3477 3478
f 3473 3464 3479
f 3473 3479 3477
f 3474 3459 3475
f 3480 3464 3470
f 3467 3474 3476
f 3462 3464 3480
f 3481 3474 3467
f 3482 3473 3478
f 3462 3461 3464
f 3475 3459 3471
f 3474 3481 3483
f 3484 3485 3486
f 3487 3488 3489
f 3490 3491 3492
f 3493 3490 3492
f 3494 3493 3492
f 3495 3496 3497
f 3498 3499 3500
f 3501 3502 3503
f 3504 3505 3506
f 3507 3508 3509
f 3510 3511 3512
f 3513 3514 3515
f 3513 3515 3516
f 3517 3514 3513
f 3518 3517 3513
f 3519 3520 3517
f 3519 3517 3518
f 3521 3520 3519
f 3522 3523 3524
f 3525 3526 3527
f 3528 3529 3530
f 3531 3528 3530
f 3532 3533 3534
f 3535 3536 3537
f 3538 3539 3540
f 3538 3541 3539
f 3542 3543 3541
f 3542 3541 3538
f 3544 3545 3546
f 3547 3545 3544
f 3548 3549 3550
f 3551 3552 3553
f 3554 3555 3556
f 3554 3557 3555
f 3558 3557 3554
f 3559 3560 3561
f 3562 3559 3561
f 3563 3564 3565
f 3566 3567 3568
f 3569 3570 3571
f 3572 3573 3574
f 3575 3576 3577
f 3578 3579 3580
f 3581 3582 3583
f 3584 3581 3583
f 3585 3586 3584
f 3587 3588 3589
f 3590 3585 3584
f 3587 3589 3591
f 3592 3587 3591
f 3592 3591 3593
f 3594 3592 3593
f 3595 3594 3593
f 3595 3593 3596
f 3597 3585 3590
f 3598 3595 3596
f 3599 3597 3590
f 3600 3598 3596
f 3601 3599 3590
f 3602 3600 3596
f 3603 3602 3596
f 3604 3603 3596
f 3603 3604 3605
f 3606 3601 3590
f 3606 3607 3608
f 3606 3608 3609
f 3606 3609 3601
f 3610 3603 3605
f 3610 3605 3607
f 3611 3607 3606
f 3611 3610 3607
f 3612 3610 3611
f 3586 3581 3584
f 3613 3614 3615
f 3616 3617 3618
f 3617 3619 3620
f 3618 3617 3620
f 3619 3621 3622
f 3620 3619 3622
f 3621 3623 3622
f 3624 3625 3626
f 3625 3627 3626
f 3628 3628 3629
f 3626 3627 3630
f 3629 3628 3629
f 3631 3406 3402
f 3632 3633 3634
f 3635 3624 3626
f 3477 3636 3637
f 3478 3477 3637
f 3638 3639 3640
f 3639 3641 3640
f 3642 3642 3643
f 3642 3629 3642
f 3644 3645 3646
f 3629 3629 3642
f 3409 3408 3647
f 3648 3409 3647
f 3649 3650 3651
f 3652 3653 3652
f 3650 3654 3651
f 3655 3656 3625
f 3644 3646 3657
f 3625 3656 3627
f 3408 3406 3631
f 3652 3652 3628
f 3647 3408 3631
f 3628 3652 3628
f 3658 3410 3407
f 3659 3660 3661
f 3636 3477 3662
f 3656 3655 3663
f 3664 3665 3666
f 3645 3644 3667
f 3668 3669 3670
f 3409 3648 3407
f 3671 3672 3673
f 3674 3675 3676
f 3677 3678 3679
f 3679 3678 3680
f 3678 3410 3680
f 3681 3682 3658
f 3682 3680 3658
f 3658 3680 3410
f 3683 3684 3659
f 3659 3684 3660
f 3401 3400 3685
f 3686 3687 3688
f 3635 3626 3689
f 3690 3691 3690
f 3639 3638 3692
f 3693 3694 3695
f 3478 3696 3482
f 3482 3696 3697
f 3690 3690 3698
f 3697 3696 3699
f 3700 3701 3702
f 3703 3704 3705
f 3706 3639 3692
f 3707 3402 3404
f 3482 3697 3708
f 3708 3697 3709
f 3482 3708 3710
f 3711 3712 3713
f 3712 3399 3713
f 3714 3715 3716
f 3717 3718 3719
f 3685 3713 3401
f 3713 3399 3401
f 3720 3721 3722
f 3723 3724 3725
f 3726 3727 3728
f 3729 3730 3731
f 3732 3733 3734
f 3735 3736 3737
f 3738 3735 3737
f 3730 3739 3731
f 3740 3732 3741
f 3742 3743 3744
f 3745 3746 3747
f 3748 3749 3750
f 3740 3733 3732
f 3463 3465 3751
f 3752 3753 3754
f 3755 3752 3754
f 3756 3757 3758
f 3759 3760 3761
f 3754 3753 3762
f 3757 3754 3762
f 3758 3757 3763
f 3756 3752 3755
f 3764 3765 3766
f 3461 3767 3464
f 3756 3755 3757
f 3757 3755 3754
f 3768 3769 3770
f 3769 3771 3770
f 3772 3773 3774
f 3775 3776 3777
f 3778 3779 3780
f 3781 3782 3772
f 3782 3773 3772
f 3768 3770 3783
f 3784 3785 3786
f 3787 3785 3784
f 3788 3789 3790
f 3779 3778 3791
f 3792 3390 3392
f 3791 3778 3780
f 3793 3794 3795
f 3796 3797 3798
f 3795 3794 3799
f 3422 3416 3800
f 3801 3802 3801
f 3799 3794 3803
f 3461 3804 3767
f 3434 3433 3805
f 3752 3756 3798
f 3756 3796 3798
f 3798 3806 3807
f 3752 3798 3807
f 3801 3801 3808
f 3807 3806 3809
f 3810 3811 3812
f 3813 3814 3815
f 3816 3817 3818
f 3819 3820 3821
f 3822 3447 3449
f 3823 3824 3825
f 3462 3480 3826
f 3827 3828 3829
f 3823 3825 3830
f 3831 3462 3826
f 3832 3435 3437
f 3833 3834 3835
f 3836 3837 3838
f 3839 3840 3841
f 3842 3843 3844
f 3845 3846 3847
f 3848 3849 3850
f 3851 3852 3853
f 3854 3855 3856
f 3856 3855 3857
f 3854 3856 3858
f 3859 3860 3861
f 3859 3861 3862
f 3863 3864 3865
f 3866 3867 3868
f 3869 3440 3870
f 3871 3872 3860
f 3873 3874 3875
f 3876 3851 3877
f 3878 3879 3880
f 3881 3882 3883
f 3613 3615 3884
f 3885 3613 3884
f 3876 3877 3886
f 3877 3851 3853
f 3871 3860 3859
f 3887 3855 3854
f 3888 3857 3855
f 3889 3890 3891
f 3892 3445 3444
f 3438 3440 3869
f 3893 3438 3869
f 3894 3895 3896
f 3897 3898 3899
f 3900 3901 3902
f 3890 3889 3903
f 3890 3903 3904
f 3902 3901 3893
f 3890 3904 3905
f 3906 3893 3901
f 3907 3908 3909
f 3910 3911 3912
f 3913 3895 3894
f 3467 3466 3481
f 3893 3906 3439
f 3893 3439 3438
f 3914 3915 3916
f 3544 3546 3917
f 3918 3919 3920
f 3921 3922 3921
f 3923 3924 3925
f 3921 3921 3926
f 3927 3928 3929
f 3930 3931 3932
f 3927 3929 3933
f 3934 3538 3935
f 3936 3934 3935
f 3934 3542 3538
f 3929 3937 3933
f 3938 3939 3940
f 3941 3942 3943
f 3944 3945 3946
f 3947 3948 3949
f 3950 3951 3952
f 3953 3954 3955
f 3956 3957 3958
f 3953 3955 3959
f 3960 3961 3962
f 3945 3963 3946
f 3964 3950 3952
f 3965 3966 3967
f 3968 3969 3970
f 3971 3964 3972
f 3964 3952 3972
f 3969 3968 3973
f 3972 3952 3974
f 3975 3976 3977
f 3978 3979 3980
f 3975 3977 3981
f 3965 3967 3982
f 3983 3984 3985
f 3986 3987 3988
f 3989 3990 3991
f 3992 3993 3994
f 3975 3981 3995
f 3996 3997 3998
f 3999 4000 4001
f 4002 4003 4004
f 4005 4006 4007
f 3583 4008 3584
f 4009 3978 3980
f 3991 3990 4010
f 4010 3990 4011
f 3607 3605 3608
f 3608 3605 3609
f 4012 4013 4014
f 4015 4016 4017
f 4018 4019 4020
f 4021 4022 4023
f 4024 4025 4026
f 4026 4025 4027
f 4028 3584 4029
f 4030 4031 4032
f 4021 4023 4033
f 4026 4027 4034
f 4035 4036 4035
f 4020 4019 4037
f 4028 4029 4038
f 4030 4032 4039
f 4035 4035 4040
f 4041 4042 4041
f 4043 4044 4045
f 4046 4047 4048
f 4049 4050 4051
f 4052 4049 4051
f 4041 4041 4053
f 4053 4041 4053
f 4054 4043 4045
f 4055 4056 4057
f 4058 4059 4060
f 4053 4053 4061
f 4052 4051 4062
f 4063 4064 4065
f 4061 4053 4061
f 3584 4028 4066
f 4067 4068 4069
f 3584 4066 3590
f 4052 4062 4070
f 4068 4052 4070
f 4015 4017 4071
f 4067 4069 4072
f 4073 4074 4075
f 4070 4062 4076
f 4061 4061 4077
f 4078 4079 4078
f 4080 4081 4082
f 4072 4069 4068
f 4083 4084 4085
f 4086 4087 4088
f 4089 4090 4091
f 4092 3521 3519
f 4074 4073 4093
f 4094 4095 4094
f 4073 4075 4096
f 4070 4076 4097
f 4078 4078 4098
f 4099 4077 4099
f 4100 4083 4085
f 3519 3518 4085
f 4067 4072 4101
f 4102 4072 4068
f 4103 4102 4068
f 4070 4097 4068
f 4103 4068 4104
f 4068 4097 4104
f 4105 4105 4106
f 4107 4108 4109
f 4099 4099 4110
f 4105 4098 4105
f 4100 4085 4107
f 4109 4100 4107
f 4085 3518 4107
f 4111 4112 4113
f 4114 4115 4114
f 4094 4094 4116
f 4117 4118 4119
f 4120 4121 4122
f 4114 4114 4123
f 4021 4124 4022
f 4024 4125 4025
f 4126 4047 4046
f 4127 3558 3554
f 3606 3590 3611
f 4107 3518 4128
f 3518 4129 4128
f 4129 4130 4128
f 4130 4129 4107
f 4128 4130 4107
f 4107 4129 4131
f 4132 4133 4129
f 4129 4133 4131
f 4134 4135 4136
f 4072 4137 4101
f 4133 4138 4137
f 4139 4140 4141
f 4142 4143 4144
f 4145 4146 4147
f 4131 4148 4102
f 4102 4148 4137
f 4102 4137 4072
f 3518 3513 4129
f 3513 4132 4129
f 4131 4133 4148
f 4133 4137 4148
f 4149 4150 4151
f 3513 3516 4132
f 4152 4153 4154
f 4154 4155 4152
f 3591 4156 4157
f 3591 4157 4158
f 4159 3591 4158
f 4157 4156 4160
f 3593 3591 4159
f 4161 4162 4163
f 4164 4165 4166
f 4167 4168 4169
f 4170 4171 4172
f 4170 4172 4173
f 4174 4175 4176
f 4173 4172 4177
f 4178 4157 4160
f 3593 4159 4179
f 4179 4159 4180
f 4181 4182 4183
f 4184 4185 4186
f 4187 4188 4189
f 4188 4190 4189
f 1322 4191 1323
f 4192 4193 4194
f 4195 4196 4197
f 4198 4199 4156
f 4200 4201 4202
f 4203 4204 4205
f 3561 3560 3562
f 3591 4198 4156
f 3501 3503 4206
f 3603 3610 4207
f 4208 4209 4210
f 3588 4211 4212
f 4212 4211 4213
f 4214 4215 4216
f 3589 3588 4212
f 4217 4218 4219
f 4220 3572 3574
f 4214 4216 4213
f 4221 4222 4223
f 4213 4216 4212
f 4212 4216 4224
f 4225 4212 4226
f 4212 4224 4226
f 4227 4228 4229
f 4230 4223 4222
f 4231 4232 4233
f 4234 4235 4236
f 4237 4238 4239
f 4240 4241 4242
f 4243 4244 4245
f 4246 4247 4248
f 4249 4250 4251
f 4208 4252 4209
f 4214 4253 4215
f 4206 3503 4254
f 3498 4255 4256
f 4254 4256 4206
f 4206 4256 4255
f 4257 3497 3496
f 4258 3498 3500
f 4259 4260 4261
f 4262 3494 3492
f 4263 4264 4265
f 4263 4265 4266
f 4267 4268 4269
f 4270 4271 4272
f 4273 4274 4275
f 4276 4263 4266
f 4267 4269 4277
f 4266 4265 4278
f 4279 4280 4268
f 4267 4277 4281
f 4268 4267 4279
f 4282 4283 4284
f 4285 4286 4287
f 4269 4288 4289
f 4269 4268 4288
f 4290 4289 4288
f 4291 4292 4289
f 4293 4288 4294
f 4293 4290 4288
f 4295 4290 4293
f 4295 4289 4290
f 4291 4289 4295
f 4296 4288 4297
f 4295 4293 4294
f 4298 4295 4294
f 4299 4300 4301
f 4294 4288 4296
f 4302 4303 4304
f 4305 4294 4296
f 4306 4294 4305
f 4298 4294 4307
f 4308 4309 1603
f 4308 1603 4310
f 2272 4311 2273
f 2272 4312 4311
f 4313 4314 4315
f 4316 4317 4318
f 4319 4320 4321
f 4322 4298 4307
f 4323 4324 4325
f 4306 4305 4326
f 4308 1604 4309
f 4327 4328 4312
f 4327 4312 2272
f 4329 4327 2272
f 4330 4331 4332
f 1412 4333 4334
f 4335 4336 4337
f 4338 4339 1609
f 4338 1609 1607
f 2187 1412 4334
f 4327 4336 4335
f 4328 4327 4335
f 1606 4338 1607
f 1604 1603 4309
f 4340 4341 570
f 4340 570 4342
f 4343 4341 4340
f 4342 4343 4340
f 4342 570 4344
f 4345 4344 4346
f 4345 4342 4344
f 4345 4347 4342
f 4343 4348 4349
f 4344 570 1335
f 4343 4342 4347
f 4343 4345 4346
f 4343 4347 4345
f 4350 4351 4352
f 4353 4351 4350
f 4353 4350 4354
f 4353 4355 4351
f 4356 4349 4357
f 4358 4349 4356
f 4359 4349 4358
f 4359 4343 4349
f 4360 4359 4358
f 4361 4341 4343
f 4343 4359 4360
f 1664 4362 4363
f 4364 4341 4361
f 4365 4362 1664
f 4366 4361 4343
f 4366 4364 4361
f 4367 4364 4368
f 570 4341 4364
f 4369 4370 4371
f 4372 4354 4350
f 4364 538 570
f 4373 4374 4375
f 4376 4377 4378
f 4379 4380 4381
f 4382 4358 4356
f 4383 4358 4382
f 4383 4360 4358
f 4384 4362 4365
f 4385 4383 4382
f 4386 4343 4360
f 4366 4343 4386
f 4387 4388 4389
f 4390 4391 4392
f 4393 4380 4379
f 1664 4356 1665
f 4394 4367 4395
f 4394 4364 4367
f 4396 4394 4395
f 4394 486 538
f 4394 538 4364
f 4397 4356 1664
f 4382 4356 4397
f 4398 4399 4400
f 4401 4402 4403
f 4404 4385 4382
f 4405 4406 4407
f 4408 4367 4368
f 4409 4387 4389
f 4410 4409 4389
f 4411 4395 4412
f 4411 4396 4395
f 4413 4414 4415
f 4355 4396 4416
f 4355 4394 4396
f 4417 4418 4419
f 4420 4394 4355
f 4420 4355 4353
f 4421 4422 4423
f 4363 4397 1664
f 4424 4425 4426
f 4427 4428 4429
f 4430 4424 4426
f 4431 4432 4433
f 4431 4434 4432
f 4434 4431 4435
f 121 123 4434
f 4436 4437 4438
f 4439 4436 4438
f 4429 4428 4384
f 123 4440 4434
f 4384 4365 4429
f 4434 4440 4432
f 4441 1297 1295
f 4442 4443 4444
f 4445 1303 1302
f 4446 1295 4447
f 4446 4441 1295
f 4448 4441 4446
f 4449 1303 4445
f 4450 1306 1305
f 4451 4452 4453
f 4454 4449 4445
f 4455 4456 4457
f 4458 4449 4454
f 4447 1295 4459
f 4447 4448 4446
f 4447 4456 4448
f 4460 4461 4462
f 4457 4456 4447
f 4463 4464 4465
f 4466 4442 4444
f 4463 4465 4467
f 4468 4467 4465
f 4469 4470 4471
f 4472 1451 121
f 4468 4463 4467
f 4473 4474 4475
f 4476 1451 4472
f 4477 4469 4471
f 4478 4479 4480
f 4435 1451 4476
f 4481 4482 4483
f 4431 1451 4435
f 4431 4484 1451
f 4485 4484 4431
f 4486 4487 4488
f 4489 4442 4466
f 4486 4488 4490
f 4491 4481 4483
f 4492 4493 4494
f 1659 4495 1660
f 4496 4497 4498
f 4499 4500 4501
f 4502 1264 1263
f 4503 4504 4505
f 4506 4507 4508
f 4509 1643 1642
f 4510 4511 4512
f 4513 4514 4515
f 4516 4517 4518
f 4519 4520 4521
f 4522 4520 4519
f 4523 4520 4522
f 4523 4524 4520
f 4525 4523 4522
f 4526 4527 4528
f 4529 4530 4531
f 4506 4532 4507
f 4533 4523 4525
f 4534 4532 4506
f 4535 4534 4506
f 4536 4537 4538
f 4539 4534 4535
f 4540 4541 4542
f 4543 4544 4545
f 4546 4543 4545
f 4547 4543 4546
f 4548 4549 4550
f 4551 4552 4553
f 4549 1358 1950
f 4554 1358 4549
f 4554 4549 4548
f 4548 1358 4554
f 4555 4556 4557
f 4558 4559 4560
f 4558 4561 4559
f 4562 4533 4525
f 4563 4564 4565
f 4519 4521 4508
f 4507 4519 4508
f 4544 4562 4525
f 4544 4525 4545
f 4566 4567 4568
f 4569 4570 4571
f 4572 4539 4573
f 4574 4572 4573
f 4574 4548 4572
f 4574 1327 1358
f 4574 1358 4548
f 4575 4576 4577
f 4578 4579 4580
f 4576 2 44
f 4580 4579 4581
f 4575 4582 2
f 4583 4584 4585
f 2 4576 4575
f 4586 4587 4588
f 4576 4586 4589
f 4576 4589 4577
f 16 4586 4587
f 4587 16 4588
f 4590 4591 4592
f 4593 4594 4595
f 1628 4592 1626
f 4590 4592 1628
f 4596 4591 4590
f 4597 4598 4599
f 4600 4601 4602
f 4603 4604 4605
f 4588 871 4606
f 4607 1628 1627
f 4607 4590 1628
f 4608 4609 4610
f 4611 4612 4613
f 4614 4615 4616
f 4596 4617 4618
f 4596 4590 4617
f 4619 4596 4618
f 4619 4588 4596
f 4620 4621 4622
f 4623 4624 4625
f 4623 4625 4626
f 4588 4619 4618
f 4588 16 871
f 4627 4628 4629
f 4630 4613 4581
f 4631 4613 4630
f 4631 4611 4613
f 4632 4580 4581
f 4588 4618 4589
f 4586 4588 4589
f 4630 4581 4579
f 4579 4631 4630
f 4633 4634 4635
f 4636 4606 871
f 4637 4636 4638
f 4592 4591 4639
f 4633 4635 4640
f 4641 4642 4643
f 4644 4637 4638
f 4645 4646 4647
f 4634 4640 4635
f 4648 4642 4641
f 4636 871 4638
f 4647 4649 4645
f 4646 4650 4647
f 1638 4651 1639
f 4652 4651 1638
f 4637 4644 4653
f 4654 4651 4652
f 607 4655 4656
f 4657 4658 4659
f 655 4655 607
f 607 611 655
f 4660 4661 4662
f 4659 4663 4657
f 4653 4661 4660
f 4664 4665 4666
f 4647 4650 4667
f 603 446 607
f 4644 4661 4653
f 4668 4669 4670
f 4671 4668 4670
f 4672 4673 4674
f 4672 4675 4676
f 1639 4677 4678
f 4673 4672 4676
f 1639 4651 4677
f 4679 1328 1327
f 4680 4681 4682
f 4683 4684 4685
f 4683 4685 4686
f 4687 4688 4683
f 4346 1335 1333
f 4689 4690 4346
f 4686 4687 4683
f 4691 4692 4693
f 4689 4346 1333
f 4687 4694 4688
f 4689 1333 1328
f 4689 4695 4690
f 4696 4697 4698
f 4690 4699 4700
f 4701 4702 4703
f 4702 4701 4704
f 4705 4702 4704
f 4699 4706 4700
f 4701 4703 4704
f 1335 4346 4344
f 4700 4706 4707
f 4708 4348 4709
f 4704 4710 4711
f 4343 4712 4709
f 4348 4343 4709
f 4713 4714 4715
f 4705 4704 4711
f 4690 4695 4699
f 4699 4695 4706
f 4708 4357 4348
f 4357 4349 4348
f 4716 4717 4718
f 4719 4720 4721
f 4716 4722 4717
f 4723 4724 4725
f 4726 4727 4728
f 4729 4730 4731
f 4732 4733 4734
f 4735 4736 4737
f 4738 4739 4740
f 4732 4734 4741
f 4740 4739 4742
f 1646 1296 1649
f 4741 4734 4743
f 4744 1645 1644
f 4745 4746 4747
f 4748 4745 4747
f 1590 1588 4749
f 4750 4751 4752
f 1588 4753 4749
f 4751 4754 4752
f 1587 4755 1588
f 4756 4757 4758
f 4573 4756 4759
f 4756 4758 4760
f 4761 4762 4684
f 4758 4757 4763
f 4535 4764 4539
f 4573 4760 4574
f 4684 4762 4685
f 4574 4760 4765
f 4539 4764 4757
f 4765 4760 4766
f 4760 4758 4766
f 4687 4686 4685
f 4767 4768 4769
f 1327 4574 4766
f 4574 4765 4766
f 4770 4679 4766
f 4762 4761 4685
f 4539 4757 4756
f 4573 4539 4756
f 4766 4679 4771
f 1327 4766 4771
f 4679 1327 4771
f 4772 4773 4774
f 4775 4776 4777
f 4776 4778 4779
f 4777 4776 4779
f 4777 4779 4780
f 4775 4777 4780
f 4781 4782 4783
f 4784 4785 4786
f 4784 4786 4787
f 4788 4789 4790
f 4791 4788 4790
f 4785 4784 4792
f 1639 4793 1637
f 4794 4580 4795
f 4796 4797 4798
f 1625 1624 4799
f 1627 1626 4800
f 4801 4802 4803
f 4788 4804 4789
f 4578 4580 4794
f 4578 4794 4805
f 4806 4807 4808
f 4809 4810 4811
f 4812 4813 4814
f 4815 4816 4817
f 4816 4818 4817
f 1594 4819 1591
f 4820 4821 4822
f 4823 4824 4825
f 4825 4824 4826
f 4827 4822 4828
f 4824 4829 4826
f 4822 4821 4828
f 4830 4831 4832
f 4833 4834 4835
f 4836 4837 4838
f 4835 4834 4839
f 1603 1602 4840
f 4835 4839 4841
f 1613 1612 4842
f 4843 4844 1598
f 4844 1599 1598
f 4845 4846 4847
f 1595 1600 4848
f 1595 4848 4849
f 4850 4851 4852
f 4853 4854 4855
f 4856 4857 4858
f 4859 4860 4861
f 4862 4853 4855
f 4863 4857 4856
f 4864 4865 4854
f 4866 4863 4867
f 4866 4857 4863
f 4864 4854 4853
f 4868 4869 4870
f 4871 4872 4873
f 4874 1594 1593
f 4874 4873 4875
f 4857 4866 2109
f 4876 4877 4867
f 4878 4879 4880
f 2109 4866 4867
f 4286 4862 4881
f 4286 4853 4862
f 4871 4873 4874
f 4882 4877 4876
f 4287 4286 4881
f 1593 4871 4874
f 4883 4867 4877
f 2086 4883 4877
f 4884 4885 4886
f 4887 4882 4876
f 4281 4868 4870
f 2107 2109 4867
f 2107 4867 4883
f 4868 4888 4889
f 4890 4891 4868
f 4890 4868 4281
f 4888 4868 4891
f 2086 2107 4883
f 4892 4890 4281
f 4892 4891 4890
f 4892 4888 4891
f 4277 4892 4281
f 4276 4888 4892
f 4266 4888 4276
f 4893 4858 4857
f 4857 4894 4893
f 4895 4310 1603
f 4896 4897 4898
f 4899 2273 4311
f 4900 4896 4898
f 4900 4898 4901
f 2273 4902 4903
f 4903 2273 4899
f 1600 4904 4848
f 4902 4903 4899
f 4905 2288 4906
f 4905 4906 2293
f 2288 2293 4905
f 4893 2291 2293
f 4894 2291 4893
f 4907 4908 4909
f 4907 4909 4910
f 4911 4912 4913
f 4910 4908 4907
f 4914 4915 4916
f 4915 4914 4917
f 4918 4919 4920
f 4921 4917 4914
f 4921 4922 4917
f 4921 4914 4916
f 4923 4921 4916
f 4924 4921 4923
f 4925 4926 4927
f 4807 4806 4928
f 4929 4930 4931
f 4932 4933 4934
f 4935 4936 4937
f 4938 4939 4940
f 4941 1620 1622
f 894 4942 864
f 4943 4944 4945
f 4946 4945 4947
f 846 864 4942
f 4948 4949 4950
f 4946 4943 4945
f 4951 4948 4950
f 4952 4951 4950
f 4670 4953 4671
f 4954 4943 4946
f 4955 4956 4957
f 4958 4959 4960
f 4961 949 945
f 4962 1131 4963
f 4964 4965 4966
f 4967 4968 1112
f 1114 4968 4967
f 1114 4967 1112
f 1115 949 4961
f 4969 4970 1379
f 4971 4972 4973
f 4969 1379 1382
f 4974 4975 4976
f 4977 4978 4979
f 4980 4981 4982
f 4983 4984 4985
f 4986 4987 4988
f 4977 4989 4978
f 4990 4991 4992
f 4993 4994 4995
f 4996 4997 4998
f 4999 5000 5001
f 5002 5003 5004
f 5005 5006 5007
f 5005 5008 5006
f 5009 5008 5005
f 5010 5011 5012
f 5013 5014 5015
f 5016 5017 5018
f 5019 5020 5021
f 5007 5009 5005
f 5022 5023 5024
f 5025 5026 5027
f 4977 4979 5028
f 5029 5030 5031
f 5032 5033 5034
f 5035 5036 5037
f 5038 5039 5040
f 5041 5042 5043
f 5044 1401 1375
f 5045 1390 1394
f 5046 5047 5048
f 5049 5032 5034
f 5050 5051 5052
f 5050 5053 5051
f 5054 5055 5056
f 5057 5058 5059
f 5060 5061 5062
f 5063 5054 5056
f 5064 5065 5066
f 5067 5054 5063
f 5050 5068 5053
f 5063 5069 5070
f 5070 5067 5063
f 5071 5072 5073
f 5074 5075 5076
f 5077 5072 5071
f 5074 5078 5075
f 913 912 5079
f 5080 5081 5082
f 5083 5084 5085
f 5086 5087 5088
f 5089 5090 5091
f 5092 5093 5094
f 5095 5096 5097
f 5098 5099 5100
f 5101 5102 5103
f 5104 5105 1392
f 954 956 5106
f 1387 5104 1392
f 5107 5108 5109
f 5110 5104 1387
f 5111 5112 5113
f 951 954 5114
f 5115 1395 1399
f 5116 5117 5118
f 5119 5120 5121
f 5122 5123 5124
f 5125 5126 5127
f 5128 1387 1386
f 5128 5110 1387
f 5129 5119 5121
f 5130 5123 5122
f 5131 5132 5133
f 5125 5127 5134
f 4960 4959 5135
f 5136 1386 1131
f 5137 5135 5138
f 5139 5135 5137
f 4960 5135 5139
f 1020 1031 5140
f 4962 5136 1131
f 5141 5142 5143
f 5144 5145 5146
f 5147 5148 5149
f 5150 5148 5147
f 4010 4011 5151
f 5152 5153 3974
f 5154 5155 5156
f 5157 5158 5159
f 3952 5152 3974
f 5157 5159 5160
f 5161 1422 1416
f 5162 5152 3952
f 5163 5152 5162
f 5161 1416 5164
f 5165 5166 5167
f 5168 3540 5169
f 5170 5171 5172
f 5173 5174 5175
f 5176 5177 5178
f 5179 5180 5181
f 5182 5183 5184
f 5185 5186 5187
f 5188 5189 5188
f 5190 5188 5188
f 5191 5192 5193
f 5194 5195 5196
f 5197 5198 5199
f 5200 5197 5199
f 5155 5201 5202
f 5203 5204 5205
f 5156 5155 5202
f 5206 5207 5208
f 5209 5210 5211
f 5212 5213 5214
f 5215 5216 5216
f 5217 5218 5219
f 5220 5221 5222
f 5223 5224 5223
f 5225 5221 5220
f 5226 5227 5227
f 5228 5229 5230
f 5231 5232 5231
f 5233 5234 5235
f 5236 5237 5237
f 5238 5234 5233
f 5239 5240 5241
f 5242 5243 3517
f 5244 5245 5246
f 5247 5248 5249
f 5250 5251 5250
f 5247 5249 5252
f 5253 5245 5244
f 5254 5255 5256
f 5257 5258 5257
f 5259 5260 5261
f 5262 5255 5254
f 5263 5223 5223
f 5264 5265 5266
f 5267 5225 5220
f 5268 5265 5264
f 5269 5270 5269
f 5267 5220 5271
f 5272 5273 5274
f 5275 5226 5275
f 5276 5231 5231
f 5229 5228 5277
f 5278 5250 5250
f 5279 5242 3517
f 5278 5250 5278
f 5280 5253 5244
f 5281 5257 5257
f 5282 5253 5280
f 5281 5257 5281
f 5283 5284 5285
f 5286 5238 5233
f 5287 5262 5254
f 5288 5289 5288
f 5287 5254 5290
f 5291 5292 5293
f 5294 5295 5296
f 5297 5298 5297
f 5299 5238 5286
f 5300 5301 5300
f 5302 5268 5264
f 5302 5264 5303
f 5304 5305 5304
f 5306 5269 5269
f 5247 5252 5307
f 5272 5274 5308
f 5309 5267 5271
f 5309 5271 5310
f 5311 5275 5275
f 5312 5276 5312
f 5313 3517 3520
f 5313 5279 3517
f 5314 5315 5316
f 5317 5318 5317
f 5319 5278 5278
f 5320 5280 5321
f 5320 5282 5280
f 5322 5281 5322
f 5322 5281 5281
f 5323 5313 3520
f 5324 5283 5285
f 5325 5317 5325
f 5325 5317 5317
f 5326 5288 5288
f 5326 5288 5326
f 5327 5290 5328
f 5327 5287 5290
f 5329 5297 5297
f 5330 5299 5286
f 5329 5297 5329
f 5331 5302 5303
f 5331 5303 5332
f 5333 5304 5304
f 5330 5286 5334
f 5333 5304 5333
f 5335 5321 5336
f 5337 5300 5300
f 5338 5339 5338
f 5335 5320 5321
f 5340 5341 5342
f 5343 5322 5322
f 5344 5345 5344
f 5346 5347 5348
f 5349 5327 5328
f 5349 5328 5350
f 5351 5329 5329
f 5352 5353 5354
f 5355 5356 5355
f 5357 5272 5308
f 5357 5308 5358
f 5352 5354 5359
f 5360 5312 5312
f 1414 1413 5361
f 5362 5311 5362
f 5363 5364 5365
f 5366 5367 5368
f 1476 1485 1454
f 5369 5331 5332
f 5369 5332 5370
f 5371 5333 5333
f 5371 5333 5371
f 5372 5373 3523
f 5357 5358 5374
f 5375 5326 5326
f 5375 5326 5375
f 5376 5330 5334
f 5377 5330 5376
f 5378 5379 5380
f 5381 5338 5338
f 5382 5323 3520
f 5383 5384 5385
f 5386 5325 5386
f 5386 5325 5325
f 5387 5335 5336
f 5388 5344 5344
f 5389 5335 5387
f 5390 5352 5359
f 5388 5344 5388
f 5391 5362 5362
f 5392 5349 5350
f 5391 5362 5391
f 5393 5394 5395
f 5396 5349 5392
f 5397 5355 5355
f 5397 5355 5397
f 5398 5370 5399
f 5398 5369 5370
f 5400 5371 5371
f 5400 5371 5400
f 5401 5402 3520
f 3522 5372 3523
f 5401 3520 3521
f 5403 5386 5386
f 5403 5386 5403
f 5404 5405 5406
f 5407 5375 5375
f 5357 5374 5408
f 5409 5389 5387
f 5409 5387 5410
f 5377 5376 5411
f 5412 5388 5388
f 5413 5414 5413
f 5415 5392 5416
f 5415 5396 5392
f 5417 5397 5397
f 5417 5397 5417
f 1415 1414 5361
f 5418 5398 5399
f 5419 5404 5406
f 5418 5399 5420
f 5421 5400 5400
f 5421 5400 5421
f 5422 5423 5422
f 5424 5377 5411
f 5425 5426 5427
f 5428 5429 5430
f 5431 5390 5359
f 5432 5391 5391
f 5433 5434 5433
f 1485 1415 5361
f 5435 5436 5437
f 5438 5403 5403
f 5439 5409 5410
f 5393 5395 5440
f 5441 5442 5441
f 5443 5444 5445
f 5446 5413 5413
f 5447 5415 5416
f 5448 5449 5450
f 5451 5415 5447
f 5147 5431 5359
f 5452 5417 5417
f 5453 5454 5453
f 5455 5420 5456
f 5455 5418 5420
f 5457 5421 5421
f 5458 5431 5147
f 5459 5433 5433
f 5457 5421 5457
f 5460 5393 5440
f 5461 5432 5461
f 5229 5462 5463
f 5464 5435 5437
f 5465 5441 5441
f 5466 5467 5468
f 5469 5419 5406
f 5470 5471 5470
f 5465 5441 5465
f 5472 5422 5422
f 5473 5474 5475
f 5470 5470 5476
f 5477 5478 5479
f 5480 5424 5481
f 5480 5377 5424
f 5482 5147 5149
f 5482 5458 5147
f 5483 5451 5447
f 5484 5461 5484
f 5484 5461 5461
f 5484 5484 5485
f 5486 5487 5488
f 5489 5451 5483
f 5393 5460 5490
f 5216 5453 5453
f 5216 5453 5216
f 5222 5455 5456
f 5232 5457 5457
f 5221 5455 5222
f 5230 5229 5463
f 5227 5491 5227
f 5492 5464 5437
f 5493 5465 5465
f 5494 5495 5496
f 5497 5498 5499
f 5237 5500 5237
f 5169 3540 5501
f 3541 5502 3539
f 5503 5504 5505
f 5502 3541 3543
f 5502 3543 3542
f 5506 5502 3542
f 5501 3540 3539
f 5507 5508 5509
f 5510 3517 5246
f 5510 5511 3514
f 5510 3514 3517
f 5511 5246 5245
f 5511 5510 5246
f 5512 5513 5514
f 5515 1053 5516
f 5517 5518 5519
f 1413 1053 5515
f 5520 3545 3547
f 5521 3545 5520
f 1053 1413 596
f 5516 1053 1052
f 5511 5522 3514
f 5516 1052 1051
f 1431 1484 5523
f 1431 5523 5524
f 5525 5526 5527
f 5528 5529 5530
f 5531 5521 5520
f 5532 5533 5534
f 1320 1325 5535
f 5536 1051 1053
f 5537 5538 5539
f 5540 5541 5542
f 5543 5544 5544
f 5545 5546 5547
f 5548 5549 5550
f 5551 5552 5551
f 5553 5547 5554
f 5553 5545 5547
f 5555 5551 5551
f 5556 5557 5558
f 5555 5551 5555
f 5559 5553 5554
f 5560 5561 5562
f 5563 4001 4000
f 5564 5565 5566
f 5567 5568 5569
f 5570 5571 5570
f 5572 5555 5555
f 5573 5574 5575
f 5557 5556 5576
f 5577 5574 5573
f 5578 5579 5580
f 5578 5580 5581
f 5582 5583 5584
f 5585 5586 5587
f 5541 5573 5575
f 5588 5589 5590
f 5591 5570 5570
f 5541 5575 5542
f 5592 5567 5569
f 5541 5577 5573
f 5593 5578 5581
f 5544 5594 5544
f 5557 5576 5595
f 5596 5597 5598
f 5599 5600 5601
f 1442 1427 5602
f 5603 5604 5605
f 5606 5607 5608
f 5609 5610 5611
f 5609 5612 5610
f 5613 5614 5615
f 1450 1449 5616
f 4256 3499 3498
f 5617 5613 5615
f 5618 4151 4150
f 5619 5620 5621
f 5622 5623 5624
f 5625 5626 5627
f 5628 5629 5630
f 5631 5632 5633
f 5634 5635 5636
f 5634 5637 5635
f 5638 5639 5640
f 5638 5641 5639
f 5638 5642 5641
f 5631 5643 5632
f 5644 5645 5646
f 5647 5648 5649
f 5650 5651 5652
f 5653 5640 5639
f 5641 5642 5639
f 5654 5655 5656
f 5657 5658 5659
f 5658 5657 5660
f 5661 5662 5663
f 5664 5665 5666
f 5667 5668 5669
f 5670 5671 5672
f 5673 4209 4252
f 1409 1482 1467
f 5674 5675 5676
f 5677 5678 5679
f 5680 5681 5682
f 5683 5684 5685
f 5686 5687 5688
f 5682 5689 5680
f 5690 5691 5692
f 5693 5694 5695
f 5696 5697 5698
f 5699 5700 5701
f 5702 5700 5699
f 5703 5702 5699
f 5704 5705 5706
f 5691 5690 5707
f 3559 5708 3560
f 5709 5708 3559
f 5667 5710 5668
f 5711 5712 5713
f 5711 5714 5712
f 5715 5716 5717
f 5718 5719 5720
f 5721 5722 5723
f 5724 5725 5726
f 5727 5728 5729
f 5730 5718 5731
f 5732 5733 5734
f 5715 5717 5735
f 5731 5718 5720
f 5736 5737 5738
f 5739 5740 5741
f 5731 5720 5742
f 5743 5744 5745
f 5746 5747 5748
f 3415 5749 3414
f 3413 3415 3414
f 5750 5751 5752
f 5753 5754 5755
f 5756 5757 5758
f 5759 5760 1472
f 5761 5762 5761
f 5761 5761 5763
f 5759 5764 1441
f 5759 1441 5760
f 5765 5732 5734
f 5765 5734 5733
f 5763 5763 5766
f 5763 5761 5763
f 5764 1445 1441
f 5749 5767 3414
f 5768 5769 5770
f 3411 3408 3407
f 5771 5769 5768
f 5772 5773 5774
f 5772 5774 5775
f 5776 5777 5778
f 5779 5780 5781
f 5782 5771 5768
f 1488 1430 1429
f 5783 5784 5785
f 5786 5787 5788
f 5789 5790 5791
f 5789 5791 5792
f 5793 5794 5795
f 5793 5795 5796
f 5792 5783 5785
f 5797 5792 5785
f 5798 5799 5800
f 5801 5797 5785
f 5797 5789 5792
f 5800 5802 5798
f 5767 5803 3414
f 5804 5805 5806
f 5807 5755 5808
f 5807 5753 5755
f 5809 5810 5811
f 5809 5812 5810
f 5813 5807 5808
f 5814 5758 5757
f 5815 5816 5817
f 5818 5814 5757
f 5819 5820 5821
f 1419 1472 5760
f 5822 5823 5824
f 5825 5826 5827
f 5828 5819 5821
f 5829 5815 5817
f 5830 5831 5832
f 5833 5834 5835
f 5836 5757 5837
f 5836 5818 5757
f 5836 5838 5818
f 5839 5840 5841
f 5828 5821 5842
f 5843 5844 5845
f 5828 5842 5846
f 5847 5848 5849
f 5850 5851 3436
f 5852 5853 5854
f 5855 5846 5856
f 5857 5858 5859
f 5860 5861 5862
f 5828 5846 5855
f 5828 5855 5863
f 5864 5865 5806
f 5806 5805 5864
f 3405 3406 5770
f 3405 5770 5769
f 5866 5867 5868
f 3435 5850 3436
f 5869 5870 5871
f 5872 5873 5874
f 5875 5876 5877
f 5878 5879 5880
f 5881 5882 5883
f 5878 5880 5884
f 5885 5886 5887
f 5888 5889 5890
f 5891 5888 5890
f 5892 5893 5894
f 1438 1443 5895
f 5896 1438 5895
f 5897 3399 3712
f 5898 5894 5899
f 5900 5894 5898
f 5900 5892 5894
f 5896 5895 5901
f 5902 5903 5904
f 5905 5906 5907
f 5908 5896 5909
f 5908 1438 5896
f 5910 5911 5912
f 5913 5914 5915
f 5877 5876 5916
f 3622 3623 5917
f 5918 5919 5920
f 5921 5922 5923
f 5924 5925 5926
f 5927 5928 5929
f 5930 5925 5924
f 5931 5932 5933
f 5931 5933 5934
f 5930 5926 5935
f 5930 5924 5926
f 5936 3613 5937
f 5938 5930 5935
f 5936 5937 5939
f 5940 3613 5936
f 3614 3613 5940
f 3614 5940 5936
f 5941 5942 5943
f 5944 5945 5939
f 5945 5936 5939
f 3617 3616 5946
f 5947 5941 5943
f 5948 5949 5950
f 5947 5943 5951
f 5952 5953 5954
f 5955 5956 5957
f 5958 5959 5960
f 5961 5961 5962
f 5963 5949 5948
f 5964 5965 5966
f 5967 5961 5961
f 5968 5963 5948
f 5969 5970 5971
f 5972 5972 5973
f 5974 5968 5948
f 5975 5976 5977
f 5978 5972 5972
f 5979 5974 5948
f 5980 5981 5982
f 5983 5981 5980
f 5888 5984 5889
f 1426 1407 5985
f 3439 5986 5987
f 3439 5987 3440
f 5988 5989 5990
f 5991 5992 5993
f 5994 5995 5996
f 5997 5998 5999
f 5981 6000 5982
f 6001 6002 6003
f 6004 6005 6006
f 6004 6006 6007
f 6008 6009 6010
f 6011 6012 6013
f 6014 6015 6016
f 6014 6016 6017
f 6018 6019 6020
f 6018 6020 6021
f 6022 6019 6018
f 1468 6023 1469
f 3445 6024 3446
f 6025 6026 6027
f 6028 6029 6030
f 6031 6032 6033
f 1486 1411 6034
f 1486 6034 6035
f 6036 6016 6015
f 6037 6038 6039
f 6040 6041 6042
f 6043 6044 6045
f 6046 6047 6048
f 6049 6050 6051
f 6052 6053 6054
f 6055 6056 6057
f 6058 6031 6033
f 1483 6059 1475
f 6060 1486 6035
f 6054 6053 6061
f 6047 6062 6048
f 6031 6063 6032
f 6064 6065 6066
f 6067 6068 6069
f 6070 6071 6072
f 6073 6074 6075
f 6076 3835 3834
f 6077 6078 6079
f 1411 1408 6080
f 6081 6082 6083
f 6084 6076 3834

