mtllib material.mtl
usemtl material_forearm_0
v 0.03425949 0.05066061 0.00748181
v 0.03173393 0.05066078 0.01491993
v 0.03411310 0.04219973 0.00812173
v -0.00651544 0.05066061 0.03442025
v -0.01179504 0.05066066 0.03297775
v -0.00652599 0.04219967 0.03448784
v 0.03511142 0.04219973 -0.00094089
v -0.03472304 0.05066066 0.00490046
v -0.03494298 0.04219973 -0.00356168
v -0.03477990 0.04219973 0.00415134
v -0.03494310 0.05066066 -0.00294751
v 0.03506571 0.05066066 -0.00032848
v 0.00032854 0.05066066 0.03506106
v 0.00000000 0.04219973 0.03499996
v -0.03302806 0.04219979 0.01195114
v 0.00652504 0.04219967 0.03448796
v -0.03313732 0.05066066 0.01135230
v 0.00945091 0.05066061 0.03382468
v 0.01608085 0.04219973 0.03122299
v -0.03053188 0.05066066 0.01724791
v -0.02803891 0.04219967 0.02115219
v 0.01781654 0.05066055 0.03019881
v -0.02592653 0.05066066 0.02361083
v 0.02457135 0.04219973 0.02509665
v 0.02409172 0.05066043 0.02547615
v -0.02160835 0.04219973 0.02761435
v -0.01900291 0.05066061 0.02953696
v 0.02832031 0.05066066 0.02061057
v 0.03087800 0.04219985 0.01673674
v -0.01491928 0.04219967 0.03173232
v -0.00120443 -0.02941799 0.05499994
v -0.00972235 -0.02768957 0.05500006
v -0.00713944 -0.02848953 0.04549998
v -0.00098747 -0.02930599 0.04550004
v 0.00380081 -0.02907294 0.04549968
v -0.02825009 -0.00714248 0.05500036
v -0.02911192 0.00056182 0.04550004
v -0.02810227 -0.00772607 0.04549992
v 0.00742698 -0.02839881 0.05500024
v -0.02900964 -0.00128752 0.05499994
v 0.01057982 -0.02741038 0.04550004
v 0.01382780 -0.02584832 0.05499994
v -0.02503842 -0.01521778 0.05499941
v -0.02500265 -0.01519656 0.04550039
v 0.01761496 -0.02341890 0.04549992
v 0.01969724 -0.02169454 0.05499827
v -0.02053117 -0.02082890 0.04550212
v 0.02244132 -0.01880335 0.04558521
v -0.02051937 -0.02081680 0.05499994
v 0.02500259 -0.01519662 0.05499982
v -0.01614946 -0.02446508 0.05499899
v -0.01684182 -0.02395385 0.04556316
v 0.02608543 -0.01305061 0.04549992
v -0.01274484 -0.02636682 0.04550051
v 0.02782863 -0.00858402 0.05499970
v 0.02815103 -0.00755906 0.04557842
v 0.02907997 -0.00150275 0.05499994
v 0.02909046 -0.00037260 0.04555803
v 0.03486466 0.04215264 -0.01344650
v 0.03723621 0.04199188 -0.00441235
v 0.03643178 0.04196262 -0.00889468
v 0.03748655 0.04206120 0.00035867
v 0.03009128 0.04214268 -0.02217030
v 0.03255081 0.04204845 -0.01855492
v 0.02606773 0.04209744 -0.02683186
v 0.03009128 0.04214268 -0.02217030
v 0.02711480 0.04145777 -0.02599161
v 0.02606773 0.04209744 -0.02683186
v 0.01961803 0.04215723 -0.03174519
v 0.02323341 0.04185485 -0.02945542
v 0.01961803 0.04215723 -0.03174519
v 0.02606773 0.04209744 -0.02683186
v 0.02323341 0.04185485 -0.02945542
v 0.01961803 0.04215723 -0.03174519
v 0.02323341 0.04185485 -0.02945542
v 0.01924717 0.04169970 -0.03218555
v 0.00759882 0.04215645 0.03654354
v 0.00119871 0.04196417 0.03743720
v 0.00855064 0.04213947 0.03658097
v -0.00206041 0.04218113 0.03720140
v 0.01457977 0.04207926 -0.03442209
v 0.01634591 0.04170590 -0.03383272
v 0.01093953 0.04218482 -0.03562659
v 0.01457977 0.04207926 -0.03442209
v 0.01093953 0.04218482 -0.03562659
v 0.01634591 0.04170590 -0.03383272
v 0.01001828 0.04167830 -0.03620260
v 0.01457977 0.04207926 -0.03442209
v 0.01864624 0.04190021 0.03254860
v 0.01493835 0.04217326 0.03420901
v 0.00855064 0.04213947 0.03658097
v 0.00460333 0.04215401 -0.03704887
v 0.00499058 0.04182761 -0.03718298
v 0.02177429 0.04210692 0.03036475
v 0.01493835 0.04217326 0.03420901
v 0.01864624 0.04190021 0.03254860
v 0.02177429 0.04210692 0.03036475
v 0.01864624 0.04190021 0.03254860
v 0.02352517 0.04179745 0.02924895
v 0.02572250 0.04218548 0.02699440
v 0.02691650 0.04152804 0.02624869
v -0.00334811 0.04208940 -0.03734833
v 0.02572250 0.04218548 0.02699440
v 0.02902215 0.04199552 0.02364325
v 0.03202438 0.04214257 0.01932883
v 0.02902215 0.04199552 0.02364325
v 0.03202438 0.04214257 0.01932883
v 0.02902215 0.04199552 0.02364325
v 0.02691650 0.04152804 0.02624869
v 0.03438180 0.04200196 0.01485794
v 0.03528589 0.04199194 0.01271033
v 0.03659313 0.04219955 0.00661254
v 0.03658771 0.04192572 0.00836635
v 0.03713858 0.04199755 0.00512195
v -0.00725675 0.03034573 0.04532957
v -0.01181221 0.02854853 0.04550153
v 0.00394249 0.03091901 0.04543942
v -0.01445561 0.02765858 0.04535520
v -0.00725675 0.03034573 0.04532957
v -0.01157885 0.02901023 0.04497790
v -0.01181221 0.02854853 0.04550153
v -0.01903748 0.02463400 0.04543310
v -0.01445561 0.02765858 0.04535520
v -0.02407932 0.01963317 0.04544621
v -0.02225756 0.02198684 0.04519534
v -0.02562361 0.01804536 0.04506570
v -0.02407932 0.01963317 0.04544621
v -0.02225756 0.02198684 0.04519534
v 0.03124690 -0.00417602 0.04534322
v 0.02909046 -0.00037260 0.04555803
v 0.02815103 -0.00755906 0.04557842
v -0.02553027 0.01774638 0.04544180
v 0.02929973 -0.01144033 0.04544818
v -0.02087187 0.02000200 0.04554611
v -0.02553027 0.01774638 0.04544180
v -0.02789211 0.01400309 0.04541075
v -0.02803331 0.01403230 0.04484415
v 0.03144329 0.00019920 0.04541140
v 0.03117537 0.00285661 0.04540652
v 0.03144329 0.00019920 0.04541140
v 0.03117638 0.00413334 0.04514235
v -0.02789211 0.01400309 0.04541075
v -0.02525705 0.01405125 0.04551666
v -0.02951174 0.01075834 0.04510241
v 0.03068566 0.00497162 0.04549294
v 0.03144329 0.00019920 0.04541140
v -0.02774429 0.01353710 0.04550004
v -0.03057986 0.00718772 0.04535233
v -0.02789211 0.01400309 0.04541075
v -0.02951174 0.01075834 0.04510241
v 0.03036302 0.00761980 0.04536181
v 0.03010487 0.00886792 0.04502820
v 0.03036302 0.00761980 0.04536181
v -0.02961540 0.00939548 0.04549354
v -0.02961540 0.00939548 0.04549354
v 0.02888822 0.01209002 0.04540526
v 0.02888822 0.01209002 0.04540526
v 0.02780836 0.00837541 0.04554516
v 0.03068566 0.00497162 0.04549294
v 0.02888822 0.01209002 0.04540526
v 0.02772045 0.01411676 0.04549270
v 0.02737504 0.01499176 0.04535353
v 0.02654379 0.01665234 0.04523414
v 0.02372878 0.02037745 0.04537761
v 0.01418393 0.02745211 0.04549926
v 0.01624536 0.02663522 0.04541182
v 0.01624536 0.02663522 0.04541182
v 0.02372878 0.02037745 0.04537761
v 0.02069967 0.02345985 0.04502087
v 0.00816858 0.03011417 0.04534035
v 0.01624536 0.02663522 0.04541182
v 0.01215380 0.02877324 0.04499471
v 0.01418393 0.02745211 0.04549926
v 0.00816858 0.03011417 0.04534035
v -0.00126791 0.03102052 0.04539167
v 0.00394249 0.03091901 0.04543942
v 0.00097235 0.03120762 0.04496276
v -0.00337118 0.03103291 0.04498893
v -0.00725675 0.03034573 0.04532957
v -0.00126791 0.03102052 0.04539167
v 0.02380555 0.04146498 0.02894759
v 0.02464294 0.02074897 0.03815048
v 0.02822011 0.01850545 0.03291678
v 0.02615356 0.02228146 0.03319907
v 0.01624298 0.03209763 0.03517508
v 0.01867520 0.02917760 0.03552812
v 0.01895982 0.02998888 0.03466624
v 0.03607559 0.02537328 0.00963187
v 0.03520250 0.01458531 0.01082199
v 0.03695297 0.02686190 0.00257707
v 0.02295011 0.02697002 0.03329205
v 0.02186417 0.02814185 0.03349018
v 0.02217245 0.02502268 0.03615248
v 0.02447187 0.02355504 0.03451389
v 0.02548599 0.02539241 0.03159683
v 0.03063493 0.00735611 0.04149127
v 0.03134185 0.00442040 0.03878659
v 0.01809757 -0.02524006 0.03310745
v 0.01671266 -0.02339136 0.02268767
v 0.01956129 -0.02195268 0.02449584
v 0.01660841 0.03046208 0.03599804
v 0.02179718 0.02384293 0.03852248
v 0.02089333 0.02736002 0.03508973
v 0.01538676 -0.02771002 0.03962987
v 0.01334953 -0.02785950 0.03258484
v 0.02115106 0.02629202 0.03591442
v 0.02279591 0.02622276 0.03408414
v 0.02018600 0.02732098 0.03588718
v 0.00199187 0.03555804 0.03767299
v 0.00536346 0.03548610 0.03734374
v 0.00137567 0.03587704 0.03764396
v 0.01284873 0.03221184 0.03680121
v 0.01624298 0.03209763 0.03517508
v 0.01235955 0.03310185 0.03652542
v 0.03092205 -0.00393784 0.01643252
v 0.02979665 -0.00184256 0.00572753
v 0.03227925 0.00373584 0.00516099
v 0.02460658 0.04031652 0.02826428
v 0.02843993 0.04057276 0.02443671
v 0.02865600 0.04173260 0.02431273
v 0.02223539 -0.02145135 0.03125017
v 0.02258127 -0.01785099 0.01978278
v 0.02064675 0.04039722 0.03125023
v 0.02740669 0.01717931 0.03754013
v 0.02903771 0.01338994 0.03791397
v 0.02989006 0.01391041 0.03347754
v 0.02995431 0.01095789 0.03793406
v 0.00416762 0.03471928 0.03775477
v 0.00820160 0.03477650 0.03703469
v 0.02876728 0.01264923 0.04222577
v 0.01534265 0.02926331 0.03811240
v 0.02869617 0.04043823 0.02413207
v 0.02684760 0.01645809 0.04109287
v 0.03519469 0.01363438 0.00673300
v 0.03256011 0.00072789 0.01647251
v 0.03418546 0.00966632 0.00505423
v 0.02585905 0.03959757 0.02709221
v 0.00309372 0.03402507 0.03826117
v 0.00847483 0.03312093 0.03786063
v 0.02573984 -0.01540380 0.02377861
v 0.02297592 -0.01492887 0.01345801
v 0.02632075 -0.01066213 0.01252913
v 0.01193016 -0.02944082 0.04536736
v 0.01229679 -0.02920597 0.03961449
v 0.02955240 0.03567779 0.02313971
v -0.00082111 0.03475838 0.03803801
v 0.02691650 0.04152804 0.02624869
v 0.00261778 0.03764420 -0.03743553
v 0.00169027 0.03340089 -0.03717809
v -0.00179750 0.03243911 -0.03720086
v 0.00593489 0.03518182 -0.03691524
v 0.00790215 0.03145200 -0.03623312
v 0.02122879 0.02515953 0.03730303
v 0.00585747 0.02562695 -0.03556323
v -0.00183010 0.02807033 -0.03647923
v 0.01853561 0.02645075 0.03910034
v 0.01814717 -0.02592241 0.04543232
v 0.01897186 -0.02537620 0.03984713
v 0.00042725 0.02323704 -0.03527665
v 0.03411477 0.01384532 0.01818054
v 0.01317971 0.03433597 -0.03506112
v -0.00193685 0.01884639 -0.03370118
v 0.00847483 0.03312093 0.03786063
v 0.01624298 0.03209763 0.03517508
v 0.01284873 0.03221184 0.03680121
v 0.01011991 0.02596467 -0.03449642
v 0.00688267 0.01568394 -0.03154397
v 0.00388479 0.01418483 -0.03119492
v 0.02878803 -0.00795090 0.01529091
v 0.00853920 0.03198802 0.03877997
v 0.01461601 0.02918606 -0.03377366
v -0.00219154 0.01102626 -0.02951073
v 0.00261688 0.03281193 0.03929305
v 0.01691883 0.03367555 -0.03322565
v 0.03317826 0.00348556 0.01860022
v 0.01548665 0.02342784 -0.03184145
v 0.02323341 0.04185485 -0.02945542
v 0.01634591 0.04170590 -0.03383272
v 0.01924717 0.04169970 -0.03218555
v 0.02108192 0.03424084 -0.03091830
v 0.01188939 0.01695042 -0.03077721
v 0.00445938 0.00828349 -0.02721810
v -0.00096893 0.00486553 -0.02506661
v 0.02243947 0.03644454 -0.02995872
v 0.02291762 0.03956317 0.02965182
v 0.02418559 0.01995831 0.04279804
v 0.02135843 0.02340948 0.04065299
v 0.00755781 0.03236949 0.03874564
v 0.01992791 0.02801311 -0.03068178
v 0.00191450 0.03369396 0.03856915
v 0.01283735 0.01075536 -0.02671831
v 0.01092761 0.01269358 -0.02861863
v 0.02017408 0.04005348 0.03160434
v 0.01645272 0.01671302 -0.02864098
v 0.00755781 0.03236949 0.03874564
v 0.01534265 0.02926331 0.03811240
v 0.00853920 0.03198802 0.03877997
v 0.00782728 0.03135854 0.03977555
v 0.01345437 0.02965724 0.03907752
v 0.03398323 0.03244858 0.01590698
v 0.03448861 0.02587682 0.01550644
v 0.03557491 0.03258305 0.01184433
v 0.01252985 0.02904057 0.04112833
v 0.00648683 0.00364482 -0.02336519
v 0.00103539 -0.00098622 -0.02013802
v 0.02510923 -0.01872551 0.03394001
v 0.01808327 0.04082518 0.03285306
v 0.01864624 0.04190021 0.03254860
v 0.01539063 0.04110854 0.03414934
v 0.01034605 0.00829595 -0.02580505
v 0.02508354 0.03518849 0.02803397
v 0.02626419 0.03329163 -0.02654290
v 0.02117836 0.02314239 0.04270577
v 0.02283096 0.02644622 -0.02823656
v 0.01653569 0.02722990 0.04042690
v 0.01497465 0.04139792 0.03438133
v 0.01864624 0.04190021 0.03254860
v 0.00855064 0.04213947 0.03658097
v 0.01774060 0.02579778 0.04257798
v 0.00695795 -0.00285542 -0.01736855
v 0.02806270 -0.01245272 0.02591484
v 0.02037811 0.01974666 -0.02750802
v 0.02161562 -0.02318865 0.04520797
v 0.02980244 0.04026865 -0.02276277
v 0.02790766 0.03465712 0.02522182
v 0.01051706 0.00328523 -0.02173370
v 0.01047289 0.03033787 0.03999310
v 0.02210509 -0.02268129 0.03996139
v 0.00034618 0.03252393 0.03985565
v 0.02372878 0.02037745 0.04537761
v 0.00496978 -0.00625342 -0.01419907
v -0.00298309 -0.00688374 -0.01395815
v 0.02539062 0.02628314 -0.02587151
v 0.01497465 0.04139792 0.03438133
v 0.00855064 0.04213947 0.03658097
v 0.00472450 -0.01010334 -0.00977731
v 0.00029421 -0.01216703 -0.00783181
v 0.01880991 0.01411294 -0.02553445
v 0.01115047 0.00201553 -0.02041208
v 0.02970695 0.03315532 -0.02259653
v 0.03176587 0.03320890 0.02004218
v 0.00421423 0.03143334 0.04093337
v 0.01835823 0.00864971 -0.02208352
v 0.02410721 0.02093428 -0.02493262
v 0.00793922 0.03059870 0.04125326
v 0.03255081 0.04204845 -0.01855492
v 0.03303521 0.01732814 0.02171683
v 0.02231216 0.01649647 -0.02431893
v 0.02069967 0.02345985 0.04502087
v 0.01480782 0.04016453 0.03443586
v 0.01397442 0.00326294 -0.02020537
v 0.01505857 0.00296909 -0.01931542
v 0.01855742 0.03969097 0.03257375
v 0.01077836 -0.00509846 -0.01373696
v 0.01808327 0.04017525 0.03285306
v 0.02064675 0.04039722 0.03125023
v 0.01480782 0.04016453 0.03443586
v 0.02264595 0.01252162 -0.02151894
v 0.01838684 0.03754985 0.03274321
v 0.01392376 0.00190002 -0.01902115
v 0.01539808 0.02720087 0.04318368
v 0.03251266 0.02290141 0.02115982
v 0.01808327 0.04000073 0.03285306
v 0.02662175 0.01814442 -0.02102303
v 0.02928441 0.02425563 -0.02076929
v 0.03269284 0.03565579 -0.01826882
v 0.00945514 -0.00709981 -0.01196396
v 0.00459290 -0.01507771 -0.00333810
v 0.00024045 0.03177869 0.04101055
v 0.01488006 0.03985041 0.03440582
v 0.02017408 0.04005348 0.03160434
v 0.01808327 0.04000073 0.03285306
v 0.03500121 0.03777104 -0.01352715
v 0.03486466 0.04215264 -0.01344650
v 0.01212251 0.02882945 0.04300516
v 0.01480782 0.04016453 0.03443586
v 0.01871943 0.00487184 -0.01855570
v 0.00742906 0.04190242 0.03688901
v -0.00021172 -0.01664936 -0.00159854
v 0.03643178 0.04196262 -0.00889468
v 0.01855742 0.03969097 0.03257375
v 0.02017408 0.04005348 0.03160434
v 0.01488006 0.03985041 0.03440582
v 0.00822014 0.03013509 0.04310768
v 0.01480031 -0.00298989 -0.01369643
v 0.02488917 -0.01964837 0.04517173
v 0.01072877 -0.01220136 -0.00523400
v 0.01480782 0.04016453 0.03443586
v 0.01864624 0.04190021 0.03254860
v 0.01808327 0.04082518 0.03285306
v 0.02964133 -0.01039832 0.03196811
v 0.02505344 0.01370424 -0.01980626
v 0.01624536 0.02663522 0.04541182
v 0.01819586 0.00057589 -0.01489681
v 0.02749443 -0.01545721 0.03677207
v 0.03248780 0.02988415 -0.01763361
v 0.00477409 -0.01916706 0.00312394
v 0.02603840 0.01594334 -0.02029055
v 0.02358627 0.00660503 -0.01581972
v 0.01472961 -0.00450808 -0.01209199
v 0.00452524 0.03088527 0.04292458
v 0.01215380 0.02877324 0.04499471
v 0.00893402 -0.01735121 0.00154465
v 0.02144902 0.00516474 -0.01651406
v 0.00106889 0.03121078 0.04280138
v 0.01272672 0.03996509 0.03520762
v 0.02064675 0.04039722 0.03125023
v 0.01808327 0.04017525 0.03285306
v 0.01272672 0.03996509 0.03520762
v 0.01808327 0.04017525 0.03285306
v 0.01480782 0.04016453 0.03443586
v 0.00089073 -0.02113538 0.00587058
v 0.01488006 0.03985041 0.03440582
v 0.01808327 0.04000073 0.03285306
v 0.02064675 0.04039722 0.03125023
v 0.01272672 0.03996509 0.03520762
v 0.02137571 0.00394857 -0.01546120
v 0.01536577 0.03947031 0.03415590
v 0.02536779 0.01167255 -0.01793801
v 0.02574771 0.03475999 0.02744430
v 0.02731508 0.03186595 0.02634787
v 0.01682204 -0.00497222 -0.01007670
v 0.03025048 0.02552586 0.02447867
v 0.03638535 0.03381186 -0.00872064
v 0.03503513 0.03255301 -0.01277947
v 0.03239911 0.02508533 -0.01612871
v 0.01922392 -0.00186324 -0.01153510
v 0.00816858 0.03011417 0.04534035
v 0.01272672 0.03996509 0.03520762
v 0.00957507 0.03994137 0.03621691
v 0.02906411 0.01474362 -0.01560235
v 0.00742906 0.04190242 0.03688901
v 0.00855064 0.04213947 0.03658097
v 0.00117201 0.04168874 0.03750342
v 0.02941894 0.02897441 0.02467697
v 0.01726239 -0.00718892 -0.00741220
v 0.01413911 -0.01194959 -0.00323892
v 0.01212185 0.03970545 0.03542304
v 0.01536577 0.03947031 0.03415590
v 0.01855742 0.03969097 0.03257375
v 0.01212185 0.03970545 0.03542304
v 0.01855742 0.03969097 0.03257375
v 0.01488006 0.03985041 0.03440582
v 0.00453657 -0.02318006 0.01057785
v -0.00211906 -0.02325642 0.01025748
v 0.01212185 0.03970545 0.03542304
v 0.01488006 0.03985041 0.03440582
v 0.01088380 0.03972506 0.03579044
v 0.03206914 0.01984673 -0.01380181
v 0.02495956 0.00732982 -0.01499581
v 0.02102172 -0.00139827 -0.01033926
v 0.03460073 0.02687919 -0.01184099
v 0.03723621 0.04199188 -0.00441235
v 0.02059173 -0.00540745 -0.00599307
v 0.02119439 0.03557765 0.03104370
v 0.01421350 -0.01404482 -0.00001225
v 0.03057152 -0.00796038 0.03674501
v 0.00338548 -0.02623754 0.01755881
v -0.00243837 -0.02651029 0.01786392
v 0.03157275 0.01653468 -0.01231020
v 0.02139282 0.03555095 0.03106665
v 0.03712731 0.03119146 -0.00346738
v 0.02119439 0.03557765 0.03104370
v 0.02139282 0.03555095 0.03106665
v 0.02508354 0.03518849 0.02803397
v 0.03306096 0.01350200 0.02297568
v 0.03226089 0.00260079 0.02981734
v 0.02412503 0.00026660 -0.00858057
v 0.00919324 0.03980255 0.03635168
v 0.01488006 0.03985041 0.03440582
v 0.03438115 0.02208977 -0.00971627
v 0.02400040 0.03333014 0.02926921
v 0.02884620 0.01089942 -0.01240402
v 0.01088380 0.03972506 0.03579044
v 0.01488006 0.03985041 0.03440582
v 0.00919324 0.03980255 0.03635168
v 0.02841794 0.00770152 -0.01010066
v 0.00931549 -0.02228742 0.01126456
v 0.03210800 0.00707114 0.02992987
v 0.01319313 -0.01883900 0.00707603
v 0.01735115 -0.01262867 0.00064445
v 0.02513659 0.00035656 -0.00751895
v 0.03610420 0.02653205 -0.00652814
v 0.00722075 -0.02561962 0.01782584
v 0.00171125 -0.02880108 0.02464270
v 0.02199798 -0.00422341 -0.00583160
v 0.01088380 0.03972506 0.03579044
v 0.01536577 0.03947031 0.03415590
v 0.01212185 0.03970545 0.03542304
v 0.01514887 0.03817409 0.03425031
v 0.01013582 0.03948873 0.03610450
v 0.01536577 0.03947031 0.03415590
v 0.01088380 0.03972506 0.03579044
v 0.02449208 -0.00233799 -0.00488514
v 0.03354388 0.01445949 -0.00540566
v 0.03744864 0.03513664 0.00045344
v 0.03748655 0.04206120 0.00035867
v 0.00524831 -0.02835279 0.02447867
v 0.01088547 0.03847265 0.03583651
v 0.03709602 0.03466063 0.00529641
v 0.03713858 0.04199755 0.00512195
v 0.01968872 -0.01089435 0.00058630
v 0.00885236 0.03919357 0.03641659
v 0.01013582 0.03948873 0.03610450
v 0.01088380 0.03972506 0.03579044
v 0.00582874 0.03983658 0.03702545
v 0.03108549 0.00803554 -0.00515962
v 0.02329772 0.03339642 0.02983134
v 0.00885236 0.03919357 0.03641659
v 0.00885236 0.03919357 0.03641659
v 0.01536577 0.03947031 0.03415590
v 0.01013582 0.03948873 0.03610450
v 0.02400040 0.03333014 0.02926921
v 0.02543216 0.03270006 0.02809840
v 0.02731508 0.03186595 0.02634787
v 0.03148669 -0.00327921 0.03626275
v 0.02405732 -0.00483906 -0.00223637
v 0.01562500 0.03695762 0.03420329
v 0.01852512 -0.01698499 0.00960898
v 0.02052402 -0.01127332 0.00228810
v 0.02803993 0.00174397 -0.00399923
v 0.01377934 -0.02099770 0.01233732
v 0.03115463 0.01760280 0.02687805
v 0.00117201 0.04168874 0.03750342
v 0.02749097 -0.01559579 0.04531741
v 0.00427151 -0.03047502 0.03215759
v -0.00078970 -0.03120142 0.03451126
v 0.02674859 0.03014934 0.02753043
v 0.01562500 0.03695762 0.03420329
v 0.00582874 0.03983658 0.03702545
v 0.01088380 0.03972506 0.03579044
v 0.00919324 0.03980255 0.03635168
v 0.01266098 -0.02407467 0.01843619
v 0.03537029 0.01841819 -0.00251740
v 0.02727353 0.02733170 0.02806991
v 0.02754467 -0.00002023 -0.00266904
v 0.02938497 -0.01171106 0.04520201
v 0.01088380 0.03972506 0.03579044
v 0.00582874 0.03983658 0.03702545
v 0.00436312 0.03960984 0.03722131
v 0.02206414 0.03236186 0.03126883
v 0.02543216 0.03270006 0.02809840
v 0.01088380 0.03972506 0.03579044
v 0.00436312 0.03960984 0.03722131
v 0.03658771 0.04192572 0.00836635
v 0.00205684 0.03991854 0.03744345
v 0.00923902 -0.02754032 0.02502036
v 0.00007224 0.03818762 0.03751575
v 0.02144479 0.03332352 0.03131932
v 0.02153801 0.03378778 0.03111732
v 0.02397251 -0.00979054 0.00496262
v 0.03528589 0.04199194 0.01271033
v 0.02973932 0.02288609 0.02687430
v 0.00205684 0.03981775 0.03744345
v 0.00445318 -0.03140056 0.03935664
v 0.02607107 -0.00590140 0.00281876
v 0.00205684 0.03975600 0.03744345
v 0.02167230 -0.01367962 0.00840729
v 0.01680767 -0.01964133 0.01301044
v 0.03151321 0.01335132 0.02856796
v 0.02360481 0.03076624 0.03043699
v 0.02411454 0.03029996 0.03016185
v 0.01874542 0.03445225 0.03280234
v 0.01874542 0.03445225 0.03280234
v 0.02153801 0.03378778 0.03111732
v 0.02329772 0.03339642 0.02983134
v 0.03077614 -0.00699335 0.04514271
v 0.00512195 0.03925448 0.03713500
v 0.03624165 0.02112269 0.00077254
v 0.00788742 0.03768557 0.03660517
v 0.03416627 0.04150944 0.01547980
v 0.03438180 0.04200196 0.01485794
v 0.02651000 0.02667421 0.02936387
v -0.00052789 -0.03180330 0.04541069
v 0.00550026 0.03874135 0.03709238
v 0.02208369 0.03145855 0.03144520
v 0.03179550 0.00945079 0.03043341
v 0.03202438 0.04214257 0.01932883
v 0.01541519 0.03481471 0.03438156
v 0.01345008 -0.02594578 0.02534842
v 0.01433563 0.03392589 0.03527808
v 0.00505066 0.03848820 0.03719300
v 0.03037667 0.00281966 0.00005138
v 0.00936299 -0.02940857 0.03259921
v 0.00867653 0.03696995 0.03654456
v 0.02271980 0.02987897 0.03169041
v 0.00407553 -0.03153818 0.04532003
v 0.01948922 -0.01954710 0.01685684
v 0.02405899 0.02868270 0.03100889
v 0.02889639 0.02100783 0.02940011
v 0.02053219 0.03165590 0.03256809
v 0.03097951 0.00935256 0.03458374
v 0.01054811 0.03578174 0.03623986
v 0.02661752 0.02433019 0.03074181
v 0.02851659 0.02147996 0.02975893
v 0.00922340 -0.03033179 0.03952103
v 0.03198534 0.04100000 0.01957559
v 0.02711546 -0.00605804 0.00568807
v 0.02351361 0.02824205 0.03181010
v 0.03158205 0.00018918 0.03971457
v 0.01624298 0.03209763 0.03517508
v 0.02053219 0.03165590 0.03256809
v 0.02208369 0.03145855 0.03144520
v 0.03177016 0.04078578 0.01992273
v 0.02865600 0.04173260 0.02431273
v 0.03202438 0.04214257 0.01932883
v 0.02691650 0.04152804 0.02624869
v 0.02339524 0.02763009 0.03232091
v 0.03124690 -0.00417602 0.04534322
v 0.00365657 0.03737360 0.03728252
v 0.02149266 0.02920502 0.03310239
v 0.01970922 0.03063941 0.03368222
v 0.02006888 0.03005313 0.03376626
v 0.00387573 0.03706341 0.03730750
v 0.00982815 0.03512668 0.03648489
v 0.02058017 0.02027696 0.04549986
v 0.01486247 0.02463924 0.04549777
v 0.02482527 0.01473867 0.04550254
v 0.01035404 0.02681303 0.04550027
v 0.00478172 0.02835279 0.04549998
v -0.00210011 0.02868700 0.04549998
v -0.00915289 0.02728456 0.04549986
v 0.02482026 -0.01946413 0.04546546
v 0.02608543 -0.01305061 0.04549992
v -0.01486301 0.02463924 0.04549777
v 0.02244132 -0.01880335 0.04558521
v 0.01814717 -0.02592241 0.04543232
v 0.01761496 -0.02341890 0.04549992
v 0.01057982 -0.02741038 0.04550004
v -0.02758860 0.00885123 0.04550004
v -0.00052789 -0.03180330 0.04541069
v 0.00380081 -0.02907294 0.04549968
v -0.02911192 0.00056182 0.04550004
v -0.03144288 0.00028932 0.04541498
v -0.00098747 -0.02930599 0.04550004
v -0.03100520 -0.00229323 0.04549139
v -0.00713944 -0.02848953 0.04549998
v -0.02810227 -0.00772607 0.04549992
v -0.03115195 -0.00467902 0.04538702
v -0.00996017 -0.02998602 0.04545867
v -0.02843672 -0.01389616 0.04549556
v -0.02500265 -0.01519656 0.04550039
v -0.01243603 -0.02889883 0.04549217
v -0.01274484 -0.02636682 0.04550051
v -0.02343481 -0.02126389 0.04546546
v -0.01684182 -0.02395385 0.04556316
v -0.02053117 -0.02082890 0.04550212
v -0.02211952 0.04219973 -0.02720659
v -0.02607148 0.04213875 -0.02684140
v -0.02762311 0.04219979 -0.02160191
v -0.03367608 0.04218322 -0.01596474
v -0.01700401 0.04217648 -0.03318715
v -0.01551049 0.04219973 -0.03144574
v -0.03234046 0.04219979 -0.01370263
v -0.00928879 0.04219973 -0.03376698
v -0.03650641 0.04215568 -0.00758570
v -0.00334811 0.04208940 -0.03734833
v -0.03494298 0.04219973 -0.00356168
v -0.00262159 0.04219973 -0.03498005
v -0.03722268 0.04214709 -0.00237131
v 0.00460333 0.04215401 -0.03704887
v -0.03663182 0.04218953 0.00670600
v 0.00689506 0.04219973 -0.03443592
v -0.03477990 0.04219973 0.00415134
v -0.03302806 0.04219979 0.01195114
v 0.01551049 0.04219973 -0.03144574
v -0.03492730 0.04210764 0.01341217
v -0.02803891 0.04219967 0.02115219
v -0.02821922 0.04219835 0.02421540
v 0.02319329 0.04219985 -0.02637410
v -0.02160835 0.04219973 0.02761435
v 0.02915954 0.04219973 -0.01947522
v -0.01991266 0.04216092 0.03157013
v -0.01491928 0.04219967 0.03173232
v 0.03327465 0.04219979 -0.01124620
v -0.00934410 0.04213100 0.03628683
v -0.00652599 0.04219967 0.03448784
v 0.03511142 0.04219973 -0.00094089
v 0.00000000 0.04219973 0.03499996
v 0.00652504 0.04219967 0.03448796
v 0.03411310 0.04219973 0.00812173
v 0.03087800 0.04219985 0.01673674
v 0.01608085 0.04219973 0.03122299
v 0.02457135 0.04219973 0.02509665
v -0.02833527 0.02467310 0.02795916
v -0.02482223 0.02772319 0.03082633
v -0.02805137 0.02613246 0.02761811
v -0.03608036 0.03623515 -0.01020830
v -0.03698325 0.03408938 -0.00594634
v -0.03597474 0.04193770 -0.01056361
v -0.00308186 0.03106969 0.04288506
v -0.02721852 0.00230735 -0.00624788
v -0.02820587 -0.00163466 0.00067496
v -0.02992886 0.00655544 -0.00583291
v -0.00408745 0.03526669 -0.03725332
v -0.01103585 0.03423672 -0.03574681
v -0.00832868 0.03720176 -0.03651177
v -0.02959072 0.01070427 0.04155033
v -0.03172111 -0.00008631 0.03668189
v -0.03209662 0.00552148 0.03091597
v -0.03231561 0.00176507 0.02905815
v -0.01760149 0.01388907 -0.02617484
v -0.02088165 0.01689320 -0.02577233
v -0.01698851 0.01912575 -0.02929925
v -0.02383720 0.02545046 0.03351652
v -0.02062809 0.02745240 0.03531140
v -0.02186113 0.02696317 0.03444868
v -0.01088517 0.03014552 -0.03527474
v -0.01552456 0.02751553 0.04122710
v -0.00967407 0.03029811 0.04073303
v -0.01110458 0.03077113 0.03912323
v -0.01890188 0.01118022 -0.02340734
v -0.01604586 0.02775180 0.03978419
v -0.01870346 0.02843266 0.03631186
v -0.01859217 0.02762413 0.03710669
v -0.02151477 0.02610236 0.03569489
v -0.02012473 0.00770074 -0.01983368
v -0.02138519 0.01210957 -0.02228188
v -0.02610397 0.00039470 -0.00581759
v -0.03144001 0.00340104 0.03927493
v -0.03107815 0.00779182 0.03610199
v -0.00711054 0.02448070 -0.03493326
v -0.01406860 0.02844798 -0.03386133
v -0.01195389 0.02892684 0.04245984
v -0.01284790 0.02245509 -0.03267884
v -0.01703989 0.02151542 -0.03023141
v -0.01544952 0.01434886 -0.02778649
v -0.03048127 0.02459514 0.02464652
v -0.03119975 -0.00482965 0.02390336
v -0.03177464 -0.00265801 0.02894568
v -0.03413736 0.00792980 0.01055490
v -0.03238552 0.00081146 0.01392722
v -0.01202386 0.01627147 -0.03026223
v -0.02089726 0.00517279 -0.01703542
v -0.02415841 0.01400929 -0.02100777
v -0.02193069 0.00451458 -0.01549935
v -0.02825355 0.02456462 0.02835440
v -0.03079360 0.00679469 0.04098916
v -0.02464962 0.02584433 0.03223079
v -0.03150177 0.02354228 0.02302902
v -0.03178709 0.02572000 0.02171665
v -0.02411139 0.02619129 0.03259575
v -0.00788271 0.03025668 0.04267925
v -0.00563878 0.02844226 -0.03608626
v -0.02416992 0.02469933 0.03381830
v -0.03710675 0.03203421 0.00463843
v -0.03518670 0.02305400 0.01337790
v -0.03666639 0.04175513 0.00808692
v -0.00934410 0.04213100 0.03628683
v -0.00395459 0.04101496 0.03728049
v -0.00413895 0.04199028 0.03726106
v -0.00614876 0.04136425 0.03697127
v -0.00395459 0.04101496 0.03728049
v -0.00934410 0.04213100 0.03628683
v -0.02767401 0.00725883 -0.01088911
v -0.02243036 0.00256908 -0.01332491
v -0.03711813 0.02842861 0.00116956
v -0.03744316 0.03522664 -0.00129241
v -0.00260770 0.04039788 0.03740906
v -0.00656128 0.04136407 0.03702056
v -0.00656128 0.04136407 0.03702056
v -0.03060036 -0.00370222 0.01334160
v -0.02928185 -0.00173104 0.00398803
v -0.03174489 0.00366390 0.00342917
v -0.03572458 0.01942241 0.01013541
v -0.01663345 0.00777358 -0.02237701
v -0.03057986 0.00718772 0.04535233
v -0.02991038 0.02168768 0.02703845
v -0.00823814 0.02078342 -0.03335309
v -0.02644866 -0.00479001 0.00210023
v -0.03377914 0.02626591 0.01727652
v -0.02292943 0.02443796 0.03580719
v -0.01792412 0.00466847 -0.01894360
v -0.00711626 0.03947895 0.03677737
v -0.03432512 0.04185348 -0.01513028
v -0.02005708 0.02610802 0.03752845
v -0.01441490 0.00886935 -0.02445697
v -0.01502794 0.04183375 0.03438919
v -0.00656128 0.04136407 0.03702056
v -0.00934410 0.04213100 0.03628683
v -0.03654527 0.02544343 -0.00305623
v -0.02102690 0.02535700 0.03724801
v -0.02374988 -0.00421345 -0.00365853
v -0.02041244 0.02556782 0.03780716
v -0.03129041 0.00322598 0.04519939
v -0.00356430 0.03876030 0.03732037
v -0.00711626 0.03947895 0.03677737
v -0.00585914 0.03918462 0.03701990
v -0.00834161 0.03972399 0.03655135
v -0.00910109 0.04010874 0.03635770
v -0.01173245 0.04047447 0.03558492
v 0.00007224 0.03818762 0.03751575
v -0.00689697 0.01460063 -0.03092592
v -0.02740025 0.02281451 0.03065180
v -0.02959460 -0.00936258 0.02549958
v -0.01088649 0.01079809 -0.02736365
v -0.01203531 0.00846660 -0.02548623
v -0.01717394 0.00316220 -0.01817542
v -0.02382785 0.02398079 0.03505206
v -0.01367765 0.04057866 0.03490531
v -0.03613102 0.01962316 0.00553989
v -0.01313251 0.03983914 0.03508496
v -0.02831137 -0.00751609 0.01233249
v -0.01755005 0.04062658 0.03310441
v -0.03144288 0.00028932 0.04541498
v -0.01367765 0.04057866 0.03490531
v -0.00910109 0.04010874 0.03635770
v -0.01173245 0.04047447 0.03558492
v -0.02627134 -0.00793660 0.00697678
v -0.02733588 0.02245301 0.03104251
v -0.01755005 0.04062658 0.03310441
v -0.01367765 0.04057866 0.03490531
v -0.00656128 0.04136407 0.03702056
v -0.01318633 0.04023712 0.03510582
v -0.00910109 0.04010874 0.03635770
v -0.01367765 0.04057866 0.03490531
v -0.01173245 0.04014730 0.03558492
v -0.03353112 0.01960545 0.01965683
v -0.00554276 0.03831279 0.03710144
v -0.00356430 0.03876030 0.03732037
v -0.00585914 0.03918462 0.03701990
v -0.01237028 0.03861612 0.03537327
v -0.01405107 0.03971999 0.03472429
v -0.01490586 0.04005378 0.03440392
v -0.00910109 0.04010874 0.03635770
v -0.01173245 0.04014730 0.03558492
v -0.01531910 0.00280327 -0.01901859
v -0.03583663 0.02996116 -0.00941968
v -0.00585914 0.03918462 0.03701990
v -0.01515156 0.04036867 0.03430372
v -0.01173245 0.04014730 0.03558492
v -0.01318633 0.04023712 0.03510582
v -0.01515156 0.04036867 0.03430372
v -0.03115195 -0.00467902 0.04538702
v -0.03165340 0.01787364 0.02554672
v -0.00811577 0.03859782 0.03660821
v -0.01237028 0.03861612 0.03537327
v -0.01490586 0.04005378 0.03440392
v -0.01173245 0.04014730 0.03558492
v -0.00310898 0.03672772 0.03738945
v -0.01405107 0.03971999 0.03472429
v -0.01990890 0.04163056 0.03181427
v -0.03027218 -0.00915802 0.04101061
v -0.03431320 0.03394091 -0.01486223
v -0.01970672 -0.00465596 -0.00793099
v -0.01490586 0.04005378 0.03440392
v -0.00744432 0.01020222 -0.02817934
v -0.02881234 0.02151286 0.02913260
v -0.00526112 0.03735482 0.03709894
v -0.01674026 0.03970354 0.03351014
v -0.01755005 0.04062658 0.03310441
v -0.03146404 -0.00155145 0.04526031
v -0.01026713 0.03846424 0.03606438
v -0.01515156 0.03938019 0.03430372
v -0.01237028 0.03861612 0.03537327
v -0.01674026 0.03970354 0.03351014
v -0.00607026 0.03062832 0.04313498
v -0.02748304 -0.01271355 0.02274101
v -0.00997853 0.03770285 0.03614193
v -0.01579838 -0.00273073 -0.01333492
v -0.01901906 0.02519655 0.04107111
v -0.02275896 -0.00948024 0.00270188
v -0.01832890 0.04002910 0.03271669
v -0.01313251 0.03983914 0.03508496
v -0.01490586 0.04005378 0.03440392
v -0.03189468 0.03625667 -0.01968407
v -0.03173160 0.04200977 -0.01995873
v -0.01882511 0.03993427 0.03242874
v -0.01405107 0.03971999 0.03472429
v -0.01313251 0.03983914 0.03508496
v -0.01882511 0.03993427 0.03242874
v -0.01892840 0.03954148 0.03235888
v -0.01952809 0.04041934 0.03200101
v -0.02528834 -0.01206791 0.01295059
v -0.01680833 -0.00391257 -0.01131963
v -0.01674026 0.03970354 0.03351014
v -0.01405107 0.03971999 0.03472429
v -0.01892840 0.03954148 0.03235888
v -0.02308732 -0.01039373 0.00484920
v -0.03436851 0.01342564 0.01680350
v -0.01829433 -0.01023304 -0.00219369
v -0.02680760 0.02159339 0.03271418
v -0.01892840 0.03954148 0.03235888
v -0.01515156 0.03938019 0.03430372
v -0.01674026 0.03970354 0.03351014
v -0.00725675 0.03034573 0.04532957
v -0.01095193 0.03643494 0.03595989
v -0.02359575 0.02238559 0.03766417
v -0.00764084 0.03584080 0.03690457
v -0.02383738 0.04064667 0.02889364
v -0.02410882 0.04193592 0.02868628
v -0.01671636 0.03824079 0.03352421
v -0.01237028 0.03861612 0.03537327
v -0.00899458 0.00301337 -0.02203977
v -0.00997949 0.00230199 -0.02125185
v -0.01952809 0.04041934 0.03200101
v -0.01755005 0.04062658 0.03310441
v -0.03591310 0.01894032 0.00106949
v -0.01507180 0.03758800 0.03439205
v -0.01530259 -0.00802052 -0.00761056
v -0.01419544 -0.00422871 -0.01292055
v -0.00544626 0.00501823 -0.02455401
v -0.02277332 0.04031938 0.02979367
v -0.02590954 0.04023200 0.02706003
v -0.02590954 0.04023200 0.02706003
v -0.01952809 0.04041934 0.03200101
v -0.02277332 0.04031938 0.02979367
v -0.01157885 0.02901023 0.04497790
v -0.01304250 -0.00748229 -0.00968856
v -0.02334171 0.03999066 0.02931857
v -0.01882511 0.03993427 0.03242874
v -0.02590954 0.04023200 0.02706003
v -0.03051799 0.01872283 0.02761518
v -0.02334171 0.03999066 0.02931857
v -0.03538864 0.02308350 -0.00710028
v -0.02252483 -0.01455128 0.01156204
v -0.02214193 0.02296906 0.03990340
v -0.02761834 0.02050197 0.03235214
v -0.01524734 0.03703105 0.03435295
v -0.02233117 0.03755360 0.03015494
v -0.02262943 0.03972393 0.02990472
v -0.01931214 -0.01200419 0.00188464
v -0.02590954 0.04023200 0.02706003
v -0.02262943 0.03972393 0.02990472
v -0.01892840 0.03954148 0.03235888
v -0.02590954 0.04023200 0.02706003
v -0.01892840 0.03954148 0.03235888
v -0.02334171 0.03999066 0.02931857
v -0.02590954 0.04023200 0.02706003
v -0.02896285 -0.01260262 0.03800731
v -0.01584815 0.02694374 0.04353082
v -0.00438684 -0.00021565 -0.02035921
v -0.01048284 -0.00416523 -0.01474803
v -0.01880419 0.03820610 0.03244060
v -0.01671636 0.03824079 0.03352421
v -0.02233117 0.03755360 0.03015494
v -0.02590954 0.04023200 0.02706003
v -0.02701568 0.04169261 0.02601218
v -0.03039401 -0.00855321 0.04518467
v -0.02826309 0.03977435 -0.02472513
v -0.02927017 0.04196739 -0.02337282
v -0.02702862 0.04117888 0.02599781
v -0.03078454 0.04199987 0.02140212
v -0.03175538 0.02931535 -0.01881432
v -0.02477461 -0.01658540 0.02330756
v -0.02607148 0.04213875 -0.02684140
v -0.03399324 0.02667599 -0.01331353
v -0.03387349 0.00841319 0.01821494
v -0.01055717 -0.00851643 -0.00987649
v -0.02695393 0.01930415 0.03508353
v -0.01739794 -0.01635563 0.00691575
v -0.02698785 0.04039824 0.02604019
v -0.01924788 0.03730261 0.03220075
v -0.01880419 0.03820610 0.03244060
v -0.00746751 -0.00566268 -0.01421374
v -0.02884006 -0.01285982 0.04535758
v -0.02700823 0.04008442 0.02601897
v -0.03040307 0.01572597 0.03023880
v -0.01250553 -0.01487165 -0.00026345
v -0.01571905 0.03590101 0.03412520
v -0.02001190 0.03500831 0.03195548
v -0.00913000 0.03482609 0.03681540
v -0.02683472 -0.01660931 0.03746753
v -0.02467024 -0.01891809 0.03236842
v -0.00757021 -0.00994313 -0.00926614
v -0.01289409 0.03542494 0.03540915
v -0.02857971 0.01824748 0.03229117
v -0.00708383 0.03384763 0.03775280
v -0.02178347 -0.01767259 0.01729178
v -0.03488045 0.01634633 -0.00233334
v -0.02418518 0.03777104 0.02871680
v -0.01902151 -0.01836591 0.01330924
v -0.02233117 0.03755360 0.03015494
v -0.02189069 -0.02043443 0.02597779
v -0.02189213 0.02252990 0.04218459
v -0.03019690 0.04108631 0.02223813
v -0.02418518 0.03777104 0.02871680
v -0.01924788 0.03730261 0.03220075
v -0.02233117 0.03755360 0.03015494
v -0.03381109 0.02120006 -0.01076531
v -0.03076159 0.04053723 0.02141451
v -0.01481562 0.03516870 0.03467988
v -0.01808500 0.03571552 0.03297656
v -0.02871137 0.01503735 0.03628128
v -0.02825158 0.03507411 -0.02456498
v -0.01379263 0.03490984 0.03516113
v -0.02777099 0.03657710 0.02524161
v -0.01136058 0.03484416 0.03606522
v -0.00322717 -0.01027882 -0.00996804
v -0.01804924 -0.02211862 0.02128952
v -0.02619522 0.01864367 0.03807044
v -0.03076159 0.04053723 0.02141451
v -0.02590954 0.04023200 0.02706003
v -0.02700823 0.04008442 0.02601897
v -0.03146451 0.03588664 0.02054572
v -0.01508277 -0.01999384 0.01158970
v -0.01505410 -0.02039599 0.01243263
v -0.01459312 -0.02272999 0.01721930
v -0.02375793 0.03480499 0.02931571
v -0.00603920 -0.01539814 -0.00234628
v -0.01124852 -0.01904881 0.00600028
v -0.02704972 -0.01639688 0.04529273
v -0.02441477 -0.02013343 0.03999072
v -0.00509345 0.03302848 0.03869313
v -0.02446937 0.03681010 -0.02846544
v -0.00276566 0.03342390 0.03869903
v -0.01434326 0.03455913 0.03519797
v -0.02152985 -0.02249974 0.03369784
v -0.03294175 0.01341801 0.02346396
v -0.03294754 0.04206651 0.01777625
v -0.01918482 0.02469873 0.04373520
v -0.03223443 0.04092770 0.01912540
v -0.01794773 -0.02485042 0.03060317
v -0.03396797 0.04179716 0.01592224
v -0.02770233 0.03472691 0.02548378
v -0.01043027 -0.02222645 0.01196640
v -0.01445561 0.02765858 0.04535520
v -0.00628465 -0.01995289 0.00504661
v -0.02343481 -0.02126389 0.04546546
v -0.02151036 -0.02325165 0.03994238
v -0.03301715 0.04043042 0.01778239
v -0.02931588 0.02872639 -0.02216547
v -0.01363897 -0.02596485 0.02530258
v -0.01821964 0.03360033 0.03335446
v -0.02095121 -0.02381473 0.04513114
v -0.01821964 0.03360033 0.03335446
v -0.03371042 0.03576457 0.01650589
v -0.01577377 0.03211385 0.03549933
v -0.00937688 -0.02505505 0.01764273
v -0.03049707 0.02016907 -0.01703947
v -0.01812887 -0.02598142 0.03966861
v -0.01678329 0.03301310 0.03436160
v -0.00520968 -0.02375996 0.01222580
v -0.01598507 0.03302645 0.03477334
v -0.01678329 0.03301310 0.03436160
v -0.01455605 -0.02731883 0.03278899
v -0.03423684 0.00904644 0.01457566
v -0.02340507 0.04203706 -0.02923315
v -0.01760244 -0.02638578 0.04526317
v -0.03025048 0.03435695 0.02228522
v -0.03495979 0.03754985 0.01363921
v -0.00760382 -0.02774626 0.02418106
v -0.01023072 -0.02858579 0.02981925
v -0.03315377 0.01476848 -0.00687426
v -0.01455789 -0.02815371 0.03966367
v -0.03511863 0.04111045 0.01316040
v -0.03492730 0.04210764 0.01341217
v -0.02779579 0.03247249 0.02574515
v -0.02471542 0.03141200 -0.02772355
v -0.01106834 0.03175914 0.03809326
v -0.01961517 0.04205811 -0.03192162
v -0.01434677 -0.02829355 0.04533970
v -0.02749967 0.01604300 0.03908610
v -0.03058910 0.01354771 0.03171128
v -0.02880096 0.02473628 -0.02156472
v -0.00360680 -0.02808964 0.02287650
v -0.01035678 -0.02991217 0.03862553
v -0.01851975 0.03269779 0.03350758
v -0.02317810 0.03173530 0.03047156
v -0.01227658 0.03240990 0.03692334
v -0.00708383 0.03384763 0.03775280
v -0.01577377 0.03211385 0.03549933
v -0.00290138 -0.02946007 0.02718329
v -0.00546855 -0.03022897 0.03193736
v -0.01903748 0.02463400 0.04543310
v -0.00918710 -0.03039473 0.04529529
v -0.00584775 -0.03087389 0.03644776
v -0.01926374 0.03226047 0.03316253
v -0.01081043 0.03222376 0.03763473
v -0.00955695 0.03288108 0.03763800
v -0.00552779 -0.03131753 0.04181891
v -0.00477839 -0.03140681 0.04522413
v -0.01976776 0.03486049 -0.03176897
v -0.01558166 0.03152549 0.03581362
v -0.02577143 0.01797378 0.04215186
v -0.03196328 0.03484898 0.01979422
v -0.03025048 0.03435695 0.02228522
v -0.03371042 0.03576457 0.01650589
v -0.00510931 0.03139334 0.04082840
v -0.01548022 0.03119570 0.03610360
v -0.03258150 0.00916469 -0.00207925
v -0.03013801 0.01162534 0.03584456
v -0.02549362 0.02246272 -0.02447152
v -0.03178596 0.00975025 0.03029227
v -0.00880098 0.03175187 0.03889966
v -0.03169250 0.03151500 0.02054953
v -0.03345811 0.00690156 0.00579995
v -0.01577377 0.03211385 0.03549933
v -0.03100293 0.01267421 -0.01017785
v -0.01455688 0.04178255 -0.03468823
v -0.01806831 0.02952557 0.03579497
v -0.03196328 0.03484898 0.01979422
v -0.02195733 0.02706754 -0.02901285
v -0.02846670 0.01377165 0.04007309
v -0.02192360 0.02995949 -0.02960735
v -0.03374093 0.03065288 0.01669669
v -0.02747529 0.01303654 -0.01652932
v -0.02738380 0.01603496 -0.01881814
v -0.01721954 0.03451985 -0.03312963
v -0.02546685 0.01938426 -0.02292275
v -0.02581542 0.02997744 0.02860850
v -0.01190304 0.03111916 0.03818935
v -0.01512438 0.03011864 0.03723710
v -0.02925491 0.02880650 0.02481430
v -0.00929070 0.03111636 0.03963065
v -0.00510931 0.03139334 0.04082840
v -0.01110458 0.03077113 0.03912323
v -0.02430421 0.02972555 0.03024560
v -0.01363813 0.03048628 0.03787291
v -0.02800899 0.01149219 -0.01427829
v -0.03730171 0.04194062 0.00388211
v -0.01904290 0.02602654 -0.03076761
v -0.02915519 0.02788519 0.02527904
v -0.02116280 0.02036356 -0.02716535
v -0.02243411 0.02856642 0.03265959
v -0.02528125 0.02794504 0.03012585
v -0.02109915 0.02872455 0.03380918
v -0.01488411 0.02947998 0.03812116
v -0.02988487 0.02853745 0.02400362
v -0.01694989 0.02926760 0.03681468
v -0.02784311 0.00852644 -0.01186090
v -0.03754132 0.04168504 -0.00043935
v -0.00929070 0.03111636 0.03963065
v -0.00803185 0.04168850 -0.03664749
v -0.02131217 0.02844613 0.03381937
v -0.02062809 0.02745240 0.03531140
v -0.01870346 0.02843266 0.03631186
v -0.01694989 0.02926760 0.03681468
v -0.03707885 0.04172384 -0.00577217
v 0.00407553 -0.03153818 0.04532003
v 0.01193016 -0.02944082 0.04536736
v 0.02482026 -0.01946413 0.04546546
v 0.02161562 -0.02318865 0.04520797
v 0.02161562 -0.02318865 0.04520797
v -0.03057986 0.00718772 0.04535233
v -0.03129041 0.00322598 0.04519939
v 0.02749097 -0.01559579 0.04531741
v 0.02938497 -0.01171106 0.04520201
v 0.03077614 -0.00699335 0.04514271
v 0.03124690 -0.00417602 0.04534322
v -0.03115195 -0.00467902 0.04538702
v -0.03144288 0.00028932 0.04541498
v -0.03146404 -0.00155145 0.04526031
v 0.02929973 -0.01144033 0.04544818
v 0.02749097 -0.01559579 0.04531741
v -0.02843672 -0.01389616 0.04549556
v -0.03115195 -0.00467902 0.04538702
v -0.03039401 -0.00855321 0.04518467
v -0.02843672 -0.01389616 0.04549556
v -0.02843672 -0.01389616 0.04549556
v -0.02884006 -0.01285982 0.04535758
v -0.02704972 -0.01639688 0.04529273
v -0.02343481 -0.02126389 0.04546546
v -0.02843672 -0.01389616 0.04549556
v -0.02704972 -0.01639688 0.04529273
v -0.01760244 -0.02638578 0.04526317
v -0.02095121 -0.02381473 0.04513114
v -0.00996017 -0.02998602 0.04545867
v -0.00052789 -0.03180330 0.04541069
v -0.00996017 -0.02998602 0.04545867
v -0.00918710 -0.03039473 0.04529529
v -0.00477839 -0.03140681 0.04522413
v -0.03294754 0.04206651 0.01777625
v -0.03078454 0.04199987 0.02140212
v -0.02563476 0.04204833 0.02728247
v -0.03078454 0.04199987 0.02140212
v -0.02701568 0.04169261 0.02601218
v -0.02821922 0.04219835 0.02421540
v -0.02563476 0.04204833 0.02728247
v 0.00119871 0.04196417 0.03743720
v 0.00855064 0.04213947 0.03658097
v -0.02563476 0.04204833 0.02728247
v -0.02410882 0.04193592 0.02868628
v -0.01991266 0.04216092 0.03157013
v -0.01502794 0.04183375 0.03438919
v -0.01455688 0.04178255 -0.03468823
v -0.00334811 0.04208940 -0.03734833
v -0.00803185 0.04168850 -0.03664749
v -0.01027482 0.04214090 -0.03589361
v -0.00334811 0.04208940 -0.03734833
v -0.01455688 0.04178255 -0.03468823
v -0.01027482 0.04214090 -0.03589361
v -0.01700401 0.04217648 -0.03318715
v -0.01027482 0.04214090 -0.03589361
v -0.01961517 0.04205811 -0.03192162
v -0.02340507 0.04203706 -0.02923315
v -0.03173160 0.04200977 -0.01995873
v -0.02927017 0.04196739 -0.02337282
v -0.03173160 0.04200977 -0.01995873
v -0.03432512 0.04185348 -0.01513028
v -0.03597474 0.04193770 -0.01056361
v -0.03650641 0.04215568 -0.00758570
v -0.03730171 0.04194062 0.00388211
v -0.03663182 0.04218953 0.00670600
v -0.03730171 0.04194062 0.00388211
v -0.03666639 0.04175513 0.00808692
v -0.03492730 0.04210764 0.01341217
v 0.00120270 0.02877581 0.05499994
v 0.00478172 0.02835279 0.04549998
v -0.00210011 0.02868700 0.04549998
v -0.00574899 0.02814733 0.05499988
v -0.00915289 0.02728456 0.04549986
v 0.02825003 0.00654197 0.05500048
v 0.02780836 0.00837541 0.04554516
v -0.01248353 0.02600973 0.05499994
v -0.01486301 0.02463924 0.04549777
v 0.02570563 0.01326686 0.05499988
v 0.02482527 0.01473867 0.04550254
v -0.02060985 0.02030622 0.05499994
v -0.02087187 0.02000200 0.04554611
v 0.02215641 0.01846230 0.05499994
v 0.02058017 0.02027696 0.04549986
v 0.01784515 0.02262365 0.05499821
v -0.02525705 0.01405125 0.04551666
v 0.01486247 0.02463924 0.04549777
v -0.02614748 0.01248097 0.05500036
v 0.01059520 0.02684867 0.05499994
v -0.02758860 0.00885123 0.04550004
v 0.01035404 0.02681303 0.04550027
v -0.02861952 0.00478011 0.05499976
v -0.02503842 -0.01521778 0.05499941
v -0.01614946 -0.02446508 0.05499899
v -0.02825009 -0.00714248 0.05500036
v -0.02051937 -0.02081680 0.05499994
v -0.02614748 0.01248097 0.05500036
v 0.02500259 -0.01519662 0.05499982
v -0.01248353 0.02600973 0.05499994
v 0.01969724 -0.02169454 0.05499827
v -0.02060985 0.02030622 0.05499994
v 0.01382780 -0.02584832 0.05499994
v 0.01059520 0.02684867 0.05499994
v 0.02215641 0.01846230 0.05499994
v 0.01784515 0.02262365 0.05499821
v 0.02570563 0.01326686 0.05499988
v 0.00742698 -0.02839881 0.05500024
v -0.02861952 0.00478011 0.05499976
v -0.02900964 -0.00128752 0.05499994
v -0.00120443 -0.02941799 0.05499994
v 0.00120270 0.02877581 0.05499994
v -0.00574899 0.02814733 0.05499988
v -0.00972235 -0.02768957 0.05500006
v 0.02907997 -0.00150275 0.05499994
v 0.02825003 0.00654197 0.05500048
v 0.02782863 -0.00858402 0.05499970
v -0.03377264 0.05066084 -0.00928855
v -0.03087800 0.05066066 -0.01673722
v -0.03234046 0.04219979 -0.01370263
v -0.00131261 0.05066066 -0.03507518
v 0.00689506 0.04219973 -0.03443592
v -0.00262159 0.04219973 -0.03498005
v 0.00747967 0.05066066 -0.03425550
v 0.03437262 0.05066066 -0.00673747
v 0.03327465 0.04219979 -0.01124620
v -0.01124668 0.05066066 -0.03327012
v -0.00928879 0.04219973 -0.03376698
v 0.03252196 0.05066078 -0.01311469
v -0.01551049 0.04219973 -0.03144574
v 0.02915954 0.04219973 -0.01947522
v 0.02953720 0.05066120 -0.01882761
v -0.01948356 0.05066090 -0.02915501
v 0.02548027 0.05066066 -0.02408814
v 0.02319329 0.04219985 -0.02637410
v -0.02211952 0.04219973 -0.02720659
v -0.02548408 0.05066066 -0.02408814
v 0.01947784 0.05066013 -0.02915501
v -0.02762311 0.04219979 -0.02160191
v 0.01551049 0.04219973 -0.03144574
v 0.01379388 0.05066055 -0.03219240
v 0.03173393 0.05066078 0.01491993
v 0.03425949 0.05066061 0.00748181
v 0.03506571 0.05066066 -0.00032848
v -0.03313732 0.05066066 0.01135230
v -0.03494310 0.05066066 -0.00294751
v -0.03472304 0.05066066 0.00490046
v -0.01948356 0.05066090 -0.02915501
v -0.01124668 0.05066066 -0.03327012
v -0.01179504 0.05066066 0.03297775
v 0.00032854 0.05066066 0.03506106
v -0.00651544 0.05066061 0.03442025
v 0.02953720 0.05066120 -0.01882761
v 0.02548027 0.05066066 -0.02408814
v 0.01947784 0.05066013 -0.02915501
v 0.02409172 0.05066043 0.02547615
v 0.02832031 0.05066066 0.02061057
v -0.01900291 0.05066061 0.02953696
v -0.03053188 0.05066066 0.01724791
v -0.02592653 0.05066066 0.02361083
v 0.03437262 0.05066066 -0.00673747
v 0.03252196 0.05066078 -0.01311469
v -0.00131261 0.05066066 -0.03507518
v 0.01379388 0.05066055 -0.03219240
v 0.00747967 0.05066066 -0.03425550
v 0.00945091 0.05066061 0.03382468
v 0.01781654 0.05066055 0.03019881
v -0.03377264 0.05066084 -0.00928855
v -0.02548408 0.05066066 -0.02408814
v -0.03087800 0.05066066 -0.01673722
v -0.01543229 -0.02213895 0.24036659
v -0.01860046 -0.02070057 0.23808640
v -0.02049255 -0.02105718 0.23663680
v -0.02157598 -0.02332550 0.23560610
v 0.00000000 -0.02117031 0.24424990
v -0.00046134 -0.01915425 0.24425361
v -0.00284481 -0.01918536 0.24412750
v -0.00400567 -0.02123463 0.24399219
v -0.00398296 -0.03464889 0.18200490
v -0.00352478 -0.03461235 0.18180139
v -0.00104094 -0.03676038 0.18172561
v -0.00801468 -0.03650718 0.18273520
v -0.00398296 -0.03464889 0.18200490
v -0.00104094 -0.03676038 0.18172561
v -0.01736450 -0.02046781 0.23897140
v -0.00792110 -0.03445863 0.18277059
v -0.01158612 -0.03415739 0.18391630
v -0.01533883 -0.03576856 0.18569919
v -0.01617431 -0.02028089 0.23967330
v -0.01531022 -0.03369802 0.18564770
v -0.01855564 -0.03317189 0.18770090
v -0.01519775 -0.02014356 0.24019210
v -0.02183914 -0.03455841 0.19054960
v -0.02148008 -0.03259104 0.19028901
v -0.01422119 -0.02000820 0.24084060
v -0.02345371 -0.03197181 0.19197240
v -0.02693551 -0.03294432 0.19702300
v -0.01338100 -0.01990538 0.24124020
v -0.02666276 -0.03099906 0.19638270
v -0.02852356 -0.03013801 0.19981021
v -0.01233673 -0.01978784 0.24171419
v -0.03019016 -0.03103739 0.20467541
v -0.02994161 -0.02917605 0.20389000
v -0.03082418 -0.02823555 0.20784719
v -0.00830412 -0.01942014 0.24318869
v -0.03131109 -0.02902007 0.21276830
v -0.03131115 -0.02733433 0.21133970
v -0.03115177 -0.02614033 0.21613470
v -0.03070330 -0.02751088 0.21881960
v -0.03044128 -0.02509510 0.22034810
v -0.00797778 -0.02142852 0.24321450
v -0.02917480 -0.02612793 0.22436690
v -0.02914476 -0.02413564 0.22428580
v -0.02753680 -0.02326279 0.22777531
v -0.02544021 -0.02440941 0.23126189
v -0.02744579 -0.02304470 0.22832640
v -0.02753680 -0.02326279 0.22777531
v -0.02544021 -0.02440941 0.23126189
v -0.02263271 -0.02157402 0.23454800
v -0.02744579 -0.02304470 0.22832640
v -0.02544021 -0.02440941 0.23126189
v -0.02231264 -0.02149134 0.23487930
v -0.02198666 -0.02140969 0.23520690
v -0.00462341 -0.01924002 0.24390860
v -0.02165699 -0.02132958 0.23552850
v 0.00516850 -0.01921099 0.24393980
v 0.00397271 -0.01917791 0.24410200
v 0.00491452 -0.01921397 0.24396330
v 0.00420594 -0.01911342 0.24415120
v 0.00467735 -0.01913958 0.24407580
v 0.01816838 -0.02055358 0.23855761
v 0.01780688 -0.02050065 0.23879580
v 0.01819938 -0.02057629 0.23850550
v 0.00443131 -0.01908802 0.24414469
v 0.01733690 -0.02039855 0.23914790
v 0.00875443 -0.01942813 0.24310111
v 0.00798803 -0.01937335 0.24331801
v 0.00824171 -0.01940137 0.24322841
v 0.00549495 -0.01916480 0.24394710
v 0.00493920 -0.01907676 0.24408410
v 0.00443447 -0.01905781 0.24415991
v 0.00524902 -0.01908689 0.24403730
v 0.00416827 -0.01903504 0.24419931
v 0.00443447 -0.01905781 0.24415991
v 0.00493920 -0.01907676 0.24408410
v 0.00524902 -0.01908689 0.24403730
v 0.00443918 -0.01899969 0.24417850
v 0.00416827 -0.01903504 0.24419931
v 0.00524902 -0.01908689 0.24403730
v 0.00387752 -0.01891750 0.24426040
v 0.00443918 -0.01899969 0.24417850
v 0.01831048 -0.02034431 0.23864339
v 0.01768600 -0.02037411 0.23900311
v 0.01789766 -0.02045840 0.23881289
v 0.00520092 -0.01925754 0.24383830
v 0.00490081 -0.01924598 0.24388520
v 0.00540030 -0.01926684 0.24380150
v 0.01770424 -0.02033251 0.23901971
v 0.00906062 -0.01944828 0.24301490
v 0.00803500 -0.01933997 0.24335420
v 0.02377694 -0.02170091 0.23370710
v 0.02151662 -0.02124905 0.23578890
v 0.02173507 -0.02130544 0.23556919
v 0.00865078 -0.01937758 0.24319039
v 0.01867592 -0.02068728 0.23809670
v 0.01850152 -0.02066475 0.23819479
v 0.01886910 -0.02073323 0.23791990
v 0.02170479 -0.02127009 0.23564720
v 0.00950354 -0.01944333 0.24292950
v 0.00817233 -0.01930075 0.24336220
v 0.00926870 -0.01940035 0.24302720
v 0.00842386 -0.01929551 0.24330910
v 0.00916797 -0.01930463 0.24311170
v 0.02148509 -0.02117854 0.23591129
v 0.01461029 -0.01996624 0.24081390
v 0.01348996 -0.01977652 0.24140970
v 0.01315855 -0.01978182 0.24152650
v 0.00843000 -0.01926529 0.24332380
v 0.02206802 -0.02124786 0.23541680
v 0.00868279 -0.01923954 0.24326719
v 0.01461029 -0.01996624 0.24081390
v 0.01329267 -0.01971852 0.24152310
v 0.01413065 -0.01978886 0.24113050
v 0.01330590 -0.01966750 0.24153870
v 0.00550747 -0.01926606 0.24379940
v 0.00404203 -0.01920354 0.24404450
v 0.00788307 -0.01912331 0.24351160
v 0.00843894 -0.01920688 0.24334119
v 0.01372575 -0.01970124 0.24134339
v 0.01421904 -0.02000421 0.24084410
v 0.01396495 -0.01997143 0.24097510
v 0.01421898 -0.02000421 0.24084410
v 0.02234548 -0.02124065 0.23518430
v 0.02166420 -0.02112418 0.23582700
v 0.02234548 -0.02124065 0.23518430
v 0.02377694 -0.02170091 0.23370710
v 0.02166420 -0.02112418 0.23582700
v 0.00900793 -0.01947647 0.24295810
v 0.00799340 -0.01940780 0.24323510
v 0.00885188 -0.01946908 0.24299040
v 0.01462495 -0.02005696 0.24063250
v 0.00933707 -0.01950585 0.24284270
v 0.02247571 -0.02153193 0.23471621
v 0.02231341 -0.02149128 0.23487970
v 0.02410882 -0.02195554 0.23299000
v 0.02247571 -0.02153193 0.23471621
v 0.02258294 -0.02157795 0.23463790
v 0.02231341 -0.02149128 0.23487970
v 0.01368695 -0.01992940 0.24113740
v 0.01350373 -0.01991444 0.24120361
v 0.01838994 -0.02061980 0.23834769
v 0.01763129 -0.02050572 0.23882850
v 0.00580394 -0.01926565 0.24378100
v 0.00595570 -0.01928246 0.24373010
v 0.00988954 -0.01953274 0.24271260
v 0.00827491 -0.01941186 0.24320190
v 0.02230077 -0.02147156 0.23494640
v 0.02156651 -0.02130407 0.23562901
v 0.02258294 -0.02157795 0.23463790
v 0.01470166 -0.02004665 0.24065021
v 0.01365792 -0.01991713 0.24117380
v 0.01487153 -0.02007561 0.24054401
v 0.00568217 -0.01924818 0.24382690
v 0.00491256 -0.01921999 0.24395250
v 0.00957233 -0.01949548 0.24284241
v 0.02410882 -0.02195554 0.23299000
v 0.02188730 -0.02134948 0.23540680
v 0.02145248 -0.02126687 0.23576760
v 0.01855593 -0.02063393 0.23826119
v 0.01455938 -0.02001816 0.24074750
v 0.01351898 -0.01987963 0.24128550
v 0.01394689 -0.01993978 0.24106070
v 0.01881313 -0.02068918 0.23805420
v 0.01816838 -0.02055358 0.23855761
v 0.01855593 -0.02063393 0.23826119
v 0.00542742 -0.01919037 0.24393681
v 0.00576830 -0.01921832 0.24385880
v 0.00875443 -0.01942813 0.24310111
v 0.01110458 -0.01962476 0.24232070
v 0.01917159 -0.02072674 0.23782919
v 0.01816838 -0.02055358 0.23855761
v 0.01881313 -0.02068918 0.23805420
v 0.00043544 -0.01915007 0.24426959
v 0.00043544 -0.01915013 0.24426951
v 0.00119013 -0.01915222 0.24425100
v -0.00024414 -0.01914942 0.24427231
v 0.01859617 -0.02059173 0.23830530
v 0.01884692 -0.02060407 0.23815170
v 0.01816838 -0.02055358 0.23855761
v 0.01859617 -0.02059173 0.23830530
v 0.00564945 -0.01927793 0.24375680
v 0.00066776 -0.01914554 0.24428339
v 0.01884692 -0.02060407 0.23815170
v 0.01873403 -0.02053046 0.23827800
v 0.01437711 -0.01996523 0.24088790
v 0.01351898 -0.01987963 0.24128550
v 0.01504659 -0.02007836 0.24049370
v 0.01461029 -0.01996624 0.24081390
v 0.00035858 -0.01910310 0.24437490
v 0.00952661 -0.01936960 0.24298389
v 0.01886910 -0.02073323 0.23791990
v 0.01867592 -0.02068728 0.23809670
v 0.00158161 -0.01913428 0.24429581
v 0.00788307 -0.01912331 0.24351160
v 0.00868279 -0.01923954 0.24326719
v 0.00916797 -0.01930463 0.24311170
v 0.01923269 -0.02080315 0.23763970
v 0.01974767 -0.02090138 0.23724259
v 0.01886910 -0.02073323 0.23791990
v 0.01503747 -0.01981645 0.24068420
v 0.00981980 -0.01954478 0.24268679
v 0.00981980 -0.01954478 0.24268679
v 0.00933707 -0.01950585 0.24284270
v 0.01482975 -0.02008253 0.24052951
v 0.01396495 -0.01997143 0.24097510
v 0.01421904 -0.02000421 0.24084410
v 0.00976562 -0.01954853 0.24275561
v 0.00900793 -0.01947647 0.24295810
v 0.00981980 -0.01954478 0.24268679
v 0.01482975 -0.02008253 0.24052951
v 0.01482975 -0.02008253 0.24052951
v 0.01547706 -0.02016580 0.24018960
v 0.01368695 -0.01992940 0.24113740
v 0.01482975 -0.02008253 0.24052951
v 0.00099182 -0.01905637 0.24440929
v 0.00035858 -0.01910310 0.24437490
v 0.00145721 -0.01908886 0.24437299
v -0.00033569 -0.01901638 0.24446081
v 0.00524902 -0.01908689 0.24403730
v 0.00976562 -0.01954853 0.24275561
v 0.00988954 -0.01953274 0.24271260
v 0.00900793 -0.01947647 0.24295810
v 0.00242621 -0.01916998 0.24418721
v 0.00066776 -0.01914554 0.24428339
v 0.00231928 -0.01917272 0.24418990
v 0.00984097 -0.01952278 0.24274510
v 0.01455938 -0.02001816 0.24074750
v 0.01394689 -0.01993978 0.24106070
v 0.00567693 -0.01920557 0.24388769
v 0.00169527 -0.01915109 0.24425720
v 0.01110458 -0.01962476 0.24232070
v 0.00875443 -0.01942813 0.24310111
v 0.00957233 -0.01949548 0.24284241
v 0.00589848 -0.01928973 0.24370991
v 0.01504659 -0.02007836 0.24049370
v 0.01351898 -0.01987963 0.24128550
v 0.01455938 -0.02001816 0.24074750
v 0.01045012 -0.01956218 0.24255800
v 0.01017361 -0.01948630 0.24272069
v 0.01918816 -0.02063238 0.23792399
v 0.01519012 -0.02005010 0.24056980
v 0.01437711 -0.01996523 0.24088790
v 0.01517629 -0.02008712 0.24043749
v 0.01519012 -0.02005010 0.24056980
v 0.01461029 -0.01996624 0.24081390
v 0.01437711 -0.01996523 0.24088790
v 0.01014512 -0.01936393 0.24280490
v 0.01014512 -0.01936393 0.24280490
v 0.00788307 -0.01912331 0.24351160
v 0.00916797 -0.01930463 0.24311170
v 0.00556892 -0.01909196 0.24397920
v 0.00990724 -0.01931750 0.24289390
v 0.00788307 -0.01912331 0.24351160
v 0.01014512 -0.01936393 0.24280490
v 0.01475518 -0.01988232 0.24079099
v 0.00990724 -0.01931750 0.24289390
v 0.01147454 -0.01941788 0.24235120
v 0.00788307 -0.01912331 0.24351160
v 0.01923269 -0.02080315 0.23763970
v 0.01886910 -0.02073323 0.23791990
v 0.01030009 -0.01958549 0.24252330
v 0.01959222 -0.02087444 0.23735380
v 0.01030009 -0.01958549 0.24252330
v 0.01030009 -0.01958549 0.24252330
v 0.00981980 -0.01954478 0.24268679
v 0.01030004 -0.01958549 0.24252330
v 0.01502776 -0.02011120 0.24041490
v 0.01462495 -0.02005696 0.24063250
v 0.01502776 -0.02011120 0.24041490
v 0.00125450 -0.01912438 0.24432421
v 0.01059979 -0.01961141 0.24241909
v 0.02377694 -0.02170091 0.23370710
v 0.02423089 -0.02167713 0.23312721
v 0.02121925 -0.02090001 0.23628969
v 0.01974767 -0.02090138 0.23724259
v 0.01886910 -0.02073323 0.23791990
v 0.01923269 -0.02080315 0.23763970
v 0.01532846 -0.02015250 0.24024899
v 0.02410882 -0.02195554 0.23299000
v 0.02410882 -0.02195554 0.23299000
v 0.02230077 -0.02147156 0.23494640
v 0.02258294 -0.02157795 0.23463790
v 0.02410882 -0.02195554 0.23299000
v 0.02145248 -0.02126687 0.23576760
v 0.02230077 -0.02147156 0.23494640
v 0.00087881 -0.01898306 0.24446180
v 0.00066376 -0.01894193 0.24448560
v 0.00630063 -0.01928508 0.24369510
v 0.00624752 -0.01928973 0.24368910
v 0.00231928 -0.01917272 0.24418990
v 0.00066776 -0.01914554 0.24428339
v 0.00119013 -0.01915222 0.24425100
v 0.00591213 -0.01926493 0.24377480
v 0.01547706 -0.02016580 0.24018960
v 0.00635672 -0.01928371 0.24369121
v 0.00580394 -0.01926565 0.24378100
v 0.00591213 -0.01926493 0.24377480
v 0.00635672 -0.01928371 0.24369121
v 0.01079058 -0.01961791 0.24238400
v 0.00988954 -0.01953274 0.24271260
v 0.00976562 -0.01954853 0.24275561
v 0.01976644 -0.02088701 0.23727970
v 0.01566457 -0.02017533 0.24012420
v 0.00637436 -0.01927947 0.24369641
v 0.00588661 -0.01907455 0.24393339
v 0.02377694 -0.02170091 0.23370710
v 0.02410882 -0.02195554 0.23299000
v 0.02421951 -0.02202516 0.23276480
v 0.01056349 -0.01958256 0.24249980
v 0.00616449 -0.01907163 0.24386950
v 0.00524902 -0.01908689 0.24403730
v 0.00588661 -0.01907455 0.24393339
v 0.00616449 -0.01907163 0.24386950
v 0.00387752 -0.01891750 0.24426040
v 0.00524902 -0.01908689 0.24403730
v 0.00576830 -0.01921832 0.24385880
v 0.00549495 -0.01916480 0.24394710
v 0.00567693 -0.01920557 0.24388769
v 0.01972872 -0.02086907 0.23733380
v 0.00576830 -0.01921832 0.24385880
v 0.00957233 -0.01949548 0.24284241
v 0.00627548 -0.01921093 0.24379210
v 0.01944005 -0.02080625 0.23757669
v 0.00614685 -0.01930189 0.24366100
v 0.00639516 -0.01931452 0.24360999
v 0.01517629 -0.02008712 0.24043749
v 0.01563733 -0.02013647 0.24019930
v 0.01519012 -0.02005010 0.24056980
v 0.01513290 -0.01990902 0.24060030
v 0.01503747 -0.01981645 0.24068420
v 0.01519012 -0.02005010 0.24056980
v 0.02563476 -0.02246099 0.23095290
v 0.02421951 -0.02202516 0.23276480
v 0.02718728 -0.02306759 0.22851530
v 0.00634766 -0.01916342 0.24381420
v 0.01532846 -0.02015250 0.24024899
v 0.01502776 -0.02011120 0.24041490
v 0.01542741 -0.02016693 0.24019140
v 0.01970523 -0.02078270 0.23747081
v 0.00125432 -0.01912713 0.24431939
v 0.01963770 -0.02072840 0.23756211
v 0.01049745 -0.01944267 0.24266210
v 0.01841354 -0.02038007 0.23858230
v 0.01095080 -0.01951646 0.24247541
v 0.01841354 -0.02038007 0.23858230
v 0.01831048 -0.02034431 0.23864339
v 0.01873403 -0.02053046 0.23827800
v 0.01147454 -0.01941788 0.24235120
v 0.00990724 -0.01931750 0.24289390
v 0.01959222 -0.02087444 0.23735380
v 0.01994752 -0.02094691 0.23706280
v 0.00163502 -0.01912498 0.24431300
v 0.00176162 -0.01912796 0.24430411
v 0.00594461 -0.01912051 0.24390750
v 0.00594461 -0.01912051 0.24390750
v 0.01059979 -0.01961141 0.24241909
v 0.01077777 -0.01962828 0.24235190
v 0.01974767 -0.02090138 0.23724259
v 0.01923269 -0.02080315 0.23763970
v 0.01959222 -0.02087444 0.23735380
v 0.02724838 -0.02293217 0.22877090
v 0.02421951 -0.02202516 0.23276480
v 0.02563476 -0.02246099 0.23095290
v 0.00202936 -0.01901257 0.24440441
v 0.02377694 -0.02170091 0.23370710
v 0.02421951 -0.02202516 0.23276480
v 0.02724838 -0.02293217 0.22877090
v 0.00616819 -0.01925730 0.24375591
v 0.00616449 -0.01907163 0.24386950
v 0.00788307 -0.01912331 0.24351160
v 0.00387752 -0.01891750 0.24426040
v 0.02630615 -0.02237904 0.23035011
v 0.02666848 -0.02249920 0.22977041
v 0.02423089 -0.02167713 0.23312721
v 0.02630615 -0.02237904 0.23035011
v 0.02423089 -0.02167713 0.23312721
v 0.02377694 -0.02170091 0.23370710
v 0.02724838 -0.02293217 0.22877090
v 0.01097691 -0.01962625 0.24233600
v 0.01079058 -0.01961791 0.24238400
v 0.00642729 -0.01931482 0.24360870
v 0.00664282 -0.01932770 0.24355720
v 0.02630615 -0.02237904 0.23035011
v 0.02666848 -0.02249920 0.22977041
v 0.02630615 -0.02237904 0.23035011
v 0.02724838 -0.02293217 0.22877090
v 0.01567000 -0.02016508 0.24014580
v 0.01092517 -0.01961100 0.24237689
v 0.01110458 -0.01962476 0.24232070
v 0.00957233 -0.01949548 0.24284241
v 0.01092517 -0.01961100 0.24237689
v 0.00286668 -0.01915884 0.24420160
v 0.02767300 -0.02327078 0.22767989
v 0.00158161 -0.01913428 0.24429581
v 0.00125432 -0.01912713 0.24431939
v 0.00035858 -0.01910310 0.24437490
v 0.01587438 -0.02023088 0.23993480
v 0.01582390 -0.02022415 0.23996200
v 0.00671369 -0.01931869 0.24358140
v 0.00237852 -0.01913964 0.24426040
v 0.00634766 -0.01916342 0.24381420
v 0.01083219 -0.01955264 0.24248061
v 0.00976562 -0.01954853 0.24275561
v 0.01059979 -0.01961141 0.24241909
v 0.01077777 -0.01962828 0.24235190
v 0.01841354 -0.02038007 0.23858230
v 0.02121925 -0.02090001 0.23628969
v 0.01831048 -0.02034431 0.23864339
v 0.01101559 -0.01965034 0.24226309
v 0.01125270 -0.01967293 0.24217249
v 0.01646423 -0.02031493 0.23959430
v 0.02724838 -0.02293217 0.22877090
v 0.02959299 -0.02392065 0.22399969
v 0.02666848 -0.02249920 0.22977041
v 0.02888482 -0.02376759 0.22546740
v 0.02718728 -0.02306759 0.22851530
v 0.02919381 -0.02416527 0.22415900
v 0.02014994 -0.02098697 0.23690130
v 0.01994752 -0.02094691 0.23706280
v 0.02888482 -0.02376759 0.22546740
v 0.02767300 -0.02327078 0.22767989
v 0.02718728 -0.02306759 0.22851530
v 0.02888482 -0.02376759 0.22546740
v 0.02987480 -0.02430158 0.22310419
v 0.02959299 -0.02392065 0.22399969
v 0.02724838 -0.02293217 0.22877090
v 0.00202936 -0.01901257 0.24440441
v -0.00180358 -0.01877611 0.24450830
v 0.00066376 -0.01894193 0.24448560
v 0.00289202 -0.01918292 0.24413811
v 0.02923572 -0.02415406 0.22416461
v 0.02987480 -0.02430158 0.22310419
v 0.00666922 -0.01927328 0.24366310
v 0.00976562 -0.01954853 0.24275561
v 0.01125270 -0.01967293 0.24217249
v 0.01086241 -0.01945972 0.24253970
v 0.00741082 -0.01936626 0.24339840
v 0.00689012 -0.01934140 0.24350210
v 0.02987480 -0.02430158 0.22310419
v 0.02724838 -0.02293217 0.22877090
v 0.02888482 -0.02376759 0.22546740
v 0.01586592 -0.02019643 0.24002650
v 0.03045654 -0.02517330 0.22008871
v 0.00286502 -0.01916652 0.24418581
v 0.02047705 -0.02102690 0.23670350
v 0.01590430 -0.02015000 0.24008019
v 0.01628828 -0.02022242 0.23982871
v 0.01592731 -0.02010905 0.24010921
v 0.01519012 -0.02005010 0.24056980
v 0.01614558 -0.02008813 0.24001241
v 0.01614558 -0.02008813 0.24001241
v 0.02047705 -0.02102690 0.23670350
v 0.01944005 -0.02080625 0.23757669
v 0.01972872 -0.02086907 0.23733380
v 0.01503747 -0.01981645 0.24068420
v 0.02066373 -0.02105551 0.23656461
v 0.01944005 -0.02080625 0.23757669
v 0.01110380 -0.01942598 0.24246770
v 0.01982963 -0.02087926 0.23727350
v 0.01621699 -0.02028280 0.23972680
v 0.02019464 -0.02094262 0.23698930
v 0.01944005 -0.02080625 0.23757669
v 0.01982963 -0.02087926 0.23727350
v 0.01109403 -0.01951217 0.24243650
v 0.02019464 -0.02094262 0.23698930
v 0.01148945 -0.01949691 0.24230860
v 0.02042347 -0.02095180 0.23684891
v 0.01143854 -0.01967424 0.24215060
v 0.01125270 -0.01967293 0.24217249
v 0.01148915 -0.01969599 0.24208011
v 0.01144403 -0.01966828 0.24216300
v 0.02012211 -0.02073663 0.23722030
v 0.02027577 -0.02083319 0.23705800
v 0.01146936 -0.01962769 0.24223670
v 0.02012211 -0.02073663 0.23722030
v 0.02987480 -0.02430158 0.22310419
v 0.03129446 -0.02574425 0.21680330
v 0.02959299 -0.02392065 0.22399969
v 0.00237852 -0.01913964 0.24426040
v 0.00163502 -0.01912498 0.24431300
v 0.00176162 -0.01912796 0.24430411
v 0.02029865 -0.02102082 0.23676650
v 0.03120487 -0.02565634 0.21757290
v 0.03045654 -0.02517330 0.22008871
v 0.03116321 -0.02623951 0.21583150
v 0.02987480 -0.02430158 0.22310419
v 0.02029865 -0.02102082 0.23676650
v 0.01994752 -0.02094691 0.23706280
v 0.00335687 -0.01910412 0.24425860
v 0.03120487 -0.02565634 0.21757290
v 0.00335687 -0.01910412 0.24425860
v 0.00099182 -0.01905637 0.24440929
v 0.00145721 -0.01908886 0.24437299
v 0.01165771 -0.01964765 0.24221770
v 0.01125270 -0.01967293 0.24217249
v 0.01146936 -0.01962769 0.24223670
v 0.01165771 -0.01964765 0.24221770
v 0.01165771 -0.01964765 0.24221770
v 0.00335687 -0.01910412 0.24425860
v 0.00240839 -0.01895982 0.24439710
v 0.00202936 -0.01901257 0.24440441
v 0.00240642 -0.01900285 0.24438190
v 0.01148945 -0.01949691 0.24230860
v 0.01109403 -0.01951217 0.24243650
v 0.01095080 -0.01951646 0.24247541
v 0.00240886 -0.01894468 0.24440069
v 0.00240886 -0.01894468 0.24440069
v 0.00387752 -0.01891750 0.24426040
v -0.00180358 -0.01877611 0.24450830
v 0.00720823 -0.01929473 0.24355140
v -0.00180358 -0.01877611 0.24450830
v 0.01172602 -0.01971888 0.24198849
v 0.01172477 -0.01971960 0.24198569
v 0.00657272 -0.01913046 0.24378771
v 0.01659423 -0.02031445 0.23956840
v 0.00616449 -0.01907163 0.24386950
v 0.00588661 -0.01907455 0.24393339
v 0.00657272 -0.01913046 0.24378771
v 0.02014994 -0.02098697 0.23690130
v 0.02078557 -0.02112066 0.23636159
v 0.01974767 -0.02090138 0.23724259
v 0.01219481 -0.01976168 0.24181150
v 0.00668096 -0.01923108 0.24370830
v 0.01208424 -0.01974272 0.24187930
v 0.00738352 -0.01937031 0.24338619
v 0.01152187 -0.01946210 0.24230960
v 0.01175206 -0.01969546 0.24204710
v 0.01671838 -0.02032500 0.23950770
v 0.01671838 -0.02032500 0.23950770
v 0.01567000 -0.02016508 0.24014580
v 0.01586592 -0.02019643 0.24002650
v 0.02059555 -0.02106249 0.23657840
v 0.02078557 -0.02112066 0.23636159
v 0.01175773 -0.01968842 0.24205910
v 0.01646018 -0.02028113 0.23967651
v 0.01671838 -0.02032500 0.23950770
v 0.01631128 -0.02018833 0.23985820
v 0.01662153 -0.02020239 0.23969480
v 0.01690667 -0.02018940 0.23958179
v 0.01191008 -0.01960611 0.24210531
v 0.01095080 -0.01951646 0.24247541
v 0.01165771 -0.01964765 0.24221770
v 0.01191008 -0.01960611 0.24210531
v 0.01095080 -0.01951646 0.24247541
v 0.01203227 -0.01956212 0.24208590
v 0.01660668 -0.02034288 0.23948570
v 0.02063184 -0.02105313 0.23658390
v 0.01182925 -0.01949244 0.24218690
v 0.01110380 -0.01942598 0.24246770
v 0.01152187 -0.01946210 0.24230960
v 0.01182925 -0.01949244 0.24218690
v 0.01214706 -0.01976317 0.24181090
v 0.01214700 -0.01976323 0.24181069
v 0.01256686 -0.01980835 0.24162970
v 0.02090811 -0.02107608 0.23639920
v 0.00741643 -0.01934325 0.24345119
v 0.01235854 -0.01978474 0.24172381
v 0.02063131 -0.02090013 0.23675931
v 0.02047872 -0.02080279 0.23692220
v 0.02047872 -0.02080279 0.23692220
v 0.02064549 -0.02109611 0.23646490
v 0.00356197 -0.01914662 0.24417540
v 0.02064549 -0.02109611 0.23646490
v 0.02029865 -0.02102082 0.23676650
v 0.02064549 -0.02109611 0.23646490
v 0.03148382 -0.02685010 0.21259950
v 0.03120487 -0.02565634 0.21757290
v 0.03116321 -0.02623951 0.21583150
v 0.03136849 -0.02708065 0.21228381
v 0.00726324 -0.01931792 0.24351279
v 0.00328058 -0.01897984 0.24431960
v 0.00240642 -0.01900285 0.24438190
v 0.00202936 -0.01901257 0.24440441
v 0.01693832 -0.02037489 0.23933490
v 0.00328058 -0.01897984 0.24431960
v 0.03129446 -0.02574425 0.21680330
v 0.00387752 -0.01891750 0.24426040
v 0.00378621 -0.01920419 0.24405180
v 0.00339562 -0.01919561 0.24408720
v 0.00693476 -0.01922440 0.24366990
v 0.00693905 -0.01920253 0.24368350
v 0.00695145 -0.01911401 0.24371620
v 0.00695145 -0.01911401 0.24371620
v 0.00695145 -0.01911401 0.24371620
v 0.01233261 -0.01975661 0.24180280
v 0.00384527 -0.01918935 0.24408850
v 0.03125613 -0.02745538 0.21077320
v 0.03136849 -0.02708065 0.21228381
v 0.03116321 -0.02623951 0.21583150
v 0.01259315 -0.01977932 0.24170010
v 0.01677119 -0.02030503 0.23951770
v 0.00362098 -0.01917541 0.24413010
v 0.01690667 -0.02018940 0.23958179
v 0.01672583 -0.02020615 0.23964110
v 0.01675534 -0.02011632 0.23966549
v 0.01831048 -0.02034431 0.23864339
v 0.01503747 -0.01981645 0.24068420
v 0.01675534 -0.02011632 0.23966549
v 0.01503747 -0.01981645 0.24068420
v 0.01690667 -0.02018940 0.23958179
v 0.01719707 -0.02043402 0.23911791
v 0.01699298 -0.02040439 0.23923890
v 0.00779146 -0.01938271 0.24332429
v 0.00779146 -0.01938271 0.24332429
v 0.00624752 -0.01928973 0.24368910
v 0.00671369 -0.01931869 0.24358140
v 0.00743842 -0.01935154 0.24343351
v 0.00624752 -0.01928973 0.24368910
v 0.01246577 -0.01956635 0.24191780
v 0.03105634 -0.02809017 0.20759550
v 0.03125613 -0.02745538 0.21077320
v 0.01298397 -0.01985502 0.24144250
v 0.02113294 -0.02103054 0.23629640
v 0.02063131 -0.02090013 0.23675931
v 0.02082872 -0.02087801 0.23661800
v 0.02121925 -0.02090001 0.23628969
v 0.02098798 -0.02117258 0.23615810
v 0.02098792 -0.02117258 0.23615810
v 0.02098798 -0.02117258 0.23615810
v 0.00328058 -0.01897984 0.24431960
v 0.00376135 -0.01899611 0.24426121
v 0.01290774 -0.01984518 0.24148150
v 0.00378621 -0.01920419 0.24405180
v 0.00339562 -0.01919561 0.24408720
v 0.00421137 -0.01919472 0.24398389
v 0.00761521 -0.01935148 0.24341071
v 0.03105634 -0.02809017 0.20759550
v 0.03125613 -0.02745538 0.21077320
v 0.03084886 -0.02823102 0.20779870
v 0.02997577 -0.02916288 0.20405260
v 0.00778604 -0.01924854 0.24348091
v 0.00754684 -0.01918232 0.24356399
v 0.00787503 -0.01940131 0.24326231
v 0.01311486 -0.01984632 0.24144781
v 0.00520092 -0.01925754 0.24383830
v 0.00378621 -0.01920419 0.24405180
v 0.00421137 -0.01919472 0.24398389
v 0.02130961 -0.02121609 0.23595020
v 0.02888870 -0.02993977 0.20054109
v 0.03105634 -0.02809017 0.20759550
v 0.02997577 -0.02916288 0.20405260
v 0.03037643 -0.02874410 0.20458961
v 0.03105634 -0.02809017 0.20759550
v 0.02888870 -0.02993977 0.20054109
v 0.01264142 -0.01970726 0.24177410
v 0.01722109 -0.02025735 0.23933740
v 0.01264142 -0.01970726 0.24177410
v 0.01165771 -0.01964765 0.24221770
v 0.01146936 -0.01962769 0.24223670
v 0.01831048 -0.02034431 0.23864339
v 0.01264142 -0.01970726 0.24177410
v 0.01266562 -0.01963996 0.24181239
v 0.01737564 -0.02046740 0.23898630
v 0.01775473 -0.02053177 0.23872811
v 0.01339846 -0.01990324 0.24124900
v 0.00824171 -0.01940137 0.24322841
v 0.00624752 -0.01928973 0.24368910
v 0.00743842 -0.01935154 0.24343351
v 0.00878906 -0.01954853 0.24287771
v 0.02687454 -0.03085005 0.19653480
v 0.02888870 -0.02993977 0.20054109
v 0.02670073 -0.03098958 0.19670700
v 0.02115815 -0.02094894 0.23628969
v 0.02113294 -0.02103054 0.23629640
v 0.02121925 -0.02090001 0.23628969
v 0.02115815 -0.02094894 0.23628969
v 0.02063131 -0.02090013 0.23675931
v 0.02113294 -0.02103054 0.23629640
v 0.02115815 -0.02094894 0.23628969
v 0.02121925 -0.02090001 0.23628969
v 0.02156651 -0.02130407 0.23562901
v 0.02132600 -0.02125024 0.23584621
v 0.02445507 -0.03175580 0.19321410
v 0.00389427 -0.01909136 0.24420050
v 0.01765429 -0.02048450 0.23888031
v 0.00393677 -0.01898777 0.24424520
v 0.00387752 -0.01891756 0.24426030
v 0.00387752 -0.01891756 0.24426030
v 0.00393677 -0.01898777 0.24424520
v 0.00387752 -0.01891750 0.24426040
v 0.00387752 -0.01891756 0.24426030
v 0.00387752 -0.01891750 0.24426040
v 0.00328058 -0.01897984 0.24431960
v 0.02467441 -0.03155136 0.19343629
v 0.02172851 -0.03229528 0.19014330
v 0.02687454 -0.03085005 0.19653480
v 0.02467441 -0.03155136 0.19343629
v 0.02687454 -0.03085005 0.19653480
v 0.02445507 -0.03175580 0.19321410
v 0.02188730 -0.02134948 0.23540680
v 0.02063184 -0.02105313 0.23658390
v 0.02130961 -0.02121609 0.23595020
v 0.02172851 -0.03229528 0.19014330
v 0.01302212 -0.01982229 0.24151739
v 0.00784057 -0.01926773 0.24345800
v 0.01746433 -0.02039384 0.23910031
v 0.01146936 -0.01962769 0.24223670
v 0.02170479 -0.02127009 0.23564720
v 0.02042347 -0.02095180 0.23684891
v 0.02090811 -0.02107608 0.23639920
v 0.02172851 -0.03229528 0.19014330
v 0.02445507 -0.03175580 0.19321410
v 0.02092927 -0.03268104 0.18953680
v 0.02148056 -0.02111554 0.23597769
v 0.02121925 -0.02090001 0.23628969
v 0.01771950 -0.02028483 0.23903020
v 0.01771950 -0.02028483 0.23903020
v 0.00789922 -0.01918625 0.24348231
v 0.02377694 -0.02170091 0.23370710
v 0.01309984 -0.01962804 0.24163900
v 0.01309984 -0.01962804 0.24163900
v 0.01503747 -0.01981645 0.24068420
v 0.01147454 -0.01941788 0.24235120
v 0.00793672 -0.01923233 0.24345671
v 0.01309984 -0.01962804 0.24163900
v 0.01147454 -0.01941788 0.24235120
v 0.01246577 -0.01956635 0.24191780
v 0.01813006 -0.02059751 0.23846421
v 0.00794512 -0.01917392 0.24347430
v 0.02165943 -0.02132934 0.23552939
v 0.01381015 -0.01995301 0.24104960
v 0.01717370 -0.03331118 0.18657079
v 0.01689141 -0.03321278 0.18641250
v 0.02172851 -0.03229528 0.19014330
v 0.01717370 -0.03331118 0.18657079
v 0.02172851 -0.03229528 0.19014330
v 0.02092927 -0.03268104 0.18953680
v 0.01842015 -0.03318935 0.18760650
v 0.00441033 -0.01920229 0.24402601
v 0.01717370 -0.03331118 0.18657079
v 0.01842015 -0.03318935 0.18760650
v 0.01427263 -0.03382688 0.18505350
v 0.01214593 -0.03384643 0.18383861
v 0.01717370 -0.03331118 0.18657079
v 0.01232147 -0.03394997 0.18406650
v 0.01717370 -0.03331118 0.18657079
v 0.01427263 -0.03382688 0.18505350
v 0.01214593 -0.03384643 0.18383861
v 0.01717370 -0.03331118 0.18657079
v 0.01232147 -0.03394997 0.18406650
v 0.01427263 -0.03382688 0.18505350
v 0.01099777 -0.03414428 0.18354580
v 0.01099777 -0.03414428 0.18354580
v 0.01427263 -0.03382688 0.18505350
v 0.00520515 -0.03459334 0.18203460
v 0.01365792 -0.01991713 0.24117380
v 0.01259315 -0.01977932 0.24170010
v 0.01311486 -0.01984632 0.24144781
v 0.01351898 -0.01987963 0.24128550
v 0.00381184 -0.03466093 0.18165830
v 0.01099777 -0.03414428 0.18354580
v 0.00520515 -0.03459334 0.18203460
v 0.01819938 -0.02057629 0.23850550
v 0.01671838 -0.02032500 0.23950770
v 0.01765429 -0.02048450 0.23888031
v 0.00387752 -0.01891750 0.24426040
v 0.00520092 -0.01925754 0.24383830
v 0.00421137 -0.01919472 0.24398389
v 0.00490081 -0.01924598 0.24388520
v 0.01351898 -0.01987963 0.24128550
v 0.01146936 -0.01962769 0.24223670
v 0.01302212 -0.01982229 0.24151739
v 0.01461029 -0.01996624 0.24081390
v 0.01461029 -0.01996624 0.24081390
v 0.01146936 -0.01962769 0.24223670
v 0.01351898 -0.01987963 0.24128550
v 0.00520515 -0.03459334 0.18203460
v -0.00352478 -0.03461235 0.18180139
v -0.00000477 -0.03466778 0.18163130
v 0.00520515 -0.03459334 0.18203460
v -0.00000477 -0.03466778 0.18163130
v 0.00000000 -0.03457599 0.18154600
v 0.00329971 -0.03456342 0.18172590
v 0.00000000 -0.03457599 0.18154600
v 0.00381184 -0.03466093 0.18165830
v 0.00329971 -0.03456342 0.18172590
v 0.00520515 -0.03459334 0.18203460
v 0.00000000 -0.03457599 0.18154600
v 0.00520515 -0.03459334 0.18203460
v 0.01372575 -0.01970124 0.24134339
v 0.01831048 -0.02034431 0.23864339
v 0.02258294 -0.02157795 0.23463790
v 0.02156651 -0.02130407 0.23562901
v 0.02165943 -0.02132934 0.23552939
v 0.02198827 -0.02140957 0.23520739
v 0.02258294 -0.02157795 0.23463790
v 0.02165943 -0.02132934 0.23552939
v 0.02198827 -0.02140957 0.23520739
v 0.00491256 -0.01921999 0.24395250
v 0.00362098 -0.01917541 0.24413010
v 0.00441033 -0.01920229 0.24402601
v 0.00568217 -0.01924818 0.24382690
v 0.00568217 -0.01924818 0.24382690
v 0.02230077 -0.02147156 0.23494640
v 0.00491452 -0.01921397 0.24396330
v 0.03105634 -0.02809017 0.20759550
v 0.03146231 -0.00957841 0.21100651
v 0.03148382 -0.02685010 0.21259950
v 0.03140789 -0.01144456 0.21060351
v 0.03147631 0.04229950 0.21600740
v 0.03145945 0.00595820 0.20979720
v 0.03137284 0.01109874 0.21014200
v 0.03082221 -0.01410341 0.20635530
v 0.03119176 0.04229950 0.20788470
v 0.03037643 -0.02874410 0.20458961
v 0.03077989 0.01331079 0.20629190
v 0.02888870 -0.02993977 0.20054109
v 0.02921479 0.01641970 0.20106760
v 0.02687454 -0.03085005 0.19653480
v 0.02768993 -0.01928716 0.19796909
v 0.02810192 0.04229944 0.19847549
v 0.02707958 0.01939564 0.19677231
v 0.02430534 -0.02283966 0.19289739
v 0.02244561 0.04229938 0.19074790
v 0.02326202 0.02319133 0.19171110
v 0.02120077 0.02485811 0.18970171
v 0.01848602 -0.02722936 0.18748060
v 0.01656532 0.02795112 0.18611500
v 0.01523721 -0.02917701 0.18543050
v 0.01637649 0.04229968 0.18604250
v 0.01162713 0.04229933 0.18370029
v 0.01181030 0.03012073 0.18378800
v 0.00931931 -0.03159821 0.18288010
v 0.00727272 0.03156125 0.18232641
v 0.00748444 0.04229962 0.18238710
v 0.00002467 0.04229956 0.18136410
v 0.00307083 0.03235173 0.18162440
v -0.00086355 0.03250730 0.18149590
v -0.00910378 -0.03425318 0.18278950
v -0.00507027 -0.03262448 0.18191080
v -0.00144666 -0.03326672 0.18140450
v -0.00450128 0.03213101 0.18181381
v -0.01184839 -0.03067219 0.18381470
v -0.00847155 -0.03182595 0.18266051
v -0.00640881 0.04229956 0.18215880
v -0.01036262 0.03067427 0.18318529
v -0.00950622 0.04229927 0.18295451
v -0.01633065 -0.03323489 0.18598530
v -0.01591682 -0.02882206 0.18579070
v -0.01470947 0.04229962 0.18508880
v -0.01873391 -0.02718174 0.18768281
v -0.01412582 0.02922809 0.18485799
v -0.02363586 -0.02351963 0.19200771
v -0.02124023 -0.03238087 0.18973890
v -0.01940912 0.02621155 0.18808050
v -0.01989746 0.04229968 0.18852590
v -0.02431488 -0.03161388 0.19296050
v -0.02448654 0.04229968 0.19309971
v -0.02615356 -0.02095234 0.19543050
v -0.02408409 0.02242451 0.19265340
v -0.02915811 -0.01713138 0.20097131
v -0.02667236 0.01977527 0.19621630
v -0.02854532 0.04229956 0.19948070
v -0.02873224 0.01709538 0.20008820
v -0.02994871 -0.01573377 0.20319530
v -0.03007727 -0.02911835 0.20379470
v -0.03079319 -0.01393562 0.20632140
v -0.03003883 0.01492393 0.20348141
v -0.03100806 -0.02812099 0.20749681
v -0.03090924 0.04229950 0.20667090
v -0.03096836 0.01295793 0.20714401
v -0.03135251 -0.01172113 0.20992540
v -0.03150403 -0.02698731 0.21188730
v -0.03146594 -0.00697601 0.21020380
v -0.03146004 0.01039403 0.21132760
v -0.03156054 0.04229950 0.21402431
v -0.00507027 -0.03262448 0.18191080
v -0.00011063 -0.03313279 0.18148100
v -0.00144666 -0.03326672 0.18140450
v -0.00144666 -0.03326672 0.18140450
v 0.00304699 -0.03296041 0.18162601
v 0.02096176 -0.02542126 0.18942229
v -0.01698434 0.02383989 0.16850591
v -0.02073800 0.02088779 0.17799960
v -0.01392841 0.02575886 0.17800000
v -0.02881538 -0.00683927 0.16849980
v -0.02586734 -0.01478755 0.16849931
v -0.02853488 -0.00834739 0.17799990
v -0.01337897 0.02601063 0.16849691
v -0.00857806 0.02797526 0.16850010
v -0.00599104 0.02873599 0.17800011
v -0.02954679 -0.00056457 0.16850001
v -0.02954679 -0.00003618 0.17800000
v -0.00807083 -0.02872473 0.16850071
v -0.00237131 -0.02975302 0.17799971
v -0.00857776 -0.02857589 0.17799990
v 0.00031813 -0.02994662 0.16850001
v -0.00237131 0.02915239 0.16850001
v -0.02908051 0.00475711 0.16850100
v -0.02901440 0.00512356 0.17799990
v 0.00453383 0.02899885 0.17800000
v -0.01225471 -0.02713441 0.16850001
v -0.01629561 -0.02506834 0.17800070
v -0.01575201 -0.02529954 0.16850170
v -0.02830499 0.00801075 0.16850001
v -0.02722311 0.01129990 0.17799990
v -0.02617233 0.01362818 0.16849950
v -0.02070593 -0.02137976 0.16850001
v -0.02172982 -0.02027708 0.17799570
v -0.02481693 0.01564848 0.17799990
v -0.02499932 -0.01605224 0.17800130
v -0.02108019 0.02040493 0.16850001
v -0.01337897 0.02601063 0.16849691
v -0.00857806 0.02797526 0.16850010
v -0.00237131 0.02915239 0.16850001
v 0.02471399 0.01589578 0.16850080
v 0.01749527 0.02351158 0.16850001
v 0.02147597 0.01994925 0.16849799
v -0.01698434 0.02383989 0.16850591
v -0.02586734 -0.01478755 0.16849931
v -0.02830499 0.00801075 0.16850001
v 0.01065838 -0.02796620 0.16849931
v -0.02954679 -0.00056457 0.16850001
v -0.02881538 -0.00683927 0.16849980
v -0.01225471 -0.02713441 0.16850001
v 0.00031813 -0.02994662 0.16850001
v -0.00807083 -0.02872473 0.16850071
v 0.02827560 0.00827694 0.16850001
v 0.02683413 0.01195430 0.16850001
v 0.01791846 -0.02379524 0.16850410
v 0.02745240 -0.01134723 0.16850030
v 0.02322798 -0.01863420 0.16849990
v -0.02070593 -0.02137976 0.16850001
v -0.01575201 -0.02529954 0.16850170
v -0.02617233 0.01362818 0.16849950
v -0.02108019 0.02040493 0.16850001
v 0.00599092 0.02873599 0.16849980
v 0.01304566 0.02617722 0.16850001
v 0.02919965 0.00389790 0.16850001
v 0.02908051 -0.00535774 0.16849960
v 0.02953737 -0.00030036 0.16850001
v -0.02908051 0.00475711 0.16850100
v 0.02827560 0.00827694 0.16850001
v 0.02683413 0.01195430 0.16850001
v 0.02788811 0.00976169 0.17800030
v 0.01065838 -0.02796620 0.16849931
v 0.01791846 -0.02379524 0.16850410
v 0.01662987 -0.02477717 0.17799871
v 0.01225471 -0.02713441 0.17799990
v 0.00599092 0.02873599 0.16849980
v 0.00599080 -0.02933669 0.17799971
v 0.02919965 0.00389790 0.16850001
v 0.02958202 0.00045642 0.17799990
v 0.02953737 -0.00030036 0.16850001
v 0.01448720 0.02556723 0.17800049
v 0.02908051 -0.00535774 0.16849960
v 0.02881544 -0.00683898 0.17799990
v 0.01304566 0.02617722 0.16850001
v 0.02745240 -0.01134723 0.16850030
v 0.01749527 0.02351158 0.16850001
v 0.02719861 -0.01176744 0.17800049
v 0.02261358 0.01887321 0.17800049
v 0.02354240 -0.01832133 0.17800041
v 0.02147597 0.01994925 0.16849799
v 0.02322798 -0.01863420 0.16849990
v 0.02471399 0.01589578 0.16850080
v 0.02581304 0.01754677 0.18748251
v 0.02421492 0.01980251 0.17799909
v 0.02403646 0.01984584 0.18566249
v -0.01161575 0.02901542 0.18268199
v -0.01678943 0.02662742 0.18543980
v -0.01129341 0.02989280 0.18335029
v -0.01528578 0.02697646 0.18234190
v -0.01876503 0.02467089 0.18436120
v -0.01678943 0.02662742 0.18543980
v 0.02794927 0.01403236 0.18997830
v 0.02730727 0.01539361 0.17800429
v -0.00804901 0.03104811 0.18239181
v -0.01152795 0.03021800 0.18366210
v -0.01036262 0.03067427 0.18318529
v 0.03068190 0.00661975 0.19782171
v 0.03074741 0.00758523 0.20211050
v -0.02456200 0.01934528 0.17800079
v -0.02696394 0.01589673 0.17799599
v -0.02472585 0.01900929 0.18623941
v -0.01152795 0.03021800 0.18366210
v -0.00804901 0.03104811 0.18239181
v -0.00621408 0.03177249 0.18208949
v -0.01036262 0.03067427 0.18318529
v -0.00450128 0.03213101 0.18181381
v -0.00621408 0.03177249 0.18208949
v -0.00804901 0.03104811 0.18239181
v -0.01036262 0.03067427 0.18318529
v -0.01882678 0.02484971 0.17849800
v -0.02164304 0.02225077 0.18493859
v -0.01869726 0.02484512 0.18232320
v -0.02136367 0.02275210 0.17799890
v 0.02957022 0.01037573 0.19272161
v 0.02962046 0.01005446 0.19506910
v -0.02361917 0.02034455 0.18533200
v 0.03135001 0.00265729 0.20067909
v -0.01161575 0.02901542 0.18268199
v -0.01535558 0.02708888 0.18018740
v -0.00468790 0.03196346 0.18183181
v -0.00621408 0.03177249 0.18208949
v -0.00714081 0.03043019 0.18127391
v -0.00579071 0.03163707 0.18198369
v -0.00804901 0.03104811 0.18239181
v -0.00621408 0.03177249 0.18208949
v -0.00572962 0.03173434 0.18198150
v -0.00714081 0.03043019 0.18127391
v -0.00804901 0.03104811 0.18239181
v -0.00777102 0.03089886 0.18223549
v -0.01167565 0.02883642 0.17938130
v 0.03147190 0.00083685 0.20299920
v -0.00416899 0.03209197 0.18176480
v -0.00258917 0.03150177 0.18107671
v -0.00777102 0.03089886 0.18223549
v -0.00468409 0.03187447 0.18179180
v -0.00416899 0.03187245 0.18169530
v -0.00416899 0.03187245 0.18169530
v -0.00365400 0.03202462 0.18165590
v -0.00468790 0.03196346 0.18183181
v -0.00256896 0.03217774 0.18158440
v -0.00365400 0.03202462 0.18165590
v -0.00266260 0.03196507 0.18155640
v -0.00468409 0.03187447 0.18179180
v -0.00621408 0.03177249 0.18208949
v -0.00266260 0.03196507 0.18155640
v -0.00621408 0.03177249 0.18208949
v -0.00365400 0.03202462 0.18165590
v -0.00365400 0.03194916 0.18162860
v -0.00365400 0.03194916 0.18162860
v -0.01882678 0.02484971 0.17849800
v -0.01537370 0.02710157 0.17800000
v -0.02136367 0.02275210 0.17799890
v -0.00714081 0.03043019 0.18127391
v -0.00777102 0.03089886 0.18223549
v -0.00258917 0.03150177 0.18107671
v -0.01537370 0.02710157 0.17800000
v -0.00338793 0.03111302 0.18071491
v 0.03092145 0.00584292 0.17800631
v -0.00086355 0.03250730 0.18149590
v -0.00468790 0.03196346 0.18183181
v -0.00416899 0.03209197 0.18176480
v -0.00086355 0.03250730 0.18149590
v -0.00103134 0.03219717 0.18146309
v -0.00266260 0.03196507 0.18155640
v -0.00365400 0.03202462 0.18165590
v -0.00256896 0.03217774 0.18158440
v -0.00142497 0.03215867 0.18145479
v -0.00266260 0.03196507 0.18155640
v -0.00103134 0.03219717 0.18146309
v -0.00266260 0.03196507 0.18155640
v -0.00416899 0.03187245 0.18169530
v -0.00365400 0.03194916 0.18162860
v -0.00714081 0.03043019 0.18127391
v -0.00266260 0.03196507 0.18155640
v -0.00142497 0.03215867 0.18145479
v 0.00044395 0.03239089 0.18148200
v -0.00086355 0.03250730 0.18149590
v 0.00062844 0.03238677 0.18151660
v 0.00139934 0.03229290 0.18150081
v -0.00086355 0.03250730 0.18149590
v 0.00044395 0.03239089 0.18148200
v 0.00108093 0.03227025 0.18148071
v -0.00256896 0.03217774 0.18158440
v -0.00086355 0.03250730 0.18149590
v -0.00770998 0.03019559 0.17800391
v -0.00103134 0.03219717 0.18146309
v -0.00256896 0.03217774 0.18158440
v 0.00108093 0.03227025 0.18148071
v 0.00044395 0.03219962 0.18142889
v -0.00142497 0.03215867 0.18145479
v -0.00103134 0.03219717 0.18146309
v 0.00044395 0.03214675 0.18140911
v -0.01150453 0.02896016 0.17800000
v 0.00373644 0.03171718 0.18148200
v -0.00258917 0.03150177 0.18107671
v -0.00142497 0.03215867 0.18145479
v 0.00373644 0.03171718 0.18148200
v -0.00142497 0.03215867 0.18145479
v 0.00044395 0.03214675 0.18140911
v -0.03105920 0.00929582 0.20658320
v 0.00220382 0.03226310 0.18154781
v 0.00220382 0.03226310 0.18154781
v 0.00139934 0.03229290 0.18150081
v 0.00044395 0.03239089 0.18148200
v 0.02998572 0.00946635 0.17799710
v 0.00108093 0.03227025 0.18148071
v -0.00086355 0.03250730 0.18149590
v -0.03146564 0.00478876 0.20902599
v 0.00171792 0.03217995 0.18148240
v -0.00103134 0.03219717 0.18146309
v 0.00108093 0.03227025 0.18148071
v 0.00171792 0.03217995 0.18148240
v 0.00044395 0.03219962 0.18142889
v -0.00103134 0.03219717 0.18146309
v 0.00187993 0.03212177 0.18147610
v 0.00171792 0.03217995 0.18148240
v 0.00236589 0.03233343 0.18157689
v -0.00086355 0.03250730 0.18149590
v 0.00307083 0.03235173 0.18162440
v 0.00062844 0.03238677 0.18151660
v 0.00373644 0.03171718 0.18148200
v 0.03143841 0.00198674 0.17800060
v -0.00475484 0.03082370 0.17800950
v -0.00338793 0.03111302 0.18071491
v 0.00332171 0.03218281 0.18167061
v 0.00332171 0.03218281 0.18167061
v 0.00062844 0.03238677 0.18151660
v 0.00236589 0.03233343 0.18157689
v 0.00236589 0.03217530 0.18153730
v 0.00236589 0.03217530 0.18153730
v 0.00108093 0.03227025 0.18148071
v 0.00065479 0.03120797 0.18007450
v 0.00429225 0.03094857 0.18083771
v 0.00307083 0.03235173 0.18162440
v -0.00108624 0.03118461 0.17800000
v 0.00466728 0.03197598 0.18182310
v 0.00065479 0.03120797 0.18007450
v 0.00466728 0.03197598 0.18182310
v -0.00258917 0.03150177 0.18107671
v 0.00429225 0.03094857 0.18083771
v 0.00727272 0.03156125 0.18232641
v 0.00307083 0.03235173 0.18162440
v 0.01079559 0.03062999 0.18323110
v 0.00727272 0.03156125 0.18232641
v 0.01181030 0.03012073 0.18378800
v 0.00727272 0.03156125 0.18232641
v 0.03149151 -0.00057015 0.20537160
v 0.03149545 -0.00081703 0.17800130
v -0.03059363 0.01172626 0.20471540
v -0.03111380 0.00442326 0.20118961
v 0.00820732 0.03016841 0.18173380
v 0.00320125 0.03102916 0.17799790
v -0.02997875 0.01403921 0.20305280
v 0.01216274 0.02990883 0.18392330
v 0.01079559 0.03062999 0.18323110
v 0.01181030 0.03012073 0.18378800
v 0.01656532 0.02795112 0.18611500
v 0.01216280 0.02988064 0.18391231
v 0.01079559 0.03062999 0.18323110
v 0.01192086 0.02907407 0.18318389
v 0.01192086 0.02907407 0.18318389
v 0.00727272 0.03156125 0.18232641
v 0.01079559 0.03062999 0.18323110
v 0.01192086 0.02907407 0.18318389
v -0.03142601 0.00169981 0.20194760
v -0.03149908 -0.00037140 0.20186630
v -0.03016620 0.01217871 0.20288581
v 0.00788551 0.03015542 0.17800580
v 0.00820732 0.03016841 0.18173380
v 0.01601982 0.02810275 0.18584131
v 0.01601982 0.02810275 0.18584131
v 0.01185750 0.02870178 0.18057410
v 0.01602554 0.02725303 0.18514220
v -0.02890354 0.01624763 0.20032810
v 0.01611590 0.02682030 0.18453071
v -0.02906268 0.01469022 0.20006150
v 0.01984024 0.02471816 0.18786781
v 0.01533150 0.02696645 0.18241531
v 0.01984024 0.02471816 0.18786781
v 0.01656532 0.02795112 0.18611500
v 0.01774650 0.02540206 0.18308491
v -0.03039419 0.00856930 0.20029490
v -0.02850151 0.01740539 0.19956370
v -0.02850151 0.01740539 0.19956370
v -0.03003883 0.01492393 0.20348141
v -0.02873224 0.01709538 0.20008820
v 0.01544237 0.02703958 0.18018541
v 0.02005851 0.02376461 0.18590550
v 0.01361548 0.02807497 0.17800060
v -0.02719360 0.01875025 0.19702640
v 0.02204704 0.02284985 0.18957110
v -0.02925932 0.01218575 0.19826379
v 0.02481120 0.01975095 0.19223520
v -0.03070551 0.00644130 0.19751130
v 0.02707958 0.01939564 0.19677231
v 0.01856213 0.02502262 0.18191020
v 0.02000278 0.02369743 0.18406270
v -0.02850151 0.01740539 0.19956370
v -0.02873224 0.01709538 0.20008820
v -0.02667236 0.01977527 0.19621630
v -0.02667236 0.01977527 0.19621630
v -0.02586352 0.02031797 0.19501249
v -0.02719360 0.01875025 0.19702640
v 0.02198052 0.02189648 0.18560570
v -0.02567476 0.01925075 0.19381770
v -0.02994585 0.00913674 0.19539490
v -0.03102022 0.00545275 0.17799990
v 0.02368056 0.02004128 0.18785630
v 0.02728176 0.01764851 0.19665121
v -0.03145623 0.00173271 0.17804970
v 0.02192765 0.02215021 0.18383780
v 0.02575451 0.01740819 0.19013640
v 0.01917719 0.02459108 0.17799009
v -0.02646470 0.01696091 0.19333179
v -0.03009188 0.00901765 0.17800359
v 0.02725213 0.01629245 0.19536170
v -0.02874898 0.01215445 0.19411300
v 0.02931499 0.01416957 0.20068429
v 0.02993386 0.01494634 0.20314761
v 0.02707958 0.01939564 0.19677231
v 0.02921479 0.01641970 0.20106760
v 0.02993386 0.01494634 0.20314761
v -0.02958244 0.01030182 0.19259191
v -0.02873837 0.01237297 0.19113740
v 0.02883642 0.01382404 0.19845930
v 0.02921479 0.01641970 0.20106760
v -0.03143292 -0.00297129 0.17799400
v 0.02793014 0.01382434 0.19295740
v 0.02120399 0.02288234 0.17800000
v -0.02212899 0.02208507 0.18881769
v -0.02695620 0.01555109 0.19047900
v 0.03062778 0.01033926 0.20419760
v -0.02037239 0.02403908 0.18790220
v -0.01940912 0.02621155 0.18808050
v -0.02417808 0.01959007 0.18928640
v 0.02963984 0.01051229 0.19772311
v -0.03145623 0.00173271 0.17804970
v -0.03142261 0.00212741 0.17800020
v -0.03143292 -0.00297129 0.17799400
v -0.02697056 0.01575905 0.18847030
v -0.02424168 0.01942580 0.18732890
v -0.03142261 0.00212741 0.17800020
v -0.01678943 0.02662742 0.18543980
v -0.01523202 0.02831828 0.18540540
v -0.01940912 0.02621155 0.18808050
v -0.01412582 0.02922809 0.18485799
v -0.01129341 0.02989280 0.18335029
v -0.01940912 0.02621155 0.18808050
v -0.01523202 0.02831828 0.18540540
v -0.01940912 0.02621155 0.18808050
v -0.01152795 0.03021800 0.18366210
v -0.01412582 0.02922809 0.18485799
v -0.01036262 0.03067427 0.18318529
v -0.02587163 -0.01808136 0.18741091
v -0.02791535 -0.01483660 0.17799909
v -0.02627128 -0.01759344 0.17800181
v -0.01182419 -0.03063482 0.18378089
v -0.01364517 -0.02952969 0.18440220
v -0.00970078 -0.03126674 0.18292210
v -0.01374810 -0.02892792 0.18388809
v -0.01853466 -0.02637064 0.18678831
v -0.01549816 -0.02764385 0.18387310
v -0.01808089 -0.02600300 0.18529581
v -0.02173668 -0.02273803 0.18530031
v -0.02105772 -0.02355122 0.18342011
v -0.01865106 -0.02539783 0.18307421
v 0.02990734 -0.00985879 0.19542520
v 0.02873551 -0.01277589 0.19308680
v 0.02989482 -0.01006764 0.19312701
v 0.03108263 -0.00520396 0.20069639
v 0.02975499 -0.01200109 0.20011009
v 0.03065717 -0.00726354 0.19777840
v -0.00970078 -0.03126674 0.18292210
v -0.01374810 -0.02892792 0.18388809
v 0.02447855 -0.01991903 0.18606660
v 0.02315270 -0.02164673 0.17800340
v 0.02625435 -0.01763403 0.17799990
v -0.01002693 -0.03052335 0.18262550
v 0.02873009 -0.01299071 0.19107550
v -0.00847155 -0.03182595 0.18266051
v -0.01184839 -0.03067219 0.18381470
v -0.00851595 -0.03172361 0.18264540
v 0.03107428 -0.00994730 0.20676580
v 0.03144174 -0.00214213 0.20412000
v -0.00847155 -0.03175187 0.18263809
v -0.00851595 -0.03172361 0.18264540
v -0.01182419 -0.03063482 0.18378089
v -0.00970078 -0.03126674 0.18292210
v -0.01002693 -0.03052335 0.18262550
v -0.01201081 -0.02939355 0.18249270
v -0.02338874 -0.02121543 0.18503509
v -0.02298539 -0.02174168 0.17800400
v -0.01541048 -0.02754956 0.18151160
v -0.01549816 -0.02764385 0.18387310
v -0.01800823 -0.02608501 0.17799941
v -0.00497240 -0.03163933 0.18111721
v -0.00507027 -0.03262448 0.18191080
v -0.00847155 -0.03182595 0.18266051
v -0.00644004 -0.03228491 0.18215030
v -0.00644004 -0.03228491 0.18215030
v -0.00847155 -0.03182595 0.18266051
v -0.00644004 -0.03227770 0.18214829
v -0.00575519 -0.03231763 0.18199240
v -0.00644004 -0.03227770 0.18214829
v -0.00847155 -0.03182595 0.18266051
v -0.00575519 -0.03231763 0.18199240
v -0.00575519 -0.03223413 0.18196170
v -0.00970078 -0.03126674 0.18292210
v -0.00604248 -0.03190714 0.18188260
v -0.00497240 -0.03163933 0.18111721
v -0.00787449 -0.03083467 0.18145061
v -0.02104419 -0.02362990 0.17797130
v -0.00507027 -0.03262448 0.18191080
v -0.00644004 -0.03228491 0.18215030
v -0.00427240 -0.03275352 0.18178050
v -0.01192641 -0.02928990 0.18026470
v -0.01201081 -0.02939355 0.18249270
v -0.00427240 -0.03275352 0.18178050
v -0.00575519 -0.03231763 0.18199240
v -0.00442105 -0.03250730 0.18175140
v -0.00469935 -0.03240448 0.18177150
v -0.00427240 -0.03275352 0.18178050
v -0.00427240 -0.03275352 0.18178050
v -0.00575519 -0.03231763 0.18199240
v -0.00337255 -0.03269362 0.18165420
v -0.00337255 -0.03269362 0.18165420
v -0.00575519 -0.03231763 0.18199240
v -0.00442105 -0.03250730 0.18175140
v -0.00287622 -0.03231149 0.18134850
v -0.00787449 -0.03083467 0.18145061
v -0.00224733 -0.03291964 0.18156470
v -0.00427240 -0.03275352 0.18178050
v -0.00190842 -0.03290534 0.18153320
v -0.00190842 -0.03290534 0.18153320
v -0.01303905 -0.02893912 0.17800590
v -0.00190842 -0.03279811 0.18150400
v -0.00427240 -0.03275352 0.18178050
v -0.00224733 -0.03291964 0.18156470
v -0.00011063 -0.03313279 0.18148100
v -0.00207788 -0.03271013 0.18148971
v -0.00067711 -0.03234630 0.18120050
v -0.00173897 -0.03285574 0.18150680
v -0.00287622 -0.03231149 0.18134850
v -0.00737739 -0.03090232 0.17800790
v -0.00067711 -0.03234630 0.18120050
v -0.00469935 -0.03240448 0.18177150
v -0.03117424 -0.00609148 0.20394249
v -0.00371176 -0.03157687 0.18026049
v -0.00224733 -0.03291964 0.18156470
v -0.00011063 -0.03313279 0.18148100
v -0.03082960 -0.01262104 0.20605060
v -0.00024033 -0.03297621 0.18147250
v 0.00047413 -0.03278571 0.18144520
v 0.00047413 -0.03278571 0.18144520
v -0.03079813 -0.00974751 0.20468301
v -0.00371176 -0.03157687 0.18026049
v 0.00020295 -0.03184759 0.18040030
v 0.00154513 -0.03303879 0.18153299
v 0.00154513 -0.03303879 0.18153299
v -0.00011063 -0.03313279 0.18148100
v 0.00304699 -0.03296041 0.18162601
v 0.00200874 -0.03285467 0.18154450
v 0.00200874 -0.03285467 0.18154450
v -0.00024033 -0.03297621 0.18147250
v 0.00134808 -0.03286689 0.18148459
v 0.00154513 -0.03285837 0.18149410
v 0.00134808 -0.03271055 0.18143120
v 0.00134808 -0.03286689 0.18148459
v -0.00024033 -0.03297621 0.18147250
v 0.00308377 -0.03270560 0.18161550
v -0.00024033 -0.03297621 0.18147250
v 0.00047413 -0.03278571 0.18144520
v 0.00308377 -0.03270560 0.18161550
v 0.00154513 -0.03285837 0.18149410
v 0.00134808 -0.03286689 0.18148459
v 0.00308377 -0.03270560 0.18161550
v 0.00020295 -0.03184759 0.18040030
v -0.00497240 -0.03163933 0.18111721
v 0.02659058 -0.01699268 0.18838391
v 0.00047413 -0.03278571 0.18144520
v 0.00134808 -0.03271055 0.18143120
v 0.00289726 -0.03257954 0.18153730
v 0.02939140 -0.01158004 0.17800100
v 0.00289726 -0.03257954 0.18153730
v 0.00154513 -0.03238826 0.18126769
v -0.00144666 -0.03326672 0.18140450
v 0.00154513 -0.03303879 0.18153299
v 0.00304699 -0.03296041 0.18162601
v 0.00304699 -0.03296041 0.18162601
v 0.00359666 -0.03270834 0.18167220
v 0.00200874 -0.03285467 0.18154450
v 0.00308377 -0.03270560 0.18161550
v 0.00154513 -0.03285837 0.18149410
v -0.03139162 -0.00284707 0.20115609
v 0.00289726 -0.03257954 0.18153730
v -0.00232923 -0.03170520 0.17800049
v 0.03014272 -0.00942701 0.17799661
v 0.00154513 -0.03238826 0.18126769
v 0.00304699 -0.03296041 0.18162601
v 0.00200874 -0.03285467 0.18154450
v 0.00479269 -0.03258842 0.18184930
v 0.00200874 -0.03285467 0.18154450
v 0.00359666 -0.03270834 0.18167220
v 0.00479269 -0.03258842 0.18184930
v 0.00479269 -0.03258842 0.18184930
v 0.00359666 -0.03270834 0.18167220
v 0.00466645 -0.03257024 0.18181799
v 0.00359666 -0.03270834 0.18167220
v 0.00308377 -0.03270560 0.18161550
v 0.00466645 -0.03257024 0.18181799
v 0.00466645 -0.03249931 0.18179630
v 0.00359672 -0.03222668 0.18144301
v 0.00722116 -0.03153640 0.18197840
v -0.02915811 -0.01713138 0.20097131
v -0.02998304 -0.01414209 0.20268510
v 0.00304699 -0.03296041 0.18162601
v 0.00479269 -0.03258842 0.18184930
v 0.00651544 -0.03229051 0.18216009
v 0.00567687 -0.03241515 0.18199299
v 0.00509828 -0.03244221 0.18188830
v 0.00722116 -0.03153640 0.18197840
v 0.00722116 -0.03153640 0.18197840
v 0.03113561 -0.00534022 0.17799990
v 0.00429398 -0.03152120 0.18071830
v 0.00931931 -0.03159821 0.18288010
v 0.00304699 -0.03296041 0.18162601
v 0.00651544 -0.03229051 0.18216009
v 0.00651544 -0.03229051 0.18216009
v 0.00479269 -0.03258842 0.18184930
v 0.00931931 -0.03159821 0.18288010
v 0.00479269 -0.03258842 0.18184930
v 0.00567687 -0.03241515 0.18199299
v 0.00931931 -0.03159821 0.18288010
v 0.00931931 -0.03159821 0.18288010
v 0.00567687 -0.03241515 0.18199299
v 0.00509828 -0.03244221 0.18188830
v 0.00211805 -0.03174227 0.17799769
v 0.00931931 -0.03159821 0.18288010
v 0.00429398 -0.03152120 0.18071830
v 0.00756282 -0.03088247 0.18121980
v 0.03071486 -0.00735110 0.17800079
v 0.01020425 -0.03013837 0.18219660
v 0.00697935 -0.03101539 0.17799510
v 0.01190567 -0.03066831 0.18381470
v 0.00931931 -0.03159821 0.18288010
v 0.01161581 -0.03070968 0.18369620
v 0.00722116 -0.03153640 0.18197840
v 0.01161581 -0.03070968 0.18369620
v 0.00722116 -0.03153640 0.18197840
v 0.01099389 -0.03038227 0.18315861
v 0.01099389 -0.03038227 0.18315861
v 0.01523721 -0.02917701 0.18543050
v 0.00931931 -0.03159821 0.18288010
v 0.01190567 -0.03066831 0.18381470
v 0.01342201 -0.02997857 0.18448161
v 0.01523721 -0.02917701 0.18543050
v 0.01190567 -0.03066831 0.18381470
v 0.01342201 -0.02997857 0.18448161
v 0.01342201 -0.02997857 0.18448161
v 0.03143370 -0.00265217 0.17800090
v 0.01354211 -0.02928555 0.18416190
v -0.03003692 -0.01045811 0.19993560
v 0.01528382 -0.02912878 0.18544690
v 0.01523721 -0.02917701 0.18543050
v 0.01317024 -0.02886205 0.18284580
v 0.01848602 -0.02722936 0.18748060
v 0.00756282 -0.03088247 0.18121980
v 0.01637840 -0.02765280 0.18555710
v -0.02893400 -0.01485472 0.19908300
v 0.01354211 -0.02928555 0.18416190
v 0.01498222 -0.02818787 0.18436590
v 0.01637840 -0.02765280 0.18555710
v 0.01218849 -0.02917712 0.18062539
v -0.02810478 -0.01838737 0.19863480
v 0.01526767 -0.02758592 0.18235110
v 0.01057493 -0.02995556 0.17800041
v 0.01869869 -0.02600198 0.18670630
v -0.03087562 -0.00630063 0.19815680
v 0.02096176 -0.02542126 0.18942229
v 0.01480239 -0.02801638 0.17993391
v -0.02615356 -0.02095234 0.19543050
v -0.02915811 -0.01713138 0.20097131
v -0.02810478 -0.01838737 0.19863480
v 0.01874369 -0.02524954 0.18412431
v 0.01869869 -0.02600198 0.18670630
v -0.02880561 -0.01346355 0.19694491
v 0.02176761 -0.02303421 0.18838660
v 0.01487869 -0.02799695 0.17799960
v 0.02593892 -0.01979070 0.19438910
v -0.02564239 -0.02061510 0.19427460
v 0.01873850 -0.02548307 0.18184820
v -0.02710145 -0.01746952 0.19538841
v -0.02952820 -0.01091027 0.19448760
v -0.03015714 -0.00920081 0.19437949
v 0.02593892 -0.01979070 0.19438910
v 0.02179092 -0.02266722 0.18537110
v 0.02683156 -0.01809990 0.19541900
v 0.02924156 -0.01586902 0.20083210
v 0.02583348 -0.01823723 0.19136350
v 0.02180629 -0.02285683 0.18383180
v 0.01894038 -0.02536082 0.17800650
v -0.02460861 -0.02036297 0.19162820
v -0.02797019 -0.01436120 0.19238460
v -0.02695393 -0.01661592 0.19340339
v 0.02500993 -0.01904243 0.18833670
v -0.02363586 -0.02351963 0.19200771
v -0.02564239 -0.02061510 0.19427460
v -0.02284234 -0.02353787 0.19120380
v 0.03051233 -0.01343548 0.20483370
v -0.02799874 -0.01453989 0.18996520
v -0.02921169 -0.01201272 0.17800190
v 0.02893507 -0.01299989 0.19690870
v 0.03048253 -0.01168072 0.20365401
v 0.02696031 -0.01614344 0.19047990
v -0.02045434 -0.02590000 0.18893790
v -0.02589625 -0.01781445 0.18926699
v -0.02284234 -0.02353787 0.19120380
v -0.02124214 -0.02389490 0.18851730
v -0.02404260 -0.02018988 0.18778750
v -0.02045434 -0.02590000 0.18893790
v -0.02363586 -0.02351963 0.19200771
v -0.02045434 -0.02590000 0.18893790
v -0.01873391 -0.02718174 0.18768281
v -0.02193570 -0.02266335 0.18726081
v -0.03049206 -0.00828099 0.17800041
v -0.01873391 -0.02718174 0.18768281
v -0.01591682 -0.02882206 0.18579070
v -0.03132021 -0.02582657 0.21652290
v 0.00740814 0.04229956 0.24363780
v 0.00387752 -0.01891750 0.24426040
v 0.00788307 -0.01912331 0.24351160
v -0.00011152 0.04229950 0.24463680
v -0.03063702 0.04229950 0.22041290
v -0.03058665 -0.02483087 0.22058269
v 0.01349061 0.04229944 0.24158260
v 0.01147454 -0.01941788 0.24235120
v -0.02855491 0.04229927 0.22655080
v -0.02930355 -0.02396786 0.22452520
v 0.01503747 -0.01981645 0.24068420
v -0.02765655 -0.02293115 0.22809570
v -0.02540016 -0.02213340 0.23172730
v 0.01831048 -0.02034431 0.23864339
v -0.02511590 0.04229950 0.23205920
v 0.02082443 0.04229962 0.23674940
v -0.02232354 0.04229813 0.23524059
v 0.02121925 -0.02090001 0.23628969
v -0.02030372 -0.02070248 0.23709831
v -0.01728439 0.04229968 0.23944061
v -0.01693725 -0.02012830 0.23959699
v 0.02423089 -0.02167713 0.23312721
v -0.01322811 -0.01957750 0.24158780
v 0.02510452 0.04229813 0.23205160
v 0.02666848 -0.02249920 0.22977041
v -0.01052856 0.04229956 0.24273460
v 0.02900457 0.04229968 0.22562470
v -0.00933689 -0.01920789 0.24308440
v 0.02959299 -0.02392065 0.22399969
v -0.00640881 0.04229950 0.24384110
v -0.00530612 -0.01896947 0.24404970
v 0.03129446 -0.02574425 0.21680330
v -0.00180358 -0.01877611 0.24450830
v 0.01699298 -0.02040439 0.23923890
v 0.01743572 -0.02048057 0.23893359
v 0.01737564 -0.02046740 0.23898630
v 0.01701104 -0.02041053 0.23921420
v 0.01660668 -0.02034288 0.23948570
v 0.01658183 -0.02034235 0.23948780
v 0.01621699 -0.02028280 0.23972680
v 0.01614826 -0.02027595 0.23975430
v 0.01571059 -0.02021121 0.24001370
v 0.01542741 -0.02016693 0.24019140
v 0.01526874 -0.02014839 0.24026570
v 0.01502776 -0.02011120 0.24041490
v 0.01482290 -0.02008736 0.24051081
v 0.01462495 -0.02005696 0.24063250
v 0.01421898 -0.02000421 0.24084410
v 0.01437324 -0.02002811 0.24074820
v 0.01381015 -0.01995301 0.24104960
v 0.01391977 -0.01997071 0.24097849
v 0.01339846 -0.01990324 0.24124900
v 0.01346272 -0.01991516 0.24120121
v 0.01298397 -0.01985502 0.24144250
v 0.01300209 -0.01986140 0.24141660
v 0.01256686 -0.01980835 0.24162970
v 0.01253825 -0.01980966 0.24162421
v 0.01214700 -0.01976323 0.24181069
v 0.01207101 -0.01975977 0.24182449
v 0.01172477 -0.01971960 0.24198569
v 0.01148915 -0.01969599 0.24208011
v 0.01125270 -0.01967293 0.24217249
v 0.01160067 -0.01971179 0.24201700
v 0.01101559 -0.01965034 0.24226309
v 0.01077777 -0.01962828 0.24235190
v 0.01117467 -0.01967018 0.24218360
v 0.01074647 -0.01963025 0.24234401
v 0.01025384 -0.01892292 0.24251150
v 0.01074647 -0.01963025 0.24234401
v 0.01077777 -0.01962828 0.24235190
v 0.00981980 -0.01954478 0.24268679
v 0.00988328 -0.01955497 0.24264590
v 0.00944853 -0.01951974 0.24278730
v 0.00988328 -0.01955497 0.24264590
v 0.00981980 -0.01954478 0.24268679
v 0.00933707 -0.01950585 0.24284270
v 0.00901181 -0.01948601 0.24292240
v 0.00885188 -0.01946908 0.24299040
v 0.00857311 -0.01945400 0.24305101
v 0.00836450 -0.01943421 0.24313040
v 0.00813264 -0.01942354 0.24317320
v 0.00787503 -0.01940131 0.24326231
v 0.00769049 -0.01939469 0.24328890
v 0.00738352 -0.01937031 0.24338619
v 0.00724667 -0.01936745 0.24339810
v 0.00689012 -0.01934140 0.24350210
v 0.00664282 -0.01932770 0.24355720
v 0.00639516 -0.01931452 0.24360999
v 0.00634766 -0.01943784 0.24345741
v 0.00724667 -0.01936745 0.24339810
v 0.00639516 -0.01931452 0.24360999
v 0.00614685 -0.01930189 0.24366100
v 0.00589848 -0.01928973 0.24370991
v 0.00564945 -0.01927793 0.24375680
v 0.00540030 -0.01926684 0.24380150
v 0.00549316 -0.01952755 0.24382371
v 0.00634766 -0.01943784 0.24345741
v 0.00540030 -0.01926684 0.24380150
v 0.00500661 -0.01925563 0.24384619
v 0.00490081 -0.01924598 0.24388520
v 0.00500661 -0.01925563 0.24384619
v 0.00540030 -0.01926684 0.24380150
v 0.00455493 -0.01923829 0.24391620
v 0.00440013 -0.01922708 0.24396060
v 0.00410247 -0.01922243 0.24397950
v 0.00341791 -0.01920354 0.24408880
v 0.00364900 -0.01920837 0.24403609
v 0.00319475 -0.01919585 0.24408621
v 0.00273991 -0.01918506 0.24412949
v 0.00238776 -0.01917225 0.24418101
v 0.00180054 -0.01917469 0.24419650
v 0.00188285 -0.01916354 0.24421570
v 0.00137752 -0.01915699 0.24424210
v 0.00087199 -0.01915246 0.24426040
v 0.00091533 -0.01915842 0.24423660
v 0.00045776 -0.01915371 0.24425720
v 0.00000000 -0.01915502 0.24424990
v 0.00000000 -0.01914942 0.24427250
v -0.00114441 -0.01915460 0.24424811
v -0.00041987 -0.01915574 0.24424709
v -0.00228262 -0.01917028 0.24418890
v -0.00185251 -0.01916873 0.24419490
v -0.00235784 -0.01917719 0.24416080
v -0.00273764 -0.01917940 0.24415220
v -0.00375366 -0.01918685 0.24406020
v -0.00409919 -0.01921683 0.24400210
v -0.00336659 -0.01920038 0.24406810
v -0.00386971 -0.01921498 0.24400930
v -0.00336659 -0.01920038 0.24406810
v -0.00409919 -0.01921683 0.24400210
v -0.00455135 -0.01923263 0.24393880
v -0.00437206 -0.01923161 0.24394260
v -0.00500256 -0.01925009 0.24386880
v -0.00487322 -0.01925039 0.24386761
v -0.00545275 -0.01926910 0.24379240
v -0.00537324 -0.01927107 0.24378461
v -0.00590169 -0.01928985 0.24370921
v -0.00598144 -0.01931202 0.24365591
v -0.00708008 -0.01931577 0.24345741
v -0.00686461 -0.01934534 0.24348670
v -0.00598144 -0.01931202 0.24365591
v -0.00708008 -0.01931577 0.24345741
v -0.00724077 -0.01936179 0.24342071
v -0.00735849 -0.01937413 0.24337129
v -0.00686461 -0.01934534 0.24348670
v -0.00724077 -0.01936179 0.24342071
v -0.00768417 -0.01938903 0.24331149
v -0.00785053 -0.01940488 0.24324781
v -0.00812602 -0.01941788 0.24319570
v -0.00834060 -0.01943767 0.24311630
v -0.00856614 -0.01944828 0.24307360
v -0.00900441 -0.01948034 0.24294481
v -0.00882852 -0.01947242 0.24297699
v -0.00939941 -0.01969349 0.24269460
v -0.00882852 -0.01947242 0.24297699
v -0.00900441 -0.01948034 0.24294481
v -0.00927734 -0.01937299 0.24266399
v -0.00882852 -0.01947242 0.24297699
v -0.00939941 -0.01969349 0.24269460
v -0.01030749 -0.01958620 0.24252060
v -0.00927734 -0.01937299 0.24266399
v -0.00939941 -0.01969349 0.24269460
v -0.01027846 -0.01958853 0.24251120
v -0.00927734 -0.01937299 0.24266399
v -0.01030749 -0.01958620 0.24252060
v -0.01073753 -0.01962459 0.24236660
v -0.01075673 -0.01963114 0.24234030
v -0.01116544 -0.01966458 0.24220620
v -0.01123219 -0.01967573 0.24216160
v -0.01159089 -0.01970613 0.24203961
v -0.01182627 -0.01972991 0.24194430
v -0.01206088 -0.01975417 0.24184699
v -0.01170498 -0.01972222 0.24197510
v -0.01229465 -0.01977878 0.24174790
v -0.01252770 -0.01980406 0.24164701
v -0.01212775 -0.01976573 0.24180061
v -0.01275986 -0.01982969 0.24154399
v -0.01254814 -0.01981079 0.24162000
v -0.01361078 -0.02026563 0.24110770
v -0.01254814 -0.01981079 0.24162000
v -0.01275986 -0.01982969 0.24154399
v -0.01379328 -0.01995503 0.24104109
v -0.01338100 -0.01990538 0.24124020
v -0.01420277 -0.02000617 0.24083599
v -0.01436090 -0.02002245 0.24077091
v -0.01460915 -0.02005887 0.24062480
v -0.01420277 -0.02000617 0.24083599
v -0.01436090 -0.02002245 0.24077091
v -0.01481014 -0.02008163 0.24053340
v -0.01501268 -0.02011305 0.24040771
v -0.01525551 -0.02014273 0.24028841
v -0.01541292 -0.02016866 0.24018461
v -0.01569688 -0.02020555 0.24003640
v -0.01581007 -0.02022576 0.23995560
v -0.01613414 -0.02027022 0.23977700
v -0.01620388 -0.02028435 0.23972070
v -0.01656723 -0.02033668 0.23951040
v -0.01659423 -0.02034425 0.23948000
v -0.01699596 -0.02040493 0.23923700
v -0.01720875 -0.02043968 0.23909751
v -0.01698118 -0.02040570 0.23923360
v -0.01742023 -0.02047485 0.23895641
v -0.01763075 -0.02051049 0.23881350
v -0.01736456 -0.02046865 0.23898131
v -0.01783990 -0.02054655 0.23866890
v -0.01774424 -0.02053296 0.23872361
v -0.01812016 -0.02059859 0.23846000
v -0.01825499 -0.02061986 0.23837461
v -0.01849246 -0.02066570 0.23819110
v -0.01806640 -0.02034199 0.23848310
v -0.01849246 -0.02066570 0.23819110
v -0.01825499 -0.02061986 0.23837461
v -0.01922500 -0.02080392 0.23763651
v -0.01907062 -0.02077174 0.23776560
v -0.01947093 -0.02085018 0.23745130
v -0.01922500 -0.02080392 0.23763651
v -0.01907062 -0.02077174 0.23776560
v -0.01958525 -0.02087509 0.23735110
v -0.01986610 -0.02093017 0.23713030
v -0.01994132 -0.02094763 0.23706040
v -0.02025616 -0.02101176 0.23680280
v -0.02029329 -0.02102142 0.23676430
v -0.02064085 -0.02109497 0.23646890
v -0.02064085 -0.02109646 0.23646310
v -0.02102011 -0.02117985 0.23612890
v -0.02098405 -0.02117294 0.23615660
v -0.02132284 -0.02125060 0.23584500
v -0.02139383 -0.02126622 0.23578250
v -0.02165699 -0.02132958 0.23552850
v -0.02176189 -0.02135401 0.23543011
v -0.02198666 -0.02140969 0.23520690
v -0.02212423 -0.02144348 0.23507150
v -0.02231264 -0.02149134 0.23487930
v -0.02238035 -0.02150845 0.23481099
v -0.02263271 -0.02157402 0.23454800
v 0.02165943 -0.02132934 0.23552939
v 0.02178281 -0.02135986 0.23540691
v 0.02214556 -0.02144920 0.23504840
v 0.02141422 -0.02127200 0.23575930
v 0.02198827 -0.02140957 0.23520739
v 0.02132600 -0.02125024 0.23584621
v 0.02104002 -0.02118557 0.23610570
v 0.02064549 -0.02109611 0.23646490
v 0.02066028 -0.02110075 0.23644590
v 0.02029865 -0.02102082 0.23676650
v 0.01965332 -0.02058613 0.23726240
v 0.02066028 -0.02110075 0.23644590
v 0.02029865 -0.02102082 0.23676650
v 0.01959222 -0.02087444 0.23735380
v 0.01988458 -0.02093589 0.23710720
v 0.01948887 -0.02085584 0.23742829
v 0.01988458 -0.02093589 0.23710720
v 0.01959222 -0.02087444 0.23735380
v 0.01923269 -0.02080315 0.23763970
v 0.01908797 -0.02077746 0.23774271
v 0.01886910 -0.02073323 0.23791990
v 0.01868218 -0.02070069 0.23805059
v 0.01850152 -0.02066475 0.23819479
v 0.01827150 -0.02062565 0.23835181
v 0.01813006 -0.02059751 0.23846421
v 0.01775473 -0.02053177 0.23872811
v 0.01785594 -0.02055215 0.23864619
v -0.01327508 -0.01987653 0.24136710
v -0.01503551 -0.02011090 0.24041560
v -0.01436090 -0.02002245 0.24077091
v -0.01825720 -0.02061915 0.23837750
v -0.01866525 -0.02069503 0.23807339
v -0.01825499 -0.02061986 0.23837461
v -0.01864314 -0.02068316 0.23811570
v -0.01512867 -0.02011448 0.24039289
v -0.00554651 -0.01905262 0.24398971
v -0.00551408 -0.01918232 0.24393710
v -0.00530612 -0.01896947 0.24404970
v -0.00996262 -0.01953452 0.24269940
v -0.01099574 -0.01963239 0.24231680
v -0.00950736 -0.01950997 0.24281681
v -0.00569153 -0.01903164 0.24398389
v -0.00477749 -0.01924037 0.24390730
v -0.00500256 -0.01925009 0.24386880
v -0.00455135 -0.01923263 0.24393880
v -0.01775705 -0.02052193 0.23876020
v -0.00534058 -0.01926362 0.24381420
v -0.02217417 -0.02141171 0.23514099
v -0.02269572 -0.02154785 0.23460130
v -0.02285856 -0.02159714 0.23441429
v -0.00394404 -0.01920104 0.24405371
v -0.00584739 -0.01928460 0.24372880
v -0.00996262 -0.01953452 0.24269940
v -0.01215481 -0.01973456 0.24188450
v -0.01099574 -0.01963239 0.24231680
v -0.01095128 -0.01961636 0.24236080
v -0.01215481 -0.01973456 0.24188450
v -0.00394404 -0.01920104 0.24405371
v -0.00643915 -0.01930814 0.24362740
v -0.00584739 -0.01928460 0.24372880
v -0.01015764 -0.01954346 0.24264880
v -0.02261137 -0.02149808 0.23473699
v -0.02281445 -0.02157461 0.23448460
v -0.02257519 -0.02151107 0.23473790
v -0.01795983 -0.02054858 0.23864231
v -0.01867461 -0.02067345 0.23813500
v -0.01076608 -0.01959514 0.24243701
v -0.02219599 -0.02121627 0.23532610
v -0.02269995 -0.02134269 0.23481570
v -0.02265495 -0.02142846 0.23479401
v -0.02194577 -0.02139800 0.23525330
v -0.02212423 -0.02144348 0.23507150
v -0.02176189 -0.02135401 0.23543011
v -0.02238035 -0.02150845 0.23481099
v -0.02244460 -0.02152442 0.23474661
v -0.01008522 -0.01949149 0.24273610
v -0.01133149 -0.01964426 0.24223091
v -0.01026576 -0.01945698 0.24271980
v -0.01090705 -0.01953864 0.24247129
v -0.00425148 -0.01919233 0.24405470
v -0.00580448 -0.01925539 0.24380210
v -0.00571734 -0.01925742 0.24380331
v -0.01458168 -0.02001851 0.24074011
v -0.01538288 -0.02012246 0.24031229
v -0.01485037 -0.02005279 0.24060090
v -0.01025384 -0.01933491 0.24263351
v -0.01090705 -0.01953864 0.24247129
v -0.01026576 -0.01945698 0.24271980
v -0.00524253 -0.01922649 0.24390981
v -0.01458168 -0.02001851 0.24074011
v -0.01474177 -0.02003359 0.24066690
v -0.01538288 -0.02012246 0.24031229
v -0.02245271 -0.02125048 0.23508200
v -0.02540016 -0.02213340 0.23172730
v -0.02302551 -0.02135908 0.23448530
v -0.02245271 -0.02125048 0.23508200
v -0.02302551 -0.02135908 0.23448530
v -0.01025384 -0.01933491 0.24263351
v -0.00933689 -0.01920789 0.24308440
v -0.01025384 -0.01945698 0.24299970
v -0.01009243 -0.01956689 0.24259780
v -0.00987518 -0.01954931 0.24266849
v -0.00944078 -0.01951408 0.24280991
v -0.00479829 -0.01917606 0.24402550
v -0.00591886 -0.01925545 0.24378970
v -0.00570476 -0.01920706 0.24388170
v -0.01874363 -0.02066987 0.23811750
v -0.01807898 -0.02050971 0.23866101
v -0.01903510 -0.02071166 0.23791771
v -0.01453512 -0.01997834 0.24081559
v -0.01544284 -0.02008455 0.24034300
v -0.01555085 -0.02010387 0.24027520
v -0.01445454 -0.01990687 0.24092279
v -0.01546514 -0.02004373 0.24037230
v -0.00503492 -0.01913279 0.24403860
v -0.00503492 -0.01913279 0.24403860
v -0.00502771 -0.01906216 0.24406680
v -0.01447725 -0.01984035 0.24095009
v -0.01558488 -0.02003788 0.24031851
v -0.01447725 -0.01984035 0.24095009
v -0.01492685 -0.01991391 0.24070790
v -0.01558488 -0.02003788 0.24031851
v -0.01471406 -0.01983296 0.24084060
v -0.01492685 -0.01991391 0.24070790
v -0.01825720 -0.02050793 0.23857310
v -0.01858717 -0.02053236 0.23836610
v -0.01901972 -0.02066224 0.23799311
v -0.00481939 -0.01901388 0.24412110
v -0.01471406 -0.01983296 0.24084060
v -0.01322811 -0.01957750 0.24158780
v -0.01494234 -0.01985496 0.24072219
v -0.00455135 -0.01923263 0.24393880
v -0.00387573 -0.01920950 0.24401639
v -0.01810973 -0.02040660 0.23873501
v -0.01906454 -0.02058422 0.23803291
v -0.01899784 -0.02060848 0.23805980
v -0.01390784 -0.01996505 0.24100120
v -0.01436090 -0.02002245 0.24077091
v -0.01390784 -0.01996505 0.24100120
v -0.01436090 -0.02002245 0.24077091
v -0.00477749 -0.01924037 0.24390730
v -0.01815223 -0.02036339 0.23872790
v -0.01867669 -0.02040296 0.23836111
v -0.01773649 -0.02052807 0.23874269
v -0.01390784 -0.01996505 0.24100120
v -0.01783990 -0.02054655 0.23866890
v -0.02166301 -0.02130049 0.23560920
v -0.02209544 -0.02139949 0.23520380
v -0.02220588 -0.02143925 0.23506430
v -0.00352478 -0.03461235 0.18180139
v -0.00617593 -0.03432565 0.18206000
v 0.00381184 -0.03466093 0.18165830
v 0.00000000 -0.03457599 0.18154600
v -0.00617593 -0.03432565 0.18206000
v 0.00000000 -0.03457599 0.18154600
v -0.00352478 -0.03461235 0.18180139
v -0.00494695 -0.01923143 0.24392390
v -0.00643915 -0.01930814 0.24362740
v -0.00387859 -0.03444010 0.18175159
v -0.00387859 -0.03444010 0.18175159
v 0.00381184 -0.03466093 0.18165830
v -0.00617593 -0.03432565 0.18206000
v -0.00617593 -0.03432565 0.18206000
v -0.00910378 -0.03425318 0.18278950
v -0.00144666 -0.03326672 0.18140450
v -0.00617593 -0.03432565 0.18206000
v -0.00880814 -0.03432214 0.18274140
v -0.00398296 -0.03464889 0.18200490
v -0.00792110 -0.03445863 0.18277059
v -0.00352478 -0.03461235 0.18180139
v -0.00617593 -0.03432565 0.18206000
v -0.02209550 -0.02127540 0.23537430
v -0.02180403 -0.02123034 0.23563200
v -0.02183741 -0.02117460 0.23565251
v -0.02265495 -0.02142846 0.23479401
v -0.02209550 -0.02127540 0.23537430
v -0.01742261 -0.02044755 0.23903310
v -0.01795983 -0.02054858 0.23864231
v -0.02230101 -0.02127808 0.23520620
v -0.02265495 -0.02142846 0.23479401
v -0.02183741 -0.02117460 0.23565251
v -0.00433499 -0.01920092 0.24403380
v -0.00990838 -0.01950711 0.24275739
v -0.02230101 -0.02127808 0.23520620
v -0.02219599 -0.02121627 0.23532610
v -0.02265495 -0.02142846 0.23479401
v -0.01158612 -0.03415739 0.18391630
v -0.01867157 -0.02066391 0.23815560
v -0.02176195 -0.02135401 0.23543020
v -0.02139383 -0.02126622 0.23578250
v -0.01360166 -0.01989477 0.24123619
v -0.01458168 -0.02001851 0.24074011
v -0.01436293 -0.01999741 0.24083860
v -0.02145731 -0.02127146 0.23575559
v -0.02261346 -0.02156561 0.23457980
v -0.01776975 -0.02049565 0.23881860
v -0.00930595 -0.01933389 0.24306460
v -0.01748698 -0.02045011 0.23900580
v -0.00974280 -0.01931214 0.24294500
v -0.01025384 -0.01933491 0.24263351
v -0.00930595 -0.01933389 0.24306460
v -0.00880814 -0.03432214 0.18274140
v -0.00910378 -0.03425318 0.18278950
v -0.00617593 -0.03432565 0.18206000
v -0.00996310 -0.01932209 0.24287529
v -0.00880814 -0.03432214 0.18274140
v -0.01633065 -0.03323489 0.18598530
v -0.00910378 -0.03425318 0.18278950
v -0.00996310 -0.01932209 0.24287529
v -0.00933689 -0.01920789 0.24308440
v -0.01025384 -0.01933491 0.24263351
v -0.00944078 -0.01951408 0.24280991
v -0.00900441 -0.01948034 0.24294481
v -0.01531022 -0.03369802 0.18564770
v -0.00880814 -0.03432214 0.18274140
v -0.01158612 -0.03415739 0.18391630
v -0.01345580 -0.01982891 0.24136961
v -0.01009243 -0.01956689 0.24259780
v -0.01522827 -0.03353601 0.18558849
v -0.00880814 -0.03432214 0.18274140
v -0.01633065 -0.03323489 0.18598530
v -0.01397711 -0.01989233 0.24112210
v -0.00451660 -0.01936537 0.24420521
v -0.00503492 -0.01913279 0.24403860
v -0.00479829 -0.01917606 0.24402550
v -0.01397711 -0.01989233 0.24112210
v -0.00451660 -0.01936537 0.24420521
v -0.01009243 -0.01956689 0.24259780
v -0.00944078 -0.01951408 0.24280991
v -0.01376837 -0.01982116 0.24126551
v -0.01401507 -0.01980131 0.24117570
v -0.01103222 -0.01964890 0.24226680
v -0.02140825 -0.02124613 0.23584069
v -0.02229398 -0.02146774 0.23496009
v -0.01403200 -0.01973813 0.24119380
v -0.01403200 -0.01973813 0.24119380
v -0.01641839 -0.03338819 0.18613790
v -0.00402832 -0.01921284 0.24401450
v -0.00455135 -0.01923263 0.24393880
v -0.00387573 -0.01920950 0.24401639
v -0.00402832 -0.01921284 0.24401450
v -0.00477749 -0.01924037 0.24390730
v -0.00455135 -0.01923263 0.24393880
v -0.01345127 -0.01990950 0.24122390
v -0.01345121 -0.01990950 0.24122390
v -0.01345127 -0.01990950 0.24122390
v -0.01641839 -0.03338819 0.18613790
v -0.01522827 -0.03353601 0.18558849
v -0.01855564 -0.03317189 0.18770090
v -0.00385976 -0.01920676 0.24404129
v -0.00477749 -0.01924037 0.24390730
v -0.02045631 -0.03265631 0.18897600
v -0.00385976 -0.01920676 0.24404129
v -0.01763075 -0.02051049 0.23881350
v -0.02164012 -0.02128165 0.23566410
v -0.01756829 -0.02034860 0.23908640
v -0.01855564 -0.03317189 0.18770090
v -0.02045631 -0.03265631 0.18897600
v -0.02124023 -0.03238087 0.18973890
v -0.01633065 -0.03323489 0.18598530
v -0.02045631 -0.03265631 0.18897600
v -0.01855564 -0.03317189 0.18770090
v -0.02148008 -0.03259104 0.19028901
v -0.02124023 -0.03238087 0.18973890
v -0.02045631 -0.03265631 0.18897600
v -0.02345371 -0.03197181 0.19197240
v -0.00354755 -0.01917564 0.24413291
v -0.00571734 -0.01925742 0.24380331
v -0.00494695 -0.01923143 0.24392390
v -0.00354755 -0.01917564 0.24413291
v -0.02173411 -0.02125126 0.23565949
v -0.00354755 -0.01917564 0.24413291
v -0.00886554 -0.01944136 0.24306020
v -0.02345371 -0.03197181 0.19197240
v -0.02431488 -0.03161388 0.19296050
v -0.02124023 -0.03238087 0.18973890
v -0.02219599 -0.02121627 0.23532610
v -0.02345371 -0.03197181 0.19197240
v -0.02148437 -0.02095234 0.23585860
v -0.02245271 -0.02125048 0.23508200
v -0.02219599 -0.02121627 0.23532610
v -0.02148437 -0.02095234 0.23585860
v -0.02540016 -0.02213340 0.23172730
v -0.02245271 -0.02125048 0.23508200
v -0.00924963 -0.01946353 0.24295650
v -0.00898087 -0.01942873 0.24305490
v -0.02121478 -0.02122068 0.23596370
v -0.02102011 -0.02117985 0.23612890
v -0.00930595 -0.01933389 0.24306460
v -0.00354004 -0.01910024 0.24419761
v -0.00524253 -0.01922649 0.24390981
v -0.00425148 -0.01919233 0.24405470
v -0.00354004 -0.01910024 0.24419761
v -0.00974280 -0.01931214 0.24294500
v -0.00930595 -0.01933389 0.24306460
v -0.00933689 -0.01920789 0.24308440
v -0.00996310 -0.01932209 0.24287529
v -0.01312828 -0.01981359 0.24148721
v -0.01458168 -0.02001851 0.24074011
v -0.00878733 -0.01946264 0.24301580
v -0.00778925 -0.01938474 0.24331670
v -0.00451660 -0.01936537 0.24420521
v -0.00479829 -0.01917606 0.24402550
v -0.00354004 -0.01910024 0.24419761
v -0.01799970 -0.02032017 0.23884180
v -0.01693725 -0.02012830 0.23959699
v -0.02345371 -0.03197181 0.19197240
v -0.02452319 -0.03176498 0.19340920
v -0.01312828 -0.01981359 0.24148721
v -0.00390154 -0.01905560 0.24422260
v -0.00502771 -0.01906216 0.24406680
v -0.00451660 -0.01936537 0.24420521
v -0.01760458 -0.02043128 0.23898610
v -0.02666276 -0.03099906 0.19638270
v -0.02452319 -0.03176498 0.19340920
v -0.02345371 -0.03197181 0.19197240
v -0.00384516 -0.01898396 0.24425100
v -0.00390154 -0.01905560 0.24422260
v -0.00384516 -0.01898396 0.24425100
v -0.00481939 -0.01901388 0.24412110
v -0.01355713 -0.01974141 0.24140359
v -0.01339370 -0.01966977 0.24150001
v -0.01742023 -0.02047485 0.23895641
v -0.01720875 -0.02043968 0.23909751
v -0.01322811 -0.01957750 0.24158780
v -0.01296997 -0.01985371 0.24144331
v -0.00902200 -0.01946097 0.24299841
v -0.00274217 -0.01916211 0.24420020
v -0.00842613 -0.01940214 0.24320009
v -0.00893885 -0.01939851 0.24310660
v -0.00571734 -0.01925742 0.24380331
v -0.01313382 -0.01984357 0.24145029
v -0.01313382 -0.01984357 0.24145029
v -0.01436293 -0.01999741 0.24083860
v -0.01327508 -0.01987653 0.24136710
v -0.02100348 -0.02111363 0.23628920
v -0.00908351 -0.01926076 0.24315260
v -0.00856614 -0.01944828 0.24307360
v -0.02148437 -0.02095234 0.23585860
v -0.02209550 -0.02127540 0.23537430
v -0.02180403 -0.02123034 0.23563200
v -0.02183741 -0.02117460 0.23565251
v -0.02209550 -0.02127540 0.23537430
v -0.02148437 -0.02095234 0.23585860
v -0.02183741 -0.02117460 0.23565251
v -0.01313877 -0.01983809 0.24145959
v -0.00856614 -0.01944828 0.24307360
v -0.02148437 -0.02095234 0.23585860
v -0.02030372 -0.02070248 0.23709831
v -0.02540016 -0.02213340 0.23172730
v -0.02076154 -0.02112090 0.23636501
v -0.02064085 -0.02109497 0.23646890
v -0.00777221 -0.01938879 0.24330840
v -0.00294393 -0.01915502 0.24420170
v -0.03007727 -0.02911835 0.20379470
v -0.02852356 -0.03013801 0.19981021
v -0.02994161 -0.02917605 0.20389000
v -0.02029889 -0.02101165 0.23679639
v -0.01311677 -0.01969504 0.24160480
v -0.01740914 -0.02037346 0.23914801
v -0.00332457 -0.01909637 0.24424990
v -0.00332969 -0.01904451 0.24428530
v -0.00451660 -0.01936537 0.24420521
v -0.00332457 -0.01909637 0.24424990
v -0.00332969 -0.01904451 0.24428530
v -0.00333393 -0.01898413 0.24430969
v -0.00367844 -0.01897513 0.24427751
v -0.00180358 -0.01877611 0.24450830
v -0.00384516 -0.01898396 0.24425100
v -0.00319219 -0.01919025 0.24410871
v -0.00758648 -0.01936447 0.24338619
v -0.01753056 -0.02030110 0.23913550
v -0.00791049 -0.01937615 0.24332380
v -0.01305091 -0.01959007 0.24166460
v -0.01279515 -0.01979947 0.24161521
v -0.01261144 -0.01978123 0.24169239
v -0.00319415 -0.01918530 0.24412630
v -0.01685112 -0.02037173 0.23936310
v -0.00792736 -0.01937061 0.24333011
v -0.01686686 -0.02036327 0.23938151
v -0.01279866 -0.01979506 0.24162219
v -0.01254880 -0.01974654 0.24176100
v -0.03100806 -0.02812099 0.20749681
v -0.03082418 -0.02823555 0.20784719
v -0.01284289 -0.01971369 0.24170040
v -0.02037560 -0.02099984 0.23680229
v -0.01240807 -0.01978611 0.24171451
v -0.01252770 -0.01980406 0.24164701
v -0.01702344 -0.02037972 0.23930120
v -0.00841933 -0.01921337 0.24334380
v -0.00864237 -0.01922100 0.24328390
v -0.00864237 -0.01922100 0.24328390
v -0.02077454 -0.02103161 0.23654030
v -0.02092570 -0.02100324 0.23647000
v -0.00856614 -0.01944828 0.24307360
v -0.00812602 -0.01941788 0.24319570
v -0.02092570 -0.02100324 0.23647000
v -0.00777221 -0.01938879 0.24330840
v -0.01285088 -0.01969182 0.24171279
v -0.02047729 -0.02079594 0.23691151
v -0.02030372 -0.02070248 0.23709831
v -0.00294393 -0.01915502 0.24420170
v -0.00425148 -0.01919233 0.24405470
v -0.00354755 -0.01917564 0.24413291
v -0.02025616 -0.02101176 0.23680280
v -0.01713281 -0.02029430 0.23936041
v -0.03131115 -0.02733433 0.21133970
v -0.01740914 -0.02037346 0.23914801
v -0.01760458 -0.02043128 0.23898610
v -0.01713281 -0.02029430 0.23936041
v -0.01670199 -0.02035653 0.23943061
v -0.01243346 -0.01977437 0.24174459
v -0.01269072 -0.01961487 0.24181069
v -0.00333393 -0.01898413 0.24430969
v -0.00367844 -0.01897513 0.24427751
v -0.00384516 -0.01898396 0.24425100
v -0.00180358 -0.01877611 0.24450830
v -0.00367844 -0.01897513 0.24427751
v -0.01248335 -0.01977276 0.24173820
v -0.00299066 -0.01918035 0.24413650
v -0.00385976 -0.01920676 0.24404129
v -0.00319219 -0.01919025 0.24410871
v -0.00234216 -0.01916068 0.24421750
v -0.00299066 -0.01918035 0.24413650
v -0.02047258 -0.02103227 0.23669390
v -0.02166301 -0.02130049 0.23560920
v -0.02140825 -0.02124613 0.23584069
v -0.02047258 -0.02103227 0.23669390
v -0.03150403 -0.02698731 0.21188730
v -0.01256489 -0.01977050 0.24172349
v -0.01260918 -0.01968801 0.24180400
v -0.01194792 -0.01973778 0.24190889
v -0.01229465 -0.01977878 0.24174790
v -0.00806022 -0.01931929 0.24336980
v -0.00796407 -0.01924955 0.24344060
v -0.02015841 -0.02094745 0.23699950
v -0.00841933 -0.01921337 0.24334380
v -0.00933689 -0.01920789 0.24308440
v -0.00864237 -0.01922100 0.24328390
v -0.01250118 -0.01964753 0.24186911
v -0.00768417 -0.01938903 0.24331149
v -0.00768417 -0.01938903 0.24331149
v -0.00812602 -0.01941788 0.24319570
v -0.01695680 -0.02031338 0.23943029
v -0.00710326 -0.01935213 0.24345849
v -0.02060014 -0.02091050 0.23677491
v -0.00142479 -0.01910126 0.24436159
v -0.01656723 -0.02033668 0.23951040
v -0.00240809 -0.01909786 0.24431320
v -0.00332457 -0.01909637 0.24424990
v -0.00354004 -0.01910024 0.24419761
v -0.00275832 -0.01904690 0.24433540
v -0.00240809 -0.01909786 0.24431320
v -0.01195204 -0.01972144 0.24195281
v -0.00276136 -0.01896709 0.24436800
v -0.00276208 -0.01895189 0.24437170
v -0.01215481 -0.01973456 0.24188450
v -0.00194132 -0.01916253 0.24421941
v -0.01668697 -0.02032768 0.23951259
v -0.01200377 -0.01969975 0.24197800
v -0.01630914 -0.02026218 0.23976120
v -0.03132021 -0.02582657 0.21652290
v -0.03115177 -0.02614033 0.21613470
v -0.01269072 -0.01961487 0.24181069
v -0.01322811 -0.01957750 0.24158780
v -0.01305091 -0.01959007 0.24166460
v -0.01206088 -0.01975417 0.24184699
v -0.01182627 -0.01972991 0.24194430
v -0.00294393 -0.01915502 0.24420170
v -0.00676304 -0.01928925 0.24362710
v -0.00898087 -0.01942873 0.24305490
v -0.00842613 -0.01940214 0.24320009
v -0.00676304 -0.01928925 0.24362710
v -0.00676304 -0.01928925 0.24362710
v -0.00842613 -0.01940214 0.24320009
v -0.00792736 -0.01937061 0.24333011
v -0.01677066 -0.02030545 0.23951800
v -0.00720215 -0.01928913 0.24354909
v -0.00744629 -0.01915943 0.24364060
v -0.00744629 -0.01915943 0.24364060
v -0.01613414 -0.02027022 0.23977700
v -0.00933689 -0.01920789 0.24308440
v -0.01996189 -0.02094948 0.23705269
v -0.01986610 -0.02093017 0.23713030
v -0.00768417 -0.01938903 0.24331149
v -0.00724077 -0.01936179 0.24342071
v -0.00142479 -0.01910126 0.24436159
v -0.00710326 -0.01935213 0.24345849
v -0.00206661 -0.01906394 0.24436159
v -0.00228024 -0.01903253 0.24437781
v -0.01603645 -0.02025276 0.23984499
v -0.00182688 -0.01916277 0.24421901
v -0.00182688 -0.01916277 0.24421901
v -0.00299066 -0.01918035 0.24413650
v -0.01666188 -0.02021127 0.23966859
v -0.03058665 -0.02483087 0.22058269
v -0.03044128 -0.02509510 0.22034810
v -0.00643915 -0.01930814 0.24362740
v -0.00132847 -0.01915329 0.24425480
v -0.01971614 -0.02086949 0.23733750
v -0.00082964 -0.01913869 0.24430130
v -0.00234216 -0.01916068 0.24421750
v -0.00154376 -0.01914787 0.24426870
v -0.00205183 -0.01914513 0.24426229
v -0.00082964 -0.01913869 0.24430130
v -0.00700885 -0.01931810 0.24355111
v -0.01678955 -0.02018362 0.23962010
v -0.01228356 -0.01955473 0.24199420
v -0.01659172 -0.02030110 0.23959520
v -0.01201254 -0.01964622 0.24203840
v -0.02930450 -0.02406507 0.22434589
v -0.03044128 -0.02509510 0.22034810
v -0.02914476 -0.02413564 0.22428580
v -0.01213932 -0.01963800 0.24200520
v -0.02930450 -0.02406507 0.22434589
v -0.02005279 -0.02083981 0.23720090
v -0.01159089 -0.01970613 0.24203961
v -0.02060014 -0.02091050 0.23677491
v -0.01619774 -0.02021878 0.23986870
v -0.00116038 -0.01912051 0.24433281
v -0.00142479 -0.01910126 0.24436159
v -0.00294393 -0.01915502 0.24420170
v -0.02930355 -0.02396786 0.22452520
v -0.02930355 -0.02396786 0.22452520
v -0.02753680 -0.02326279 0.22777531
v -0.01200705 -0.01957112 0.24209070
v -0.01678460 -0.02014356 0.23967330
v -0.01945972 -0.02084225 0.23747960
v -0.01569688 -0.02020555 0.24003640
v -0.00744629 -0.01915943 0.24364060
v -0.00530612 -0.01896947 0.24404970
v -0.00933689 -0.01920789 0.24308440
v -0.00679588 -0.01933622 0.24352340
v -0.02754974 -0.02324593 0.22784780
v -0.02930355 -0.02396786 0.22452520
v -0.02753680 -0.02326279 0.22777531
v -0.00184196 -0.01897186 0.24442780
v -0.00141907 -0.01893234 0.24446270
v -0.02030372 -0.02070248 0.23709831
v -0.02005344 -0.02076452 0.23725601
v -0.02762311 -0.02321630 0.22782870
v -0.02930355 -0.02396786 0.22452520
v -0.02754974 -0.02324593 0.22784780
v -0.00182688 -0.01916277 0.24421901
v -0.00137085 -0.01915693 0.24424240
v -0.00132847 -0.01915329 0.24425480
v -0.01975286 -0.02088516 0.23728970
v -0.02744579 -0.02304470 0.22832640
v -0.01180022 -0.01969319 0.24204101
v -0.00154376 -0.01914787 0.24426870
v -0.02744579 -0.02304470 0.22832640
v -0.02754974 -0.02324593 0.22784780
v -0.02753680 -0.02326279 0.22777531
v -0.02753764 -0.02302753 0.22821210
v -0.01216840 -0.01952707 0.24204710
v -0.01322811 -0.01957750 0.24158780
v -0.01556462 -0.02015388 0.24019811
v -0.01962393 -0.02084243 0.23743130
v -0.02532678 -0.02236294 0.23136900
v -0.02744579 -0.02304470 0.22832640
v -0.02409666 -0.02199953 0.23283640
v -0.02535128 -0.02235978 0.23136680
v -0.02744579 -0.02304470 0.22832640
v -0.01116544 -0.01966458 0.24220620
v -0.02535289 -0.02235448 0.23137949
v -0.02540016 -0.02213340 0.23172730
v -0.01966631 -0.02080100 0.23747361
v -0.00681591 -0.01930177 0.24360479
v -0.01619774 -0.02021878 0.23986870
v -0.00116038 -0.01912051 0.24433281
v -0.00294393 -0.01915502 0.24420170
v -0.00205183 -0.01914513 0.24426229
v -0.01558488 -0.02003788 0.24031851
v -0.01947093 -0.02085018 0.23745130
v -0.01947093 -0.02085018 0.23745130
v -0.01986610 -0.02093017 0.23713030
v -0.01525551 -0.02014273 0.24028841
v -0.00662959 -0.01911199 0.24378259
v -0.00569153 -0.01903164 0.24398389
v -0.00530612 -0.01896947 0.24404970
v -0.00744629 -0.01915943 0.24364060
v -0.00584739 -0.01928460 0.24372880
v -0.00634944 -0.01931220 0.24361961
v -0.00033569 -0.01901638 0.24446081
v -0.00240809 -0.01909786 0.24431320
v -0.00138062 -0.01901769 0.24442820
v -0.00126714 -0.01896876 0.24445359
v -0.00138062 -0.01901769 0.24442820
v -0.00091461 -0.01915276 0.24425919
v -0.00091460 -0.01915276 0.24425910
v -0.01170700 -0.01965057 0.24212520
v -0.00494695 -0.01923143 0.24392390
v -0.00758648 -0.01936447 0.24338619
v -0.00643915 -0.01930814 0.24362740
v -0.01193171 -0.01950281 0.24214511
v -0.01322811 -0.01957750 0.24158780
v -0.01216840 -0.01952707 0.24204710
v -0.01193171 -0.01950281 0.24214511
v -0.01144373 -0.01958948 0.24226670
v -0.01156663 -0.01955544 0.24225371
v -0.00641835 -0.01929390 0.24366461
v -0.00758648 -0.01936447 0.24338619
v -0.00494695 -0.01923143 0.24392390
v -0.01147460 -0.01948440 0.24231890
v -0.02744579 -0.02304470 0.22832640
v -0.02263271 -0.02157402 0.23454800
v -0.01147454 -0.01941120 0.24238940
v -0.01147454 -0.01941120 0.24238940
v -0.01147454 -0.01941120 0.24238940
v -0.01322811 -0.01957750 0.24158780
v -0.01193171 -0.01950281 0.24214511
v -0.01073753 -0.01962459 0.24236660
v -0.00571734 -0.01925742 0.24380331
v -0.00758648 -0.01936447 0.24338619
v -0.00641835 -0.01929390 0.24366461
v -0.01538288 -0.02012246 0.24031229
v -0.01538288 -0.02012246 0.24031229
v -0.01659172 -0.02030110 0.23959520
v -0.01630914 -0.02026218 0.23976120
v -0.01874363 -0.02066987 0.23811750
v -0.01903510 -0.02071166 0.23791771
v -0.01966631 -0.02080100 0.23747361
v -0.01874363 -0.02066987 0.23811750
v -0.02283918 -0.02160692 0.23439860
v -0.00083099 -0.01912146 0.24433731
v -0.00116038 -0.01912051 0.24433281
v -0.00205183 -0.01914513 0.24426229
v -0.01560133 -0.01999557 0.24033710
v -0.01678460 -0.02014356 0.23967330
v -0.01558488 -0.02003788 0.24031851
v -0.01907062 -0.02077174 0.23776560
v -0.01907062 -0.02077174 0.23776560
v -0.01583719 -0.01997900 0.24022090
v -0.01693725 -0.02012830 0.23959699
v -0.01481014 -0.02008163 0.24053340
v -0.00534058 -0.01926362 0.24381420
v -0.01553982 -0.02017802 0.24014460
v -0.00534058 -0.01926362 0.24381420
v -0.00634944 -0.01931220 0.24361961
v -0.00555420 -0.01942837 0.24371681
v -0.00057592 -0.01895987 0.24447590
v -0.01512867 -0.02011448 0.24039289
v -0.01603645 -0.02025276 0.23984499
v -0.01553982 -0.02017802 0.24014460
v -0.00024414 -0.01914942 0.24427231
v -0.01076608 -0.01959514 0.24243701
v -0.01215481 -0.01973456 0.24188450
v -0.01095128 -0.01961636 0.24236080
v -0.01076608 -0.01959514 0.24243701
v -0.01119637 -0.01963394 0.24227920
v -0.01147454 -0.01941120 0.24238940
v -0.00933689 -0.01920789 0.24308440
v -0.01322811 -0.01957750 0.24158780
v -0.01874363 -0.02066987 0.23811750
v -0.02015841 -0.02094745 0.23699950
v -0.01962393 -0.02084243 0.23743130
v -0.01030749 -0.01958620 0.24252060
v -0.01539170 -0.01991599 0.24047519
v 0.00035858 -0.01910310 0.24437490
v -0.01907062 -0.02077174 0.23776560
v -0.01864314 -0.02068316 0.23811570
v -0.00500256 -0.01925009 0.24386880
v -0.00083099 -0.01912146 0.24433731
v -0.01119637 -0.01963394 0.24227920
v -0.01485037 -0.02005279 0.24060090
v -0.00571734 -0.01925742 0.24380331
v -0.01025384 -0.01933491 0.24263351
v -0.01144373 -0.01958948 0.24226670
v -0.01156663 -0.01955544 0.24225371
v -0.01025384 -0.01945698 0.24299970
v -0.01025384 -0.01945698 0.24299970
v -0.01025384 -0.01945698 0.24299970
v -0.00933689 -0.01920789 0.24308440
v -0.01147454 -0.01941120 0.24238940
v -0.00987518 -0.01954931 0.24266849
v -0.01494234 -0.01985496 0.24072219
v -0.01494234 -0.01985496 0.24072219
v -0.01693725 -0.02012830 0.23959699
v -0.01539170 -0.01991599 0.24047519
v -0.01494234 -0.01985496 0.24072219
v -0.01322811 -0.01957750 0.24158780
v -0.01693725 -0.02012830 0.23959699
v -0.01481014 -0.02008163 0.24053340
v -0.01867669 -0.02040296 0.23836111
v -0.01693725 -0.02012830 0.23959699
v -0.02030372 -0.02070248 0.23709831
v -0.00011152 0.04229950 0.24463680
v 0.03119176 0.04229950 0.20788470
v 0.02810192 0.04229944 0.19847549
v -0.00640881 0.04229950 0.24384110
v -0.01052856 0.04229956 0.24273460
v 0.01162713 0.04229933 0.18370029
v 0.00002467 0.04229956 0.18136410
v -0.00950622 0.04229927 0.18295451
v -0.00640881 0.04229956 0.18215880
v 0.02082443 0.04229962 0.23674940
v 0.02510452 0.04229813 0.23205160
v 0.02900457 0.04229968 0.22562470
v -0.02511590 0.04229950 0.23205920
v -0.01470947 0.04229962 0.18508880
v 0.02244561 0.04229938 0.19074790
v -0.03063702 0.04229950 0.22041290
v -0.02854532 0.04229956 0.19948070
v -0.03156054 0.04229950 0.21402431
v -0.03090924 0.04229950 0.20667090
v -0.01728439 0.04229968 0.23944061
v -0.02448654 0.04229968 0.19309971
v 0.00740814 0.04229956 0.24363780
v 0.01349061 0.04229944 0.24158260
v -0.01989746 0.04229968 0.18852590
v 0.01637649 0.04229968 0.18604250
v -0.02232354 0.04229813 0.23524059
v -0.02855491 0.04229927 0.22655080
v 0.03147631 0.04229950 0.21600740
v 0.00748444 0.04229962 0.18238710
v 0.02261358 0.01887321 0.17800049
v 0.02120399 0.02288234 0.17800000
v 0.02421492 0.01980251 0.17799909
v 0.01917719 0.02459108 0.17799009
v 0.01448720 0.02556723 0.17800049
v 0.01361548 0.02807497 0.17800060
v 0.02730727 0.01539361 0.17800429
v 0.02788811 0.00976169 0.17800030
v 0.02998572 0.00946635 0.17799710
v 0.00788551 0.03015542 0.17800580
v 0.00453383 0.02899885 0.17800000
v 0.03092145 0.00584292 0.17800631
v 0.00320125 0.03102916 0.17799790
v 0.02958202 0.00045642 0.17799990
v 0.03143841 0.00198674 0.17800060
v -0.00108624 0.03118461 0.17800000
v 0.03149545 -0.00081703 0.17800130
v -0.00599104 0.02873599 0.17800011
v -0.00475484 0.03082370 0.17800950
v 0.03143370 -0.00265217 0.17800090
v -0.00770998 0.03019559 0.17800391
v 0.02881544 -0.00683898 0.17799990
v 0.03113561 -0.00534022 0.17799990
v 0.03071486 -0.00735110 0.17800079
v 0.03014272 -0.00942701 0.17799661
v -0.01150453 0.02896016 0.17800000
v 0.02719861 -0.01176744 0.17800049
v 0.02939140 -0.01158004 0.17800100
v -0.01392841 0.02575886 0.17800000
v -0.01537370 0.02710157 0.17800000
v 0.02354240 -0.01832133 0.17800041
v 0.02625435 -0.01763403 0.17799990
v -0.02136367 0.02275210 0.17799890
v -0.02073800 0.02088779 0.17799960
v 0.02315270 -0.02164673 0.17800340
v -0.02456200 0.01934528 0.17800079
v 0.01662987 -0.02477717 0.17799871
v 0.01894038 -0.02536082 0.17800650
v -0.02481693 0.01564848 0.17799990
v -0.02696394 0.01589673 0.17799599
v -0.02722311 0.01129990 0.17799990
v 0.01487869 -0.02799695 0.17799960
v 0.01225471 -0.02713441 0.17799990
v -0.03009188 0.00901765 0.17800359
v 0.01057493 -0.02995556 0.17800041
v 0.00599080 -0.02933669 0.17799971
v -0.02901440 0.00512356 0.17799990
v -0.03102022 0.00545275 0.17799990
v 0.00697935 -0.03101539 0.17799510
v 0.00211805 -0.03174227 0.17799769
v -0.03142261 0.00212741 0.17800020
v -0.02954679 -0.00003618 0.17800000
v -0.00237131 -0.02975302 0.17799971
v -0.03143292 -0.00297129 0.17799400
v -0.00232923 -0.03170520 0.17800049
v -0.02853488 -0.00834739 0.17799990
v -0.00737739 -0.03090232 0.17800790
v -0.03049206 -0.00828099 0.17800041
v -0.00857776 -0.02857589 0.17799990
v -0.02921169 -0.01201272 0.17800190
v -0.01303905 -0.02893912 0.17800590
v -0.01629561 -0.02506834 0.17800070
v -0.02791535 -0.01483660 0.17799909
v -0.02499932 -0.01605224 0.17800130
v -0.01800823 -0.02608501 0.17799941
v -0.02627128 -0.01759344 0.17800181
v -0.02298539 -0.02174168 0.17800400
v -0.02172982 -0.02027708 0.17799570
v -0.02104419 -0.02362990 0.17797130
v 0.01829522 -0.02063572 0.23839159
v 0.01698303 -0.02039533 0.23927660
v 0.01994317 -0.02291953 0.23723480
v 0.01427263 -0.03382688 0.18505350
v 0.01990127 -0.03498661 0.18883289
v 0.01355171 -0.03599339 0.18479800
v 0.01842015 -0.03318935 0.18760650
v 0.00114059 -0.01916009 0.24423090
v 0.00630754 -0.03660804 0.18233129
v 0.00520515 -0.03459334 0.18203460
v 0.01937866 -0.02083790 0.23756760
v 0.00283366 -0.02120244 0.24412110
v 0.02027511 -0.02101755 0.23677979
v 0.00385571 -0.01920771 0.24403670
v -0.00104094 -0.03676038 0.18172561
v 0.02125549 -0.02121937 0.23605700
v -0.00352478 -0.03461235 0.18180139
v 0.00807190 -0.02142030 0.24324290
v 0.02214556 -0.02144920 0.23504840
v 0.02239090 -0.02151137 0.23479930
v 0.02410882 -0.02195554 0.23299000
v 0.01994317 -0.02291953 0.23723480
v 0.00746721 -0.01937818 0.24335159
v 0.02700322 -0.02500164 0.22888540
v 0.02421951 -0.02202516 0.23276480
v 0.01994317 -0.02291953 0.23723480
v 0.02718728 -0.02306759 0.22851530
v 0.02919381 -0.02416527 0.22415900
v 0.02956444 -0.02643758 0.22312430
v 0.03045654 -0.02517330 0.22008871
v 0.01055908 -0.01960885 0.24242941
v 0.03107690 -0.02799713 0.21686859
v 0.03116321 -0.02623951 0.21583150
v 0.03125613 -0.02745538 0.21077320
v 0.03103101 -0.03000009 0.20883819
v 0.03084886 -0.02823102 0.20779870
v 0.02904599 -0.03187549 0.20131460
v 0.01350957 -0.02193599 0.24117880
v 0.01345437 -0.01991188 0.24121830
v 0.02670073 -0.03098958 0.19670700
v 0.02527523 -0.03356802 0.19452640
v 0.01547241 -0.02017414 0.24022260
v 0.02445507 -0.03175580 0.19321410
v 0.02092927 -0.03268104 0.18953680
v 0.01994317 -0.02291953 0.23723480
v -0.01543229 -0.02213895 0.24036659
v -0.02157598 -0.02332550 0.23560610
v 0.01355171 -0.03599339 0.18479800
v 0.01990127 -0.03498661 0.18883289
v -0.01533883 -0.03576856 0.18569919
v -0.02544021 -0.02440941 0.23126189
v 0.02527523 -0.03356802 0.19452640
v -0.02183914 -0.03455841 0.19054960
v -0.02693551 -0.03294432 0.19702300
v 0.02700322 -0.02500164 0.22888540
v -0.02917480 -0.02612793 0.22436690
v 0.02956444 -0.02643758 0.22312430
v 0.03107690 -0.02799713 0.21686859
v -0.03070330 -0.02751088 0.21881960
v 0.00807190 -0.02142030 0.24324290
v 0.00283366 -0.02120244 0.24412110
v -0.00400567 -0.02123463 0.24399219
v 0.00000000 -0.02117031 0.24424990
v -0.03131109 -0.02902007 0.21276830
v -0.00797778 -0.02142852 0.24321450
v 0.03103101 -0.03000009 0.20883819
v 0.01350957 -0.02193599 0.24117880
v 0.02904599 -0.03187549 0.20131460
v -0.03019016 -0.03103739 0.20467541
v -0.00104094 -0.03676038 0.18172561
v 0.00630754 -0.03660804 0.18233129
v -0.00801468 -0.03650718 0.18273520
v 0.00599384 -0.02927494 0.18223581
v 0.00626171 -0.03030025 0.18238370
v 0.00212479 -0.03030031 0.18178290
v -0.00105119 -0.02998429 0.18175229
v 0.00599384 -0.02927494 0.18223581
v 0.00212479 -0.03030031 0.18178290
v 0.00263303 -0.02972292 0.17978071
v 0.00520015 -0.02933830 0.18123931
v 0.00599384 -0.02927494 0.18223581
v -0.00105119 -0.02998429 0.18175229
v 0.00000000 -0.02980035 0.17970000
v -0.00189871 -0.02975893 0.17972670
v -0.00290579 -0.02966862 0.18187290
v -0.00473022 -0.02943319 0.18080470
v -0.00626171 -0.02912813 0.18238370
v 0.00626171 -0.03030025 0.18238370
v 0.00342953 -0.03029847 0.17991440
v 0.00212479 -0.03030031 0.18178290
v -0.00105119 -0.02998429 0.18175229
v -0.00160593 -0.03030079 0.17971370
v -0.00350380 -0.03030085 0.18018460
v -0.00634491 -0.03030228 0.18227480
v -0.00290579 -0.02966862 0.18187290
v -0.00105119 -0.02998429 0.18175229
v -0.00634491 -0.03030228 0.18227480
v -0.00626171 -0.02912813 0.18238370
v -0.00350380 -0.03030085 0.18018460
v -0.00160593 -0.03030079 0.17971370
v -0.00189871 -0.02975893 0.17972670
v -0.00634491 -0.03030228 0.18227480
v -0.00350380 -0.03030085 0.18018460
v -0.00473022 -0.02943319 0.18080470
v -0.00473022 -0.02943319 0.18080470
v -0.00634491 -0.03030228 0.18227480
v -0.00473022 -0.02943319 0.18080470
v -0.00626171 -0.02912813 0.18238370
v 0.00626171 -0.03030025 0.18238370
v 0.00599384 -0.02927494 0.18223581
v 0.00520015 -0.02933830 0.18123931
v 0.00342953 -0.03029847 0.17991440
v 0.00342953 -0.03029847 0.17991440
v 0.00520015 -0.02933830 0.18123931
v 0.00263303 -0.02972292 0.17978071
v 0.00000000 -0.02980035 0.17970000
v 0.00342953 -0.03029847 0.17991440
v 0.00263303 -0.02972292 0.17978071
v 0.02958309 0.00230873 0.04550004
v 0.02772849 -0.01129984 0.04550004
v 0.02966529 0.00434542 0.05229991
v 0.02601647 0.01406174 0.04549998
v 0.02343881 0.01784843 0.05230069
v 0.01944869 0.02199399 0.04550045
v 0.01510518 0.02526915 0.05230009
v 0.00910997 0.02813160 0.04550004
v 0.00401056 0.02910685 0.05229985
v -0.00832415 0.02851778 0.04549998
v -0.00797522 0.02832692 0.05229991
v -0.02003455 0.02176856 0.05229991
v -0.02139687 0.02029436 0.04549992
v -0.02876305 0.00800151 0.05229991
v -0.02731984 0.01116514 0.04549962
v -0.02978098 -0.00059508 0.04550004
v -0.03039407 0.00922990 0.05229997
v -0.03053766 0.00834215 0.04550015
v -0.03133195 -0.00548607 0.04550004
v -0.03132224 -0.00515675 0.05229991
v -0.02621835 -0.01834577 0.05229973
v -0.02685987 -0.01702809 0.04549974
v -0.01916491 -0.02554655 0.04550027
v -0.01446443 -0.02862501 0.05230033
v -0.00461328 -0.03195863 0.04549998
v 0.00284165 -0.03219711 0.05229997
v 0.01144981 -0.02987730 0.04549968
v 0.01719260 -0.02686506 0.05229926
v 0.02451777 -0.02080696 0.04549968
v 0.02652716 -0.01784515 0.05229955
v 0.03106147 -0.00661331 0.04549998
v 0.03123676 -0.00545651 0.05229985
v -0.02139687 0.02029436 0.04549992
v -0.02449274 0.01981878 0.04549944
v -0.01156073 0.02956324 0.04549992
v 0.02451777 -0.02080696 0.04549968
v 0.02772849 -0.01129984 0.04550004
v 0.03106147 -0.00661331 0.04549998
v -0.00832415 0.02851778 0.04549998
v 0.01144981 -0.02987730 0.04549968
v -0.00461328 -0.03195863 0.04549998
v -0.00202608 -0.03006196 0.04549992
v 0.01066398 -0.02795970 0.04549968
v -0.02731984 0.01116514 0.04549962
v 0.01994919 -0.02227503 0.04550123
v -0.03053766 0.00834215 0.04550015
v 0.00605774 0.03092169 0.04549998
v 0.00910997 0.02813160 0.04550004
v -0.02978098 -0.00059508 0.04550004
v -0.03133195 -0.00548607 0.04550004
v 0.01819890 0.02560579 0.04549962
v -0.02534794 -0.01628369 0.04550004
v 0.01944869 0.02199399 0.04550045
v -0.02685987 -0.01702809 0.04549974
v 0.02696257 0.01648092 0.04549992
v 0.02601647 0.01406174 0.04549998
v -0.01916491 -0.02554655 0.04550027
v -0.01457524 -0.02613270 0.04549890
v 0.03121680 0.00487548 0.04549998
v 0.02958309 0.00230873 0.04550004
v 0.02966529 0.00434542 0.05229991
v 0.02768945 -0.01098442 0.05230021
v 0.03123676 -0.00545651 0.05229985
v 0.02652716 -0.01784515 0.05229955
v 0.00794697 -0.02882611 0.05230021
v -0.00256759 -0.02988696 0.05230009
v 0.00284165 -0.03219711 0.05229997
v -0.00920868 0.03009361 0.05229991
v -0.02195805 0.02270746 0.05229914
v -0.02003455 0.02176856 0.05229991
v -0.00797522 0.02832692 0.05229991
v -0.03039407 0.00922990 0.05229997
v -0.02876305 0.00800151 0.05229991
v 0.01966512 -0.02283579 0.05229985
v 0.01719260 -0.02686506 0.05229926
v 0.00401056 0.02910685 0.05229985
v 0.00606710 0.03096973 0.05229997
v -0.03132224 -0.00515675 0.05229991
v -0.02854073 -0.00915360 0.05229985
v 0.01510518 0.02526915 0.05230009
v 0.01967108 0.02460563 0.05229997
v -0.02621835 -0.01834577 0.05229973
v 0.02343881 0.01784843 0.05230069
v -0.02246415 -0.01953214 0.05229878
v 0.03013640 0.01071727 0.05229997
v -0.01461362 -0.02620071 0.05230009
v -0.01446443 -0.02862501 0.05230033
v 0.03121680 0.00487548 0.04549998
v 0.03013640 0.01071727 0.05229997
v 0.02696257 0.01648092 0.04549992
v 0.01967108 0.02460563 0.05229997
v 0.01819890 0.02560579 0.04549962
v 0.00606710 0.03096973 0.05229997
v 0.00605774 0.03092169 0.04549998
v -0.01156073 0.02956324 0.04549992
v -0.00920868 0.03009361 0.05229991
v -0.02195805 0.02270746 0.05229914
v -0.02449274 0.01981878 0.04549944
v -0.02854073 -0.00915360 0.05229985
v -0.02534794 -0.01628369 0.04550004
v -0.02246415 -0.01953214 0.05229878
v -0.01461362 -0.02620071 0.05230009
v -0.01457524 -0.02613270 0.04549890
v -0.00202608 -0.03006196 0.04549992
v -0.00256759 -0.02988696 0.05230009
v 0.00794697 -0.02882611 0.05230021
v 0.01066398 -0.02795970 0.04549968
v 0.01966512 -0.02283579 0.05229985
v 0.01994919 -0.02227503 0.04550123
v 0.02768945 -0.01098442 0.05230021
v 0.00517577 -0.02965396 0.17219999
v -0.00086621 -0.03007018 0.17799990
v 0.01201295 -0.02746003 0.17800000
v 0.01824003 -0.02381557 0.17220020
v 0.02303063 -0.01925951 0.17799971
v 0.02550256 -0.01532292 0.17219940
v 0.02919805 -0.00572610 0.17219999
v 0.02942472 -0.00520414 0.17799990
v 0.02908444 0.00543201 0.17219990
v 0.02873975 0.00677675 0.17800011
v 0.02439635 0.01678204 0.17219999
v 0.02295565 0.01896160 0.17799990
v 0.01387947 0.02602499 0.17219999
v 0.00962359 0.02786082 0.17799941
v 0.00058845 0.02945393 0.17219999
v -0.00231713 0.02925282 0.17800000
v -0.00850439 0.03023391 0.17799971
v 0.00203735 0.03123146 0.17799990
v 0.00149643 0.03136080 0.17219999
v -0.01414459 0.02839577 0.17219990
v -0.01880669 0.02514749 0.17799990
v -0.02762806 0.01565939 0.17219961
v -0.02720779 0.01608026 0.17799971
v -0.03110539 0.00525475 0.17800000
v -0.03128463 0.00386298 0.17220031
v -0.03096652 -0.00798792 0.17799990
v -0.03096485 -0.00766367 0.17219980
v -0.02241414 -0.02312880 0.17220031
v -0.02270889 -0.02260160 0.17799871
v -0.00908792 -0.03080362 0.17799971
v -0.00506991 -0.03188890 0.17219990
v 0.00620002 -0.03147011 0.17799990
v 0.01387947 0.02602499 0.17219999
v 0.01432245 0.02804487 0.17220040
v 0.02418917 0.02012526 0.17220031
v 0.02439635 0.01678204 0.17219999
v 0.03152686 0.00567013 0.17219999
v -0.00506991 -0.03188890 0.17219990
v -0.01895922 -0.02333104 0.17219990
v -0.00741368 -0.02900218 0.17220020
v -0.02241414 -0.02312880 0.17220031
v -0.03096485 -0.00766367 0.17219980
v -0.02830094 -0.00997621 0.17219990
v 0.02908444 0.00543201 0.17219990
v 0.00058845 0.02945393 0.17219999
v 0.00149643 0.03136080 0.17219999
v 0.02919805 -0.00572610 0.17219999
v -0.01414459 0.02839577 0.17219990
v 0.02956724 -0.01189208 0.17219961
v -0.01119273 0.02714926 0.17220031
v 0.02550256 -0.01532292 0.17219940
v -0.02252990 0.01937115 0.17219980
v 0.02180320 -0.02336239 0.17219929
v 0.01824003 -0.02381557 0.17220020
v -0.02762806 0.01565939 0.17219961
v 0.01073354 -0.03012412 0.17219990
v -0.02920001 0.00544590 0.17219980
v 0.00517577 -0.02965396 0.17219999
v -0.03128463 0.00386298 0.17220031
v -0.00086621 -0.03007018 0.17799990
v -0.01252132 -0.02715259 0.17799971
v -0.00908792 -0.03080362 0.17799971
v -0.02348309 -0.01886844 0.17799990
v -0.02929294 -0.00518811 0.17799990
v -0.03096652 -0.00798792 0.17799990
v 0.02456432 0.02006173 0.17799960
v 0.01238906 0.02887469 0.17800011
v 0.02295565 0.01896160 0.17799990
v 0.00962359 0.02786082 0.17799941
v -0.02270889 -0.02260160 0.17799871
v 0.03156661 0.00415611 0.17800000
v 0.02873975 0.00677675 0.17800011
v 0.00203735 0.03123146 0.17799990
v 0.02942472 -0.00520414 0.17799990
v -0.00231713 0.02925282 0.17800000
v -0.00850439 0.03023391 0.17799971
v 0.02977073 -0.01135897 0.17800020
v -0.01467192 0.02567267 0.17800020
v 0.02303063 -0.01925951 0.17799971
v -0.01880669 0.02514749 0.17799990
v 0.02080649 -0.02448946 0.17800000
v -0.02466106 0.01624625 0.17799971
v -0.02720779 0.01608026 0.17799971
v 0.01201295 -0.02746003 0.17800000
v 0.00620002 -0.03147011 0.17799990
v -0.02897632 0.00595564 0.17799971
v -0.03110539 0.00525475 0.17800000
v 0.01073354 -0.03012412 0.17219990
v 0.02080649 -0.02448946 0.17800000
v 0.02180320 -0.02336239 0.17219929
v 0.02956724 -0.01189208 0.17219961
v 0.02977073 -0.01135897 0.17800020
v 0.03152686 0.00567013 0.17219999
v 0.03156661 0.00415611 0.17800000
v 0.02456432 0.02006173 0.17799960
v 0.03156661 0.00415611 0.17800000
v 0.03152686 0.00567013 0.17219999
v 0.02418917 0.02012526 0.17220031
v 0.01432245 0.02804487 0.17220040
v 0.01238906 0.02887469 0.17800011
v -0.01119273 0.02714926 0.17220031
v -0.01467192 0.02567267 0.17800020
v -0.02252990 0.01937115 0.17219980
v -0.02466106 0.01624625 0.17799971
v -0.02920001 0.00544590 0.17219980
v -0.02897632 0.00595564 0.17799971
v -0.02929294 -0.00518811 0.17799990
v -0.02830094 -0.00997621 0.17219990
v -0.02348309 -0.01886844 0.17799990
v -0.01895922 -0.02333104 0.17219990
v -0.01252132 -0.02715259 0.17799971
v -0.00741368 -0.02900218 0.17220020
f 1 2 3
f 4 5 6
f 1 3 7
f 8 9 10
f 8 11 9
f 12 1 7
f 13 6 14
f 13 4 6
f 8 10 15
f 13 14 16
f 17 8 15
f 18 13 16
f 18 16 19
f 20 17 15
f 20 15 21
f 22 18 19
f 23 20 21
f 22 19 24
f 25 22 24
f 23 21 26
f 27 23 26
f 28 25 24
f 28 24 29
f 27 26 30
f 2 28 29
f 5 27 30
f 2 29 3
f 5 30 6
f 31 32 33
f 31 33 34
f 31 34 35
f 36 37 38
f 39 31 35
f 36 40 37
f 39 35 41
f 42 39 41
f 43 38 44
f 43 36 38
f 42 41 45
f 46 42 45
f 43 44 47
f 46 45 48
f 49 43 47
f 50 46 48
f 51 47 52
f 51 49 47
f 50 48 53
f 51 52 54
f 55 50 53
f 32 54 33
f 55 53 56
f 32 51 54
f 57 55 56
f 57 56 58
f 59 60 61
f 59 62 60
f 63 59 64
f 65 66 67
f 68 69 63
f 70 65 67
f 71 72 73
f 74 75 76
f 77 78 79
f 77 80 78
f 81 74 76
f 81 76 82
f 83 69 84
f 85 86 87
f 85 88 86
f 89 90 91
f 92 87 93
f 92 85 87
f 94 95 96
f 97 98 99
f 100 97 99
f 100 99 101
f 102 92 93
f 103 95 94
f 104 100 101
f 105 103 106
f 107 108 109
f 105 110 111
f 112 105 111
f 112 111 113
f 114 112 113
f 112 114 62
f 115 116 117
f 118 119 120
f 121 119 118
f 122 116 123
f 124 125 126
f 127 122 128
f 129 130 131
f 132 124 126
f 129 131 133
f 127 134 122
f 134 127 135
f 136 126 137
f 136 132 126
f 138 130 129
f 139 140 141
f 142 134 135
f 142 143 134
f 136 137 144
f 145 146 139
f 147 143 142
f 148 149 150
f 151 141 152
f 153 139 141
f 145 139 153
f 154 143 147
f 154 147 142
f 155 149 148
f 156 145 153
f 157 158 138
f 157 138 159
f 160 151 152
f 161 158 157
f 162 161 160
f 162 160 163
f 161 162 163
f 164 161 163
f 164 165 161
f 166 165 164
f 167 168 169
f 170 171 172
f 170 173 171
f 174 117 165
f 175 176 177
f 175 177 178
f 179 175 178
f 117 180 115
f 181 101 99
f 182 183 184
f 185 186 187
f 188 189 190
f 186 191 192
f 193 194 195
f 196 141 197
f 198 199 200
f 201 186 185
f 202 184 194
f 203 191 186
f 204 205 198
f 182 184 202
f 206 195 207
f 206 207 208
f 209 210 211
f 212 213 214
f 215 216 217
f 218 219 220
f 221 200 222
f 223 101 181
f 224 225 226
f 152 196 227
f 228 229 210
f 230 227 225
f 231 208 203
f 231 203 186
f 218 232 219
f 233 225 224
f 234 235 236
f 237 232 218
f 218 101 223
f 238 229 228
f 239 214 229
f 240 241 242
f 240 222 241
f 243 244 204
f 231 186 201
f 237 245 232
f 246 209 211
f 246 210 209
f 196 152 141
f 239 212 214
f 218 220 247
f 248 102 93
f 230 152 227
f 249 250 248
f 251 93 87
f 251 248 93
f 251 249 248
f 228 210 246
f 252 249 251
f 253 202 194
f 253 194 193
f 254 255 249
f 256 193 195
f 204 257 243
f 254 249 252
f 231 206 208
f 258 204 198
f 259 255 254
f 260 189 188
f 233 230 225
f 238 228 246
f 261 252 251
f 261 251 87
f 182 224 183
f 182 233 224
f 231 201 185
f 262 259 254
f 263 264 265
f 238 239 229
f 266 254 252
f 261 87 86
f 267 268 262
f 267 262 254
f 215 269 216
f 256 195 206
f 270 185 239
f 271 252 261
f 270 231 185
f 269 240 242
f 235 217 236
f 268 272 262
f 271 266 252
f 98 181 99
f 256 253 193
f 273 239 238
f 274 271 261
f 275 235 234
f 276 266 271
f 277 278 279
f 160 152 230
f 276 254 266
f 202 253 256
f 280 261 86
f 281 254 276
f 281 267 254
f 282 272 268
f 282 283 272
f 284 86 70
f 284 280 86
f 235 215 217
f 231 256 206
f 98 223 181
f 221 198 200
f 285 237 218
f 280 271 274
f 280 274 261
f 282 268 267
f 286 233 182
f 287 182 202
f 288 270 239
f 288 239 273
f 289 271 280
f 290 238 246
f 290 246 273
f 291 282 267
f 291 267 292
f 289 276 271
f 293 218 223
f 294 281 276
f 295 296 297
f 238 290 273
f 298 299 231
f 300 301 302
f 298 231 288
f 281 292 267
f 303 256 231
f 304 283 282
f 304 305 283
f 306 221 222
f 306 222 240
f 163 230 233
f 307 308 309
f 163 160 230
f 285 218 293
f 310 282 291
f 310 304 282
f 237 311 245
f 312 70 67
f 312 284 70
f 313 182 287
f 314 289 280
f 256 287 202
f 291 292 281
f 315 287 256
f 316 317 318
f 312 280 284
f 319 287 315
f 304 320 305
f 299 303 231
f 321 240 269
f 301 260 188
f 314 276 289
f 315 256 303
f 322 294 276
f 258 323 257
f 313 286 182
f 257 204 258
f 324 67 66
f 314 322 276
f 325 245 311
f 294 291 281
f 326 304 310
f 273 298 288
f 324 312 67
f 303 299 327
f 328 198 221
f 329 298 273
f 328 258 198
f 312 314 280
f 330 233 286
f 330 163 233
f 331 332 305
f 189 275 234
f 312 333 314
f 311 237 285
f 331 305 320
f 309 334 335
f 336 332 331
f 336 337 332
f 319 313 287
f 322 338 294
f 327 299 298
f 339 304 326
f 340 312 324
f 341 301 300
f 342 298 329
f 309 308 334
f 343 291 294
f 344 322 314
f 345 303 327
f 346 324 66
f 347 260 301
f 348 322 344
f 326 310 291
f 345 327 298
f 349 286 313
f 350 223 98
f 351 339 326
f 348 338 322
f 352 339 351
f 353 285 293
f 349 330 286
f 343 294 338
f 354 320 304
f 354 304 339
f 346 340 324
f 355 356 357
f 358 338 348
f 358 343 338
f 359 285 353
f 360 339 352
f 361 319 315
f 362 301 341
f 354 331 320
f 342 345 298
f 344 314 333
f 343 326 291
f 363 293 223
f 343 351 326
f 340 333 312
f 364 348 344
f 352 351 343
f 319 349 313
f 365 344 333
f 365 364 344
f 366 340 346
f 367 336 331
f 367 331 354
f 368 337 336
f 303 361 315
f 369 342 329
f 370 371 372
f 373 346 374
f 375 361 303
f 376 307 309
f 321 306 240
f 365 333 340
f 377 352 343
f 376 309 378
f 368 379 337
f 373 374 380
f 381 382 383
f 345 384 303
f 362 347 301
f 384 375 303
f 385 339 360
f 385 354 339
f 328 386 323
f 387 336 367
f 373 366 346
f 388 389 390
f 391 269 215
f 392 358 348
f 391 321 269
f 392 348 364
f 393 349 319
f 323 258 328
f 394 352 377
f 395 306 321
f 396 340 366
f 397 379 368
f 368 336 387
f 361 393 319
f 398 392 364
f 399 377 343
f 396 365 340
f 400 354 385
f 401 384 345
f 401 345 342
f 387 367 354
f 385 360 352
f 402 361 375
f 403 397 368
f 404 377 399
f 235 391 215
f 342 369 405
f 406 407 408
f 409 410 411
f 405 401 342
f 412 379 397
f 306 328 221
f 399 343 358
f 413 414 415
f 402 393 361
f 413 415 416
f 417 394 377
f 418 359 353
f 419 358 392
f 420 325 311
f 378 309 335
f 421 245 325
f 421 341 245
f 359 311 285
f 419 392 398
f 422 354 400
f 404 417 377
f 384 402 375
f 423 362 341
f 394 385 352
f 424 373 380
f 424 425 373
f 426 365 396
f 403 368 387
f 422 387 354
f 427 400 385
f 427 385 394
f 428 402 384
f 429 376 430
f 431 364 365
f 431 398 364
f 425 366 373
f 425 396 366
f 399 358 419
f 432 433 434
f 435 423 341
f 422 400 427
f 436 387 422
f 436 437 387
f 176 384 401
f 438 439 440
f 176 428 384
f 441 442 443
f 444 445 412
f 427 394 417
f 446 447 448
f 449 365 426
f 450 399 419
f 386 328 306
f 177 401 405
f 177 176 401
f 451 422 427
f 431 419 398
f 450 404 399
f 450 417 404
f 452 426 396
f 452 396 425
f 451 427 417
f 453 424 380
f 431 450 419
f 421 325 420
f 454 422 451
f 444 412 397
f 444 397 403
f 437 403 387
f 454 436 422
f 359 455 311
f 449 431 365
f 456 403 437
f 457 391 235
f 458 445 444
f 458 459 445
f 430 376 378
f 460 431 449
f 461 420 311
f 462 424 453
f 463 464 465
f 466 260 347
f 467 275 189
f 468 417 450
f 468 451 417
f 469 470 429
f 471 449 426
f 471 426 452
f 472 420 461
f 472 421 420
f 473 450 431
f 474 475 476
f 477 450 473
f 478 444 403
f 479 189 260
f 424 452 425
f 421 435 341
f 480 456 481
f 480 403 456
f 482 468 450
f 460 473 431
f 483 452 424
f 483 471 452
f 481 436 454
f 481 437 436
f 484 444 478
f 484 458 444
f 395 386 306
f 482 451 468
f 482 454 451
f 485 459 458
f 469 429 430
f 481 456 437
f 486 454 482
f 487 488 489
f 418 490 359
f 480 478 403
f 462 483 424
f 491 492 493
f 494 486 482
f 391 395 321
f 495 449 471
f 495 460 449
f 496 453 497
f 496 462 453
f 498 485 458
f 490 418 499
f 500 497 501
f 502 481 454
f 503 504 505
f 506 430 378
f 507 473 460
f 508 472 461
f 509 499 418
f 510 511 512
f 482 450 477
f 513 514 515
f 516 235 275
f 498 458 484
f 517 486 494
f 517 454 486
f 518 455 359
f 507 477 473
f 519 480 481
f 519 481 520
f 521 482 477
f 522 478 480
f 520 502 454
f 520 481 502
f 506 469 430
f 479 467 189
f 523 347 362
f 524 506 378
f 525 386 395
f 526 527 485
f 528 435 421
f 529 464 463
f 495 507 460
f 530 531 532
f 533 484 478
f 534 471 483
f 535 423 435
f 536 494 482
f 536 482 521
f 518 359 490
f 534 495 471
f 537 395 391
f 538 539 540
f 541 542 472
f 541 421 542
f 526 485 498
f 509 543 544
f 545 500 501
f 546 506 524
f 547 498 484
f 546 524 548
f 549 508 550
f 462 534 483
f 541 472 508
f 528 535 435
f 500 496 497
f 551 454 517
f 551 520 454
f 302 545 552
f 466 479 260
f 553 362 423
f 533 478 522
f 554 546 548
f 554 506 546
f 555 527 526
f 556 494 536
f 557 506 554
f 557 554 548
f 190 462 496
f 547 526 498
f 519 522 480
f 558 519 520
f 507 521 477
f 544 557 548
f 544 506 557
f 556 551 517
f 559 522 519
f 547 484 533
f 560 466 347
f 556 517 494
f 561 528 421
f 560 347 523
f 562 528 561
f 563 508 461
f 564 565 566
f 563 549 550
f 499 518 490
f 549 541 508
f 567 457 235
f 568 544 548
f 568 509 544
f 537 525 395
f 569 534 462
f 561 421 541
f 457 537 391
f 570 518 499
f 571 552 572
f 573 423 535
f 555 574 527
f 575 499 509
f 575 509 568
f 576 561 541
f 500 190 496
f 577 479 466
f 571 572 578
f 579 563 461
f 580 547 533
f 581 563 579
f 570 499 582
f 582 499 575
f 467 516 275
f 583 521 507
f 583 536 521
f 584 526 547
f 516 567 235
f 582 575 568
f 551 558 520
f 300 552 571
f 195 423 573
f 585 518 570
f 586 562 561
f 587 574 555
f 213 549 563
f 457 567 537
f 300 302 552
f 199 559 519
f 199 533 522
f 199 522 559
f 577 466 560
f 588 519 558
f 584 555 526
f 579 461 518
f 216 536 583
f 576 586 561
f 589 535 528
f 590 523 362
f 217 507 495
f 590 362 553
f 591 586 576
f 592 577 560
f 195 553 423
f 241 558 551
f 593 581 579
f 589 573 535
f 582 568 548
f 216 556 536
f 594 553 195
f 595 590 553
f 183 523 590
f 541 549 213
f 190 569 462
f 596 555 584
f 597 571 578
f 589 528 562
f 242 556 598
f 599 573 589
f 226 592 560
f 213 576 541
f 600 516 467
f 188 500 545
f 586 589 562
f 601 602 603
f 604 571 597
f 605 606 607
f 220 597 578
f 608 573 599
f 588 199 519
f 217 583 507
f 609 567 516
f 610 570 582
f 205 547 580
f 205 584 547
f 593 518 585
f 241 588 558
f 197 467 479
f 610 585 570
f 199 580 533
f 581 213 563
f 611 599 589
f 611 589 586
f 341 571 604
f 341 300 571
f 226 560 523
f 222 588 241
f 592 479 577
f 608 195 573
f 593 579 518
f 612 586 591
f 594 595 553
f 242 551 556
f 596 587 555
f 596 243 587
f 234 534 569
f 191 195 608
f 234 236 534
f 613 611 586
f 302 188 545
f 613 586 612
f 195 595 594
f 585 610 614
f 592 197 479
f 184 595 195
f 184 590 595
f 610 548 211
f 242 241 551
f 610 582 548
f 236 495 534
f 236 217 495
f 197 600 467
f 216 598 556
f 217 216 583
f 614 593 585
f 608 599 611
f 192 191 608
f 244 596 584
f 244 584 205
f 200 199 588
f 188 190 500
f 600 609 516
f 216 242 598
f 615 581 593
f 183 226 523
f 214 213 581
f 229 581 615
f 614 610 211
f 184 183 590
f 229 615 593
f 219 604 597
f 219 597 220
f 185 612 591
f 207 195 191
f 196 197 592
f 140 609 600
f 187 608 611
f 232 604 219
f 222 200 588
f 187 611 613
f 245 604 232
f 593 614 211
f 210 229 593
f 198 580 199
f 198 205 580
f 245 341 604
f 210 593 211
f 192 608 187
f 194 184 195
f 189 569 190
f 189 234 569
f 185 613 612
f 204 244 205
f 301 188 302
f 196 592 227
f 226 227 592
f 185 187 613
f 244 243 596
f 203 207 191
f 141 600 197
f 141 140 600
f 229 214 581
f 186 192 187
f 269 242 216
f 208 207 203
f 225 227 226
f 224 226 183
f 616 161 165
f 617 616 165
f 618 161 616
f 158 161 618
f 619 617 165
f 620 619 165
f 620 165 117
f 130 138 158
f 621 620 117
f 116 621 117
f 622 621 116
f 623 131 624
f 625 622 116
f 122 625 116
f 626 623 624
f 134 625 122
f 627 628 629
f 627 626 628
f 154 630 143
f 631 627 629
f 632 631 629
f 154 633 630
f 634 633 154
f 635 631 632
f 636 633 634
f 637 631 635
f 638 633 636
f 639 638 636
f 640 631 637
f 641 642 638
f 641 638 639
f 643 640 637
f 643 637 644
f 645 644 646
f 645 643 644
f 641 647 642
f 645 647 641
f 645 646 647
f 648 649 650
f 649 651 650
f 652 649 648
f 652 648 653
f 650 651 654
f 652 653 655
f 654 651 656
f 657 652 655
f 654 656 658
f 657 655 659
f 658 656 660
f 661 657 659
f 658 660 662
f 661 659 663
f 658 662 664
f 664 662 665
f 661 663 83
f 83 663 666
f 665 662 667
f 665 667 668
f 83 666 69
f 668 667 669
f 69 666 670
f 69 670 63
f 668 669 671
f 63 670 672
f 671 669 673
f 671 673 674
f 63 672 59
f 59 672 675
f 674 673 676
f 677 674 676
f 59 675 678
f 59 678 62
f 677 676 80
f 677 80 679
f 680 679 80
f 62 678 112
f 112 678 681
f 680 80 77
f 681 682 112
f 683 680 77
f 683 77 79
f 112 682 105
f 684 683 95
f 683 79 95
f 682 684 105
f 684 95 103
f 105 684 103
f 685 686 687
f 688 689 690
f 691 177 405
f 692 693 694
f 695 696 697
f 698 144 137
f 699 700 701
f 702 703 704
f 705 706 707
f 695 708 696
f 709 710 711
f 702 712 703
f 695 102 248
f 713 714 715
f 716 706 705
f 717 718 712
f 716 714 706
f 719 693 692
f 720 721 700
f 722 723 708
f 724 710 709
f 725 704 726
f 727 702 704
f 720 700 699
f 685 687 728
f 729 730 731
f 729 731 732
f 733 727 704
f 733 704 725
f 734 735 718
f 734 736 735
f 737 686 685
f 720 738 721
f 737 739 686
f 740 728 741
f 705 707 742
f 705 742 739
f 724 743 710
f 744 708 695
f 745 705 739
f 250 695 248
f 746 747 748
f 749 750 751
f 752 753 754
f 712 702 727
f 750 524 751
f 719 755 756
f 719 692 755
f 689 757 758
f 250 744 695
f 759 548 524
f 759 524 750
f 722 725 723
f 760 752 754
f 761 548 759
f 761 759 750
f 762 729 732
f 717 734 718
f 763 762 764
f 744 722 708
f 760 753 752
f 765 747 746
f 766 717 712
f 767 698 738
f 767 144 698
f 768 737 685
f 255 744 250
f 769 725 722
f 178 177 691
f 770 763 693
f 709 711 713
f 740 741 771
f 772 714 716
f 773 736 734
f 774 548 761
f 775 688 690
f 776 713 715
f 777 712 727
f 777 766 712
f 778 779 780
f 781 757 689
f 782 713 776
f 783 693 719
f 722 744 255
f 776 715 714
f 776 714 772
f 250 249 255
f 784 713 782
f 785 767 738
f 785 738 720
f 786 787 788
f 745 716 705
f 783 719 756
f 773 717 766
f 773 734 717
f 789 761 790
f 790 761 791
f 786 792 787
f 699 701 730
f 793 733 725
f 793 725 769
f 774 761 789
f 794 745 739
f 794 739 737
f 795 729 762
f 768 685 728
f 796 727 733
f 796 797 727
f 798 736 773
f 799 716 745
f 799 772 716
f 791 761 800
f 801 746 757
f 802 789 790
f 803 762 763
f 804 779 778
f 797 777 727
f 805 720 699
f 806 807 808
f 809 763 770
f 810 745 794
f 811 812 813
f 814 815 816
f 814 817 815
f 747 818 771
f 819 820 821
f 822 774 789
f 822 789 823
f 262 769 722
f 824 825 826
f 818 740 771
f 827 773 766
f 828 689 688
f 259 722 255
f 819 548 820
f 756 736 798
f 827 798 773
f 822 829 774
f 830 831 832
f 833 814 816
f 834 699 730
f 835 768 728
f 836 821 837
f 782 776 772
f 838 839 833
f 262 793 769
f 819 840 548
f 805 785 720
f 841 789 802
f 842 804 778
f 843 730 729
f 259 262 722
f 840 211 548
f 844 688 775
f 845 783 756
f 846 802 790
f 847 733 793
f 847 796 733
f 848 794 737
f 818 728 740
f 849 840 819
f 850 822 823
f 851 833 816
f 852 805 699
f 853 836 837
f 801 765 746
f 854 855 856
f 797 766 777
f 818 835 728
f 836 819 821
f 857 178 691
f 858 762 803
f 851 838 833
f 848 810 794
f 809 803 763
f 827 766 797
f 859 819 836
f 860 845 756
f 861 713 784
f 860 756 798
f 862 770 693
f 862 693 783
f 863 838 851
f 863 864 865
f 866 775 867
f 868 869 870
f 871 864 863
f 859 836 853
f 858 795 762
f 872 869 868
f 873 863 851
f 874 858 803
f 874 803 809
f 875 845 860
f 876 877 878
f 879 809 770
f 879 770 862
f 880 747 765
f 871 863 873
f 272 847 793
f 881 783 845
f 882 799 745
f 882 745 810
f 883 884 885
f 886 178 857
f 887 819 859
f 888 782 772
f 879 874 809
f 889 840 849
f 847 797 796
f 890 842 891
f 888 772 799
f 892 893 884
f 860 798 827
f 888 784 782
f 887 849 819
f 894 827 797
f 882 810 848
f 890 804 842
f 894 895 827
f 890 896 897
f 898 757 781
f 246 211 840
f 834 852 699
f 886 857 743
f 899 853 893
f 899 859 853
f 866 844 775
f 900 881 845
f 900 845 875
f 844 828 688
f 272 793 262
f 901 875 860
f 901 900 875
f 902 847 272
f 887 889 849
f 888 861 784
f 898 801 757
f 246 840 889
f 894 797 847
f 890 903 896
f 283 902 272
f 904 871 873
f 905 906 907
f 908 743 724
f 909 900 901
f 910 911 912
f 892 884 883
f 899 893 892
f 913 848 737
f 913 737 768
f 914 872 868
f 901 860 827
f 901 827 895
f 881 862 783
f 915 689 828
f 915 781 689
f 916 874 879
f 917 861 888
f 918 882 848
f 919 859 899
f 920 892 883
f 843 834 730
f 920 883 921
f 922 862 881
f 922 879 862
f 923 924 925
f 926 927 928
f 920 921 929
f 913 768 835
f 887 859 919
f 902 894 847
f 930 843 729
f 930 729 795
f 931 724 709
f 932 902 283
f 933 901 895
f 934 935 936
f 937 903 890
f 938 890 891
f 939 834 843
f 861 709 713
f 902 895 894
f 940 867 941
f 908 886 743
f 942 938 943
f 932 895 902
f 944 844 866
f 942 890 938
f 945 858 874
f 940 941 946
f 947 828 844
f 918 799 882
f 918 888 799
f 948 880 765
f 937 890 942
f 949 901 933
f 950 888 918
f 951 916 879
f 952 937 942
f 951 879 922
f 953 892 954
f 953 899 892
f 918 848 913
f 949 909 901
f 955 933 895
f 955 895 932
f 947 915 828
f 843 956 939
f 949 900 909
f 881 951 922
f 957 937 952
f 305 932 283
f 958 918 913
f 959 881 900
f 960 887 919
f 961 919 899
f 955 949 933
f 961 899 953
f 962 246 889
f 963 795 858
f 963 930 795
f 801 948 765
f 964 858 945
f 965 949 955
f 966 889 887
f 967 918 958
f 968 246 962
f 969 945 874
f 969 874 916
f 970 781 915
f 971 920 929
f 964 963 858
f 972 969 916
f 972 916 951
f 332 955 932
f 973 953 954
f 974 945 969
f 917 975 861
f 951 881 959
f 976 942 943
f 956 843 930
f 959 900 949
f 976 952 942
f 332 965 955
f 967 950 918
f 971 961 953
f 977 978 979
f 980 915 947
f 981 952 976
f 982 966 887
f 982 887 960
f 944 947 844
f 983 960 919
f 958 913 835
f 984 950 967
f 985 866 867
f 985 867 940
f 986 889 966
f 986 966 982
f 959 949 965
f 332 932 305
f 987 971 929
f 981 957 952
f 861 931 709
f 961 983 919
f 986 988 889
f 989 965 332
f 990 969 972
f 991 888 950
f 974 964 945
f 992 993 994
f 995 929 981
f 996 972 951
f 961 960 983
f 981 976 943
f 970 898 781
f 997 972 996
f 989 332 337
f 998 972 997
f 990 972 998
f 999 961 971
f 1000 959 965
f 880 818 747
f 1001 951 959
f 1002 956 930
f 1002 930 963
f 1003 963 964
f 1004 246 968
f 1005 940 946
f 1006 273 246
f 1007 988 986
f 961 982 960
f 1001 959 1000
f 1008 964 974
f 931 908 724
f 990 974 969
f 1009 835 818
f 1010 981 943
f 1000 965 989
f 961 986 982
f 1011 931 861
f 1012 981 1010
f 1004 1006 246
f 962 889 988
f 1013 974 990
f 1001 996 951
f 1014 1012 1010
f 1015 999 971
f 1015 971 987
f 1016 997 996
f 1016 996 1001
f 931 1017 908
f 1018 1001 1000
f 1019 963 1003
f 1019 1002 963
f 995 987 929
f 1020 964 1008
f 1020 1003 964
f 1021 981 1012
f 1022 866 985
f 1022 944 866
f 379 1000 989
f 379 989 337
f 1021 1012 1014
f 1004 329 273
f 1004 273 1006
f 1023 1013 990
f 1023 990 998
f 1013 1008 974
f 1018 1000 379
f 1020 1019 1003
f 1024 1007 986
f 1020 1025 1019
f 1026 986 961
f 1027 981 1021
f 1027 995 981
f 1028 968 962
f 1029 997 1016
f 1029 998 997
f 1007 962 988
f 1018 1016 1001
f 1030 947 944
f 1031 1020 1008
f 1031 1008 1013
f 1032 962 1007
f 1029 1016 1033
f 412 1018 379
f 1034 962 1035
f 1034 1028 962
f 991 917 888
f 1036 1013 1023
f 975 1011 861
f 1037 948 801
f 985 940 1005
f 1023 998 1029
f 445 1018 412
f 1033 1016 1018
f 1005 946 1038
f 1033 1018 445
f 1030 980 947
f 1031 1025 1020
f 1031 1039 1025
f 1036 1031 1013
f 1040 987 995
f 731 801 898
f 1027 1021 1041
f 1042 1023 1029
f 1043 1023 1042
f 1044 915 980
f 1044 970 915
f 984 967 958
f 1045 1031 1036
f 1046 1021 1014
f 1046 1014 1047
f 459 1029 1033
f 1032 1007 1026
f 1048 999 1015
f 1009 958 835
f 1046 1047 748
f 1043 1036 1023
f 1049 985 1005
f 1042 1029 459
f 1046 1041 1021
f 1050 1004 968
f 1051 1005 1038
f 1045 1039 1031
f 1045 1052 1039
f 1053 991 950
f 1054 958 1009
f 459 1033 445
f 731 898 970
f 1055 944 1022
f 1056 1042 459
f 1057 1045 1036
f 1057 1036 1043
f 1058 1032 1026
f 1059 999 1048
f 1059 961 999
f 880 1009 818
f 1060 1061 1062
f 1063 1042 1056
f 1064 1043 1042
f 1064 1042 1063
f 1011 1017 931
f 1011 1065 1017
f 1057 1052 1045
f 1057 1066 1052
f 1067 1057 1043
f 1067 1043 1064
f 1056 459 485
f 1063 1056 485
f 1049 1022 985
f 1068 1034 1032
f 1068 1032 1058
f 125 1011 975
f 1063 485 527
f 1059 1058 1026
f 1059 1026 961
f 731 1037 801
f 1069 1061 1070
f 1069 1050 968
f 984 958 1054
f 1040 1015 987
f 1060 1070 1061
f 1071 1057 1067
f 1071 1066 1057
f 1071 1072 1066
f 1028 1034 1068
f 1073 1005 1051
f 527 1064 1063
f 1074 1060 1062
f 527 1067 1064
f 1027 1040 995
f 527 1071 1067
f 1075 917 991
f 1075 975 917
f 574 1071 527
f 574 1072 1071
f 1030 944 1055
f 1076 1077 1078
f 748 1041 1046
f 1079 369 329
f 1068 1058 1059
f 1053 950 984
f 1080 1060 1074
f 1069 1070 1060
f 1069 1060 1080
f 1079 329 1004
f 125 1065 1011
f 1073 1049 1005
f 1081 970 1044
f 1082 984 1054
f 1083 1022 1049
f 1084 1054 1009
f 1085 1079 1004
f 1086 1015 1040
f 1053 1075 991
f 701 880 948
f 701 1009 880
f 1087 731 970
f 1059 1088 1068
f 1089 1044 980
f 1089 980 1030
f 1090 1073 1051
f 1091 1050 1069
f 1091 1069 1080
f 1086 1040 1092
f 1083 1055 1022
f 1085 1004 1050
f 1091 1074 1062
f 1093 1083 1049
f 984 1094 1053
f 1095 1049 1073
f 1096 1092 1027
f 1075 125 975
f 711 1079 1085
f 1096 1027 1041
f 1097 1030 1098
f 1097 1089 1030
f 1093 1049 1095
f 1099 1073 1090
f 1100 1055 1083
f 1100 1030 1055
f 1093 1095 1073
f 1101 1059 1048
f 1080 1074 1091
f 1102 1085 1050
f 711 1085 1102
f 1096 1086 1092
f 1086 1048 1015
f 700 1084 1009
f 1091 1062 1059
f 1094 1075 1053
f 1081 1087 970
f 1103 1102 1050
f 1104 1048 1086
f 1105 1106 1107
f 700 1009 701
f 1084 1082 1054
f 1104 1101 1048
f 1108 1101 687
f 1108 1059 1101
f 1089 1081 1044
f 730 1037 731
f 694 1081 1089
f 1109 711 1102
f 1109 1102 1103
f 1079 405 369
f 126 125 1075
f 1110 1089 1097
f 1104 1086 1096
f 746 748 1111
f 137 1075 1094
f 1100 1098 1030
f 1112 1093 1073
f 686 1059 1108
f 764 1087 1081
f 1103 1050 1091
f 735 1100 1083
f 1113 687 1101
f 1113 1101 1104
f 1114 1083 1093
f 1114 1093 1112
f 1115 1091 1059
f 721 1082 1084
f 1115 1059 686
f 1082 1094 984
f 723 1112 1073
f 723 1073 1099
f 1116 1108 687
f 1116 686 1108
f 698 1094 1082
f 1117 1091 1115
f 735 1098 1100
f 1118 711 1109
f 1096 1119 1104
f 1091 1120 1103
f 1120 1109 1103
f 703 1083 1114
f 1119 1113 1104
f 703 735 1083
f 691 405 1079
f 1121 1089 1110
f 748 1096 1041
f 696 1099 1090
f 713 711 1118
f 1122 746 1111
f 732 731 1087
f 700 721 1084
f 755 1089 1121
f 755 694 1089
f 701 948 1037
f 710 1079 1123
f 710 1123 711
f 137 126 1075
f 697 1090 1124
f 697 696 1090
f 857 691 1079
f 694 764 1081
f 735 1097 1098
f 742 1125 1117
f 742 1117 1115
f 725 1112 723
f 1118 1109 1120
f 747 1096 748
f 747 771 1096
f 1096 1113 1119
f 698 137 1094
f 708 1099 696
f 708 723 1099
f 714 713 1118
f 726 1112 725
f 718 735 703
f 757 746 1122
f 714 1118 1120
f 741 1113 1096
f 763 764 694
f 763 694 693
f 707 1117 1125
f 707 1091 1117
f 726 1114 1112
f 726 703 1114
f 721 698 1082
f 741 687 1113
f 738 698 721
f 743 1079 710
f 1126 1127 1128
f 706 1120 1091
f 730 701 1037
f 695 697 1124
f 704 703 726
f 1097 1121 1110
f 743 857 1079
f 712 718 703
f 742 1115 686
f 728 687 741
f 739 742 686
f 695 1124 102
f 706 1091 707
f 771 741 1096
f 756 1121 1097
f 758 757 1122
f 762 732 1087
f 762 1087 764
f 689 1122 1129
f 689 758 1122
f 687 686 1116
f 756 755 1121
f 736 1097 735
f 736 756 1097
f 690 689 1129
f 692 694 755
f 707 1125 742
f 631 1130 1131
f 627 631 1131
f 1132 1133 386
f 623 627 1134
f 623 626 627
f 1132 386 525
f 634 1135 1136
f 634 154 1135
f 133 623 1137
f 1138 1139 1140
f 1141 1142 1143
f 133 131 623
f 1144 1145 1138
f 1144 1138 1140
f 636 634 639
f 1146 1147 1148
f 956 1149 939
f 1150 1151 1152
f 1153 1154 1155
f 1156 645 1157
f 1052 645 1156
f 643 645 1052
f 1158 1052 1066
f 643 1052 1158
f 1159 1160 1161
f 1159 1161 1162
f 1010 1047 1014
f 1163 669 667
f 669 1163 1164
f 1165 1166 1167
f 1165 1168 1166
f 1169 938 891
f 1170 524 1171
f 673 669 1172
f 673 1172 1173
f 1174 891 842
f 778 1174 842
f 676 673 1175
f 1176 1177 1178
f 1179 1180 1181
f 652 657 1182
f 1183 1090 1051
f 1183 1184 1090
f 649 652 1185
f 649 1185 1186
f 80 676 751
f 1170 751 524
f 80 751 1170
f 1187 649 1188
f 651 649 1187
f 651 1189 1190
f 1191 651 1190
f 656 651 1191
f 1192 690 1129
f 660 1129 1122
f 660 1192 1129
f 1193 660 1122
f 662 660 1193
f 1194 1195 1196
f 1197 1194 1196
f 1198 1199 1200
f 1201 1200 1202
f 1201 1198 1200
f 1203 58 1204
f 1203 57 58
f 1205 1201 1202
f 1205 1202 1206
f 1207 1203 1204
f 1207 1204 1208
f 1209 1206 1210
f 1209 1205 1206
f 1211 1208 1212
f 1211 1207 1208
f 1213 1211 1212
f 1209 1210 1214
f 1213 1212 1215
f 1216 1209 1214
f 1217 1213 1215
f 1216 1214 1218
f 1217 1215 1219
f 1220 1216 1218
f 1217 1219 1199
f 1220 1218 37
f 1198 1217 1199
f 40 1220 37
f 1221 1222 1223
f 1224 1222 1221
f 1225 1226 1227
f 1225 1228 1226
f 1225 1227 1229
f 1230 1228 1225
f 1231 1232 1233
f 1231 1234 1232
f 1235 1230 1225
f 1223 1235 1225
f 1223 1236 1237
f 1223 1225 1236
f 1223 1238 1235
f 1227 1239 1240
f 1227 1231 1239
f 1222 1241 1238
f 1226 1242 1243
f 1226 1234 1231
f 1226 1243 1234
f 1222 1238 1223
f 1226 1244 1242
f 1226 1231 1227
f 1245 1246 1247
f 1245 1247 9
f 1248 1249 1250
f 1248 1251 1249
f 11 1245 9
f 1252 7 1253
f 1252 12 7
f 1254 1250 1255
f 1256 1252 1253
f 1254 1248 1250
f 1254 1255 1257
f 1256 1253 1258
f 1259 1256 1258
f 1260 1254 1257
f 1261 1258 1262
f 1261 1259 1258
f 1260 1257 1263
f 1264 1260 1263
f 1265 1261 1262
f 1264 1263 1266
f 1265 1262 1267
f 1246 1264 1266
f 1268 1265 1267
f 1246 1266 1247
f 1268 1267 1249
f 1251 1268 1249
f 1269 1270 1271
f 1272 1273 1274
f 1275 1271 1276
f 1277 1278 1273
f 1275 1269 1271
f 1277 1273 1272
f 1277 1279 1278
f 1280 1281 1282
f 1283 1284 1269
f 1285 1277 1272
f 1285 1272 1286
f 1287 1285 1286
f 1288 1289 1280
f 1290 1291 1292
f 1293 1283 1269
f 1293 1294 1283
f 1295 1269 1275
f 1295 1275 1296
f 1295 1296 1297
f 1276 1282 1291
f 1276 1288 1280
f 1276 1291 1290
f 1278 1295 1273
f 1276 1271 1288
f 1276 1280 1282
f 1278 1293 1269
f 1278 1269 1295
f 1298 1299 1300
f 1298 1300 1301
f 1302 1303 1304
f 1302 1304 1305
f 1306 1307 1308
f 1309 1310 1311
f 1312 1299 1298
f 1313 1310 1309
f 1314 1313 1309
f 1315 1314 1309
f 1298 1316 1312
f 1317 1314 1315
f 1318 1317 1315
f 1319 1316 1298
f 1320 1318 1315
f 1321 1318 1320
f 1322 1319 1298
f 1323 1321 1320
f 1324 1323 1320
f 1325 1322 1298
f 1326 1323 1324
f 1327 1326 1324
f 1298 1328 1325
f 1329 1327 1324
f 1330 1327 1329
f 1331 1330 1329
f 1332 1328 1298
f 1333 1331 1329
f 1334 1331 1333
f 1335 1334 1333
f 1336 1335 1333
f 1337 1335 1336
f 1338 1332 1298
f 1339 1337 1336
f 1340 1337 1339
f 1341 1340 1339
f 1342 1341 1339
f 1343 1344 1345
f 1346 1347 1348
f 1301 1349 1346
f 1301 1346 1348
f 1305 1332 1338
f 1350 1349 1301
f 1305 1351 1332
f 1352 1350 1301
f 1300 1352 1301
f 1304 1351 1305
f 1353 1354 1355
f 1353 1356 1354
f 1353 1357 1356
f 1358 1359 1360
f 1357 1361 1356
f 1358 1362 1359
f 1363 1364 1365
f 1366 1361 1357
f 1367 1368 1361
f 1367 1361 1366
f 1369 1370 1371
f 1369 1371 1372
f 1373 1374 1375
f 1376 1377 1378
f 1379 1380 1381
f 1382 1383 1384
f 1379 1385 1380
f 1386 1387 1363
f 1388 1389 1390
f 1391 1387 1386
f 1392 1393 1394
f 1388 1395 1389
f 1396 1397 1391
f 1398 1399 1397
f 1398 1397 1396
f 1400 1399 1398
f 1388 1401 1395
f 1402 1403 1404
f 1400 1405 1399
f 1406 1401 1388
f 1400 1407 1405
f 1408 1409 1403
f 1410 1411 1409
f 1412 1413 1382
f 1414 1415 1407
f 1410 1409 1408
f 1416 1411 1410
f 1417 1418 1419
f 1420 1421 1406
f 1422 1423 1424
f 1425 1426 1427
f 1417 1419 1428
f 1425 1427 1429
f 1430 1431 1432
f 1433 1434 1435
f 1418 1436 1437
f 1438 1439 1392
f 1440 1412 1441
f 1442 1443 1425
f 1444 1445 1446
f 1447 1448 1449
f 1450 1451 1440
f 1452 1365 1442
f 1453 1454 1455
f 1456 1358 1360
f 1363 1365 1452
f 1353 1355 1450
f 1457 1458 1459
f 1460 1461 1462
f 1463 1353 1464
f 1386 1465 1466
f 1467 1468 1469
f 1388 1454 1453
f 1366 1353 1463
f 1366 1357 1353
f 1470 1471 1472
f 1470 1473 1471
f 1474 1468 1467
f 1475 1476 1477
f 1412 1384 1478
f 1479 1473 1470
f 1480 1381 1358
f 1388 1390 1454
f 1481 1381 1480
f 1396 1391 1386
f 1481 1379 1381
f 1482 1483 1484
f 1412 1382 1384
f 1482 1485 1483
f 1479 1486 1473
f 1487 1400 1398
f 1488 1489 1488
f 1490 1486 1479
f 1491 1492 1493
f 1488 1488 1494
f 1495 1392 1496
f 1497 1416 1410
f 1498 1425 1429
f 1499 1500 1499
f 1420 1406 1388
f 1501 1502 1503
f 1504 1505 1506
f 1507 1417 1428
f 1508 1436 1418
f 1509 1510 1511
f 1512 1513 1514
f 1512 1515 1513
f 1516 1367 1366
f 1479 1470 1472
f 1517 1518 1519
f 1449 1448 1436
f 1520 1521 1522
f 1523 1452 1442
f 1524 1448 1447
f 1469 1360 1438
f 1464 1353 1450
f 1524 1525 1448
f 1526 1463 1464
f 1366 1463 1526
f 1527 1490 1479
f 1528 1529 1530
f 1469 1456 1360
f 1412 1478 1531
f 1532 1533 1534
f 1535 1386 1466
f 1535 1396 1386
f 1480 1474 1467
f 1536 1398 1396
f 1537 1481 1480
f 1536 1487 1398
f 1538 1539 1540
f 1541 1542 1543
f 1544 1400 1487
f 1545 1546 1547
f 1548 1516 1366
f 1549 1550 1551
f 1552 1408 1497
f 1552 1410 1408
f 1553 1554 1555
f 1552 1497 1410
f 1556 1557 1556
f 1558 1499 1499
f 1556 1556 1559
f 1560 1504 1506
f 1561 1562 1563
f 1564 1565 1564
f 1566 1507 1428
f 1567 1514 1513
f 1568 1504 1560
f 1569 1570 1571
f 1572 1573 1574
f 1575 1507 1566
f 1576 1434 1433
f 1577 1578 1579
f 1580 1581 1582
f 1583 1584 1515
f 1583 1515 1512
f 1585 1440 1586
f 1587 1588 1589
f 1590 1440 1585
f 1449 1436 1591
f 1592 1593 1594
f 1595 1450 1440
f 1596 1597 1598
f 1599 1438 1392
f 1527 1479 1520
f 1600 1524 1447
f 1601 1464 1450
f 1602 1516 1548
f 1603 1604 1605
f 1606 1523 1442
f 1607 1608 1609
f 1610 1611 1612
f 1613 1614 1615
f 1484 1524 1600
f 1616 1438 1599
f 1617 1548 1366
f 1606 1618 1523
f 1616 1469 1438
f 1619 1548 1617
f 1620 1469 1616
f 1412 1621 1622
f 1412 1531 1621
f 1623 1482 1484
f 1538 1540 1624
f 1625 1497 1408
f 1626 1627 1628
f 1629 1630 1631
f 1632 1548 1619
f 1633 1564 1564
f 1467 1469 1620
f 1575 1634 1635
f 1536 1396 1535
f 1480 1467 1636
f 1567 1513 1637
f 1537 1480 1638
f 1639 1487 1536
f 1640 1481 1537
f 1639 1536 1641
f 1591 1507 1575
f 1639 1544 1487
f 1642 1643 1644
f 1645 1646 1544
f 1647 1647 1648
f 1649 1567 1650
f 1649 1514 1567
f 1651 1548 1632
f 1652 1602 1548
f 1647 1494 1647
f 1653 1563 1654
f 1653 1561 1563
f 1655 1656 1657
f 1658 1659 1660
f 1661 1583 1512
f 1661 1584 1583
f 1585 1595 1590
f 1662 1663 1664
f 1665 1464 1601
f 1599 1392 1495
f 1666 1667 1668
f 1619 1617 1665
f 1669 1670 1671
f 1672 1673 1674
f 1675 1629 1631
f 1676 1442 1677
f 1678 1412 1622
f 1678 1622 1679
f 1680 1662 1664
f 1681 1682 1683
f 1623 1484 1684
f 1685 1618 1606
f 1441 1412 1678
f 1686 1687 1688
f 1689 1490 1527
f 1690 1675 1631
f 1691 1692 1693
f 1694 1575 1635
f 1694 1635 1695
f 1696 1440 1441
f 1697 1567 1637
f 1694 1591 1575
f 1466 1536 1535
f 1636 1638 1480
f 1698 1602 1652
f 1697 1637 1490
f 1699 1536 1466
f 1699 1641 1536
f 1638 1640 1537
f 1650 1567 1697
f 1700 1701 1702
f 1703 1704 1705
f 1700 1706 1707
f 1708 1591 1694
f 1700 1702 1706
f 1709 1710 1711
f 1712 1713 1714
f 1715 1657 1716
f 1717 1718 1719
f 1720 1675 1690
f 1655 1657 1715
f 1721 1722 1723
f 1724 1725 1726
f 1520 1522 1727
f 1728 1712 1714
f 1729 1712 1728
f 1600 1447 1449
f 1730 1665 1601
f 1677 1731 1732
f 1619 1665 1730
f 1676 1677 1732
f 1733 1544 1639
f 1734 1678 1679
f 1734 1679 1735
f 1736 1737 1738
f 1676 1606 1442
f 1739 1484 1600
f 1739 1684 1484
f 1729 1728 1714
f 1729 1714 1740
f 1741 1527 1520
f 1742 1616 1599
f 1624 1623 1684
f 1688 1676 1732
f 1688 1606 1676
f 1686 1688 1732
f 1743 1538 1624
f 1743 1624 1744
f 1745 1746 1743
f 1747 1626 1628
f 1748 1746 1745
f 1749 1750 1751
f 1747 1752 1626
f 1741 1689 1527
f 1586 1440 1696
f 1753 1754 1742
f 1755 1544 1733
f 1645 1544 1755
f 1753 1756 1754
f 1708 1695 1757
f 1708 1694 1695
f 1697 1490 1689
f 1641 1699 1466
f 1758 1759 1760
f 1761 1639 1641
f 1761 1733 1639
f 1762 1467 1620
f 1763 1733 1761
f 1755 1733 1763
f 1764 1636 1467
f 1764 1467 1762
f 1765 1766 1767
f 1586 1595 1585
f 1768 1765 1767
f 1768 1766 1765
f 1769 1638 1770
f 1769 1640 1638
f 1771 1766 1768
f 1771 1768 1767
f 1704 1703 1772
f 1773 1774 1775
f 1776 1777 1778
f 1779 1715 1716
f 1780 1781 1782
f 1780 1783 1781
f 1784 1785 1784
f 1786 1514 1649
f 1786 1649 1697
f 1774 1773 1787
f 1601 1450 1595
f 1788 1789 1790
f 1791 1792 1793
f 1686 1732 1794
f 1795 1641 1466
f 1661 1512 1796
f 1797 1798 1799
f 1800 1801 1802
f 1803 1798 1797
f 1804 1805 1806
f 1807 1730 1601
f 1803 1808 1798
f 1809 1767 1810
f 1811 1602 1698
f 1812 1449 1591
f 1813 1814 1815
f 1812 1600 1449
f 1816 1817 1818
f 1819 1767 1809
f 1820 1619 1730
f 1821 1767 1819
f 1734 1735 1822
f 1823 1755 1763
f 1824 1767 1821
f 1825 1739 1600
f 1826 1827 1828
f 1829 1495 1830
f 1599 1495 1829
f 1734 1441 1678
f 1831 1767 1824
f 1832 1684 1833
f 1632 1619 1820
f 1832 1624 1684
f 1744 1624 1832
f 1834 1745 1743
f 1834 1743 1744
f 1834 1748 1745
f 1771 1767 1831
f 1835 1748 1834
f 1836 1752 1747
f 1837 1838 1839
f 1840 1763 1841
f 1842 1763 1840
f 1708 1757 1843
f 1844 1753 1742
f 1845 1846 1847
f 1848 1823 1763
f 1848 1645 1755
f 1849 1809 1810
f 1849 1850 1851
f 1849 1810 1850
f 1762 1756 1753
f 1852 1764 1762
f 1853 1595 1586
f 1854 1809 1849
f 1770 1636 1764
f 1853 1601 1595
f 1770 1638 1636
f 1854 1819 1809
f 1855 1769 1770
f 1856 1769 1855
f 1857 1704 1772
f 1858 1784 1784
f 1786 1697 1859
f 1860 1861 1860
f 1862 1715 1779
f 1863 1864 1865
f 1863 1865 1866
f 1867 1807 1601
f 1868 1869 1870
f 1871 1591 1708
f 1872 1797 1799
f 1863 1873 1864
f 1872 1803 1797
f 1872 1874 1803
f 1875 1727 1876
f 1875 1520 1727
f 1871 1812 1591
f 1877 1820 1730
f 1878 1820 1877
f 1878 1632 1820
f 1414 1698 1878
f 1414 1811 1698
f 1879 1667 1666
f 1880 1813 1815
f 1881 1811 1414
f 1882 1824 1821
f 1825 1600 1812
f 1882 1831 1824
f 1883 1741 1520
f 1884 1885 1886
f 1887 1831 1882
f 1888 1744 1832
f 1883 1689 1741
f 1742 1599 1829
f 1888 1834 1744
f 1889 1689 1883
f 1771 1831 1887
f 1835 1834 1888
f 1890 1835 1891
f 1890 1748 1835
f 1734 1696 1441
f 1892 1893 1894
f 1895 1896 1897
f 1898 1708 1843
f 1889 1697 1689
f 1898 1843 1899
f 1900 1696 1734
f 1901 1902 1903
f 1842 1848 1763
f 1904 1905 1900
f 1906 1645 1848
f 1907 1863 1866
f 1906 1848 1842
f 1907 1866 1908
f 1854 1849 1851
f 1854 1851 1909
f 1753 1852 1762
f 1859 1697 1889
f 1910 1770 1764
f 1911 1770 1910
f 1912 1856 1855
f 1912 1913 1856
f 1914 1858 1915
f 1916 1860 1860
f 1796 1917 1661
f 1918 1917 1796
f 1819 1854 1919
f 1920 1921 1922
f 1871 1708 1898
f 1830 1862 1914
f 1923 1867 1601
f 1830 1715 1862
f 1924 1925 1926
f 1923 1601 1853
f 1924 1926 1927
f 1928 1877 1730
f 1928 1878 1877
f 1929 1878 1928
f 1929 1414 1878
f 1413 1520 1875
f 1426 1734 1822
f 1871 1825 1812
f 1413 1883 1520
f 1426 1822 1930
f 1887 1882 1931
f 1932 1933 1934
f 1935 1829 1830
f 1936 1937 1938
f 1939 1940 1941
f 1362 1832 1833
f 1935 1742 1829
f 1362 1888 1832
f 1844 1742 1935
f 1413 1875 1382
f 1942 1837 1839
f 1943 1891 1835
f 1943 1890 1891
f 1944 1945 1946
f 1897 1947 1895
f 1443 1904 1900
f 1948 1842 1840
f 1949 1842 1948
f 1906 1842 1949
f 1439 1898 1899
f 1390 1753 1844
f 1439 1950 1951
f 1439 1899 1950
f 1919 1909 1952
f 1919 1854 1909
f 1953 1954 1955
f 1401 1910 1764
f 1426 1930 1956
f 1957 1958 1959
f 1853 1586 1365
f 1960 1961 1962
f 1963 1964 1965
f 1966 1912 1855
f 1966 1967 1912
f 1968 1830 1914
f 1968 1915 1969
f 1968 1914 1915
f 1436 1821 1819
f 1364 1867 1923
f 1968 1455 1830
f 1957 1959 1970
f 1448 1882 1821
f 1900 1734 1426
f 1354 1859 1889
f 1971 1786 1859
f 1356 1859 1354
f 1356 1971 1859
f 1931 1882 1448
f 1375 1796 1971
f 1365 1904 1443
f 1972 1825 1871
f 1973 1796 1375
f 1973 1918 1796
f 1974 1918 1973
f 1974 1917 1918
f 1975 1976 1977
f 1978 1979 1980
f 1981 1982 1983
f 1984 1985 1986
f 1987 1988 1989
f 1390 1844 1454
f 1990 1984 1986
f 1991 1771 1887
f 1389 1753 1390
f 1992 1928 1730
f 1992 1730 1807
f 1852 1753 1389
f 1387 1807 1867
f 1387 1867 1364
f 1993 1888 1362
f 1380 1888 1993
f 1404 1948 1994
f 1995 1996 1997
f 1380 1835 1888
f 1387 1992 1807
f 1401 1764 1395
f 1998 1999 2000
f 1943 1835 1380
f 1397 1992 1387
f 2001 2002 1910
f 2003 1943 1385
f 1409 1948 1404
f 2001 1910 1401
f 1928 1992 1397
f 1890 1943 2004
f 1409 1949 1948
f 1421 2002 2001
f 2005 1929 1928
f 1411 1949 1409
f 1411 1906 1949
f 2006 2002 1421
f 2007 1906 1411
f 2008 2009 2010
f 2011 2005 1928
f 2012 2013 2014
f 1439 1951 2015
f 2016 1929 2005
f 2016 1414 1929
f 1968 1969 2017
f 1437 1952 2018
f 1437 1919 1952
f 2019 2020 2021
f 2022 2023 2024
f 2025 2022 2024
f 1436 1919 1437
f 1436 1819 1919
f 2026 1889 1883
f 1439 1871 1898
f 2027 2028 2029
f 2030 2020 2031
f 1425 1900 1426
f 2032 2033 2034
f 1448 1821 1436
f 2035 2036 2037
f 1454 1830 1455
f 1454 1935 1830
f 1443 1900 1425
f 1972 1871 1438
f 2037 2038 2039
f 2040 2041 2042
f 2043 2044 2045
f 2035 2037 2039
f 1525 1887 1448
f 1361 1971 1356
f 1361 1375 1971
f 1368 1375 1361
f 2046 1887 1525
f 2046 1991 1887
f 2047 2048 2049
f 1374 1973 1375
f 2047 2030 2048
f 2050 2051 2052
f 1374 2053 1973
f 2054 2055 2056
f 1364 1853 1365
f 1359 1833 1360
f 1364 1923 1853
f 1359 1362 1833
f 2057 2058 2059
f 2060 1404 1994
f 1395 1852 1389
f 2061 2062 2063
f 1403 1409 1404
f 1381 1362 1358
f 1387 1364 1363
f 1381 1993 1362
f 2064 2065 2066
f 2067 2068 2069
f 1406 2001 1401
f 1381 1380 1993
f 2070 2071 2072
f 2073 2074 2075
f 1380 1385 1943
f 2072 2076 2070
f 1416 2007 1411
f 2077 2009 2008
f 1421 2001 1406
f 2003 1385 1379
f 2004 2078 1890
f 1397 1387 1391
f 1392 1439 2015
f 1418 2018 1419
f 1399 1928 1397
f 1418 1437 2018
f 1392 2015 1393
f 1405 1928 1399
f 1405 2011 1928
f 2079 2080 2081
f 1407 2005 2011
f 1407 2011 1405
f 1434 2082 1435
f 2083 2084 2085
f 1415 2016 2005
f 1415 2005 1407
f 1415 1414 2016
f 1426 1956 1427
f 1440 1413 1412
f 1440 1883 1413
f 1451 1883 1440
f 1451 2026 1883
f 2086 2087 2088
f 1438 1871 1439
f 2089 2087 2086
f 2090 1354 1889
f 2091 1455 1968
f 2092 1354 2090
f 1442 1365 1443
f 1360 1972 1438
f 2093 2094 2095
f 2093 2096 2094
f 2097 2098 2099
f 2097 2095 2098
f 2100 2096 2093
f 2101 2097 2099
f 2102 2100 2093
f 2101 2099 2103
f 2104 2100 2102
f 2101 2103 2105
f 2106 2107 2104
f 2108 2101 2105
f 2108 2105 2109
f 2021 2110 2106
f 2111 2109 2112
f 2111 2108 2109
f 2113 2111 2112
f 2020 2114 2021
f 2115 2111 2113
f 2030 2116 2020
f 2117 2111 2115
f 2118 2115 2119
f 2118 2117 2115
f 2047 2120 2030
f 2121 2118 2119
f 2122 2118 2121
f 2123 2122 2121
f 2124 2123 2121
f 2125 2123 2124
f 2126 2127 2128
f 2129 2123 2125
f 2130 2131 2126
f 2132 2123 2129
f 2133 2132 2129
f 2134 2132 2133
f 2135 2130 2126
f 2136 2130 2135
f 2137 2134 2133
f 2138 2136 2135
f 2139 2137 2133
f 2140 2138 2135
f 2140 2135 2141
f 2142 2137 2139
f 2143 2137 2142
f 2140 2141 2144
f 2145 2143 2142
f 2146 2140 2144
f 1326 2146 2144
f 2147 2145 2142
f 2148 1326 1327
f 2149 2145 2147
f 2150 2145 2149
f 2150 2149 2151
f 2152 1327 2153
f 2154 2152 2153
f 2150 2151 2155
f 2156 2154 2153
f 2157 2150 2155
f 2157 2155 2158
f 2159 2156 2160
f 2161 2159 2160
f 2157 2158 2162
f 2162 2161 2160
f 2163 2157 2162
f 2163 2162 2160
f 2159 2154 2156
f 2152 2148 1327
f 2148 2146 1326
f 2131 2127 2126
f 2164 2165 2166
f 2167 2168 2047
f 2168 2120 2047
f 2120 2116 2030
f 2116 2114 2020
f 2114 2169 2021
f 2169 2110 2021
f 2110 2107 2106
f 2107 2100 2104
f 2170 2171 2172
f 2173 2174 2175
f 2176 2170 2172
f 2177 2172 2178
f 2177 2176 2172
f 2179 2175 2180
f 2179 2173 2175
f 2181 2182 2183
f 2181 2184 2182
f 2185 2177 2178
f 2186 2180 2187
f 2185 2178 2188
f 2186 2179 2180
f 2189 2183 2190
f 2189 2181 2183
f 2191 2189 2190
f 2192 2187 2193
f 2192 2186 2187
f 2194 2192 2193
f 2195 2191 2190
f 2195 2190 2196
f 2194 2193 2197
f 2194 2197 2171
f 2174 2196 2198
f 2174 2195 2196
f 2199 2194 2171
f 2174 2198 2175
f 2170 2199 2171
f 2200 2201 2202
f 2203 2204 2205
f 2206 2200 2202
f 2207 2208 2209
f 2207 2210 2208
f 2207 2211 2210
f 2212 2213 2214
f 2212 2209 2213
f 2215 2203 2216
f 2217 2218 2219
f 2220 2209 2212
f 2220 2212 2221
f 2220 2207 2209
f 2209 2202 2218
f 2209 2218 2217
f 2222 2223 2206
f 2202 2203 2215
f 2202 2224 2225
f 2202 2215 2226
f 2202 2225 2204
f 2202 2204 2203
f 2208 2222 2206
f 2208 2206 2202
f 2208 2202 2209
f 2227 2226 2228
f 2210 2229 2208
f 2218 2202 2226
f 2218 2226 2227
f 2230 2231 2232
f 2233 2234 2235
f 2233 2235 2236
f 2237 2185 2188
f 2233 2236 2238
f 2239 2232 2240
f 2239 2230 2232
f 2241 2239 2240
f 2184 2233 2238
f 2237 2188 2242
f 2243 2240 2244
f 2184 2238 2182
f 2243 2241 2240
f 2245 2237 2242
f 2246 2243 2244
f 2247 2245 2242
f 2246 2244 2248
f 2247 2242 2249
f 2246 2248 2250
f 2251 2247 2249
f 2252 2246 2250
f 2253 2251 2249
f 2253 2249 2232
f 2234 2252 2250
f 2234 2250 2235
f 2231 2253 2232
f 2254 2255 2256
f 2257 2258 2259
f 2260 2261 2262
f 2263 2264 2254
f 2265 2266 2267
f 2098 2268 2269
f 2270 2271 2272
f 2259 2273 2274
f 2275 2276 2277
f 2278 2279 2280
f 2281 2282 2283
f 2281 2284 2282
f 2264 2255 2254
f 2260 2283 2261
f 2268 2285 2286
f 2287 2270 2272
f 2287 2284 2270
f 2288 2268 2098
f 2289 2260 2262
f 2290 2283 2260
f 2291 2292 2129
f 2293 2259 2274
f 2293 2257 2259
f 2294 2295 2296
f 2294 2296 2297
f 2298 2299 2300
f 2301 2260 2289
f 2302 2288 2098
f 2291 2129 2303
f 2304 2295 2294
f 2304 2305 2295
f 2306 2297 2296
f 2306 2294 2297
f 2307 2294 2306
f 2304 2294 2308
f 2309 2310 2311
f 2312 2292 2291
f 2313 2314 2315
f 2316 2317 2318
f 2319 2307 2306
f 2320 2314 2313
f 2321 2322 2323
f 2324 2325 2326
f 2290 2281 2283
f 2290 2327 2281
f 2301 2290 2260
f 2328 2324 2326
f 2125 2303 2129
f 2288 2329 2268
f 2330 2331 2332
f 2311 2310 2333
f 2334 2335 2336
f 2334 2336 2337
f 2338 2339 2340
f 2341 2342 2343
f 2344 2301 2289
f 2304 2345 2346
f 2304 2308 2345
f 2347 2348 2349
f 2350 2351 2352
f 2353 2354 2355
f 2356 2301 2344
f 2357 2358 2359
f 2360 2361 2362
f 2363 2361 2360
f 2301 2327 2290
f 2301 2364 2327
f 2365 2366 2367
f 2368 2369 2370
f 2371 2162 2158
f 2372 2347 2349
f 2373 2374 2375
f 2376 2263 2285
f 2376 2264 2263
f 2374 2377 2378
f 2371 2379 2162
f 2380 2381 2382
f 2383 2384 2385
f 2386 2360 2387
f 2386 2363 2360
f 2388 2389 2390
f 2388 2391 2389
f 2386 2392 2363
f 2302 2393 2288
f 2394 2344 2395
f 2396 2372 2349
f 2397 2398 2399
f 2356 2364 2301
f 2400 2377 2374
f 2400 2374 2373
f 2401 2387 2402
f 2386 2387 2401
f 2403 2328 2326
f 2404 2366 2365
f 2394 2356 2344
f 2405 2397 2399
f 2406 2394 2395
f 2397 2400 2373
f 2407 2400 2397
f 2406 2395 2408
f 2392 2386 2401
f 2392 2401 2409
f 2155 2371 2158
f 2407 2397 2405
f 2268 2376 2285
f 2408 2410 2411
f 2412 2409 2413
f 2412 2392 2409
f 2329 2376 2268
f 2414 2415 2416
f 2404 2365 2417
f 2302 2418 2419
f 2155 2420 2371
f 2421 2379 2371
f 2422 2404 2417
f 2408 2423 2406
f 2423 2408 2411
f 2424 2420 2155
f 2425 2426 2427
f 2425 2427 2428
f 2429 2430 2425
f 2429 2425 2428
f 2431 2430 2429
f 2432 2433 2434
f 2435 2422 2417
f 2436 2437 2379
f 2393 2329 2288
f 2438 2371 2420
f 2411 2439 2423
f 2439 2411 2440
f 2441 2429 2428
f 2442 2431 2429
f 2393 2302 2419
f 2443 2440 2431
f 2444 2431 2442
f 2438 2421 2371
f 2443 2439 2440
f 2445 2420 2424
f 2445 2438 2420
f 2446 2431 2444
f 2447 2438 2445
f 2448 2441 2428
f 2449 2431 2446
f 2449 2443 2431
f 2421 2436 2379
f 2450 2451 2113
f 2452 2449 2446
f 2453 2421 2438
f 2112 2450 2113
f 2454 2424 2155
f 2450 2446 2444
f 2455 2456 2457
f 2450 2444 2442
f 2445 2424 2454
f 2458 2443 2449
f 2459 2446 2450
f 2460 2439 2443
f 2447 2445 2461
f 2447 2453 2438
f 2462 2450 2112
f 2452 2446 2459
f 2458 2460 2443
f 2452 2458 2449
f 2463 2453 2447
f 2464 2462 2112
f 2465 2421 2453
f 2466 2464 2112
f 2452 2467 2458
f 2462 2459 2450
f 2468 2452 2459
f 2469 2470 2471
f 2472 2445 2454
f 2464 2459 2462
f 2461 2445 2472
f 2473 2474 2149
f 2475 2468 2459
f 2467 2452 2468
f 2476 2461 2473
f 2477 2465 2453
f 2478 2436 2421
f 2479 2459 2464
f 2479 2475 2459
f 2476 2447 2461
f 2480 2464 2466
f 2481 2437 2436
f 2482 2467 2468
f 2479 2464 2483
f 2467 2484 2460
f 2467 2460 2458
f 2485 2447 2476
f 2477 2486 2465
f 2465 2478 2421
f 2487 2464 2480
f 2475 2482 2468
f 2488 2453 2463
f 2487 2480 2489
f 2147 2473 2149
f 2485 2463 2447
f 2256 2475 2479
f 2490 2491 2492
f 2489 2466 2493
f 2476 2473 2147
f 2478 2465 2486
f 2478 2481 2436
f 2489 2480 2466
f 2488 2477 2453
f 2494 2486 2477
f 2256 2482 2475
f 2482 2484 2467
f 2495 2477 2488
f 2487 2483 2464
f 2495 2494 2477
f 2254 2479 2483
f 2254 2256 2479
f 2496 2487 2489
f 2485 2488 2463
f 2103 2493 2497
f 2481 2498 2437
f 2499 2483 2487
f 2499 2487 2496
f 2482 2500 2484
f 2501 2476 2147
f 2502 2488 2485
f 2503 2489 2493
f 2504 2501 2147
f 2504 2147 2505
f 2506 2485 2476
f 2507 2499 2496
f 2103 2503 2493
f 2502 2495 2488
f 2499 2254 2483
f 2508 2509 2510
f 2263 2254 2499
f 2511 2495 2502
f 2286 2499 2507
f 2255 2500 2482
f 2512 2502 2485
f 2512 2485 2506
f 2507 2496 2489
f 2478 2513 2481
f 2501 2506 2476
f 2272 2502 2512
f 2099 2503 2103
f 2256 2255 2482
f 2272 2511 2502
f 2514 2504 2505
f 2099 2269 2503
f 2515 2516 2517
f 2269 2489 2503
f 2269 2507 2489
f 2282 2512 2506
f 2282 2506 2501
f 2287 2272 2512
f 2285 2499 2286
f 2518 2519 2520
f 2271 2495 2511
f 2285 2263 2499
f 2261 2504 2262
f 2282 2287 2512
f 2258 2521 2259
f 2261 2501 2504
f 2098 2269 2099
f 2495 2486 2494
f 2495 2271 2486
f 2259 2515 2517
f 2522 2523 2524
f 2261 2282 2501
f 2273 2259 2517
f 2284 2287 2282
f 2283 2282 2261
f 2272 2271 2511
f 2268 2286 2507
f 2268 2507 2269
f 2525 2526 2527
f 2528 2529 2530
f 2531 2532 2533
f 2532 2534 2533
f 2535 2536 2537
f 2538 2539 2540
f 2541 2542 2543
f 2544 2529 2545
f 2546 2547 2548
f 2544 2545 2549
f 2539 2550 2540
f 2551 2552 2553
f 2094 2554 2555
f 2552 2528 2553
f 2551 2553 2556
f 2557 2558 2559
f 2560 2531 2561
f 2531 2533 2561
f 2562 2563 2536
f 2527 2563 2525
f 2534 2537 2564
f 2565 2534 2564
f 2537 2536 2566
f 2525 2563 2562
f 2554 2541 2555
f 2544 2549 2567
f 2568 2569 2570
f 2571 2572 2573
f 2551 2556 2574
f 2575 2576 2577
f 2556 2553 2574
f 2574 2553 2578
f 2553 2579 2578
f 2578 2544 2580
f 2581 2560 2582
f 2538 2540 2543
f 2536 2563 2583
f 2094 2555 2418
f 2584 2585 2586
f 2566 2536 2583
f 2544 2567 2580
f 2565 2564 2587
f 2588 2565 2587
f 2571 2573 2589
f 2589 2573 2590
f 2591 2574 2592
f 2574 2578 2592
f 2593 2164 2165
f 2098 2094 2418
f 2560 2561 2582
f 2594 2595 2596
f 2597 2598 2599
f 2564 2537 2566
f 2578 2580 2600
f 2592 2578 2600
f 2588 2587 2601
f 2602 2603 2604
f 2594 2596 2605
f 2564 2566 2606
f 2596 2591 2607
f 2608 2609 2610
f 2607 2591 2611
f 2611 2591 2612
f 2591 2592 2612
f 2605 2596 2613
f 2613 2596 2607
f 2614 2580 2567
f 2601 2587 2615
f 2616 2617 2614
f 2161 2618 2159
f 2587 2564 2606
f 2581 2582 2619
f 2620 2605 2621
f 2154 2159 2622
f 2615 2587 2606
f 2621 2605 2623
f 2605 2613 2623
f 2613 2607 2623
f 2611 2612 2624
f 2623 2607 2625
f 2607 2611 2625
f 2622 2159 2626
f 2601 2615 2627
f 2614 2567 2628
f 2166 2165 2629
f 2630 2631 2632
f 2621 2623 2633
f 2634 2635 2636
f 2634 2636 2637
f 2624 2612 2638
f 2639 2640 2641
f 2642 2643 2644
f 2645 2646 2647
f 2648 2649 2627
f 2650 2548 2550
f 2651 2652 2653
f 2614 2628 2616
f 2154 2622 2152
f 2548 2654 2550
f 2655 2638 2656
f 2638 2612 2656
f 2657 2658 2659
f 2660 2621 2633
f 2661 2662 2663
f 2540 2550 2654
f 2662 2664 2663
f 2161 2665 2618
f 2159 2618 2626
f 2644 2643 2666
f 2627 2667 2648
f 2540 2654 2668
f 2669 2616 2628
f 2670 2671 2672
f 2673 2674 2675
f 2676 2677 2678
f 2679 2680 2681
f 2678 2644 2682
f 2669 2628 2683
f 2655 2656 2683
f 2540 2668 2543
f 2161 2437 2665
f 2682 2644 2684
f 2644 2666 2684
f 2152 2622 2148
f 2685 2622 2686
f 2615 2667 2627
f 2687 2688 2689
f 2676 2678 2690
f 2622 2626 2686
f 2678 2682 2691
f 2690 2678 2691
f 2682 2692 2691
f 2655 2683 2693
f 2541 2543 2694
f 2683 2628 2695
f 2693 2683 2695
f 2696 2697 2698
f 2699 2700 2701
f 2702 2703 2704
f 2705 2706 2707
f 2667 2708 2648
f 2541 2694 2555
f 2709 2691 2692
f 2710 2648 2708
f 2693 2695 2711
f 2543 2668 2712
f 2693 2711 2713
f 2710 2708 2714
f 2715 2716 2717
f 2716 2718 2717
f 2719 2720 2721
f 2693 2713 2722
f 2723 2724 2725
f 2719 2721 2726
f 2727 2728 2729
f 2715 2717 2730
f 2555 2694 2731
f 2726 2721 2732
f 2686 2626 2733
f 2543 2712 2694
f 2726 2732 2734
f 2735 2726 2734
f 2722 2713 2736
f 2737 2735 2734
f 2738 2710 2714
f 2734 2732 2739
f 2686 2733 2740
f 2418 2555 2731
f 2741 2722 2736
f 2741 2736 2742
f 2741 2742 2743
f 2738 2714 2736
f 2713 2711 2736
f 2731 2419 2418
f 2736 2714 2744
f 2685 2686 2745
f 2734 2739 2737
f 2736 2744 2746
f 2742 2736 2746
f 2744 2714 2747
f 2737 2739 2748
f 2618 2665 2749
f 2750 2737 2748
f 2626 2618 2749
f 2686 2740 2745
f 2744 2747 2751
f 2752 2753 2754
f 2626 2749 2733
f 2743 2742 2755
f 2742 2746 2755
f 2746 2744 2751
f 2756 2743 2755
f 2740 2733 2757
f 2750 2748 2758
f 2665 2437 2498
f 2747 2759 2751
f 2110 2169 2760
f 2756 2755 2758
f 2746 2751 2755
f 2146 2745 2761
f 2755 2751 2762
f 2745 2740 2763
f 2146 2761 2140
f 2733 2749 2764
f 2665 2498 2749
f 2749 2765 2764
f 2750 2758 2766
f 2107 2110 2766
f 2758 2755 2767
f 2766 2768 2769
f 2766 2758 2770
f 2766 2770 2768
f 2755 2762 2767
f 2767 2762 2771
f 2757 2733 2764
f 2751 2759 2762
f 2759 2772 2762
f 2745 2763 2773
f 2761 2745 2773
f 2757 2764 2774
f 2769 2107 2766
f 2740 2757 2775
f 2770 2758 2776
f 2758 2767 2776
f 2777 2778 2779
f 2773 2763 2775
f 2100 2107 2769
f 2757 2774 2775
f 2776 2767 2546
f 2767 2771 2546
f 2763 2740 2775
f 2100 2769 2780
f 2762 2772 2771
f 2774 2764 2781
f 2764 2765 2782
f 2764 2782 2781
f 2769 2768 2783
f 2776 2546 2650
f 2542 2769 2783
f 2769 2784 2780
f 2770 2776 2785
f 2771 2772 2547
f 2777 2779 2786
f 2775 2774 2787
f 2788 2761 2789
f 2761 2773 2789
f 2768 2770 2783
f 2100 2780 2554
f 2773 2775 2790
f 2775 2787 2790
f 2776 2650 2785
f 2784 2769 2542
f 2774 2781 2787
f 2787 2781 2525
f 2791 2788 2789
f 2792 2793 2794
f 2791 2789 2532
f 2795 2773 2790
f 2773 2795 2789
f 2554 2780 2784
f 2784 2542 2554
f 2770 2785 2539
f 2783 2770 2539
f 2765 2749 2796
f 2498 2796 2749
f 2771 2547 2546
f 2787 2525 2790
f 2797 2791 2532
f 2100 2554 2096
f 2795 2790 2535
f 2790 2525 2562
f 2096 2554 2094
f 2539 2785 2550
f 2532 2789 2534
f 2789 2795 2534
f 2790 2562 2535
f 2782 2765 2796
f 2783 2539 2538
f 2783 2538 2543
f 2542 2783 2543
f 2798 2797 2532
f 2781 2782 2526
f 2781 2526 2525
f 2785 2650 2550
f 2798 2532 2545
f 2529 2798 2545
f 2650 2546 2548
f 2554 2542 2541
f 2535 2562 2536
f 2552 2798 2529
f 2795 2535 2537
f 2534 2795 2537
f 2552 2529 2528
f 2163 2160 2799
f 2800 2801 2802
f 2800 2803 2801
f 2804 2799 2805
f 2804 2163 2799
f 2806 2802 2807
f 2806 2800 2802
f 2808 2805 2809
f 2806 2807 2810
f 2808 2804 2805
f 2808 2809 2811
f 2808 2811 2812
f 2806 2810 2813
f 2814 2808 2812
f 2815 2806 2813
f 2816 2814 2812
f 2815 2813 2817
f 2816 2812 2818
f 2819 2816 2818
f 2819 2818 2820
f 2815 2817 2821
f 2819 2820 2822
f 2823 2815 2821
f 2823 2821 2824
f 2825 2819 2822
f 2826 2823 2824
f 2825 2822 2827
f 2826 2824 2828
f 2829 2827 2830
f 2829 2825 2827
f 2097 2826 2828
f 2097 2828 2831
f 2803 2830 2832
f 2803 2829 2830
f 2097 2831 2095
f 2803 2832 2801
f 2161 2162 2379
f 2437 2161 2379
f 2302 2098 2418
f 2098 2095 2094
f 2833 2834 2835
f 2836 2834 2833
f 2837 2836 2833
f 2838 2836 2837
f 2839 2838 2837
f 2840 2838 2839
f 1695 2840 2839
f 2841 2840 1695
f 2842 2841 1695
f 2843 2841 2842
f 2844 2843 2842
f 2845 2843 2844
f 2846 2845 2844
f 2847 2845 2846
f 2848 2845 2847
f 2849 2848 2847
f 2850 2848 2849
f 2851 2850 2849
f 2852 2850 2851
f 2853 2852 2851
f 2854 2852 2853
f 2855 2854 2853
f 2856 2854 2855
f 2857 2856 2855
f 2858 2856 2857
f 2859 2858 2857
f 2860 2858 2859
f 2861 2858 2860
f 2862 2858 2861
f 2863 2862 2861
f 2864 2862 2863
f 2865 2862 2864
f 2866 2865 2864
f 2867 2868 2869
f 2870 2871 2867
f 2872 2873 2874
f 2875 2872 2874
f 2876 2872 2875
f 2877 2876 2875
f 2878 2876 2877
f 2879 2878 2877
f 2880 2878 2879
f 2881 2880 2879
f 2882 2880 2881
f 2883 2882 2881
f 2884 2882 2883
f 2885 2884 2883
f 2886 2884 2885
f 2887 2884 2886
f 2888 2889 2890
f 2891 2888 2890
f 2892 2888 2891
f 2893 2888 2892
f 2894 2888 2893
f 2895 2896 2897
f 2898 2895 2897
f 2899 2900 2901
f 2902 2900 2899
f 2903 2902 2899
f 2904 2902 2903
f 2905 2904 2903
f 2906 2904 2905
f 2907 2906 2905
f 2908 2907 2905
f 2909 2908 2905
f 2910 2908 2909
f 2911 2910 2909
f 2912 2910 2911
f 2913 2910 2912
f 2914 2910 2913
f 2915 2914 2913
f 2916 2915 2917
f 2918 2916 2917
f 2919 2916 2918
f 2920 2921 2918
f 2922 2921 2920
f 2923 2922 2920
f 2924 2922 2923
f 2925 2926 2924
f 2927 2928 2929
f 2930 2927 2929
f 2931 2927 2930
f 2932 2931 2930
f 2933 2931 2932
f 2934 2933 2932
f 2935 2933 2934
f 2936 2935 2934
f 2937 2935 2936
f 2938 2937 2936
f 2939 2940 2941
f 2942 2939 2941
f 2943 2944 2945
f 2946 2943 2945
f 2947 2943 2946
f 2948 2947 2946
f 2949 2947 2948
f 2950 2949 2948
f 2951 2949 2950
f 2952 2949 2951
f 2953 2954 2955
f 2956 2957 2958
f 2959 2960 2961
f 2962 2963 2964
f 2965 2962 2964
f 2966 2962 2965
f 2967 2966 2965
f 2968 2966 2967
f 2969 2968 2967
f 2970 2968 2969
f 2971 2968 2970
f 2972 2968 2971
f 2973 2972 2971
f 2974 2972 2973
f 2975 2972 2974
f 2976 2975 2974
f 2977 2975 2976
f 2978 2979 2980
f 2981 2982 2978
f 2983 2981 2978
f 2984 2983 2978
f 2985 2986 2987
f 2988 2985 2987
f 2989 2985 2988
f 2990 2989 2988
f 2991 2989 2990
f 2992 2991 2990
f 2993 2991 2992
f 2994 2993 2992
f 2995 2993 2994
f 2996 2995 2994
f 2997 2995 2996
f 2998 2997 2996
f 2999 2997 2998
f 3000 2997 2999
f 3001 3000 2999
f 3002 3000 3001
f 3003 3000 3002
f 3004 3003 3002
f 3005 3003 3004
f 3006 3005 3004
f 3007 3006 3004
f 3008 3006 3007
f 3009 3010 3011
f 3012 3009 3013
f 3014 3015 3016
f 3017 3015 3014
f 3018 3017 3014
f 3019 3017 3018
f 3020 3019 3018
f 3021 3019 3020
f 3022 3021 3020
f 3023 3021 3022
f 3024 3023 3022
f 3025 3023 3024
f 3026 3025 3024
f 3027 3026 3024
f 3028 3026 3027
f 3029 3028 3027
f 3030 3028 3029
f 3031 3030 3029
f 3032 3030 3031
f 3033 3032 3031
f 3034 3032 3033
f 3035 3036 3037
f 3038 3036 3035
f 3039 3035 3037
f 3040 3038 3035
f 1915 3038 3040
f 3041 3038 1915
f 3042 3041 1915
f 3043 3041 3042
f 3044 3043 3042
f 3045 3046 3047
f 3048 3049 3045
f 3050 3051 3052
f 3053 3050 3052
f 3054 3050 3053
f 3055 3054 3053
f 3056 3054 3055
f 3057 3056 3055
f 3058 3056 3057
f 3059 3058 3057
f 3060 3058 3059
f 3061 3058 3060
f 2835 3061 3060
f 2834 3061 2835
f 3062 3063 3064
f 3065 3066 3067
f 3065 3068 3066
f 3062 3069 3063
f 3070 3071 3072
f 3073 3074 3075
f 3076 3070 3072
f 3077 3078 3079
f 3080 3068 3065
f 3077 3081 3078
f 3082 3083 3084
f 3085 3086 3081
f 3087 3088 3089
f 3073 3090 3091
f 3092 3093 3094
f 3095 3090 3073
f 3096 3097 3098
f 3099 3100 3068
f 3095 3101 3090
f 3102 3103 3104
f 3105 3106 3107
f 3105 3108 3106
f 3105 3109 3108
f 3101 3110 3111
f 3112 3113 3110
f 3114 3115 3116
f 3117 3118 3119
f 3120 3121 3122
f 3114 3123 3115
f 3124 3125 3126
f 3127 3128 3129
f 3130 3131 3103
f 3132 3133 3134
f 3135 3136 3137
f 3138 3139 3123
f 3138 3140 3139
f 3141 3142 3143
f 3144 3145 3146
f 3138 3071 3140
f 3147 3145 3144
f 3147 3148 3145
f 3149 3071 3138
f 3150 3072 3071
f 3151 3072 3150
f 3152 3148 3147
f 3152 3153 3148
f 3154 3155 3156
f 3152 3157 3158
f 3159 3160 3161
f 3162 3072 3151
f 3159 3161 3142
f 3163 3164 3165
f 3166 3166 3167
f 3168 3169 3170
f 3171 3172 3171
f 3173 3174 3174
f 3166 3175 3166
f 3168 3170 3160
f 3176 3177 3169
f 3176 3169 3168
f 3178 3065 3067
f 3062 3064 3179
f 3178 3067 3180
f 3181 3182 3183
f 3085 3081 3077
f 3080 3065 3178
f 3184 2069 2068
f 3185 3186 3187
f 3188 3189 3190
f 3191 3192 3085
f 3193 2167 2047
f 3194 3195 3196
f 3197 3198 3199
f 3200 2167 3193
f 3201 3202 3203
f 3201 3204 3202
f 3099 3068 3080
f 3082 3096 3098
f 3201 3205 3204
f 3206 3104 3096
f 3206 3096 3207
f 3208 3209 3210
f 3211 3100 3212
f 3213 3214 3215
f 3114 3116 3216
f 3217 3101 3095
f 3218 3219 3220
f 3221 3201 3203
f 3130 3103 3102
f 3222 3100 3211
f 3223 3105 3107
f 3223 3107 3224
f 3217 3110 3101
f 3225 3226 3227
f 3228 3109 3105
f 3228 3229 3109
f 3230 3141 3222
f 3231 3120 3122
f 3230 3222 3232
f 3233 3234 3235
f 3236 3237 3238
f 3239 3234 3233
f 3240 3241 3242
f 3243 3244 3245
f 3246 3246 3247
f 3248 3249 3250
f 3251 3125 3124
f 3246 3252 3246
f 3253 3254 1317
f 3251 3144 3125
f 3255 3254 3253
f 3256 3144 3251
f 3257 3258 3259
f 3260 3147 3144
f 3261 3151 3150
f 3075 3262 3263
f 3230 3142 3141
f 3264 3147 3260
f 3265 3152 3147
f 3265 3147 3264
f 3075 3266 3262
f 3267 3268 3229
f 3269 3157 3152
f 3270 3164 3163
f 3269 3152 3265
f 3271 3255 3253
f 3272 3273 3274
f 3275 3276 3277
f 3278 3173 3279
f 3280 3171 3171
f 3278 3062 3179
f 1318 3253 1317
f 3281 3282 3283
f 3284 3285 3272
f 3255 3271 3286
f 3287 3085 3077
f 3178 3180 3288
f 3289 3182 3181
f 3290 3168 3160
f 3290 3160 3159
f 3291 3286 3271
f 3292 3293 3294
f 3295 3296 3297
f 3298 3299 3300
f 3301 3191 3085
f 3302 3303 3304
f 3305 3082 3289
f 3305 3096 3082
f 3305 3207 3096
f 3306 3114 3216
f 3307 3217 3095
f 3308 3309 3310
f 3311 3213 3215
f 3232 3222 3211
f 3312 3295 3297
f 3313 3314 3315
f 3316 3317 3318
f 3319 3217 3307
f 3320 3217 3319
f 3321 3223 3224
f 3321 3224 3322
f 3110 3217 3320
f 3321 3105 3223
f 3323 3112 3110
f 3324 3325 3326
f 3327 3138 3123
f 3228 3105 3321
f 3328 3329 3330
f 3328 3330 3331
f 3225 3332 3333
f 3334 3075 3263
f 3334 3263 2951
f 3335 3075 3334
f 3336 3337 3338
f 3339 3177 3176
f 3339 3340 3177
f 2144 3341 3342
f 3343 3251 3124
f 3344 3345 3346
f 3347 3142 3230
f 3348 3349 3350
f 3351 3151 3352
f 3351 3162 3151
f 3353 2830 3354
f 3267 3229 3228
f 3353 2832 2830
f 3264 3260 3251
f 3290 3142 3347
f 3290 3159 3142
f 3355 3265 3264
f 3356 3265 3355
f 3356 3269 3265
f 3080 3357 3358
f 3356 3359 3269
f 3080 3288 3357
f 3080 3178 3288
f 3062 3278 3279
f 3062 3279 3360
f 3267 3183 3268
f 3361 3073 3075
f 1326 2144 3342
f 3267 3181 3183
f 3307 3073 3361
f 3362 3085 3287
f 3307 3095 3073
f 3289 3082 3182
f 3363 3320 3319
f 3364 3110 3320
f 3364 3323 3110
f 3306 3216 3365
f 3366 3062 3360
f 3367 3368 3369
f 3305 3289 3370
f 3371 3330 3329
f 3366 3225 3227
f 3372 3247 3372
f 3373 3374 3375
f 3376 3377 3378
f 3313 3315 3379
f 3380 3225 3366
f 3334 2951 3381
f 3382 3383 3384
f 3380 3366 3360
f 3385 3322 3386
f 3385 3321 3322
f 3387 3335 3334
f 3388 3324 3326
f 3332 3380 3360
f 3332 3225 3380
f 3340 3339 3176
f 3389 3390 3391
f 3321 3392 3228
f 3393 3264 3251
f 3393 3355 3264
f 3290 3347 3394
f 3395 3336 3338
f 3393 3356 3355
f 3396 3397 3398
f 3080 3358 2998
f 3344 3346 3399
f 3400 3351 3352
f 3401 3402 3403
f 3404 3272 3274
f 3405 3361 3075
f 3406 3168 3290
f 3407 3307 3361
f 3284 3272 3404
f 3407 3361 3405
f 3408 3359 3356
f 3409 3360 3410
f 3362 3287 3411
f 3412 3099 3080
f 3413 3307 3407
f 3414 3099 3412
f 3414 3211 3099
f 3415 3360 3409
f 3363 3319 3307
f 3332 3360 3415
f 3416 3251 3343
f 3417 3391 3418
f 3419 3251 3416
f 3417 3389 3391
f 3370 3289 3420
f 3421 3360 3422
f 3232 3211 3423
f 3424 3371 3329
f 3425 3371 3424
f 3426 3330 3371
f 3427 3305 3370
f 3428 3305 3427
f 3428 3207 3305
f 3387 3429 3430
f 3431 3373 3375
f 3432 3372 3372
f 3433 3251 3419
f 3434 3435 3373
f 3433 3393 3251
f 3387 3334 3381
f 3436 3437 3438
f 3232 3347 3230
f 3406 3176 3168
f 3406 3340 3176
f 3385 3386 3439
f 3440 3347 3232
f 3441 3417 3418
f 3442 3443 3444
f 3445 3080 2998
f 3446 3360 3421
f 3447 3393 3433
f 3405 3075 3335
f 3396 3400 3352
f 3448 3449 3450
f 3400 3451 3452
f 3392 3321 3385
f 3453 3360 3446
f 3412 3080 3445
f 3454 3455 3456
f 3453 3410 3360
f 3392 3267 3228
f 3457 3287 3458
f 3457 3411 3287
f 3459 3267 3392
f 3460 3461 3462
f 3457 3362 3411
f 3463 3417 3441
f 3464 3409 3410
f 3464 3415 3409
f 3423 3211 3414
f 3416 3415 3464
f 3408 3356 3393
f 3343 3415 3416
f 3363 3307 3413
f 3362 3301 3085
f 3465 3419 3416
f 3466 3422 3467
f 3420 3289 3181
f 3468 3364 3320
f 3466 3421 3422
f 3468 3323 3364
f 3469 3323 3468
f 3370 3420 3470
f 3471 3472 3473
f 3474 3433 3419
f 3475 3387 3430
f 3474 3419 3465
f 3474 3447 3433
f 3476 3477 3476
f 3478 3440 3232
f 3479 3387 3475
f 3480 3373 3431
f 3434 3373 3480
f 3440 3290 3394
f 3481 3324 3388
f 3392 3385 3439
f 3445 2998 3482
f 3483 3484 3485
f 3486 3398 3487
f 3340 3406 3290
f 3486 3396 3398
f 3488 3446 3421
f 3340 3290 3440
f 3489 3486 3451
f 3489 3396 3486
f 3489 3400 3396
f 3490 3489 3451
f 3490 3400 3489
f 3490 3451 3400
f 3491 3410 3453
f 3492 3457 3458
f 3493 3423 3414
f 3494 3464 3410
f 3420 3181 3459
f 3494 3416 3464
f 3495 3423 3493
f 3496 3441 3497
f 3498 3499 3500
f 3496 3463 3441
f 3447 3408 3393
f 3474 3465 3416
f 3466 3501 3502
f 3466 3467 3501
f 3503 3301 3362
f 3504 3505 3506
f 3507 3468 3320
f 3508 3509 3510
f 3511 3232 3423
f 3511 3478 3232
f 3512 3469 3468
f 3427 3370 3470
f 3513 3323 3469
f 3514 3424 3329
f 3445 3482 3515
f 3514 3516 3424
f 3517 3392 3439
f 3517 3439 3518
f 3479 3519 3520
f 3483 3485 3521
f 3522 3476 3476
f 3523 3486 3487
f 3524 3486 3523
f 3524 3451 3486
f 3525 3412 3445
f 3526 3492 3458
f 3527 3528 3527
f 3529 3440 3478
f 3530 3496 3497
f 3530 3497 3531
f 3488 3453 3446
f 3532 3335 3387
f 3491 3453 3488
f 3533 3457 3492
f 3534 3420 3459
f 3535 3536 3537
f 3538 3362 3457
f 3538 3457 3539
f 3540 3407 3405
f 3541 3440 3529
f 3542 3447 3474
f 3541 3340 3440
f 3495 3543 3423
f 3538 3503 3362
f 3544 3416 3494
f 3545 3546 3547
f 3548 3416 3544
f 3548 3474 3416
f 3549 3530 3531
f 3543 3511 3423
f 3550 3428 3427
f 3466 3502 3551
f 3540 3413 3407
f 3550 3552 3428
f 3434 3480 3550
f 3553 3511 3543
f 3554 3555 3556
f 3557 3530 3549
f 3558 3547 3559
f 3529 3478 3511
f 3558 3545 3547
f 3512 3468 3507
f 3560 3474 3548
f 3561 3340 3541
f 3562 3392 3517
f 3525 3445 3515
f 3513 3469 3512
f 3525 3515 3563
f 3564 3565 3566
f 3479 3520 3567
f 3466 3488 3421
f 3568 3569 3570
f 3571 3524 3523
f 3074 3488 3466
f 3571 3451 3524
f 3572 3451 3571
f 3573 3434 3574
f 3575 3576 3577
f 3533 3578 3579
f 3580 3527 3527
f 3532 3387 3479
f 3533 3492 3526
f 3581 3392 3562
f 3525 3414 3412
f 3581 3459 3392
f 3582 3576 3575
f 3534 3459 3581
f 3583 3410 3491
f 3584 3457 3533
f 3585 3586 3587
f 3405 3335 3532
f 3582 3575 3577
f 3588 3576 3582
f 3588 2811 3576
f 3583 3494 3410
f 3542 3474 3560
f 3589 3447 3542
f 3589 3590 3447
f 3591 3495 3493
f 3592 3420 3534
f 3593 3594 3595
f 3592 3470 3420
f 3596 3597 3593
f 3466 3551 3598
f 3599 3597 3596
f 3600 3597 3599
f 3601 3427 3470
f 3550 3427 3601
f 3602 3413 3540
f 3146 3511 3603
f 3146 3529 3511
f 3560 3548 3544
f 3604 3605 3606
f 3574 3434 3550
f 3507 3413 3602
f 3153 3541 3529
f 3561 3541 3607
f 3071 3512 3507
f 3608 3517 3518
f 3609 3610 3609
f 3525 3563 3611
f 3612 3513 3512
f 3562 3517 3608
f 3613 3614 3615
f 3076 3513 3612
f 3616 3479 3567
f 3616 3567 3617
f 3618 3523 3487
f 1515 3619 3555
f 3620 3523 3618
f 3621 3571 3523
f 3621 3523 3622
f 3572 3571 3621
f 3623 3579 3624
f 3623 3533 3579
f 3069 3414 3525
f 3111 3494 3583
f 3539 3584 3533
f 3625 3494 3111
f 3626 3627 3628
f 3560 3589 3542
f 2812 3588 3582
f 3629 3630 3631
f 3632 3589 3560
f 3591 3414 3069
f 3591 3493 3414
f 3633 3494 3625
f 3634 3494 3633
f 2812 2811 3588
f 3634 3544 3494
f 3634 3560 3544
f 3635 3636 3637
f 3638 3560 3634
f 3229 3595 3594
f 3229 3639 3640
f 3641 3632 3560
f 3642 3560 3638
f 3643 3644 3645
f 3116 3540 3405
f 3266 3598 3646
f 3266 3466 3598
f 3647 3648 3649
f 3650 3495 3591
f 3115 3540 3116
f 3651 3652 3653
f 3654 3601 3470
f 3655 3656 3657
f 3139 3540 3115
f 3553 3543 3126
f 3658 3593 3595
f 3161 3550 3601
f 3169 3550 3161
f 3139 3602 3540
f 3574 3550 3169
f 3148 3529 3146
f 3148 3146 3145
f 3139 3507 3602
f 3659 3660 3661
f 3153 3529 3148
f 3662 3663 3664
f 3658 3596 3593
f 3665 3609 3609
f 3666 3562 3608
f 3074 3466 3266
f 3667 3668 3663
f 3084 3596 3658
f 3665 3609 3665
f 3063 3611 3669
f 3084 3599 3596
f 3070 3612 3512
f 3063 3525 3611
f 3670 3616 3617
f 3671 3525 3063
f 3672 3673 3674
f 3084 3600 3599
f 3621 3622 1515
f 3097 3600 3084
f 3491 3488 3074
f 3572 3621 3675
f 3676 3677 3678
f 1473 3533 3623
f 3679 3623 3624
f 3616 3532 3479
f 3680 3681 3682
f 3683 3583 3491
f 3100 3581 3562
f 3684 3583 3683
f 3684 3111 3583
f 3534 3581 3100
f 3109 3229 3640
f 3222 3534 3100
f 3222 3592 3534
f 3539 3533 1473
f 3113 3633 3625
f 3141 3592 3222
f 3539 1473 1486
f 3685 3686 3687
f 3229 3658 3595
f 3688 3689 3690
f 3266 3646 3691
f 3126 3146 3553
f 3170 3169 3161
f 3183 3084 3658
f 3169 3573 3574
f 3538 3539 1486
f 3662 3667 3663
f 3692 3668 3667
f 3692 3667 3662
f 3659 3661 3693
f 3068 3694 3066
f 3695 3665 3665
f 3068 3562 3666
f 3140 3507 3139
f 3140 3071 3507
f 3182 3084 3183
f 3082 3084 3182
f 3070 3512 3071
f 3076 3612 3070
f 3083 3097 3084
f 3069 3671 3063
f 3672 3674 3696
f 1513 3554 3697
f 3082 3097 3083
f 3555 3554 1513
f 3098 3097 3082
f 3096 3600 3097
f 3227 3069 3062
f 1515 3555 1513
f 3100 3562 3068
f 3104 3600 3096
f 3675 3621 1515
f 3675 1515 1584
f 3103 3600 3104
f 3451 3675 1584
f 3111 3698 3101
f 3451 3572 3675
f 3227 3591 3069
f 3226 3591 3227
f 3109 3640 3108
f 3103 3131 3600
f 3110 3625 3111
f 3699 3650 3591
f 3113 3625 3110
f 3699 3591 3226
f 3700 3635 3637
f 3701 3634 3633
f 3120 3702 3121
f 3134 3703 3132
f 3704 3638 3634
f 3705 3642 3638
f 3706 3707 3708
f 3144 3146 3126
f 3262 3691 3709
f 3262 3266 3691
f 3144 3126 3125
f 3268 3658 3229
f 3161 3143 3142
f 3161 3601 3143
f 3158 3662 3664
f 3123 3139 3115
f 3157 3662 3158
f 3157 3692 3662
f 3160 3170 3161
f 3710 3692 3157
f 3711 3712 3713
f 3714 3715 3716
f 3064 3063 3669
f 3183 3658 3268
f 3174 3717 3174
f 3177 3573 3169
f 3075 3074 3266
f 3718 3719 3720
f 3721 3722 3723
f 3724 3721 3725
f 3721 3723 3725
f 3726 3727 3728
f 3727 3729 3728
f 3730 3731 3732
f 3733 3726 3734
f 3726 3728 3734
f 3725 3723 3735
f 3736 3733 3737
f 3738 3736 3737
f 3739 3738 3737
f 3733 3734 3737
f 3740 3725 3735
f 3737 3734 3741
f 3730 3732 3742
f 3743 3730 3742
f 3741 3734 3744
f 3740 3735 3745
f 3740 3745 3726
f 3746 3740 3726
f 3733 3746 3726
f 3747 3733 3736
f 3732 3748 3722
f 3726 3749 3727
f 3742 3732 3722
f 3721 3742 3722
f 3750 3751 3752
f 3750 3753 3751
f 3754 3753 3750
f 3754 3755 3753
f 3750 3752 3756
f 3757 3750 3756
f 3757 3756 3758
f 3754 3759 3755
f 3760 3759 3754
f 3757 3758 3761
f 3760 3762 3759
f 3763 3757 3761
f 3763 3761 3764
f 3760 3765 3762
f 3763 3764 3766
f 3767 3768 3765
f 3767 3765 3760
f 3763 3766 3769
f 3767 3770 3768
f 3771 3769 3772
f 3771 3763 3769
f 3771 3772 3773
f 3771 3773 3774
f 3775 3770 3767
f 3776 3771 3774
f 3777 3776 3774
f 3778 3775 3767
f 3779 3775 3778
f 3780 3776 3777
f 3781 3780 3777
f 3782 3779 3778
f 3783 3782 3778
f 3784 3780 3781
f 3785 3782 3783
f 3786 3780 3784
f 3787 3786 3784
f 3788 3785 3783
f 3789 3785 3788
f 3790 3789 3788
f 3791 3786 3787
f 3791 3792 3786
f 3793 3789 3790
f 3794 3792 3791
f 3794 3795 3792
f 3796 3793 3790
f 3797 3793 3796
f 3798 3795 3794
f 3799 3795 3798
f 3800 3796 3801
f 3800 3797 3796
f 3799 3802 3795
f 3803 3800 3801
f 3804 3802 3799
f 3803 3801 3805
f 3806 3802 3804
f 3807 3803 3805
f 3806 3808 3802
f 3809 3807 3805
f 3810 3811 3808
f 3810 3808 3806
f 3812 3805 3813
f 3812 3809 3805
f 3814 3811 3810
f 3815 3812 3813
f 3816 3813 3817
f 3816 3815 3813
f 3818 3817 3811
f 3818 3811 3814
f 3816 3817 3818
f 3819 3820 3821
f 3822 3823 3824
f 3822 3825 3823
f 3826 1303 1302
f 3827 3822 3824
f 3828 3822 3827
f 3821 3829 3819
f 3830 3826 1302
f 3831 3829 3821
f 3830 3832 3826
f 3833 3828 3827
f 3834 3831 3821
f 3835 3828 3833
f 3836 3832 3830
f 3821 3837 3834
f 3821 3838 3837
f 3821 3839 3838
f 1605 1604 3840
f 3841 3832 3836
f 3842 3843 3844
f 3845 3843 3842
f 3846 3845 3842
f 3847 3846 3842
f 3848 3846 3847
f 3836 3849 3841
f 3850 3848 3847
f 3851 3848 3850
f 3852 3851 3850
f 3853 3852 3850
f 3854 3852 3853
f 1938 3853 3855
f 1938 3854 3853
f 3856 3849 3836
f 3856 3857 3849
f 1936 1938 3855
f 3858 3855 3859
f 3858 1936 3855
f 3860 3857 3856
f 3861 3858 3859
f 3862 3859 3823
f 3821 3860 3856
f 3862 3861 3859
f 3820 3860 3821
f 3825 3862 3823
f 3863 3864 3865
f 3866 3867 3868
f 3863 3865 3869
f 3867 3870 3871
f 3870 3872 3871
f 3868 3867 3871
f 3873 3863 3869
f 3873 3869 3874
f 3875 3873 3874
f 3876 3875 3874
f 3876 3874 3877
f 3878 3879 3880
f 3879 3881 3880
f 3876 3877 3882
f 3878 3880 3883
f 3884 3876 3882
f 3885 3878 3864
f 3878 3883 3864
f 3886 3884 3887
f 3884 3882 3887
f 3863 3885 3864
f 3888 3889 3890
f 3889 3866 3890
f 3870 3886 3872
f 3886 3887 3872
f 3890 3866 3868
f 3891 3892 3893
f 3894 3895 3896
f 3897 3898 3899
f 3897 3899 3900
f 3901 3897 3900
f 3902 3901 3900
f 3902 3900 3903
f 3904 3903 3905
f 3904 3902 3903
f 3906 3907 3908
f 3909 3908 3910
f 3908 3907 3910
f 3909 3910 3911
f 3912 3909 3911
f 3913 3914 3915
f 3916 3913 3915
f 3917 3918 3919
f 3920 3921 3922
f 3917 3919 3923
f 3924 3925 3926
f 3927 3928 3929
f 3930 3927 3929
f 3931 3932 3933
f 3934 3935 3936
f 3918 3934 3919
f 3918 3935 3934
f 3937 3938 3939
f 3940 3937 3939
f 3940 3939 3941
f 3942 3940 3941
f 3942 3941 3943
f 3944 3942 3943
f 3944 3943 3945
f 3946 3944 3945
f 3946 3945 3947
f 3946 3947 3948
f 3949 3946 3948
f 3949 3948 3950
f 3951 3949 3950
f 3952 3951 3950
f 3953 3954 3955
f 3956 3953 3955
f 3957 3955 3958
f 3957 3956 3955
f 3957 3958 3959
f 3960 3957 3959
f 3960 3959 3961
f 3962 3960 3961
f 3962 3961 3963
f 3964 3962 3963
f 3964 3963 3965
f 3966 3964 3965
f 3966 3965 3967
f 3968 3966 3967
f 3969 3970 3971
f 3972 3973 3974
f 3975 3969 3971
f 3976 3977 3978
f 3976 3978 3979
f 3980 3970 3969
f 3972 3981 3973
f 3980 3982 3970
f 3976 3979 3981
f 3972 3976 3981
f 3975 3971 3983
f 3984 3975 3983
f 3985 3982 3980
f 3985 3986 3982
f 3987 3984 3983
f 3988 3986 3985
f 3989 3984 3987
f 3990 3986 3988
f 3991 3989 3987
f 3992 3989 3991
f 3993 3990 3988
f 3994 3993 3988
f 3995 3992 3991
f 3996 3992 3995
f 3977 3993 3994
f 3978 3977 3994
f 3974 3996 3995
f 3974 3973 3996
f 3997 3998 3999
f 3999 3998 4000
f 4001 4002 4003
f 4004 4005 4006
f 4004 4006 4007
f 4005 4008 4009
f 4006 4005 4009
f 3998 4010 4000
f 4001 4003 4011
f 4010 4001 4011
f 4004 4007 4012
f 4013 4004 4012
f 4000 4010 4011
f 4008 4014 4009
f 4009 4014 4015
f 4013 4012 4016
f 4013 4016 4017
f 4015 4014 4018
f 4017 4016 4019
f 4015 4018 4020
f 4017 4019 4021
f 4021 4019 3997
f 4020 4018 4022
f 4022 4018 4023
f 4022 4023 4002
f 4021 3997 3999
f 4002 4023 4003
f 3968 3967 4024
f 4025 3968 4024
f 4025 4024 4026
f 4027 4025 4026
f 4027 4026 4028
f 4029 4027 4028
f 4029 4028 4030
f 4029 4030 4031
f 4032 4029 4031
f 4033 4032 4031
f 4033 4031 4034
f 3953 4033 4034
f 3953 4034 3954
f 3952 3950 4035
f 4036 3952 4035
f 4036 4035 4037
f 4036 4037 4038
f 4039 4036 4038
f 4040 4039 4038
f 4040 4038 4041
f 4040 4041 4042
f 4043 4040 4042
f 4043 4042 4044
f 4045 4043 4044
f 3938 4045 4044
f 3938 4044 4046
f 3938 4046 3939
f 4047 4048 4049
f 4050 4047 4049
f 4050 4049 4051
f 4052 4050 4051
f 4053 4052 4054
f 4052 4051 4054
f 4055 4053 4054
f 4055 4054 4056
f 4057 4055 4056
f 4057 4056 4058
f 4059 4057 4058
f 4059 4058 4060
f 4061 4059 4060
f 4061 4060 4062
f 4063 4064 4065
f 4063 4065 4066
f 4067 4063 4066
f 4067 4066 4068
f 4069 4067 4068
f 4070 4069 4068
f 4070 4068 4071
f 4072 4071 4073
f 4072 4070 4071
f 4072 4073 4074
f 4075 4072 4074
f 4076 4075 4074
f 4076 4074 4077
f 4078 4076 4077
f 4079 4080 4081
f 4079 4081 4082
f 4082 4081 4083
f 4084 4085 4086
f 4087 4088 4089
f 4087 4085 4084
f 4090 4082 4083
f 4087 4089 4085
f 4091 4092 4080
f 4091 4080 4079
f 4093 4090 4083
f 4094 4092 4091
f 4095 4093 4083
f 4096 4094 4091
f 4097 4093 4095
f 4098 4094 4096
f 4099 4097 4095
f 4100 4097 4099
f 4101 4094 4098
f 4102 4100 4099
f 4103 4101 4098
f 4104 4100 4102
f 4105 4101 4103
f 4084 4104 4102
f 4088 4105 4103
f 4088 4103 4089
f 4084 4086 4104
f 4106 4107 4108
f 4109 4110 4111
f 4112 4113 4114
f 4114 4113 4115
f 4109 4111 4116
f 4108 4107 4116
f 4117 4112 4114
f 4107 4109 4116
f 4117 4114 4118
f 4113 4119 4115
f 4117 4118 4120
f 4115 4119 4121
f 4119 4122 4121
f 4117 4120 4123
f 4121 4122 4124
f 4123 4120 4125
f 4124 4122 4126
f 4123 4125 4127
f 4124 4126 4128
f 4128 4126 4129
f 4127 4125 4130
f 4127 4130 4131
f 4128 4129 4132
f 4132 4129 4133
f 4131 4130 4106
f 4110 4132 4133
f 4110 4133 4111
f 4131 4106 4108
f 4078 4077 4134
f 4135 4078 4134
f 4135 4134 4136
f 4135 4136 4137
f 4138 4135 4137
f 4138 4137 4139
f 4140 4138 4139
f 4141 4142 4143
f 4141 4143 4144
f 4141 4144 4145
f 4146 4141 4145
f 4146 4145 4065
f 4064 4146 4065
f 4147 4061 4062
f 4147 4062 4148
f 4149 4147 4148
f 4149 4148 4150
f 4151 4149 4150
f 4151 4150 4152
f 4151 4152 4153
f 4154 4151 4153
f 4154 4153 4155
f 4156 4154 4155
f 4156 4155 4157
f 4158 4156 4157
f 4158 4157 4048
f 4047 4158 4048

