mtllib material.mtl
usemtl material_upperarm_1
v 0.03174602 0.04365026 0.01942861
v 0.03272140 0.04365026 0.02008980
v 0.03236359 0.05200409 0.01994848
v 0.03174602 0.04365026 0.01942861
v 0.03236359 0.05200409 0.01994848
v 0.03175687 0.05200177 0.01940041
v 0.03458476 0.04365026 0.01851159
v 0.03456455 0.05200070 0.01856333
v 0.03427565 0.05199861 0.01950109
v 0.03403103 0.04365026 0.01981687
v 0.03458476 0.04365026 0.01851159
v 0.03427565 0.05199861 0.01950109
v 0.03174602 0.04365026 0.01942861
v 0.03175687 0.05200177 0.01940041
v 0.03152322 0.05201071 0.01859587
v 0.03157258 0.04365026 0.01810443
v 0.03174602 0.04365026 0.01942861
v 0.03152322 0.05201071 0.01859587
v 0.03403103 0.04365026 0.01981687
v 0.03427565 0.05199861 0.01950109
v 0.03334242 0.05201280 0.02011507
v 0.03272140 0.04365026 0.02008980
v 0.03403103 0.04365026 0.01981687
v 0.03334242 0.05201280 0.02011507
v 0.03272140 0.04365026 0.02008980
v 0.03334242 0.05201280 0.02011507
v 0.03236359 0.05200409 0.01994848
v 0.03468436 0.05324625 0.02082157
v 0.03334242 0.05201280 0.02011507
v 0.03427565 0.05199861 0.01950109
v 0.03468436 0.05324625 0.02082157
v 0.03352195 0.05326098 0.02133828
v 0.03334242 0.05201280 0.02011507
v 0.03427565 0.05199861 0.01950109
v 0.03552573 0.05325675 0.01985335
v 0.03468436 0.05324625 0.02082157
v 0.03552573 0.05325675 0.01985335
v 0.03427565 0.05199861 0.01950109
v 0.03579330 0.05323535 0.01891487
v 0.03456455 0.05200070 0.01856333
v 0.03579330 0.05323535 0.01891487
v 0.03427565 0.05199861 0.01950109
v 0.03441411 0.05201143 0.01793050
v 0.03579330 0.05323535 0.01891487
v 0.03456455 0.05200070 0.01856333
v 0.03441411 0.05201143 0.01793050
v 0.03554946 0.05322587 0.01737910
v 0.03579330 0.05323535 0.01891487
v 0.03554946 0.05322587 0.01737910
v 0.03441411 0.05201143 0.01793050
v 0.03386294 0.05200242 0.01731610
v 0.03459882 0.05325341 0.01627421
v 0.03554946 0.05322587 0.01737910
v 0.03386294 0.05200242 0.01731610
v 0.03386294 0.05200242 0.01731610
v 0.03336232 0.05325311 0.01585036
v 0.03459882 0.05325341 0.01627421
v 0.03386294 0.05200242 0.01731610
v 0.03324872 0.05200260 0.01709353
v 0.03336232 0.05325311 0.01585036
v 0.03040397 0.05323547 0.01937979
v 0.03053313 0.05365025 0.01978665
v 0.03027760 0.05365025 0.01848888
v 0.03029263 0.05324566 0.01830804
v 0.03040397 0.05323547 0.01937979
v 0.03027760 0.05365025 0.01848888
v 0.03552573 0.05325675 0.01985335
v 0.03579330 0.05323535 0.01891487
v 0.03575325 0.05365025 0.01921975
v 0.03241086 0.05325269 0.02128303
v 0.03352195 0.05326098 0.02133828
v 0.03347349 0.05365031 0.02138531
v 0.03241086 0.05325269 0.02128303
v 0.03347349 0.05365031 0.02138531
v 0.03156960 0.05365020 0.02096301
v 0.03552573 0.05325675 0.01985335
v 0.03575325 0.05365025 0.01921975
v 0.03508639 0.05365020 0.02048438
v 0.03106248 0.05325841 0.02057415
v 0.03241086 0.05325269 0.02128303
v 0.03156960 0.05365020 0.02096301
v 0.03468436 0.05324625 0.02082157
v 0.03552573 0.05325675 0.01985335
v 0.03508639 0.05365020 0.02048438
v 0.03106248 0.05325841 0.02057415
v 0.03156960 0.05365020 0.02096301
v 0.03053313 0.05365025 0.01978665
v 0.03468436 0.05324625 0.02082157
v 0.03508639 0.05365020 0.02048438
v 0.03347349 0.05365031 0.02138531
v 0.03352195 0.05326098 0.02133828
v 0.03468436 0.05324625 0.02082157
v 0.03347349 0.05365031 0.02138531
v 0.03040397 0.05323547 0.01937979
v 0.03106248 0.05325841 0.02057415
v 0.03053313 0.05365025 0.01978665
v 0.03385132 0.04365026 0.01723450
v 0.03324872 0.05200260 0.01709353
v 0.03386294 0.05200242 0.01731610
v 0.03385132 0.04365026 0.01723450
v 0.03386294 0.05200242 0.01731610
v 0.03441411 0.05201143 0.01793050
v 0.03157258 0.04365026 0.01810443
v 0.03152322 0.05201071 0.01859587
v 0.03174746 0.05200332 0.01778417
v 0.03458476 0.04365026 0.01851159
v 0.03385132 0.04365026 0.01723450
v 0.03441411 0.05201143 0.01793050
v 0.03458476 0.04365026 0.01851159
v 0.03441411 0.05201143 0.01793050
v 0.03456455 0.05200070 0.01856333
v 0.03243452 0.04365026 0.01718676
v 0.03157258 0.04365026 0.01810443
v 0.03174746 0.05200332 0.01778417
v 0.03243452 0.04365026 0.01718676
v 0.03174746 0.05200332 0.01778417
v 0.03250634 0.05200350 0.01717436
v 0.03243452 0.04365026 0.01718676
v 0.03250634 0.05200350 0.01717436
v 0.03324872 0.05200260 0.01709353
v 0.03385132 0.04365026 0.01723450
v 0.03243452 0.04365026 0.01718676
v 0.03324872 0.05200260 0.01709353
v 0.03157258 0.04365026 0.01810443
v 0.03243452 0.04365026 0.01718676
v 0.03174602 0.04365026 0.01942861
v 0.03385132 0.04365026 0.01723450
v 0.03403103 0.04365026 0.01981687
v 0.03272140 0.04365026 0.02008980
v 0.03458476 0.04365026 0.01851159
v 0.03250634 0.05200350 0.01717436
v 0.03155803 0.05324268 0.01627206
v 0.03232038 0.05324172 0.01592588
v 0.03155803 0.05324268 0.01627206
v 0.03250634 0.05200350 0.01717436
v 0.03174746 0.05200332 0.01778417
v 0.03069216 0.05324769 0.01711189
v 0.03155803 0.05324268 0.01627206
v 0.03174746 0.05200332 0.01778417
v 0.03029263 0.05324566 0.01830804
v 0.03069216 0.05324769 0.01711189
v 0.03174746 0.05200332 0.01778417
v 0.03029263 0.05324566 0.01830804
v 0.03174746 0.05200332 0.01778417
v 0.03152322 0.05201071 0.01859587
v 0.03175687 0.05200177 0.01940041
v 0.03040397 0.05323547 0.01937979
v 0.03152322 0.05201071 0.01859587
v 0.03152322 0.05201071 0.01859587
v 0.03040397 0.05323547 0.01937979
v 0.03029263 0.05324566 0.01830804
v 0.03175687 0.05200177 0.01940041
v 0.03106248 0.05325841 0.02057415
v 0.03040397 0.05323547 0.01937979
v 0.03106248 0.05325841 0.02057415
v 0.03175687 0.05200177 0.01940041
v 0.03236359 0.05200409 0.01994848
v 0.03232038 0.05324172 0.01592588
v 0.03336232 0.05325311 0.01585036
v 0.03324872 0.05200260 0.01709353
v 0.03241086 0.05325269 0.02128303
v 0.03334242 0.05201280 0.02011507
v 0.03352195 0.05326098 0.02133828
v 0.03241086 0.05325269 0.02128303
v 0.03236359 0.05200409 0.01994848
v 0.03334242 0.05201280 0.02011507
v 0.03236359 0.05200409 0.01994848
v 0.03241086 0.05325269 0.02128303
v 0.03106248 0.05325841 0.02057415
v 0.03232038 0.05324172 0.01592588
v 0.03324872 0.05200260 0.01709353
v 0.03250634 0.05200350 0.01717436
v 0.03579330 0.05323535 0.01891487
v 0.03554946 0.05322587 0.01737910
v 0.03560197 0.05365025 0.01738113
v 0.03579330 0.05323535 0.01891487
v 0.03560197 0.05365025 0.01738113
v 0.03575325 0.05365025 0.01921975
v 0.03336232 0.05325311 0.01585036
v 0.03232038 0.05324172 0.01592588
v 0.03240859 0.05365031 0.01584249
v 0.03029263 0.05324566 0.01830804
v 0.03027760 0.05365025 0.01848888
v 0.03072530 0.05365025 0.01702237
v 0.03336232 0.05325311 0.01585036
v 0.03240859 0.05365031 0.01584249
v 0.03423851 0.05365025 0.01608067
v 0.03069216 0.05324769 0.01711189
v 0.03029263 0.05324566 0.01830804
v 0.03072530 0.05365025 0.01702237
v 0.03459882 0.05325341 0.01627421
v 0.03336232 0.05325311 0.01585036
v 0.03423851 0.05365025 0.01608067
v 0.03459882 0.05325341 0.01627421
v 0.03423851 0.05365025 0.01608067
v 0.03560197 0.05365025 0.01738113
v 0.03155803 0.05324268 0.01627206
v 0.03069216 0.05324769 0.01711189
v 0.03072530 0.05365025 0.01702237
v 0.03155803 0.05324268 0.01627206
v 0.03072530 0.05365025 0.01702237
v 0.03240859 0.05365031 0.01584249
v 0.03554946 0.05322587 0.01737910
v 0.03459882 0.05325341 0.01627421
v 0.03560197 0.05365025 0.01738113
v 0.03232038 0.05324172 0.01592588
v 0.03155803 0.05324268 0.01627206
v 0.03240859 0.05365031 0.01584249
v 0.03305000 0.05365025 0.01997131
v 0.03156960 0.05365020 0.02096301
v 0.03347349 0.05365031 0.02138531
v 0.03423851 0.05365025 0.01608067
v 0.03240859 0.05365031 0.01584249
v 0.03299844 0.05365025 0.01725834
v 0.03434509 0.05365025 0.01784378
v 0.03422635 0.05365025 0.01922035
v 0.03560197 0.05365025 0.01738113
v 0.03174704 0.05365025 0.01784378
v 0.03575325 0.05365025 0.01921975
v 0.03027760 0.05365025 0.01848888
v 0.03196704 0.05365025 0.01859366
v 0.03053313 0.05365025 0.01978665
v 0.03174704 0.05365025 0.01934379
v 0.03358548 0.05365025 0.01765936
v 0.03358548 0.05365025 0.01952821
v 0.03508639 0.05365020 0.02048438
v 0.03072530 0.05365025 0.01702237
v 0.03358548 0.05365025 0.01765936
v 0.03304594 0.05282038 0.01709365
v 0.03417879 0.05282038 0.01788479
v 0.03358548 0.05365025 0.01765936
v 0.03299844 0.05365025 0.01725834
v 0.03304594 0.05282038 0.01709365
v 0.03434509 0.05365025 0.01784378
v 0.03358548 0.05365025 0.01765936
v 0.03417879 0.05282038 0.01788479
v 0.03434509 0.05365025 0.01784378
v 0.03417879 0.05282038 0.01788479
v 0.03412503 0.05282038 0.01859366
v 0.03422635 0.05365025 0.01922035
v 0.03434509 0.05365025 0.01784378
v 0.03412503 0.05282038 0.01859366
v 0.03422635 0.05365025 0.01922035
v 0.03412503 0.05282038 0.01859366
v 0.03434509 0.05282038 0.01934379
v 0.03358548 0.05365025 0.01952821
v 0.03434509 0.05282038 0.01934379
v 0.03304219 0.05282038 0.01997131
v 0.03358548 0.05365025 0.01952821
v 0.03422635 0.05365025 0.01922035
v 0.03434509 0.05282038 0.01934379
v 0.03305000 0.05365025 0.01997131
v 0.03358548 0.05365025 0.01952821
v 0.03304219 0.05282038 0.01997131
v 0.03305000 0.05365025 0.01997131
v 0.03304219 0.05282038 0.01997131
v 0.03250658 0.05282038 0.01952821
v 0.03174704 0.05365025 0.01934379
v 0.03250658 0.05282038 0.01952821
v 0.03186553 0.05282038 0.01922035
v 0.03174704 0.05365025 0.01934379
v 0.03305000 0.05365025 0.01997131
v 0.03250658 0.05282038 0.01952821
v 0.03196704 0.05365025 0.01859366
v 0.03174704 0.05365025 0.01934379
v 0.03186553 0.05282038 0.01922035
v 0.03196704 0.05365025 0.01859366
v 0.03186553 0.05282038 0.01922035
v 0.03174704 0.05282038 0.01784378
v 0.03174704 0.05365025 0.01784378
v 0.03196704 0.05365025 0.01859366
v 0.03174704 0.05282038 0.01784378
v 0.03174704 0.05365025 0.01784378
v 0.03174704 0.05282038 0.01784378
v 0.03250658 0.05282038 0.01765936
v 0.03299844 0.05365025 0.01725834
v 0.03174704 0.05365025 0.01784378
v 0.03250658 0.05282038 0.01765936
v 0.03299844 0.05365025 0.01725834
v 0.03250658 0.05282038 0.01765936
v 0.03304594 0.05282038 0.01709365
v 0.03250658 0.05282038 0.01765936
v 0.03417879 0.05282038 0.01788479
v 0.03304594 0.05282038 0.01709365
v 0.03412503 0.05282038 0.01859366
v 0.03304219 0.05282038 0.01997131
v 0.03434509 0.05282038 0.01934379
v 0.03186553 0.05282038 0.01922035
v 0.03174704 0.05282038 0.01784378
v 0.03250658 0.05282038 0.01952821
v -0.00095518 0.03515028 -0.03731358
v -0.00001004 0.04351037 -0.03689301
v -0.00092530 0.04350095 -0.03729653
v -0.00095518 0.03515028 -0.03731358
v 0.00047294 0.03515028 -0.03686261
v -0.00001004 0.04351037 -0.03689301
v 0.00157183 0.03515028 -0.03784364
v 0.00166786 0.04350143 -0.03835862
v 0.00136137 0.04350399 -0.03751718
v -0.00095518 0.03515028 -0.03731358
v -0.00092530 0.04350095 -0.03729653
v -0.00137311 0.04350382 -0.03820544
v -0.00140810 0.03515028 -0.03865629
v -0.00095518 0.03515028 -0.03731358
v -0.00137311 0.04350382 -0.03820544
v 0.00047294 0.03515028 -0.03686261
v 0.00136137 0.04350399 -0.03751718
v 0.00080511 0.04348325 -0.03704375
v 0.00047294 0.03515028 -0.03686261
v 0.00157183 0.03515028 -0.03784364
v 0.00136137 0.04350399 -0.03751718
v 0.00047294 0.03515028 -0.03686261
v 0.00080511 0.04348325 -0.03704375
v -0.00001004 0.04351037 -0.03689301
v 0.00080511 0.04348325 -0.03704375
v 0.00173205 0.04474151 -0.03613120
v 0.00053960 0.04475843 -0.03566735
v 0.00136137 0.04350399 -0.03751718
v 0.00173205 0.04474151 -0.03613120
v 0.00080511 0.04348325 -0.03704375
v 0.00173205 0.04474151 -0.03613120
v 0.00136137 0.04350399 -0.03751718
v 0.00263828 0.04475229 -0.03721261
v 0.00166786 0.04350143 -0.03835862
v 0.00263828 0.04475229 -0.03721261
v 0.00136137 0.04350399 -0.03751718
v 0.00166786 0.04350143 -0.03835862
v 0.00268882 0.04475581 -0.03947383
v 0.00290483 0.04474914 -0.03848630
v 0.00136137 0.04351842 -0.03933823
v 0.00268882 0.04475581 -0.03947383
v 0.00166786 0.04350143 -0.03835862
v 0.00055592 0.04350143 -0.03985691
v 0.00128329 0.04474920 -0.04092574
v 0.00191468 0.04475229 -0.04054152
v 0.00002339 0.04476922 -0.04119914
v 0.00128329 0.04474920 -0.04092574
v 0.00055592 0.04350143 -0.03985691
v 0.00053960 0.04475843 -0.03566735
v -0.00001004 0.04351037 -0.03689301
v 0.00080511 0.04348325 -0.03704375
v 0.00002339 0.04476922 -0.04119914
v 0.00055592 0.04350143 -0.03985691
v -0.00028656 0.04352682 -0.03989791
v 0.00166786 0.04350143 -0.03835862
v 0.00290483 0.04474914 -0.03848630
v 0.00263828 0.04475229 -0.03721261
v 0.00191468 0.04475229 -0.04054152
v 0.00136137 0.04351842 -0.03933823
v 0.00055592 0.04350143 -0.03985691
v 0.00136137 0.04351842 -0.03933823
v 0.00191468 0.04475229 -0.04054152
v 0.00268882 0.04475581 -0.03947383
v -0.00262129 0.04475194 -0.03817874
v -0.00219780 0.04472255 -0.03690844
v -0.00247890 0.04515027 -0.03740048
v -0.00262129 0.04475194 -0.03817874
v -0.00247890 0.04515027 -0.03740048
v -0.00258386 0.04515027 -0.03892695
v -0.00052476 0.04475110 -0.03572183
v 0.00053960 0.04475843 -0.03566735
v 0.00066744 0.04515027 -0.03564590
v 0.00263828 0.04475229 -0.03721261
v 0.00290483 0.04474914 -0.03848630
v 0.00287515 0.04515027 -0.03788071
v -0.00052476 0.04475110 -0.03572183
v 0.00066744 0.04515027 -0.03564590
v -0.00125343 0.04515027 -0.03597265
v 0.00263828 0.04475229 -0.03721261
v 0.00287515 0.04515027 -0.03788071
v 0.00217742 0.04515027 -0.03651541
v -0.00138771 0.04475063 -0.03609657
v -0.00052476 0.04475110 -0.03572183
v -0.00125343 0.04515027 -0.03597265
v 0.00173205 0.04474151 -0.03613120
v 0.00263828 0.04475229 -0.03721261
v 0.00217742 0.04515027 -0.03651541
v -0.00219780 0.04472255 -0.03690844
v -0.00138771 0.04475063 -0.03609657
v -0.00125343 0.04515027 -0.03597265
v -0.00219780 0.04472255 -0.03690844
v -0.00125343 0.04515027 -0.03597265
v -0.00247890 0.04515027 -0.03740048
v 0.00173205 0.04474151 -0.03613120
v 0.00217742 0.04515027 -0.03651541
v 0.00066744 0.04515027 -0.03564590
v 0.00053960 0.04475843 -0.03566735
v 0.00173205 0.04474151 -0.03613120
v 0.00066744 0.04515027 -0.03564590
v 0.00103420 0.03515028 -0.03965073
v 0.00055592 0.04350143 -0.03985691
v 0.00136137 0.04351842 -0.03933823
v -0.00140810 0.03515028 -0.03865629
v -0.00137311 0.04350382 -0.03820544
v -0.00121617 0.04350364 -0.03912079
v 0.00158495 0.03515028 -0.03885906
v 0.00103420 0.03515028 -0.03965073
v 0.00136137 0.04351842 -0.03933823
v 0.00158495 0.03515028 -0.03885906
v 0.00136137 0.04351842 -0.03933823
v 0.00166786 0.04350143 -0.03835862
v -0.00068703 0.03515028 -0.03968924
v -0.00140810 0.03515028 -0.03865629
v -0.00121617 0.04350364 -0.03912079
v -0.00068703 0.03515028 -0.03968924
v -0.00121617 0.04350364 -0.03912079
v -0.00028656 0.04352682 -0.03989791
v 0.00157183 0.03515028 -0.03784364
v 0.00158495 0.03515028 -0.03885906
v 0.00166786 0.04350143 -0.03835862
v 0.00013715 0.03515028 -0.03992056
v -0.00068703 0.03515028 -0.03968924
v -0.00028656 0.04352682 -0.03989791
v 0.00013715 0.03515028 -0.03992056
v -0.00028656 0.04352682 -0.03989791
v 0.00055592 0.04350143 -0.03985691
v 0.00103420 0.03515028 -0.03965073
v 0.00013715 0.03515028 -0.03992056
v 0.00055592 0.04350143 -0.03985691
v 0.00103420 0.03515028 -0.03965073
v 0.00158495 0.03515028 -0.03885906
v -0.00068703 0.03515028 -0.03968924
v 0.00013715 0.03515028 -0.03992056
v 0.00157183 0.03515028 -0.03784364
v -0.00140810 0.03515028 -0.03865629
v 0.00047294 0.03515028 -0.03686261
v -0.00095518 0.03515028 -0.03731358
v -0.00028656 0.04352682 -0.03989791
v -0.00147307 0.04475623 -0.04067200
v 0.00002339 0.04476922 -0.04119914
v -0.00137311 0.04350382 -0.03820544
v -0.00262129 0.04475194 -0.03817874
v -0.00121617 0.04350364 -0.03912079
v -0.00219780 0.04472255 -0.03690844
v -0.00262129 0.04475194 -0.03817874
v -0.00137311 0.04350382 -0.03820544
v -0.00219780 0.04472255 -0.03690844
v -0.00137311 0.04350382 -0.03820544
v -0.00092530 0.04350095 -0.03729653
v -0.00092530 0.04350095 -0.03729653
v -0.00138771 0.04475063 -0.03609657
v -0.00219780 0.04472255 -0.03690844
v -0.00092530 0.04350095 -0.03729653
v -0.00052476 0.04475110 -0.03572183
v -0.00138771 0.04475063 -0.03609657
v -0.00052476 0.04475110 -0.03572183
v -0.00092530 0.04350095 -0.03729653
v -0.00001004 0.04351037 -0.03689301
v -0.00001004 0.04351037 -0.03689301
v 0.00053960 0.04475843 -0.03566735
v -0.00052476 0.04475110 -0.03572183
v -0.00121617 0.04350364 -0.03912079
v -0.00147307 0.04475623 -0.04067200
v -0.00028656 0.04352682 -0.03989791
v -0.00121617 0.04350364 -0.03912079
v -0.00242907 0.04475146 -0.03948158
v -0.00147307 0.04475623 -0.04067200
v -0.00121617 0.04350364 -0.03912079
v -0.00262129 0.04475194 -0.03817874
v -0.00242907 0.04475146 -0.03948158
v 0.00002339 0.04476922 -0.04119914
v -0.00095129 0.04515027 -0.04094225
v 0.00024269 0.04515033 -0.04119205
v 0.00290483 0.04474914 -0.03848630
v 0.00268882 0.04475581 -0.03947383
v 0.00266921 0.04515027 -0.03960770
v 0.00290483 0.04474914 -0.03848630
v 0.00266921 0.04515027 -0.03960770
v 0.00287515 0.04515027 -0.03788071
v -0.00242907 0.04475146 -0.03948158
v -0.00262129 0.04475194 -0.03817874
v -0.00258386 0.04515027 -0.03892695
v -0.00242907 0.04475146 -0.03948158
v -0.00258386 0.04515027 -0.03892695
v -0.00198108 0.04515027 -0.04022449
v 0.00128329 0.04474920 -0.04092574
v 0.00024269 0.04515033 -0.04119205
v 0.00160390 0.04515027 -0.04075956
v 0.00128329 0.04474920 -0.04092574
v 0.00002339 0.04476922 -0.04119914
v 0.00024269 0.04515033 -0.04119205
v -0.00147307 0.04475623 -0.04067200
v -0.00242907 0.04475146 -0.03948158
v -0.00198108 0.04515027 -0.04022449
v 0.00191468 0.04475229 -0.04054152
v 0.00128329 0.04474920 -0.04092574
v 0.00160390 0.04515027 -0.04075956
v 0.00191468 0.04475229 -0.04054152
v 0.00160390 0.04515027 -0.04075956
v 0.00266921 0.04515027 -0.03960770
v -0.00147307 0.04475623 -0.04067200
v -0.00198108 0.04515027 -0.04022449
v -0.00095129 0.04515027 -0.04094225
v 0.00268882 0.04475581 -0.03947383
v 0.00191468 0.04475229 -0.04054152
v 0.00266921 0.04515027 -0.03960770
v 0.00002339 0.04476922 -0.04119914
v -0.00147307 0.04475623 -0.04067200
v -0.00095129 0.04515027 -0.04094225
v 0.00024269 0.04515033 -0.04119205
v -0.00095129 0.04515027 -0.04094225
v 0.00008949 0.04515027 -0.03974163
v 0.00014103 0.04515027 -0.03702861
v -0.00125343 0.04515027 -0.03597265
v 0.00066744 0.04515027 -0.03564590
v 0.00160390 0.04515027 -0.04075956
v -0.00198108 0.04515027 -0.04022449
v -0.00116187 0.04515027 -0.03915601
v 0.00143611 0.04515027 -0.03915601
v 0.00121617 0.04515027 -0.03840613
v 0.00287515 0.04515027 -0.03788071
v 0.00266921 0.04515027 -0.03960770
v -0.00258386 0.04515027 -0.03892695
v -0.00094190 0.04515027 -0.03840613
v 0.00126982 0.04515027 -0.03769701
v -0.00247890 0.04515027 -0.03740048
v -0.00116187 0.04515027 -0.03765606
v 0.00067666 0.04515027 -0.03934043
v 0.00217742 0.04515027 -0.03651541
v 0.00067666 0.04515027 -0.03934043
v 0.00013714 0.04432040 -0.03990614
v 0.00126982 0.04432040 -0.03911513
v 0.00067666 0.04515027 -0.03934043
v 0.00008949 0.04515027 -0.03974163
v 0.00013714 0.04432040 -0.03990614
v 0.00143611 0.04515027 -0.03915601
v 0.00067666 0.04515027 -0.03934043
v 0.00126982 0.04432040 -0.03911513
v 0.00143611 0.04515027 -0.03915601
v 0.00126982 0.04432040 -0.03911513
v 0.00126064 0.04432040 -0.03783869
v 0.00121617 0.04515027 -0.03840613
v 0.00143611 0.04515027 -0.03915601
v 0.00126064 0.04432040 -0.03783869
v 0.00126982 0.04515027 -0.03769701
v 0.00121617 0.04515027 -0.03840613
v 0.00126064 0.04432040 -0.03783869
v 0.00126982 0.04515027 -0.03769701
v 0.00126064 0.04432040 -0.03783869
v 0.00067666 0.04432040 -0.03747165
v 0.00014103 0.04515027 -0.03702861
v 0.00067666 0.04432040 -0.03747165
v 0.00006672 0.04432040 -0.03714931
v 0.00014103 0.04515027 -0.03702861
v 0.00126982 0.04515027 -0.03769701
v 0.00067666 0.04432040 -0.03747165
v -0.00116187 0.04515027 -0.03765606
v 0.00006672 0.04432040 -0.03714931
v -0.00104326 0.04432040 -0.03777951
v -0.00116187 0.04515027 -0.03765606
v 0.00014103 0.04515027 -0.03702861
v 0.00006672 0.04432040 -0.03714931
v -0.00094190 0.04515027 -0.03840613
v -0.00116187 0.04515027 -0.03765606
v -0.00104326 0.04432040 -0.03777951
v -0.00094190 0.04515027 -0.03840613
v -0.00104326 0.04432040 -0.03777951
v -0.00116187 0.04432040 -0.03915601
v -0.00116187 0.04515027 -0.03915601
v -0.00094190 0.04515027 -0.03840613
v -0.00116187 0.04432040 -0.03915601
v -0.00116187 0.04515027 -0.03915601
v -0.00116187 0.04432040 -0.03915601
v -0.00040238 0.04432040 -0.03934043
v 0.00008949 0.04515027 -0.03974163
v -0.00116187 0.04515027 -0.03915601
v -0.00040238 0.04432040 -0.03934043
v 0.00008949 0.04515027 -0.03974163
v -0.00040238 0.04432040 -0.03934043
v 0.00013714 0.04432040 -0.03990614
v -0.00040238 0.04432040 -0.03934043
v 0.00126982 0.04432040 -0.03911513
v 0.00013714 0.04432040 -0.03990614
v 0.00126064 0.04432040 -0.03783869
v 0.00067666 0.04432040 -0.03747165
v -0.00104326 0.04432040 -0.03777951
v -0.00116187 0.04432040 -0.03915601
v 0.00006672 0.04432040 -0.03714931
v 0.00014689 0.03914982 0.05255502
v 0.00001850 0.04350537 0.05251544
v -0.00072235 0.04350572 0.05233144
v -0.00119793 0.03914982 0.05199068
v 0.00014689 0.03914982 0.05255502
v -0.00072235 0.04350572 0.05233144
v -0.00119793 0.03914982 0.05199068
v -0.00072235 0.04350572 0.05233144
v -0.00124091 0.04350036 0.05186772
v 0.00117081 0.03914982 0.05196845
v 0.00151169 0.04350244 0.05118387
v 0.00117528 0.04349708 0.05194979
v 0.00117081 0.03914982 0.05196845
v 0.00155491 0.03914982 0.05085319
v 0.00151169 0.04350244 0.05118387
v -0.00119793 0.03914982 0.05199068
v -0.00124091 0.04350036 0.05186772
v -0.00150818 0.04351109 0.05117779
v 0.00117081 0.03914982 0.05196845
v 0.00117528 0.04349708 0.05194979
v 0.00078942 0.04350197 0.05229771
v 0.00014689 0.03914982 0.05255502
v 0.00117081 0.03914982 0.05196845
v 0.00078942 0.04350197 0.05229771
v -0.00150001 0.03914982 0.05056452
v -0.00119793 0.03914982 0.05199068
v -0.00150818 0.04351109 0.05117779
v 0.00014689 0.03914982 0.05255502
v 0.00078942 0.04350197 0.05229771
v 0.00001850 0.04350537 0.05251544
v 0.00078942 0.04350197 0.05229771
v 0.00050600 0.04475224 0.05372458
v 0.00001850 0.04350537 0.05251544
v 0.00117528 0.04349708 0.05194979
v 0.00231731 0.04474663 0.05249649
v 0.00078942 0.04350197 0.05229771
v 0.00265914 0.04474675 0.05173522
v 0.00231731 0.04474663 0.05249649
v 0.00117528 0.04349708 0.05194979
v 0.00276798 0.04474979 0.05076658
v 0.00151169 0.04350244 0.05118387
v 0.00131762 0.04350173 0.05022490
v 0.00276798 0.04474979 0.05076658
v 0.00265914 0.04474675 0.05173522
v 0.00151169 0.04350244 0.05118387
v 0.00225276 0.04475212 0.04934829
v 0.00276798 0.04474979 0.05076658
v 0.00131762 0.04350173 0.05022490
v 0.00050786 0.04351001 0.04954737
v 0.00130439 0.04474467 0.04857087
v 0.00131762 0.04350173 0.05022490
v 0.00130439 0.04474467 0.04857087
v 0.00225276 0.04475212 0.04934829
v 0.00131762 0.04350173 0.05022490
v 0.00050786 0.04351001 0.04954737
v 0.00011569 0.04475373 0.04822266
v 0.00130439 0.04474467 0.04857087
v 0.00078942 0.04350197 0.05229771
v 0.00158143 0.04474967 0.05327379
v 0.00050600 0.04475224 0.05372458
v 0.00078942 0.04350197 0.05229771
v 0.00231731 0.04474663 0.05249649
v 0.00158143 0.04474967 0.05327379
v 0.00265914 0.04474675 0.05173522
v 0.00117528 0.04349708 0.05194979
v 0.00151169 0.04350244 0.05118387
v -0.00216478 0.04474920 0.05271339
v -0.00175965 0.04514980 0.05317014
v -0.00258219 0.04514986 0.05200040
v 0.00050600 0.04475224 0.05372458
v 0.00158143 0.04474967 0.05327379
v 0.00066638 0.04514986 0.05370074
v -0.00259620 0.04474782 0.05195379
v -0.00216478 0.04474920 0.05271339
v -0.00258219 0.04514986 0.05200040
v 0.00276798 0.04474979 0.05076658
v 0.00276375 0.04514986 0.05061513
v 0.00252086 0.04514980 0.05218273
v 0.00265914 0.04474675 0.05173522
v 0.00276798 0.04474979 0.05076658
v 0.00252086 0.04514980 0.05218273
v 0.00050600 0.04475224 0.05372458
v 0.00066638 0.04514986 0.05370074
v -0.00053912 0.04514986 0.05371004
v -0.00259620 0.04474782 0.05195379
v -0.00258219 0.04514986 0.05200040
v -0.00275862 0.04514986 0.05051791
v -0.00073916 0.04475665 0.05367600
v 0.00050600 0.04475224 0.05372458
v -0.00053912 0.04514986 0.05371004
v -0.00272798 0.04474937 0.05037808
v -0.00259620 0.04474782 0.05195379
v -0.00275862 0.04514986 0.05051791
v 0.00231731 0.04474663 0.05249649
v 0.00265914 0.04474675 0.05173522
v 0.00252086 0.04514980 0.05218273
v -0.00073916 0.04475665 0.05367600
v -0.00053912 0.04514986 0.05371004
v -0.00175965 0.04514980 0.05317014
v 0.00231731 0.04474663 0.05249649
v 0.00252086 0.04514980 0.05218273
v 0.00174093 0.04514992 0.05314588
v 0.00158143 0.04474967 0.05327379
v 0.00231731 0.04474663 0.05249649
v 0.00174093 0.04514992 0.05314588
v -0.00163001 0.04474413 0.05322730
v -0.00073916 0.04475665 0.05367600
v -0.00175965 0.04514980 0.05317014
v 0.00158143 0.04474967 0.05327379
v 0.00174093 0.04514992 0.05314588
v 0.00066638 0.04514986 0.05370074
v -0.00216478 0.04474920 0.05271339
v -0.00163001 0.04474413 0.05322730
v -0.00175965 0.04514980 0.05317014
v 0.00074832 0.03914982 0.04963731
v -0.00056599 0.03914988 0.04956686
v 0.00050786 0.04351001 0.04954737
v -0.00150001 0.03914982 0.05056452
v -0.00150818 0.04351109 0.05117779
v -0.00145888 0.04350239 0.05060595
v 0.00074832 0.03914982 0.04963731
v 0.00050786 0.04351001 0.04954737
v 0.00131762 0.04350173 0.05022490
v -0.00150001 0.03914982 0.05056452
v -0.00145888 0.04350239 0.05060595
v -0.00122780 0.04350334 0.05012089
v 0.00155491 0.03914982 0.05085319
v 0.00074832 0.03914982 0.04963731
v 0.00131762 0.04350173 0.05022490
v -0.00056599 0.03914988 0.04956686
v -0.00122780 0.04350334 0.05012089
v -0.00060159 0.04350572 0.04959517
v -0.00056599 0.03914988 0.04956686
v -0.00150001 0.03914982 0.05056452
v -0.00122780 0.04350334 0.05012089
v 0.00155491 0.03914982 0.05085319
v 0.00131762 0.04350173 0.05022490
v 0.00151169 0.04350244 0.05118387
v -0.00056599 0.03914988 0.04956686
v -0.00060159 0.04350572 0.04959517
v 0.00050786 0.04351001 0.04954737
v 0.00155491 0.03914982 0.05085319
v 0.00117081 0.03914982 0.05196845
v -0.00119793 0.03914982 0.05199068
v -0.00056599 0.03914988 0.04956686
v 0.00074832 0.03914982 0.04963731
v -0.00150001 0.03914982 0.05056452
v 0.00014689 0.03914982 0.05255502
v -0.00073916 0.04475665 0.05367600
v -0.00072235 0.04350572 0.05233144
v 0.00001850 0.04350537 0.05251544
v 0.00011569 0.04475373 0.04822266
v 0.00050786 0.04351001 0.04954737
v -0.00060159 0.04350572 0.04959517
v -0.00206661 0.04473692 0.04917132
v -0.00159943 0.04475474 0.04873979
v -0.00060159 0.04350572 0.04959517
v -0.00122780 0.04350334 0.05012089
v -0.00206661 0.04473692 0.04917132
v -0.00060159 0.04350572 0.04959517
v -0.00206661 0.04473692 0.04917132
v -0.00122780 0.04350334 0.05012089
v -0.00145888 0.04350239 0.05060595
v -0.00145888 0.04350239 0.05060595
v -0.00272798 0.04474937 0.05037808
v -0.00206661 0.04473692 0.04917132
v -0.00150818 0.04351109 0.05117779
v -0.00272798 0.04474937 0.05037808
v -0.00145888 0.04350239 0.05060595
v -0.00259620 0.04474782 0.05195379
v -0.00150818 0.04351109 0.05117779
v -0.00124091 0.04350036 0.05186772
v -0.00124091 0.04350036 0.05186772
v -0.00216478 0.04474920 0.05271339
v -0.00259620 0.04474782 0.05195379
v -0.00072235 0.04350572 0.05233144
v -0.00216478 0.04474920 0.05271339
v -0.00124091 0.04350036 0.05186772
v -0.00163001 0.04474413 0.05322730
v -0.00216478 0.04474920 0.05271339
v -0.00072235 0.04350572 0.05233144
v -0.00163001 0.04474413 0.05322730
v -0.00072235 0.04350572 0.05233144
v -0.00073916 0.04475665 0.05367600
v -0.00073916 0.04475665 0.05367600
v 0.00001850 0.04350537 0.05251544
v 0.00050600 0.04475224 0.05372458
v -0.00060159 0.04350572 0.04959517
v -0.00076938 0.04474866 0.04835510
v 0.00011569 0.04475373 0.04822266
v -0.00060159 0.04350572 0.04959517
v -0.00159943 0.04475474 0.04873979
v -0.00076938 0.04474866 0.04835510
v -0.00150818 0.04351109 0.05117779
v -0.00259620 0.04474782 0.05195379
v -0.00272798 0.04474937 0.05037808
v -0.00076938 0.04474866 0.04835510
v -0.00159943 0.04475474 0.04873979
v -0.00090861 0.04514980 0.04839044
v 0.00225276 0.04475212 0.04934829
v 0.00192070 0.04514986 0.04894113
v 0.00276375 0.04514986 0.05061513
v 0.00011569 0.04475373 0.04822266
v -0.00090861 0.04514980 0.04839044
v 0.00028777 0.04514986 0.04823333
v 0.00011569 0.04475373 0.04822266
v -0.00076938 0.04474866 0.04835510
v -0.00090861 0.04514980 0.04839044
v 0.00276798 0.04474979 0.05076658
v 0.00225276 0.04475212 0.04934829
v 0.00276375 0.04514986 0.05061513
v -0.00272798 0.04474937 0.05037808
v -0.00275862 0.04514986 0.05051791
v -0.00196892 0.04514986 0.04903095
v 0.00130439 0.04474467 0.04857087
v 0.00011569 0.04475373 0.04822266
v 0.00028777 0.04514986 0.04823333
v -0.00206661 0.04473692 0.04917132
v -0.00272798 0.04474937 0.05037808
v -0.00196892 0.04514986 0.04903095
v 0.00130439 0.04474467 0.04857087
v 0.00028777 0.04514986 0.04823333
v 0.00192070 0.04514986 0.04894113
v -0.00159943 0.04475474 0.04873979
v -0.00206661 0.04473692 0.04917132
v -0.00196892 0.04514986 0.04903095
v 0.00225276 0.04475212 0.04934829
v 0.00130439 0.04474467 0.04857087
v 0.00192070 0.04514986 0.04894113
v -0.00159943 0.04475474 0.04873979
v -0.00196892 0.04514986 0.04903095
v -0.00090861 0.04514980 0.04839044
v -0.00196892 0.04514986 0.04903095
v -0.00275862 0.04514986 0.05051791
v -0.00108892 0.04514986 0.05022531
v -0.00090861 0.04514980 0.04839044
v -0.00041348 0.04514986 0.05000329
v 0.00019497 0.04514986 0.04951280
v 0.00028777 0.04514986 0.04823333
v 0.00192070 0.04514986 0.04894113
v -0.00258219 0.04514986 0.05200040
v -0.00138545 0.04514986 0.05157476
v -0.00175965 0.04514980 0.05317014
v 0.00121528 0.04514986 0.05044436
v -0.00065641 0.04514986 0.05185639
v -0.00012635 0.04514986 0.05233037
v 0.00276375 0.04514986 0.05061513
v -0.00053912 0.04514986 0.05371004
v 0.00066638 0.04514986 0.05370074
v 0.00106978 0.04514986 0.05114018
v 0.00119036 0.04514986 0.05191248
v 0.00252086 0.04514980 0.05218273
v 0.00174093 0.04514992 0.05314588
v -0.00041348 0.04514986 0.05000329
v -0.00119036 0.04431974 0.05008763
v 0.00012639 0.04431974 0.04966968
v -0.00041348 0.04514986 0.05000329
v -0.00108892 0.04514986 0.05022531
v -0.00119036 0.04431974 0.05008763
v 0.00019497 0.04514986 0.04951280
v -0.00041348 0.04514986 0.05000329
v 0.00012639 0.04431974 0.04966968
v 0.00019497 0.04514986 0.04951280
v 0.00012639 0.04431974 0.04966968
v 0.00065640 0.04431974 0.05014359
v 0.00121528 0.04514986 0.05044436
v 0.00019497 0.04514986 0.04951280
v 0.00065640 0.04431974 0.05014359
v 0.00121528 0.04514986 0.05044436
v 0.00065640 0.04431974 0.05014359
v 0.00138545 0.04431974 0.05042529
v 0.00106978 0.04514986 0.05114018
v 0.00138545 0.04431974 0.05042529
v 0.00106978 0.04431974 0.05114018
v 0.00106978 0.04514986 0.05114018
v 0.00121528 0.04514986 0.05044436
v 0.00138545 0.04431974 0.05042529
v 0.00119036 0.04514986 0.05191248
v 0.00106978 0.04431974 0.05114018
v 0.00103086 0.04431974 0.05185019
v 0.00119036 0.04514986 0.05191248
v 0.00106978 0.04514986 0.05114018
v 0.00106978 0.04431974 0.05114018
v -0.00012635 0.04514986 0.05233037
v 0.00119036 0.04514986 0.05191248
v 0.00103086 0.04431974 0.05185019
v -0.00012635 0.04514986 0.05233037
v 0.00103086 0.04431974 0.05185019
v -0.00019497 0.04431974 0.05248731
v -0.00065641 0.04514986 0.05185639
v -0.00019497 0.04431974 0.05248731
v -0.00065641 0.04431974 0.05185639
v -0.00065641 0.04514986 0.05185639
v -0.00012635 0.04514986 0.05233037
v -0.00019497 0.04431974 0.05248731
v -0.00138545 0.04514986 0.05157476
v -0.00065641 0.04431974 0.05185639
v -0.00125176 0.04431974 0.05146789
v -0.00138545 0.04514986 0.05157476
v -0.00065641 0.04514986 0.05185639
v -0.00065641 0.04431974 0.05185639
v -0.00108892 0.04514986 0.05022531
v -0.00138545 0.04514986 0.05157476
v -0.00125176 0.04431974 0.05146789
v -0.00108892 0.04514986 0.05022531
v -0.00125176 0.04431974 0.05146789
v -0.00119036 0.04431974 0.05008763
v 0.00106978 0.04431974 0.05114018
v 0.00138545 0.04431974 0.05042529
v 0.00065640 0.04431974 0.05014359
v 0.00012639 0.04431974 0.04966968
v -0.00125176 0.04431974 0.05146789
v -0.00119036 0.04431974 0.05008763
v -0.00065641 0.04431974 0.05185639
v 0.00103086 0.04431974 0.05185019
v -0.00019497 0.04431974 0.05248731
v -0.00000289 0.01283085 -0.04427587
v -0.00012338 0.01117289 -0.04430288
v -0.00535965 0.01126044 -0.04398089
v -0.00522852 0.01298207 -0.04396224
v -0.01583755 0.01408571 -0.04133582
v -0.01034069 0.01337945 -0.04304683
v -0.01075255 0.01172477 -0.04297304
v -0.01599299 0.01231873 -0.04132175
v -0.02082335 0.01330590 -0.03909909
v -0.02099132 0.01498019 -0.03897559
v -0.02580118 0.01613450 -0.03598499
v -0.02528381 0.01426315 -0.03640353
v -0.02973175 0.01582336 -0.03283596
v -0.03041696 0.01767575 -0.03216457
v -0.02973175 0.01582336 -0.03283596
v -0.03408610 0.01766192 -0.02828979
v -0.03250300 0.01709747 -0.03009033
v -0.03250300 0.01709747 -0.03009033
v -0.03235626 0.01852035 -0.03022384
v -0.03443133 0.01957130 -0.02780151
v -0.03408610 0.01766192 -0.02828979
v -0.03707981 0.01935291 -0.02422714
v -0.03771400 0.02135610 -0.02318108
v -0.04002380 0.02140522 -0.01900088
v -0.04046189 0.02354943 -0.01791191
v -0.04208838 0.02348041 -0.01384341
v -0.04248309 0.02573525 -0.01241385
v -0.04344940 0.02569723 -0.00860214
v -0.04379487 0.02799773 -0.00651360
v -0.04420435 0.02796065 -0.00289249
v -0.04421877 0.03025770 -0.00130695
v -0.04422140 0.03023523 0.00250804
v -0.04400897 0.03252834 0.00481123
v -0.04365432 0.03224295 0.00747621
v -0.04310554 0.03468018 0.01012480
v -0.04274952 0.03387928 0.01159560
v -0.04155617 0.03673595 0.01529419
v -0.04189431 0.03496801 0.01440811
v -0.04072088 0.03628540 0.01741981
v -0.03917241 0.03902208 0.02055454
v -0.03812968 0.03833675 0.02254867
v -0.03632318 0.04083502 0.02529001
v -0.03538036 0.04003655 0.02664947
v -0.03295981 0.04246163 0.02956724
v -0.03120994 0.04191386 0.03143310
v -0.02872359 0.04411947 0.03369522
v -0.02683639 0.04349941 0.03523916
v -0.02451264 0.04554826 0.03682494
v -0.02213096 0.04480969 0.03836536
v -0.01994144 0.04644733 0.03952884
v -0.01722908 0.04572987 0.04081249
v -0.01731443 0.04694789 0.04075300
v -0.01257508 0.04646337 0.04246461
v -0.01464688 0.04739511 0.04178416
v -0.01146221 0.04774338 0.04276382
v -0.00821924 0.04691052 0.04352223
v -0.00836897 0.04802656 0.04348158
v 0.00000000 0.04834884 0.04427289
v -0.00412422 0.04833036 0.04408264
v -0.00395203 0.04716044 0.04411417
v 0.00002866 0.04722005 0.04429125
v 0.04498535 -0.00725764 0.00169271
v 0.04500955 0.02845573 -0.00074959
v 0.04496783 0.01269102 0.00189161
v 0.04493069 -0.00010081 0.00276279
v 0.04477500 0.03053355 0.00458872
v 0.04462838 0.01577270 0.00571775
v 0.04498612 -0.05545455 0.00009257
v 0.04491084 -0.01395785 0.00289625
v 0.04394459 0.03263938 0.00975561
v 0.04488152 -0.05545455 0.00302935
v 0.04457056 -0.05545461 0.00608158
v 0.04416227 -0.01783657 0.00862169
v 0.04244863 0.03475356 0.01497364
v 0.04354834 0.01964426 0.01133143
v 0.04405069 -0.05545437 0.00910759
v 0.04333305 -0.05545455 0.01207339
v 0.04280209 -0.02134788 0.01385927
v 0.04043328 0.03664875 0.01976954
v 0.04211235 0.02281475 0.01584291
v 0.04239988 -0.05545383 0.01502215
v 0.04128825 -0.05545377 0.01785469
v 0.04060935 -0.02523303 0.01938617
v 0.03729629 0.03886646 0.02518641
v 0.03951632 0.02689075 0.02153670
v 0.03667879 0.03027057 0.02607905
v 0.03994417 -0.05545490 0.02068901
v 0.03804922 -0.02862536 0.02401053
v 0.03389835 0.04062020 0.02960777
v 0.03845596 -0.05545431 0.02333259
v 0.03377342 0.03311920 0.02974224
v 0.03676211 -0.05545598 0.02592468
v 0.03447246 -0.03239345 0.02892017
v 0.03012943 0.04217469 0.03344237
v 0.02967834 0.03642559 0.03381443
v 0.03492152 -0.05545341 0.02835369
v 0.03289973 -0.05545419 0.03067684
v 0.03095722 -0.03537070 0.03264605
v 0.02564036 0.03909111 0.03697967
v 0.02530276 0.04373455 0.03720659
v 0.03073775 -0.05545455 0.03284251
v 0.02843475 -0.05545496 0.03485769
v 0.02643394 -0.03848540 0.03641510
v 0.02101707 0.04155051 0.03979778
v 0.01994127 0.04494786 0.04034888
v 0.02597713 -0.05545526 0.03672218
v 0.01849365 0.04268169 0.04102993
v 0.02340018 -0.05545377 0.03841972
v 0.02298927 -0.04045629 0.03869152
v 0.01491737 0.04579436 0.04246515
v 0.01594734 0.04355669 0.04208838
v 0.02067470 -0.05545485 0.03995037
v 0.01801109 -0.04274559 0.04123640
v 0.00974464 0.04640257 0.04393506
v 0.01125180 0.04511749 0.04356050
v 0.01789188 -0.05545502 0.04127442
v 0.01578140 -0.04347181 0.04217326
v 0.01499831 -0.05545490 0.04241037
v 0.01297092 -0.04437685 0.04313194
v 0.00483221 0.04673039 0.04474210
v 0.00620985 0.04610496 0.04454827
v 0.01209259 -0.05545461 0.04332685
v 0.00914574 -0.05545461 0.04404485
v 0.00815439 -0.04572397 0.04425120
v -0.00001053 0.04682457 0.04500216
v 0.00090218 0.04658353 0.04499036
v 0.00607341 -0.05545455 0.04457241
v 0.00295764 -0.04639780 0.04490792
v 0.00302410 -0.05545461 0.04488116
v -0.00001204 -0.05545455 0.04498440
v -0.00120485 -0.04649132 0.04498624
v -0.01066589 0.04631942 0.04372525
v -0.00810909 0.04579478 0.04424524
v -0.00562853 0.04671329 0.04464495
v -0.00312799 -0.05545455 0.04487538
v -0.00634956 -0.04601955 0.04455113
v -0.00616974 -0.05545455 0.04455775
v -0.01616472 0.04565119 0.04200834
v -0.01277542 0.04470968 0.04313933
v -0.01501083 0.04396528 0.04241263
v -0.00917912 -0.05545455 0.04403781
v -0.01119267 -0.04504704 0.04357182
v -0.01221072 -0.05545449 0.04329538
v -0.02029597 0.04493594 0.04015922
v -0.01753807 0.04301548 0.04144942
v -0.01533508 -0.04379415 0.04231488
v -0.01510620 -0.05545365 0.04237020
v -0.01793944 -0.05545461 0.04125201
v -0.01840019 -0.04262053 0.04106998
v -0.02529716 0.04367578 0.03722178
v -0.02250277 0.04079806 0.03896898
v -0.02070236 -0.05545455 0.03993797
v -0.02057635 -0.04165554 0.04001903
v -0.02992916 0.04224443 0.03362560
v -0.02710533 0.03819262 0.03592205
v -0.02340304 -0.05545502 0.03841769
v -0.02523899 -0.03920364 0.03725147
v -0.02597713 -0.05545485 0.03672218
v -0.03317821 0.04097843 0.03040301
v -0.03039538 0.03593432 0.03318774
v -0.02839851 -0.05545419 0.03488731
v -0.02951908 -0.03632199 0.03399741
v -0.03075695 -0.05545419 0.03282439
v -0.03670883 0.03919112 0.02604103
v -0.03502357 0.03196239 0.02825641
v -0.03340613 -0.03334128 0.03015327
v -0.03290838 -0.05545371 0.03066813
v -0.03492832 -0.05545461 0.02834701
v -0.03950691 0.03739023 0.02155685
v -0.03773975 0.02910137 0.02450561
v -0.03702914 -0.02981323 0.02556896
v -0.03677546 -0.05545455 0.02590548
v -0.03845202 -0.05545353 0.02334690
v -0.04182815 0.03538691 0.01660728
v -0.04052019 0.02542483 0.01954841
v -0.03975331 -0.02645725 0.02107048
v -0.03995943 -0.05545431 0.02065658
v -0.04371201 0.03302288 0.01073408
v -0.04292666 0.02116918 0.01347923
v -0.04126822 -0.05545485 0.01789951
v -0.04224014 -0.02242457 0.01546669
v -0.04240036 -0.05545455 0.01501929
v -0.04457318 0.03126597 0.00615168
v -0.04416561 0.01790714 0.00856972
v -0.04331851 -0.05545437 0.01212775
v -0.04350495 -0.01964747 0.01149451
v -0.04405641 -0.05545431 0.00908613
v -0.04469174 -0.01553905 0.00524229
v -0.04500693 0.02889835 0.00042439
v -0.04492592 0.01390779 0.00262380
v -0.04500097 -0.00522459 0.00153786
v -0.04490470 0.00004990 0.00291407
v -0.04499667 0.00524408 0.00150019
v -0.04456943 -0.05545455 0.00608063
v -0.04488229 -0.05545455 0.00303483
v -0.04494786 -0.01078176 0.00262785
v -0.04498589 -0.05545455 0.00002491
v -0.00324315 0.04646694 0.04487782
v -0.00067008 0.04369926 0.04942417
v 0.00021350 0.04369932 0.04929673
v -0.00068057 0.04505193 0.04798173
v -0.00135624 0.04369950 0.04995399
v -0.00186533 0.04501122 0.04863595
v -0.00299483 0.04496014 0.04998600
v -0.00170284 0.04369860 0.05078673
v -0.00135624 0.04369950 0.04995399
v -0.00294393 0.04496479 0.05035001
v -0.00135624 0.04369950 0.04995399
v -0.00299483 0.04496014 0.04998600
v -0.00294393 0.04496479 0.05035001
v -0.00157541 0.04369938 0.05167114
v -0.00290954 0.04497510 0.05165523
v -0.00264388 0.04499322 0.05246406
v -0.00104523 0.04369962 0.05235683
v -0.00097752 0.04505866 0.05399841
v -0.00022672 0.04370439 0.05270153
v 0.00145561 0.04352599 0.05009961
v 0.00173521 0.04351449 0.05119597
v 0.00168335 0.04370415 0.05055701
v 0.00058807 0.04354780 0.04935359
v 0.00145561 0.04352599 0.05009961
v 0.00104642 0.04369950 0.04964411
v 0.00145561 0.04352599 0.05009961
v 0.00168335 0.04370415 0.05055701
v 0.00104642 0.04369950 0.04964411
v 0.00058807 0.04354780 0.04935359
v 0.00104642 0.04369950 0.04964411
v 0.00021350 0.04369932 0.04929673
v -0.00054568 0.04354631 0.04937815
v 0.00058807 0.04354780 0.04935359
v 0.00021350 0.04369932 0.04929673
v -0.00054568 0.04354631 0.04937815
v 0.00021350 0.04369932 0.04929673
v -0.00067008 0.04369926 0.04942417
v -0.00121754 0.04353332 0.04979676
v -0.00054568 0.04354631 0.04937815
v -0.00067008 0.04369926 0.04942417
v -0.00121754 0.04353332 0.04979676
v -0.00067008 0.04369926 0.04942417
v -0.00135624 0.04369950 0.04995399
v -0.00168008 0.04351747 0.05061703
v -0.00121754 0.04353332 0.04979676
v -0.00135624 0.04369950 0.04995399
v -0.00168008 0.04351747 0.05061703
v -0.00135624 0.04369950 0.04995399
v -0.00170284 0.04369860 0.05078673
v 0.03375470 -0.06580030 0.02979511
v -0.02182900 -0.06580048 0.03937864
v 0.03749787 -0.06580007 0.02491986
v -0.01626491 -0.06580007 0.04198384
v 0.03995418 -0.06580007 0.02070277
v -0.01214063 -0.06580007 0.04333132
v 0.04178375 -0.06580007 0.01676928
v -0.04498684 -0.06580007 0.00180852
v -0.00738335 -0.06580001 0.04441422
v -0.04458016 -0.06580007 0.00612754
v 0.04333055 -0.06580007 0.01214081
v -0.04367780 -0.06580001 0.01092422
v 0.04432141 -0.06580007 0.00791740
v -0.00126624 -0.06580007 0.04500603
v -0.04178375 -0.06580007 0.01676988
v 0.04500675 -0.06580007 0.00153744
v 0.00487351 -0.06580001 0.04475939
v -0.03995418 -0.06580007 0.02070277
v 0.01092386 -0.06580013 0.04367876
v -0.03749787 -0.06580030 0.02491986
v 0.01651573 -0.06579959 0.04187619
v -0.03375530 -0.06580018 0.02979362
v 0.02070260 -0.06580007 0.03995484
v -0.02938461 -0.06580007 0.03411328
v 0.02468967 -0.06579941 0.03764057
v 0.02938354 -0.06580007 0.03411388
v -0.02595019 -0.06580007 0.03676348
v 0.03991842 -0.05545389 -0.02073282
v 0.03841400 -0.05545371 -0.02340883
v 0.03963661 0.02012634 -0.02133369
v 0.04123878 -0.05545479 -0.01796805
v 0.04232931 0.02254664 -0.01529121
v 0.00004553 -0.05545449 -0.04498279
v -0.00301188 -0.05545449 -0.04488325
v -0.00045341 0.01066923 -0.04499906
v -0.04487735 -0.05545455 -0.00309032
v 0.00309801 -0.05545455 -0.04487740
v 0.00525254 0.01071262 -0.04469543
v -0.04474365 0.02671194 -0.00495911
v -0.04455554 -0.05545461 -0.00619125
v -0.04400992 0.02493178 -0.00944901
v 0.04236984 -0.05545467 -0.01510715
v -0.04403209 -0.05545449 -0.00919676
v -0.04330420 -0.05545443 -0.01217734
v -0.04255676 0.02280151 -0.01464545
v 0.04329967 -0.05545455 -0.01219362
v 0.04385840 0.02478599 -0.00998497
v 0.00616974 -0.05545467 -0.04455775
v 0.04403185 -0.05545449 -0.00919771
v -0.04237020 -0.05545443 -0.01510512
v -0.04124689 -0.05545407 -0.01794993
v -0.04010391 0.02051544 -0.02042198
v 0.04455423 -0.05545461 -0.00619930
v -0.03991878 -0.05545431 -0.02073574
v 0.04472076 0.02662229 -0.00512981
v 0.00915766 -0.05545455 -0.04404234
v 0.01029002 0.01113826 -0.04380118
v 0.04488086 -0.05545455 -0.00305653
v -0.03842163 -0.05545479 -0.02339071
v -0.03722763 0.01862514 -0.02524948
v 0.01216316 -0.05545437 -0.04330694
v 0.01538467 0.01175987 -0.04228007
v -0.03672301 -0.05545365 -0.02597618
v -0.03488636 -0.05545485 -0.02839851
v -0.03355598 0.01662683 -0.03000628
v -0.03282248 -0.05545485 -0.03076076
v -0.02966499 0.01507937 -0.03384959
v 0.01502323 -0.05545467 -0.04239928
v 0.01792526 -0.05545473 -0.04126024
v 0.02032375 0.01254093 -0.04015398
v -0.03066730 -0.05545449 -0.03290736
v -0.02833557 -0.05545455 -0.03493881
v -0.02529907 0.01374232 -0.03722178
v 0.02073574 -0.05545449 -0.03991878
v -0.02590179 -0.05545365 -0.03677546
v 0.02335345 -0.05545455 -0.03844547
v 0.02487182 0.01369702 -0.03749084
v -0.02332687 -0.05545479 -0.03846359
v -0.02091395 0.01272964 -0.03983879
v -0.02065277 -0.05545425 -0.03996229
v 0.02590084 -0.05545479 -0.03677546
v -0.01788902 -0.05545473 -0.04127407
v -0.01598536 0.01178193 -0.04207754
v 0.02832889 -0.05545485 -0.03494358
v 0.02908504 0.01489353 -0.03434944
v -0.01501929 -0.05545425 -0.04240179
v -0.01210963 -0.05545455 -0.04332375
v -0.00972462 0.01102972 -0.04394263
v 0.03069388 -0.05545455 -0.03288650
v 0.03290367 0.01644802 -0.03067207
v 0.03284251 -0.05545479 -0.03073585
v -0.00910664 -0.05545455 -0.04405128
v 0.03487765 -0.05545532 -0.02840805
v 0.03737437 0.01862514 -0.02508723
v -0.00611877 -0.05545449 -0.04456639
v -0.00471306 0.01070129 -0.04475778
v 0.03672218 -0.05545425 -0.02597904
v -0.03582382 0.01778399 -0.02722918
v -0.03722763 0.01862514 -0.02524948
v -0.03570067 0.01795721 -0.02715861
v -0.03582382 0.01778399 -0.02722918
v -0.03355598 0.01662683 -0.03000628
v -0.03722763 0.01862514 -0.02524948
v -0.03788185 0.03855133 0.02425575
v -0.03643357 0.03945767 0.02628612
v -0.03776919 0.03862190 0.02408587
v -0.03788185 0.03855133 0.02425575
v -0.03670883 0.03919112 0.02604103
v -0.03643357 0.03945767 0.02628612
v -0.03343951 0.01670157 -0.03008270
v -0.03788185 0.03855133 0.02425575
v -0.03950691 0.03739023 0.02155685
v -0.03670883 0.03919112 0.02604103
v -0.03355598 0.01662683 -0.03000628
v -0.03343951 0.01670157 -0.03008270
v -0.03570067 0.01795721 -0.02715861
v -0.03416007 0.01716041 -0.02905875
v -0.03253078 0.01642405 -0.03088188
v -0.03934043 0.03760766 0.02165949
v -0.03950691 0.03739023 0.02155685
v -0.03788185 0.03855133 0.02425575
v -0.03934043 0.03760766 0.02165949
v -0.03031158 0.01541888 -0.03323936
v -0.03079783 0.01571989 -0.03261566
v -0.04055595 0.03660583 0.01947784
v -0.04047012 0.03669726 0.01931750
v -0.04055595 0.03660583 0.01947784
v -0.04182815 0.03538691 0.01660728
v -0.03950691 0.03739023 0.02155685
v -0.03031158 0.01541888 -0.03323936
v -0.03031158 0.01541888 -0.03323936
v -0.02899080 0.01507133 -0.03422927
v -0.04160284 0.03570204 0.01694822
v -0.04182815 0.03538691 0.01660728
v -0.04055595 0.03660583 0.01947784
v -0.04160284 0.03570204 0.01694822
v -0.02712440 0.01448857 -0.03574085
v -0.00299364 0.04690885 0.04484730
v -0.00000013 0.04701691 0.04471713
v -0.00252342 0.04692029 0.04465413
v -0.04254746 0.03464460 0.01462841
v -0.04241943 0.03478622 0.01460635
v -0.04254746 0.03464460 0.01462841
v -0.04371201 0.03302288 0.01073408
v -0.04182815 0.03538691 0.01660728
v -0.02722162 0.01431936 -0.03582751
v -0.02966499 0.01507937 -0.03384959
v -0.00299364 0.04690885 0.04484730
v -0.00001053 0.04682457 0.04500216
v -0.00000013 0.04701691 0.04471713
v -0.02966499 0.01507937 -0.03384959
v -0.02529907 0.01374232 -0.03722178
v -0.02722162 0.01431936 -0.03582751
v -0.02394855 0.01349258 -0.03807055
v -0.02712440 0.01448857 -0.03574085
v -0.02512425 0.01388460 -0.03716635
v -0.00299364 0.04690885 0.04484730
v -0.00550973 0.04684466 0.04453015
v -0.04327917 0.03370606 0.01197052
v -0.02394855 0.01349258 -0.03807055
v -0.04363948 0.03320676 0.01094937
v -0.04363948 0.03320676 0.01094937
v -0.04254746 0.03464460 0.01462841
v -0.04363948 0.03320676 0.01094937
v -0.04327917 0.03370606 0.01197052
v -0.04385411 0.03273487 0.00953293
v -0.02529907 0.01374232 -0.03722178
v -0.00562853 0.04671329 0.04464495
v -0.00299364 0.04690885 0.04484730
v -0.00550973 0.04684466 0.04453015
v -0.02308732 0.01335901 -0.03846722
v -0.00837326 0.04667401 0.04406464
v -0.00765836 0.04670459 0.04406559
v -0.01000291 0.04651397 0.04359412
v -0.04457318 0.03126597 0.00615168
v -0.04385411 0.03273487 0.00953293
v -0.04433763 0.03157413 0.00664520
v -0.02529907 0.01374232 -0.03722178
v -0.02091395 0.01272964 -0.03983879
v -0.02394855 0.01349258 -0.03807055
v -0.02098369 0.01287627 -0.03965699
v -0.04385411 0.03273487 0.00953293
v -0.02091395 0.01272964 -0.03983879
v -0.00772572 0.04660040 0.04432034
v -0.00837326 0.04667401 0.04406464
v -0.04481387 0.02993965 0.00260544
v -0.00772572 0.04660040 0.04432034
v -0.01066589 0.04631942 0.04372525
v -0.00562853 0.04671329 0.04464495
v -0.01043272 0.04647666 0.04366719
v -0.01882261 0.01244539 -0.04072844
v -0.01043272 0.04647666 0.04366719
v -0.01066589 0.04631942 0.04372525
v -0.01826095 0.01225519 -0.04110908
v -0.01249110 0.04627835 0.04294764
v -0.01661223 0.01206070 -0.04168087
v -0.01222038 0.04620420 0.04329967
v -0.04478490 0.03051042 0.00437540
v -0.04500693 0.02889835 0.00042439
v -0.04457318 0.03126597 0.00615168
v -0.04478490 0.03051042 0.00437540
v -0.02091395 0.01272964 -0.03983879
v -0.01598536 0.01178193 -0.04207754
v -0.01826095 0.01225519 -0.04110908
v -0.01222038 0.04620420 0.04329967
v -0.01043272 0.04647666 0.04366719
v -0.01249110 0.04627835 0.04294764
v -0.04500693 0.02889835 0.00042439
v -0.04478490 0.03051042 0.00437540
v -0.04481387 0.02993965 0.00260544
v -0.04492700 0.02858340 -0.00069046
v -0.01222038 0.04620420 0.04329967
v -0.01616472 0.04565119 0.04200834
v -0.01066589 0.04631942 0.04372525
v -0.01551151 0.04586005 0.04211843
v -0.01249110 0.04627835 0.04294764
v -0.01511204 0.04591006 0.04209905
v -0.01435458 0.01163244 -0.04262816
v -0.01410657 0.01169109 -0.04259568
v -0.01598536 0.01178193 -0.04207754
v -0.01551151 0.04586005 0.04211843
v -0.01616472 0.04565119 0.04200834
v -0.01222038 0.04620420 0.04329967
v -0.01551151 0.04586005 0.04211843
v -0.01855456 0.04538714 0.04076385
v -0.04492700 0.02858340 -0.00069046
v -0.04473710 0.02725970 -0.00401878
v -0.01855456 0.04538714 0.04076385
v -0.01173973 0.01142019 -0.04331970
v -0.01163673 0.01123678 -0.04347264
v -0.01163673 0.01123678 -0.04347264
v -0.01598536 0.01178193 -0.04207754
v -0.01435458 0.01163244 -0.04262816
v -0.01598536 0.01178193 -0.04207754
v -0.00972462 0.01102972 -0.04394263
v -0.01163673 0.01123678 -0.04347264
v -0.02029597 0.04493594 0.04015922
v -0.02053833 0.04498291 0.03985583
v -0.00841713 0.01101398 -0.04418468
v -0.00972462 0.01102972 -0.04394263
v -0.02164644 0.04473006 0.03933906
v -0.04384994 0.02482414 -0.00996017
v -0.04473710 0.02725970 -0.00401878
v -0.04399436 0.02545505 -0.00852835
v -0.02164644 0.04473006 0.03933906
v -0.02053833 0.04498291 0.03985583
v -0.02443563 0.04404115 0.03747385
v -0.00948763 0.01118946 -0.04386353
v -0.04400992 0.02493178 -0.00944901
v -0.04474365 0.02671194 -0.00495911
v -0.04339671 0.02439057 -0.01123142
v -0.02225494 0.04449641 0.03910446
v -0.02225494 0.04449641 0.03910446
v -0.02529716 0.04367578 0.03722178
v -0.02029597 0.04493594 0.04015922
v -0.02475929 0.04397201 0.03748798
v -0.00614351 0.01082748 -0.04457819
v -0.00972462 0.01102972 -0.04394263
v -0.00841713 0.01101398 -0.04418468
v -0.00972462 0.01102972 -0.04394263
v -0.00471306 0.01070129 -0.04475778
v -0.00614351 0.01082748 -0.04457819
v -0.00614351 0.01082748 -0.04457819
v -0.00712812 0.01100093 -0.04430395
v -0.00450277 0.01086544 -0.04464977
v -0.02475929 0.04397201 0.03748798
v -0.02529716 0.04367578 0.03722178
v -0.02225494 0.04449641 0.03910446
v -0.02475929 0.04397201 0.03748798
v -0.02635383 0.04348993 0.03644180
v -0.02659595 0.04344832 0.03597450
v -0.02635383 0.04348993 0.03644180
v -0.00471306 0.01070129 -0.04475778
v -0.00614351 0.01082748 -0.04457819
v -0.00250953 0.01067298 -0.04492616
v -0.04273211 0.02317810 -0.01399612
v -0.04273211 0.02317810 -0.01399612
v -0.04384994 0.02482414 -0.00996017
v -0.00224829 0.01079452 -0.04481893
v 0.00000000 0.01077032 -0.04487466
v -0.00045341 0.01066923 -0.04499906
v -0.04271060 0.02340847 -0.01359409
v -0.04189854 0.02246350 -0.01593309
v -0.02635383 0.04348993 0.03644180
v -0.02922439 0.04261064 0.03413283
v -0.02875667 0.04274964 0.03427690
v -0.04209518 0.02243036 -0.01584994
v -0.04209518 0.02243036 -0.01584994
v -0.04096078 0.02154022 -0.01821815
v -0.00250953 0.01067298 -0.04492616
v -0.00614351 0.01082748 -0.04457819
v -0.00045341 0.01066923 -0.04499906
v -0.00471306 0.01070129 -0.04475778
v -0.02992916 0.04224443 0.03362560
v -0.02635383 0.04348993 0.03644180
v -0.02922439 0.04261064 0.03413283
v -0.03077316 0.04206943 0.03248202
v -0.04068565 0.02109038 -0.01918780
v -0.03084170 0.04203176 0.03263473
v -0.04068565 0.02109038 -0.01918780
v -0.04010391 0.02051544 -0.02042198
v -0.04255676 0.02280151 -0.01464545
v -0.04209518 0.02243036 -0.01584994
v -0.03977501 0.02054220 -0.02068847
v -0.02992916 0.04224443 0.03362560
v -0.02922439 0.04261064 0.03413283
v -0.03084170 0.04203176 0.03263473
v -0.03315544 0.04106903 0.03031206
v -0.03317821 0.04097843 0.03040301
v -0.03315544 0.04106903 0.03031206
v -0.03858375 0.01968431 -0.02284801
v -0.03268265 0.04125005 0.03056550
v -0.03446388 0.04043865 0.02855110
v -0.04010391 0.02051544 -0.02042198
v -0.03873240 0.01954066 -0.02289581
v -0.03461933 0.04037809 0.02869021
v -0.03873240 0.01954066 -0.02289581
v -0.03722763 0.01862514 -0.02524948
v -0.04010391 0.02051544 -0.02042198
v -0.03727293 0.01882886 -0.02492862
v -0.03461933 0.04037809 0.02869021
v -0.03461933 0.04037809 0.02869021
v -0.03670883 0.03919112 0.02604103
v -0.03317821 0.04097843 0.03040301
v -0.03614819 0.03956246 0.02638828
v -0.03461933 0.04037809 0.02869021
v 0.03351914 0.04091584 0.02996015
v 0.03585612 0.03976440 0.02710819
v 0.03412997 0.04060637 0.02894198
v 0.03918457 0.01995646 -0.02205276
v 0.03767573 0.01908254 -0.02431952
v 0.03910255 0.02004003 -0.02194201
v 0.03389835 0.04062020 0.02960777
v 0.03585612 0.03976440 0.02710819
v 0.03351914 0.04091584 0.02996015
v 0.03918457 0.01995646 -0.02205276
v 0.03253924 0.04131603 0.03072166
v 0.03303706 0.04104506 0.03053271
v 0.04034948 0.02101278 -0.01954269
v 0.04032707 0.02075195 -0.01995074
v 0.04032707 0.02075195 -0.01995074
v 0.03303706 0.04104506 0.03053271
v 0.03012943 0.04217469 0.03344237
v 0.03389835 0.04062020 0.02960777
v 0.03067207 0.04209315 0.03280735
v 0.03079605 0.04201889 0.03246498
v 0.04137754 0.02193832 -0.01725387
v 0.04216480 0.02254104 -0.01561737
v 0.03012943 0.04217469 0.03344237
v 0.03351914 0.04091584 0.02996015
v 0.03067207 0.04209315 0.03280735
v 0.03303706 0.04104506 0.03053271
v 0.04151141 0.02175331 -0.01736450
v 0.04151141 0.02175331 -0.01736450
v 0.04232931 0.02254664 -0.01529121
v 0.03963661 0.02012634 -0.02133369
v 0.04151141 0.02175331 -0.01736450
v 0.03963661 0.02012634 -0.02133369
v 0.04032707 0.02075195 -0.01995074
v 0.02952373 0.04249954 0.03388214
v 0.02902019 0.04267120 0.03405565
v 0.04233670 0.02295470 -0.01472568
v 0.02952373 0.04249954 0.03388214
v 0.04232931 0.02254664 -0.01529121
v 0.04151141 0.02175331 -0.01736450
v 0.04216480 0.02254104 -0.01561737
v 0.04329967 0.02390289 -0.01218020
v 0.02589833 0.04366755 0.03666162
v 0.04315996 0.02401942 -0.01208782
v 0.02725601 0.04318237 0.03579127
v 0.04329967 0.02390289 -0.01218020
v 0.02725601 0.04318237 0.03579127
v 0.00266182 0.01081496 -0.04480284
v 0.02725601 0.04318237 0.03579127
v 0.02530276 0.04373455 0.03720659
v 0.03012943 0.04217469 0.03344237
v 0.02709496 0.04328519 0.03560239
v 0.04329967 0.02390289 -0.01218020
v 0.04385840 0.02478599 -0.00998497
v 0.04232931 0.02254664 -0.01529121
v 0.02512741 0.04386091 0.03701305
v 0.04385840 0.02478599 -0.00998497
v 0.04375547 0.02498608 -0.00968909
v 0.00265402 0.01066070 -0.04491919
v 0.02530276 0.04373455 0.03720659
v 0.02725601 0.04318237 0.03579127
v 0.02589833 0.04366755 0.03666162
v -0.00045341 0.01066923 -0.04499906
v 0.00525254 0.01071262 -0.04469543
v 0.00265402 0.01066070 -0.04491919
v 0.00542063 0.01085209 -0.04462862
v 0.00266182 0.01081496 -0.04480284
v 0.00529063 0.01089698 -0.04456108
v 0.04465198 0.02690887 -0.00493622
v 0.00765508 0.01103937 -0.04421627
v 0.00542063 0.01085209 -0.04462862
v 0.00525254 0.01071262 -0.04469543
v 0.02309036 0.04438734 0.03831768
v 0.02317619 0.04438030 0.03843104
v 0.02317619 0.04438030 0.03843104
v 0.02284228 0.04436588 0.03876686
v 0.02284228 0.04436588 0.03876686
v 0.01994127 0.04494786 0.04034888
v 0.02530276 0.04373455 0.03720659
v 0.04385840 0.02478599 -0.00998497
v 0.04465198 0.02690887 -0.00493622
v 0.02097320 0.04486799 0.03950977
v 0.02082538 0.04489588 0.03980433
v 0.04471623 0.02695846 -0.00462341
v 0.00771713 0.01092445 -0.04432559
v 0.00525254 0.01071262 -0.04469543
v 0.01029002 0.01113826 -0.04380118
v 0.00771713 0.01092445 -0.04432559
v 0.02082538 0.04489588 0.03980433
v 0.01029002 0.01113826 -0.04380118
v 0.00765508 0.01103937 -0.04421627
v 0.01000344 0.01122927 -0.04374384
v 0.00542063 0.01085209 -0.04462862
v 0.01029002 0.01113826 -0.04380118
v 0.00771713 0.01092445 -0.04432559
v 0.00542063 0.01085209 -0.04462862
v 0.01882261 0.04529577 0.04057890
v 0.01994127 0.04494786 0.04034888
v 0.02284228 0.04436588 0.03876686
v 0.02082538 0.04489588 0.03980433
v 0.01892757 0.04529368 0.04068756
v 0.01257658 0.01149821 -0.04307293
v 0.01266670 0.01141631 -0.04316318
v 0.01892757 0.04529368 0.04068756
v 0.01655769 0.04570353 0.04155194
v 0.04497742 0.02893912 0.00032234
v 0.04465198 0.02690887 -0.00493622
v 0.04482424 0.02923578 0.00085068
v 0.04500955 0.02845573 -0.00074959
v 0.01538836 0.04587131 0.04221999
v 0.01029002 0.01113826 -0.04380118
v 0.01538467 0.01175987 -0.04228007
v 0.01266670 0.01141631 -0.04316318
v 0.01538467 0.01175987 -0.04228007
v 0.01511204 0.01183122 -0.04224890
v 0.01572787 0.04574406 0.04215145
v 0.01538836 0.04587131 0.04221999
v 0.01572787 0.04574406 0.04215145
v 0.01412189 0.04607498 0.04243898
v 0.01735001 0.01218283 -0.04137843
v 0.04474365 0.03053951 0.00415039
v 0.01749026 0.01211023 -0.04144465
v 0.01977789 0.01262956 -0.04027247
v 0.04497742 0.02893912 0.00032234
v 0.04477500 0.03053355 0.00458872
v 0.04497742 0.02893912 0.00032234
v 0.04474365 0.03053951 0.00415039
v 0.01192474 0.04625046 0.04336726
v 0.01538467 0.01175987 -0.04228007
v 0.02032375 0.01254093 -0.04015398
v 0.01749026 0.01211023 -0.04144465
v 0.02026736 0.01265704 -0.04014194
v 0.01192474 0.04625046 0.04336726
v 0.01572787 0.04574406 0.04215145
v 0.01538836 0.04587131 0.04221999
v 0.01491737 0.04579436 0.04246515
v 0.01192474 0.04625046 0.04336726
v 0.00974464 0.04640257 0.04393506
v 0.01491737 0.04579436 0.04246515
v 0.00991154 0.04650992 0.04381704
v 0.01180809 0.04633074 0.04314059
v 0.00950241 0.04656684 0.04370486
v 0.02032375 0.01254093 -0.04015398
v 0.01749026 0.01211023 -0.04144465
v 0.02026736 0.01265704 -0.04014194
v 0.00974464 0.04640257 0.04393506
v 0.01192474 0.04625046 0.04336726
v 0.00991154 0.04650992 0.04381704
v 0.04442596 0.03161633 0.00695509
v 0.04391241 0.03270375 0.00953388
v 0.04442596 0.03161633 0.00695509
v 0.04474365 0.03053951 0.00415039
v 0.04442596 0.03161633 0.00695509
v 0.00707525 0.04675084 0.04433286
v 0.00950241 0.04656684 0.04370486
v 0.00402164 0.04689747 0.04476547
v 0.00707525 0.04675084 0.04433286
v 0.02032375 0.01254093 -0.04015398
v 0.02487182 0.01369702 -0.03749084
v 0.02231585 0.01305103 -0.03906250
v 0.04394459 0.03263938 0.00975561
v 0.04442596 0.03161633 0.00695509
v 0.04391241 0.03270375 0.00953388
v 0.02231585 0.01305103 -0.03906250
v 0.02487182 0.01369702 -0.03749084
v 0.02231585 0.01305103 -0.03906250
v 0.00707525 0.04675084 0.04433286
v 0.00716686 0.04661208 0.04441797
v 0.00716686 0.04661208 0.04441797
v 0.00483221 0.04673039 0.04474210
v 0.00974464 0.04640257 0.04393506
v 0.00483221 0.04673039 0.04474210
v 0.00402164 0.04689747 0.04476547
v 0.04261755 0.03460299 0.01428723
v 0.04391241 0.03270375 0.00953388
v 0.04326868 0.03369700 0.01188850
v 0.04261755 0.03460299 0.01428723
v 0.04261755 0.03460299 0.01428723
v 0.02661120 0.01415348 -0.03628146
v 0.02487182 0.01369702 -0.03749084
v 0.02833557 0.01480662 -0.03487581
v 0.04261755 0.03460299 0.01428723
v 0.04326868 0.03369700 0.01188850
v 0.04193592 0.03531348 0.01588821
v 0.00433725 0.04691880 0.04463946
v 0.00357276 0.04691565 0.04464042
v -0.00000013 0.04701691 0.04471713
v 0.02487182 0.01369702 -0.03749084
v 0.02908504 0.01489353 -0.03434944
v 0.02661120 0.01415348 -0.03628146
v 0.02908504 0.01489353 -0.03434944
v 0.02661120 0.01415348 -0.03628146
v 0.02833557 0.01480662 -0.03487581
v 0.00402164 0.04689747 0.04476547
v 0.00433725 0.04691880 0.04463946
v -0.00000013 0.04701691 0.04471713
v 0.00402164 0.04689747 0.04476547
v 0.00402164 0.04689747 0.04476547
v 0.04106903 0.03620600 0.01820635
v 0.03933048 0.03761565 0.02159965
v 0.03095614 0.01565539 -0.03263849
v 0.02833557 0.01480662 -0.03487581
v 0.03238672 0.01634788 -0.03107821
v 0.04106903 0.03620600 0.01820635
v 0.04261755 0.03460299 0.01428723
v 0.04193592 0.03531348 0.01588821
v 0.04244863 0.03475356 0.01497364
v 0.03095614 0.01565539 -0.03263849
v 0.04106903 0.03620600 0.01820635
v 0.04007506 0.03704559 0.02033853
v 0.04007506 0.03704559 0.02033853
v 0.04043328 0.03664875 0.01976954
v 0.04106903 0.03620600 0.01820635
v 0.02908504 0.01489353 -0.03434944
v 0.03290367 0.01644802 -0.03067207
v 0.03095614 0.01565539 -0.03263849
v 0.03290367 0.01644802 -0.03067207
v 0.03877449 0.03794133 0.02281761
v 0.04007506 0.03704559 0.02033853
v 0.03933048 0.03761565 0.02159965
v 0.03467547 0.01722145 -0.02866363
v 0.03290367 0.01644802 -0.03067207
v 0.03616333 0.01820421 -0.02653503
v 0.03877449 0.03794133 0.02281761
v 0.03729629 0.03886646 0.02518641
v 0.04043328 0.03664875 0.01976954
v 0.03877449 0.03794133 0.02281761
v 0.03467547 0.01722145 -0.02866363
v 0.03737437 0.01862514 -0.02508723
v 0.03290367 0.01644802 -0.03067207
v 0.03735864 0.03891944 0.02485120
v 0.03729629 0.03886646 0.02518641
v 0.03647613 0.01821696 -0.02631759
v 0.03647613 0.01821696 -0.02631759
v 0.03737437 0.01862514 -0.02508723
v 0.03467547 0.01722145 -0.02866363
v 0.03735864 0.03891944 0.02485120
v 0.03569400 0.03980863 0.02699780
v 0.03585612 0.03976440 0.02710819
v 0.03737437 0.01862514 -0.02508723
v 0.03585612 0.03976440 0.02710819
v -0.03977501 0.02054220 -0.02068847
v -0.04047966 0.02138727 -0.01859647
v -0.03926390 0.02040380 -0.02103096
v 0.00000000 0.01077032 -0.04487466
v -0.00172561 0.01094162 -0.04445070
v 0.00091779 0.01093190 -0.04447466
v -0.03077477 0.04202425 0.03248149
v -0.03159826 0.04165875 0.03157711
v -0.03268265 0.04125005 0.03056550
v -0.02875667 0.04274964 0.03427690
v -0.02798217 0.04297435 0.03483307
v 0.02403301 0.04412215 0.03767424
v 0.02308732 0.04438215 0.03831768
v 0.02512419 0.04385668 0.03701668
v -0.03858095 0.01967078 -0.02284514
v -0.02664059 0.04342263 0.03594297
v -0.03804236 0.01954483 -0.02315658
v -0.03344368 0.04086345 0.02960836
v 0.02623927 0.04351347 0.03616780
v 0.04482424 0.02923578 0.00085068
v 0.04465198 0.02690887 -0.00493622
v 0.04391098 0.02617073 -0.00684351
v -0.03447586 0.04042875 0.02853292
v 0.00264990 0.01080203 -0.04479616
v -0.02605354 0.04356795 0.03630226
v -0.03501039 0.04010444 0.02773004
v -0.02443563 0.04404115 0.03747385
v 0.00354963 0.01098531 -0.04434257
v 0.02709496 0.04328519 0.03560239
v -0.02403628 0.04412209 0.03767204
v -0.03614819 0.03956246 0.02638828
v -0.03776919 0.03862190 0.02408587
v -0.02053833 0.04498291 0.03985583
v 0.04333162 0.02468907 -0.01042366
v -0.03727293 0.01882886 -0.02492862
v 0.00529063 0.01089698 -0.04456108
v -0.03655612 0.01862728 -0.02542793
v 0.00593829 0.01108855 -0.04408687
v 0.04375547 0.02498608 -0.00968909
v 0.02835983 0.04284960 0.03452450
v 0.02899080 0.04266995 0.03407967
v 0.00765836 0.01103669 -0.04421526
v -0.03934043 0.03760766 0.02165949
v -0.04047012 0.03669726 0.01931750
v -0.03569400 0.01793259 -0.02714747
v 0.01009774 0.01134002 -0.04340428
v -0.03494381 0.01775223 -0.02759367
v 0.04315704 0.02401489 -0.01209294
v -0.02053833 0.04498291 0.03985583
v -0.01855456 0.04538714 0.04076385
v -0.01741904 0.04553133 0.04116201
v 0.04260271 0.02362209 -0.01306533
v -0.01511204 0.04591006 0.04209905
v 0.03038632 0.04213213 0.03274869
v 0.03080260 0.04201358 0.03245496
v -0.03416007 0.01716041 -0.02905875
v -0.01493203 0.04592287 0.04213076
v -0.03320622 0.01691949 -0.02965486
v -0.04160284 0.03570204 0.01694822
v -0.04215717 0.03483295 0.01466929
v 0.04233872 0.02295476 -0.01471698
v 0.03230124 0.04136717 0.03085505
v 0.04171454 0.02257746 -0.01565062
v 0.01257658 0.01149821 -0.04307293
v -0.01257503 0.04623609 0.04291439
v 0.03252702 0.04131674 0.03073078
v -0.03252702 0.01642429 -0.03088045
v -0.04241943 0.03478622 0.01460635
v -0.03134030 0.01612812 -0.03161364
v 0.01415002 0.01185911 -0.04217958
v 0.04136490 0.02192050 -0.01727718
v 0.04066330 0.02154999 -0.01819378
v 0.01511204 0.01183122 -0.04224890
v 0.01641142 0.01219248 -0.04135423
v 0.03409665 0.04055756 0.02885138
v 0.03416007 0.04058074 0.02890896
v 0.04035562 0.02101129 -0.01952737
v -0.03080260 0.01572757 -0.03260475
v 0.03958743 0.02065128 -0.02041846
v 0.01735001 0.01218283 -0.04137843
v 0.02078425 0.01300740 -0.03934383
v 0.03569400 0.03980863 0.02699780
v -0.00827527 0.04664987 0.04393041
v -0.01012897 0.04648953 0.04355049
v -0.02937358 0.01538866 -0.03344345
v -0.04327917 0.03370606 0.01197052
v -0.04433763 0.03157413 0.00664520
v -0.04385411 0.03273487 0.00953293
v -0.00565201 0.04681766 0.04434549
v 0.03909265 0.02003049 -0.02195477
v 0.03839564 0.01978230 -0.02256917
v 0.01977789 0.01262956 -0.04027247
v 0.01977789 0.01262956 -0.04027247
v 0.02078425 0.01300740 -0.03934383
v 0.02078253 0.01300424 -0.03934568
v 0.03577208 0.03970324 0.02673709
v -0.02899080 0.01507133 -0.03422927
v 0.03768926 0.01908600 -0.02429252
v 0.03708374 0.01893931 -0.02465564
v 0.02078253 0.01300424 -0.03934568
v 0.02405130 0.01374405 -0.03750860
v 0.03735864 0.03891944 0.02485120
v -0.02730280 0.01469981 -0.03514868
v 0.03614819 0.01817882 -0.02653807
v 0.03566139 0.01812791 -0.02666378
v -0.04433476 0.03063392 0.00429535
v -0.04481387 0.02993965 0.00260544
v -0.02709496 0.01445609 -0.03575187
v 0.03290367 0.01644802 -0.03067207
v 0.03414207 0.01735508 -0.02857667
v 0.03105926 0.01599502 -0.03190600
v 0.02709943 0.01463657 -0.03530508
v 0.03105926 0.01599502 -0.03190600
v 0.03290367 0.01644802 -0.03067207
v 0.03238672 0.01634788 -0.03107821
v 0.02899634 0.01525717 -0.03376907
v 0.03105926 0.01599502 -0.03190600
v -0.02983236 0.04233723 0.03325659
v -0.02514368 0.01406520 -0.03671950
v -0.02512425 0.01388460 -0.03716635
v -0.00252342 0.04692029 0.04465413
v 0.00000000 0.04697096 0.04472512
v 0.00091004 0.04693722 0.04454863
v 0.00357276 0.04691565 0.04464042
v -0.04443585 0.02816385 -0.00186914
v -0.04492700 0.02858340 -0.00069046
v -0.02289742 0.01348459 -0.03815639
v -0.02308732 0.01335901 -0.03846722
v -0.02079820 0.01300776 -0.03933680
v -0.04473710 0.02725970 -0.00401878
v -0.02098423 0.01287865 -0.03965610
v 0.04017162 0.03666162 0.01910305
v 0.00433725 0.04691880 0.04463946
v 0.00402164 0.04689747 0.04476547
v 0.00936335 0.04656118 0.04371076
v -0.01864147 0.01257789 -0.04040068
v -0.01882261 0.01244539 -0.04072844
v 0.00936335 0.04656118 0.04371076
v 0.00402164 0.04689747 0.04476547
v 0.00947887 0.04656118 0.04371070
v 0.01180809 0.04633074 0.04314059
v -0.01661223 0.01206070 -0.04168087
v -0.01619607 0.01215839 -0.04143887
v 0.01192915 0.04630625 0.04307997
v 0.04243654 0.03433787 0.01338577
v 0.01410657 0.04605013 0.04244589
v -0.04399436 0.02545505 -0.00852835
v -0.04473710 0.02725970 -0.00401878
v -0.04321897 0.02450656 -0.01087594
v -0.01410657 0.01169109 -0.04259568
v -0.04339253 0.02437067 -0.01121222
v -0.01369792 0.01179909 -0.04232800
v 0.01446259 0.04598903 0.04229485
v 0.04364395 0.03255081 0.00898743
v -0.01180809 0.01141029 -0.04329025
v 0.01661223 0.04568058 0.04153120
v -0.04271060 0.02340847 -0.01359409
v -0.04246503 0.02344596 -0.01350116
v -0.01115876 0.01150131 -0.04306524
v -0.00947887 0.01118010 -0.04386049
v 0.01694715 0.04561108 0.04135930
v 0.01882261 0.04529577 0.04057890
v -0.00882357 0.01128429 -0.04360246
v -0.04189854 0.02246350 -0.01593309
v -0.04155129 0.02240568 -0.01607602
v 0.04431939 0.03026962 0.00330347
v -0.00712812 0.01100093 -0.04430395
v 0.01938682 0.04517096 0.04027003
v -0.00647283 0.01111871 -0.04401236
v 0.02098423 0.04486232 0.03950625
v -0.04096078 0.02154022 -0.01821815
v -0.00449282 0.01086145 -0.04464864
v -0.00410819 0.01100438 -0.04429507
v 0.04482424 0.02923578 0.00085068
v 0.02174770 0.04467487 0.03904211
v -0.00224918 0.01079303 -0.04481816
v 0.03655087 0.02892971 0.02687740
v 0.03390741 0.03155994 0.03033572
v 0.03656268 0.02756083 0.02810657
v -0.02711021 0.03587079 0.04561847
v -0.02722942 0.03606170 0.05400002
v -0.02509516 0.03735607 0.04714924
v -0.00193787 0.04571533 0.04530334
v -0.00123787 0.04561710 0.04543304
v 0.00077927 0.04567146 0.04540407
v -0.02981936 0.03363168 0.04450654
v -0.03081554 0.03282475 0.04803323
v 0.03210628 0.03216171 0.03325653
v 0.03210473 0.03135359 0.03540766
v 0.03388214 0.02973556 0.03275251
v -0.02253305 0.03882586 0.04175978
v -0.02248382 0.03902071 0.04826688
v -0.02979689 0.03393352 0.05399787
v -0.03153675 0.03231656 0.05400204
v 0.00340795 0.04638350 0.04488295
v 0.00422764 0.04575526 0.04499852
v 0.00620985 0.04610496 0.04454827
v -0.03198450 0.03164130 0.04624074
v -0.03458166 0.02895712 0.05362617
v -0.00652218 0.04463630 0.04575908
v -0.00804305 0.04456633 0.04509341
v -0.00773799 0.04434520 0.04618275
v -0.01213264 0.04340648 0.04476153
v 0.00187153 0.04583740 0.04523468
v 0.00077927 0.04567146 0.04540407
v 0.00395703 0.04542446 0.04529953
v 0.03925263 0.02613866 0.02241694
v 0.03389257 0.02940541 0.03441250
v 0.00217050 0.04596030 0.04513067
v -0.00647592 0.04498612 0.04512906
v -0.00332999 0.04536008 0.04544651
v 0.01125180 0.04511749 0.04356050
v 0.00620985 0.04610496 0.04454827
v 0.00835705 0.04560083 0.04425323
v 0.03389358 0.03064775 0.03121268
v 0.03655052 0.02643787 0.03000175
v 0.00611258 0.04529595 0.04493367
v -0.00140762 0.04531157 0.04576492
v -0.00342572 0.04502397 0.04599857
v -0.00294393 0.04496479 0.05035001
v -0.00649404 0.04461312 0.05153733
v -0.00290954 0.04497510 0.05165523
v 0.02099150 0.03967833 0.04254662
v 0.01839810 0.04095524 0.04360944
v 0.02104651 0.03987079 0.04987895
v 0.03920924 0.02452313 0.02348995
v -0.04494398 0.00753546 0.00454754
v -0.01996523 0.04020673 0.04292458
v 0.02897799 0.03427225 0.03809785
v 0.02585363 0.03667414 0.04003465
v 0.02811986 0.03510648 0.04613399
v 0.02580696 0.03686064 0.04692858
v -0.01217061 0.04352086 0.05399847
v -0.00736117 0.04452157 0.05316823
v -0.01498287 0.04240030 0.04461330
v -0.01187515 0.04341399 0.04674172
v 0.04042816 0.02487182 0.01995277
v 0.00816649 0.04428070 0.04714775
v 0.00596350 0.04463171 0.04632616
v 0.00832719 0.04436337 0.05399346
v -0.04499870 0.00032946 0.00910699
v 0.00162244 0.04517018 0.04595273
v 0.00835705 0.04560083 0.04425323
v 0.00830460 0.04514551 0.04443919
v -0.04416561 0.01790714 0.00856972
v -0.04492592 0.01390779 0.00262380
v -0.04457831 0.01599282 0.00611401
v -0.04457831 0.01599282 0.00611401
v 0.00370151 0.04489749 0.04718124
v 0.00304115 0.04496002 0.05070173
v 0.00573963 0.04469823 0.05089581
v 0.03654783 0.02606987 0.03193569
v 0.02960902 0.03408622 0.05365347
v -0.04458189 0.01274365 0.00717831
v 0.03925967 0.02278900 0.02536058
v 0.04043179 0.02275627 0.02111512
v -0.01997017 0.04042500 0.04996299
v -0.02507174 0.03759962 0.05399972
v 0.02368175 0.03810364 0.04143238
v 0.00024629 0.04515635 0.04611229
v 0.04164206 0.02158629 0.01774203
v -0.04458236 0.00910932 0.00989151
v -0.00142074 0.04511392 0.04618936
v -0.04411303 0.01548087 0.00951576
v -0.04487186 0.00493938 0.00967324
v -0.04497814 -0.00099239 0.01545709
v -0.04497194 0.00208378 0.01297998
v 0.01102960 0.04364496 0.04731261
v 0.04020595 0.02183246 0.02271938
v -0.04412555 0.01169013 0.01206576
v -0.04337263 0.01805210 0.01254940
v 0.01125180 0.04511749 0.04356050
v 0.00827312 0.04472130 0.04480046
v -0.04458302 0.00689900 0.01346921
v 0.02367603 0.03850191 0.05400031
v 0.01120460 0.04456901 0.04378986
v 0.00395703 0.04542446 0.04529953
v 0.00397658 0.04508697 0.04572558
v -0.01740401 0.04140371 0.04403454
v -0.01489681 0.04248327 0.04728317
v -0.04314565 0.01539182 0.01566505
v -0.04280972 0.01796436 0.01520335
v -0.04411751 0.00938576 0.01619726
v -0.04488140 0.00326443 0.03563040
v -0.04458355 0.00608701 0.01833868
v -0.04052019 0.02542483 0.01954841
v -0.04292666 0.02116918 0.01347923
v -0.04160404 0.02345597 0.01713085
v 0.01594734 0.04355669 0.04208838
v 0.01125180 0.04511749 0.04356050
v 0.01352202 0.04434382 0.04295492
v 0.01339459 0.04296219 0.04680252
v 0.01348131 0.04305619 0.05112326
v -0.02251774 0.03906059 0.04998511
v 0.04219383 0.01962769 0.01682472
v -0.04160404 0.02345597 0.01713085
v -0.04414761 0.00862646 0.01958668
v 0.03208380 0.03174805 0.05399686
v -0.04337579 0.01259183 0.01824980
v 0.03927212 0.02184700 0.02799952
v -0.04159307 0.01956474 0.01933670
v 0.00357080 0.04498392 0.04610860
v -0.04302614 0.01331502 0.02035462
v -0.04499101 -0.00017770 0.02868229
v -0.04499959 0.00077943 0.05399972
v -0.04052019 0.02542483 0.01954841
v -0.04038643 0.02315187 0.02096629
v 0.04015576 0.02054119 0.02530848
v 0.04196918 0.01821720 0.01916313
v 0.01352202 0.04434382 0.04295492
v -0.04041910 0.02164316 0.02209460
v 0.01114594 0.04408681 0.04418325
v -0.03773975 0.02910137 0.02450561
v -0.04052019 0.02542483 0.01954841
v -0.03893172 0.02748680 0.02260971
v -0.04309672 0.01284044 0.03235554
v -0.04159832 0.01762241 0.02247536
v -0.03892612 0.02552592 0.02347368
v -0.03893172 0.02748680 0.02260971
v -0.02249890 0.03921198 0.05400145
v 0.03378808 0.02970933 0.04625117
v 0.01342964 0.04364967 0.04336524
v -0.04458576 0.00615454 0.05400002
v 0.01589953 0.04205083 0.04511642
v 0.01849633 0.04125756 0.05399924
v 0.00617003 0.04476571 0.04561114
v -0.04045677 0.02002096 0.02463865
v -0.03760516 0.02759623 0.02548027
v -0.03891980 0.02354609 0.02556788
v -0.04159492 0.01696115 0.02581954
v -0.03769737 0.02674639 0.02585601
v 0.00827312 0.04472130 0.04480046
v -0.03757095 0.02614104 0.02679049
v -0.04049921 0.01940798 0.02740943
v 0.04350328 0.01644527 0.01272821
v -0.00342572 0.04502397 0.04599857
v -0.00277984 0.04496955 0.04723322
v -0.04491502 0.00293332 0.05399990
v -0.01216602 0.04339778 0.04992663
v 0.00826728 0.04433614 0.04550915
v -0.00264388 0.04499322 0.05246406
v -0.03556728 0.02931118 0.02870357
v -0.03891146 0.02243113 0.02853584
v -0.03761565 0.02490806 0.02869892
v 0.04197961 0.01660418 0.02182817
v 0.02576148 0.03713101 0.05400031
v -0.03462111 0.03142535 0.02911758
v 0.01597553 0.04222619 0.05190974
v 0.04015517 0.02011221 0.02812129
v 0.02100777 0.03994446 0.05141419
v -0.03505325 0.02875506 0.03084278
v 0.04409754 0.01753473 0.00899792
v 0.01598167 0.04286289 0.04244327
v -0.03463840 0.02991819 0.03031349
v -0.03193283 0.03467077 0.03170204
v 0.00574917 0.04473280 0.05343878
v -0.03039538 0.03593432 0.03318774
v -0.03502357 0.03196239 0.02825641
v -0.03193283 0.03467077 0.03170204
v -0.03762722 0.02449560 0.03077840
v 0.04349207 0.01420682 0.01452767
v -0.03198122 0.03347051 0.03227412
v 0.03600960 0.02715033 0.05400109
v -0.03510510 0.02815479 0.03199172
v -0.03163814 0.03337275 0.03290176
v 0.01846110 0.04208552 0.04128921
v -0.04337269 0.01208007 0.05399990
v 0.01120030 0.04366242 0.04494392
v -0.03039538 0.03593432 0.03318774
v -0.02978312 0.03521919 0.03429400
v 0.00097427 0.04504358 0.04712080
v -0.03504908 0.02803730 0.03342676
v -0.03178358 0.03233480 0.03393316
v -0.03038579 0.03409451 0.03442364
v 0.01582133 0.04242277 0.04305553
v -0.04412323 0.00893569 0.05399972
v -0.00650263 0.04464000 0.05400002
v -0.04281133 0.01395869 0.05333101
v 0.03688246 0.02592563 0.05324780
v 0.01388955 0.04289501 0.04412448
v -0.03038597 0.03367620 0.03498691
v 0.04409760 0.01311230 0.01118838
v -0.01996821 0.04056406 0.05399847
v -0.02710533 0.03819262 0.03592205
v 0.04165375 0.01688534 0.02598994
v -0.02738571 0.03714275 0.03612518
v -0.03890413 0.02275449 0.05400002
v -0.03191936 0.03154802 0.03548979
v -0.02250277 0.04079806 0.03896898
v -0.02710533 0.03819262 0.03592205
v -0.02508926 0.03937906 0.03736591
v -0.02508926 0.03937906 0.03736591
v -0.01493126 0.04253733 0.04979377
v -0.03021550 0.03322148 0.03668308
v -0.02722549 0.03628778 0.03717422
v 0.02102816 0.04002302 0.05399858
v -0.03805088 0.02398347 0.04372555
v 0.01123195 0.04373967 0.05332708
v 0.02101707 0.04155051 0.03979778
v -0.02738571 0.03714275 0.03612518
v -0.02686369 0.03745949 0.03656488
v -0.02509260 0.03859341 0.03778409
v -0.02509260 0.03859341 0.03778409
v -0.03756320 0.02494668 0.05399698
v 0.04223573 0.01532858 0.02459615
v -0.04159349 0.01728945 0.05400002
v -0.01754415 0.04167461 0.05399990
v -0.02686369 0.03745949 0.03656488
v -0.02738571 0.03714275 0.03612518
v -0.02471625 0.03829228 0.03849303
v 0.01844501 0.04131412 0.04207706
v 0.01846402 0.04172456 0.04160058
v 0.01846110 0.04208552 0.04128921
v 0.01844501 0.04131412 0.04207706
v -0.02250277 0.04079806 0.03896898
v 0.04355329 0.01193565 0.01769870
v 0.04463940 0.01068627 0.00761694
v 0.02082443 0.04093122 0.04026794
v -0.01997566 0.04201740 0.04032027
v -0.02250277 0.04079806 0.03896898
v -0.01753807 0.04301548 0.04144942
v -0.02248984 0.04009264 0.03935390
v -0.00634766 0.04460573 0.04906260
v -0.03554022 0.02776664 0.05399733
v -0.02718991 0.03586298 0.03823196
v -0.04047894 0.01969510 0.04784637
v -0.01499122 0.04253989 0.05056297
v -0.02508211 0.03747808 0.03914690
v -0.02251040 0.03961706 0.03979587
v -0.02724528 0.03566324 0.03911530
v -0.01997566 0.04201740 0.04032027
v -0.01991266 0.04113709 0.04083919
v 0.04408586 0.00919211 0.01643109
v 0.04489850 0.01104050 0.00376028
v 0.02564036 0.03909111 0.03697967
v 0.02101707 0.04155051 0.03979778
v 0.02367401 0.04011380 0.03829002
v 0.03901386 0.02255702 0.05399817
v 0.02367401 0.04011380 0.03829002
v 0.01846402 0.04172456 0.04160058
v -0.01753807 0.04301548 0.04144942
v 0.02810359 0.03536933 0.05400002
v 0.01844501 0.04131412 0.04207706
v 0.02101320 0.04056930 0.04036700
v -0.02249336 0.03909063 0.04063129
v -0.01736819 0.04234349 0.04187393
v -0.02509343 0.03722774 0.04046005
v -0.00068057 0.04505193 0.04798173
v -0.01216602 0.04339778 0.04992663
v -0.01493126 0.04253733 0.04979377
v -0.01278501 0.04323214 0.04989224
v -0.01278501 0.04323214 0.04989224
v 0.01346951 0.04313963 0.05399453
v -0.01501083 0.04396528 0.04241263
v -0.01500320 0.04356276 0.04258537
v 0.01601874 0.04204654 0.04391801
v -0.01757049 0.04202401 0.04205691
v -0.04045677 0.01984709 0.05400002
v 0.04497820 0.00680614 0.00288767
v 0.02364158 0.03903961 0.03899002
v -0.00810909 0.04579478 0.04424524
v -0.01277542 0.04470968 0.04313933
v -0.01180267 0.04489898 0.04343438
v 0.04353255 0.01131290 0.02136778
v -0.00186533 0.04501122 0.04863595
v -0.01509213 0.04327744 0.04270732
v -0.01946091 0.04074025 0.04192185
v 0.01599806 0.04228466 0.05400031
v -0.00341672 0.04494249 0.05399924
v -0.01345551 0.04303956 0.05059421
v 0.02087008 0.04005527 0.04120957
v 0.02564036 0.03909111 0.03697967
v 0.02564430 0.03807163 0.03750407
v -0.01180267 0.04489898 0.04343438
v -0.01180267 0.04489898 0.04343438
v -0.01491814 0.04324316 0.04283428
v 0.04461127 0.00717038 0.01175451
v 0.04494249 0.00525659 0.00664234
v -0.01209831 0.04412925 0.04368281
v 0.00112271 0.04504543 0.04813915
v 0.04020321 0.02036446 0.05399942
v -0.00097752 0.04505866 0.05399841
v -0.01491451 0.04296815 0.04313087
v -0.00324315 0.04646694 0.04487782
v -0.00810909 0.04579478 0.04424524
v -0.00653410 0.04598778 0.04453110
v -0.01741600 0.04159951 0.04292726
v 0.02809321 0.03753268 0.03514099
v 0.02564036 0.03909111 0.03697967
v 0.02967834 0.03642559 0.03381443
v -0.00299483 0.04496014 0.04998600
v 0.01120030 0.04366242 0.04494392
v 0.02558112 0.03787446 0.03781217
v -0.01486301 0.04259562 0.04374361
v -0.01495456 0.04266393 0.05400151
v -0.00810909 0.04579478 0.04424524
v -0.00804329 0.04508316 0.04455077
v 0.02368259 0.03836596 0.04002428
v -0.01213264 0.04340648 0.04476153
v 0.03378373 0.02983677 0.05116987
v 0.04165601 0.01699191 0.04182070
v -0.00653410 0.04598778 0.04453110
v -0.00647926 0.04540860 0.04478251
v 0.02576935 0.03743726 0.03804785
v 0.02771174 0.03644692 0.03628635
v 0.02809321 0.03753268 0.03514099
v 0.04499650 -0.00017723 0.00769049
v -0.00061579 0.04612874 0.04512131
v -0.00324315 0.04646694 0.04487782
v -0.00295281 0.04591584 0.04508292
v 0.00090218 0.04658353 0.04499036
v -0.01209831 0.04412925 0.04368281
v -0.01213264 0.04340648 0.04476153
v -0.01205050 0.04364669 0.04425966
v 0.02967834 0.03642559 0.03381443
v 0.02577769 0.03698158 0.03886270
v 0.04463487 0.00570345 0.01736801
v 0.03390455 0.02978032 0.05399793
v 0.02962875 0.03496551 0.03476238
v 0.00238061 0.04500210 0.05292373
v 0.04495835 0.00222087 0.01246201
v 0.04463970 0.00575805 0.05399900
v -0.01209831 0.04412925 0.04368281
v 0.00340795 0.04638350 0.04488295
v 0.00090218 0.04658353 0.04499036
v 0.00620985 0.04610496 0.04454827
v 0.03204441 0.03402233 0.03181171
v 0.00362206 0.04493689 0.05399096
v 0.02896630 0.03454661 0.03677403
v 0.00219911 0.04500126 0.04892241
v 0.04499089 0.00000390 0.01274979
v -0.01205050 0.04364669 0.04425966
v 0.00086011 0.04505491 0.05395776
v 0.04404467 0.00932455 0.05399936
v 0.04500854 -0.00036633 0.05399590
v 0.04203850 0.01618981 0.05349636
v 0.00340795 0.04638350 0.04488295
v 0.03382188 0.03201442 0.03018242
v 0.04347836 0.01172155 0.05400019
v 0.04165452 0.01714116 0.05400079
v 0.04495412 0.00228179 0.05398887
v -0.02209293 -0.03934854 0.05399960
v -0.02509039 -0.03749758 0.05399835
v -0.02521044 -0.03720396 0.04790163
v 0.04490590 -0.01102733 0.00351441
v 0.01578140 -0.04347181 0.04217326
v 0.01293838 -0.04381167 0.04343354
v 0.04487079 -0.01049262 0.00449646
v 0.04459273 -0.01214730 0.00729924
v 0.04459089 -0.01579272 0.00598854
v 0.00820112 -0.04446887 0.04502713
v 0.00538188 -0.04470485 0.04586040
v 0.00532031 -0.04505383 0.04526507
v 0.01820641 -0.04129105 0.05399727
v 0.01564854 -0.04231584 0.05399292
v 0.01546096 -0.04210060 0.04474627
v 0.00812376 -0.04479646 0.04469984
v 0.04414016 -0.00936252 0.01562172
v 0.04323500 -0.01260322 0.01942288
v 0.04310965 -0.01504755 0.01609605
v 0.04413652 -0.01199859 0.01156902
v 0.01295328 -0.04339933 0.04384994
v 0.04459345 -0.00852787 0.01037031
v 0.00813842 -0.04429441 0.05399584
v 0.00512695 -0.04464554 0.04728150
v 0.00794148 -0.04420697 0.04600661
v 0.00265038 -0.04487466 0.04646110
v 0.00271899 -0.04517126 0.04565048
v 0.01657295 -0.04276120 0.04210281
v 0.01801109 -0.04274559 0.04123640
v 0.01554489 -0.04261291 0.04293143
v 0.03095734 -0.03254652 0.04632651
v 0.02796596 -0.03538113 0.05400031
v 0.02809768 -0.03503513 0.04647445
v -0.00101864 -0.04494541 0.04643344
v -0.00531101 -0.04464590 0.04697215
v -0.00449300 -0.04479926 0.04602617
v 0.04051488 -0.01961100 0.05399996
v 0.03903251 -0.02242666 0.05400091
v 0.03850853 -0.02302134 0.02972614
v 0.04051780 -0.01931053 0.02778089
v 0.04340791 -0.01167649 0.02841955
v 0.04281383 -0.01364970 0.02187764
v -0.01654112 -0.04183095 0.04917860
v -0.01800233 -0.04137915 0.05385017
v -0.02003663 -0.04023659 0.04795491
v 0.04491966 -0.00581098 0.00669712
v 0.03094393 -0.03276675 0.05360722
v 0.01822090 -0.04177570 0.04163450
v 0.04414069 -0.00860059 0.02018964
v 0.03210020 -0.03163480 0.05399960
v 0.03211307 -0.03140836 0.04612690
v 0.01293015 -0.04306656 0.04455304
v 0.04166775 -0.01674729 0.02430891
v 0.02138519 -0.04120814 0.03961455
v 0.01801109 -0.04274559 0.04123640
v 0.02298927 -0.04045629 0.03869152
v 0.04459422 -0.00611579 0.01636260
v -0.04494440 -0.00396097 0.00828218
v 0.01308453 -0.04315990 0.05398005
v -0.04470044 -0.01139307 0.00640583
v 0.04493737 -0.00254542 0.01225328
v 0.02138519 -0.04120814 0.03961455
v 0.03432983 -0.02918303 0.05399978
v 0.03440541 -0.02865082 0.03451168
v 0.00526243 -0.04468154 0.05399829
v 0.00282949 -0.04488205 0.05399864
v -0.04394418 -0.01799249 0.00976705
v -0.04472374 -0.00804859 0.00870567
v -0.01947194 -0.04071193 0.05399966
v 0.01559782 -0.04219055 0.04364800
v 0.02108174 -0.04068219 0.04013687
v -0.04391878 -0.01473963 0.01119267
v 0.03604680 -0.02699947 0.05400043
v 0.02298927 -0.04045629 0.03869152
v -0.04470747 -0.00524950 0.01393997
v 0.01809692 -0.04121375 0.04257321
v 0.02228152 -0.03998607 0.03956222
v -0.04391473 -0.01165795 0.01397371
v -0.04335165 -0.01516664 0.01436793
v 0.02101993 -0.03994596 0.04097366
v -0.01483595 -0.04245394 0.04959869
v 0.04413264 -0.00877148 0.05400002
v -0.04469352 -0.00522298 0.03778278
v -0.04223728 -0.01895701 0.01709640
v 0.03805559 -0.02405583 0.05366569
v 0.02317810 -0.03908812 0.03944969
v 0.04459661 -0.00597364 0.05400007
v -0.04123306 -0.02415275 0.01801681
v -0.04224014 -0.02242457 0.01546669
v -0.03975331 -0.02645725 0.02107048
v -0.04391998 -0.00973511 0.01867520
v 0.02366322 -0.03933078 0.03868407
v 0.04488849 -0.00314784 0.05400037
v -0.04336869 -0.01249825 0.01824188
v -0.01130962 -0.04361850 0.05317103
v -0.01108801 -0.04355627 0.04824090
v -0.01519125 -0.04248529 0.05399596
v -0.04122072 -0.02192395 0.01901423
v -0.04123306 -0.02415275 0.01801681
v 0.04165577 -0.01703822 0.05400019
v -0.00650644 -0.04448693 0.04897552
v -0.00989407 -0.04396027 0.05399829
v 0.04281836 -0.01382803 0.05280500
v 0.04341048 -0.01184475 0.05400019
v -0.04228520 -0.01657480 0.01935005
v 0.01814568 -0.04104155 0.04327011
v 0.02643394 -0.03848540 0.03641510
v -0.03981590 -0.02518582 0.02134323
v -0.03158497 -0.03174972 0.03936624
v -0.03349727 -0.02975195 0.03475034
v -0.02957344 -0.03364378 0.03768420
v -0.02899163 -0.03425365 0.04416304
v -0.03349184 -0.02983868 0.04198819
v -0.03700512 -0.02539074 0.04043334
v -0.03849339 -0.02318876 0.04468441
v -0.04020911 -0.02000784 0.03952968
v -0.04122120 -0.01987302 0.02071017
v -0.03995174 -0.02066344 0.04801172
v -0.03535223 -0.02771341 0.04522514
v -0.03158640 -0.03193110 0.04600197
v -0.04325914 -0.01220268 0.02274161
v -0.03700697 -0.02557349 0.04962348
v -0.03348737 -0.03000044 0.04843890
v -0.02956312 -0.03386247 0.04808712
v -0.03979820 -0.02342998 0.02250099
v -0.04216665 -0.01551616 0.03427886
v -0.04122292 -0.01780605 0.03174936
v -0.04204994 -0.01594305 0.04575514
v -0.04226440 -0.01533699 0.02275276
v -0.04223936 -0.01553839 0.05399966
v -0.04122996 -0.01805233 0.05400025
v -0.02717173 -0.03599596 0.05399513
v -0.04320317 -0.01243609 0.03652757
v -0.04314690 -0.01273185 0.04903465
v -0.04336822 -0.01203078 0.05399966
v -0.02284586 -0.03863883 0.04603302
v -0.02518796 -0.03707826 0.04378169
v 0.02312755 -0.03867769 0.04010820
v 0.02635657 -0.03722095 0.03733730
v -0.04124099 -0.01794362 0.02402925
v -0.04406929 -0.00903547 0.04582893
v -0.04397070 -0.00959527 0.05399894
v -0.02237278 -0.03900098 0.04862451
v 0.03095722 -0.03537070 0.03264605
v 0.02643394 -0.03848540 0.03641510
v 0.02787005 -0.03758049 0.03533446
v -0.04395741 -0.00946236 0.03398203
v -0.04474312 -0.00482434 0.05399954
v -0.01540786 -0.04217559 0.04696518
v -0.01906347 -0.04059559 0.04526436
v -0.03979301 -0.02176022 0.02445507
v -0.01093989 -0.04356223 0.04689961
v -0.01108801 -0.04355627 0.04824090
v -0.00405353 -0.04476892 0.04893565
v -0.00650644 -0.04448693 0.04897552
v -0.00405353 -0.04476892 0.04893565
v 0.02747929 -0.03699505 0.03605914
v -0.03705406 -0.02788531 0.02640146
v 0.02623260 -0.03709888 0.03766441
v -0.03979200 -0.02077621 0.02725279
v -0.03536224 -0.03143584 0.02785480
v -0.03702914 -0.02981323 0.02556896
v -0.03340613 -0.03334128 0.03015327
v 0.02148509 -0.03936696 0.04194355
v -0.03536224 -0.03143584 0.02785480
v 0.02787005 -0.03758049 0.03533446
v -0.03534913 -0.03009665 0.02855825
v 0.01278918 -0.04304254 0.04646873
v -0.03705155 -0.02614307 0.02836704
v 0.02804565 -0.03574228 0.03634834
v -0.00406069 -0.04477304 0.04981821
v -0.03534603 -0.02895355 0.02955913
v -0.03340613 -0.03334128 0.03015327
v -0.03348022 -0.03165829 0.03099185
v -0.03342139 -0.03200531 0.03076922
v -0.03348022 -0.03165829 0.03099185
v -0.03340613 -0.03334128 0.03015327
v -0.03703773 -0.02528977 0.03071248
v 0.02626371 -0.03656101 0.03852510
v -0.03534990 -0.02795654 0.03124636
v -0.03341484 -0.03070974 0.03211784
v -0.03342139 -0.03200531 0.03076922
v 0.02326601 -0.03827667 0.04159528
v -0.01800233 -0.04137915 0.05385017
v -0.01519125 -0.04248529 0.05399596
v -0.01947194 -0.04071193 0.05399966
v 0.03095722 -0.03537070 0.03264605
v 0.03210055 -0.03445816 0.03153038
v 0.03095722 -0.03537070 0.03264605
v 0.03447246 -0.03239345 0.02892017
v -0.03535038 -0.02754122 0.03362673
v -0.02959400 -0.03500872 0.03473365
v -0.02954310 -0.03541713 0.03447574
v -0.02959400 -0.03500872 0.03473365
v -0.02951908 -0.03632199 0.03399741
v -0.03344714 -0.03000450 0.03356868
v -0.00107795 -0.04494440 0.05399960
v 0.03095418 -0.03426873 0.03324025
v -0.02725780 -0.03773975 0.03587424
v -0.02951908 -0.03632199 0.03399741
v -0.02523899 -0.03920364 0.03725147
v -0.02960097 -0.03448116 0.03525149
v -0.02949762 -0.03402042 0.03622913
v -0.02954310 -0.03541713 0.03447574
v -0.02722722 -0.03705036 0.03634405
v 0.02625900 -0.03627580 0.03992050
v 0.03099524 -0.03347575 0.03384959
v -0.02719485 -0.03625822 0.03717613
v 0.01809102 -0.04105371 0.04549300
v -0.02498894 -0.03855520 0.03784900
v -0.02523899 -0.03920364 0.03725147
v 0.03212261 -0.03268706 0.03257179
v 0.03210055 -0.03445816 0.03153038
v -0.02505671 -0.03818297 0.03807055
v -0.02178001 -0.04106235 0.03937757
v -0.02523899 -0.03920364 0.03725147
v -0.02057635 -0.04165554 0.04001903
v 0.02805387 -0.03494966 0.03818345
v -0.02509117 -0.03764343 0.03870010
v -0.02178001 -0.04106235 0.03937757
v -0.02234268 -0.04000449 0.03947913
v -0.02725386 -0.03557622 0.03875339
v 0.03441429 -0.03121984 0.02953529
v 0.03447246 -0.03239345 0.02892017
v -0.01997470 -0.04119974 0.04069155
v -0.02191543 -0.03958511 0.04037463
v -0.02091836 -0.04071903 0.04025238
v -0.02234268 -0.04000449 0.03947913
v -0.01997470 -0.04119974 0.04069155
v 0.03146672 -0.03218579 0.03488034
v -0.02507627 -0.03716516 0.03993594
v -0.01872825 -0.04187107 0.04117584
v -0.02057635 -0.04165554 0.04001903
v -0.01840019 -0.04262053 0.04106998
v -0.02042198 -0.04059922 0.04084873
v -0.02091836 -0.04071903 0.04025238
v 0.02108389 -0.03966420 0.04735732
v 0.03602600 -0.03073501 0.02700793
v 0.03447246 -0.03239345 0.02892017
v 0.03804922 -0.02862536 0.02401053
v -0.01660001 -0.04296565 0.04195302
v 0.03438371 -0.03051787 0.03017467
v 0.03604269 -0.02907228 0.02776324
v 0.03602600 -0.03073501 0.02700793
v -0.01533508 -0.04379415 0.04231488
v -0.01691424 -0.04277741 0.04190433
v -0.01872825 -0.04187107 0.04117584
v -0.01660001 -0.04296565 0.04195302
v -0.01762771 -0.04187870 0.04204273
v -0.01474177 -0.04346275 0.04273259
v -0.01635348 -0.04275494 0.04221725
v -0.01872825 -0.04187107 0.04117584
v -0.01691424 -0.04277741 0.04190433
v -0.02193915 -0.03912699 0.04148006
v 0.03450506 -0.02979141 0.03067332
v 0.03148543 -0.03187584 0.03635203
v -0.01839256 -0.04121756 0.04219853
v 0.00315785 -0.04484057 0.04967385
v -0.02031409 -0.04007339 0.04196262
v -0.00967503 -0.04531896 0.04395413
v -0.01119267 -0.04504704 0.04357182
v -0.00634956 -0.04601955 0.04455113
v 0.03432083 -0.02912378 0.03235995
v -0.01506567 -0.04272341 0.04315519
v -0.01119267 -0.04504704 0.04357182
v -0.03983289 -0.02097529 0.05399942
v -0.01115500 -0.04431825 0.04388046
v 0.03804922 -0.02862536 0.02401053
v 0.03856897 -0.02612066 0.02404594
v 0.03900623 -0.02728068 0.02246844
v 0.04060935 -0.02523303 0.01938617
v 0.03603154 -0.02755939 0.02954602
v -0.00967503 -0.04531896 0.04395413
v -0.00414503 -0.04479247 0.05399876
v -0.00961399 -0.04458236 0.04430675
v 0.00303149 -0.04485058 0.05036532
v -0.00676739 -0.04450839 0.05399942
v -0.00406361 -0.04621756 0.04482877
v -0.00634956 -0.04601955 0.04455113
v -0.00120485 -0.04649132 0.04498624
v 0.03803288 -0.02562081 0.02585411
v -0.01772511 -0.04126846 0.04314279
v -0.00406361 -0.04621756 0.04482877
v -0.00660181 -0.04560267 0.04462277
v -0.00634956 -0.04601955 0.04455113
v -0.03706043 -0.02558726 0.05399966
v -0.01508331 -0.04234606 0.04394137
v -0.00103468 -0.04617106 0.04505300
v -0.00406933 -0.04581844 0.04494452
v -0.00670266 -0.04538148 0.04468923
v 0.04046535 -0.02416992 0.02012240
v 0.04060935 -0.02523303 0.01938617
v 0.03597205 -0.02676057 0.03190505
v -0.00653696 -0.04501551 0.04498195
v -0.00424617 -0.04540956 0.04516565
v -0.01053476 -0.04394447 0.04464602
v 0.03900480 -0.02331829 0.02533340
v 0.03843045 -0.02352476 0.02774095
v -0.03533804 -0.02793246 0.05399870
v 0.01308739 -0.04305928 0.05055505
v -0.00099724 -0.04575729 0.04524719
v 0.04055964 -0.02153396 0.02156054
v 0.04165363 -0.02338314 0.01704680
v 0.04060935 -0.02523303 0.01938617
v 0.04280209 -0.02134788 0.01385927
v 0.04165363 -0.02338314 0.01704680
v 0.04164052 -0.02118754 0.01792895
v -0.01051253 -0.04372876 0.04524224
v -0.03342235 -0.03022176 0.05400007
v 0.00276041 -0.04579550 0.04510462
v -0.00412792 -0.04505228 0.04556000
v 0.01815927 -0.04117125 0.05000382
v 0.00534916 -0.04603809 0.04470264
v 0.00295764 -0.04639780 0.04490792
v 0.00815439 -0.04572397 0.04425120
v 0.00534916 -0.04603809 0.04470264
v 0.01790255 -0.04129481 0.05033779
v -0.00680983 -0.04450458 0.04568445
v -0.00102180 -0.04527288 0.04567217
v 0.00535393 -0.04554319 0.04487991
v 0.04281783 -0.01820707 0.01492691
v 0.04280209 -0.02134788 0.01385927
v 0.04048740 -0.01981770 0.02454888
v 0.04163753 -0.01840710 0.02034330
v 0.04339957 -0.01981544 0.01189136
v 0.04280209 -0.02134788 0.01385927
v 0.04416227 -0.01783657 0.00862169
v 0.02318882 -0.03871119 0.05400288
v 0.04341030 -0.01641213 0.01309204
v 0.04339957 -0.01981544 0.01189136
v 0.01303565 -0.04310965 0.05182296
v 0.02109152 -0.03988909 0.05399960
v 0.00818110 -0.04511404 0.04444468
v -0.02959263 -0.03401738 0.05399936
v 0.04414105 -0.01521527 0.00946712
v 0.04416227 -0.01783657 0.00862169
v 0.02621960 -0.03670912 0.05399751
v 0.04416227 -0.01783657 0.00862169
v 0.03355109 0.04099833 0.02892446
v 0.02995872 0.04237067 0.03265953
v 0.03213119 0.04138565 0.03066241
v 0.04159927 0.02271258 -0.01547050
v 0.04261028 0.02362728 -0.01303184
v 0.04064655 0.02151381 -0.01821506
v 0.04261028 0.02362728 -0.01303184
v 0.04171454 0.02257746 -0.01565062
v 0.04064655 0.02151381 -0.01821506
v 0.02925693 0.04251039 0.03357625
v 0.03038775 0.04212749 0.03274714
v 0.03230845 0.04136610 0.03084933
v 0.03213119 0.04138565 0.03066241
v 0.02925693 0.04251039 0.03357625
v 0.04059588 0.02188766 -0.01773834
v 0.03959357 0.02063703 -0.02039337
v 0.03355109 0.04099833 0.02892446
v 0.03213119 0.04138565 0.03066241
v 0.03381145 0.04067802 0.02870750
v 0.03815066 0.01991939 -0.02254104
v 0.04059588 0.02188766 -0.01773834
v 0.03936755 0.02083206 -0.02033615
v 0.03936755 0.02083206 -0.02033615
v 0.03525006 0.03991973 0.02707087
v 0.03525006 0.03991973 0.02707087
v 0.03815066 0.01991939 -0.02254104
v 0.03409665 0.04055756 0.02885138
v 0.03577208 0.03970324 0.02673709
v 0.03230845 0.04136610 0.03084933
v 0.03710079 0.03899657 0.02418279
v 0.03355109 0.04099833 0.02892446
v 0.03525006 0.03991973 0.02707087
v 0.03839302 0.01977491 -0.02256584
v 0.03577208 0.03970324 0.02673709
v 0.03735864 0.03891944 0.02485120
v 0.03734385 0.03871721 0.02418804
v 0.03662300 0.01881396 -0.02507019
v 0.03708350 0.01893520 -0.02465903
v 0.03515243 0.01818835 -0.02695643
v 0.03734385 0.03871721 0.02418804
v 0.03431689 0.01757049 -0.02813708
v 0.03566139 0.01812791 -0.02666378
v 0.03854817 0.03790915 0.02208149
v -0.00821924 0.04691052 0.04352223
v -0.00987577 0.04654610 0.04333591
v -0.00548518 0.04686254 0.04408282
v -0.00395203 0.04716044 0.04411417
v 0.03989064 0.03702771 0.01923036
v -0.00548518 0.04686254 0.04408282
v -0.00987577 0.04654610 0.04333591
v -0.00824165 0.04663652 0.04394018
v 0.04017162 0.03666162 0.01910305
v 0.03515243 0.01818835 -0.02695643
v 0.03662300 0.01881396 -0.02507019
v 0.03431689 0.01757049 -0.02813708
v -0.00309765 0.04696565 0.04430115
v 0.03854817 0.03790915 0.02208149
v 0.03734385 0.03871721 0.02418804
v 0.04017162 0.03666162 0.01910305
v -0.00252342 0.04692029 0.04465413
v 0.03515243 0.01818835 -0.02695643
v 0.03130328 0.01634407 -0.03136444
v -0.00824165 0.04663652 0.04394018
v -0.00565201 0.04681766 0.04434549
v -0.00252342 0.04692029 0.04465413
v 0.04067909 0.03620254 0.01778745
v -0.00309765 0.04696565 0.04430115
v 0.00002866 0.04722005 0.04429125
v -0.00022908 0.04702275 0.04437512
v -0.00022908 0.04702275 0.04437512
v 0.00091004 0.04693722 0.04454863
v 0.04205060 0.03481626 0.01395499
v 0.04187965 0.03498840 0.01498985
v 0.04187965 0.03498840 0.01498985
v 0.04187965 0.03498840 0.01498985
v 0.00242257 0.04696559 0.04437559
v 0.00242257 0.04696559 0.04437559
v 0.02684402 0.01480185 -0.03524208
v 0.03130328 0.01634407 -0.03136444
v 0.02887713 0.01543617 -0.03363800
v 0.00550771 0.04706197 0.04394716
v 0.00002866 0.04722005 0.04429125
v 0.00442123 0.04697453 0.04412817
v 0.00242257 0.04696559 0.04437559
v 0.02896118 0.01524674 -0.03380095
v 0.04243654 0.03433787 0.01338577
v 0.00242257 0.04696559 0.04437559
v 0.00091004 0.04693722 0.04454863
v 0.00603861 0.04681128 0.04404306
v 0.02887713 0.01543617 -0.03363800
v 0.00603861 0.04681128 0.04404306
v 0.04344868 0.03271937 0.00860834
v 0.04321444 0.03308558 0.01001024
v 0.04364395 0.03255081 0.00898743
v 0.02533137 0.01423060 -0.03644180
v 0.02684402 0.01480185 -0.03524208
v 0.02887713 0.01543617 -0.03363800
v 0.02533137 0.01423060 -0.03644180
v 0.04344868 0.03271937 0.00860834
v 0.04321444 0.03308558 0.01001024
v 0.04364454 0.03222841 0.00792789
v 0.02709943 0.01463657 -0.03530508
v 0.02405130 0.01374405 -0.03750860
v 0.02896118 0.01524674 -0.03380095
v 0.04364454 0.03222841 0.00792789
v 0.01083874 0.04669111 0.04294878
v 0.00945282 0.04656863 0.04339766
v 0.02405130 0.01374405 -0.03750860
v 0.02684402 0.01480185 -0.03524208
v 0.02533137 0.01423060 -0.03644180
v 0.02211952 0.01360213 -0.03837776
v 0.00357276 0.04691565 0.04464042
v 0.02211952 0.01360213 -0.03837776
v 0.02533137 0.01423060 -0.03644180
v 0.02259051 0.01350390 -0.03818893
v 0.00945282 0.04656863 0.04339766
v 0.00357276 0.04691565 0.04464042
v 0.00935173 0.04654657 0.04371643
v 0.00357276 0.04691565 0.04464042
v 0.00433725 0.04691880 0.04463946
v 0.00935173 0.04654657 0.04371643
v 0.02259051 0.01350390 -0.03818893
v 0.01083874 0.04669111 0.04294878
v 0.00945282 0.04656863 0.04339766
v 0.01149165 0.04642391 0.04285240
v 0.04419893 0.03036481 0.00287050
v 0.04411244 0.03091287 0.00466245
v 0.04411244 0.03091287 0.00466245
v 0.04364395 0.03255081 0.00898743
v 0.04431939 0.03026962 0.00330347
v 0.00935173 0.04654657 0.04371643
v 0.01192915 0.04630625 0.04307997
v 0.01444149 0.04599285 0.04230213
v 0.01444149 0.04599285 0.04230213
v 0.02075564 0.01310825 -0.03919601
v 0.02078425 0.01300740 -0.03934383
v 0.02075564 0.01310825 -0.03919601
v 0.01149165 0.04642391 0.04285240
v 0.00945282 0.04656863 0.04339766
v 0.01444149 0.04599285 0.04230213
v 0.01722908 0.01256954 -0.04081618
v 0.01628679 0.04588437 0.04120111
v 0.01083874 0.04669111 0.04294878
v 0.01455307 0.04607260 0.04188776
v 0.01747500 0.01242434 -0.04083430
v 0.01565212 0.04579806 0.04170465
v 0.01149165 0.04642391 0.04285240
v 0.01444149 0.04599285 0.04230213
v 0.01565212 0.04579806 0.04170465
v 0.01747500 0.01242434 -0.04083430
v 0.04422777 0.02806806 -0.00258630
v 0.04437059 0.02891540 -0.00016594
v 0.01694715 0.04561108 0.04135930
v 0.04437059 0.02891540 -0.00016594
v 0.01641142 0.01219248 -0.04135423
v 0.02092921 0.04505717 0.03903853
v 0.01916122 0.04528665 0.03999418
v 0.04436814 0.02785110 -0.00274658
v 0.04436814 0.02785110 -0.00274658
v 0.01265227 0.01192224 -0.04245996
v 0.01333224 0.01185745 -0.04230868
v 0.02066326 0.04489576 0.03938198
v 0.01938682 0.04517096 0.04027003
v 0.02066326 0.04489576 0.03938198
v 0.01415050 0.01185822 -0.04217922
v 0.01333224 0.01185745 -0.04230868
v 0.04373311 0.02635473 -0.00703239
v 0.04396092 0.02658748 -0.00600046
v 0.02174770 0.04467487 0.03904211
v 0.04391098 0.02617073 -0.00684351
v 0.01009774 0.01134002 -0.04340428
v 0.04482424 0.02923578 0.00085068
v 0.02402687 0.04412353 0.03767859
v 0.02528572 0.04401659 0.03637588
v 0.02405548 0.04416126 0.03726565
v 0.02505099 0.04383099 0.03681170
v 0.02505099 0.04383099 0.03681170
v 0.01265227 0.01192224 -0.04245996
v 0.01333224 0.01185745 -0.04230868
v 0.00887680 0.01151090 -0.04340982
v 0.00779438 0.01126742 -0.04371738
v 0.00779438 0.01126742 -0.04371738
v 0.02590548 0.04366922 0.03598022
v 0.02528572 0.04401659 0.03637588
v 0.02405548 0.04416126 0.03726565
v 0.04289722 0.02460861 -0.01109492
v 0.02590548 0.04366922 0.03598022
v 0.04261028 0.02362728 -0.01303184
v 0.04261028 0.02362728 -0.01303184
v 0.02624702 0.04349422 0.03616511
v 0.02528572 0.04401659 0.03637588
v 0.02805697 0.04300451 0.03432452
v 0.02805697 0.04300451 0.03432452
v 0.04198443 0.02344977 -0.01411432
v 0.04289722 0.02460861 -0.01109492
v 0.04237639 0.02363586 -0.01321017
v 0.04289722 0.02460861 -0.01109492
v 0.04237639 0.02363586 -0.01321017
v 0.02835983 0.04284960 0.03452450
v -0.04123473 0.03565645 0.01649856
v -0.04215717 0.03483295 0.01466929
v -0.04001832 0.03677541 0.01930165
v -0.03408610 0.01766192 -0.02828979
v -0.03295135 0.01706695 -0.02961719
v -0.03493881 0.01773154 -0.02758491
v -0.04001832 0.03677541 0.01930165
v -0.04072088 0.03628540 0.01741981
v -0.04001832 0.03677541 0.01930165
v -0.03812968 0.03833675 0.02254867
v -0.03859448 0.03787994 0.02208137
v -0.03116226 0.01618385 -0.03160095
v -0.03320622 0.01691949 -0.02965486
v -0.03493881 0.01773154 -0.02758491
v -0.03859448 0.03787994 0.02208137
v -0.03707981 0.01935291 -0.02422714
v -0.03655529 0.01860332 -0.02540671
v -0.03678131 0.03906399 0.02496480
v -0.03919112 0.02034413 -0.02116203
v -0.03655529 0.01860332 -0.02540671
v -0.03804236 0.01954483 -0.02315658
v -0.03919112 0.02034413 -0.02116203
v -0.03538036 0.04003655 0.02664947
v -0.03678131 0.03906399 0.02496480
v -0.04002380 0.02140522 -0.01900088
v -0.03914833 0.02064895 -0.02078247
v -0.03538036 0.04003655 0.02664947
v -0.03678131 0.03906399 0.02496480
v -0.03495776 0.04007816 0.02737414
v 0.00887680 0.01151090 -0.04340982
v 0.00779438 0.01126742 -0.04371738
v 0.00411367 0.01126658 -0.04410636
v 0.00779438 0.01126742 -0.04371738
v 0.01009774 0.01134002 -0.04340428
v 0.00384140 0.01107949 -0.04419720
v 0.01009774 0.01134002 -0.04340428
v 0.00593829 0.01108855 -0.04408687
v 0.00384140 0.01107949 -0.04419720
v 0.00411367 0.01126658 -0.04410636
v 0.00779438 0.01126742 -0.04371738
v 0.00384140 0.01107949 -0.04419720
v -0.03495776 0.04007816 0.02737414
v -0.03678131 0.03906399 0.02496480
v -0.03344714 0.04084444 0.02960777
v -0.03120994 0.04191386 0.03143310
v -0.03538036 0.04003655 0.02664947
v -0.03326117 0.04093492 0.02934265
v 0.00345486 0.01098608 -0.04435157
v -0.03326117 0.04093492 0.02934265
v -0.04155153 0.02239596 -0.01606178
v -0.03495776 0.04007816 0.02737414
v -0.03344714 0.04084444 0.02960777
v -0.03326117 0.04093492 0.02934265
v -0.04208838 0.02348041 -0.01384341
v -0.04141235 0.02267920 -0.01577377
v -0.03344714 0.04084444 0.02960777
v -0.00012338 0.01117289 -0.04430288
v -0.00012338 0.01117289 -0.04430288
v -0.03076905 0.04194682 0.03218543
v -0.03919112 0.02034413 -0.02116203
v -0.04048061 0.02138268 -0.01859188
v -0.04155153 0.02239596 -0.01606178
v -0.03076905 0.04194682 0.03218543
v -0.03344714 0.04084444 0.02960777
v -0.03159826 0.04165875 0.03157711
v -0.03076905 0.04194682 0.03218543
v -0.02982616 0.04232168 0.03291511
v -0.02983236 0.04233723 0.03325659
v 0.00091779 0.01093190 -0.04447466
v -0.00173599 0.01093113 -0.04444444
v 0.00345486 0.01098608 -0.04435157
v -0.02795982 0.04297733 0.03485107
v -0.02683639 0.04349941 0.03523916
v -0.00012338 0.01117289 -0.04430288
v 0.00345486 0.01098608 -0.04435157
v -0.00408602 0.01098716 -0.04428714
v -0.00408602 0.01098716 -0.04428714
v -0.02689743 0.04330158 0.03539741
v -0.04321575 0.02450013 -0.01088428
v -0.04246503 0.02344596 -0.01350116
v -0.04321575 0.02450013 -0.01088428
v -0.04155153 0.02239596 -0.01606178
v -0.02689743 0.04330158 0.03539741
v -0.00535965 0.01126044 -0.04398089
v -0.00012338 0.01117289 -0.04430288
v -0.00408602 0.01098716 -0.04428714
v -0.04344940 0.02569723 -0.00860214
v -0.04290008 0.02446734 -0.01122272
v -0.04344940 0.02569723 -0.00860214
v -0.04290008 0.02446734 -0.01122272
v -0.04360193 0.02555847 -0.00836944
v -0.04360193 0.02555847 -0.00836944
v -0.02795982 0.04297733 0.03485107
v -0.02605354 0.04356795 0.03630226
v -0.02403628 0.04412209 0.03767204
v -0.02213096 0.04480969 0.03836536
v -0.02404594 0.04417502 0.03726387
v -0.00938034 0.01144540 -0.04335165
v -0.00938034 0.01144540 -0.04335165
v -0.00408602 0.01098716 -0.04428714
v -0.00647443 0.01111584 -0.04401046
v -0.02689743 0.04330158 0.03539741
v -0.02795982 0.04297733 0.03485107
v -0.02218437 0.04456555 0.03849303
v -0.02404594 0.04417502 0.03726387
v -0.02689743 0.04330158 0.03539741
v -0.02218437 0.04456555 0.03849303
v -0.01075255 0.01172477 -0.04297304
v -0.02218437 0.04456555 0.03849303
v -0.04420435 0.02796065 -0.00289249
v -0.04405641 0.02683150 -0.00531387
v -0.00882339 0.01127809 -0.04359912
v -0.02213096 0.04480969 0.03836536
v -0.02404594 0.04417502 0.03726387
v -0.02218437 0.04456555 0.03849303
v -0.04405641 0.02683150 -0.00531387
v -0.04443585 0.02816385 -0.00186914
v -0.01115787 0.01148080 -0.04305350
v -0.01722908 0.04572987 0.04081249
v -0.01954269 0.04512834 0.03988444
v -0.01599299 0.01231873 -0.04132175
v -0.01075255 0.01172477 -0.04297304
v -0.01357269 0.01194226 -0.04218661
v -0.01075255 0.01172477 -0.04297304
v -0.00938034 0.01144540 -0.04335165
v -0.01357269 0.01194226 -0.04218661
v -0.02218437 0.04456555 0.03849303
v -0.02403628 0.04412209 0.03767204
v -0.01954269 0.04512834 0.03988444
v -0.01954269 0.04512834 0.03988444
v -0.04438096 0.02876269 -0.00055504
v -0.01373577 0.01180469 -0.04231590
v -0.01722323 0.04560124 0.04092776
v -0.04422140 0.03023523 0.00250804
v -0.04422140 0.03023523 0.00250804
v -0.04438096 0.02876269 -0.00055504
v -0.04418820 0.03070998 0.00421524
v -0.04418820 0.03070998 0.00421524
v -0.04438096 0.02876269 -0.00055504
v -0.04433298 0.02989578 0.00225824
v -0.04438096 0.02876269 -0.00055504
v -0.04443585 0.02816385 -0.00186914
v -0.04433298 0.02989578 0.00225824
v -0.01722323 0.04560124 0.04092776
v -0.01954269 0.04512834 0.03988444
v -0.01726526 0.04552900 0.04106712
v -0.04433476 0.03063392 0.00429535
v -0.01741904 0.04553133 0.04116201
v -0.01726526 0.04552900 0.04106712
v -0.01489245 0.04589581 0.04215037
v -0.01421642 0.04606401 0.04208970
v -0.01257508 0.04646337 0.04246461
v -0.01421642 0.04606401 0.04208970
v -0.01489245 0.04589581 0.04215037
v -0.04365432 0.03224295 0.00747621
v -0.04422140 0.03023523 0.00250804
v -0.04418820 0.03070998 0.00421524
v -0.01373577 0.01180469 -0.04231590
v -0.01619607 0.01215839 -0.04143887
v -0.01863861 0.01257097 -0.04039764
v -0.02082335 0.01330590 -0.03909909
v -0.01599299 0.01231873 -0.04132175
v -0.01856994 0.01267659 -0.04028320
v -0.04418820 0.03070998 0.00421524
v -0.04433298 0.02989578 0.00225824
v -0.04433476 0.03063392 0.00429535
v -0.01373577 0.01180469 -0.04231590
v -0.01856994 0.01267659 -0.04028320
v -0.01373577 0.01180469 -0.04231590
v -0.01863861 0.01257097 -0.04039764
v -0.02082335 0.01330590 -0.03909909
v -0.01856994 0.01267659 -0.04028320
v -0.02215385 0.01343536 -0.03843212
v -0.04378986 0.03192889 0.00730514
v -0.04378986 0.03192889 0.00730514
v -0.02215385 0.01343536 -0.03843212
v -0.02288424 0.01347815 -0.03816115
v -0.02080345 0.01300287 -0.03933191
v -0.01050657 0.04644262 0.04345309
v -0.01489245 0.04589581 0.04215037
v -0.01265025 0.04622298 0.04287368
v -0.01050657 0.04644262 0.04345309
v -0.00821924 0.04691052 0.04352223
v -0.01257508 0.04646337 0.04246461
v -0.00987577 0.04654610 0.04333591
v -0.01257508 0.04646337 0.04246461
v -0.01421642 0.04606401 0.04208970
v -0.00987577 0.04654610 0.04333591
v -0.02528381 0.01426315 -0.03640353
v -0.02082335 0.01330590 -0.03909909
v -0.04378986 0.03192889 0.00730514
v -0.04342401 0.03275299 0.00937843
v -0.04274952 0.03387928 0.01159560
v -0.04342401 0.03275299 0.00937843
v -0.04268395 0.03392839 0.01220655
v -0.04268395 0.03392839 0.01220655
v -0.04342401 0.03275299 0.00937843
v -0.04215717 0.03483295 0.01466929
v -0.04189431 0.03496801 0.01440811
v -0.02514368 0.01406520 -0.03671950
v -0.02730280 0.01469981 -0.03514868
v -0.02528381 0.01426315 -0.03640353
v -0.02810478 0.01504755 -0.03437983
v -0.02973175 0.01582336 -0.03283596
v -0.02810478 0.01504755 -0.03437983
v -0.02528381 0.01426315 -0.03640353
v -0.03116226 0.01618385 -0.03160095
v -0.02937358 0.01538866 -0.03344345
v -0.04123473 0.03565645 0.01649856
v -0.04123473 0.03565645 0.01649856
v -0.04268395 0.03392839 0.01220655
v -0.04215717 0.03483295 0.01466929
v -0.04072088 0.03628540 0.01741981
v -0.03134238 0.01612412 -0.03161227
v -0.02973175 0.01582336 -0.03283596
v -0.02810478 0.01504755 -0.03437983
v -0.03116226 0.01618385 -0.03160095
v -0.02973175 0.01582336 -0.03283596
v -0.03116226 0.01618385 -0.03160095
v -0.04001832 0.03677541 0.01930165
v 0.00064856 0.04369401 0.05258542
v -0.00022672 0.04370439 0.05270153
v -0.00097752 0.04505866 0.05399841
v 0.00086011 0.04505491 0.05395776
v 0.00120127 0.04358613 0.05219113
v 0.00064856 0.04369401 0.05258542
v 0.00238061 0.04500210 0.05292373
v 0.00086011 0.04505491 0.05395776
v 0.00158101 0.04369509 0.05165845
v 0.00120127 0.04358613 0.05219113
v 0.00238061 0.04500210 0.05292373
v 0.00304115 0.04496002 0.05070173
v 0.00168335 0.04370415 0.05055701
v 0.00104642 0.04369950 0.04964411
v 0.00168335 0.04370415 0.05055701
v 0.00219911 0.04500126 0.04892241
v 0.00304115 0.04496002 0.05070173
v 0.00112271 0.04504543 0.04813915
v -0.03756320 0.02494668 0.05399698
v -0.00097752 0.04505866 0.05399841
v -0.03554022 0.02776664 0.05399733
v -0.02507174 0.03759962 0.05399972
v -0.02722942 0.03606170 0.05400002
v -0.02979689 0.03393352 0.05399787
v -0.03153675 0.03231656 0.05400204
v -0.04223936 -0.01553839 0.05399966
v -0.00107795 -0.04494440 0.05399960
v -0.04336822 -0.01203078 0.05399966
v -0.00989407 -0.04396027 0.05399829
v -0.00676739 -0.04450839 0.05399942
v -0.01947194 -0.04071193 0.05399966
v -0.01519125 -0.04248529 0.05399596
v -0.04397070 -0.00959527 0.05399894
v -0.02209293 -0.03934854 0.05399960
v 0.02367603 0.03850191 0.05400031
v 0.02102816 0.04002302 0.05399858
v 0.00832719 0.04436337 0.05399346
v 0.01849633 0.04125756 0.05399924
v 0.01599806 0.04228466 0.05400031
v 0.01346951 0.04313963 0.05399453
v -0.00414503 -0.04479247 0.05399876
v -0.02509039 -0.03749758 0.05399835
v -0.04474312 -0.00482434 0.05399954
v -0.02717173 -0.03599596 0.05399513
v -0.02959263 -0.03401738 0.05399936
v -0.03342235 -0.03022176 0.05400007
v 0.04488849 -0.00314784 0.05400037
v 0.04500854 -0.00036633 0.05399590
v 0.04495412 0.00228179 0.05398887
v 0.04463970 0.00575805 0.05399900
v 0.04404467 0.00932455 0.05399936
v 0.04347836 0.01172155 0.05400019
v 0.04165452 0.01714116 0.05400079
v -0.03533804 -0.02793246 0.05399870
v 0.04020321 0.02036446 0.05399942
v 0.03901386 0.02255702 0.05399817
v 0.03600960 0.02715033 0.05400109
v 0.03390455 0.02978032 0.05399793
v 0.03208380 0.03174805 0.05399686
v 0.02810359 0.03536933 0.05400002
v 0.02576148 0.03713101 0.05400031
v 0.00362206 0.04493689 0.05399096
v 0.00362206 0.04493689 0.05399096
v 0.00086011 0.04505491 0.05395776
v -0.00097752 0.04505866 0.05399841
v -0.04499959 0.00077943 0.05399972
v 0.01820641 -0.04129105 0.05399727
v 0.02109152 -0.03988909 0.05399960
v 0.00813842 -0.04429441 0.05399584
v 0.01564854 -0.04231584 0.05399292
v 0.01308453 -0.04315990 0.05398005
v -0.04491502 0.00293332 0.05399990
v -0.03706043 -0.02558726 0.05399966
v 0.00526243 -0.04468154 0.05399829
v -0.04458576 0.00615454 0.05400002
v -0.00341672 0.04494249 0.05399924
v -0.00650263 0.04464000 0.05400002
v 0.02796596 -0.03538113 0.05400031
v 0.03210020 -0.03163480 0.05399960
v 0.02621960 -0.03670912 0.05399751
v -0.04412323 0.00893569 0.05399972
v 0.02318882 -0.03871119 0.05400288
v -0.03983289 -0.02097529 0.05399942
v -0.04337269 0.01208007 0.05399990
v 0.04051488 -0.01961100 0.05399996
v 0.04165577 -0.01703822 0.05400019
v 0.00282949 -0.04488205 0.05399864
v 0.03903251 -0.02242666 0.05400091
v 0.03604680 -0.02699947 0.05400043
v 0.03432983 -0.02918303 0.05399978
v -0.04159349 0.01728945 0.05400002
v -0.01217061 0.04352086 0.05399847
v -0.01754415 0.04167461 0.05399990
v -0.01495456 0.04266393 0.05400151
v 0.04459661 -0.00597364 0.05400007
v 0.04413264 -0.00877148 0.05400002
v -0.04045677 0.01984709 0.05400002
v 0.04341048 -0.01184475 0.05400019
v -0.04122996 -0.01805233 0.05400025
v -0.01996821 0.04056406 0.05399847
v -0.03890413 0.02275449 0.05400002
v -0.02249890 0.03921198 0.05400145
v 0.00522208 0.04831814 0.04396528
v 0.00550771 0.04706197 0.04394716
v 0.01601397 0.04731857 0.04125595
v 0.01036798 0.04793208 0.04304409
v 0.01083874 0.04669111 0.04294878
v 0.01628679 0.04588437 0.04120111
v 0.01852726 0.04682499 0.04019707
v 0.02092921 0.04505717 0.03903853
v 0.02114200 0.04629266 0.03889465
v 0.02528572 0.04401659 0.03637588
v 0.02602529 0.04502058 0.03580713
v 0.03050839 0.04356122 0.03207194
v 0.02995872 0.04237067 0.03265953
v 0.03355109 0.04099833 0.02892446
v 0.03444778 0.04183828 0.02780050
v 0.03710079 0.03899657 0.02418279
v 0.03780651 0.03990525 0.02302157
v 0.03989064 0.03702771 0.01923036
v 0.04028260 0.03793817 0.01838374
v 0.04205060 0.03481626 0.01395499
v 0.04239398 0.03570061 0.01275396
v 0.04344868 0.03271937 0.00860834
v 0.04362756 0.03370529 0.00741249
v 0.04419893 0.03036481 0.00287050
v 0.04424428 0.03125017 0.00160015
v 0.04422777 0.02806806 -0.00258630
v 0.04401952 0.02902042 -0.00436592
v 0.04373311 0.02635473 -0.00703239
v 0.04318732 0.02675652 -0.00971341
v 0.04289722 0.02460861 -0.01109492
v 0.04152238 0.02443587 -0.01536881
v 0.04198443 0.02344977 -0.01411432
v 0.04059588 0.02188766 -0.01773834
v 0.03931999 0.02254951 -0.02031517
v 0.03815066 0.01991939 -0.02254104
v 0.03651714 0.02066648 -0.02500343
v 0.03515243 0.01818835 -0.02695643
v 0.03328406 0.01890015 -0.02919197
v 0.03130328 0.01634407 -0.03136444
v 0.02957439 0.01737165 -0.03294503
v 0.02684402 0.01480185 -0.03524208
v 0.02499008 0.01609081 -0.03651320
v 0.02211952 0.01360213 -0.03837776
v 0.02034842 0.01487416 -0.03931605
v 0.01722908 0.01256954 -0.04081618
v 0.01561152 0.01404476 -0.04141891
v 0.01217937 0.01350760 -0.04256415
v 0.00826025 0.01327753 -0.04347980
v 0.00411367 0.01126658 -0.04410636
v 0.00409508 0.01304715 -0.04405826
v -0.00162399 0.04352003 0.05153954
v -0.00168008 0.04351747 0.05061703
v -0.00170284 0.04369860 0.05078673
v -0.00162399 0.04352003 0.05153954
v -0.00170284 0.04369860 0.05078673
v -0.00157541 0.04369938 0.05167114
v -0.00120741 0.04353332 0.05221337
v -0.00162399 0.04352003 0.05153954
v -0.00157541 0.04369938 0.05167114
v -0.00120741 0.04353332 0.05221337
v -0.00157541 0.04369938 0.05167114
v -0.00104523 0.04369962 0.05235683
v -0.00053161 0.04354745 0.05262655
v -0.00120741 0.04353332 0.05221337
v -0.00104523 0.04369962 0.05235683
v -0.00053161 0.04354745 0.05262655
v -0.00104523 0.04369962 0.05235683
v -0.00022672 0.04370439 0.05270153
v 0.00039828 0.04354792 0.05267655
v -0.00053161 0.04354745 0.05262655
v -0.00022672 0.04370439 0.05270153
v 0.00039828 0.04354792 0.05267655
v -0.00022672 0.04370439 0.05270153
v 0.00064856 0.04369401 0.05258542
v 0.00039828 0.04354792 0.05267655
v 0.00173521 0.04351449 0.05119597
v 0.00173521 0.04351449 0.05119597
v 0.00158101 0.04369509 0.05165845
v 0.00168335 0.04370415 0.05055701
v -0.03411144 -0.06579977 -0.02938503
v -0.03676307 -0.06580001 -0.02595055
v -0.03937804 -0.06579953 -0.02182900
v 0.01214063 -0.06580001 -0.04333108
v 0.00738114 -0.06580001 -0.04441457
v 0.04477894 -0.06580007 -0.00460380
v -0.04198265 -0.06580007 -0.01626431
v 0.04380667 -0.06580013 -0.01039540
v 0.00126547 -0.06580001 -0.04500591
v -0.04380679 -0.06580001 -0.01039540
v 0.04198265 -0.06580007 -0.01626431
v -0.00487471 -0.06580007 -0.04475927
v -0.04481405 -0.06580001 -0.00433391
v 0.03937757 -0.06579953 -0.02182865
v -0.00915533 -0.06580001 -0.04405874
v -0.01387882 -0.06580018 -0.04283154
v 0.03603827 -0.06580018 -0.02698791
v -0.01792776 -0.06580001 -0.04127430
v 0.03202772 -0.06580001 -0.03164434
v -0.02230167 -0.06580001 -0.03911244
v 0.02742052 -0.06580001 -0.03571081
v -0.02595019 -0.06580001 -0.03676348
v 0.02207088 -0.06579953 -0.03925430
v -0.02979469 -0.06580001 -0.03375470
v 0.01651430 -0.06579977 -0.04187703
v -0.02639091 0.01646792 -0.03551089
v -0.01940727 0.04678827 0.03967034
v -0.02411711 0.04575723 0.03681617
v -0.02451264 0.04554826 0.03682494
v -0.01984286 0.04674124 0.03924340
v -0.01984286 0.04674124 0.03924340
v -0.01704537 0.04728221 0.04061675
v -0.02411711 0.04575723 0.03681617
v -0.03066635 0.01796865 -0.03185927
v -0.02639091 0.01646792 -0.03551089
v -0.01940727 0.04678827 0.03967034
v -0.01994144 0.04644733 0.03952884
v -0.01731443 0.04694789 0.04075300
v -0.04399979 0.03239727 0.00383854
v -0.04291331 0.03484904 0.00975799
v -0.04401910 0.03043365 -0.00117487
v -0.01704537 0.04728221 0.04061675
v -0.04327672 0.03440892 0.00891685
v -0.04327672 0.03440892 0.00891685
v -0.04399979 0.03239727 0.00383854
v -0.03066635 0.01796865 -0.03185927
v -0.02672195 0.01671600 -0.03509140
v -0.02639091 0.01646792 -0.03551089
v -0.04327672 0.03440892 0.00891685
v -0.01704537 0.04728221 0.04061675
v -0.03280258 0.01898193 -0.02952563
v -0.04174840 0.03663814 0.01442945
v -0.04174840 0.03663814 0.01442945
v -0.04310554 0.03468018 0.01012480
v -0.01464688 0.04739511 0.04178416
v -0.03280258 0.01898193 -0.02952563
v -0.03066635 0.01796865 -0.03185927
v -0.03235626 0.01852035 -0.03022384
v -0.04123306 0.03709208 0.01531589
v -0.01392555 0.04773473 0.04184079
v -0.03443133 0.01957130 -0.02780151
v -0.00822449 0.04819667 0.04346394
v -0.03917241 0.03902208 0.02055454
v -0.04155617 0.03673595 0.01529419
v -0.01153135 0.04798340 0.04264283
v -0.03921747 0.03899323 0.02009379
v -0.00134414 0.01302844 -0.04418474
v 0.00826025 0.01327753 -0.04347980
v 0.00409508 0.01304715 -0.04405826
v -0.01153135 0.04798340 0.04264283
v -0.00822449 0.04819667 0.04346394
v -0.00819278 0.04833453 0.04326397
v -0.03757464 0.02152431 -0.02310562
v -0.03443133 0.01957130 -0.02780151
v -0.03771400 0.02135610 -0.02318108
v -0.00134414 0.01302844 -0.04418474
v 0.00409508 0.01304715 -0.04405826
v -0.00000289 0.01283085 -0.04427587
v -0.01392555 0.04773473 0.04184079
v -0.00819278 0.04833453 0.04326397
v -0.00388509 0.04858475 0.04377108
v -0.01392555 0.04773473 0.04184079
v -0.01153135 0.04798340 0.04264283
v -0.00819278 0.04833453 0.04326397
v -0.03921747 0.03899323 0.02009379
v -0.03657239 0.04081451 0.02464276
v -0.04123306 0.03709208 0.01531589
v -0.03657239 0.04081451 0.02464276
v -0.03917241 0.03902208 0.02055454
v -0.03632318 0.04083502 0.02529001
v -0.00134414 0.01302844 -0.04418474
v -0.03657239 0.04081451 0.02464276
v -0.03990173 0.02329063 -0.01884460
v -0.04046189 0.02354943 -0.01791191
v -0.03990173 0.02329063 -0.01884460
v -0.03757464 0.02152431 -0.02310562
v -0.04046189 0.02354943 -0.01791191
v -0.00667477 0.01322293 -0.04370033
v -0.00134414 0.01302844 -0.04418474
v -0.00522852 0.01298207 -0.04396224
v -0.00667477 0.01322293 -0.04370033
v -0.04218864 0.02568423 -0.01290118
v -0.03990173 0.02329063 -0.01884460
v -0.04046189 0.02354943 -0.01791191
v -0.04248309 0.02573525 -0.01241385
v -0.03293740 0.04264008 0.02945804
v -0.03293740 0.04264008 0.02945804
v -0.03282737 0.04273027 0.02932298
v -0.01234245 0.01373493 -0.04243755
v -0.00667477 0.01322293 -0.04370033
v -0.01034069 0.01337945 -0.04304683
v -0.01234245 0.01373493 -0.04243755
v -0.04342031 0.02751016 -0.00819206
v -0.04342031 0.02751016 -0.00819206
v -0.02877426 0.04429900 0.03351485
v -0.04354321 0.02803421 -0.00704569
v -0.01709747 0.01441323 -0.04076004
v -0.01234245 0.01373493 -0.04243755
v -0.01583755 0.01408571 -0.04133582
v -0.02868461 0.04436516 0.03336250
v -0.02877426 0.04429900 0.03351485
v -0.01709747 0.01441323 -0.04076004
v -0.04354321 0.02803421 -0.00704569
v -0.04342031 0.02751016 -0.00819206
v -0.04379487 0.02799773 -0.00651360
v -0.04421877 0.03025770 -0.00130695
v -0.02190399 0.01534843 -0.03841006
v -0.01709747 0.01441323 -0.04076004
v -0.02099132 0.01498019 -0.03897559
v -0.02451264 0.04554826 0.03682494
v -0.04401910 0.03043365 -0.00117487
v -0.04354321 0.02803421 -0.00704569
v -0.04421877 0.03025770 -0.00130695
v -0.02190399 0.01534843 -0.03841006
v -0.01709747 0.01441323 -0.04076004
v -0.02190399 0.01534843 -0.03841006
v -0.02639091 0.01646792 -0.03551089
v -0.02190399 0.01534843 -0.03841006
v -0.02580118 0.01613450 -0.03598499
v -0.04399979 0.03239727 0.00383854
v -0.02451264 0.04554826 0.03682494
v 0.02075481 0.04654657 0.03887736
v 0.01855039 0.04700291 0.03992038
v 0.02114200 0.04629266 0.03889465
v 0.01914978 0.01479053 -0.03983008
v 0.02865791 0.01727390 -0.03365135
v 0.02499008 0.01609081 -0.03651320
v 0.02320766 0.04599523 0.03748595
v 0.01855039 0.04700291 0.03992038
v 0.02075481 0.04654657 0.03887736
v 0.04411023 0.03147125 0.00150490
v 0.04347658 0.03378760 0.00718301
v 0.04362756 0.03370529 0.00741249
v 0.02320766 0.04599523 0.03748595
v 0.02320766 0.04599523 0.03748595
v 0.04401952 0.02902042 -0.00436592
v 0.04424428 0.03125017 0.00160015
v 0.01914978 0.01479053 -0.03983008
v 0.02499008 0.01609081 -0.03651320
v 0.02034842 0.01487416 -0.03931605
v 0.04387938 0.02931213 -0.00393677
v 0.04411023 0.03147125 0.00150490
v 0.04401952 0.02902042 -0.00436592
v 0.01914978 0.01479053 -0.03983008
v 0.02638065 0.04512852 0.03526723
v 0.02320766 0.04599523 0.03748595
v 0.02602529 0.04502058 0.03580713
v 0.02744334 0.04474407 0.03458219
v 0.02744334 0.04474407 0.03458219
v 0.01540362 0.01418578 -0.04137217
v 0.01914978 0.01479053 -0.03983008
v 0.01561152 0.01404476 -0.04141891
v 0.01238346 0.01369416 -0.04246413
v 0.01238346 0.01369416 -0.04246413
v 0.03120028 0.04343938 0.03119993
v 0.02744334 0.04474407 0.03458219
v 0.03050839 0.04356122 0.03207194
v 0.04305267 0.02694988 -0.00971222
v 0.04401952 0.02902042 -0.00436592
v 0.03120028 0.04343938 0.03119993
v 0.02638065 0.04512852 0.03526723
v 0.02744334 0.04474407 0.03458219
v 0.03120028 0.04343938 0.03119993
v 0.03407669 0.04212749 0.02778625
v 0.02638065 0.04512852 0.03526723
v 0.03120028 0.04343938 0.03119993
v 0.04305267 0.02694988 -0.00971222
v -0.00336015 0.04855746 0.04402142
v -0.00412422 0.04833036 0.04408264
v 0.04159498 0.02486610 -0.01485049
v 0.01238346 0.01369416 -0.04246413
v 0.01540362 0.01418578 -0.04137217
v -0.00388509 0.04858475 0.04377108
v 0.03486526 0.04174757 0.02708673
v 0.03120028 0.04343938 0.03119993
v 0.03444778 0.04183828 0.02780050
v 0.03407669 0.04212749 0.02778625
v 0.03486526 0.04174757 0.02708673
v -0.00000089 0.04859763 0.04417347
v -0.00000089 0.04859763 0.04417347
v 0.00233525 0.04863089 0.04391741
v 0.00277156 0.04855877 0.04405170
v 0.03931999 0.02254951 -0.02031517
v 0.03801316 0.03989309 0.02238583
v 0.03486526 0.04174757 0.02708673
v 0.03780651 0.03990525 0.02302157
v 0.00233525 0.04863089 0.04391741
v -0.00000089 0.04859763 0.04417347
v 0.00277156 0.04855877 0.04405170
v 0.03801316 0.03989309 0.02238583
v 0.03890991 0.02253532 -0.02070605
v 0.04159498 0.02486610 -0.01485049
v 0.03931999 0.02254951 -0.02031517
v 0.00525564 0.04853135 0.04366278
v 0.00522208 0.04831814 0.04396528
v 0.00525564 0.04853135 0.04366278
v 0.00233525 0.04863089 0.04391741
v 0.04038763 0.03801071 0.01797008
v 0.00799084 0.04832410 0.04339396
v 0.00799084 0.04832410 0.04339396
v 0.03634262 0.02073282 -0.02509689
v 0.03651714 0.02066648 -0.02500343
v 0.04026079 0.03810644 0.01787745
v 0.03801316 0.03989309 0.02238583
v 0.04038763 0.03801071 0.01797008
v 0.01034975 0.04815083 0.04279696
v 0.00799084 0.04832410 0.04339396
v 0.01036798 0.04793208 0.04304409
v 0.01034975 0.04815083 0.04279696
v 0.01482445 0.04761725 0.04140621
v 0.00799084 0.04832410 0.04339396
v 0.01304423 0.04781198 0.04216146
v 0.01304423 0.04781198 0.04216146
v 0.04243493 0.03575956 0.01246261
v 0.01482445 0.04761725 0.04140621
v 0.01034975 0.04815083 0.04279696
v 0.01304423 0.04781198 0.04216146
v 0.03262138 0.01883208 -0.02980417
v 0.03328406 0.01890015 -0.02919197
v 0.04229485 0.03589379 0.01240336
v 0.04243493 0.03575956 0.01246261
v 0.03262138 0.01883208 -0.02980417
v 0.03890991 0.02253532 -0.02070605
v 0.03634262 0.02073282 -0.02509689
v 0.03262138 0.01883208 -0.02980417
v 0.01482445 0.04761725 0.04140621
v 0.01304423 0.04781198 0.04216146
v 0.01601397 0.04731857 0.04125595
v 0.02865791 0.01727390 -0.03365135
v 0.02865791 0.01727390 -0.03365135
v 0.01852726 0.04682499 0.04019707
v 0.00173521 0.04351449 0.05119597
v 0.00039828 0.04354792 0.05267655
v 0.00120127 0.04358613 0.05219113
v -0.00053161 0.04354745 0.05262655
v 0.00058807 0.04354780 0.04935359
v 0.00145561 0.04352599 0.05009961
v -0.00120741 0.04353332 0.05221337
v -0.00168008 0.04351747 0.05061703
v -0.00162399 0.04352003 0.05153954
v -0.00054568 0.04354631 0.04937815
v -0.00121754 0.04353332 0.04979676
v 0.02070260 -0.06580007 0.03995484
v 0.01092386 -0.06580013 0.04367876
v 0.00487351 -0.06580001 0.04475939
v -0.04380679 -0.06580001 -0.01039540
v 0.02938354 -0.06580007 0.03411388
v -0.04481405 -0.06580001 -0.00433391
v 0.04178375 -0.06580007 0.01676928
v 0.03995418 -0.06580007 0.02070277
v 0.03749787 -0.06580007 0.02491986
v 0.04500675 -0.06580007 0.00153744
v 0.04432141 -0.06580007 0.00791740
v 0.04333055 -0.06580007 0.01214081
v 0.04477894 -0.06580007 -0.00460380
v 0.02742052 -0.06580001 -0.03571081
v 0.03202772 -0.06580001 -0.03164434
v 0.03603827 -0.06580018 -0.02698791
v -0.00738335 -0.06580001 0.04441422
v -0.00126624 -0.06580007 0.04500603
v -0.04458016 -0.06580007 0.00612754
v -0.04498684 -0.06580007 0.00180852
v -0.04367780 -0.06580001 0.01092422
v 0.03937757 -0.06579953 -0.02182865
v 0.02207088 -0.06579953 -0.03925430
v -0.02979469 -0.06580001 -0.03375470
v 0.04380667 -0.06580013 -0.01039540
v 0.01214063 -0.06580001 -0.04333108
v 0.00126547 -0.06580001 -0.04500591
v -0.00487471 -0.06580007 -0.04475927
v -0.01387882 -0.06580018 -0.04283154
v -0.02230167 -0.06580001 -0.03911244
v -0.01792776 -0.06580001 -0.04127430
v -0.02595019 -0.06580001 -0.03676348
v 0.01651430 -0.06579977 -0.04187703
v -0.03995418 -0.06580007 0.02070277
v -0.04178375 -0.06580007 0.01676988
v -0.03749787 -0.06580030 0.02491986
v -0.03411144 -0.06579977 -0.02938503
v 0.04198265 -0.06580007 -0.01626431
v -0.01626491 -0.06580007 0.04198384
v -0.02182900 -0.06580048 0.03937864
v -0.02595019 -0.06580007 0.03676348
v -0.01214063 -0.06580007 0.04333132
v -0.03375530 -0.06580018 0.02979362
v -0.02938461 -0.06580007 0.03411328
v 0.00738114 -0.06580001 -0.04441457
v 0.02468967 -0.06579941 0.03764057
v -0.03676307 -0.06580001 -0.02595055
v -0.03937804 -0.06579953 -0.02182900
v 0.01651573 -0.06579959 0.04187619
v -0.04198265 -0.06580007 -0.01626431
v 0.03375470 -0.06580030 0.02979511
v -0.00915533 -0.06580001 -0.04405874
v 0.03801316 0.03989309 0.02238583
v 0.04026079 0.03810644 0.01787745
v -0.03282737 0.04273027 0.02932298
v -0.02868461 0.04436516 0.03336250
v 0.04159498 0.02486610 -0.01485049
v -0.04218864 0.02568423 -0.01290118
v 0.04305267 0.02694988 -0.00971222
v -0.04354321 0.02803421 -0.00704569
v 0.04387938 0.02931213 -0.00393677
v -0.00667477 0.01322293 -0.04370033
v -0.01234245 0.01373493 -0.04243755
v 0.04411023 0.03147125 0.00150490
v 0.04347658 0.03378760 0.00718301
v 0.04229485 0.03589379 0.01240336
v -0.00833338 0.03520971 0.19814999
v -0.00723666 0.03509765 0.18965010
v 0.01133167 0.03424721 0.18965010
v 0.01024317 0.03426516 0.19814990
v 0.02187275 0.02823042 0.19814990
v 0.02697378 0.02360785 0.18965019
v 0.03192663 0.01646149 0.19815020
v 0.03521722 0.00732130 0.18965010
v 0.03573662 0.00037850 0.19814999
v 0.03402078 -0.01122331 0.18965010
v 0.03222936 -0.01575911 0.19814990
v 0.02643370 -0.02390503 0.18964981
v 0.02160412 -0.02841901 0.19814980
v 0.01297163 -0.03352379 0.18965019
v 0.00522131 -0.03559595 0.19814999
v -0.00656545 -0.03524243 0.18964989
v -0.01443195 -0.03479135 0.18965019
v 0.00284743 -0.03782725 0.18964989
v -0.00389206 -0.03748279 0.19814999
v -0.01729881 -0.03343564 0.19814990
v -0.02827525 -0.02521812 0.18965019
v -0.02983719 -0.02330535 0.19815020
v -0.03635036 -0.01007401 0.18964989
v -0.03802561 -0.00315756 0.19814999
v -0.03750795 0.00354242 0.18965010
v -0.03401792 0.01643180 0.19815020
v -0.03253877 0.01964581 0.18965010
v -0.02201914 0.03108322 0.19814999
v -0.01979148 0.03217697 0.18965010
v -0.00390136 0.03773909 0.18965010
v -0.00526881 0.03736948 0.19814999
v 0.02160412 -0.02841901 0.19814980
v 0.02035820 -0.03172117 0.19814990
v 0.02960586 -0.02315509 0.19814999
v -0.03401792 0.01643180 0.19815020
v -0.03541219 0.00387561 0.19814999
v -0.03208297 0.01579469 0.19814999
v -0.03802561 -0.00315756 0.19814999
v 0.03222936 -0.01575911 0.19814990
v -0.02201914 0.03108322 0.19814999
v -0.00833338 0.03520971 0.19814999
v -0.00526881 0.03736948 0.19814999
v 0.03612375 -0.01110750 0.19814999
v 0.00522131 -0.03559595 0.19814999
v 0.00867927 -0.03655147 0.19814990
v -0.02395486 0.02648329 0.19814980
v 0.03573662 0.00037850 0.19814999
v 0.03705257 0.00886458 0.19814999
v -0.00389206 -0.03748279 0.19814999
v -0.01353180 -0.03310835 0.19815020
v 0.03192663 0.01646149 0.19815020
v -0.01729881 -0.03343564 0.19814990
v 0.02745497 0.02600598 0.19814980
v -0.02771490 -0.02276533 0.19815031
v -0.02983719 -0.02330535 0.19815020
v 0.02187275 0.02823042 0.19814990
v 0.01186436 0.03613317 0.19814999
v 0.01024317 0.03426516 0.19814990
v -0.03475308 -0.00818682 0.19815020
v -0.03513664 0.00657910 0.18965010
v -0.03750795 0.00354242 0.18965010
v -0.03253877 0.01964581 0.18965010
v 0.02890664 -0.02435952 0.18964989
v 0.01791775 -0.03302466 0.18965010
v 0.01297163 -0.03352379 0.18965019
v 0.02643370 -0.02390503 0.18964981
v -0.03068971 0.01812767 0.18964989
v -0.00390136 0.03773909 0.18965010
v -0.00723666 0.03509765 0.18965010
v -0.01979148 0.03217697 0.18965010
v 0.03402078 -0.01122331 0.18965010
v 0.03701561 -0.00804663 0.18964989
v -0.02195000 0.02834773 0.18964989
v 0.00284743 -0.03782725 0.18964989
v 0.03521722 0.00732130 0.18965010
v -0.00656545 -0.03524243 0.18964989
v 0.03638243 0.01053118 0.18965010
v -0.01443195 -0.03479135 0.18965019
v -0.02333194 -0.02723151 0.18964989
v 0.02697378 0.02360785 0.18965019
v 0.02634513 0.02741235 0.18965010
v -0.02827525 -0.02521812 0.18965019
v 0.01133167 0.03424721 0.18965010
v -0.03427118 -0.01094788 0.18965010
v 0.01175117 0.03584027 0.18965010
v -0.03635036 -0.01007401 0.18964989
v 0.01186436 0.03613317 0.19814999
v 0.01175117 0.03584027 0.18965010
v 0.02634513 0.02741235 0.18965010
v 0.02745497 0.02600598 0.19814980
v 0.03705257 0.00886458 0.19814999
v 0.03638243 0.01053118 0.18965010
v 0.03701561 -0.00804663 0.18964989
v 0.03612375 -0.01110750 0.19814999
v 0.02890664 -0.02435952 0.18964989
v 0.02960586 -0.02315509 0.19814999
v 0.02035820 -0.03172117 0.19814990
v 0.01791775 -0.03302466 0.18965010
v 0.00867927 -0.03655147 0.19814990
v -0.01353180 -0.03310835 0.19815020
v -0.02333194 -0.02723151 0.18964989
v -0.02771490 -0.02276533 0.19815031
v -0.03427118 -0.01094788 0.18965010
v -0.03475308 -0.00818682 0.19815020
v -0.03541219 0.00387561 0.19814999
v -0.03513664 0.00657910 0.18965010
v -0.03208297 0.01579469 0.19814999
v -0.03068971 0.01812767 0.18964989
v -0.02395486 0.02648329 0.19814980
v -0.02195000 0.02834773 0.18964989
v -0.03922063 -0.01729756 0.05400002
v -0.04288399 -0.00034456 0.05400002
v -0.04307550 0.00045459 0.06265008
v -0.03895866 -0.01769042 0.06265008
v -0.02710777 -0.03357493 0.06265008
v -0.02646714 -0.03408151 0.05400002
v -0.00827783 -0.04194992 0.05400002
v -0.00903428 -0.04179388 0.06265008
v 0.00745195 -0.04221200 0.06265002
v 0.01157248 -0.04156190 0.05400002
v 0.02570313 -0.03447556 0.06265008
v 0.03130805 -0.02948755 0.05400002
v 0.03998678 -0.01627534 0.06265002
v 0.04065781 -0.01342278 0.05400002
v 0.04274034 0.00042332 0.05400002
v 0.04237931 0.00838363 0.06265008
v 0.04372602 0.01264733 0.06265008
v 0.04457187 -0.00793064 0.06265008
v 0.04506778 -0.00375140 0.05400002
v 0.04254800 0.01629120 0.05400002
v 0.03268671 0.03151273 0.06265008
v 0.02773898 0.03621792 0.05400002
v 0.01810479 0.04147017 0.06265008
v 0.00798041 0.04462182 0.05400002
v -0.00041206 0.04551684 0.06265014
v -0.00756538 0.04457074 0.05400002
v -0.02000796 0.04067039 0.06265008
v -0.02225351 0.03948491 0.05400002
v -0.03190541 0.03195512 0.06264984
v -0.03866297 0.02434337 0.05400002
v -0.04082155 0.01970851 0.06265008
v -0.04560232 -0.00122947 0.05400002
v -0.04546701 -0.00036203 0.06265008
v -0.00756538 0.04457074 0.05400002
v 0.00798041 0.04462182 0.05400002
v -0.00908190 0.04205495 0.05400002
v 0.03130805 -0.02948755 0.05400002
v 0.03922635 -0.02308905 0.05400002
v 0.02235364 -0.03954482 0.05400002
v -0.04560232 -0.00122947 0.05400002
v -0.03852760 0.01939934 0.05400002
v -0.04288399 -0.00034456 0.05400002
v -0.03866297 0.02434337 0.05400002
v -0.02225351 0.03948491 0.05400002
v 0.01157248 -0.04156190 0.05400002
v 0.04065781 -0.01342278 0.05400002
v -0.02559334 0.03442811 0.05400002
v -0.00214457 -0.04560381 0.05400002
v 0.04506778 -0.00375140 0.05400002
v 0.04274034 0.00042332 0.05400002
v -0.00827783 -0.04194992 0.05400002
v 0.04254800 0.01629120 0.05400002
v 0.03939229 0.01748269 0.05400002
v -0.02597457 -0.03726977 0.05399996
v -0.02646714 -0.03408151 0.05400002
v 0.02773898 0.03621792 0.05400002
v 0.02905857 0.03139400 0.05399990
v -0.03943490 -0.02220386 0.05400002
v -0.03922063 -0.01729756 0.05400002
v 0.01319736 0.04117512 0.05400002
v -0.04307550 0.00045459 0.06265008
v -0.03780007 0.02043145 0.06265008
v -0.04082155 0.01970851 0.06265008
v -0.04546701 -0.00036203 0.06265008
v 0.02570313 -0.03447556 0.06265008
v 0.03616786 -0.02768957 0.06265014
v 0.03998678 -0.01627534 0.06265002
v 0.01928395 -0.04091930 0.06265008
v -0.00252134 0.04333728 0.06265008
v -0.00041206 0.04551684 0.06265014
v -0.02000796 0.04067039 0.06265008
v -0.02497619 0.03502249 0.06265014
v 0.00745195 -0.04221200 0.06265002
v 0.04457187 -0.00793064 0.06265008
v 0.00505197 -0.04478746 0.06265002
v -0.03190541 0.03195512 0.06264984
v 0.04237931 0.00838363 0.06265008
v -0.00968391 -0.04418325 0.06265008
v 0.04372602 0.01264733 0.06265008
v -0.00903428 -0.04179388 0.06265008
v -0.02710777 -0.03357493 0.06265008
v -0.02512711 -0.03755587 0.06265014
v 0.03236860 0.02831935 0.06265008
v 0.03268671 0.03151273 0.06265008
v -0.03922629 -0.02308893 0.06265008
v -0.03895866 -0.01769042 0.06265008
v 0.01844096 0.03868210 0.06265020
v 0.01810479 0.04147017 0.06265008
v -0.03922629 -0.02308893 0.06265008
v -0.03943490 -0.02220386 0.05400002
v -0.02597457 -0.03726977 0.05399996
v -0.02512711 -0.03755587 0.06265014
v -0.00968391 -0.04418325 0.06265008
v -0.00214457 -0.04560381 0.05400002
v 0.00505197 -0.04478746 0.06265002
v 0.01928395 -0.04091930 0.06265008
v 0.02235364 -0.03954482 0.05400002
v 0.03616786 -0.02768957 0.06265014
v 0.03922635 -0.02308905 0.05400002
v 0.03939229 0.01748269 0.05400002
v 0.03236860 0.02831935 0.06265008
v 0.02905857 0.03139400 0.05399990
v 0.01844096 0.03868210 0.06265020
v 0.01319736 0.04117512 0.05400002
v -0.00252134 0.04333728 0.06265008
v -0.00908190 0.04205495 0.05400002
v -0.02497619 0.03502249 0.06265014
v -0.02559334 0.03442811 0.05400002
v -0.03852760 0.01939934 0.05400002
v -0.03780007 0.02043145 0.06265008
v -0.03285300 -0.04220008 0.23023731
v -0.03481864 -0.04220008 0.25049719
v -0.03515321 -0.05030024 0.24569739
v -0.03293401 -0.05030024 0.23092000
v -0.02202963 -0.05030018 0.21578860
v -0.02240025 -0.04220008 0.21645179
v -0.00913119 -0.04220008 0.20956869
v -0.00377864 -0.05030018 0.20846000
v 0.00988281 -0.04220008 0.20946100
v 0.01036536 -0.05030024 0.21009800
v 0.02273106 -0.05030018 0.21655980
v 0.02410984 -0.04220020 0.21809530
v 0.03213798 -0.04220014 0.22902690
v 0.03222364 -0.05030018 0.22939751
v 0.03530174 -0.05030024 0.24434820
v 0.03531146 -0.04220008 0.24603979
v 0.03764367 -0.05030024 0.24013400
v 0.03748226 -0.04220008 0.23870130
v 0.03616505 -0.04220008 0.25441721
v 0.03513640 -0.05030024 0.25783271
v 0.02802276 -0.04220020 0.26915410
v 0.02232348 -0.05030024 0.27450851
v 0.01508700 -0.04220014 0.27816650
v 0.00455779 -0.05030024 0.28110769
v 0.00105935 -0.04220014 0.28141749
v -0.01115751 -0.05030024 0.27977371
v -0.01645255 -0.04220014 0.27781549
v -0.02346229 -0.05030030 0.27307320
v -0.03041172 -0.04220008 0.26611230
v -0.03212666 -0.05030024 0.26344159
v -0.03788465 -0.04220008 0.24756750
v -0.03804469 -0.05030024 0.24543729
v -0.01645255 -0.04220014 0.27781549
v 0.00105935 -0.04220014 0.28141749
v -0.00615072 -0.04220014 0.27853400
v 0.02410984 -0.04220020 0.21809530
v 0.03109991 -0.04220008 0.22200480
v 0.01765453 -0.04220014 0.21021751
v 0.03213798 -0.04220014 0.22902690
v 0.00988281 -0.04220008 0.20946100
v -0.03041172 -0.04220008 0.26611230
v -0.03481864 -0.04220008 0.25049719
v -0.03788465 -0.04220008 0.24756750
v -0.02466726 -0.04220014 0.26930311
v 0.03748226 -0.04220008 0.23870130
v 0.00245011 -0.04220008 0.20599569
v 0.03531146 -0.04220008 0.24603979
v -0.00913119 -0.04220008 0.20956869
v 0.03616505 -0.04220008 0.25441721
v -0.01519823 -0.04220008 0.20883910
v 0.03080487 -0.04220014 0.26062161
v 0.02802276 -0.04220020 0.26915410
v -0.02240025 -0.04220008 0.21645179
v 0.02314364 -0.04220002 0.27013260
v -0.02806133 -0.04220014 0.21857500
v -0.03285300 -0.04220008 0.23023731
v -0.03484123 -0.04220008 0.22921830
v 0.01508700 -0.04220014 0.27816650
v 0.01109778 -0.04220014 0.27714249
v -0.00716889 -0.05030024 0.27837130
v 0.00455779 -0.05030024 0.28110769
v -0.01115751 -0.05030024 0.27977371
v -0.03515321 -0.05030024 0.24569739
v -0.03225970 -0.05030030 0.25756651
v -0.03804469 -0.05030024 0.24543729
v 0.02437615 -0.05030012 0.21478310
v 0.03331649 -0.05030018 0.22606960
v 0.02273106 -0.05030018 0.21655980
v 0.03222364 -0.05030018 0.22939751
v -0.03212666 -0.05030024 0.26344159
v 0.00638628 -0.05030018 0.20606580
v 0.01036536 -0.05030024 0.21009800
v -0.02404475 -0.05030024 0.26962090
v -0.02346229 -0.05030030 0.27307320
v 0.03764367 -0.05030024 0.24013400
v 0.03530174 -0.05030024 0.24434820
v -0.00377864 -0.05030018 0.20846000
v 0.03513640 -0.05030024 0.25783271
v -0.01347410 -0.05030024 0.20835200
v 0.03236448 -0.05030024 0.25727701
v -0.02202963 -0.05030018 0.21578860
v 0.02585029 -0.05030018 0.26759291
v -0.02482843 -0.05030018 0.21539100
v 0.02232348 -0.05030024 0.27450851
v -0.03343254 -0.05030024 0.22599579
v -0.03293401 -0.05030024 0.23092000
v 0.01211524 -0.05030024 0.27693579
v -0.03484123 -0.04220008 0.22921830
v -0.03343254 -0.05030024 0.22599579
v -0.02806133 -0.04220014 0.21857500
v -0.02482843 -0.05030018 0.21539100
v -0.01519823 -0.04220008 0.20883910
v -0.01347410 -0.05030024 0.20835200
v 0.00638628 -0.05030018 0.20606580
v 0.00245011 -0.04220008 0.20599569
v 0.01765453 -0.04220014 0.21021751
v 0.02437615 -0.05030012 0.21478310
v 0.03109991 -0.04220008 0.22200480
v 0.03331649 -0.05030018 0.22606960
v 0.03236448 -0.05030024 0.25727701
v 0.03080487 -0.04220014 0.26062161
v 0.02585029 -0.05030018 0.26759291
v 0.02314364 -0.04220002 0.27013260
v 0.01211524 -0.05030024 0.27693579
v 0.01109778 -0.04220014 0.27714249
v -0.00615072 -0.04220014 0.27853400
v -0.00716889 -0.05030024 0.27837130
v -0.02466726 -0.04220014 0.26930311
v -0.00615072 -0.04220014 0.27853400
v -0.00716889 -0.05030024 0.27837130
v -0.02404475 -0.05030024 0.26962090
v -0.03225970 -0.05030030 0.25756651
v -0.00492954 -0.03994339 0.20646520
v -0.00004936 -0.04220014 0.20608270
v -0.00665092 -0.04220026 0.20672099
v 0.00000000 -0.03995019 0.20615010
v 0.03750556 -0.03994929 0.24383870
v 0.03746122 -0.04219925 0.24539299
v 0.03730958 -0.04220002 0.23964420
v -0.01075172 -0.03993481 0.20770210
v -0.01182162 -0.04220062 0.20804110
v 0.03717797 -0.03992718 0.23869839
v 0.03636354 -0.04219996 0.23438659
v -0.01470184 -0.03994470 0.20914730
v -0.01920223 -0.04220080 0.21131270
v 0.03631156 -0.03985726 0.23421000
v 0.03425431 -0.04220032 0.22822280
v -0.01914024 -0.03991615 0.21138950
v 0.03465056 -0.03990155 0.22926660
v -0.02314364 -0.03990828 0.21413609
v -0.02558517 -0.04220092 0.21620750
v 0.03242146 -0.03989100 0.22477341
v 0.02990818 -0.04220026 0.22091959
v -0.02671051 -0.03992074 0.21731940
v -0.02923393 -0.04220056 0.22012320
v -0.02999401 -0.03987145 0.22112460
v -0.03227329 -0.04219949 0.22451010
v 0.02934837 -0.03994911 0.22031020
v 0.02656733 -0.03992670 0.21717070
v -0.03265142 -0.03984493 0.22519010
v -0.03464376 -0.04219931 0.22922421
v 0.02553558 -0.04220062 0.21615210
v -0.03475987 -0.03967308 0.22957650
v -0.03664284 -0.04220002 0.23537029
v 0.02278316 -0.03992033 0.21384420
v 0.02030462 -0.04220020 0.21205610
v 0.01871109 -0.03992766 0.21113379
v 0.01332283 -0.04220032 0.20852371
v -0.03636622 -0.03984534 0.23446891
v -0.03720837 -0.03979754 0.23893771
v -0.03750705 -0.04220062 0.24246310
v -0.03750789 -0.03912782 0.24406239
v 0.01420199 -0.03993868 0.20893000
v 0.00950241 -0.03992825 0.20736690
v 0.00665283 -0.04220098 0.20673031
v 0.00450230 -0.03995019 0.20642130
v -0.03750085 0.00554907 0.24248990
v -0.03740960 -0.00001156 0.24084710
v -0.03750401 -0.00601840 0.24286880
v -0.03750699 0.02331519 0.24292611
v -0.03730767 -0.04220026 0.24761190
v -0.03693008 -0.03978484 0.25032431
v -0.03716379 0.02079921 0.24865940
v -0.03622072 0.01873070 0.25336051
v -0.03635227 -0.04219985 0.25297359
v -0.03519713 -0.04219973 0.25659370
v -0.03363609 0.01564306 0.26037690
v -0.02959996 0.01287311 0.26667371
v -0.03309530 -0.04219973 0.26144221
v -0.02839756 -0.04220020 0.26822659
v -0.02628141 0.01123356 0.27039951
v -0.02352905 -0.04220086 0.27287871
v -0.02250015 0.00980359 0.27364981
v -0.01775538 -0.04219985 0.27676299
v -0.01832389 0.00860739 0.27636820
v -0.01382452 0.00766563 0.27850881
v -0.00663376 -0.04220020 0.28058010
v -0.00703049 -0.03980916 0.28050610
v -0.01291847 -0.04220038 0.27889350
v -0.00907660 0.00699413 0.28003499
v -0.00157976 -0.04220014 0.28114101
v -0.00203657 0.00649053 0.28117931
v 0.00440311 -0.04220014 0.28091380
v 0.00775623 0.00682795 0.28041270
v 0.00705141 -0.03982436 0.28049520
v 0.01562500 -0.04220056 0.27777100
v 0.01273351 -0.03995025 0.27892190
v 0.00941849 -0.04219961 0.27997449
v 0.01643753 0.00814271 0.27742481
v 0.02141571 -0.04220014 0.27446371
v 0.02231454 0.00974274 0.27378809
v 0.02641296 -0.04220014 0.27036381
v 0.02593243 0.01108479 0.27073801
v 0.03071689 0.01349020 0.26526931
v 0.03083038 -0.04220014 0.26502609
v 0.03374373 -0.04219996 0.26005170
v 0.03423613 0.01627093 0.25895140
v 0.03693103 -0.04220032 0.25021321
v 0.03692317 -0.03979372 0.25034139
v 0.03551518 -0.04220020 0.25576019
v 0.03594821 0.01830643 0.25432521
v 0.03750854 -0.00659883 0.24308430
v 0.03706145 0.02048772 0.24936780
v 0.03750860 0.00723839 0.24311560
v 0.03749310 0.02269160 0.24435870
v 0.03742378 0.00023222 0.24092969
v -0.00522792 -0.03988856 0.20651720
v -0.00483894 -0.03825134 0.20646361
v -0.00440896 -0.03990000 0.20641080
v -0.00492954 -0.03994339 0.20646520
v -0.03635430 -0.02914774 0.23450039
v 0.03034299 -0.02194935 0.20477130
v 0.03203690 -0.01941591 0.20509119
v 0.03204399 -0.01919919 0.21804550
v 0.03444898 -0.01474839 0.20503929
v 0.03293329 -0.01785600 0.20468929
v 0.03512156 -0.01308280 0.20465110
v -0.02996659 -0.02469336 0.22026490
v -0.02666378 -0.02937126 0.21737860
v -0.02995669 -0.02647209 0.22113320
v 0.02296090 -0.02939432 0.21057551
v 0.02659428 -0.02628618 0.21395829
v 0.02287888 -0.02964210 0.21174200
v -0.02666616 -0.02728557 0.21607441
v -0.02301710 -0.02945673 0.21156719
v -0.02310991 -0.03005719 0.21300450
v 0.00126487 -0.03940427 0.20614371
v 0.00490850 -0.03893601 0.20648590
v 0.00015903 -0.03988909 0.20615090
v 0.03446429 -0.01451992 0.22212400
v -0.03255409 -0.02506637 0.22525020
v -0.02991282 -0.02834892 0.22127150
v 0.02664673 -0.02615422 0.20965651
v 0.02969676 -0.02262413 0.21560989
v -0.02666640 -0.02621120 0.21409009
v 0.01885688 -0.03238970 0.20968710
v 0.02290630 -0.03046274 0.21313091
v 0.01890468 -0.03280532 0.21045680
v 0.02933377 -0.02327281 0.20521490
v 0.01440846 -0.03509545 0.20860291
v 0.01887321 -0.03365027 0.21112441
v 0.01433748 -0.03603065 0.20904820
v -0.02998352 -0.02319574 0.21881290
v 0.00940514 -0.03721749 0.20727870
v 0.01007843 -0.03759479 0.20759089
v -0.00992769 -0.03988522 0.20749269
v -0.01075172 -0.03993481 0.20770210
v -0.03266751 -0.02320253 0.22516049
v -0.01903396 -0.03221940 0.20490690
v -0.01456844 -0.03442353 0.20577940
v -0.01905256 -0.03208214 0.20906000
v -0.03264486 -0.02125012 0.22418340
v -0.00992769 -0.03985279 0.20749369
v -0.02316284 -0.02927416 0.20887080
v 0.02671301 -0.02625519 0.20478331
v 0.03722554 -0.01515918 0.23909320
v 0.01899009 -0.03213894 0.20879941
v -0.03477227 -0.02036058 0.22962090
v 0.00946045 -0.03668040 0.20699070
v 0.03512859 -0.02059733 0.23070320
v -0.03003060 -0.02215886 0.21620861
v 0.03447771 -0.02219772 0.22910880
v -0.02304673 -0.02950215 0.20480449
v -0.03262645 -0.01924747 0.22201911
v 0.00385189 -0.03812760 0.20626050
v 0.00525796 -0.03799432 0.20646641
v 0.00940514 -0.03721749 0.20727870
v 0.00385189 -0.03812760 0.20626050
v 0.03256499 -0.02441740 0.22522061
v -0.02673053 -0.02606505 0.21020120
v 0.00482273 -0.03784084 0.20631251
v 0.00525796 -0.03799432 0.20646641
v -0.03477644 -0.01721698 0.22813790
v 0.01443910 -0.03452479 0.20761070
v 0.03114783 -0.03978168 0.22275540
v 0.03242146 -0.03989100 0.22477341
v 0.02934837 -0.03994911 0.22031020
v -0.01384544 -0.03665733 0.20888230
v 0.02991867 -0.02822577 0.22126959
v 0.03114783 -0.03978168 0.22275540
v -0.03636008 -0.01797121 0.23450010
v -0.00950164 -0.03900247 0.20740829
v -0.03268069 -0.01810294 0.21911770
v 0.00969005 -0.03628498 0.20659600
v 0.03721541 -0.01067411 0.23772161
v -0.03634917 -0.01478517 0.23357420
v 0.00479507 -0.03757750 0.20612040
v -0.03477913 -0.01533353 0.22618440
v 0.03656733 -0.01542162 0.23516260
v 0.03750294 0.00005316 0.23443790
v 0.00006074 -0.03803539 0.20597041
v 0.02306580 -0.02950036 0.20473561
v -0.00979137 -0.03730046 0.20744750
v -0.03720659 -0.01397109 0.23881340
v 0.03603744 -0.01771301 0.23325150
v 0.03721249 -0.00638008 0.23395529
v -0.03476536 -0.01405185 0.22338410
v 0.00477356 -0.03723186 0.20568199
v -0.03631746 -0.01139456 0.23084250
v -0.02978926 -0.02271050 0.20470050
v 0.01895391 -0.03227919 0.20472960
v -0.03720587 -0.00900257 0.23665451
v 0.03656935 -0.01019793 0.23150930
v 0.01452142 -0.03448051 0.20486809
v -0.02661412 -0.02634549 0.20474370
v 0.03604274 -0.01454645 0.23180351
v 0.03476214 -0.01853054 0.22882500
v -0.03637272 -0.00924885 0.22702859
v 0.03602308 -0.01189363 0.22928759
v 0.03721308 -0.00457257 0.22860581
v 0.03478378 -0.01596325 0.22702490
v -0.01929092 -0.03600966 0.21166220
v -0.02330780 -0.03507983 0.21441451
v -0.00477022 -0.03779304 0.20626870
v 0.01955401 -0.03466784 0.21183380
v -0.03720617 -0.00461775 0.22999650
v 0.03634476 -0.00930250 0.22629280
v -0.03478986 -0.01379901 0.21684361
v 0.00969130 -0.03613907 0.20498750
v 0.02281761 -0.03221893 0.21403401
v 0.03253841 -0.02179139 0.22420020
v 0.00016737 -0.03759455 0.20548050
v -0.00473118 -0.03736352 0.20589420
v 0.03513509 -0.01289618 0.22353080
v -0.01033401 -0.03718233 0.20760719
v -0.00979137 -0.03730046 0.20744750
v -0.01384544 -0.03665733 0.20888230
v 0.02963066 -0.02641052 0.22056191
v 0.01536166 -0.03963470 0.20941921
v 0.03255152 -0.01995605 0.22269820
v -0.03259700 -0.01848900 0.20473669
v -0.03635782 -0.00905782 0.21911080
v -0.03750437 0.00002608 0.23427360
v 0.03039252 -0.02478313 0.22119141
v -0.00991440 -0.03674525 0.20723340
v 0.03656584 -0.00825161 0.20465770
v -0.03476381 -0.01400929 0.20466690
v 0.02663040 -0.02962774 0.21736710
v 0.03256517 -0.01857149 0.22008030
v -0.01459217 -0.03560328 0.20903531
v -0.00979137 -0.03730046 0.20744750
v -0.01033401 -0.03718233 0.20760719
v 0.03602993 -0.01032292 0.20506370
v -0.03634262 -0.00922072 0.20483600
v 0.03750234 0.00004525 0.19814999
v 0.02990996 -0.02355182 0.21907230
v 0.02938067 -0.02502179 0.21936031
v 0.00516909 -0.03707206 0.20466560
v 0.00026354 -0.03744167 0.20474841
v -0.02707672 -0.03277969 0.21789740
v -0.03749996 0.00004977 0.20465010
v -0.00990212 -0.03622353 0.20664319
v 0.02668654 -0.02813231 0.21671391
v -0.01462399 -0.03491288 0.20854899
v -0.01907730 -0.03413105 0.21142671
v -0.03719639 -0.00475210 0.20479080
v 0.02984327 -0.02279543 0.21742420
v -0.02303493 -0.03171253 0.21411130
v -0.03381568 -0.02726876 0.22761610
v -0.03561556 -0.01154398 0.22114120
v -0.03520625 -0.02555382 0.23087969
v 0.00524902 -0.03992754 0.20651910
v 0.00950241 -0.03992825 0.20736690
v 0.00450230 -0.03995019 0.20642130
v 0.02665054 -0.02699995 0.21575160
v 0.00459701 -0.03990465 0.20643429
v 0.00950241 -0.03992825 0.20736690
v 0.00524902 -0.03992754 0.20651910
v 0.03721761 -0.00460893 0.20487790
v -0.01913005 -0.03365010 0.21131781
v 0.00459701 -0.03990465 0.20643429
v 0.00524902 -0.03992754 0.20651910
v 0.00450230 -0.03995019 0.20642130
v -0.00477582 -0.03712862 0.20480721
v -0.00473118 -0.03736352 0.20589420
v -0.01879286 -0.03355258 0.21098410
v -0.01902043 -0.03275007 0.21058650
v -0.01461672 -0.03448092 0.20781770
v -0.00987238 -0.03608268 0.20509610
v 0.00017881 -0.03993386 0.20614620
v 0.00450230 -0.03995019 0.20642130
v 0.00000000 -0.03995019 0.20615010
v 0.00017881 -0.03993386 0.20614620
v 0.01680755 -0.03557240 0.21022980
v 0.00017881 -0.03993386 0.20614620
v -0.00440896 -0.03990000 0.20641080
v 0.00017881 -0.03993386 0.20614620
v -0.00492954 -0.03994339 0.20646520
v 0.01109886 0.03874146 0.20787230
v 0.00672907 0.03922176 0.20677391
v -0.01306521 0.03847074 0.20853420
v 0.03749310 0.02269160 0.24435870
v 0.03731060 0.02471548 0.23976140
v -0.03750699 0.02331519 0.24292611
v 0.01590347 0.03791081 0.20975301
v -0.01969134 0.03700053 0.21184529
v -0.03716379 0.02079921 0.24865940
v 0.03706145 0.02048772 0.24936780
v -0.03622072 0.01873070 0.25336051
v 0.01968765 0.03699493 0.21185300
v 0.00775623 0.00682795 0.28041270
v -0.00907660 0.00699413 0.28003499
v -0.00203657 0.00649053 0.28117931
v -0.02463150 0.03542459 0.21544360
v 0.03594821 0.01830643 0.25432521
v -0.03363609 0.01564306 0.26037690
v -0.01382452 0.00766563 0.27850881
v 0.03423613 0.01627093 0.25895140
v 0.01643753 0.00814271 0.27742481
v -0.01832389 0.00860739 0.27636820
v 0.02351748 0.03579235 0.21458240
v 0.03071689 0.01349020 0.26526931
v -0.02959996 0.01287311 0.26667371
v 0.02712059 0.03432452 0.21791451
v -0.02748298 0.03417193 0.21826930
v -0.02628141 0.01123356 0.27039951
v 0.02231454 0.00974274 0.27378809
v -0.02250015 0.00980359 0.27364981
v 0.02593243 0.01108479 0.27073801
v 0.03015697 0.03273952 0.22152130
v -0.03030014 0.03268051 0.22170250
v 0.03272247 0.03099489 0.22548769
v -0.03340530 0.03043019 0.22672170
v 0.00264645 0.03945589 0.20625331
v -0.00093472 0.03949058 0.20612690
v -0.00695223 0.03920447 0.20678250
v 0.03488445 0.02897679 0.23005770
v -0.03438282 0.02953815 0.22877310
v -0.03598296 0.02759003 0.23320191
v 0.03633219 0.02705860 0.23442841
v -0.03708648 0.02543032 0.23813219
v -0.02156531 0.03191900 0.21255200
v -0.02036368 0.03188705 0.21108910
v -0.02252769 0.03027004 0.21208081
v 0.03020668 0.02312564 0.21921630
v 0.03009986 0.02236974 0.21725580
v 0.02704048 0.02652037 0.21582070
v -0.03141480 0.02026915 0.21717431
v -0.03138417 0.02054929 0.20494470
v -0.03254860 0.01865518 0.20465040
v -0.03258275 0.01837271 0.21859810
v -0.03740125 0.00996989 0.24046931
v -0.02366316 0.03014731 0.21385559
v -0.02438116 0.02996063 0.21458329
v 0.00652450 0.03749644 0.20644709
v 0.01103425 0.03603488 0.20701890
v 0.00704050 0.03703856 0.20611291
v -0.01169335 0.03575360 0.20707209
v -0.01155126 0.03566354 0.20505179
v -0.01400518 0.03479671 0.20747820
v -0.01617038 0.03373640 0.20790450
v -0.01367551 0.03491318 0.20480940
v -0.03709554 0.00709665 0.23270650
v -0.03711730 0.00539351 0.22838239
v -0.03740435 0.00270218 0.23142490
v -0.01821982 0.03280878 0.20926981
v -0.02047681 0.03138458 0.21020371
v -0.00002962 0.03855156 0.20609839
v 0.00170404 0.03829252 0.20607109
v -0.00339651 0.03830254 0.20623510
v -0.00339651 0.03830254 0.20623510
v 0.00170404 0.03829252 0.20607109
v -0.00107336 0.03828608 0.20604090
v 0.01523053 0.03783929 0.20947240
v 0.01541900 0.03769493 0.20956279
v 0.01112926 0.03788995 0.20790380
v -0.02976495 0.02284020 0.20469370
v 0.02393722 0.03227984 0.21495050
v 0.02334141 0.03188920 0.21437460
v 0.01962280 0.03375530 0.21174709
v 0.00410837 0.03801727 0.20621289
v 0.00308245 0.03783410 0.20593950
v 0.01541900 0.03761011 0.20956540
v 0.02709007 0.02784287 0.21721640
v 0.02352511 0.03074204 0.21409890
v 0.00088823 0.03773075 0.20558630
v 0.01962649 0.03575897 0.21185490
v 0.01551043 0.03617763 0.20960420
v 0.01523053 0.03711241 0.20948610
v 0.01573330 0.03745281 0.20971310
v -0.00695223 0.03920447 0.20678250
v -0.00890052 0.03861021 0.20726740
v -0.01306521 0.03847074 0.20853420
v -0.03030014 0.03268051 0.22170250
v -0.02948939 0.02758884 0.22065350
v -0.03118896 0.02698135 0.22306059
v -0.02602005 0.03023338 0.21674150
v -0.02613544 0.02891916 0.21637709
v -0.02828979 0.02869021 0.21919630
v -0.03394126 0.01576465 0.22090550
v -0.02261137 0.02987021 0.21133760
v 0.00614953 0.03718978 0.20593350
v 0.02708482 0.02587085 0.21432731
v 0.02346312 0.02979701 0.21310230
v 0.00170404 0.03829252 0.20607109
v 0.00410837 0.03801727 0.20621289
v -0.00123924 0.03807592 0.20593449
v -0.02564120 0.02773654 0.21429379
v 0.02352279 0.02907890 0.20882510
v 0.02713352 0.02590799 0.20473281
v 0.02341449 0.02931106 0.20467630
v -0.00107336 0.03828608 0.20604090
v 0.00170404 0.03829252 0.20607109
v -0.00123924 0.03807592 0.20593449
v -0.02630043 0.02794647 0.21591370
v -0.03397214 0.01591718 0.20499329
v -0.03340530 0.03043019 0.22672170
v -0.03221690 0.02503252 0.22463220
v -0.03438282 0.02953815 0.22877310
v -0.01271820 0.03723907 0.20843691
v -0.00639629 0.03834033 0.20670360
v -0.03485363 0.01368927 0.22229360
v -0.03478884 0.01405191 0.20472200
v 0.00227815 0.03763777 0.20554100
v 0.01964241 0.03184735 0.20765540
v 0.01961112 0.03197968 0.20471039
v -0.02931404 0.02542483 0.21947470
v 0.00672907 0.03922176 0.20677391
v 0.01109886 0.03874146 0.20787230
v 0.00690681 0.03900367 0.20682511
v 0.03491878 0.01359385 0.21666570
v 0.03485059 0.01390868 0.20479390
v 0.03290385 0.01783019 0.21653581
v -0.00805378 0.03665041 0.20472240
v 0.00704050 0.03703856 0.20611291
v 0.01103425 0.03603488 0.20701890
v 0.00614953 0.03718978 0.20593350
v -0.02549010 0.02745223 0.21305330
v -0.00639629 0.03834033 0.20670360
v -0.00782967 0.03758037 0.20688930
v 0.00672203 0.03896117 0.20679340
v 0.03033792 0.02187073 0.21380851
v -0.01780951 0.03297722 0.20557921
v -0.01667010 0.03771483 0.21013249
v -0.01391559 0.03786468 0.20891330
v -0.00339651 0.03830254 0.20623510
v -0.00512451 0.03779888 0.20628300
v 0.03731060 0.02471548 0.23976140
v 0.03722357 0.01325106 0.23896050
v 0.03633219 0.02705860 0.23442841
v -0.02968990 0.02350163 0.21822520
v -0.03598296 0.02759003 0.23320191
v -0.03485870 0.02101027 0.22994040
v -0.03580766 0.01116693 0.20500150
v 0.01573330 0.03580415 0.20968810
v -0.03620135 0.00973123 0.22503170
v -0.03708148 0.00569409 0.20476590
v 0.01112926 0.03788995 0.20790380
v 0.00672203 0.03888642 0.20679440
v 0.03488445 0.02897679 0.23005770
v 0.03635376 0.01829552 0.23449381
v -0.03630757 0.00942433 0.20464841
v 0.01534312 0.03415310 0.20768391
v 0.01543152 0.03418630 0.20465510
v 0.01116538 0.03582310 0.20655461
v 0.01543223 0.03568732 0.20950030
v 0.00672203 0.03888642 0.20679440
v 0.01112926 0.03788995 0.20790380
v 0.00709152 0.03880178 0.20686039
v 0.01958942 0.03256559 0.21092550
v 0.02348184 0.02921283 0.21193761
v 0.03634893 0.00929874 0.20497639
v -0.02800226 0.02534329 0.21637340
v 0.00387335 0.03914260 0.20638750
v -0.00339651 0.03830254 0.20623510
v -0.00782967 0.03758037 0.20688930
v 0.01112926 0.03788995 0.20790380
v 0.01076734 0.03833770 0.20778950
v 0.00709152 0.03880178 0.20686039
v 0.03722935 0.00804043 0.23601671
v 0.00709152 0.03880178 0.20686039
v 0.01076734 0.03833770 0.20778950
v 0.00536346 0.03840780 0.20651340
v -0.02048122 0.03135621 0.20640080
v -0.00186598 0.03762727 0.20551249
v 0.00264645 0.03945589 0.20625331
v 0.00280517 0.03928095 0.20626950
v 0.03635650 0.01517391 0.23380861
v -0.01779896 0.03711342 0.21077649
v -0.03136152 0.02325773 0.22229370
v 0.00360423 0.03907829 0.20635989
v -0.01779896 0.03711342 0.21077649
v -0.01391559 0.03786468 0.20891330
v -0.01619446 0.03739994 0.20993280
v -0.01619446 0.03739994 0.20993280
v -0.01766586 0.03545075 0.21068190
v 0.01112824 0.03582537 0.20466660
v -0.00093472 0.03949058 0.20612690
v -0.03740346 0.00273430 0.20509170
v -0.03397369 0.02249431 0.22791290
v -0.01667010 0.03771483 0.21013249
v 0.03723245 0.00492013 0.23125739
v 0.00672203 0.03888642 0.20679440
v 0.00561339 0.03892683 0.20659821
v 0.03634470 0.00965840 0.22772160
v 0.03718096 0.00489306 0.22406361
v 0.03486341 0.01396358 0.22359750
v 0.03602993 0.01038652 0.22109230
v 0.03486549 0.01982498 0.22971390
v 0.03272640 0.01827615 0.21980970
v -0.00416446 0.03743618 0.20570110
v -0.03253018 0.02192682 0.22434230
v -0.00782967 0.03758037 0.20688930
v -0.01010704 0.03752136 0.20754710
v -0.01273536 0.03677898 0.20844880
v -0.01273536 0.03677898 0.20844880
v 0.03634905 0.01191759 0.23138019
v -0.02255827 0.02993500 0.20537060
v 0.03272247 0.03099489 0.22548769
v 0.03275763 0.02410078 0.22555061
v -0.02795428 0.02480733 0.21455289
v 0.00653237 0.03695571 0.20478910
v 0.01549625 0.03490090 0.20917650
v -0.01779896 0.03711342 0.21077649
v 0.01116549 0.03720903 0.20786850
v -0.01010704 0.03752136 0.20754710
v -0.01157397 0.03700137 0.20800030
v -0.03197383 0.02088052 0.22171441
v 0.00387335 0.03914260 0.20638750
v 0.00211048 0.03918910 0.20623399
v 0.03485542 0.01693236 0.22813030
v -0.00790834 0.03700304 0.20646140
v -0.01252543 0.03643298 0.20823470
v -0.00036637 0.03935486 0.20618001
v -0.01969134 0.03700053 0.21184529
v -0.03463053 0.01858866 0.22836819
v 0.00286055 0.03907841 0.20627460
v 0.02715301 0.02571827 0.21056931
v -0.02171844 0.03616702 0.21324620
v 0.00105411 0.03914988 0.20618761
v 0.00105411 0.03914988 0.20618761
v 0.00672203 0.03888642 0.20679440
v 0.00561339 0.03892683 0.20659821
v 0.00286055 0.03907841 0.20627460
v -0.02171844 0.03616702 0.21324620
v -0.01779896 0.03711342 0.21077649
v -0.02041989 0.03646934 0.21233299
v 0.01108932 0.03700059 0.20779879
v -0.02453231 0.02833914 0.20531380
v -0.02051234 0.03634762 0.21239699
v -0.02041989 0.03646934 0.21233299
v -0.02981495 0.02268183 0.21664110
v -0.02171844 0.03616702 0.21324620
v -0.02215439 0.03585088 0.21356361
v 0.00286055 0.03907841 0.20627460
v 0.00561339 0.03892683 0.20659821
v 0.00169319 0.03905761 0.20621879
v 0.00169319 0.03905761 0.20621879
v 0.00360423 0.03907829 0.20635989
v 0.00286055 0.03907841 0.20627460
v 0.00105411 0.03910923 0.20618729
v -0.03391897 0.01926660 0.22652380
v 0.03015697 0.03273952 0.22152130
v 0.03273892 0.01832515 0.20465010
v 0.00169319 0.03905761 0.20621879
v 0.00536346 0.03840780 0.20651340
v 0.00308245 0.03901124 0.20629171
v -0.01564598 0.03567302 0.20957080
v -0.02060467 0.03557306 0.21247379
v -0.03708648 0.02543032 0.23813219
v -0.03619086 0.01759636 0.23378630
v 0.03486019 0.01491987 0.22587940
v 0.01964056 0.03194808 0.20987950
v 0.03272306 0.02196770 0.22473520
v 0.00169319 0.03905761 0.20621879
v 0.00308245 0.03901124 0.20629171
v 0.00158232 0.03902447 0.20620941
v 0.00158852 0.03754246 0.20481300
v -0.03206110 0.01978230 0.22015969
v -0.01969134 0.03700053 0.21184529
v -0.02171844 0.03616702 0.21324620
v -0.02463150 0.03542459 0.21544360
v 0.00536346 0.03840780 0.20651340
v 0.03008556 0.02692985 0.22141740
v -0.02637213 0.02652168 0.21057120
v -0.03581655 0.01768136 0.23230450
v 0.01124191 0.03684997 0.20781510
v -0.00676298 0.03705358 0.20601530
v 0.03276813 0.02020955 0.22362700
v -0.01157397 0.03626173 0.20764621
v 0.00105411 0.03910923 0.20618729
v 0.02351748 0.03579235 0.21458240
v 0.02712059 0.03432452 0.21791451
v 0.02351570 0.03395843 0.21460910
v 0.01968765 0.03699493 0.21185300
v 0.02351748 0.03579235 0.21458240
v 0.02137362 0.03634834 0.21298590
v -0.03487133 0.01621687 0.22753809
v -0.01679420 0.03498983 0.21005630
v -0.00186598 0.03762727 0.20551249
v -0.01346194 0.03526961 0.20789830
v -0.01550388 0.03523790 0.20938680
v -0.01364517 0.03543305 0.20824809
v -0.03445893 0.01571249 0.22472779
v 0.00105411 0.03910923 0.20618729
v 0.00286055 0.03907841 0.20627460
v 0.00169319 0.03905761 0.20621879
v -0.02171844 0.03616702 0.21324620
v -0.02215439 0.03585088 0.21356361
v -0.02453219 0.03208518 0.21548460
v -0.02453219 0.03208518 0.21548460
v 0.03272593 0.01882654 0.22155800
v -0.01996612 0.03404986 0.21200180
v 0.01114845 0.03658485 0.20763770
v 0.03014135 0.02468824 0.22062300
v 0.02717590 0.02939510 0.21796019
v -0.01679420 0.03498983 0.21005630
v -0.01999270 0.03379631 0.21197499
v -0.00002962 0.03855156 0.20609839
v -0.03611767 0.01363092 0.23147430
v -0.00185347 0.03915596 0.20620830
v -0.00889325 0.03652244 0.20623679
v 0.00211048 0.03918910 0.20623399
v 0.00105411 0.03914988 0.20618761
v -0.00185347 0.03915596 0.20620830
v -0.02125918 0.03376007 0.21291730
v -0.00695223 0.03920447 0.20678250
v 0.01548039 0.03432732 0.20843060
v -0.02978897 0.02267146 0.21021710
v -0.02748298 0.03417193 0.21826930
v -0.03709805 0.01406735 0.23790790
v -0.01992529 0.03351765 0.21188501
v 0.00614166 0.03798836 0.20657501
v -0.00185347 0.03915596 0.20620830
v -0.02728456 0.03363925 0.21812700
v -0.00185347 0.03909015 0.20620790
v 0.00105411 0.03910923 0.20618729
v 0.00169319 0.03905761 0.20621879
v -0.00185347 0.03909015 0.20620790
v -0.01844143 0.03416734 0.21095289
v -0.02629756 0.02676099 0.20466760
v -0.02810591 0.02485388 0.20474240
v 0.01943576 0.03694397 0.21170171
v 0.01112169 0.03639793 0.20750420
v -0.01899719 0.03366839 0.21112441
v 0.00169319 0.03905761 0.20621879
v -0.00002962 0.03855156 0.20609839
v 0.03722959 0.00457168 0.19815120
v 0.00169319 0.03905761 0.20621879
v 0.00158232 0.03902447 0.20620941
v -0.00002962 0.03855156 0.20609839
v -0.01738643 0.03385591 0.20980880
v -0.00695223 0.03920447 0.20678250
v -0.00036637 0.03935486 0.20618001
v -0.00421393 0.03912568 0.20640640
v -0.01603889 0.03408014 0.20872350
v -0.00185347 0.03915596 0.20620830
v -0.03613454 0.01081168 0.22797731
v 0.03017896 0.02228993 0.20474760
v -0.02086639 0.03272616 0.21239470
v -0.00421393 0.03912568 0.20640640
v -0.00185347 0.03915596 0.20620830
v -0.00613225 0.03897649 0.20669959
v -0.00613225 0.03897649 0.20669959
v -0.00185347 0.03915596 0.20620830
v -0.00517309 0.03898888 0.20655350
v -0.00421393 0.03901445 0.20640680
v -0.00421393 0.03901445 0.20640680
v -0.03709948 0.01008868 0.23603649
v -0.00426757 0.03728544 0.20467369
v 0.01590347 0.03791081 0.20975301
v 0.01557624 0.03782612 0.20963010
v -0.00639629 0.03834033 0.20670360
v -0.00002962 0.03855156 0.20609839
v -0.00421393 0.03892004 0.20640621
v -0.00421393 0.03892004 0.20640621
v -0.02812314 0.03164327 0.21905330
v -0.02265572 0.03203231 0.21376219
v 0.02362591 0.03189051 0.21464880
v 0.00289154 0.03822016 0.20616010
v 0.02362591 0.03171449 0.21460409
v -0.00695223 0.03920447 0.20678250
v -0.00421393 0.03912568 0.20640640
v -0.00613225 0.03897649 0.20669959
v -0.00613225 0.03897649 0.20669959
v -0.00517309 0.03898888 0.20655350
v -0.00695223 0.03920447 0.20678250
v -0.00517309 0.03898888 0.20655350
v 0.01541900 0.03761011 0.20956540
v 0.01962649 0.03575897 0.21185490
v 0.01573330 0.03745281 0.20971310
v 0.00289154 0.03822016 0.20616010
v 0.00614166 0.03798836 0.20657501
v 0.00170404 0.03829252 0.20607109
v 0.00170404 0.03829252 0.20607109
v 0.00652450 0.03749644 0.20644709
v 0.00410837 0.03801727 0.20621289
v 0.00170404 0.03829252 0.20607109
v -0.00002962 0.03855156 0.20609839
v 0.00170404 0.03829252 0.20607109
v 0.01557624 0.03782612 0.20963010
v 0.01523053 0.03783929 0.20947240
v 0.01112926 0.03788995 0.20790380
v -0.01182162 -0.04220062 0.20804110
v -0.00665092 -0.04220026 0.20672099
v -0.00004936 -0.04220014 0.20608270
v -0.01920223 -0.04220080 0.21131270
v -0.03664284 -0.04220002 0.23537029
v -0.02352905 -0.04220086 0.27287871
v 0.03636354 -0.04219996 0.23438659
v -0.01291847 -0.04220038 0.27889350
v -0.01775538 -0.04219985 0.27676299
v -0.03227329 -0.04219949 0.22451010
v -0.03464376 -0.04219931 0.22922421
v 0.01562500 -0.04220056 0.27777100
v 0.02641296 -0.04220014 0.27036381
v 0.02141571 -0.04220014 0.27446371
v 0.02553558 -0.04220062 0.21615210
v 0.02990818 -0.04220026 0.22091959
v 0.03425431 -0.04220032 0.22822280
v 0.03551518 -0.04220020 0.25576019
v 0.03374373 -0.04219996 0.26005170
v 0.03083038 -0.04220014 0.26502609
v -0.02558517 -0.04220092 0.21620750
v -0.02923393 -0.04220056 0.22012320
v 0.02030462 -0.04220020 0.21205610
v -0.02839756 -0.04220020 0.26822659
v -0.03309530 -0.04219973 0.26144221
v 0.03693103 -0.04220032 0.25021321
v 0.01332283 -0.04220032 0.20852371
v 0.00440311 -0.04220014 0.28091380
v 0.00941849 -0.04219961 0.27997449
v 0.03730958 -0.04220002 0.23964420
v 0.03746122 -0.04219925 0.24539299
v -0.00663376 -0.04220020 0.28058010
v -0.03730767 -0.04220026 0.24761190
v -0.03519713 -0.04219973 0.25659370
v -0.03635227 -0.04219985 0.25297359
v -0.00157976 -0.04220014 0.28114101
v 0.00665283 -0.04220098 0.20673031
v -0.03750705 -0.04220062 0.24246310
v -0.03230530 -0.01897472 0.19814999
v -0.02933484 -0.02328741 0.19814999
v -0.03464627 -0.01428669 0.19814999
v 0.03710871 -0.00572187 0.19814999
v -0.03630763 -0.00932360 0.19814999
v -0.03745710 -0.00246024 0.19814990
v 0.03535866 -0.01243007 0.19814999
v 0.03239274 -0.01897454 0.19815020
v 0.02635943 -0.02670526 0.19815020
v 0.01858097 -0.03256905 0.19815020
v 0.00937992 -0.03630995 0.19814999
v 0.00153381 -0.03740805 0.19814999
v -0.00535935 -0.03712213 0.19814990
v -0.01292181 -0.03511255 0.19814999
v -0.01726222 -0.03319972 0.19814999
v -0.02173465 -0.03047263 0.19814999
v -0.02578961 -0.02714335 0.19814999
v 0.02652204 0.02653121 0.19814999
v 0.02296018 0.02966398 0.19814999
v 0.03114891 0.02103900 0.19815020
v -0.03711098 0.00584590 0.19814999
v 0.03463923 0.01440286 0.19814999
v -0.03536450 0.01251423 0.19814999
v 0.03630071 0.00944906 0.19814999
v -0.03328537 0.01730597 0.19814999
v -0.02943015 0.02339470 0.19814999
v -0.02415037 0.02870458 0.19814999
v -0.02031451 0.03153240 0.19814999
v -0.01360327 0.03504264 0.19814999
v -0.00612319 0.03702002 0.19814999
v 0.00125283 0.03759509 0.19814999
v 0.01128578 0.03586357 0.19814980
v 0.01861387 0.03256446 0.19814999
v 0.01128578 0.03586357 0.19814980
v 0.01858097 -0.03256905 0.19815020
v 0.00937992 -0.03630995 0.19814999
v -0.01292181 -0.03511255 0.19814999
v 0.01861387 0.03256446 0.19814999
v -0.03630763 -0.00932360 0.19814999
v -0.02578961 -0.02714335 0.19814999
v -0.03230530 -0.01897472 0.19814999
v -0.03464627 -0.01428669 0.19814999
v -0.03745710 -0.00246024 0.19814990
v 0.03710871 -0.00572187 0.19814999
v 0.03535866 -0.01243007 0.19814999
v 0.03239274 -0.01897454 0.19815020
v -0.03711098 0.00584590 0.19814999
v -0.00612319 0.03702002 0.19814999
v 0.00125283 0.03759509 0.19814999
v 0.02635943 -0.02670526 0.19815020
v -0.01360327 0.03504264 0.19814999
v -0.00535935 -0.03712213 0.19814990
v 0.00153381 -0.03740805 0.19814999
v -0.01726222 -0.03319972 0.19814999
v -0.03328537 0.01730597 0.19814999
v -0.03536450 0.01251423 0.19814999
v -0.02031451 0.03153240 0.19814999
v -0.02173465 -0.03047263 0.19814999
v 0.03630071 0.00944906 0.19814999
v 0.03722959 0.00457168 0.19815120
v 0.03750234 0.00004525 0.19814999
v -0.02415037 0.02870458 0.19814999
v -0.02943015 0.02339470 0.19814999
v 0.03114891 0.02103900 0.19815020
v 0.03463923 0.01440286 0.19814999
v 0.02652204 0.02653121 0.19814999
v 0.02296018 0.02966398 0.19814999
v -0.02933484 -0.02328741 0.19814999
f 1 2 3
f 4 5 6
f 7 8 9
f 10 11 12
f 13 14 15
f 16 17 18
f 19 20 21
f 22 23 24
f 25 26 27
f 28 29 30
f 31 32 33
f 34 35 36
f 37 38 39
f 40 41 42
f 43 44 45
f 46 47 48
f 49 50 51
f 52 53 54
f 55 56 57
f 58 59 60
f 61 62 63
f 64 65 66
f 67 68 69
f 70 71 72
f 73 74 75
f 76 77 78
f 79 80 81
f 82 83 84
f 85 86 87
f 88 89 90
f 91 92 93
f 94 95 96
f 97 98 99
f 100 101 102
f 103 104 105
f 106 107 108
f 109 110 111
f 112 113 114
f 115 116 117
f 118 119 120
f 121 122 123
f 124 125 126
f 127 128 126
f 128 129 126
f 125 127 126
f 127 130 128
f 131 132 133
f 134 135 136
f 137 138 139
f 140 141 142
f 143 144 145
f 146 147 148
f 149 150 151
f 152 153 154
f 155 156 157
f 158 159 160
f 161 162 163
f 164 165 166
f 167 168 169
f 170 171 172
f 173 174 175
f 176 177 178
f 179 180 181
f 182 183 184
f 185 186 187
f 188 189 190
f 191 192 193
f 194 195 196
f 197 198 199
f 200 201 202
f 203 204 205
f 206 207 208
f 209 210 211
f 212 213 214
f 215 216 217
f 213 218 214
f 217 216 219
f 218 220 221
f 220 222 223
f 221 220 223
f 212 214 224
f 225 209 211
f 223 222 210
f 219 216 226
f 216 225 226
f 225 211 226
f 212 224 215
f 217 212 215
f 209 223 210
f 227 220 218
f 213 227 218
f 228 229 230
f 231 232 233
f 234 235 236
f 237 238 239
f 240 241 242
f 243 244 245
f 246 247 248
f 249 250 251
f 252 253 254
f 255 256 257
f 258 259 260
f 261 262 263
f 264 265 266
f 267 268 269
f 270 271 272
f 273 274 275
f 276 277 278
f 279 280 281
f 282 283 284
f 282 285 283
f 286 287 285
f 288 282 289
f 290 286 285
f 290 285 282
f 290 282 288
f 291 292 293
f 294 295 296
f 297 298 299
f 300 301 302
f 303 304 305
f 306 307 308
f 309 310 311
f 312 313 314
f 315 316 317
f 318 319 320
f 321 322 323
f 324 325 326
f 327 328 329
f 330 331 332
f 333 334 335
f 336 337 338
f 339 340 341
f 342 343 344
f 345 346 347
f 348 349 350
f 351 352 353
f 354 355 356
f 357 358 359
f 360 361 362
f 363 364 365
f 366 367 368
f 369 370 371
f 372 373 374
f 375 376 377
f 378 379 380
f 381 382 383
f 384 385 386
f 387 388 389
f 390 391 392
f 393 394 395
f 396 397 398
f 399 400 401
f 402 403 404
f 405 406 407
f 408 409 410
f 411 412 413
f 414 415 416
f 417 418 419
f 420 421 422
f 423 420 422
f 422 424 425
f 424 426 427
f 425 424 427
f 421 424 422
f 428 429 430
f 431 432 433
f 434 435 436
f 437 438 439
f 440 441 442
f 443 444 445
f 446 447 448
f 449 450 451
f 452 453 454
f 455 456 457
f 458 459 460
f 461 462 463
f 464 465 466
f 467 468 469
f 470 471 472
f 473 474 475
f 476 477 478
f 479 480 481
f 482 483 484
f 485 486 487
f 488 489 490
f 491 492 493
f 494 495 496
f 497 498 499
f 500 501 502
f 503 504 505
f 506 500 502
f 507 508 502
f 509 510 511
f 512 509 511
f 501 507 502
f 508 513 514
f 510 515 511
f 513 516 514
f 514 516 517
f 506 502 518
f 515 503 505
f 517 516 504
f 511 515 519
f 515 505 519
f 506 518 509
f 512 506 509
f 503 517 504
f 507 513 508
f 520 521 522
f 523 524 525
f 526 527 528
f 529 530 531
f 532 533 534
f 535 536 537
f 538 539 540
f 541 542 543
f 544 545 546
f 547 548 549
f 550 551 552
f 553 554 555
f 556 557 558
f 559 560 561
f 562 563 564
f 565 566 567
f 568 569 570
f 571 572 573
f 571 574 572
f 575 574 571
f 576 571 577
f 578 575 571
f 578 571 576
f 579 580 581
f 582 583 584
f 585 586 587
f 588 589 590
f 591 592 593
f 594 595 596
f 597 598 599
f 600 601 602
f 603 604 605
f 606 607 608
f 609 610 611
f 612 613 614
f 615 616 617
f 618 619 620
f 621 622 623
f 624 625 626
f 627 628 629
f 630 631 632
f 633 634 635
f 636 637 638
f 639 640 641
f 642 643 644
f 645 646 647
f 648 649 650
f 651 652 653
f 654 655 656
f 657 658 659
f 660 661 662
f 663 664 665
f 666 667 668
f 669 670 671
f 672 673 674
f 675 676 677
f 678 679 680
f 681 682 683
f 684 685 686
f 687 688 689
f 690 691 692
f 693 694 695
f 696 697 698
f 699 700 701
f 702 703 704
f 705 706 707
f 708 709 710
f 711 712 713
f 714 715 716
f 717 718 719
f 720 721 722
f 723 724 722
f 725 723 722
f 721 726 722
f 724 720 722
f 727 728 729
f 730 731 732
f 733 734 735
f 736 737 738
f 739 740 741
f 742 743 744
f 745 746 747
f 748 749 750
f 751 752 753
f 754 755 756
f 757 758 759
f 760 761 762
f 763 764 765
f 766 767 768
f 769 770 771
f 772 773 774
f 775 776 777
f 778 779 780
f 781 782 783
f 784 785 786
f 787 788 789
f 790 791 792
f 793 794 795
f 796 797 798
f 799 800 801
f 802 803 804
f 805 806 807
f 808 809 810
f 811 812 813
f 814 811 813
f 814 813 815
f 814 815 816
f 817 814 816
f 818 817 816
f 812 819 820
f 813 812 820
f 820 819 821
f 818 816 822
f 820 821 823
f 823 821 824
f 818 822 825
f 824 821 826
f 824 826 827
f 822 828 825
f 828 829 830
f 825 828 830
f 829 824 827
f 829 827 831
f 830 829 831
f 832 833 834
f 835 836 837
f 838 839 840
f 841 842 843
f 844 845 846
f 847 848 849
f 850 851 852
f 853 854 855
f 856 857 858
f 859 860 861
f 862 863 864
f 865 866 867
f 868 869 870
f 871 872 873
f 874 875 876
f 877 878 879
f 880 881 882
f 883 884 885
f 886 887 888
f 889 886 888
f 890 889 891
f 890 886 889
f 892 893 886
f 892 886 890
f 894 893 892
f 895 896 897
f 898 895 897
f 899 900 901
f 897 901 900
f 898 897 900
f 902 903 899
f 901 902 899
f 899 903 904
f 904 903 905
f 903 906 905
f 906 907 905
f 908 905 907
f 909 910 911
f 908 907 912
f 908 912 913
f 914 913 915
f 913 912 915
f 915 916 914
f 917 914 916
f 916 918 917
f 919 917 918
f 918 920 919
f 921 919 920
f 920 922 921
f 923 921 922
f 922 924 923
f 925 923 924
f 924 926 925
f 927 925 926
f 926 928 927
f 929 927 928
f 928 930 929
f 931 929 930
f 930 932 931
f 931 932 933
f 934 931 933
f 933 935 934
f 936 934 935
f 935 937 936
f 938 936 937
f 937 939 938
f 940 938 939
f 939 941 940
f 942 940 941
f 941 943 942
f 944 942 943
f 943 945 944
f 944 945 946
f 945 947 948
f 946 945 948
f 949 948 947
f 947 950 951
f 949 947 951
f 952 953 954
f 955 952 954
f 950 954 953
f 951 950 953
f 956 957 958
f 956 958 959
f 960 958 957
f 961 958 960
f 962 956 963
f 962 957 956
f 964 961 960
f 965 962 963
f 966 963 967
f 966 965 963
f 968 969 964
f 970 966 967
f 971 970 967
f 971 967 972
f 973 974 968
f 975 971 972
f 976 972 977
f 976 975 972
f 978 979 973
f 980 979 978
f 981 976 977
f 982 981 977
f 983 980 978
f 984 981 982
f 985 980 983
f 986 984 982
f 987 986 982
f 988 985 983
f 989 985 988
f 990 986 987
f 991 990 987
f 992 991 987
f 993 989 988
f 993 988 994
f 995 991 992
f 996 995 992
f 997 996 992
f 998 994 999
f 998 993 994
f 1000 996 997
f 1001 998 999
f 1002 997 1003
f 1002 1000 997
f 1004 1005 1001
f 1004 1001 999
f 1006 1002 1003
f 1007 1006 1003
f 1008 1009 1004
f 1010 1006 1007
f 1011 1010 1007
f 1012 1010 1011
f 1013 1012 1011
f 1014 1015 1008
f 1016 1012 1013
f 1017 1016 1013
f 1018 1017 1013
f 1019 1020 1014
f 1021 1017 1018
f 1022 1021 1018
f 1023 1021 1022
f 1024 1023 1022
f 1025 1024 1022
f 1026 1027 1028
f 1029 1024 1025
f 1030 1029 1025
f 1031 1029 1030
f 1032 1033 1026
f 1032 1034 1033
f 1035 1031 1030
f 1036 1035 1030
f 1037 1035 1036
f 1038 1039 1032
f 1040 1037 1036
f 1041 1037 1040
f 1042 1040 1043
f 1042 1041 1040
f 1044 1045 1038
f 1046 1043 1047
f 1046 1042 1043
f 1048 1049 1044
f 1050 1046 1047
f 1051 1050 1047
f 1052 1050 1051
f 1053 1054 1048
f 1055 1052 1051
f 1056 1055 1051
f 1057 1055 1056
f 1058 1059 1053
f 1060 1057 1056
f 1061 1057 1060
f 1062 1061 1060
f 1063 1064 1058
f 1065 1062 1060
f 1066 1062 1065
f 1067 1066 1065
f 1068 1069 1063
f 1070 1067 1065
f 1071 1067 1070
f 1072 1073 1068
f 1074 1070 1075
f 1074 1071 1070
f 1076 1074 1075
f 1077 1078 1072
f 1079 1075 1080
f 1079 1076 1075
f 1081 1079 1080
f 1082 1081 1080
f 1083 1084 1077
f 1085 1086 1087
f 1087 1084 1083
f 1088 1081 1082
f 1085 1087 1083
f 1089 1082 1090
f 1089 1088 1082
f 1091 1085 1083
f 1091 1090 1085
f 1091 1089 1090
f 1084 1078 1077
f 1078 1073 1072
f 1073 1069 1068
f 1069 1064 1063
f 1064 1059 1058
f 1059 1054 1053
f 1054 1049 1048
f 1049 1045 1044
f 1045 1039 1038
f 1039 1034 1032
f 1033 1027 1026
f 1027 1092 1028
f 1092 1020 1019
f 1020 1015 1014
f 1015 1009 1008
f 1009 1005 1004
f 979 974 973
f 974 969 968
f 969 961 964
f 1093 1094 1095
f 1096 1093 1097
f 1093 1095 1097
f 1096 1097 1098
f 1099 1100 1101
f 1102 1103 1104
f 1105 1099 1106
f 1099 1101 1106
f 1105 1106 1107
f 1108 1105 1107
f 1108 1107 1109
f 1110 1108 1109
f 1111 1112 1113
f 1114 1115 1116
f 1117 1118 1119
f 1120 1121 1122
f 1123 1124 1125
f 1126 1127 1128
f 1129 1130 1131
f 1132 1133 1134
f 1135 1136 1137
f 1138 1139 1140
f 990 991 1141
f 1042 1046 1142
f 986 990 1143
f 1041 1042 1144
f 984 1143 1145
f 984 986 1143
f 1037 1144 1146
f 1037 1041 1144
f 981 1145 1147
f 981 984 1145
f 1089 1091 1148
f 1035 1146 1149
f 1088 1148 1150
f 1035 1037 1146
f 976 981 1147
f 1088 1089 1148
f 975 1147 1151
f 975 976 1147
f 1081 1150 1152
f 1031 1035 1149
f 1081 1088 1150
f 971 1151 1153
f 1029 1149 1154
f 971 975 1151
f 1029 1031 1149
f 1079 1081 1152
f 970 971 1153
f 1024 1029 1154
f 1076 1152 1155
f 966 1153 1156
f 1076 1079 1152
f 966 970 1153
f 1023 1154 1157
f 1023 1024 1154
f 965 966 1156
f 1074 1076 1155
f 962 965 1156
f 1021 1023 1157
f 1071 1155 1158
f 1071 1074 1155
f 1017 1021 1157
f 1017 1157 1159
f 1067 1158 1160
f 1067 1071 1158
f 1016 1017 1159
f 1066 1067 1160
f 1012 1016 1159
f 1012 1159 1161
f 1062 1160 1162
f 1062 1066 1160
f 1010 1012 1161
f 1010 1161 1163
f 1061 1062 1162
f 1006 1010 1163
f 1057 1162 1164
f 1057 1061 1162
f 1002 1006 1163
f 1002 1163 1165
f 1055 1057 1164
f 1000 1002 1165
f 1000 1165 1166
f 1052 1164 1167
f 1052 1055 1164
f 996 1000 1166
f 1050 1167 1142
f 995 1166 1141
f 1050 1052 1167
f 995 996 1166
f 991 995 1141
f 1046 1050 1142
f 990 1141 1143
f 1042 1142 1144
f 1168 1169 1170
f 1171 1168 1170
f 1171 1170 1172
f 1173 1174 1175
f 1176 1091 1083
f 1177 1175 1178
f 1176 1083 1179
f 1177 1173 1175
f 1180 1179 1181
f 1180 1176 1179
f 1182 1171 1172
f 1183 1180 1181
f 1184 1181 1185
f 1186 1182 1172
f 1184 1183 1181
f 1186 1172 1187
f 1188 1177 1178
f 1189 1186 1187
f 1190 1184 1185
f 1191 1185 1192
f 1191 1190 1185
f 1193 1189 1187
f 1194 1191 1192
f 1193 1187 1195
f 1196 1178 1197
f 1198 1193 1195
f 1199 1192 1200
f 1198 1195 957
f 1199 1194 1192
f 1196 1188 1178
f 962 1198 957
f 1201 1197 1202
f 1203 1199 1200
f 1201 1196 1197
f 1204 1200 1205
f 1204 1203 1200
f 1206 1205 1207
f 1206 1204 1205
f 1208 1201 1202
f 1209 1202 1210
f 1209 1208 1202
f 1211 1206 1207
f 1212 1207 1213
f 1212 1211 1207
f 1214 1209 1210
f 1215 1212 1213
f 1216 1210 1217
f 1216 1214 1210
f 1218 1213 1219
f 1218 1215 1213
f 1220 1218 1219
f 1221 1216 1217
f 1222 1220 1219
f 1222 1219 1223
f 1224 1217 1225
f 1226 1222 1223
f 1224 1221 1217
f 1227 1223 1228
f 1229 1225 1230
f 1229 1224 1225
f 1227 1226 1223
f 1231 1229 1230
f 1232 1227 1228
f 1233 1230 1234
f 1233 1231 1230
f 1235 1228 1236
f 1235 1232 1228
f 1237 1233 1234
f 1174 1236 1175
f 1169 1234 1170
f 1174 1235 1236
f 1169 1237 1234
f 1238 1239 1240
f 1241 1242 1243
f 1244 1245 1246
f 1247 1248 1249
f 1250 1238 1240
f 1251 1252 1253
f 1254 1238 1250
f 1255 1256 1257
f 1255 1257 1258
f 1259 1244 1246
f 1260 1261 1262
f 1263 1255 1258
f 1263 1258 1264
f 1265 1262 1266
f 1265 1260 1262
f 1267 1268 1269
f 1270 1254 1250
f 1271 1207 1205
f 1263 1264 1272
f 1273 1265 1266
f 1274 1275 1276
f 1277 1263 1272
f 1278 1279 1280
f 1281 1276 1282
f 1281 1274 1276
f 1283 1284 1285
f 1286 1263 1277
f 1286 1287 1263
f 1288 1289 1290
f 1291 1292 1293
f 1294 1295 1296
f 1297 1092 1019
f 1278 1280 1298
f 1299 1281 1282
f 1300 1286 1277
f 1301 1281 1299
f 1302 1072 1303
f 1304 1305 1306
f 1307 1286 1300
f 1308 1309 1310
f 1294 1296 1311
f 1028 1092 1297
f 1312 1313 1314
f 1312 1298 1313
f 1315 1316 1317
f 1318 1319 1320
f 1321 1294 1311
f 1077 1302 1322
f 1077 1072 1302
f 1323 1294 1321
f 1324 1310 1325
f 1324 1308 1310
f 1315 1317 1326
f 1327 1328 1329
f 1330 1312 1314
f 1323 1321 1331
f 1332 1324 1325
f 1333 1324 1332
f 1334 1323 1331
f 1330 1314 1335
f 1334 1331 1336
f 1337 1333 1332
f 1338 1339 1340
f 1326 1341 1315
f 1342 1343 1344
f 1345 1346 1347
f 1348 1349 1350
f 1348 1350 1351
f 1352 1353 1354
f 1355 1356 1357
f 1358 1336 1359
f 1358 1334 1336
f 1358 1360 1334
f 1361 1345 1347
f 1362 1363 1364
f 1355 1357 1365
f 1179 1083 1366
f 1179 1366 1367
f 1368 1362 1364
f 1369 1358 1359
f 1370 1358 1369
f 1371 1372 1373
f 1374 1375 1376
f 1377 1368 1378
f 1379 1370 1369
f 1380 1370 1379
f 1377 1362 1368
f 1381 1377 1378
f 1382 1383 1384
f 1385 1386 1387
f 1379 1369 1388
f 1389 1383 1382
f 1389 1390 1383
f 1382 1384 1391
f 1392 1377 1381
f 1393 1394 1395
f 1396 1385 1387
f 1397 1398 1399
f 1400 1401 1402
f 1403 1404 1405
f 1403 1388 1404
f 1403 1379 1388
f 1406 1392 1381
f 1407 1408 1409
f 1410 1387 1411
f 1410 1396 1387
f 1407 1409 1412
f 1413 1414 1415
f 1416 1382 1391
f 1417 1181 1418
f 1185 1181 1417
f 1419 1420 1421
f 1416 1422 1423
f 1416 1391 1422
f 1421 1405 1419
f 1421 1403 1405
f 1424 1048 1044
f 1425 1411 1426
f 1185 1417 1427
f 1428 1416 1423
f 1428 1423 1429
f 1430 1431 1432
f 1425 1410 1411
f 1433 1432 1430
f 1434 1435 1436
f 1425 1426 1437
f 1438 1428 1429
f 1439 1425 1437
f 1440 1441 1442
f 1440 1442 1443
f 1438 1429 1444
f 1445 1446 1447
f 1448 1439 1437
f 1449 1447 1450
f 1451 1438 1444
f 1449 1445 1447
f 1448 1452 1453
f 1448 1437 1452
f 1451 1454 1438
f 1455 1454 1451
f 1456 1448 1453
f 1457 1458 1459
f 1239 1451 1460
f 1461 1449 1450
f 1239 1455 1451
f 1462 1463 1464
f 1245 1453 1465
f 1239 1460 1240
f 1245 1456 1453
f 1248 1466 1249
f 1245 1465 1246
f 1467 1468 1469
f 1470 1471 1472
f 1473 1474 1475
f 1170 1234 1476
f 1467 1469 1477
f 1478 1473 1475
f 1470 1472 1479
f 1480 1170 1476
f 1481 1470 1479
f 1482 1483 1484
f 1485 1467 1477
f 1485 1477 1486
f 1487 1481 1479
f 1488 1481 1487
f 1489 1490 1491
f 1489 1492 1490
f 1493 1481 1488
f 1494 1495 1496
f 1497 1498 1499
f 1500 1485 1486
f 1500 1486 1501
f 1488 1487 1502
f 1503 1489 1491
f 1504 1505 1506
f 1507 1488 1502
f 1508 1500 1501
f 1507 1502 1509
f 1510 1500 1508
f 1511 1504 1506
f 1512 1489 1503
f 1513 1421 1420
f 1514 1515 1516
f 1508 1501 1517
f 1518 1519 1520
f 1508 1517 1521
f 1522 1507 1509
f 1522 1509 1523
f 1524 1421 1513
f 1525 1526 1527
f 1528 1529 1530
f 1531 1532 1533
f 1522 1523 1534
f 1531 1533 1535
f 1536 1524 1513
f 1537 1524 1536
f 1538 1508 1521
f 1539 1508 1538
f 1540 1525 1527
f 1541 1525 1540
f 1542 1543 1544
f 1195 1545 1546
f 1547 1539 1538
f 1548 1539 1547
f 1195 1546 1549
f 1550 1537 1536
f 1551 1552 1553
f 1554 1541 1540
f 1555 1556 1557
f 1555 1558 1556
f 1559 1560 1561
f 1548 1547 1562
f 1563 1564 1565
f 1566 1548 1562
f 1555 1557 1567
f 1568 1555 1567
f 957 1549 1546
f 1563 1565 1569
f 957 1195 1549
f 1570 1566 1562
f 1571 1572 1573
f 1571 1574 1572
f 1575 1566 1570
f 1576 1577 1578
f 1579 1568 1567
f 1579 1567 1580
f 1581 1563 1569
f 1581 1569 1582
f 1583 1004 999
f 1575 1570 1584
f 1579 1580 1585
f 1586 1571 1573
f 1587 1579 1585
f 1587 1585 1588
f 960 957 1589
f 1590 1591 1592
f 1593 1575 1584
f 1594 1595 1596
f 1597 1587 1588
f 1598 1599 1600
f 1598 1601 1599
f 1602 1603 1604
f 1605 1593 1584
f 1605 1584 1606
f 1605 1606 1607
f 1608 1609 1610
f 1611 1612 1613
f 1590 1592 1614
f 1615 1616 1617
f 964 960 1618
f 1619 1620 1621
f 1622 1605 1607
f 1623 1624 1625
f 1626 1627 1628
f 1629 1608 1610
f 1630 1631 1597
f 1632 1611 1613
f 1633 1611 1632
f 1634 1635 1636
f 1637 1632 1638
f 1637 1633 1632
f 1639 1640 1641
f 1642 1626 1628
f 968 964 1643
f 1644 1645 1646
f 1647 1648 1649
f 1650 1651 1652
f 1653 1654 1655
f 1656 1657 1658
f 1659 1660 1661
f 1662 1290 1289
f 1663 1019 1014
f 1664 1649 1665
f 1666 1667 1668
f 1669 1670 1671
f 1669 1672 1670
f 1673 1656 1658
f 973 968 1674
f 1675 1664 1665
f 1676 1677 1678
f 1679 1680 1681
f 1682 1666 1668
f 1683 1684 1685
f 1686 1687 1688
f 1689 1690 1691
f 1692 1677 1676
f 1693 1694 1695
f 1696 1683 1685
f 1697 1683 1696
f 1698 1686 1688
f 1699 1700 1701
f 1698 1688 1471
f 1468 1702 1703
f 1468 1703 1469
f 1470 1698 1471
f 1704 1697 1696
f 1705 1698 1470
f 1706 983 978
f 1707 1708 1709
f 1710 1711 1712
f 1713 1714 1715
f 1713 1716 1717
f 1718 1719 1720
f 1707 1709 1721
f 1717 1716 1722
f 1721 1709 1723
f 1715 1714 1724
f 1718 1720 1725
f 1726 1727 1728
f 1715 1724 1729
f 1710 1712 1730
f 1717 1722 1731
f 1729 1724 1732
f 1731 1722 1733
f 1730 1712 1734
f 1725 1720 1735
f 1731 1733 1736
f 1729 1732 1737
f 1737 1732 1738
f 1736 1733 1739
f 1728 1727 1740
f 1721 1723 1741
f 1730 1734 1742
f 1741 1723 1743
f 1742 1734 1744
f 1740 1727 1745
f 1725 1735 1746
f 1746 1735 1747
f 1742 1744 1748
f 1749 1738 1750
f 1741 1743 1751
f 1748 1744 1752
f 1751 1743 1753
f 1740 1745 1754
f 1755 1756 1757
f 1740 1754 1758
f 1757 1756 1759
f 1746 1747 1760
f 1760 1747 1761
f 1748 1752 1557
f 1751 1753 1762
f 1757 1759 1763
f 1762 1753 1764
f 1765 1750 1766
f 1758 1754 1767
f 1760 1761 1768
f 1758 1767 1769
f 1557 1752 1770
f 1763 1759 1771
f 1768 1761 1772
f 1762 1764 1773
f 1765 1766 1774
f 1773 1764 1775
f 1770 1752 1776
f 1769 1767 1777
f 1769 1777 1778
f 1770 1776 1779
f 1779 1776 1780
f 1768 1772 1781
f 1781 1772 1782
f 1778 1777 1783
f 1773 1775 1784
f 1778 1783 1785
f 1779 1780 1786
f 1786 1780 1787
f 1781 1782 1788
f 1789 1790 1313
f 1784 1775 1791
f 1792 1774 1793
f 1792 1793 1794
f 1789 1313 1795
f 1785 1783 1796
f 1797 1785 1796
f 1786 1787 1798
f 1799 1800 1801
f 1781 1788 1802
f 1784 1791 1803
f 1795 1313 1298
f 1797 1796 1804
f 1805 1797 1804
f 1806 1807 1597
f 1802 1788 1808
f 1588 1806 1597
f 1803 1791 1809
f 1795 1298 1280
f 1805 1804 1810
f 1811 1805 1810
f 1793 1812 1813
f 1597 1807 1630
f 1803 1809 1814
f 1811 1810 1815
f 1816 1811 1815
f 1817 1816 1815
f 1807 1818 1667
f 1630 1807 1667
f 1819 1820 1821
f 1818 1822 1667
f 1667 1822 1668
f 1822 1823 1668
f 1713 1824 1714
f 1717 1824 1713
f 1814 1809 1825
f 1814 1825 1826
f 1827 1828 1829
f 1829 1828 1830
f 1813 1831 1832
f 1826 1825 1833
f 1826 1833 1834
f 1834 1833 1835
f 1832 1831 1836
f 1834 1835 1837
f 1838 1665 1649
f 1839 1840 1841
f 1837 1835 1842
f 1837 1842 1843
f 1844 1845 1846
f 1844 1846 1847
f 1843 1842 1848
f 1848 1842 1849
f 1844 1847 1850
f 1649 1648 1851
f 1850 1847 1852
f 1853 1854 1855
f 1848 1849 1856
f 1853 1855 1857
f 1856 1849 1858
f 1850 1852 1859
f 1851 1648 1860
f 1856 1858 1861
f 1859 1852 1862
f 1860 1648 1615
f 1863 1857 1864
f 1857 1855 1864
f 1861 1858 1865
f 1861 1865 1866
f 1859 1862 1867
f 1860 1615 1617
f 1867 1862 1868
f 1866 1865 1869
f 1863 1864 1870
f 1870 1864 1871
f 1860 1617 1872
f 1866 1869 1873
f 1867 1868 1874
f 1873 1869 1875
f 1874 1868 1876
f 1870 1871 1877
f 1877 1871 1708
f 1873 1875 1878
f 1878 1875 1879
f 1872 1617 1880
f 1874 1876 1881
f 1878 1879 1882
f 1881 1876 1719
f 1877 1708 1707
f 1881 1719 1718
f 1882 1879 1711
f 1882 1711 1710
f 1883 1884 1885
f 1886 1887 1888
f 1889 1890 1891
f 1892 1893 1887
f 1894 1895 1896
f 1897 1888 1898
f 1893 1899 1887
f 1893 1900 1899
f 1901 1902 1903
f 1904 1905 1900
f 1906 1907 1908
f 1907 1909 1908
f 1910 1911 1912
f 979 980 1913
f 1896 1895 1914
f 1915 1910 1902
f 1916 1906 1917
f 1918 1919 1920
f 1885 1921 1922
f 1921 1896 1922
f 980 1883 1913
f 1903 1902 1923
f 1924 1917 1925
f 1926 1927 1928
f 1910 1912 1902
f 1929 1930 1931
f 1913 1883 1932
f 1084 1087 1933
f 1897 1898 1934
f 1935 1936 1937
f 1936 1938 1937
f 1917 1906 1925
f 1908 1939 1940
f 1909 1941 1942
f 979 1913 1943
f 1944 1945 1946
f 1883 1885 1932
f 1086 1947 1087
f 1087 1947 1933
f 1891 1924 1948
f 1949 1903 1950
f 1903 1923 1950
f 1902 1912 1923
f 1908 1909 1942
f 1951 1952 1953
f 1084 1933 1954
f 1908 1940 1927
f 1955 1956 1957
f 1896 1914 1958
f 1922 1896 1958
f 1935 1937 1959
f 1895 1935 1959
f 1954 1933 1960
f 1932 1885 1961
f 979 1943 974
f 1913 1932 1962
f 1943 1913 1962
f 1934 1898 1963
f 1888 1887 1964
f 1929 1931 1965
f 1948 1924 1966
f 1954 1960 1078
f 974 1943 1967
f 1960 1933 1968
f 1924 1925 1969
f 1078 1960 1970
f 1945 1955 1957
f 1933 1971 1968
f 1947 1972 1973
f 1971 1933 1973
f 1933 1947 1973
f 1944 1946 1974
f 1078 1970 1073
f 1932 1961 1975
f 1960 1968 1976
f 1970 1960 1976
f 1932 1975 1962
f 1885 1922 1961
f 1073 1970 1977
f 1936 1965 1938
f 1949 1950 1978
f 1950 1923 1979
f 1971 1973 1980
f 1968 1971 1980
f 1965 1931 1981
f 1978 1950 1982
f 1983 1891 1984
f 1943 1962 1967
f 1941 1985 1986
f 1891 1948 1984
f 1966 1924 1969
f 1970 1976 1987
f 1977 1970 1987
f 1934 1963 1985
f 1073 1977 1988
f 1976 1968 1989
f 1968 1980 1989
f 1973 1990 1991
f 1980 1973 1991
f 1977 1987 1988
f 1888 1964 1898
f 1992 1993 1994
f 1995 1996 1997
f 1927 1940 1928
f 1945 1957 1946
f 1998 1974 1999
f 1898 1964 2000
f 974 1967 2001
f 1073 1988 2002
f 1989 1980 2003
f 1895 1959 2004
f 1980 1991 2003
f 1987 1976 2005
f 1961 1922 2006
f 1976 1989 2005
f 2002 1988 2007
f 1984 1948 2008
f 1987 2005 2009
f 1950 1979 1982
f 1973 2010 2011
f 1965 1981 1938
f 2012 2002 2013
f 1988 1987 2007
f 1990 1973 2011
f 1989 2003 2009
f 1975 1961 2014
f 2005 1989 2009
f 1967 1962 2015
f 1962 1975 2015
f 2002 2007 2013
f 1978 1982 2016
f 2013 2007 2017
f 1961 2006 2014
f 1982 1979 2018
f 2019 2020 2021
f 1941 1986 1942
f 2009 2003 2022
f 2007 1987 2023
f 1987 2009 2023
f 1922 1958 2006
f 2012 2013 2024
f 2025 2012 2024
f 2000 1964 2026
f 1895 2004 2027
f 1914 1895 2027
f 2016 1982 2028
f 1991 1990 2029
f 2003 1991 2029
f 1930 2030 2031
f 2025 2024 1064
f 1983 1984 2032
f 2013 2017 2024
f 2007 2023 2033
f 2017 2007 2033
f 1064 2024 2034
f 2024 2017 2035
f 1998 1999 2030
f 1898 2000 1963
f 2023 2009 2036
f 2034 2024 2037
f 1983 2032 2038
f 1923 1912 1979
f 1975 2014 2015
f 1967 2015 2001
f 2017 2033 2035
f 1958 1914 2027
f 2037 2024 2039
f 2024 2035 2039
f 2009 2022 2036
f 2033 2023 2040
f 2023 2036 2040
f 1982 2018 2028
f 969 974 2041
f 2042 1906 2043
f 1906 1908 2043
f 1969 2042 2043
f 1990 2011 2044
f 1957 1956 1946
f 974 2001 2041
f 2032 1984 2008
f 1064 2034 1059
f 1942 1986 2045
f 2038 2032 2046
f 1928 1940 2047
f 1059 2034 2048
f 2033 2040 2049
f 2035 2033 2049
f 2039 2035 2050
f 2015 2014 2051
f 2016 2028 1005
f 1938 1981 2052
f 2034 2037 2048
f 1059 2048 2053
f 2037 2039 2048
f 1990 2044 2029
f 2035 2049 2050
f 2030 1999 2054
f 2014 2006 2055
f 1930 2031 2056
f 1931 1930 2056
f 2039 2050 2057
f 2048 2039 2057
f 961 969 2058
f 1005 2028 2059
f 2053 2048 2060
f 1059 2053 2061
f 1946 1956 2062
f 2063 2064 2065
f 2000 2026 1963
f 2050 2049 2066
f 2032 2008 1945
f 2048 2057 2060
f 2041 2001 2067
f 2061 2053 2068
f 2053 2060 2068
f 1958 2027 2069
f 2014 2055 2051
f 2057 2050 2070
f 2061 2068 2071
f 1001 1005 2072
f 2068 2060 2071
f 2022 2003 2073
f 2038 2046 2074
f 2018 2038 2074
f 2075 2061 2076
f 969 2041 2058
f 1969 2043 2077
f 2070 2050 2078
f 2050 2066 2078
f 1005 2059 2072
f 2071 2060 2079
f 2060 2057 2079
f 2061 2071 2076
f 2001 2015 2067
f 2071 2079 2080
f 2059 2028 2081
f 2003 2029 2082
f 1940 1939 2083
f 2030 2054 2031
f 2022 2073 2084
f 1958 2069 2085
f 2032 1945 2046
f 2028 2018 2086
f 2080 2079 2087
f 2058 2041 2088
f 2057 2070 2079
f 2071 2080 2076
f 1966 1969 2077
f 1938 2052 1937
f 1963 2026 2089
f 2075 2076 2090
f 2051 2055 2091
f 2090 2076 2092
f 2049 2040 2093
f 2070 2078 2094
f 2079 2070 2094
f 1948 1966 2077
f 1931 2056 1981
f 2095 2096 2097
f 2090 2092 2098
f 1986 1985 2099
f 2003 2082 2073
f 2079 2094 2100
f 2092 2076 2101
f 2056 2031 2102
f 2066 2049 2103
f 2049 2093 2103
f 2022 2084 2036
f 1974 1946 2104
f 1001 2072 2105
f 2076 2080 2101
f 2106 2107 2108
f 2098 2092 2109
f 2066 2103 2110
f 2018 2074 2086
f 2087 2079 2100
f 1948 2077 1955
f 2008 1948 1955
f 2051 2091 2111
f 2036 2084 2112
f 2059 2081 2072
f 2080 2087 2101
f 1963 2089 2113
f 1985 1963 2113
f 2114 2115 2116
f 2109 2114 2116
f 2072 2081 2117
f 2118 2119 2120
f 2092 2101 2116
f 2028 2086 2081
f 2098 2109 2121
f 2067 2015 2122
f 2015 2051 2122
f 2058 2088 2123
f 961 2058 2123
f 2105 2072 2124
f 2125 2126 2127
f 2121 2109 2128
f 2041 2067 2088
f 1908 2129 2043
f 2066 2110 2130
f 2078 2066 2130
f 2101 2087 2131
f 2087 2100 2131
f 2036 2112 2132
f 1940 2083 2047
f 2040 2036 2132
f 2099 1985 2133
f 2128 2109 2116
f 2073 2112 2084
f 1986 2099 2045
f 2116 2101 2134
f 2094 2078 1905
f 2078 2130 1905
f 2128 2116 2135
f 2131 2100 2136
f 2040 2132 2093
f 1974 2104 1999
f 2137 2121 2138
f 2056 2102 1981
f 2121 2128 2138
f 2116 2134 2135
f 2088 2067 2139
f 2101 2131 2134
f 958 961 2140
f 2141 2142 2143
f 2055 2006 2144
f 2006 1958 2144
f 1958 2085 2144
f 2105 2124 2145
f 2072 2146 2124
f 1985 2113 2133
f 2137 2138 2147
f 1937 2052 2148
f 2146 2149 2150
f 2124 2146 2150
f 2128 2135 2138
f 2135 2134 2151
f 2147 2138 2152
f 2008 1955 1945
f 2134 2131 2153
f 2131 2136 2153
f 2077 2043 2154
f 2155 2156 2157
f 2099 2133 2158
f 2094 1905 1904
f 1999 2104 2159
f 2124 2150 2145
f 2160 2147 2161
f 2081 2086 2162
f 2152 2138 2163
f 2134 2153 2151
f 2067 2122 2139
f 961 2123 2140
f 2158 2133 2045
f 2132 2112 2164
f 958 2140 2165
f 2145 2150 2166
f 1937 2148 1959
f 2167 2168 2169
f 2081 2162 2149
f 2122 2051 2170
f 2051 2111 2170
f 1942 2045 1908
f 2094 1904 1893
f 2171 2154 2043
f 2161 2147 2172
f 2147 2152 2172
f 2135 2151 2173
f 2046 1945 1944
f 2138 2135 2173
f 2031 2054 2174
f 2047 2083 2175
f 2151 2153 1897
f 2133 2176 2045
f 2054 1999 2174
f 1999 2159 2174
f 2150 2149 2177
f 2178 2145 2179
f 1033 1034 2180
f 2160 2161 2181
f 2138 2173 2163
f 2172 2152 2182
f 2152 2163 2182
f 2136 2100 1892
f 2094 1893 1892
f 2100 2094 1892
f 2088 2139 2183
f 2123 2088 2183
f 2140 2123 2184
f 2181 2161 2185
f 2154 2186 2077
f 2150 2177 2166
f 2103 2093 2110
f 2091 2055 2187
f 2188 2047 2175
f 2122 2170 2139
f 2149 2162 1930
f 2182 2163 2189
f 2132 2164 2093
f 2145 2166 2179
f 2190 2191 2192
f 2163 2173 2193
f 2045 2176 1939
f 2077 2186 1955
f 2161 2172 2185
f 2172 2182 2185
f 2151 1897 1934
f 2173 2151 1934
f 2149 1930 2177
f 2182 2189 2185
f 2194 2195 2196
f 2123 2183 2184
f 2173 1934 2193
f 2136 1892 1886
f 2171 2043 2197
f 2140 2184 2165
f 2046 1944 1974
f 2198 2046 1974
f 2179 2166 2199
f 2189 2163 2200
f 2163 2193 2200
f 2133 2113 2201
f 2202 2181 2203
f 2181 2185 2203
f 2043 2129 2197
f 2166 2177 2204
f 2177 1930 1929
f 2159 2104 1946
f 2185 2189 2205
f 2189 2200 2205
f 2027 2004 2206
f 2091 2187 2207
f 2176 2133 1939
f 2208 2202 2209
f 2199 2166 2210
f 959 958 2165
f 2178 2179 2211
f 2212 2178 2211
f 2202 2203 2209
f 959 2165 2213
f 2214 2215 2216
f 2179 2199 2210
f 2133 2201 1939
f 2153 2136 1888
f 2136 1886 1888
f 1897 2153 1888
f 2177 1929 2204
f 2165 2184 2213
f 2162 2086 1998
f 2086 2198 1998
f 2198 1974 1998
f 2215 2214 2217
f 2045 1939 1908
f 2148 2004 1959
f 2215 2208 2216
f 2218 2219 2220
f 2091 2207 2111
f 2212 2211 2221
f 2193 1934 1985
f 2166 2204 2222
f 2210 2166 2222
f 2183 2139 2223
f 2206 2004 2224
f 2193 1985 2200
f 2221 2211 2225
f 1956 2226 2062
f 2204 1929 1965
f 2184 2183 2227
f 2183 2223 2227
f 2208 2209 2216
f 2213 2184 2227
f 2179 2210 2211
f 2223 2139 2228
f 2203 2229 1907
f 2230 2231 2232
f 2162 1998 2030
f 2027 2206 2069
f 1930 2162 2030
f 2209 2203 1916
f 985 2221 2233
f 2226 2234 2062
f 2211 2210 2235
f 2210 2222 2235
f 2200 1985 1941
f 2197 2129 1926
f 1946 2062 2234
f 2055 2144 2187
f 2221 2225 2233
f 2222 2204 1936
f 2204 1965 1936
f 2186 2236 1955
f 2211 2235 2225
f 2213 2227 2237
f 2229 2238 1907
f 2206 2224 2069
f 1909 2200 1941
f 2203 1907 1916
f 2234 2226 2239
f 2069 2144 2085
f 2139 2170 2240
f 2216 2209 1917
f 2228 2139 2240
f 1886 1892 1887
f 2241 2237 2227
f 2207 2187 2242
f 2233 2225 1894
f 2217 2214 2243
f 2216 1917 1889
f 2214 2216 1889
f 2111 2207 2242
f 985 2233 2244
f 2227 2223 2228
f 2244 2233 1884
f 2235 2222 1935
f 2222 1936 1935
f 2170 2111 2245
f 2209 1916 1917
f 2129 1908 1927
f 2225 2235 1894
f 2111 2242 2245
f 2242 2187 2246
f 2130 1900 1905
f 2233 1894 1884
f 1889 1917 1890
f 2227 2247 2241
f 1901 2214 1915
f 2246 2245 2242
f 1884 1894 1921
f 2170 2245 2240
f 2227 2228 2247
f 2214 1911 1910
f 2214 1889 1911
f 985 2244 1883
f 980 985 1883
f 2214 1910 1915
f 2236 1956 1955
f 2129 1927 1926
f 2244 1884 1883
f 1890 1917 1924
f 1894 2235 1895
f 2235 1935 1895
f 1893 1904 1900
f 1916 1907 1906
f 1921 1894 1896
f 2238 1909 1907
f 1901 1915 1902
f 1890 1924 1891
f 1884 1921 1885
f 2248 2249 2250
f 956 2251 963
f 2252 2253 1013
f 2254 2255 2256
f 2257 2258 2259
f 2260 2261 2262
f 2253 2257 2263
f 2264 2265 2266
f 2264 2266 2267
f 2268 2257 2253
f 2269 2267 2255
f 2270 2271 2272
f 2258 2273 2274
f 2275 2253 2252
f 2276 2275 2252
f 2277 2253 2275
f 2278 2279 2280
f 2269 2264 2267
f 2281 2282 2283
f 2284 2285 2286
f 2284 2286 2287
f 2288 2289 2265
f 2290 2291 2292
f 2277 2268 2253
f 2293 2255 2254
f 2293 2269 2255
f 2293 2254 2251
f 2272 2258 2257
f 2294 2279 2278
f 2213 2293 2251
f 2213 2251 956
f 2295 2275 2276
f 2296 2265 2264
f 2297 2278 2298
f 2299 2257 2268
f 2300 2284 2287
f 2301 2302 2303
f 2304 2264 2269
f 2304 2296 2264
f 2297 2294 2278
f 2305 1085 1090
f 2306 2270 2272
f 2307 1090 1082
f 2296 2288 2265
f 2295 2277 2275
f 1947 1086 1085
f 2308 2269 2293
f 2309 2295 2276
f 2310 2298 2311
f 2299 2272 2257
f 2312 2313 2271
f 2294 2297 2279
f 2308 2293 2213
f 2305 1947 1085
f 2310 2297 2298
f 2314 1082 1080
f 2315 1090 2307
f 2316 2292 2291
f 2315 2305 1090
f 2308 2304 2269
f 959 2213 956
f 2314 2307 1082
f 2317 2299 2268
f 2317 2268 2277
f 2318 2295 2309
f 1972 1947 2305
f 2319 2307 2314
f 2320 2310 2311
f 2316 2248 2292
f 2321 2318 2309
f 2322 1972 2305
f 2322 2305 2315
f 2323 2277 2295
f 2319 2315 2307
f 2271 2273 2258
f 2270 2312 2271
f 1972 2010 1973
f 1080 2319 2314
f 2324 2295 2318
f 2325 2315 2319
f 2324 2318 2321
f 2237 2308 2213
f 2326 2319 1080
f 2327 2295 2324
f 2325 2319 2326
f 2325 2322 2315
f 2328 2291 2290
f 2329 2288 2296
f 2329 2296 2304
f 2323 2317 2277
f 2330 1972 2322
f 2327 2323 2295
f 2331 1080 1075
f 2331 2326 1080
f 2332 2285 2320
f 2333 2327 2324
f 2334 2329 2304
f 2335 2336 2337
f 2338 2322 2325
f 2339 2333 2324
f 2262 2299 2317
f 2340 2334 2304
f 2340 2304 2308
f 2338 2325 2341
f 2272 2271 2258
f 2341 2325 2326
f 2342 2328 2343
f 2344 2291 2328
f 2345 1075 2346
f 2347 2284 2300
f 2308 2237 2241
f 2345 2331 1075
f 2348 2349 2343
f 2350 2347 2300
f 2350 2300 2289
f 2350 2351 2347
f 2351 2350 2289
f 2352 2326 2331
f 2351 2289 2288
f 2353 2317 2323
f 2329 2351 2288
f 2354 2324 2321
f 2355 2346 1070
f 2241 2340 2308
f 2356 2357 2358
f 2356 2359 2360
f 2356 2360 2357
f 2356 2358 2359
f 2349 2342 2343
f 2330 2010 1972
f 2352 2341 2326
f 2361 2362 2363
f 2364 2331 2345
f 2354 2339 2324
f 2365 2363 2362
f 2355 2345 2346
f 2364 2352 2331
f 2366 2362 2361
f 2366 2360 2367
f 2368 2338 2341
f 2369 2362 2366
f 2369 2365 2362
f 2359 2367 2360
f 2370 2366 2367
f 2371 2370 2367
f 2371 2367 2359
f 2372 2345 2355
f 2373 2374 2363
f 2375 2373 2363
f 2376 2341 2352
f 2375 2363 2365
f 2377 2365 2378
f 2377 2375 2365
f 2250 2371 2359
f 2250 2379 2371
f 2380 2373 2375
f 2381 2375 2377
f 2381 2377 2382
f 2383 2359 2384
f 2383 2250 2359
f 2385 2327 2333
f 2330 2322 2338
f 2353 2262 2317
f 2386 2333 2339
f 2387 2352 2364
f 2388 2380 2375
f 2386 2339 2354
f 2388 2375 2381
f 2389 2381 2382
f 2372 2364 2345
f 2389 2388 2381
f 2292 2390 2250
f 2292 2250 2383
f 2391 2392 2393
f 2376 2368 2341
f 2330 2011 2010
f 2330 2394 2380
f 2330 2380 2388
f 2395 2388 2389
f 2395 2330 2388
f 2395 2011 2330
f 2396 2383 2397
f 2396 2292 2383
f 2398 2364 2372
f 2290 2292 2396
f 2290 2343 2328
f 2343 2399 2282
f 2387 2376 2352
f 2400 2401 2402
f 2343 2282 2403
f 2343 2290 2396
f 2343 2396 2399
f 2404 2386 2354
f 2373 2368 2376
f 2405 1070 1065
f 2405 2355 1070
f 2342 2344 2328
f 2398 2387 2364
f 2406 2333 2386
f 2406 2385 2333
f 2405 2372 2355
f 2394 2330 2338
f 2407 2387 2398
f 2408 2409 2410
f 2411 2327 2385
f 2411 2323 2327
f 2411 2353 2323
f 2374 2376 2387
f 2374 2373 2376
f 2412 2405 1065
f 2404 2354 2413
f 2414 2405 2412
f 2415 2272 2299
f 2416 2372 2405
f 2416 2398 2372
f 2417 2386 2404
f 2380 2394 2338
f 2380 2338 2368
f 2407 2374 2387
f 2418 2348 2403
f 2419 2405 2414
f 2281 2403 2282
f 2420 2414 2412
f 2421 2414 2420
f 2419 2416 2405
f 2422 2423 2424
f 2373 2380 2368
f 2425 2407 2398
f 2425 2398 2416
f 2426 2385 2406
f 2421 2419 2414
f 2427 2416 2419
f 2428 2419 2421
f 2428 2421 2429
f 2430 2411 2385
f 2427 2425 2416
f 2262 2415 2299
f 2431 2432 2433
f 1056 2429 1060
f 2428 2427 2419
f 2417 2406 2386
f 2434 2404 2413
f 2435 2436 2437
f 2438 2425 2427
f 2426 2430 2385
f 2439 2429 1056
f 2440 2441 2442
f 2443 2438 2427
f 2443 2427 2428
f 2363 2374 2407
f 2444 2403 2281
f 2444 2418 2403
f 2445 2404 2434
f 2446 2447 2448
f 2439 2428 2429
f 2449 2428 2439
f 2445 2417 2404
f 2357 2438 2443
f 2450 2428 2449
f 2417 2426 2406
f 2446 2451 2447
f 2452 2439 2451
f 2452 2451 2446
f 2453 2430 2426
f 2450 2443 2428
f 2454 2417 2445
f 2455 2439 2452
f 2455 2449 2439
f 2456 2262 2353
f 2457 2446 2458
f 2459 2445 2434
f 2459 2434 2460
f 2461 2446 2457
f 2461 2452 2446
f 2450 2357 2443
f 2361 2363 2407
f 2361 2407 2425
f 2462 2463 2464
f 2461 2455 2452
f 2465 2426 2417
f 2456 2353 2411
f 2455 2450 2449
f 2358 2357 2450
f 2466 2455 2461
f 2467 2457 2458
f 2459 2454 2445
f 2468 2457 2467
f 2366 2425 2438
f 2366 2361 2425
f 2469 2450 2455
f 2468 2461 2457
f 2273 2444 2281
f 2470 2459 2460
f 2470 2460 2471
f 2465 2453 2426
f 2472 2468 2467
f 2473 2466 2461
f 2473 2461 2468
f 2469 2358 2450
f 2474 2475 2476
f 2477 2417 2454
f 2478 2469 2455
f 2478 2455 2466
f 2459 2477 2454
f 2479 2480 2481
f 2482 2468 2483
f 2360 2366 2438
f 2360 2438 2357
f 2484 2456 2411
f 2484 2411 2430
f 2485 2486 2487
f 2482 2473 2468
f 2472 2482 2483
f 2479 2467 2480
f 2488 2479 2481
f 2479 2472 2467
f 2479 2482 2472
f 2477 2465 2417
f 2489 2459 2470
f 2490 2471 2491
f 2488 2481 2492
f 2493 2494 2495
f 2490 2470 2471
f 2496 2482 2479
f 2497 2488 2492
f 2498 2499 2500
f 2501 2466 2473
f 2501 2478 2466
f 2497 2500 2488
f 2502 2477 2459
f 2502 2459 2489
f 2496 2479 2498
f 2503 2465 2477
f 2504 2482 2496
f 2490 2489 2470
f 2504 2473 2482
f 2271 2505 2273
f 2506 2501 2473
f 2506 2473 2504
f 2507 2508 2509
f 2497 2498 2500
f 2510 2477 2502
f 2490 2502 2489
f 2511 2496 2498
f 2512 2497 2492
f 2513 2378 2365
f 2505 2444 2273
f 2514 2497 2512
f 2515 2490 2491
f 2511 2498 2497
f 2516 2490 2515
f 2517 2515 2518
f 2519 2502 2490
f 2510 2503 2477
f 2520 2514 2512
f 2521 2348 2418
f 2522 2514 2520
f 2523 2444 2505
f 2524 2349 2348
f 2511 2504 2496
f 2525 2526 2527
f 2359 2358 2469
f 2528 2490 2516
f 2516 2515 2517
f 2529 2506 2504
f 2530 2531 2532
f 2531 2520 2532
f 2519 2510 2502
f 2529 2501 2506
f 2533 2365 2369
f 2311 2503 2510
f 2534 2504 2511
f 2534 2529 2504
f 2531 2522 2520
f 2342 2349 2344
f 2535 2530 1025
f 2514 2511 2497
f 2536 2531 2530
f 2384 2469 2478
f 2384 2359 2469
f 2271 2523 2505
f 2537 2522 2531
f 2538 2517 2539
f 2280 2453 2465
f 2540 2510 2519
f 2541 2522 2537
f 2444 2521 2418
f 2533 2513 2365
f 2542 2541 2537
f 2521 2524 2348
f 2528 2519 2490
f 2543 2511 2514
f 2522 2543 2514
f 2538 2516 2517
f 2536 2537 2531
f 2544 2528 2516
f 2366 2533 2369
f 2535 2536 2530
f 2536 2542 2537
f 2540 2311 2510
f 2545 2519 2528
f 2383 2384 2478
f 2383 2478 2501
f 2546 2533 2366
f 2547 2272 2415
f 2548 2536 2535
f 2549 2516 2538
f 1022 2535 1025
f 2550 2551 2552
f 2543 2534 2511
f 2553 2538 2539
f 2383 2501 2529
f 2554 2538 2553
f 2545 2540 2519
f 2541 2543 2522
f 2313 2444 2523
f 2278 2465 2503
f 2278 2280 2465
f 2548 2542 2536
f 2555 2534 2543
f 2544 2545 2528
f 2556 2366 2370
f 2557 2535 1022
f 2549 2544 2516
f 2397 2383 2529
f 2556 2546 2366
f 2558 2541 2542
f 2559 2262 2456
f 2262 2547 2415
f 2560 2561 2562
f 2563 2557 1022
f 2286 2540 2545
f 2298 2278 2503
f 2298 2503 2311
f 2557 2548 2535
f 2564 2262 2559
f 2565 2555 2543
f 2565 2543 2541
f 2554 2549 2538
f 2396 2397 2529
f 2566 2542 2548
f 2567 2557 2563
f 2271 2313 2523
f 2558 2565 2541
f 2566 2558 2542
f 2568 2554 2553
f 2568 2553 2569
f 2570 2544 2549
f 2571 2549 2554
f 2572 2573 2574
f 2484 2559 2456
f 2371 2556 2370
f 2557 2566 2548
f 2396 2529 2534
f 2570 2545 2544
f 1018 2567 2563
f 2575 2484 2430
f 2576 2568 2569
f 2576 2569 2577
f 2578 2272 2547
f 2283 2565 2558
f 2579 2559 2484
f 2274 2566 2557
f 2580 2567 1018
f 2571 2570 2549
f 2575 2430 2453
f 2581 2556 2371
f 2287 2545 2570
f 2287 2286 2545
f 2568 2571 2554
f 2266 2571 2568
f 2575 2579 2484
f 2262 2578 2547
f 2260 2262 2564
f 2259 2274 2557
f 2259 2557 2567
f 2579 2564 2559
f 2582 2577 2583
f 2320 2311 2540
f 2399 2534 2555
f 2399 2396 2534
f 2300 2570 2571
f 2300 2287 2570
f 2566 2283 2558
f 2582 2576 2577
f 2579 2260 2564
f 2576 2266 2568
f 2379 2581 2371
f 2399 2555 2565
f 2584 2575 2453
f 2263 2259 2567
f 2263 2567 2580
f 2256 2585 963
f 2281 2283 2566
f 2265 2571 2266
f 1013 2580 1018
f 2249 2379 2250
f 2267 2576 2582
f 2257 2259 2263
f 2261 2578 2262
f 2256 2582 2583
f 2274 2281 2566
f 2282 2399 2565
f 2282 2565 2283
f 2289 2571 2265
f 2289 2300 2571
f 2332 2540 2286
f 2332 2320 2540
f 2261 2306 2578
f 2255 2582 2256
f 2280 2584 2453
f 2258 2274 2259
f 2253 2580 1013
f 2267 2266 2576
f 2279 2584 2280
f 2306 2272 2578
f 2248 2250 2390
f 2255 2267 2582
f 2273 2281 2274
f 2251 2256 963
f 2285 2332 2286
f 2253 2263 2580
f 2254 2256 2251
f 2292 2248 2390
f 2586 2587 2588
f 2589 2590 2591
f 2592 2593 2594
f 2587 2595 2588
f 2596 2597 2598
f 2599 2596 2598
f 2600 2591 2601
f 2602 2603 2604
f 2605 2606 2607
f 2608 2600 2601
f 2604 2603 2609
f 2610 2598 2597
f 2608 2601 2611
f 2612 2613 2614
f 2615 2616 2617
f 2602 2604 2609
f 2611 2601 2618
f 2619 2620 2610
f 2597 2619 2610
f 2615 2617 2621
f 2611 2618 2622
f 2622 2618 2623
f 2611 2622 2624
f 2610 2620 2625
f 2622 2623 2626
f 2623 2627 2626
f 2615 2621 2628
f 2629 2630 2631
f 2620 1665 2625
f 2632 2629 2631
f 2615 2628 2633
f 2634 2635 2636
f 2633 2628 2637
f 2638 2639 2640
f 2632 2631 2641
f 2642 2643 2644
f 2627 1816 2626
f 2625 1665 1838
f 2634 2636 2645
f 2646 2626 2647
f 2648 2649 2650
f 2651 2633 2637
f 2647 2626 1817
f 2652 2634 2645
f 2632 2641 2653
f 2653 2641 2654
f 2626 1816 1817
f 2652 2645 2655
f 2655 2645 2656
f 2633 2651 2657
f 2657 2651 2658
f 2651 2637 2659
f 1838 1649 2660
f 2653 2654 2661
f 2655 2656 2662
f 2663 2664 2665
f 2666 2667 2668
f 2667 2669 2668
f 1649 1851 2660
f 2647 1817 2670
f 2657 2658 2671
f 2672 2673 2674
f 2675 2647 2670
f 2676 1829 1830
f 2677 2657 2678
f 2657 2671 2678
f 2678 2671 2679
f 2675 2670 2680
f 2681 2682 2683
f 2668 2672 2674
f 2684 2685 2686
f 2666 2668 2674
f 2687 2688 2689
f 2678 2679 2690
f 2691 2666 2692
f 2670 2693 2680
f 2694 2695 2696
f 2666 2674 2692
f 2674 2697 2692
f 2698 2699 2700
f 2701 2702 2703
f 2704 2705 2706
f 2680 2693 2707
f 2708 2709 2710
f 2711 2684 2712
f 2684 2686 2712
f 2690 2679 2713
f 2712 2714 2715
f 2716 2717 2718
f 2701 2703 2719
f 2707 2693 2720
f 2693 2721 2720
f 2698 2700 2722
f 2723 2724 2725
f 2698 2722 2726
f 2727 2728 2729
f 2708 2710 2729
f 2711 2712 2715
f 2726 2722 2730
f 2729 2710 2731
f 2732 2733 2734
f 2720 2721 2735
f 2736 2711 2737
f 2711 2715 2737
f 2733 2738 2734
f 1872 1880 2739
f 2721 2740 2735
f 2727 2729 2731
f 2741 2727 2742
f 2736 2737 2743
f 2744 2739 1880
f 2727 2731 2742
f 2745 2726 2746
f 2726 2730 2746
f 2742 2731 2747
f 2738 2748 2749
f 2734 2738 2749
f 2735 2740 2750
f 2751 2735 2750
f 2741 2742 2747
f 2752 2736 2753
f 2736 2743 2753
f 2748 2754 2749
f 2753 2743 2755
f 2751 2750 2756
f 2743 2757 2755
f 2749 2754 2758
f 2759 2741 2760
f 2741 2747 2760
f 2760 2747 2761
f 2749 2758 2762
f 2752 2753 2755
f 2763 2764 2765
f 2751 2756 2766
f 2765 2764 2767
f 2768 2769 2770
f 2752 2755 2771
f 2760 2761 2772
f 2771 2755 2773
f 2774 1728 1740
f 2775 2762 2758
f 2587 2776 2777
f 2769 2768 2778
f 2772 2761 2777
f 2779 2780 2781
f 2782 2590 2783
f 2777 2761 2595
f 2762 2775 2599
f 2775 2784 2599
f 2779 2781 2589
f 2600 2779 2589
f 2587 2777 2595
f 2599 2784 2596
f 2589 2783 2590
f 2600 2589 2591
f 2785 2786 2787
f 2788 2789 2790
f 1766 1750 2791
f 2792 2793 2794
f 2794 2793 2795
f 2796 2797 2798
f 2791 1750 2799
f 2800 2788 2801
f 2788 2790 2801
f 1750 1738 2799
f 2794 2795 2802
f 2800 2801 2803
f 2804 2805 2806
f 2807 2794 2802
f 2808 2799 1738
f 2809 2800 2810
f 2800 2803 2810
f 2811 2812 2813
f 2814 2815 2816
f 2817 2818 2819
f 2820 2821 2822
f 2810 2803 2809
f 2823 2824 2825
f 2826 2827 2828
f 1738 1732 2808
f 2829 2830 2831
f 2821 2832 2822
f 2811 2813 2833
f 2809 2803 2834
f 2835 2836 2837
f 2838 2809 2839
f 2808 1732 2840
f 2823 2825 2841
f 2842 2822 2832
f 2839 2809 2834
f 2829 2831 2843
f 2844 2845 2846
f 2837 2836 2847
f 2848 2849 2850
f 2829 2843 2851
f 2838 2839 2834
f 2849 2852 2850
f 2853 2854 2855
f 2850 2852 2856
f 2829 2851 2857
f 2858 2859 2860
f 2855 2854 2861
f 2857 2851 2862
f 2838 2834 2863
f 2851 2843 2862
f 2864 2865 2866
f 2867 2850 2856
f 2868 2869 2870
f 2871 2838 2872
f 2838 2863 2872
f 2873 2874 2875
f 2872 2863 2876
f 2877 2878 2879
f 2863 1836 2876
f 2880 2857 2881
f 2857 2862 2881
f 2868 2870 2882
f 2883 2884 2885
f 2886 2887 2888
f 2889 2890 2891
f 2892 2868 2882
f 2877 2879 2893
f 2894 2873 2895
f 2883 2885 2896
f 2873 2875 2895
f 2897 2898 2899
f 2876 1836 2900
f 2894 2895 2901
f 2883 2896 2902
f 2903 2897 2904
f 2897 2899 2904
f 2900 1836 1831
f 2905 2906 2907
f 2908 2909 2910
f 2911 2912 2913
f 2883 2902 2907
f 2914 1736 1739
f 2894 2901 2915
f 2907 2902 2916
f 2903 2904 2917
f 2894 2915 2918
f 2919 2920 2921
f 2922 2923 2924
f 2925 2926 2927
f 2928 2929 2930
f 2927 2926 2931
f 1831 1813 1812
f 1739 2932 2914
f 2905 2907 2916
f 2914 2932 2933
f 2932 2934 2933
f 2903 2917 2935
f 2936 2903 2935
f 2937 2928 2938
f 2928 2930 2938
f 2939 2940 2941
f 2942 2943 2944
f 2945 2946 2947
f 2948 2949 2950
f 2946 2951 2947
f 2952 2953 2954
f 2955 2956 2957
f 2939 2941 2958
f 2948 2950 2959
f 2960 2952 2961
f 2952 2954 2961
f 2961 2954 2962
f 2937 2938 2963
f 2964 2965 2966
f 2967 2968 2969
f 2970 2971 2972
f 2973 2974 2960
f 2636 2635 2963
f 2975 1812 1793
f 2635 2937 2963
f 2939 2958 2976
f 2977 2939 2976
f 2975 1793 2978
f 2977 2976 2979
f 2973 2960 2961
f 2980 2981 2982
f 2978 1793 1766
f 1793 1774 1766
f 2983 2977 2979
f 2984 2985 2973
f 2961 2984 2973
f 2986 2987 2988
f 2989 2990 2991
f 2973 2985 2796
f 2985 2992 2796
f 2983 2979 2993
f 2994 2995 2996
f 2997 2983 2993
f 2992 2998 2796
f 2999 3000 3001
f 2788 3002 2789
f 3002 3003 2789
f 2997 2993 3004
f 2789 3003 2790
f 2998 2797 2796
f 3005 3006 3007
f 3005 3007 3008
f 3009 3010 3011
f 3010 3012 3011
f 3013 3014 3015
f 3013 3015 3016
f 3017 3013 3016
f 3018 3019 3020
f 3019 3021 3020
f 1094 3018 3022
f 3018 3020 3022
f 1094 3022 1095
f 3023 3024 3025
f 3024 3026 3027
f 3024 3027 3028
f 3025 3024 3029
f 3024 3028 3029
f 3030 3031 3032
f 3033 3034 3035
f 3036 3033 3035
f 3032 3031 3037
f 3035 3034 3038
f 3039 3040 3041
f 3040 3042 3041
f 3042 3043 3041
f 3043 3044 3041
f 3034 3045 3046
f 3038 3034 3046
f 3037 3031 3047
f 3046 3045 3048
f 3048 3045 3049
f 3049 3045 3050
f 3031 3051 3024
f 3051 3052 3024
f 3052 3053 3024
f 3053 3054 3024
f 3054 3055 3024
f 3055 3056 3024
f 3056 3057 3024
f 3045 3031 3058
f 3057 3059 3024
f 3059 3060 3024
f 3060 3061 3024
f 3061 3062 3024
f 3062 3063 3024
f 3063 3064 3024
f 3050 3045 3058
f 3064 3065 3024
f 3065 3039 3024
f 3041 3066 3024
f 3067 3068 3069
f 3039 3041 3024
f 3047 3031 3024
f 3047 3024 3070
f 3071 3072 3073
f 3074 3071 3073
f 3075 3074 3073
f 3070 3024 3076
f 3058 3031 3077
f 3073 3072 3078
f 3076 3024 3079
f 3024 3080 3081
f 3082 3083 3078
f 3084 3082 3078
f 3079 3024 3085
f 3086 3084 3078
f 3072 3086 3078
f 3077 3031 3087
f 3085 3024 3088
f 3089 3090 3091
f 3092 3089 3091
f 3093 3092 3091
f 3094 3093 3091
f 3083 3094 3091
f 3088 3024 3095
f 3078 3083 3091
f 3081 3096 3097
f 3096 3098 3097
f 3091 3090 3031
f 3099 3051 3031
f 3100 3099 3031
f 3095 3024 3101
f 3102 3100 3031
f 3090 3102 3031
f 3087 3031 3103
f 3081 3097 3104
f 3101 3024 3105
f 3081 3104 3106
f 3105 3024 3023
f 3024 3081 3026
f 3081 3106 3026
f 3103 3031 3030
f 952 955 3107
f 955 3108 3107
f 3109 3110 3111
f 3107 3108 3110
f 3108 3111 3110
f 3111 3112 3109
f 3109 3112 3113
f 3112 3114 3113
f 3113 3114 3115
f 3114 3116 3115
f 3117 3115 3116
f 3118 3117 3119
f 3117 3116 3119
f 3119 3120 3118
f 3121 3118 3120
f 3120 3122 3121
f 3123 3121 3122
f 3122 3124 3123
f 3123 3124 3125
f 3124 3126 3125
f 3127 3125 3126
f 3126 3128 3127
f 3129 3127 3128
f 3128 3130 3129
f 3131 3129 3130
f 3130 3132 3131
f 3133 3131 3132
f 3132 3134 3133
f 3135 3133 3134
f 3134 3136 3135
f 3137 3135 3136
f 3136 3138 3137
f 3138 3139 3137
f 3140 3137 3139
f 3139 3141 3140
f 3142 3140 3141
f 3141 3143 3142
f 3144 3142 3143
f 3143 3145 3144
f 3146 3144 3145
f 3145 3147 3146
f 3148 3146 3147
f 3147 3149 3148
f 3150 3148 3149
f 3149 3151 3150
f 3152 3150 3151
f 3151 2763 3152
f 3152 2763 3153
f 2763 2765 3154
f 3153 2763 3154
f 3154 2765 3155
f 3154 3155 3156
f 896 895 3155
f 3155 895 3156
f 3157 3158 3159
f 3160 3161 3162
f 3163 3164 3165
f 3166 3167 3168
f 3169 3170 3171
f 3172 3173 3174
f 3175 3176 3177
f 3178 3179 3180
f 3009 3181 3010
f 3182 3014 3013
f 3183 3184 3185
f 1203 1204 3186
f 1199 3187 3188
f 1201 1208 3189
f 1199 1203 3187
f 1196 3189 3190
f 1196 1201 3189
f 1194 1199 3188
f 1198 962 1156
f 1198 1156 3191
f 1191 3188 3192
f 1191 1194 3188
f 1188 1196 3190
f 1193 3191 3193
f 1193 1198 3191
f 1177 3190 3194
f 1190 1191 3192
f 1177 1188 3190
f 1189 1193 3193
f 1184 3192 3195
f 1184 1190 3192
f 1173 1177 3194
f 1186 3193 3196
f 1186 1189 3193
f 1174 3194 3197
f 1183 1184 3195
f 1174 1173 3194
f 1182 1186 3196
f 1180 3195 3198
f 1180 1183 3195
f 1235 1174 3197
f 1171 3196 3199
f 1176 1180 3198
f 1171 1182 3196
f 1232 1235 3197
f 1091 3198 1148
f 1091 1176 3198
f 1232 3197 3200
f 1168 1171 3199
f 1227 1232 3200
f 1227 3200 3201
f 1169 3199 3202
f 1169 1168 3199
f 1226 1227 3201
f 1237 1169 3202
f 1222 1226 3201
f 1222 3201 3203
f 1233 3202 3204
f 1233 1237 3202
f 1220 1222 3203
f 1220 3203 3205
f 1231 1233 3204
f 1218 1220 3205
f 1229 3204 3206
f 1229 1231 3204
f 1215 1218 3205
f 1224 1229 3206
f 1215 3205 3207
f 1221 3206 3208
f 1212 1215 3207
f 1221 1224 3206
f 1212 3207 3209
f 1216 1221 3208
f 1211 1212 3209
f 1206 1211 3209
f 1214 1216 3208
f 1206 3209 3186
f 1209 3208 3210
f 1209 1214 3208
f 1204 1206 3186
f 1208 3210 3189
f 1203 3186 3187
f 1208 1209 3210
f 3211 905 908
f 3212 3213 3214
f 3215 3213 3212
f 3216 3217 3218
f 3219 3220 908
f 3221 3222 3223
f 3224 3225 3226
f 3227 3215 3212
f 3228 927 929
f 3229 3230 927
f 3231 3232 3233
f 3225 3224 3234
f 3219 908 913
f 3235 3221 3223
f 3236 3232 3231
f 3237 929 931
f 3238 3234 3239
f 3240 3235 3223
f 3238 3225 3234
f 3241 3242 3243
f 3244 3225 3238
f 3245 3235 3240
f 3245 3240 949
f 3246 3241 3243
f 949 951 3247
f 3248 3238 3249
f 3250 3245 949
f 3251 3238 3248
f 3250 949 3247
f 3251 3244 3238
f 3252 3253 3254
f 3255 3256 3257
f 3258 3259 3260
f 3261 3262 3263
f 3264 3265 3266
f 3264 3266 3217
f 3267 3268 3269
f 3270 3271 3272
f 3273 3274 3275
f 3276 895 898
f 3277 3251 3248
f 3258 3236 3259
f 3278 3236 3258
f 3279 3258 3260
f 3280 3281 3282
f 3283 3284 3285
f 3286 898 900
f 3287 3288 3289
f 3287 3289 3290
f 3291 936 938
f 3292 3273 3275
f 3293 3273 3292
f 3294 3295 3296
f 3297 900 899
f 3298 921 923
f 3299 3287 3290
f 3300 938 940
f 3301 3287 3299
f 3300 3291 938
f 3302 3303 3304
f 3305 3292 3306
f 3305 3293 3292
f 3307 899 904
f 3308 3309 3310
f 3311 3308 3310
f 3312 3313 3314
f 3315 3300 940
f 3316 3317 3318
f 3319 904 905
f 3213 3306 3214
f 3213 3305 3306
f 3232 3320 3321
f 3322 3323 3324
f 3230 925 927
f 3325 3316 3318
f 3221 3326 3222
f 3232 3321 3233
f 3327 3328 3329
f 3330 3331 3332
f 3333 3334 3335
f 3336 3337 3338
f 3339 3327 3329
f 3340 3115 3117
f 3341 3336 3342
f 3343 3344 3345
f 3346 3347 3348
f 3349 3150 3152
f 3350 3351 3352
f 3353 3117 3118
f 3354 3350 3352
f 3355 3356 3357
f 3358 3152 3153
f 3359 3355 3357
f 3360 3361 3362
f 3363 3364 3135
f 3365 3366 3367
f 3358 3153 3154
f 3368 3369 3370
f 953 3247 951
f 3371 3118 3121
f 3372 3346 3348
f 3373 3256 3374
f 3373 3257 3256
f 3375 3363 3135
f 3376 3253 3377
f 3378 3257 3373
f 3375 3135 3137
f 3373 3374 952
f 3379 3380 3381
f 3382 3380 3379
f 3383 3121 3123
f 3384 3373 952
f 3385 3378 3373
f 3386 3378 3385
f 3387 3384 952
f 3387 952 3107
f 3388 3375 3137
f 3389 3390 3391
f 3392 3393 3394
f 3395 3382 3379
f 3396 3397 3398
f 3389 3391 3125
f 3399 3394 3400
f 3399 3392 3394
f 3401 3266 3402
f 3403 3389 3125
f 3404 3399 3400
f 3405 3107 3110
f 3406 3398 3407
f 3406 3396 3398
f 3408 3409 3410
f 3403 3125 3127
f 3411 3412 3413
f 3414 3415 3401
f 3414 3401 3416
f 3417 3110 3109
f 3418 3411 3413
f 3419 3403 3127
f 3420 3421 3422
f 3423 3407 3424
f 3423 3406 3407
f 3425 3408 3410
f 3425 3410 3426
f 3427 3428 3429
f 3430 3144 3146
f 3419 3127 3129
f 3431 3432 3433
f 3434 3430 3146
f 3338 3425 3426
f 3328 3431 3433
f 3435 3146 3148
f 3337 3425 3338
f 3328 3433 3436
f 3336 3338 3342
f 3329 3328 3436
f 3437 3438 3439
f 3440 3438 3437
f 3441 3440 3437
f 3441 3437 3442
f 3441 3443 3440
f 3444 3445 3443
f 3444 3443 3441
f 3446 3444 3441
f 3447 3444 3446
f 3448 3449 3450
f 3451 3452 3453
f 3454 3455 3456
f 3457 3458 3456
f 3458 3459 3456
f 3460 3457 3456
f 3461 3462 3463
f 3459 3454 3456
f 3452 3448 3464
f 3448 3450 3464
f 3450 3465 3464
f 3466 3467 3468
f 3467 3453 3468
f 3461 3463 3469
f 3470 3461 3471
f 3461 3469 3471
f 3469 3472 3471
f 3473 3470 3471
f 3474 3473 3471
f 3472 3460 3471
f 3475 3474 3471
f 3476 3475 3471
f 3460 3456 3471
f 3477 3478 3471
f 3478 3476 3471
f 3479 3477 3471
f 3480 3470 3473
f 3481 3482 3483
f 3471 3456 3484
f 3453 3452 3483
f 3452 3464 3483
f 3468 3453 3483
f 3482 3468 3483
f 3469 3485 3472
f 3486 3487 3488
f 3464 3489 3488
f 3489 3486 3488
f 3483 3464 3490
f 3464 3488 3490
f 3490 3488 3491
f 3492 3473 3474
f 3452 3493 3448
f 3494 3484 3495
f 3448 3496 3449
f 3497 3495 3451
f 3484 3456 3451
f 3456 3498 3451
f 3498 3452 3451
f 3495 3484 3451
f 3499 3475 3476
f 3500 3272 3271
f 3500 3501 3272
f 3333 3218 3217
f 3333 3217 3334
f 3427 3232 3236
f 3427 3331 3232
f 3369 3271 3502
f 3369 3500 3271
f 3428 3427 3236
f 3370 3503 3218
f 3370 3218 3333
f 3369 3502 3503
f 3369 3503 3370
f 3428 3236 3278
f 3504 3428 3278
f 3504 3278 3505
f 3506 3504 3505
f 3506 3505 3507
f 3508 3506 3507
f 3508 3507 3226
f 3253 3509 3510
f 3253 3252 3509
f 3511 3508 3226
f 3377 3510 3320
f 3377 3253 3510
f 3512 3511 3226
f 3512 3226 3225
f 3377 3320 3232
f 3513 3512 3225
f 3330 3377 3232
f 3415 3217 3266
f 3415 3266 3401
f 3501 3225 3272
f 3501 3513 3225
f 3331 3330 3232
f 3334 3217 3415
f 3514 3515 3516
f 3517 3514 3516
f 3518 3517 3516
f 3518 3516 3519
f 3520 3518 3519
f 3520 3519 3521
f 3522 3520 3521
f 3522 3521 3523
f 3524 3522 3523
f 3524 3523 3525
f 3526 3524 3525
f 3526 3525 3527
f 3528 3526 3527
f 3528 3527 3529
f 3530 3531 3532
f 3530 3532 3533
f 3534 3530 3533
f 3534 3533 3535
f 3536 3534 3535
f 3536 3535 3537
f 3538 3536 3537
f 3538 3537 3539
f 3540 3538 3539
f 3540 3539 3541
f 3542 3540 3541
f 3543 3541 3544
f 3543 3542 3541
f 3545 3546 3547
f 3548 3549 3550
f 3548 3551 3549
f 3552 3545 3547
f 3553 3554 3555
f 3552 3547 3556
f 3557 3546 3545
f 3557 3558 3546
f 3553 3559 3554
f 3553 3548 3550
f 3553 3550 3559
f 3560 3552 3556
f 3560 3556 3561
f 3557 3562 3558
f 3563 3562 3557
f 3564 3560 3561
f 3565 3562 3563
f 3566 3564 3561
f 3567 3565 3563
f 3568 3565 3567
f 3569 3564 3566
f 3570 3569 3566
f 3571 3569 3570
f 3572 3568 3567
f 3551 3568 3572
f 3554 3571 3570
f 3549 3551 3572
f 3555 3554 3570
f 3573 3574 3575
f 3576 3577 3578
f 3579 3576 3578
f 3580 3573 3575
f 3581 3582 3583
f 3576 3579 3584
f 3585 3576 3584
f 3582 3586 3583
f 3577 3587 3578
f 3586 3580 3575
f 3583 3586 3575
f 3585 3584 3588
f 3578 3587 3589
f 3585 3588 3590
f 3589 3587 3591
f 3589 3591 3592
f 3590 3588 3593
f 3590 3593 3594
f 3592 3591 3595
f 3594 3593 3596
f 3592 3595 3597
f 3594 3596 3598
f 3597 3595 3599
f 3598 3596 3581
f 3597 3599 3574
f 3581 3596 3582
f 3597 3574 3573
f 3543 3544 3600
f 3601 3543 3600
f 3602 3601 3600
f 3602 3600 3603
f 3602 3603 3604
f 3605 3602 3604
f 3606 3605 3604
f 3606 3604 3607
f 3608 3607 3609
f 3608 3606 3607
f 3608 3609 3610
f 3611 3608 3610
f 3611 3610 3612
f 3531 3611 3612
f 3531 3612 3532
f 3613 3528 3529
f 3613 3529 3614
f 3615 3613 3614
f 3615 3614 3616
f 3617 3615 3616
f 3618 3617 3616
f 3618 3616 3619
f 3620 3618 3619
f 3620 3619 3621
f 3622 3620 3621
f 3622 3621 3623
f 3514 3622 3623
f 3514 3623 3515
f 3624 3625 3626
f 3624 3626 3627
f 3624 3627 3628
f 3629 3624 3628
f 3630 3629 3631
f 3629 3628 3631
f 3630 3631 3632
f 3633 3630 3632
f 3633 3632 3634
f 3635 3633 3634
f 3635 3634 3636
f 3637 3635 3636
f 3638 3637 3636
f 3638 3636 3639
f 3640 3641 3642
f 3640 3642 3643
f 3644 3640 3643
f 3644 3643 3645
f 3646 3644 3645
f 3646 3645 3647
f 3648 3646 3647
f 3648 3647 3649
f 3650 3648 3649
f 3650 3649 3651
f 3652 3650 3651
f 3652 3651 3653
f 3654 3652 3653
f 3654 3653 3655
f 3656 3654 3655
f 3657 3658 3659
f 3660 3661 3662
f 3663 3664 3665
f 3666 3664 3663
f 3667 3657 3659
f 3668 3660 3662
f 3669 3661 3660
f 3667 3659 3670
f 3668 3662 3671
f 3669 3672 3661
f 3666 3667 3670
f 3666 3670 3664
f 3673 3672 3669
f 3674 3668 3671
f 3675 3672 3673
f 3676 3675 3673
f 3677 3674 3671
f 3678 3674 3677
f 3679 3675 3676
f 3680 3679 3676
f 3681 3678 3677
f 3682 3678 3681
f 3683 3679 3680
f 3658 3679 3683
f 3663 3682 3681
f 3665 3682 3663
f 3659 3658 3683
f 3684 3685 3686
f 3687 3684 3686
f 3688 3689 3690
f 3691 3689 3688
f 3692 3693 3694
f 3695 3692 3694
f 3691 3688 3696
f 3689 3697 3690
f 3698 3691 3696
f 3695 3694 3699
f 3686 3685 3699
f 3685 3695 3699
f 3690 3697 3700
f 3698 3696 3701
f 3700 3697 3702
f 3701 3696 3703
f 3701 3703 3704
f 3701 3704 3705
f 3700 3702 3706
f 3706 3702 3707
f 3705 3704 3708
f 3708 3704 3709
f 3706 3707 3710
f 3710 3707 3711
f 3708 3709 3684
f 3710 3711 3692
f 3708 3684 3687
f 3692 3711 3693
f 3712 3656 3655
f 3712 3655 3713
f 3712 3713 3714
f 3715 3712 3714
f 3716 3715 3714
f 3716 3714 3717
f 3718 3716 3717
f 3719 3717 3720
f 3719 3718 3717
f 3721 3719 3720
f 3721 3720 3722
f 3641 3721 3722
f 3641 3722 3642
f 3723 3638 3639
f 3723 3639 3724
f 3725 3723 3724
f 3725 3724 3726
f 3727 3725 3726
f 3727 3726 3728
f 3729 3727 3728
f 3729 3728 3730
f 3731 3729 3730
f 3732 3731 3730
f 3732 3730 3733
f 3732 3733 3626
f 3625 3732 3626
f 3734 3735 3736
f 3734 3736 3737
f 3734 3737 3738
f 3739 3734 3738
f 3740 3739 3738
f 3740 3738 3741
f 3742 3740 3741
f 3742 3741 3743
f 3742 3743 3744
f 3745 3742 3744
f 3746 3745 3744
f 3746 3744 3747
f 3746 3747 3748
f 3749 3746 3748
f 3750 3751 3752
f 3753 3750 3752
f 3753 3752 3754
f 3755 3753 3754
f 3755 3754 3756
f 3757 3755 3756
f 3757 3756 3758
f 3759 3757 3758
f 3759 3758 3760
f 3761 3759 3760
f 3761 3760 3762
f 3763 3761 3762
f 3763 3762 3764
f 3765 3763 3764
f 3766 3767 3768
f 3769 3770 3771
f 3772 3770 3769
f 3773 3769 3771
f 3774 3775 3776
f 3766 3768 3777
f 3774 3777 3775
f 3772 3778 3770
f 3773 3771 3779
f 3774 3766 3777
f 3780 3778 3772
f 3781 3773 3779
f 3780 3782 3778
f 3783 3781 3779
f 3784 3782 3780
f 3785 3782 3784
f 3786 3781 3783
f 3787 3785 3784
f 3788 3786 3783
f 3789 3786 3788
f 3790 3789 3788
f 3791 3785 3787
f 3792 3791 3787
f 3767 3791 3792
f 3776 3789 3790
f 3776 3775 3789
f 3767 3792 3768
f 3793 3794 3795
f 3796 3797 3798
f 3799 3800 3801
f 3801 3800 3802
f 3798 3797 3803
f 3804 3799 3801
f 3804 3801 3805
f 3806 3793 3795
f 3806 3795 3807
f 3797 3806 3803
f 3800 3808 3802
f 3803 3806 3807
f 3802 3808 3809
f 3804 3805 3810
f 3809 3808 3811
f 3804 3810 3812
f 3809 3811 3813
f 3812 3810 3814
f 3813 3811 3815
f 3812 3814 3816
f 3815 3811 3817
f 3816 3814 3818
f 3818 3814 3819
f 3815 3817 3820
f 3820 3817 3794
f 3818 3819 3798
f 3798 3819 3796
f 3793 3820 3794
f 3765 3764 3821
f 3822 3765 3821
f 3822 3821 3823
f 3824 3822 3823
f 3824 3823 3825
f 3826 3824 3825
f 3827 3826 3825
f 3827 3825 3828
f 3827 3828 3829
f 3830 3827 3829
f 3830 3829 3831
f 3832 3830 3831
f 3832 3831 3751
f 3750 3832 3751
f 3749 3748 3833
f 3834 3749 3833
f 3834 3833 3835
f 3836 3834 3835
f 3836 3835 3837
f 3838 3836 3837
f 3839 3838 3837
f 3839 3837 3840
f 3841 3842 3843
f 3841 3843 3844
f 3841 3844 3845
f 3735 3841 3845
f 3735 3845 3736
f 3846 3847 3848
f 3846 3849 3847
f 3850 3851 3852
f 3853 3848 3854
f 3853 3846 3848
f 3855 3852 3856
f 3855 3850 3852
f 3857 3854 3858
f 3857 3853 3854
f 3859 3856 3860
f 3859 3855 3856
f 3861 3857 3858
f 3862 3859 3860
f 3863 3858 3864
f 3863 3861 3858
f 3865 3860 3866
f 3867 3864 3868
f 3865 3862 3860
f 3867 3863 3864
f 3869 3868 3870
f 3871 3865 3866
f 3869 3867 3868
f 3872 3871 3866
f 3873 3870 3874
f 3872 3866 3875
f 3873 3869 3870
f 3876 3874 3877
f 3878 3875 3879
f 3878 3872 3875
f 3876 3873 3874
f 3880 3879 3881
f 3882 3876 3877
f 3880 3878 3879
f 3883 3882 3877
f 3883 3877 3884
f 3885 3883 3884
f 3886 3880 3881
f 3887 3881 3888
f 3887 3886 3881
f 3889 3888 3847
f 3889 3887 3888
f 3849 3889 3847
f 3890 3891 3892
f 3893 3890 3892
f 3894 3885 3884
f 3895 3885 3894
f 3896 3885 3895
f 3896 3893 3885
f 3897 3895 3898
f 3897 3896 3895
f 3897 3898 3899
f 3900 3897 3899
f 3901 3902 3903
f 3901 3900 3902
f 3904 3903 3905
f 3904 3901 3903
f 3906 3905 3907
f 3906 3904 3905
f 3908 3906 3907
f 3909 3908 3907
f 3910 3911 3912
f 3913 3912 3911
f 3913 3909 3912
f 3914 3911 3910
f 3915 3913 3911
f 3915 3911 3914
f 3915 3914 3916
f 3917 3916 3918
f 3917 3915 3916
f 3919 3920 3921
f 3917 3918 3921
f 3917 3921 3920
f 3922 3917 3920
f 3922 3919 3923
f 3924 3923 3925
f 3924 3922 3923
f 3926 3924 3925
f 3927 3925 3928
f 3927 3926 3925
f 3927 3928 3929
f 3930 3927 3929
f 3931 3932 3933
f 3934 3930 3933
f 3934 3933 3932
f 3851 3932 3931
f 3935 3932 3851
f 3935 3851 3850
f 3936 3932 3935
f 3936 3934 3932
f 3937 3936 3935
f 3938 3936 3937
f 3898 3895 3894
f 3918 3916 3921
f 3937 3935 3939
f 3940 3941 3942
f 3940 3942 3943
f 3944 3882 3883
f 3945 3946 3947
f 3948 3949 3950
f 3951 3952 3953
f 3954 3955 3956
f 3957 3958 3959
f 3960 3961 3962
f 3949 3948 3963
f 3951 3957 3952
f 3964 3953 3965
f 3966 3967 3955
f 3968 3958 3957
f 3969 3970 3971
f 3969 3956 3970
f 3972 3945 3967
f 3973 3974 3975
f 3976 3957 3951
f 3977 3975 3978
f 3979 3943 3980
f 3977 3973 3975
f 3981 3953 3964
f 3982 3983 3984
f 3985 3951 3953
f 3985 3953 3981
f 3979 3940 3943
f 3977 3978 3887
f 3986 3940 3979
f 3987 3984 3958
f 3987 3958 3968
f 3988 3967 3966
f 3941 3960 3962
f 3989 3850 3855
f 3946 3945 3949
f 3990 3956 3969
f 3991 3981 3964
f 3992 3973 3977
f 3973 3971 3974
f 3976 3968 3957
f 3988 3972 3967
f 3954 3966 3955
f 3973 3969 3971
f 3993 3859 3862
f 3994 3968 3976
f 3995 3993 3862
f 3996 3984 3987
f 3997 3976 3951
f 3997 3951 3985
f 3998 3977 3887
f 3998 3887 3961
f 3999 4000 4001
f 3865 3995 3862
f 4002 3995 3865
f 3991 3985 3981
f 3998 3961 3960
f 4003 3987 3968
f 4004 3977 4005
f 4006 3985 3991
f 3989 3935 3850
f 4007 3969 3973
f 4008 4009 4010
f 4011 3853 3857
f 4011 3979 3853
f 4011 3986 3979
f 4012 3865 4013
f 3972 3988 3945
f 3892 3883 3885
f 4004 4005 3998
f 4014 3944 3883
f 4015 3941 3940
f 4015 3940 3986
f 3871 4012 4013
f 4016 3976 3997
f 4016 3994 3976
f 4006 3997 3985
f 4017 3973 3992
f 3990 3954 3956
f 4018 3935 3989
f 4011 4015 3986
f 4019 3991 4014
f 4020 3977 4004
f 3996 3982 3984
f 4020 3992 3977
f 4021 3997 4006
f 4022 3855 3859
f 4022 3989 3855
f 4023 3939 3935
f 4024 4004 3998
f 4025 3988 3966
f 4025 3966 3954
f 3994 4003 3968
f 4017 4007 3973
f 4024 3998 3960
f 4019 4006 3991
f 3872 4012 3871
f 4026 3941 4015
f 4027 4014 3883
f 4028 3859 3993
f 4028 4022 3859
f 4029 3935 4018
f 3861 4011 3857
f 4022 4018 3989
f 4030 4016 3997
f 4011 4026 4015
f 4030 3997 4021
f 4003 3996 3987
f 4031 3992 4020
f 4027 4019 4014
f 4032 4006 4019
f 4033 4003 3994
f 4034 3954 3990
f 4029 4023 3935
f 4035 4019 4027
f 4032 4021 4006
f 4012 4002 3865
f 4036 4029 4018
f 4036 4018 4022
f 4037 3969 4007
f 4037 3990 3969
f 4038 3996 4003
f 4039 4022 4028
f 4024 4020 4004
f 4035 4032 4019
f 4039 4036 4022
f 3941 4024 3960
f 3892 4027 3883
f 3892 3885 3893
f 4040 4028 3993
f 4040 4039 4028
f 4034 4025 3954
f 4041 4021 4032
f 4041 4030 4021
f 4042 4036 4039
f 4043 4023 4029
f 4040 3993 3995
f 4037 4034 3990
f 4044 4039 4040
f 3863 4045 3861
f 4046 4045 3863
f 4031 4017 3992
f 3892 4035 4027
f 4044 4042 4039
f 4047 4024 3941
f 4048 3878 3880
f 4049 4032 4035
f 4050 4029 4036
f 4050 4043 4029
f 4045 4011 3861
f 4024 4031 4020
f 4051 4016 4030
f 4042 4050 4036
f 4049 4041 4032
f 4002 4040 3995
f 4033 4038 4003
f 4052 4037 4007
f 4052 4007 4017
f 4053 3872 3878
f 4054 4040 4002
f 4055 4031 4024
f 4056 4024 4047
f 4057 4042 4044
f 4057 4050 4042
f 4058 4059 4060
f 4061 4002 4012
f 4026 4047 3941
f 4062 3880 3886
f 3867 4046 3863
f 4063 4040 4054
f 4063 4044 4040
f 3892 4049 4035
f 4064 3994 4016
f 3963 4057 4044
f 4065 4041 4049
f 4066 4049 3892
f 4067 4002 4061
f 4067 4054 4002
f 4048 4053 3878
f 4056 4055 4024
f 3892 3891 4066
f 4064 4033 3994
f 4068 4047 4026
f 4069 4043 4050
f 4031 4052 4017
f 4062 4048 3880
f 4068 4056 4047
f 4070 4016 4051
f 4071 4012 3872
f 4072 4044 4063
f 4072 3963 4044
f 4073 4074 4075
f 4073 4075 4011
f 4076 4069 4050
f 4070 4064 4016
f 4077 4051 4065
f 4043 4078 4023
f 4071 4061 4012
f 3887 4062 3886
f 4079 4063 4054
f 4079 4054 4067
f 4071 3872 4053
f 4080 4067 4061
f 4049 4077 4065
f 4081 4052 4031
f 4077 4070 4051
f 4081 4031 4082
f 4083 4046 3867
f 4080 4079 4067
f 4073 4068 4026
f 4049 4066 4084
f 4085 4056 4068
f 4082 4031 4055
f 4057 4076 4050
f 4079 4072 4063
f 4086 4061 4071
f 4087 4068 4073
f 4088 4011 4045
f 4089 4077 4049
f 4086 4080 4061
f 4089 4049 4084
f 4090 4072 4079
f 4046 3952 4091
f 4092 3991 3964
f 4092 3964 3876
f 4093 4051 4030
f 4093 4065 4051
f 4093 4041 4065
f 4093 4030 4041
f 4046 4091 4088
f 4046 4088 4045
f 4083 3965 3952
f 4083 3952 4046
f 4088 4073 4011
f 4094 4092 3876
f 4094 3876 3944
f 4094 3944 4014
f 4094 3991 4092
f 4094 4014 3991
f 4095 4096 4097
f 3965 3869 3964
f 4098 4080 4086
f 4099 4100 4101
f 4087 4085 4068
f 4102 4078 4043
f 4103 4073 4088
f 4104 4105 4106
f 4107 4055 4108
f 4107 4082 4055
f 4109 4073 4103
f 4110 4073 4109
f 4110 4087 4073
f 4110 4109 4103
f 3967 3947 4072
f 3967 4072 4090
f 3965 4083 3867
f 3965 3867 3869
f 4098 4079 4080
f 4111 4085 4087
f 3978 4062 3887
f 4053 4086 4071
f 3949 3963 4072
f 3970 4086 4053
f 3970 4098 4086
f 3964 3869 3873
f 3950 4076 4057
f 3950 4057 3963
f 4091 4103 4088
f 3955 4090 4079
f 3955 4079 4098
f 3964 3873 3876
f 3947 3949 4072
f 3978 3975 4062
f 4112 4108 4085
f 4069 4102 4043
f 4112 4107 4108
f 3974 4053 4048
f 4091 4110 4103
f 4110 4111 4087
f 4113 4114 4115
f 4116 4104 4106
f 4117 4048 4062
f 3974 4048 4117
f 3962 4104 4116
f 3959 4110 4091
f 3944 3876 3882
f 3984 4111 4110
f 3961 3887 4104
f 3955 3967 4090
f 4076 3950 4069
f 3945 3947 3967
f 3961 4104 3962
f 3974 3970 4053
f 3956 4098 3970
f 3983 4085 4111
f 3983 4112 4085
f 3983 4111 3984
f 3948 3950 3963
f 3946 3949 3947
f 3957 3959 4091
f 3957 4091 3952
f 3975 4117 4062
f 3956 3955 4098
f 3953 3952 3965
f 3975 3974 4117
f 3846 4118 3849
f 3971 3970 3974
f 3942 3962 4116
f 4119 4120 4121
f 3958 4110 3959
f 3958 3984 4110
f 3941 3962 3942
f 4122 4123 4124
f 4125 4126 4127
f 4128 4124 4129
f 4125 4127 4130
f 4131 4125 4130
f 4128 4122 4124
f 4131 4130 4132
f 4133 4128 4129
f 4134 4135 4136
f 4133 4129 4137
f 4138 4131 4132
f 4138 4132 4139
f 4134 4140 4135
f 4141 4138 4139
f 4142 4143 4140
f 4142 4140 4134
f 4144 4133 4137
f 4145 4139 4146
f 4147 4144 4137
f 4145 4141 4139
f 4147 4137 4148
f 4145 4146 4149
f 4150 4143 4142
f 4150 4151 4143
f 4152 4149 4151
f 4153 4147 4148
f 4152 4151 4150
f 4152 4145 4149
f 4153 4148 4154
f 4155 4153 4154
f 4155 4154 4156
f 4157 4158 4159
f 4160 4156 4161
f 4160 4161 4162
f 4160 4155 4156
f 4123 4159 4124
f 4163 4160 4162
f 4163 4162 4164
f 4123 4157 4159
f 4126 4163 4164
f 4126 4164 4127
f 4165 4166 4167
f 4168 4169 4170
f 4171 4172 4173
f 4174 4171 4173
f 3890 4175 4066
f 4165 4176 4177
f 4178 4179 4180
f 4181 4182 4183
f 4184 4183 4185
f 4186 4187 4188
f 4166 4189 4190
f 4191 4192 4193
f 4194 4195 4196
f 4197 4198 4199
f 4175 4188 4066
f 4200 4173 4172
f 4201 4202 4203
f 4204 4178 4205
f 4198 4206 4199
f 4207 4170 4208
f 4204 4205 4209
f 4210 4203 4211
f 4212 4213 4211
f 4213 4210 4211
f 4214 4215 4216
f 4217 4218 4219
f 4220 4221 4218
f 4222 4220 4218
f 4174 4173 4223
f 4206 4212 4199
f 4167 4166 4224
f 4166 4190 4224
f 3891 3890 4066
f 4178 4180 4225
f 4170 4169 4226
f 4208 4170 4227
f 4228 4229 4230
f 4176 4165 4231
f 4165 4167 4231
f 4232 4233 4234
f 4235 4236 4237
f 4221 4177 4238
f 4177 4176 4238
f 4223 4173 4239
f 4240 4241 4242
f 4183 4182 4185
f 4216 4215 4243
f 4215 4244 4243
f 4202 4208 4203
f 4223 4239 4245
f 4173 4246 4239
f 4178 4225 4247
f 4205 4178 4247
f 4237 4204 4209
f 4248 4232 4249
f 4218 4221 4250
f 4251 4252 4253
f 4245 4239 4246
f 4254 4255 4256
f 4205 4247 4209
f 4257 4185 4182
f 4176 4231 4238
f 4258 4259 4260
f 4231 4167 4261
f 4167 4224 4261
f 4262 4193 4263
f 4253 4252 4264
f 4226 4169 4265
f 4189 4184 4266
f 4267 4216 4268
f 4269 4235 4270
f 4235 4237 4270
f 4271 4272 4273
f 4221 4238 4274
f 4275 4242 4276
f 4245 4246 4277
f 4190 4189 4266
f 4211 4203 4278
f 4187 4279 4280
f 4221 4274 4250
f 4252 4281 4282
f 4264 4252 4282
f 4283 4273 4284
f 4268 4216 4243
f 4219 4218 4241
f 4246 4285 4277
f 4286 4287 4288
f 4279 4277 4285
f 4211 4278 4289
f 4290 4291 4292
f 4203 4208 4293
f 4273 4272 4284
f 4170 4226 4294
f 4227 4170 4294
f 3939 4023 3937
f 4084 4066 4188
f 4254 4295 4255
f 4238 4231 4296
f 4274 4238 4296
f 4225 4179 4288
f 4278 4203 4289
f 4232 4234 4249
f 4297 4253 4264
f 4298 4270 4299
f 4300 4301 4302
f 4279 4285 4280
f 4272 3937 4303
f 4218 4250 4241
f 4304 4305 4306
f 3937 4023 4303
f 4190 4266 4307
f 4237 4209 4308
f 4309 4251 4310
f 4248 4249 4286
f 4224 4190 4307
f 4262 4263 4243
f 4284 4272 4311
f 4267 4268 4312
f 4264 4282 4297
f 4241 4250 4313
f 4305 4199 4306
f 4297 4282 4314
f 4315 4316 4317
f 4318 4268 4319
f 4288 4287 4320
f 4321 4309 4310
f 4286 4249 4287
f 4272 4303 4311
f 4084 4188 4322
f 4276 4242 4323
f 4129 4124 4324
f 4303 4023 4325
f 4188 4187 4322
f 4242 4241 4323
f 4187 4280 4322
f 4326 4304 4327
f 4280 4084 4322
f 3938 3937 4271
f 3937 4272 4271
f 4328 4325 4329
f 4330 4328 4331
f 4283 4284 4332
f 4328 4329 4331
f 4331 4254 4256
f 4330 4331 4256
f 4333 4330 4256
f 4169 4333 4265
f 4333 4256 4265
f 4231 4261 4296
f 4270 4237 4334
f 4327 4304 4306
f 4241 4313 4335
f 4336 4337 4338
f 4284 4311 4332
f 4243 4263 4339
f 4237 4308 4334
f 4311 4303 4340
f 4251 4253 4310
f 4310 4253 4297
f 4184 4185 4266
f 4224 4307 4341
f 4342 4283 4343
f 4261 4224 4341
f 4296 4261 4344
f 4319 4268 4243
f 4208 4227 4293
f 4225 4288 4345
f 4289 4203 4346
f 4347 4318 4319
f 4303 4325 4340
f 4212 4211 4348
f 4199 4212 4348
f 4349 4299 4350
f 4313 4250 4351
f 4310 4352 4353
f 4332 4311 4354
f 4270 4334 4355
f 4340 4325 4328
f 4350 4299 4356
f 4321 4310 4357
f 4247 4225 4345
f 4241 4335 4323
f 4283 4332 4343
f 4270 4355 4299
f 4267 4312 4358
f 4323 4335 4359
f 4209 4247 4308
f 4314 4282 4360
f 4311 4340 4354
f 4250 4274 4351
f 4226 4265 4361
f 4358 4312 4362
f 4297 4314 4363
f 4353 4352 4364
f 4365 4366 4367
f 4294 4226 4361
f 4368 4369 4370
f 4211 4289 4348
f 4313 4351 4335
f 4348 4289 4371
f 4261 4341 4372
f 4347 4319 4373
f 4374 4347 4373
f 4274 4296 4375
f 4296 4344 4375
f 4376 4374 4377
f 4288 4320 4345
f 4378 4379 4380
f 4327 4306 4381
f 4377 4374 4373
f 4382 4383 4384
f 4359 4335 4385
f 4342 4343 4386
f 4256 4255 4387
f 4349 4350 4339
f 4388 4389 4390
f 4243 4339 4391
f 4373 4319 4392
f 4393 4275 4394
f 4203 4293 4346
f 4354 4340 4395
f 4340 4328 4395
f 4227 4294 4396
f 4343 4332 4397
f 4350 4356 4391
f 4339 4350 4391
f 4293 4227 4396
f 4323 4359 4276
f 4398 4399 4400
f 4247 4345 4401
f 4351 4274 4402
f 4274 4375 4402
f 4403 4404 4405
f 4243 4391 4319
f 4310 4353 4357
f 4399 4406 4400
f 4386 4343 4407
f 4325 4023 4329
f 4261 4372 4408
f 4199 4348 4306
f 4275 4276 4394
f 4344 4261 4408
f 4395 4328 4330
f 4332 4354 4397
f 4373 4392 4377
f 4394 4276 4409
f 4371 4289 4410
f 4355 4334 4411
f 4397 4354 4412
f 4356 4299 4413
f 4314 4414 4363
f 4415 4416 4417
f 4418 4419 4420
f 4416 4386 4407
f 4359 4385 4421
f 4391 4356 4422
f 4276 4359 4409
f 4354 4395 4412
f 4402 4375 4171
f 4423 4247 4401
f 4289 4346 4410
f 4413 4299 4424
f 4299 4355 4424
f 4425 4356 4426
f 4335 4351 4427
f 4385 4335 4427
f 4356 4425 4422
f 4428 4429 4430
f 4431 4432 4433
f 4405 4404 4434
f 4412 4395 4435
f 4319 4391 4436
f 4410 4346 4437
f 4407 4343 4438
f 4343 4397 4438
f 4424 4355 4181
f 4356 4413 4426
f 4416 4407 4439
f 4391 4440 4441
f 4400 4406 4442
f 4409 4359 4443
f 4426 4413 4424
f 4357 4353 4444
f 4436 4391 4441
f 4355 4411 4445
f 4385 4427 4421
f 4402 4171 4174
f 4446 4447 4448
f 4392 4319 4449
f 4351 4402 4427
f 4321 4357 4450
f 4256 4387 4265
f 4346 4293 4451
f 4375 4344 4452
f 4293 4396 4451
f 4405 4434 4453
f 4392 4449 4377
f 4397 4412 4438
f 4393 4394 4454
f 4348 4371 4306
f 4359 4421 4443
f 4441 4440 4455
f 4023 4078 4329
f 3893 4393 4175
f 4306 4371 4456
f 4363 4414 4457
f 4294 4361 4232
f 4453 4434 4458
f 4171 4375 4452
f 4449 4319 4436
f 4457 4414 4459
f 4418 4420 4210
f 4394 4409 4443
f 4396 4294 4232
f 4460 4461 4462
f 4427 4402 4223
f 4455 4422 4463
f 4408 4372 4464
f 4344 4408 4465
f 4415 4417 4210
f 4420 4415 4210
f 4466 4418 4210
f 4416 4439 4417
f 4437 4346 4467
f 4425 4426 4424
f 4422 4425 4468
f 4331 4329 4295
f 4463 4422 4468
f 4459 4469 4470
f 4329 4078 4471
f 4435 4395 4333
f 4395 4330 4333
f 4472 4473 4474
f 4468 4425 4475
f 4355 4445 4181
f 4476 4477 4478
f 4402 4174 4223
f 4434 4377 4449
f 4424 4479 4475
f 4477 4480 4478
f 4421 4427 4481
f 4265 4387 4482
f 4443 4421 4481
f 4427 4223 4245
f 4438 4412 4168
f 4441 4455 4483
f 4467 4346 4179
f 4463 4468 4455
f 4371 4410 4456
f 4484 4485 4486
f 4439 4407 4207
f 4407 4438 4207
f 4451 4396 4286
f 4394 4443 4454
f 4341 4464 4372
f 4393 4454 4175
f 4487 4488 4489
f 4424 4475 4425
f 4417 4439 4201
f 4361 4265 4233
f 4456 4410 4178
f 4412 4435 4168
f 4457 4459 4490
f 4455 4468 4165
f 4489 4488 4491
f 4454 4443 4492
f 4455 4165 4483
f 4449 4436 4441
f 4434 4449 4441
f 4411 4334 4257
f 4445 4411 4257
f 4441 4483 4434
f 4257 4334 4493
f 4490 4459 4244
f 4423 4401 4493
f 4334 4423 4493
f 4459 4470 4244
f 4424 4181 4183
f 4494 4418 4495
f 4427 4245 4481
f 4410 4437 4178
f 4418 4466 4495
f 4168 4435 4169
f 4496 4497 4498
f 4329 4471 4295
f 4466 4210 4495
f 4191 4193 4499
f 4408 4464 4465
f 4453 4458 4217
f 4481 4245 4279
f 4495 4210 4198
f 4458 4500 4217
f 3893 4175 3890
f 4434 4483 4501
f 4344 4465 4200
f 4452 4344 4200
f 4201 4439 4502
f 4424 4183 4479
f 4306 4456 4503
f 4502 4439 4504
f 4346 4451 4179
f 4495 4198 4197
f 4505 4506 4507
f 4454 4492 4175
f 4201 4502 4202
f 4502 4504 4202
f 4417 4201 4210
f 4501 4483 4177
f 4396 4232 4248
f 4198 4210 4206
f 4475 4166 4165
f 4468 4475 4165
f 4331 4295 4254
f 4508 4509 4510
f 4207 4438 4170
f 4438 4168 4170
f 4492 4443 4186
f 4443 4481 4186
f 4458 4434 4220
f 4434 4501 4220
f 4286 4396 4248
f 4479 4183 4184
f 4265 4482 4233
f 4511 4490 4244
f 4512 4513 4514
f 4177 4483 4165
f 4515 4516 4517
f 4458 4220 4222
f 4458 4222 4500
f 4206 4213 4212
f 4475 4479 4189
f 4452 4200 4171
f 4479 4184 4189
f 4437 4467 4178
f 4456 4178 4518
f 4504 4439 4208
f 4501 4177 4220
f 4202 4504 4208
f 4435 4333 4169
f 4467 4179 4178
f 4439 4207 4208
f 4519 4520 4521
f 4181 4445 4182
f 4445 4257 4182
f 4306 4503 4522
f 4492 4186 4175
f 4522 4503 4523
f 4210 4201 4203
f 4186 4481 4187
f 4475 4189 4166
f 4179 4451 4288
f 4214 4511 4215
f 4361 4233 4232
f 4171 4200 4172
f 4511 4244 4215
f 4500 4222 4218
f 4220 4177 4221
f 4175 4186 4188
f 4217 4500 4218
f 4494 4495 4281
f 4252 4494 4281
f 4481 4279 4187
f 4217 4219 4240
f 4279 4245 4277
f 4262 4499 4193
f 4524 4525 4526
f 4451 4286 4288
f 4240 4219 4241
f 4527 4528 4529
f 4530 4527 4529
f 4530 4529 4531
f 4532 4533 4534
f 4532 4534 4535
f 4536 4531 4537
f 4536 4530 4531
f 4538 4539 4540
f 4541 4542 4543
f 4544 4545 4546
f 4547 4530 4536
f 4547 4536 4548
f 4549 4550 4551
f 4552 4544 4546
f 4549 4532 4550
f 4549 4543 4533
f 4552 4546 4539
f 4549 4533 4532
f 4549 4541 4543
f 4553 4549 4551
f 4554 4538 4555
f 4554 4552 4539
f 4554 4539 4538
f 4556 4557 4552
f 4558 4552 4554
f 4559 4560 4561
f 4558 4554 4562
f 4559 4551 4560
f 4533 4556 4552
f 4558 4533 4552
f 4529 4563 4553
f 4531 4559 4564
f 4531 4551 4559
f 4531 4529 4553
f 4531 4553 4551
f 4534 4533 4558
f 4565 4033 4064
f 4565 4566 4033
f 4567 4064 4070
f 4567 4565 4064
f 4568 4078 4102
f 4569 4077 4089
f 4569 4070 4077
f 4569 4567 4070
f 4568 4102 4069
f 4570 4089 4084
f 4570 4569 4089
f 4571 4069 3950
f 4571 4568 4069
f 4572 3950 3949
f 4572 4571 3950
f 4572 3949 3945
f 4573 3945 3988
f 4573 4572 3945
f 4573 3988 4025
f 4574 4025 4034
f 4574 4573 4025
f 4574 4034 4037
f 4575 4037 4052
f 4575 4574 4037
f 4575 4052 4081
f 4576 4575 4081
f 4576 4081 4082
f 4577 4576 4082
f 4577 4082 4107
f 4577 4107 4112
f 4578 4577 4112
f 4578 4112 3983
f 4579 3983 3982
f 4579 4578 3983
f 4580 3982 3996
f 4580 4579 3982
f 4581 3996 4038
f 4581 4580 3996
f 4566 4038 4033
f 4566 4581 4038
f 4582 4583 4234
f 4584 4233 4482
f 4584 4582 4233
f 4584 4482 4387
f 4585 4084 4280
f 4585 4570 4084
f 4585 4280 4285
f 4586 4387 4255
f 4586 4584 4387
f 4587 4285 4246
f 4587 4585 4285
f 4588 4255 4295
f 4588 4586 4255
f 4589 4246 4173
f 4589 4587 4246
f 4471 4588 4295
f 4590 4173 4200
f 4590 4589 4173
f 4590 4200 4465
f 4590 4465 4464
f 4591 4464 4341
f 4591 4590 4464
f 4592 4341 4307
f 4592 4307 4266
f 4592 4591 4341
f 4593 4266 4185
f 4593 4592 4266
f 4593 4185 4257
f 4594 4257 4493
f 4594 4593 4257
f 4595 4594 4493
f 4595 4493 4401
f 4595 4401 4345
f 4596 4345 4320
f 4596 4595 4345
f 4596 4320 4287
f 4597 4287 4249
f 4597 4596 4287
f 4583 4249 4234
f 4583 4597 4249
f 4582 4234 4233
f 4598 4599 4600
f 4598 4600 4601
f 4598 4602 4599
f 4603 4604 4605
f 4603 4605 4606
f 4607 4604 4603
f 4608 4609 4610
f 4611 4604 4607
f 4612 4613 4598
f 4608 4610 4614
f 4615 4598 4601
f 4615 4612 4598
f 4616 4600 4617
f 4615 4601 4618
f 4619 4611 4620
f 4621 4618 4622
f 4623 4624 4625
f 4621 4615 4618
f 4626 4619 4627
f 4626 4604 4611
f 4626 4621 4622
f 4626 4622 4604
f 4601 4600 4616
f 4626 4611 4619
f 4628 4629 4623
f 4630 4628 4623
f 4631 4630 4623
f 4631 4614 4599
f 4631 4625 4608
f 4631 4608 4614
f 4631 4623 4625
f 4605 4604 4632
f 4602 4631 4599
f 3930 3929 3933
f 3919 3922 3920
f 3912 3909 3907
f 3900 3899 3902

