mtllib material.mtl
usemtl material_wrist1_0
v 0.01701140 0.10939300 -0.02235454
v 0.01994132 0.10716000 -0.02089715
v 0.02029329 0.10686400 -0.02097100
v 0.01958525 0.10745080 -0.02082467
v 0.01922500 0.10773620 -0.02075350
v 0.02157598 0.10570570 -0.02327507
v 0.01886063 0.10801620 -0.02068370
v -0.00135970 0.11436000 -0.02111834
v 0.00134671 0.11432060 -0.01911175
v 0.00185251 0.11429460 -0.01911818
v 0.00084078 0.11433830 -0.01910734
v 0.01849246 0.10829070 -0.02061522
v 0.00400567 0.11409180 -0.02118414
v 0.00386041 0.05197501 -0.03458446
v -0.00209355 0.05173593 -0.03459519
v 0.00103974 0.05182528 -0.03671008
v 0.00041987 0.11434680 -0.01910525
v 0.01812016 0.10855970 -0.02054822
v 0.00801277 0.05283439 -0.03645706
v 0.01774424 0.10882320 -0.02048254
v 0.00000000 0.11434960 -0.01910454
v 0.01736456 0.10908100 -0.02041810
v 0.00797278 0.05286329 -0.03441357
v 0.01666253 0.10947970 -0.02013117
v 0.01275485 0.05449593 -0.03399342
v 0.01533842 0.05579793 -0.03571826
v 0.01620388 0.10982030 -0.02023386
v 0.01581007 0.11005520 -0.02017527
v 0.01973247 0.05877643 -0.03293406
v 0.01275485 0.05449593 -0.03399342
v 0.01533842 0.05579793 -0.03571826
v 0.01541292 0.11028420 -0.02011811
v 0.02183526 0.06065261 -0.03450638
v 0.01973247 0.05877643 -0.03293406
v 0.01533842 0.05579793 -0.03571826
v 0.01501268 0.11050730 -0.02006262
v 0.01460915 0.11072440 -0.02000838
v 0.01420277 0.11093560 -0.01995581
v 0.02431815 0.06347405 -0.03177309
v 0.01379328 0.11114070 -0.01990473
v 0.02693408 0.06712615 -0.03289443
v 0.01338100 0.11133980 -0.01985502
v 0.02734756 0.06798255 -0.03073078
v 0.02841472 0.07000815 -0.03012704
v 0.00981951 0.11283370 -0.02149736
v 0.01296591 0.11153280 -0.01980692
v 0.03018999 0.07477557 -0.03098773
v 0.01254814 0.11171960 -0.01976031
v 0.02987766 0.07394063 -0.02917098
v 0.01212775 0.11190030 -0.01971524
v 0.01170498 0.11207470 -0.01967173
v 0.03078842 0.07777202 -0.02820307
v 0.01123219 0.11226120 -0.01962530
v 0.03131115 0.08286654 -0.02896928
v 0.01075673 0.11243990 -0.01958072
v 0.03122609 0.08181560 -0.02721315
v 0.01027846 0.11261090 -0.01953804
v 0.00979757 0.11277400 -0.01949733
v 0.03110051 0.08616054 -0.02613162
v 0.02994394 0.09260356 -0.02654051
v 0.03039646 0.09034907 -0.02508646
v 0.00931424 0.11292920 -0.01945865
v 0.00981951 0.11283370 -0.02149736
v 0.00854492 0.11295870 -0.01938349
v 0.00931424 0.11292920 -0.01945865
v 0.02913904 0.09439170 -0.02408123
v 0.00785053 0.11334740 -0.01935446
v 0.00854492 0.11295870 -0.01938349
v 0.00981951 0.11283370 -0.02149736
v 0.02753680 0.09787547 -0.02321434
v 0.00727016 0.11350800 -0.01931428
v 0.00785053 0.11334740 -0.01935446
v 0.00981951 0.11283370 -0.02149736
v 0.02543735 0.10136110 -0.02436000
v 0.00686461 0.11358630 -0.01929479
v 0.02532762 0.10140460 -0.02233201
v 0.00636905 0.11369370 -0.01926803
v 0.00587183 0.11379300 -0.01924324
v 0.02263271 0.10464770 -0.02152359
v 0.02231264 0.10497900 -0.02144092
v 0.02160644 0.10560400 -0.02132135
v 0.00512695 0.11393530 -0.01920801
v 0.00437206 0.11404220 -0.01918113
v 0.00386971 0.11410900 -0.01916450
v 0.02098405 0.10625620 -0.02112245
v 0.00327945 0.11418810 -0.01914483
v 0.02064085 0.10656270 -0.02104610
v 0.00269741 0.11426270 -0.01912587
v 0.00186914 0.11429390 -0.01911884
v -0.02246433 0.10492050 -0.02144646
v -0.02171117 0.10567730 -0.02125746
v -0.02226060 0.10510620 -0.02140367
v -0.01332867 0.11146180 -0.01981371
v -0.01281887 0.11169110 -0.01975739
v -0.01432472 0.11097040 -0.01993674
v -0.00454736 0.11417310 -0.01910740
v -0.00428748 0.11416120 -0.01913684
v -0.00445843 0.11412410 -0.01914960
v -0.02165412 0.10574190 -0.02123910
v -0.01818406 0.10863180 -0.02051562
v -0.01728111 0.10924690 -0.02036315
v -0.01789844 0.10882590 -0.02046853
v -0.02221041 0.10519590 -0.02137488
v -0.01881062 0.10821340 -0.02060055
v -0.01881062 0.10821340 -0.02060055
v -0.01780873 0.10889760 -0.02044868
v -0.01728111 0.10924690 -0.02036315
v -0.01881062 0.10821340 -0.02060055
v -0.01821804 0.10870340 -0.02045971
v -0.01780873 0.10889760 -0.02044868
v -0.01383650 0.11122670 -0.01986920
v -0.02249801 0.10491070 -0.02144372
v -0.02165412 0.10574190 -0.02123910
v -0.02221041 0.10519590 -0.02137488
v -0.00546282 0.11389110 -0.01921886
v -0.00492096 0.11398630 -0.01920050
v -0.00540030 0.11390130 -0.01921629
v -0.00845623 0.11347290 -0.01921391
v -0.00861049 0.11323350 -0.01937264
v -0.00918114 0.11307440 -0.01940900
v -0.02229863 0.10511940 -0.02139109
v -0.02165412 0.10574190 -0.02123910
v -0.02249801 0.10491070 -0.02144372
v -0.00811762 0.11339860 -0.01932007
v -0.02229863 0.10511940 -0.02139109
v -0.02122586 0.10615810 -0.02113163
v -0.02165412 0.10574190 -0.02123910
v -0.02230507 0.10512390 -0.02138537
v -0.02122586 0.10615810 -0.02113163
v -0.02229863 0.10511940 -0.02139109
v -0.01850152 0.10829460 -0.02061432
v -0.01813191 0.10856640 -0.02054649
v -0.01850152 0.10829450 -0.02061432
v -0.01886910 0.10801960 -0.02068275
v -0.00845623 0.11347290 -0.01921391
v -0.00827420 0.11343580 -0.01925224
v -0.00811762 0.11339860 -0.01932007
v -0.01864367 0.10819700 -0.02063852
v -0.01813191 0.10856640 -0.02054649
v -0.01850152 0.10829460 -0.02061432
v -0.02153158 0.10612590 -0.02101600
v -0.02158981 0.10587520 -0.02118086
v -0.00519902 0.11394420 -0.01920539
v -0.00492096 0.11398630 -0.01920050
v -0.00546282 0.11389110 -0.01921886
v -0.02151864 0.10596470 -0.02114844
v -0.02026742 0.10715370 -0.02087360
v -0.01878780 0.10810150 -0.02066189
v -0.01790708 0.10874420 -0.02050137
v -0.01421999 0.11094550 -0.01995331
v -0.01353448 0.11128030 -0.01985120
v -0.01421898 0.11094370 -0.01995372
v -0.01462495 0.11073210 -0.02000647
v -0.00957966 0.11286800 -0.01947385
v -0.00872803 0.11312660 -0.01937007
v -0.00933707 0.11294230 -0.01945543
v -0.01421999 0.11094550 -0.01995331
v -0.01292306 0.11157100 -0.01979702
v -0.01353448 0.11128030 -0.01985120
v -0.00540572 0.11392980 -0.01920753
v -0.00477159 0.11405030 -0.01917409
v -0.00519902 0.11394420 -0.01920539
v -0.01925498 0.10776470 -0.02074319
v -0.01790708 0.10874420 -0.02050137
v -0.01878780 0.10810150 -0.02066189
v -0.01427698 0.11093000 -0.01995640
v -0.01292306 0.11157100 -0.01979702
v -0.00540769 0.11394000 -0.01920366
v -0.02214431 0.10518590 -0.02138775
v -0.02198833 0.10530720 -0.02135908
v -0.02233117 0.10491740 -0.02142810
v -0.00970507 0.11284250 -0.01947969
v -0.00872803 0.11312660 -0.01937007
v -0.00957966 0.11286800 -0.01947385
v -0.00970507 0.11284250 -0.01947969
v -0.00861448 0.11318050 -0.01939517
v -0.00872803 0.11312660 -0.01937007
v -0.01925498 0.10776470 -0.02074319
v -0.01825606 0.10853860 -0.02054756
v -0.00559717 0.11391830 -0.01920688
v -0.01022297 0.11268760 -0.01951605
v -0.00861448 0.11318050 -0.01939517
v -0.00970507 0.11284250 -0.01947969
v -0.01022297 0.11268760 -0.01951605
v -0.00816405 0.11332010 -0.01935857
v -0.00861448 0.11318050 -0.01939517
v -0.01500862 0.11056610 -0.02004486
v -0.01362228 0.11128300 -0.01986628
v -0.00529563 0.11398660 -0.01918572
v -0.00466090 0.11408550 -0.01916241
v -0.01403737 0.11108800 -0.01991355
v -0.00947839 0.11295660 -0.01944506
v -0.00816405 0.11332010 -0.01935857
v -0.00935095 0.11298320 -0.01944160
v -0.01444536 0.11087920 -0.01996552
v -0.01323950 0.11147670 -0.01981586
v -0.01403737 0.11108800 -0.01991355
v -0.00541425 0.11397340 -0.01918756
v -0.01432472 0.11097040 -0.01993674
v -0.01323950 0.11147670 -0.01981586
v -0.01444536 0.11087920 -0.01996552
v -0.00557136 0.11395030 -0.01919180
v -0.00445843 0.11412410 -0.01914960
v -0.00541425 0.11397340 -0.01918756
v -0.01873981 0.10822240 -0.02061802
v -0.01789844 0.10882590 -0.02046853
v -0.01808089 0.10868650 -0.02050590
v -0.00936085 0.11301130 -0.01942765
v -0.00541639 0.11398430 -0.01918125
v -0.00445843 0.11412410 -0.01914960
v -0.00557136 0.11395030 -0.01919180
v -0.01818406 0.10863180 -0.02051562
v -0.00549316 0.11411830 -0.01925760
v -0.00445843 0.11412410 -0.01914960
v -0.00541639 0.11398430 -0.01918125
v -0.00999564 0.11280450 -0.01947844
v -0.00861049 0.11323350 -0.01937264
v -0.00936085 0.11301130 -0.01942765
v -0.01873981 0.10822240 -0.02061802
v -0.01881062 0.10821340 -0.02060055
v -0.01818406 0.10863180 -0.02051562
v -0.00999564 0.11280450 -0.01947844
v -0.00861049 0.11323350 -0.01937264
v -0.00555450 0.11402200 -0.01913577
v -0.00445843 0.11412410 -0.01914960
v -0.00549316 0.11411830 -0.01925760
v -0.00555450 0.11402200 -0.01913577
v -0.01524394 0.11048330 -0.02005547
v -0.01383650 0.11122670 -0.01986920
v -0.01432472 0.11097040 -0.01993674
v -0.00555450 0.11402200 -0.01913577
v -0.00297499 0.11452500 -0.01886981
v -0.00546282 0.11389110 -0.01921886
v -0.00540030 0.11390130 -0.01921629
v -0.00615406 0.11375370 -0.01925259
v -0.00091553 0.11437020 -0.01910120
v 0.00001326 0.11437350 -0.01909679
v -0.00043345 0.11436920 -0.01909983
v -0.00583684 0.11382430 -0.01923543
v 0.00009155 0.11443120 -0.01907634
v -0.01494801 0.11070990 -0.01997041
v -0.01190179 0.11224920 -0.01955634
v -0.01383650 0.11122670 -0.01986920
v -0.01497524 0.11075190 -0.01992797
v -0.02242517 0.10507180 -0.02137392
v -0.01886910 0.10801970 -0.02068275
v -0.01923269 0.10773930 -0.02075266
v -0.02397537 0.10348300 -0.02176004
v -0.01886910 0.10801970 -0.02068275
v -0.00667572 0.11386620 -0.01911503
v -0.00957966 0.11286800 -0.01947385
v -0.00933707 0.11294230 -0.01945543
v -0.00981980 0.11278650 -0.01949423
v -0.00065558 0.11444520 -0.01906758
v 0.00009155 0.11443120 -0.01907634
v -0.00043656 0.11444290 -0.01907050
v -0.00607401 0.11379840 -0.01924073
v -0.01462692 0.11073560 -0.02000558
v -0.02263277 0.10464770 -0.02152347
v -0.02233117 0.10491740 -0.02142810
v -0.02263271 0.10464770 -0.02152359
v 0.00151455 0.11457460 -0.01895487
v 0.00009155 0.11443120 -0.01907634
v -0.00065558 0.11444520 -0.01906758
v -0.00970507 0.11284250 -0.01947969
v -0.01012170 0.11268900 -0.01951843
v -0.02257889 0.10475330 -0.02149492
v -0.01022297 0.11268760 -0.01951605
v -0.00081253 0.11435520 -0.01910704
v -0.01898175 0.10801960 -0.02067321
v -0.01490843 0.11064930 -0.02001959
v -0.00557136 0.11395030 -0.01919180
v -0.01490843 0.11064930 -0.02001959
v -0.01489764 0.11065840 -0.02001535
v -0.01432472 0.11097040 -0.01993674
v -0.00600868 0.11387030 -0.01921075
v -0.00557136 0.11395030 -0.01919180
v -0.00579029 0.11391150 -0.01920086
v -0.02214431 0.10518590 -0.02138775
v -0.02257889 0.10475330 -0.02149492
v -0.00600868 0.11387030 -0.01921075
v -0.00600868 0.11387030 -0.01921075
v -0.01020336 0.11272510 -0.01950055
v -0.02267801 0.10468660 -0.02150732
v -0.02269309 0.10469880 -0.02149891
v -0.01892727 0.10808810 -0.02064996
v -0.02249801 0.10491070 -0.02144372
v -0.00985861 0.11289020 -0.01944077
v -0.01017910 0.11275030 -0.01948928
v -0.01497167 0.11064240 -0.02001368
v -0.01383650 0.11122670 -0.01986920
v -0.01524394 0.11048330 -0.02005547
v -0.01497167 0.11064240 -0.02001368
v -0.02026742 0.10715370 -0.02087360
v -0.00602371 0.11378990 -0.01924401
v -0.00119054 0.11441320 -0.01907980
v -0.00043656 0.11444290 -0.01907050
v -0.00065558 0.11444520 -0.01906758
v -0.02026742 0.10715370 -0.02087360
v -0.01806730 0.10891800 -0.02033483
v -0.00157136 0.11440930 -0.01907724
v -0.01923400 0.10774080 -0.02075237
v -0.01923269 0.10773930 -0.02075266
v -0.02397537 0.10348300 -0.02176004
v -0.01959222 0.10745350 -0.02082401
v -0.01012170 0.11268900 -0.01951843
v -0.00981980 0.11278650 -0.01949423
v -0.01037979 0.11256770 -0.01948267
v -0.01502776 0.11051460 -0.02006077
v -0.01462495 0.11073210 -0.02000647
v -0.01502776 0.11051460 -0.02006077
v -0.00087457 0.11444340 -0.01906704
v -0.02397537 0.10348300 -0.02176004
v -0.02267801 0.10468660 -0.02150732
v -0.02226060 0.10510620 -0.02140367
v -0.01533055 0.11035200 -0.02010118
v -0.00609213 0.11380700 -0.01923733
v -0.02397537 0.10348300 -0.02176004
v -0.02263271 0.10464770 -0.02152359
v -0.02418702 0.10288600 -0.02196127
v -0.00267887 0.11440070 -0.01906639
v -0.02397537 0.10348300 -0.02176004
v -0.02397537 0.10348300 -0.02176004
v -0.01548260 0.11027130 -0.02012109
v -0.02397537 0.10348300 -0.02176004
v -0.01941877 0.10760390 -0.02078622
v -0.02397537 0.10348300 -0.02176004
v -0.02397537 0.10348300 -0.02176004
v -0.02269309 0.10469880 -0.02149891
v -0.02246433 0.10492050 -0.02144646
v -0.00660330 0.11371020 -0.01925915
v -0.01933956 0.10768790 -0.02076429
v -0.00091553 0.11437020 -0.01910120
v -0.00137752 0.11434170 -0.01910650
v -0.00188285 0.11431530 -0.01911300
v -0.02421188 0.10290230 -0.02195674
v -0.01503878 0.11053340 -0.02005523
v -0.00137752 0.11434170 -0.01910650
v -0.02422589 0.10291240 -0.02195161
v -0.02424126 0.10292320 -0.02194458
v -0.00639194 0.11378420 -0.01923483
v -0.02425456 0.10293220 -0.02193754
v -0.00579029 0.11391150 -0.01920086
v -0.02426064 0.10293630 -0.02193397
v -0.00667572 0.11386620 -0.01911503
v -0.02649492 0.10013750 -0.02256733
v -0.01524394 0.11048330 -0.02005547
v -0.00091553 0.11437020 -0.01910120
v -0.00232035 0.11432950 -0.01910525
v 0.00009155 0.11443120 -0.01907634
v -0.00232035 0.11432950 -0.01910525
v -0.00666088 0.11366400 -0.01927506
v -0.02559280 0.10103400 -0.02243143
v -0.01937621 0.10772900 -0.02074253
v -0.02563029 0.10103890 -0.02241981
v -0.02559280 0.10103400 -0.02243143
v -0.01542741 0.11029110 -0.02011644
v -0.01542741 0.11029110 -0.02011644
v -0.01502776 0.11051460 -0.02006077
v -0.01947200 0.10766330 -0.02075600
v -0.01892727 0.10808810 -0.02064996
v -0.01873981 0.10822240 -0.02061802
v -0.01965528 0.10756310 -0.02076071
v -0.01069265 0.11257950 -0.01952803
v -0.01947200 0.10766330 -0.02075600
v -0.01542741 0.11029110 -0.02011644
v -0.00163436 0.11440140 -0.01908111
v -0.00845623 0.11347290 -0.01921391
v -0.00985861 0.11289020 -0.01944077
v -0.01069265 0.11257950 -0.01952803
v -0.00176173 0.11440550 -0.01907634
v -0.00087457 0.11444340 -0.01906704
v -0.00065558 0.11444520 -0.01906758
v -0.01959222 0.10745360 -0.02082401
v -0.01959222 0.10745350 -0.02082401
v -0.01994752 0.10716250 -0.02089655
v -0.02565222 0.10105210 -0.02241122
v -0.01923400 0.10774080 -0.02075237
v -0.01082336 0.11243750 -0.01958119
v -0.01624822 0.10984750 -0.02022451
v -0.01959478 0.10745670 -0.02082324
v -0.01959222 0.10745360 -0.02082401
v -0.00529563 0.11398660 -0.01918572
v -0.02565222 0.10105210 -0.02241122
v -0.00188285 0.11431530 -0.01911300
v -0.00238776 0.11428070 -0.01912176
v -0.01093596 0.11241970 -0.01958435
v -0.01082336 0.11243750 -0.01958119
v -0.00091553 0.11437020 -0.01910120
v -0.01960206 0.10746500 -0.02082067
v -0.00273675 0.11427450 -0.01912194
v -0.00188285 0.11431530 -0.01911300
v -0.00600868 0.11387030 -0.01921075
v -0.01094472 0.11244100 -0.01957577
v -0.01567059 0.11021350 -0.02012950
v -0.02649492 0.10013750 -0.02256733
v -0.02153158 0.10612590 -0.02101600
v -0.02397537 0.10348300 -0.02176004
v -0.00667572 0.11386620 -0.01911503
v -0.00845623 0.11347290 -0.01921391
v -0.00297499 0.11452500 -0.01886981
v -0.02649492 0.10013750 -0.02256733
v -0.02425909 0.10321500 -0.02164918
v -0.02153158 0.10612590 -0.02101600
v -0.02659082 0.09986543 -0.02262836
v -0.02760887 0.09773051 -0.02324396
v -0.02649492 0.10013750 -0.02256733
v -0.02015537 0.10706460 -0.02091372
v -0.01973485 0.10744030 -0.02081495
v -0.02764737 0.09776872 -0.02323114
v -0.02659082 0.09986543 -0.02262836
v -0.02760887 0.09773051 -0.02324396
v -0.01092511 0.11247640 -0.01956057
v -0.02766239 0.09777516 -0.02322518
v -0.02786248 0.09788310 -0.02321344
v -0.02659082 0.09986543 -0.02262836
v -0.02766239 0.09777516 -0.02322518
v -0.01982909 0.10737260 -0.02082926
v -0.01873981 0.10822240 -0.02061802
v -0.01937621 0.10772900 -0.02074253
v -0.00163376 0.11439070 -0.01908659
v -0.01582545 0.11006420 -0.02017301
v -0.01982909 0.10737260 -0.02082926
v -0.01582545 0.11006420 -0.02017301
v -0.00188720 0.11438110 -0.01908808
v -0.01542741 0.11029110 -0.02011644
v -0.01582390 0.11006170 -0.02017360
v -0.02006357 0.10727870 -0.02080392
v -0.02026742 0.10715370 -0.02087360
v -0.01881062 0.10821340 -0.02060055
v -0.02006357 0.10727870 -0.02080392
v -0.00845623 0.11347290 -0.01921391
v -0.01124048 0.11245000 -0.01953965
v -0.02649492 0.10013750 -0.02256733
v -0.00307596 0.11428380 -0.01911216
v -0.01101565 0.11236290 -0.01959991
v -0.02153158 0.10612590 -0.02101600
v -0.01806730 0.10891800 -0.02033483
v -0.02026742 0.10715370 -0.02087360
v -0.01101565 0.11236290 -0.01959991
v -0.01101559 0.11236290 -0.01959991
v -0.01125270 0.11227230 -0.01962250
v -0.01101565 0.11236290 -0.01959991
v -0.01037979 0.11256770 -0.01948267
v -0.01101559 0.11236290 -0.01959991
v -0.02783966 0.09787595 -0.02304887
v -0.02952051 0.09423911 -0.02384525
v -0.02649492 0.10013750 -0.02256733
v -0.00659508 0.11373000 -0.01925146
v -0.00660330 0.11371020 -0.01925915
v -0.02858978 0.09616219 -0.02354830
v -0.02918815 0.09425914 -0.02411371
v -0.01994752 0.10716250 -0.02089655
v -0.01959222 0.10745360 -0.02082401
v -0.02858978 0.09616219 -0.02354830
v -0.02012652 0.10701810 -0.02093249
v -0.01994752 0.10716250 -0.02089655
v -0.02858978 0.09616219 -0.02354830
v -0.02649492 0.10013750 -0.02256733
v -0.02786248 0.09788310 -0.02321344
v -0.02783966 0.09787595 -0.02304887
v -0.02649492 0.10013750 -0.02256733
v -0.02858978 0.09616219 -0.02354830
v -0.01101851 0.11237010 -0.01959794
v -0.02026033 0.10690900 -0.02095949
v -0.00251406 0.11427280 -0.01912367
v -0.00238776 0.11428070 -0.01912176
v -0.00311339 0.11422570 -0.01913517
v -0.02923578 0.09426432 -0.02410370
v -0.02034759 0.10685530 -0.02097171
v -0.00639194 0.11378420 -0.01923483
v -0.03009796 0.09237658 -0.02449607
v -0.02858978 0.09616219 -0.02354830
v -0.02923578 0.09426432 -0.02410370
v -0.00660968 0.11378780 -0.01921081
v -0.00667572 0.11386620 -0.01911503
v -0.00549316 0.11411830 -0.01925760
v -0.00664282 0.11365690 -0.01927727
v -0.00689012 0.11360180 -0.01929092
v -0.03009796 0.09237658 -0.02449607
v -0.02783966 0.09787595 -0.02304887
v -0.02858978 0.09616219 -0.02354830
v -0.01608484 0.10998970 -0.02018129
v -0.02952051 0.09423911 -0.02384525
v -0.02783966 0.09787595 -0.02304887
v -0.03009796 0.09237658 -0.02449607
v -0.03007233 0.09223693 -0.02452337
v -0.03045463 0.09017741 -0.02512842
v -0.03009796 0.09237658 -0.02449607
v -0.01631188 0.10986420 -0.02020949
v -0.01497167 0.11064240 -0.02001368
v -0.01524394 0.11048330 -0.02005547
v -0.01587200 0.11013510 -0.02014023
v -0.01497167 0.11064240 -0.02001368
v -0.01631188 0.10986420 -0.02020949
v -0.01587200 0.11013510 -0.02014023
v -0.01644057 0.10979770 -0.02022117
v -0.01494801 0.11070990 -0.01997041
v -0.01587200 0.11013510 -0.02014023
v -0.01104670 0.11243760 -0.01956838
v -0.01806730 0.10891800 -0.02033483
v -0.02010905 0.10712540 -0.02089470
v -0.01806730 0.10891800 -0.02033483
v -0.00677234 0.11365380 -0.01927673
v -0.01806730 0.10891800 -0.02033483
v -0.01484370 0.11090150 -0.01977652
v -0.01497524 0.11075190 -0.01992797
v -0.01982909 0.10737260 -0.02082926
v -0.00307596 0.11428380 -0.01911216
v -0.00307596 0.11428380 -0.01911216
v -0.00163436 0.11440140 -0.01908111
v -0.00188720 0.11438110 -0.01908808
v -0.01621705 0.10982650 -0.02023226
v -0.01582390 0.11006170 -0.02017360
v -0.01621699 0.10982640 -0.02023231
v -0.01621705 0.10982650 -0.02023226
v -0.01641416 0.10970930 -0.02026158
v -0.01679623 0.10948190 -0.02031779
v -0.03056031 0.09021770 -0.02507036
v -0.01144039 0.11225460 -0.01962172
v -0.01148915 0.11217980 -0.01964563
v -0.03095620 0.08851420 -0.02543741
v -0.03007233 0.09223693 -0.02452337
v -0.03056031 0.09021770 -0.02507036
v -0.03095620 0.08851420 -0.02543741
v -0.00296330 0.11431050 -0.01910096
v -0.01144468 0.11226420 -0.01961696
v -0.01144784 0.11227210 -0.01961237
v -0.00239479 0.11436370 -0.01908689
v -0.03009796 0.09237658 -0.02449607
v -0.03123658 0.08734500 -0.02557563
v -0.02952051 0.09423911 -0.02384525
v -0.01145088 0.11227800 -0.01960927
v -0.02029865 0.10686610 -0.02097040
v -0.03095620 0.08851420 -0.02543741
v -0.03107255 0.08639323 -0.02606302
v -0.02029865 0.10686610 -0.02097040
v -0.01994752 0.10716250 -0.02089655
v -0.01147747 0.11230070 -0.01960283
v -0.03123658 0.08734500 -0.02557563
v -0.03009796 0.09237658 -0.02449607
v -0.03095620 0.08851420 -0.02543741
v -0.02029865 0.10686610 -0.02097040
v -0.00676209 0.11371150 -0.01925069
v -0.00676209 0.11371150 -0.01925069
v -0.03112107 0.08640831 -0.02605718
v -0.03095620 0.08851420 -0.02543741
v -0.03107255 0.08639323 -0.02606302
v -0.03112918 0.08640843 -0.02605432
v -0.03095620 0.08851420 -0.02543741
v -0.03112107 0.08640831 -0.02605718
v -0.01292306 0.11157100 -0.01979702
v -0.01148915 0.11217980 -0.01964563
v -0.01202774 0.11198410 -0.01974445
v -0.01228529 0.11189410 -0.01971322
v -0.00701427 0.11357580 -0.01929742
v -0.03113508 0.08640849 -0.02605205
v -0.03118544 0.08621448 -0.02608329
v -0.03095620 0.08851420 -0.02543741
v -0.03113508 0.08640849 -0.02605205
v -0.00741613 0.11346650 -0.01932466
v -0.01195901 0.11204890 -0.01967209
v -0.03124034 0.08601987 -0.02611088
v -0.03144204 0.08457553 -0.02640253
v -0.03095620 0.08851420 -0.02543741
v -0.03124034 0.08601987 -0.02611088
v -0.03123658 0.08734500 -0.02557563
v -0.03095620 0.08851420 -0.02543741
v -0.03144204 0.08457553 -0.02640253
v -0.01175105 0.11214450 -0.01964610
v -0.01631188 0.10986420 -0.02020949
v -0.01678991 0.10954710 -0.02029246
v -0.03153878 0.08394801 -0.02640730
v -0.03123658 0.08734500 -0.02557563
v -0.03144204 0.08457553 -0.02640253
v -0.01524394 0.11048330 -0.02005547
v -0.03119355 0.08563709 -0.02624881
v -0.01175397 0.11215080 -0.01964277
v -0.03120017 0.08563703 -0.02624648
v -0.03119355 0.08563709 -0.02624881
v -0.01175665 0.11215660 -0.01963937
v -0.01644057 0.10979770 -0.02022117
v -0.01587200 0.11013510 -0.02014023
v -0.03153222 0.08326518 -0.02688318
v -0.03112918 0.08640843 -0.02605432
v -0.03120017 0.08563703 -0.02624648
v -0.03153222 0.08326518 -0.02688318
v -0.00356352 0.11421570 -0.01913309
v -0.03153222 0.08326518 -0.02688318
v -0.01175934 0.11216220 -0.01963591
v -0.02044409 0.10685150 -0.02096033
v -0.02094668 0.10639870 -0.02107536
v -0.02044409 0.10685150 -0.02096033
v -0.02010905 0.10712540 -0.02089470
v -0.01680105 0.10946360 -0.02032274
v -0.03120940 0.07909953 -0.02780532
v -0.01680105 0.10946360 -0.02032274
v -0.01190179 0.11224920 -0.01955634
v -0.00845623 0.11347290 -0.01921391
v -0.01124048 0.11245000 -0.01953965
v -0.01621699 0.10982640 -0.02023231
v -0.01679986 0.10946190 -0.02032315
v -0.03127652 0.08265972 -0.02699309
v -0.03119355 0.08563709 -0.02624881
v -0.03120940 0.07909953 -0.02780532
v -0.03129774 0.08316820 -0.02686208
v -0.03127652 0.08265972 -0.02699309
v -0.02066212 0.10674030 -0.02095669
v -0.00676209 0.11371150 -0.01925069
v -0.00750053 0.11353310 -0.01929658
v -0.03129774 0.08316820 -0.02686208
v -0.02064549 0.10656450 -0.02104562
v -0.03153222 0.08326518 -0.02688318
v -0.02064549 0.10656450 -0.02104562
v -0.02064549 0.10656450 -0.02104562
v -0.00743920 0.11355650 -0.01928782
v -0.00776476 0.11339380 -0.01934278
v -0.00363636 0.11418920 -0.01914262
v -0.02084100 0.10645620 -0.02106755
v -0.03120940 0.07909953 -0.02780532
v -0.03129774 0.08316820 -0.02686208
v -0.03127652 0.08265972 -0.02699309
v -0.00774872 0.11343070 -0.01933097
v -0.02081632 0.10649260 -0.02105671
v -0.01265472 0.11177860 -0.01973199
v -0.03120940 0.07909953 -0.02780532
v -0.01685917 0.10954430 -0.02028059
v -0.01265472 0.11177860 -0.01973199
v -0.03120940 0.07909953 -0.02780532
v -0.03144204 0.08457553 -0.02640253
v -0.03153222 0.08326518 -0.02688318
v -0.00775576 0.11344760 -0.01932334
v -0.03120940 0.07909953 -0.02780532
v -0.03153878 0.08394801 -0.02640730
v -0.03144204 0.08457553 -0.02640253
v -0.01259994 0.11172850 -0.01995712
v -0.01292306 0.11157100 -0.01979702
v -0.01202774 0.11198410 -0.01974445
v -0.00340492 0.11426390 -0.01911383
v -0.00382346 0.11420910 -0.01912915
v -0.00766474 0.11348340 -0.01931196
v -0.02026742 0.10715370 -0.02087360
v -0.02006357 0.10727870 -0.02080392
v -0.02066212 0.10674030 -0.02095669
v -0.02111893 0.10614510 -0.02115005
v -0.02064549 0.10656450 -0.02104562
v -0.02098792 0.10625770 -0.02112203
v -0.02111893 0.10614510 -0.02115005
v -0.00416011 0.11409720 -0.01916736
v -0.00389826 0.11412770 -0.01915985
v -0.01729345 0.10916790 -0.02039533
v -0.02111893 0.10614510 -0.02115005
v -0.01744729 0.10908650 -0.02041327
v -0.03046625 0.07490289 -0.02863699
v -0.03120940 0.07909953 -0.02780532
v -0.03050136 0.07528483 -0.02870082
v -0.03050136 0.07528483 -0.02870082
v -0.03120940 0.07909953 -0.02780532
v -0.02995586 0.07419764 -0.02910661
v -0.01721251 0.10925130 -0.02037131
v -0.00774598 0.11353260 -0.01926654
v -0.01702469 0.10938310 -0.02033722
v -0.03006339 0.07346904 -0.02896219
v -0.03120940 0.07909953 -0.02780532
v -0.03046625 0.07490289 -0.02863699
v -0.02997773 0.07419162 -0.02910166
v -0.02998661 0.07418835 -0.02909928
v -0.02117574 0.10612070 -0.02115494
v -0.01728111 0.10924690 -0.02036315
v -0.02914142 0.07113635 -0.02969455
v -0.03050136 0.07528483 -0.02870082
v -0.02956765 0.07232463 -0.02941805
v -0.01727676 0.10924140 -0.02036726
v -0.02956765 0.07232463 -0.02941805
v -0.02770614 0.06830203 -0.03055101
v -0.02956765 0.07232463 -0.02941805
v -0.03050136 0.07528483 -0.02870082
v -0.02998661 0.07418835 -0.02909928
v -0.02914142 0.07113635 -0.02969455
v -0.03046625 0.07490289 -0.02863699
v -0.03050136 0.07528483 -0.02870082
v -0.01685917 0.10954430 -0.02028059
v -0.01727288 0.10932770 -0.02030980
v -0.01806730 0.10891800 -0.02033483
v -0.01685917 0.10954430 -0.02028059
v -0.02914142 0.07113635 -0.02969455
v -0.01737815 0.10908940 -0.02041614
v -0.01739066 0.10907290 -0.02042025
v -0.01298397 0.11154210 -0.01980453
v -0.01353448 0.11128030 -0.01985120
v -0.00787503 0.11336200 -0.01935070
v -0.02151864 0.10596470 -0.02114844
v -0.00836450 0.11323000 -0.01938360
v -0.02914142 0.07113635 -0.02969455
v -0.03006339 0.07346904 -0.02896219
v -0.03046625 0.07490289 -0.02863699
v -0.02914142 0.07113635 -0.02969455
v -0.02663421 0.06619632 -0.03092145
v -0.03006339 0.07346904 -0.02896219
v -0.02663421 0.06619632 -0.03092145
v -0.02914142 0.07113635 -0.02969455
v -0.02770614 0.06830203 -0.03055101
v -0.02137011 0.10590240 -0.02121073
v -0.02214431 0.10518590 -0.02138775
v -0.02034759 0.10685530 -0.02097171
v -0.02111893 0.10614510 -0.02115005
v -0.00872803 0.11312660 -0.01937007
v -0.02214431 0.10518590 -0.02138775
v -0.02392864 0.06254374 -0.03180360
v -0.02663421 0.06619632 -0.03092145
v -0.02770614 0.06830203 -0.03055101
v -0.01678991 0.10954710 -0.02029246
v -0.01702469 0.10938310 -0.02033722
v -0.01721251 0.10925130 -0.02037131
v -0.00816405 0.11332010 -0.01935857
v -0.00660330 0.11371020 -0.01925915
v -0.00774872 0.11343070 -0.01933097
v -0.02392864 0.06254374 -0.03180360
v -0.02770614 0.06830203 -0.03055101
v -0.02327919 0.06216412 -0.03210288
v -0.01808089 0.10868650 -0.02050590
v -0.01678991 0.10954710 -0.02029246
v -0.01741361 0.10913740 -0.02039641
v -0.01678991 0.10954710 -0.02029246
v -0.00440013 0.11406030 -0.01917660
v -0.01301831 0.11161010 -0.01977628
v -0.01383650 0.11122670 -0.01986920
v -0.01265472 0.11177860 -0.01973199
v -0.01301831 0.11161010 -0.01977628
v -0.02179527 0.06052380 -0.03244549
v -0.01727288 0.10932770 -0.02030980
v -0.01265472 0.11177860 -0.01973199
v -0.00827420 0.11343580 -0.01925224
v -0.00845623 0.11347290 -0.01921391
v -0.00667572 0.11386620 -0.01911503
v -0.00827420 0.11343580 -0.01925224
v -0.01775479 0.10882780 -0.02048122
v -0.01775473 0.10882780 -0.02048122
v -0.01898956 0.05795276 -0.03294998
v -0.02392864 0.06254374 -0.03180360
v -0.02179527 0.06052380 -0.03244549
v -0.01898956 0.05795276 -0.03294998
v -0.02179527 0.06052380 -0.03244549
v -0.02327919 0.06216412 -0.03210288
v -0.01813006 0.10856380 -0.02054709
v -0.02174502 0.10555170 -0.02129811
v -0.00836509 0.11323180 -0.01938319
v -0.00872803 0.11312660 -0.01937007
v -0.00872803 0.11312660 -0.01937007
v -0.00776476 0.11339380 -0.01934278
v -0.00836509 0.11323180 -0.01938319
v -0.02214431 0.10518590 -0.02138775
v -0.01584625 0.05586224 -0.03348237
v -0.01898956 0.05795276 -0.03294998
v -0.01211643 0.05406749 -0.03406614
v -0.01467269 0.05517542 -0.03350836
v -0.01898956 0.05795276 -0.03294998
v -0.01584625 0.05586224 -0.03348237
v -0.00774872 0.11343070 -0.01933097
v -0.00816405 0.11332010 -0.01935857
v -0.00774872 0.11343070 -0.01933097
v -0.00861448 0.11318050 -0.01939517
v -0.01744729 0.10908650 -0.02041327
v -0.01741361 0.10913740 -0.02039641
v -0.01678991 0.10954710 -0.02029246
v -0.01211643 0.05406749 -0.03406614
v -0.01467269 0.05517542 -0.03350836
v -0.01584625 0.05586224 -0.03348237
v -0.01211643 0.05406749 -0.03406614
v -0.00651348 0.05220609 -0.03427225
v -0.01467269 0.05517542 -0.03350836
v -0.01301831 0.11161010 -0.01977628
v -0.00651348 0.05220609 -0.03427225
v -0.00751394 0.05276060 -0.03443765
v -0.00209355 0.05173593 -0.03459519
v -0.00651348 0.05220609 -0.03427225
v -0.01211643 0.05406749 -0.03406614
v -0.00751394 0.05276060 -0.03443765
v -0.00492096 0.11398630 -0.01920050
v -0.00416011 0.11409720 -0.01916736
v -0.00440013 0.11406030 -0.01917660
v -0.01190179 0.11224920 -0.01955634
v -0.00519902 0.11394420 -0.01920539
v -0.00416011 0.11409720 -0.01916736
v -0.00492096 0.11398630 -0.01920050
v -0.01850152 0.10829450 -0.02061432
v -0.02198827 0.10530710 -0.02135908
v -0.02174502 0.10555170 -0.02129811
v -0.02198833 0.10530720 -0.02135908
v -0.01323950 0.11147670 -0.01981586
v -0.03145790 0.08043324 0.00741279
v -0.03153878 0.08394801 -0.02640730
v -0.03146088 0.08062160 -0.00828463
v -0.03120940 0.07909953 -0.02780532
v -0.03118592 0.07862454 -0.01250815
v -0.03144264 0.08687567 0.04235005
v -0.03108906 0.07710653 0.04234981
v -0.03145790 0.08043324 0.00741279
v -0.03135740 0.08008235 0.01123601
v -0.03108906 0.07710653 0.04234981
v -0.03006339 0.07346904 -0.02896219
v -0.03050976 0.07522177 -0.01459044
v -0.03108906 0.07710653 0.04234981
v -0.03135740 0.08008235 0.01123601
v -0.03077000 0.07634282 0.01335424
v -0.02959841 0.07222497 0.01553100
v -0.02663421 0.06619632 -0.03092145
v -0.02917051 0.07088267 -0.01608902
v -0.02850294 0.06963783 0.04235005
v -0.02800554 0.06864011 0.01805347
v -0.02641373 0.06589508 0.04235368
v -0.02612441 0.06549918 0.02044862
v -0.02452087 0.06331813 -0.02248293
v -0.02057838 0.05917292 -0.02593189
v -0.02101087 0.05932027 0.04234921
v -0.02352142 0.06208217 0.02297770
v -0.01959228 0.05838096 0.02609288
v -0.01467269 0.05517542 -0.03350836
v -0.01470845 0.05522423 -0.02938842
v -0.01413720 0.05492866 0.02917850
v -0.00651348 0.05220609 -0.03427225
v -0.00923586 0.05294728 -0.03156930
v -0.00857943 0.05249965 0.04235011
v -0.00981378 0.05312967 0.03083121
v -0.00209355 0.05173593 -0.03459519
v -0.00593036 0.05211782 -0.03240126
v 0.00283885 0.05169975 -0.03460645
v -0.00182390 0.05164200 -0.03299736
v -0.00509590 0.05198150 0.03199619
v -0.00070251 0.05157083 0.03257828
v 0.00529587 0.05182558 0.04235005
v 0.00169992 0.05164277 0.03250741
v 0.00790810 0.05260562 -0.03415137
v 0.00572681 0.05207777 -0.03227788
v 0.00425839 0.05187213 0.03222727
v 0.01171660 0.05384588 -0.03388679
v 0.00828791 0.05254137 -0.03141593
v 0.01195526 0.05382233 -0.03025531
v 0.00873947 0.05279207 0.03117567
v 0.01625943 0.05607479 -0.03335744
v 0.01673412 0.05634677 -0.02834278
v 0.01735389 0.05656880 0.04234945
v 0.01826804 0.05743759 -0.03292423
v 0.01566118 0.05567300 0.02828687
v 0.02104091 0.05959206 -0.02556425
v 0.02139282 0.05997329 -0.03232926
v 0.02305889 0.06153953 -0.02383279
v 0.02405709 0.06271064 -0.03163766
v 0.02241986 0.06086426 0.02399575
v 0.02641397 0.06555438 0.04234987
v 0.02730560 0.06722581 -0.01960474
v 0.02666980 0.06633239 -0.03073024
v 0.02862453 0.06993091 -0.02989339
v 0.02695626 0.06680762 0.01947349
v 0.02902477 0.07081615 0.01656049
v 0.02984184 0.07302653 -0.01585346
v 0.03008931 0.07391536 -0.02907997
v 0.03057456 0.07556879 -0.01434904
v 0.03102564 0.07675546 0.04235005
v 0.02997696 0.07336819 0.01508301
v 0.03111076 0.07809817 -0.02797126
v 0.03100013 0.07747334 0.01271998
v 0.03148913 0.08214557 -0.02695423
v 0.03137332 0.08009761 -0.01170295
v 0.03147774 0.08059203 -0.00650412
v 0.03145796 0.08139824 0.01030671
v 0.03149819 0.08587217 0.04235017
v 0.00159836 0.05162245 -0.03302818
v -0.02680492 0.06653201 -0.02017211
v 0.01598358 0.03859955 0.02462279
v 0.01994127 0.04809951 0.02161306
v 0.01297944 0.04809945 0.02634418
v 0.02906686 0.03859955 -0.00579906
v 0.02632522 0.03859955 -0.01376342
v 0.02709865 0.04809957 -0.01227569
v 0.02928370 0.04809951 -0.00419354
v 0.01032257 0.03859961 0.02742284
v 0.00184441 0.03859961 -0.02974027
v -0.00286430 0.04809951 -0.02970278
v 0.00210446 0.04809951 -0.02967470
v 0.00969505 0.04809945 -0.02834033
v 0.00390482 0.04809951 0.02913957
v 0.01006317 0.03859961 -0.02813863
v 0.02949047 0.03859961 0.00159442
v 0.02938866 0.04809951 0.00321090
v 0.00138998 0.03859955 0.02943426
v 0.02842450 0.03859961 0.00782007
v 0.02794742 0.04809939 0.00924772
v 0.02000612 0.03859961 -0.02222251
v 0.00969505 0.04809945 -0.02834033
v 0.02048969 0.04809969 -0.02177244
v 0.01006317 0.03859961 -0.02813863
v 0.02606010 0.03859949 0.01368033
v 0.02529519 0.04809945 0.01510703
v 0.02185821 0.03859955 0.01969617
v 0.02632522 0.03859955 -0.01376342
v 0.02048969 0.04809969 -0.02177244
v 0.02709865 0.04809957 -0.01227569
v 0.02000612 0.03859961 -0.02222251
v 0.01598358 0.03859955 0.02462279
v 0.01032257 0.03859961 0.02742284
v 0.00138998 0.03859955 0.02943426
v 0.02632522 0.03859955 -0.01376342
v 0.02842450 0.03859961 0.00782007
v -0.01439285 0.03859961 -0.02605342
v 0.02949047 0.03859961 0.00159442
v 0.02906686 0.03859955 -0.00579906
v 0.01006317 0.03859961 -0.02813863
v -0.00661182 0.03859961 -0.02915143
v 0.00184441 0.03859961 -0.02974027
v 0.02000612 0.03859961 -0.02222251
v -0.02118778 0.03859961 -0.02098757
v -0.02842468 0.03859955 -0.00831991
v -0.02605915 0.03859955 -0.01417452
v 0.02606010 0.03859949 0.01368033
v 0.02185821 0.03859955 0.01969617
v -0.02476692 0.03859949 0.01604646
v -0.02868872 0.03859955 0.00707281
v -0.01006317 0.03859955 0.02763837
v -0.01833146 0.03859937 0.02297681
v -0.02955782 0.03859961 -0.00130540
v -0.01439285 0.03859961 -0.02605342
v -0.02118778 0.03859961 -0.02098757
v -0.01663208 0.04809945 -0.02472597
v -0.02868872 0.03859955 0.00707281
v -0.02476692 0.03859949 0.01604646
v -0.02745199 0.04809957 0.01079642
v -0.01008224 0.04809951 -0.02802664
v -0.02945268 0.04809951 0.00261521
v 0.00138998 0.03859955 0.02943426
v 0.00390482 0.04809951 0.02913957
v -0.00661087 0.04809951 0.02865141
v -0.00661182 0.03859961 -0.02915143
v -0.02955782 0.03859961 -0.00130540
v -0.01006317 0.03859955 0.02763837
v -0.02906692 0.04809951 -0.00579858
v -0.01535797 0.04809939 0.02504622
v -0.02842468 0.03859955 -0.00831991
v -0.01833146 0.03859937 0.02297681
v -0.02676868 0.04809951 -0.01276111
v -0.02605915 0.03859955 -0.01417452
v -0.02261441 0.04809957 0.01892364
v -0.02285283 0.04809957 -0.01904773
v 0.01926040 0.05383861 0.02442061
v 0.01888060 0.05309867 0.02468246
v 0.02153778 0.05441844 0.02251714
v 0.02012634 0.05246526 0.02389425
v -0.03080582 0.06932628 0.00611579
v -0.02914810 0.06230717 0.01145452
v -0.03007882 0.06738460 0.00878042
v 0.01697498 0.05181294 0.02600318
v 0.01354593 0.05392444 0.02849096
v 0.01566118 0.05567300 0.02828687
v 0.01168060 0.05368679 0.02986425
v -0.03029721 0.06187999 0.00832838
v -0.02823984 0.05653703 0.01348173
v -0.02719879 0.05988872 0.01545995
v 0.02512460 0.04922640 0.01856917
v 0.02667737 0.05172479 0.01630932
v 0.02543205 0.05232864 0.01805114
v 0.00862121 0.05203467 0.03019422
v -0.03138053 0.07325643 0.00281680
v -0.03090351 0.07159602 0.00614446
v -0.02618587 0.05228161 0.01703226
v -0.02427577 0.05151522 0.01960927
v 0.01150131 0.05228984 0.02906221
v 0.01354593 0.05392444 0.02849096
v 0.00862121 0.05203467 0.03019422
v 0.02370262 0.05475604 0.02042287
v 0.00873947 0.05279207 0.03117567
v 0.02238464 0.04809886 0.02182281
v 0.01275628 0.05039012 0.02842795
v 0.01926040 0.05383861 0.02442061
v 0.01768684 0.05463397 0.02574908
v -0.02766317 0.05197584 0.01459872
v 0.01348161 0.05083674 0.02795457
v 0.01926040 0.05383861 0.02442061
v 0.01275628 0.05039012 0.02842795
v 0.01534324 0.05139678 0.02703797
v 0.01926040 0.05383861 0.02442061
v 0.01348161 0.05083674 0.02795457
v 0.02396202 0.04873549 0.02006334
v 0.02617830 0.04809916 0.01727193
v 0.02512460 0.04922640 0.01856917
v 0.02238464 0.04809886 0.02182281
v 0.02396202 0.04873549 0.02006334
v 0.02512460 0.04922640 0.01856917
v 0.02238464 0.04809886 0.02182281
v 0.01534324 0.05139678 0.02703797
v 0.01899719 0.04809921 0.02477544
v 0.01535034 0.05077922 0.02712523
v 0.01438879 0.05099606 0.02752178
v -0.02943086 0.05543798 0.01079350
v -0.03148865 0.07349908 0.00034422
v 0.00339693 0.05166089 0.03208440
v 0.01857709 0.04877537 0.02507388
v 0.01662445 0.04809463 0.02641952
v 0.00295508 0.05126655 0.03152298
v 0.00873947 0.05279207 0.03117567
v 0.00339693 0.05166089 0.03208440
v 0.01165002 0.05067098 0.02886450
v 0.01275628 0.05039012 0.02842795
v 0.01768684 0.05463397 0.02574908
v 0.01150131 0.05228984 0.02906221
v -0.02951610 0.05330651 0.01058232
v -0.02536576 0.04809963 0.01844114
v -0.03135263 0.06391704 0.00276083
v 0.00190562 0.05029261 0.03131324
v 0.01348161 0.05083674 0.02795457
v 0.01525336 0.04917705 0.02721142
v -0.02894926 0.04810088 0.01236528
v -0.02536576 0.04809963 0.01844114
v -0.02872276 0.04892528 0.01267516
v -0.02951610 0.05330651 0.01058232
v 0.01043272 0.04959112 0.02929884
v 0.01172310 0.04960942 0.02886313
v 0.01043272 0.04959112 0.02929884
v 0.00764632 0.04874712 0.03020530
v 0.00190562 0.05029261 0.03131324
v 0.00873947 0.05279207 0.03117567
v 0.00295508 0.05126655 0.03152298
v 0.01172310 0.04960942 0.02886313
v 0.01043272 0.04959112 0.02929884
v -0.00070251 0.05157083 0.03257828
v 0.00425839 0.05187213 0.03222727
v 0.00169992 0.05164277 0.03250741
v -0.00070251 0.05157083 0.03257828
v 0.00339693 0.05166089 0.03208440
v 0.00425839 0.05187213 0.03222727
v 0.01012802 0.04809945 0.02957808
v 0.00550461 0.04906255 0.03074538
v -0.00238740 0.05145233 0.03185552
v 0.00295508 0.05126655 0.03152298
v 0.00339693 0.05166089 0.03208440
v 0.00813621 0.04915374 0.03009855
v 0.01179611 0.04818606 0.02889180
v 0.01179611 0.04818606 0.02889180
v 0.01012802 0.04809945 0.02957808
v 0.01662445 0.04809463 0.02641952
v -0.00238740 0.05145233 0.03185552
v 0.00339693 0.05166089 0.03208440
v -0.00070251 0.05157083 0.03257828
v 0.01043272 0.04959112 0.02929884
v 0.01348161 0.05083674 0.02795457
v 0.01275628 0.05039012 0.02842795
v 0.01043272 0.04959112 0.02929884
v 0.00550461 0.04906255 0.03074538
v 0.00297356 0.04809814 0.03111714
v 0.00550461 0.04906255 0.03074538
v 0.00862121 0.05203467 0.03019422
v 0.00190562 0.05029261 0.03131324
v 0.00550461 0.04906255 0.03074538
v 0.01043272 0.04959112 0.02929884
v 0.00813621 0.04915374 0.03009855
v 0.00777143 0.04890280 0.03020381
v 0.01043272 0.04959112 0.02929884
v 0.00550461 0.04906255 0.03074538
v 0.01043272 0.04959112 0.02929884
v 0.00777143 0.04890280 0.03020381
v 0.01012802 0.04809945 0.02957808
v -0.03069478 0.05519783 0.00669962
v -0.03101199 0.04809784 0.00559038
v -0.03012019 0.05098092 0.00883192
v 0.00573730 0.04809993 0.03068822
v -0.00509590 0.05198150 0.03199619
v -0.00238740 0.05145233 0.03185552
v -0.00070251 0.05157083 0.03257828
v -0.00238740 0.05145233 0.03185552
v 0.00468439 0.04815208 0.03087323
v 0.00468439 0.04815208 0.03087323
v 0.00297356 0.04809814 0.03111714
v 0.00573730 0.04809993 0.03068822
v 0.03079748 0.07120978 0.00679582
v 0.03144854 0.07776820 0.00447547
v 0.03059053 0.07417947 0.01066958
v -0.00699806 0.05202478 0.03099936
v 0.00190562 0.05029261 0.03131324
v 0.03052979 0.07513701 0.01328939
v -0.00171792 0.04967302 0.03119969
v -0.00044398 0.04876589 0.03124660
v -0.00236601 0.04971545 0.03115469
v -0.00427771 0.05058366 0.03095942
v 0.00190562 0.05029261 0.03131324
v -0.00699806 0.05202478 0.03099936
v -0.00699806 0.05202478 0.03099936
v -0.00509590 0.05198150 0.03199619
v -0.00981378 0.05312967 0.03083121
v -0.00503159 0.04987132 0.03088754
v -0.00287050 0.04809939 0.03113502
v -0.00585175 0.05120265 0.03080070
v -0.00427771 0.05058366 0.03095942
v -0.00699806 0.05202478 0.03099936
v -0.00503159 0.04987132 0.03088754
v -0.00171792 0.04967302 0.03119969
v -0.00236601 0.04971545 0.03115469
v -0.00503159 0.04987132 0.03088754
v -0.00585175 0.05120265 0.03080070
v -0.00638264 0.05094987 0.03059101
v -0.00699806 0.05202478 0.03099936
v -0.00638264 0.05094987 0.03059101
v -0.00585175 0.05120265 0.03080070
v -0.00846863 0.05144870 0.03007215
v -0.00846863 0.05144870 0.03007215
v -0.03133422 0.04983413 0.00310719
v -0.00516081 0.04859715 0.03075277
v -0.01292032 0.05378663 0.02885901
v -0.00981378 0.05312967 0.03083121
v -0.01413720 0.05492866 0.02917850
v -0.01095956 0.05074155 0.02917951
v -0.00505727 0.04845601 0.03080803
v -0.00287050 0.04809939 0.03113502
v -0.00516081 0.04859715 0.03075277
v -0.00839174 0.04906886 0.03002476
v -0.00287050 0.04809939 0.03113502
v -0.00505727 0.04845601 0.03080803
v -0.01292032 0.05378663 0.02885901
v -0.00699806 0.05202478 0.03099936
v -0.00981378 0.05312967 0.03083121
v -0.00839174 0.04906886 0.03002476
v -0.00561523 0.04810237 0.03072726
v -0.00287050 0.04809939 0.03113502
v -0.00839174 0.04906886 0.03002476
v -0.03150802 0.04809993 -0.00000113
v -0.01436609 0.05331307 0.02784144
v -0.01292032 0.05378663 0.02885901
v -0.00781274 0.04850435 0.03018891
v -0.00638288 0.04809951 0.03055781
v -0.01525110 0.05498486 0.02770888
v -0.01018077 0.04974687 0.02938222
v -0.00839174 0.04906886 0.03002476
v -0.00516081 0.04859715 0.03075277
v -0.01018077 0.04974687 0.02938222
v -0.01436609 0.05331307 0.02784144
v 0.03052979 0.07513701 0.01328939
v -0.00847304 0.04891175 0.03000897
v -0.01013499 0.04914134 0.02942532
v -0.01231473 0.04810732 0.02887052
v -0.01125329 0.04934293 0.02907079
v -0.01959228 0.05838096 0.02609288
v -0.01791375 0.05673390 0.02633559
v -0.01278162 0.05042326 0.02833127
v -0.00839174 0.04906886 0.03002476
v -0.01018077 0.04974687 0.02938222
v -0.01278162 0.05042326 0.02833127
v -0.01243805 0.04996061 0.02852505
v -0.01013499 0.04914134 0.02942532
v -0.01013499 0.04914134 0.02942532
v -0.01125329 0.04934293 0.02907079
v 0.03145539 0.07102501 0.00145590
v -0.01216334 0.04967445 0.02868121
v -0.01466363 0.05030620 0.02758681
v -0.01216334 0.04967445 0.02868121
v -0.01687622 0.05245006 0.02609533
v -0.01095956 0.05074155 0.02917951
v -0.01436609 0.05331307 0.02784144
v -0.01902389 0.05664241 0.02493178
v -0.02352142 0.06208217 0.02297770
v -0.02221673 0.06025779 0.02320760
v -0.01554608 0.05176949 0.02689975
v -0.01095956 0.05074155 0.02917951
v -0.01687622 0.05245006 0.02609533
v -0.01525110 0.05498486 0.02770888
v -0.01902389 0.05664241 0.02493178
v -0.01554608 0.05176949 0.02689975
v -0.01018077 0.04974687 0.02938222
v -0.01095956 0.05074155 0.02917951
v -0.01554608 0.05176949 0.02689975
v -0.01278162 0.05042326 0.02833127
v -0.01018077 0.04974687 0.02938222
v -0.01554608 0.05157774 0.02690917
v -0.01278162 0.05042326 0.02833127
v -0.01554608 0.05176949 0.02689975
v -0.01571804 0.05135577 0.02681821
v 0.02883100 0.06967341 0.01505267
v -0.01599752 0.05187046 0.02663773
v -0.01466363 0.05030620 0.02758681
v -0.01216334 0.04967445 0.02868121
v -0.01571804 0.05135577 0.02681821
v -0.01759612 0.05256450 0.02559375
v -0.01571804 0.05135577 0.02681821
v -0.01278162 0.05042326 0.02833127
v -0.01759612 0.05256450 0.02559375
v -0.01278162 0.05042326 0.02833127
v -0.01554608 0.05157774 0.02690917
v 0.03096437 0.06807696 0.00535196
v -0.01979058 0.05451357 0.02393621
v -0.01599758 0.05123049 0.02669471
v -0.02310746 0.05894172 0.02101790
v -0.01687622 0.05245006 0.02609533
v 0.02984905 0.06748616 0.00973028
v -0.01759612 0.05256450 0.02559375
v -0.01554608 0.05157774 0.02690917
v 0.03102248 0.05718410 0.00534719
v -0.01923954 0.05377119 0.02435559
v -0.02013397 0.05409038 0.02369970
v -0.01782453 0.05233246 0.02547800
v -0.01571804 0.05135577 0.02681821
v -0.01946258 0.05285435 0.02432531
v -0.01912027 0.05291891 0.02450954
v -0.01571804 0.05135577 0.02681821
v -0.01782453 0.05233246 0.02547800
v -0.01912027 0.05291891 0.02450954
v -0.01912027 0.05291891 0.02450954
v -0.01946258 0.05285435 0.02432531
v -0.01466363 0.05030620 0.02758681
v -0.01599758 0.05123049 0.02669471
v -0.02567768 0.06425082 0.01963323
v -0.01702189 0.05121475 0.02607637
v -0.01466363 0.05030620 0.02758681
v -0.01946258 0.05285435 0.02432531
v -0.02567768 0.06425082 0.01963323
v 0.03044128 0.06567943 0.00759786
v -0.01793545 0.05016809 0.02551984
v -0.02310746 0.05894172 0.02101790
v -0.02263641 0.05663853 0.02126592
v -0.01231473 0.04810732 0.02887052
v -0.01826763 0.05065065 0.02528154
v 0.03013944 0.06371676 0.00884527
v 0.02691262 0.06541240 0.01712125
v -0.02695649 0.06261527 0.01578795
v -0.02177888 0.05479288 0.02218765
v 0.02819252 0.06498897 0.01357924
v -0.02027130 0.04809898 0.02383887
v -0.02249908 0.05465489 0.02164739
v -0.02173990 0.04997044 0.02245992
v -0.02027130 0.04809898 0.02383887
v -0.01599824 0.04809951 0.02679014
v -0.01231473 0.04810732 0.02887052
v -0.02249908 0.05465489 0.02164739
v -0.02316552 0.05654716 0.02068597
v 0.02924156 0.06300151 0.01123327
v 0.02922630 0.06434524 0.01115691
v -0.02460938 0.05794185 0.01894187
v -0.02013397 0.05409038 0.02369970
v -0.02316552 0.05654716 0.02068597
v -0.02460938 0.05794185 0.01894187
v -0.02177888 0.05479288 0.02218765
v -0.02013397 0.05409038 0.02369970
v -0.02120256 0.05231958 0.02288669
v 0.02446794 0.06304061 0.02161020
v 0.02241986 0.06086426 0.02399575
v 0.03142833 0.04810070 0.00222766
v -0.02530670 0.05875957 0.01809972
v -0.02249908 0.05465489 0.02164739
v -0.02416300 0.05766612 0.01953631
v -0.02263641 0.05663853 0.02126592
v -0.02530670 0.05875957 0.01809972
v -0.02416300 0.05766612 0.01953631
v 0.03149729 0.04810166 -0.00033903
v -0.02460938 0.05794185 0.01894187
v -0.02316552 0.05654716 0.02068597
v -0.02416300 0.05766612 0.01953631
v -0.02530670 0.05875957 0.01809972
v -0.02177888 0.05479288 0.02218765
v -0.02460938 0.05794185 0.01894187
v -0.02515786 0.05686366 0.01852697
v -0.02849429 0.06802642 0.01465880
v -0.02530670 0.05875957 0.01809972
v 0.02420425 0.06130009 0.02039045
v 0.02576249 0.05987721 0.01750838
v 0.02875405 0.06043887 0.01239663
v 0.02695846 0.05824840 0.01588720
v 0.02030372 0.05862212 0.02509588
v 0.02446794 0.06304061 0.02161020
v 0.02241986 0.06086426 0.02399575
v -0.02719879 0.05988872 0.01545995
v -0.02515786 0.05686366 0.01852697
v -0.02751153 0.06042271 0.01481139
v -0.03053206 0.07311522 0.01003539
v -0.02515786 0.05686366 0.01852697
v 0.02808821 0.05678379 0.01371026
v 0.02696609 0.06017857 0.01562780
v 0.02576249 0.05987721 0.01750838
v -0.02813148 0.06167393 0.01357549
v 0.02375030 0.05886638 0.02010625
v -0.02027130 0.04809898 0.02383887
v -0.02536576 0.04809963 0.01844114
v -0.02246475 0.04810005 0.02180761
v -0.02027130 0.04809898 0.02383887
v 0.02718448 0.06005007 0.01526492
v 0.03104567 0.04809993 0.00535864
v -0.02813148 0.06167393 0.01357549
v -0.02751153 0.06042271 0.01481139
v -0.02515786 0.05686366 0.01852697
v 0.03023093 0.04809999 0.00867933
v 0.02533537 0.05756980 0.01811057
v -0.02924156 0.06565082 0.01123511
v 0.02085876 0.05855351 0.02381795
v 0.02030372 0.05862212 0.02509588
v 0.02830928 0.05299001 0.01332610
v 0.02030372 0.05862212 0.02509588
v 0.02241986 0.06086426 0.02399575
v 0.01566118 0.05567300 0.02828687
v 0.02430266 0.05661463 0.01948153
v 0.01768684 0.05463397 0.02574908
v 0.02533537 0.05756980 0.01811057
v 0.02718448 0.06005007 0.01526492
v 0.02430266 0.05661463 0.01948153
v 0.02257305 0.05545580 0.02137190
v 0.02430266 0.05661463 0.01948153
v 0.02576249 0.05987721 0.01750838
v -0.02688598 0.05480086 0.01593446
v 0.01705551 0.05553424 0.02634710
v 0.01926040 0.05383861 0.02442061
v -0.02813148 0.06167393 0.01357549
v 0.02420425 0.06130009 0.02039045
v 0.02897381 0.05024391 0.01197659
v 0.02269327 0.05584073 0.02121567
v 0.02576249 0.05987721 0.01750838
v 0.02153778 0.05441844 0.02251714
v 0.02269327 0.05584073 0.02121567
v 0.01705551 0.05553424 0.02634710
v 0.02085876 0.05855351 0.02381795
v 0.02786219 0.05354464 0.01417261
v 0.02153778 0.05441844 0.02251714
v 0.02375030 0.05886638 0.02010625
v -0.02751153 0.06042271 0.01481139
v -0.02813148 0.06167393 0.01357549
v 0.02809327 0.04809975 0.01397025
v 0.02512460 0.04922640 0.01856917
v 0.01150131 0.05228984 0.02906221
v 0.00873947 0.05279207 0.03117567
v 0.01168060 0.05368679 0.02986425
v 0.01566118 0.05567300 0.02828687
v -0.03007882 0.06738460 0.00878042
v -0.02823984 0.05653703 0.01348173
v -0.02427577 0.05151522 0.01960927
v -0.02688598 0.05480086 0.01593446
v 0.02614021 0.05821311 -0.01772791
v 0.02733731 0.05282211 -0.01569730
v 0.02789402 0.04810076 -0.01495653
v 0.02047729 0.05477696 -0.02382373
v 0.02069848 0.05442607 -0.02372461
v 0.01900464 0.05366867 -0.02504181
v 0.01673412 0.05634677 -0.02834278
v 0.01330941 0.05308616 -0.02874279
v 0.01195526 0.05382233 -0.03025531
v 0.01330941 0.05308616 -0.02874279
v 0.01669502 0.05540829 -0.02724176
v 0.01867294 0.05493438 -0.02543741
v 0.02179557 0.05509835 -0.02263695
v 0.02008086 0.05357879 -0.02422940
v 0.01867294 0.05493438 -0.02543741
v 0.01810389 0.05293911 -0.02571672
v 0.02411079 0.04809665 -0.02049350
v 0.02237701 0.05257588 -0.02232462
v 0.02181416 0.05054754 -0.02281183
v -0.02610206 0.05271703 -0.01783084
v -0.02448397 0.04972320 -0.01993793
v -0.02549737 0.04809927 -0.01868921
v -0.03025048 0.06775653 -0.00885397
v -0.02895444 0.06363338 -0.01221263
v -0.02920961 0.06261241 -0.01192378
v -0.02815437 0.06281840 -0.01405054
v -0.03101158 0.07576131 -0.00894552
v -0.03146898 0.07474672 -0.00205576
v 0.01654046 0.05118358 -0.02706629
v 0.01831048 0.05197513 -0.02573496
v 0.00828791 0.05254137 -0.03141593
v 0.02119714 0.05118417 -0.02340108
v -0.03066730 0.06558787 -0.00727755
v 0.02237701 0.05257588 -0.02232462
v 0.02119714 0.05118417 -0.02340108
v 0.01808357 0.04809170 -0.02602678
v 0.01808357 0.04809170 -0.02602678
v -0.02733963 0.05113899 -0.01568377
v 0.01602637 0.05198651 -0.02711498
v 0.01602637 0.05217802 -0.02710872
v 0.01544952 0.05113011 -0.02750879
v 0.01900464 0.05366867 -0.02504181
v 0.01810389 0.05293911 -0.02571672
v 0.02188110 0.05380046 -0.02280139
v 0.01808357 0.04809170 -0.02602678
v 0.01330941 0.05308616 -0.02874279
v 0.01362025 0.05088675 -0.02841049
v -0.03102624 0.06979417 -0.00547790
v 0.01714277 0.04999476 -0.02652496
v 0.00780868 0.05164986 -0.03085714
v 0.03137952 0.07875239 -0.00745559
v 0.01654046 0.05118358 -0.02706629
v 0.01237165 0.04973483 -0.02906870
v 0.01952362 0.04809826 -0.02488803
v 0.00338173 0.05169945 -0.03263759
v 0.00034702 0.05084073 -0.03198081
v 0.01395028 0.04809147 -0.02846628
v -0.02813148 0.04809975 -0.01442629
v 0.00933075 0.05080211 -0.03025919
v 0.00846100 0.04952889 -0.03053569
v 0.01219373 0.05004459 -0.02914291
v 0.00780868 0.05164986 -0.03085714
v 0.01654046 0.05118358 -0.02706629
v 0.01831048 0.05197513 -0.02573496
v 0.01395028 0.04809147 -0.02846628
v 0.01362025 0.05088675 -0.02841049
v 0.01219373 0.05004459 -0.02914291
v 0.01100122 0.04979974 -0.02959436
v 0.00159836 0.05162245 -0.03302818
v 0.00572681 0.05207777 -0.03227788
v 0.00338173 0.05169945 -0.03263759
v -0.02990645 0.05944991 -0.00991368
v 0.01100122 0.04979974 -0.02959436
v 0.00891328 0.04905283 -0.03035151
v 0.01200926 0.04971176 -0.02923989
v 0.00338173 0.05169945 -0.03263759
v 0.00034702 0.05084073 -0.03198081
v 0.00032741 0.05149543 -0.03278547
v 0.01200932 0.04925429 -0.02927386
v -0.02914422 0.05138462 -0.01201283
v 0.00422281 0.05039697 -0.03145128
v 0.03090876 0.07635414 -0.01126360
v 0.00644022 0.05028992 -0.03104496
v 0.00682062 0.04809886 -0.03102785
v 0.01182472 0.04902374 -0.02936333
v -0.03143775 0.04810261 -0.00249660
v 0.00159836 0.05162245 -0.03302818
v 0.00338173 0.05169945 -0.03263759
v -0.00234360 0.05161941 -0.03279215
v 0.00338173 0.05169945 -0.03263759
v 0.00129908 0.05158603 -0.03287220
v -0.00234360 0.05161941 -0.03279215
v 0.00338173 0.05169945 -0.03263759
v 0.00032741 0.05149543 -0.03278547
v 0.00129908 0.05158603 -0.03287220
v 0.00745606 0.04981553 -0.03076678
v 0.00626337 0.04885917 -0.03103470
v 0.01395028 0.04809147 -0.02846628
v 0.00846100 0.04952889 -0.03053569
v 0.00422281 0.05039697 -0.03145128
v 0.00682062 0.04809886 -0.03102785
v 0.01100122 0.04979974 -0.02959436
v 0.00796777 0.04881334 -0.03063952
v 0.00796777 0.04881334 -0.03063952
v 0.01100122 0.04979974 -0.02959436
v 0.00891328 0.04905283 -0.03035151
v -0.00234360 0.05161941 -0.03279215
v -0.00234360 0.05161941 -0.03279215
v 0.00129908 0.05158603 -0.03287220
v 0.00032741 0.05149543 -0.03278547
v -0.03038430 0.05414927 -0.00839764
v 0.01200926 0.04971176 -0.02923989
v 0.01237165 0.04973483 -0.02906870
v 0.00796777 0.04881334 -0.03063952
v 0.00891328 0.04905283 -0.03035151
v -0.00234360 0.05161941 -0.03279215
v 0.00032741 0.05149543 -0.03278547
v -0.00371927 0.05163240 -0.03225708
v 0.03142517 0.07245808 -0.00257105
v 0.00747096 0.04836821 -0.03077876
v 0.00796777 0.04881334 -0.03063952
v 0.01237165 0.04973483 -0.02906870
v 0.00747096 0.04836821 -0.03077876
v 0.00034702 0.05084073 -0.03198081
v 0.00828791 0.05254137 -0.03141593
v 0.00216264 0.04900968 -0.03166717
v -0.02995133 0.05066025 -0.00986046
v 0.00541312 0.04845225 -0.03123790
v 0.03027725 0.07267653 -0.01114565
v -0.00593036 0.05211782 -0.03240126
v -0.00182390 0.05164200 -0.03299736
v -0.00234360 0.05161941 -0.03279215
v 0.00682062 0.04809886 -0.03102785
v 0.00682062 0.04809886 -0.03102785
v -0.00371927 0.05163240 -0.03225708
v -0.00593036 0.05211782 -0.03240126
v -0.00234360 0.05161941 -0.03279215
v -0.00517166 0.05197536 -0.03234791
v -0.00371927 0.05163240 -0.03225708
v 0.00228310 0.04810011 -0.03168630
v -0.00617981 0.05200159 -0.03187090
v -0.00203544 0.04956459 -0.03162878
v -0.03044980 0.04810053 -0.00843436
v 0.03082919 0.07095420 -0.00679213
v 0.00216264 0.04900968 -0.03166717
v 0.00049844 0.04893904 -0.03174561
v -0.00021505 0.04817944 -0.03178536
v -0.00579643 0.05110538 -0.03126811
v -0.00517166 0.05197536 -0.03234791
v -0.00517166 0.05197536 -0.03234791
v -0.00617981 0.05200159 -0.03187090
v -0.00923586 0.05294728 -0.03156930
v -0.00952148 0.05270636 -0.03076273
v -0.00617981 0.05200159 -0.03187090
v -0.00579643 0.05110538 -0.03126811
v -0.00021505 0.04817944 -0.03178536
v 0.00228310 0.04810011 -0.03168630
v -0.00386041 0.04810035 -0.03153115
v -0.00952148 0.05270636 -0.03076273
v 0.02875435 0.06965041 -0.01612854
v -0.01187700 0.05389767 -0.03055667
v -0.00386041 0.04810035 -0.03153115
v -0.00979996 0.05185115 -0.03019243
v -0.03108036 0.04809886 -0.00564581
v -0.00979996 0.05185115 -0.03019243
v -0.00804901 0.04999721 -0.03067022
v -0.01470845 0.05522423 -0.02938842
v -0.00923586 0.05294728 -0.03156930
v -0.01187700 0.05389767 -0.03055667
v -0.01416772 0.05438500 -0.02882003
v -0.01470845 0.05522423 -0.02938842
v -0.01416772 0.05438500 -0.02882003
v -0.00645935 0.04872262 -0.03100937
v -0.00944424 0.04957461 -0.03014749
v -0.00645935 0.04872262 -0.03100937
v -0.00386041 0.04810035 -0.03153115
v -0.00810987 0.04892402 -0.03061032
v -0.00810987 0.04892402 -0.03061032
v -0.00386041 0.04810035 -0.03153115
v -0.00791490 0.04858863 -0.03067380
v -0.00567722 0.04809951 -0.03120011
v -0.00979996 0.05185115 -0.03019243
v -0.01524537 0.05423057 -0.02789026
v -0.01524537 0.05423057 -0.02789026
v -0.00771987 0.04835534 -0.03073471
v -0.00567722 0.04809951 -0.03120011
v -0.01045227 0.04810261 -0.02993869
v -0.00771987 0.04835534 -0.03073471
v -0.01045227 0.04810261 -0.02993869
v -0.01343148 0.05144298 -0.02859789
v -0.01242065 0.04983168 -0.02901178
v -0.00944424 0.04957461 -0.03014749
v -0.00645935 0.04872262 -0.03100937
v -0.01242065 0.04983168 -0.02901178
v -0.00645935 0.04872262 -0.03100937
v -0.00810987 0.04892402 -0.03061032
v -0.01242065 0.04983168 -0.02901178
v -0.02057838 0.05917292 -0.02593189
v -0.01963990 0.05776393 -0.02549463
v -0.01242065 0.04983168 -0.02901178
v -0.00810987 0.04892402 -0.03061032
v -0.01361078 0.05079060 -0.02859598
v -0.01153385 0.04970097 -0.02943181
v -0.01361078 0.05079060 -0.02859598
v 0.02886837 0.06816995 -0.01399332
v -0.01524537 0.05423057 -0.02789026
v -0.01343148 0.05144298 -0.02859789
v -0.01767349 0.05393677 -0.02610492
v 0.03049230 0.06511294 -0.00811821
v 0.02976608 0.06648051 -0.01031208
v -0.01963990 0.05776393 -0.02549463
v -0.01416772 0.05438500 -0.02882003
v -0.02004623 0.05701482 -0.02458292
v -0.01416772 0.05438500 -0.02882003
v -0.02004623 0.05701482 -0.02458292
v -0.01456451 0.04811739 -0.02817064
v -0.01613914 0.05207169 -0.02698647
v -0.01613914 0.05207169 -0.02698647
v -0.01242065 0.04983168 -0.02901178
v -0.01692378 0.05243134 -0.02647542
v -0.01692378 0.05243134 -0.02647542
v -0.01242065 0.04983168 -0.02901178
v -0.01361078 0.05079060 -0.02859598
v -0.02315896 0.06056201 -0.02206134
v -0.01692378 0.05243134 -0.02647542
v -0.01361078 0.05079060 -0.02859598
v -0.01565027 0.05157786 -0.02727359
v -0.01565027 0.05157786 -0.02727359
v -0.01609236 0.05146902 -0.02706605
v -0.01795959 0.05111485 -0.02606302
v 0.02775424 0.06786692 -0.01818567
v -0.01767349 0.05393677 -0.02610492
v -0.01343148 0.05144298 -0.02859789
v -0.01976776 0.05508595 -0.02447611
v -0.01343148 0.05144298 -0.02859789
v -0.01613914 0.05207169 -0.02698647
v -0.01875030 0.05353200 -0.02524155
v -0.01976776 0.05508595 -0.02447611
v 0.03141897 0.04810100 -0.00308472
v -0.02452087 0.06331813 -0.02248293
v 0.02730560 0.06722581 -0.01960474
v 0.02875435 0.06965041 -0.01612854
v 0.02592563 0.06482875 -0.02019786
v -0.01875030 0.05353200 -0.02524155
v -0.01613914 0.05207169 -0.02698647
v -0.02120202 0.05484002 -0.02318286
v 0.02592563 0.06482875 -0.02019786
v 0.02875435 0.06965041 -0.01612854
v 0.02775424 0.06786692 -0.01818567
v -0.01692378 0.05243134 -0.02647542
v -0.01565027 0.05157786 -0.02727359
v -0.02120202 0.05484002 -0.02318286
v -0.01613914 0.05207169 -0.02698647
v -0.01692378 0.05243134 -0.02647542
v -0.02120202 0.05484002 -0.02318286
v -0.02315896 0.06056201 -0.02206134
v -0.01856321 0.05303907 -0.02540999
v -0.01565027 0.05157786 -0.02727359
v -0.01856321 0.05303907 -0.02540999
v -0.01893752 0.05326920 -0.02512431
v -0.02120202 0.05484002 -0.02318286
v -0.02630424 0.06541919 -0.02013212
v 0.02704232 0.06467235 -0.01679712
v -0.01856321 0.05303907 -0.02540999
v -0.01609236 0.05146902 -0.02706605
v -0.02030938 0.05250340 -0.02415949
v -0.01893752 0.05326920 -0.02512431
v -0.02030938 0.05250340 -0.02415949
v -0.02562904 0.06263530 -0.01876169
v -0.01976776 0.05508595 -0.02447611
v 0.02592563 0.06482875 -0.02019786
v 0.02796643 0.06397712 -0.01459223
v -0.01775532 0.05008876 -0.02609318
v -0.02120202 0.05484002 -0.02318286
v -0.02359002 0.05722606 -0.02072626
v -0.02174377 0.05322247 -0.02293497
v -0.02359002 0.05722606 -0.02072626
v -0.02190357 0.05574619 -0.02250105
v -0.02333062 0.05666530 -0.02100855
v -0.02061265 0.04810070 -0.02403551
v -0.02706521 0.06447780 -0.01661396
v -0.02004623 0.05701482 -0.02458292
v -0.02030938 0.05250340 -0.02415949
v -0.02562904 0.06263530 -0.01876169
v -0.02359002 0.05722606 -0.02072626
v -0.02190357 0.05574619 -0.02250105
v -0.02449405 0.05804932 -0.01962721
v 0.02730560 0.06722581 -0.01960474
v 0.02305889 0.06153953 -0.02383279
v 0.02888107 0.06279742 -0.01247119
v 0.02853584 0.05976665 -0.01366424
v -0.02190357 0.05574619 -0.02250105
v -0.02333062 0.05666530 -0.02100855
v -0.02449405 0.05804932 -0.01962721
v -0.02359002 0.05722606 -0.02072626
v -0.02449405 0.05804932 -0.01962721
v -0.02747869 0.06336581 -0.01548010
v 0.02485847 0.06073361 -0.01944643
v -0.02449405 0.05804932 -0.01962721
v -0.02333062 0.05666530 -0.02100855
v -0.02603620 0.05975252 -0.01745921
v 0.02319717 0.05934315 -0.02139383
v -0.02603620 0.05975252 -0.01745921
v -0.02500021 0.05824452 -0.01897037
v 0.02700799 0.06075084 -0.01610666
v -0.02487564 0.05692851 -0.01936823
v 0.02700799 0.06075084 -0.01610666
v 0.03049230 0.06511294 -0.00811821
v 0.02888107 0.06279742 -0.01247119
v -0.02562904 0.06263530 -0.01876169
v -0.02359002 0.05722606 -0.02072626
v -0.02747869 0.06336581 -0.01548010
v -0.03020298 0.07343089 -0.01293563
v -0.02603620 0.05975252 -0.01745921
v 0.02119636 0.05843055 -0.02386480
v 0.02990752 0.05672723 -0.00993639
v 0.02907776 0.05719363 -0.01212638
v -0.02919238 0.06773746 -0.01248645
v 0.02700799 0.06075084 -0.01610666
v -0.02603620 0.05975252 -0.01745921
v -0.02500021 0.05824452 -0.01897037
v -0.02815437 0.06281840 -0.01405054
v 0.02700799 0.06075084 -0.01610666
v -0.02815437 0.06281840 -0.01405054
v -0.02630615 0.05816441 -0.01735407
v 0.02594298 0.05961585 -0.01765668
v 0.03074520 0.04809987 -0.00726229
v 0.02405643 0.05773681 -0.02014815
v 0.02457427 0.05792188 -0.01951080
v 0.02104091 0.05959206 -0.02556425
v 0.02305889 0.06153953 -0.02383279
v 0.01673412 0.05634677 -0.02834278
v 0.02981472 0.04809606 -0.01042079
v 0.02319717 0.05934315 -0.02139383
v 0.01673412 0.05634677 -0.02834278
v 0.02594298 0.05961585 -0.01765668
v 0.02457427 0.05792188 -0.01951080
v 0.02282303 0.05650830 -0.02153855
v 0.02405643 0.05773681 -0.02014815
v 0.02594298 0.05961585 -0.01765668
v 0.02282303 0.05650830 -0.02153855
v 0.02352941 0.05661118 -0.02079993
v 0.02457427 0.05792188 -0.01951080
v 0.02700799 0.06075084 -0.01610666
v 0.02352941 0.05661118 -0.02079993
v 0.02700799 0.06075084 -0.01610666
v 0.01669502 0.05540829 -0.02724176
v 0.01867294 0.05493438 -0.02543741
v 0.02179557 0.05509835 -0.02263695
v 0.02119636 0.05843055 -0.02386480
v -0.03025048 0.06775653 -0.00885397
v 0.01330941 0.05308616 -0.02874279
v -0.02919238 0.06773746 -0.01248645
v 0.03125303 0.08703410 -0.02561527
v -0.01243239 0.11236440 0.04234981
v -0.00297499 0.11452500 -0.01886981
v -0.00845623 0.11347290 -0.01921391
v -0.00104999 0.11466430 0.04235023
v 0.03047186 0.09108179 -0.02461570
v 0.02863126 0.09670817 0.04234963
v -0.01190179 0.11224920 -0.01955634
v 0.02928781 0.09469211 -0.02379876
v -0.01484370 0.11090150 -0.01977652
v 0.02774715 0.09800708 -0.02301263
v 0.02542328 0.10181460 -0.02196824
v 0.02242296 0.10534900 0.04234874
v 0.02308535 0.10453470 -0.02128934
v -0.02308386 0.10475870 0.04235076
v 0.02031183 0.10717640 -0.02064108
v 0.01816534 0.10883420 0.04235011
v 0.01722264 0.10953490 -0.02010244
v -0.02425909 0.10321500 -0.02164918
v 0.01636677 0.11001370 0.04235011
v 0.00966000 0.11332930 0.04234987
v 0.01268959 0.11193780 -0.01953279
v -0.02649492 0.10013750 -0.02256733
v -0.02855134 0.09661066 0.04234939
v 0.00927782 0.11321720 -0.01929074
v -0.02952051 0.09423911 -0.02384525
v 0.00537598 0.11413290 -0.01901954
v -0.03123658 0.08734500 -0.02557563
v 0.00151455 0.11457460 -0.01895487
v -0.01701104 0.10931380 -0.02036011
v -0.01658183 0.10958740 -0.02029192
v -0.01614826 0.10985390 -0.02022552
v -0.01601403 0.11001000 -0.02033716
v -0.01614826 0.10985390 -0.02022552
v -0.01621699 0.10982640 -0.02023231
v -0.01526874 0.11036550 -0.02009785
v -0.01542741 0.11029110 -0.02011644
v -0.01502776 0.11051460 -0.02006077
v -0.01526874 0.11036550 -0.02009785
v -0.01542741 0.11029110 -0.02011644
v -0.01417917 0.11099040 -0.02005964
v -0.01526874 0.11036550 -0.02009785
v -0.01502776 0.11051460 -0.02006077
v -0.01462495 0.11073210 -0.02000647
v -0.01417917 0.11099040 -0.02005964
v -0.01502776 0.11051460 -0.02006077
v -0.01381015 0.11114920 -0.01990246
v -0.01437324 0.11084800 -0.01997750
v -0.01417917 0.11099040 -0.02005964
v -0.01391977 0.11107820 -0.01992028
v -0.01437324 0.11084800 -0.01997750
v -0.01381015 0.11114920 -0.01990246
v -0.01339846 0.11134870 -0.01985275
v -0.01346272 0.11130100 -0.01986467
v -0.01303094 0.11151680 -0.01977068
v -0.01346272 0.11130100 -0.01986467
v -0.01339846 0.11134870 -0.01985275
v -0.01183694 0.11204130 -0.01964282
v -0.01256686 0.11172940 -0.01975792
v -0.01172477 0.11208530 -0.01966911
v -0.01207101 0.11192410 -0.01970928
v -0.01148915 0.11217980 -0.01964563
v -0.01207101 0.11192410 -0.01970928
v -0.01172477 0.11208530 -0.01966911
v -0.01125270 0.11227230 -0.01962250
v -0.01160067 0.11211660 -0.01966124
v -0.01101559 0.11236290 -0.01959991
v -0.01077777 0.11245150 -0.01957774
v -0.01117467 0.11228330 -0.01961976
v -0.01074647 0.11244370 -0.01957976
v -0.01012414 0.11265930 -0.01926898
v -0.01074647 0.11244370 -0.01957976
v -0.01077777 0.11245150 -0.01957774
v -0.00981980 0.11278650 -0.01949423
v -0.00988328 0.11274550 -0.01950436
v -0.00944853 0.11288700 -0.01946920
v -0.00988328 0.11274550 -0.01950436
v -0.00981980 0.11278650 -0.01949423
v -0.00933707 0.11294230 -0.01945543
v -0.00901181 0.11302200 -0.01943552
v -0.00885188 0.11309000 -0.01941847
v -0.00857311 0.11315050 -0.01940333
v -0.00836450 0.11323000 -0.01938360
v -0.00813264 0.11327280 -0.01937294
v -0.00769049 0.11338850 -0.01934415
v -0.00664282 0.11365680 -0.01927727
v -0.00639516 0.11370970 -0.01926404
v -0.00680131 0.11360050 -0.01929134
v -0.00614685 0.11376070 -0.01925128
v -0.00589848 0.11380950 -0.01923906
v -0.00635457 0.11369670 -0.01926738
v -0.00564945 0.11385640 -0.01922750
v -0.00590646 0.11378630 -0.01924490
v -0.00545710 0.11386940 -0.01922422
v -0.00500661 0.11394590 -0.01920509
v -0.00557709 0.11391770 -0.01915556
v -0.00500661 0.11394590 -0.01920509
v -0.00540030 0.11390130 -0.01921629
v -0.00399774 0.11409170 -0.01918315
v -0.00440013 0.11406030 -0.01917660
v -0.00389826 0.11412770 -0.01915985
v -0.00399774 0.11409170 -0.01918315
v -0.00440013 0.11406030 -0.01917660
v -0.00311339 0.11422570 -0.01913517
v -0.00319475 0.11418590 -0.01914530
v -0.00399774 0.11409170 -0.01918315
v -0.00187683 0.11429290 -0.01911598
v -0.00188285 0.11431530 -0.01911300
v -0.00137752 0.11434170 -0.01910650
v -0.00137204 0.11431950 -0.01911205
v -0.00045705 0.11434630 -0.01910531
v 0.00000000 0.11434960 -0.01910454
v 0.00041987 0.11434680 -0.01910525
v 0.00091460 0.11435880 -0.01910227
v 0.00137085 0.11434200 -0.01910638
v 0.00134671 0.11432060 -0.01911175
v 0.00182688 0.11431860 -0.01911216
v 0.00186914 0.11429390 -0.01911884
v 0.00182342 0.11432170 -0.01911169
v 0.00186914 0.11429390 -0.01911884
v 0.00182688 0.11431860 -0.01911216
v 0.00269741 0.11426270 -0.01912587
v 0.00186914 0.11429390 -0.01911884
v 0.00182342 0.11432170 -0.01911169
v 0.00409919 0.11410170 -0.01916635
v 0.00327945 0.11418810 -0.01914483
v 0.00364614 0.11415840 -0.01915228
v 0.00386971 0.11410900 -0.01916450
v 0.00455135 0.11403840 -0.01918214
v 0.00437206 0.11404220 -0.01918113
v 0.00500256 0.11396850 -0.01919955
v 0.00487322 0.11396720 -0.01919978
v 0.00545275 0.11389200 -0.01921868
v 0.00537324 0.11388420 -0.01922059
v 0.00590169 0.11380890 -0.01923936
v 0.00587183 0.11379300 -0.01924324
v 0.00634944 0.11371930 -0.01926171
v 0.00636905 0.11369370 -0.01926803
v 0.00679588 0.11362310 -0.01928555
v 0.00686461 0.11358630 -0.01929479
v 0.00727016 0.11350800 -0.01931428
v 0.00785053 0.11334740 -0.01935446
v 0.00727016 0.11350800 -0.01931428
v 0.00768417 0.11341110 -0.01933848
v 0.00812602 0.11329540 -0.01936727
v 0.00834060 0.11321600 -0.01938712
v 0.00856614 0.11317320 -0.01939785
v 0.00900441 0.11304460 -0.01942998
v 0.00882852 0.11307660 -0.01942193
v 0.00993347 0.11280420 -0.01958948
v 0.00882852 0.11307660 -0.01942193
v 0.00900441 0.11304460 -0.01942998
v 0.00979757 0.11277400 -0.01949733
v 0.00987518 0.11276810 -0.01949882
v 0.01030749 0.11262040 -0.01953560
v 0.00979757 0.11277400 -0.01949733
v 0.00987518 0.11276810 -0.01949882
v 0.01027846 0.11261090 -0.01953804
v 0.01073753 0.11246630 -0.01957416
v 0.01075673 0.11243990 -0.01958072
v 0.01116544 0.11230590 -0.01961416
v 0.01123219 0.11226120 -0.01962530
v 0.01159089 0.11213920 -0.01965570
v 0.01182627 0.11204390 -0.01967942
v 0.01206088 0.11194670 -0.01970368
v 0.01170498 0.11207470 -0.01967173
v 0.01229465 0.11184760 -0.01972842
v 0.01252770 0.11174660 -0.01975357
v 0.01212775 0.11190030 -0.01971524
v 0.01275986 0.11164370 -0.01977926
v 0.01254814 0.11171960 -0.01976031
v 0.01299113 0.11153890 -0.01980537
v 0.01296591 0.11153280 -0.01980692
v 0.01338100 0.11133980 -0.01985502
v 0.01345121 0.11132360 -0.01985913
v 0.01379328 0.11114070 -0.01990473
v 0.01390784 0.11110080 -0.01991450
v 0.01420277 0.11093560 -0.01995581
v 0.01470559 0.11067950 -0.01987749
v 0.01420277 0.11093560 -0.01995581
v 0.01390784 0.11110080 -0.01991450
v 0.01460915 0.11072440 -0.02000838
v 0.01501268 0.11050730 -0.02006262
v 0.01541292 0.11028420 -0.02011811
v 0.01569688 0.11013600 -0.02015519
v 0.01581007 0.11005520 -0.02017527
v 0.01541292 0.11028420 -0.02011811
v 0.01569688 0.11013600 -0.02015519
v 0.01613414 0.10987660 -0.02021980
v 0.01620388 0.10982030 -0.02023386
v 0.01656723 0.10961010 -0.02028632
v 0.01666253 0.10947970 -0.02013117
v 0.01620388 0.10982030 -0.02023386
v 0.01656723 0.10961010 -0.02028632
v 0.01704251 0.10930970 -0.02036112
v 0.01757818 0.10894890 -0.02045106
v 0.01757818 0.10894890 -0.02045106
v 0.01783990 0.10876860 -0.02049607
v 0.01736456 0.10908100 -0.02041810
v 0.01757818 0.10894890 -0.02045106
v 0.01774424 0.10882320 -0.02048254
v 0.01812016 0.10855970 -0.02054822
v 0.01825499 0.10847420 -0.02056950
v 0.01849246 0.10829070 -0.02061522
v 0.01866525 0.10817310 -0.02064460
v 0.01886063 0.10801620 -0.02068370
v 0.01907062 0.10786530 -0.02072131
v 0.01922500 0.10773620 -0.02075350
v 0.01947093 0.10755090 -0.02079969
v 0.01958525 0.10745080 -0.02082467
v 0.01986610 0.10722990 -0.02087968
v 0.01994132 0.10716000 -0.02089715
v 0.02025616 0.10690250 -0.02096140
v 0.02029329 0.10686400 -0.02097100
v 0.02064085 0.10656860 -0.02104461
v 0.02064085 0.10656270 -0.02104610
v 0.02102011 0.10622850 -0.02112936
v 0.02098405 0.10625620 -0.02112245
v 0.02160644 0.10560400 -0.02132135
v 0.02139383 0.10588220 -0.02121567
v 0.02176195 0.10552970 -0.02130365
v 0.02219378 0.10511130 -0.02140772
v 0.02231264 0.10497900 -0.02144092
v 0.02238035 0.10491060 -0.02145797
v 0.02231264 0.10497900 -0.02144092
v 0.02219378 0.10511130 -0.02140772
v 0.02263271 0.10464770 -0.02152359
v -0.02178281 0.10550650 -0.02130943
v -0.02214556 0.10514800 -0.02139878
v -0.02198827 0.10530710 -0.02135908
v -0.02104002 0.10620540 -0.02113521
v -0.02064549 0.10656450 -0.02104562
v -0.02066028 0.10654560 -0.02105039
v -0.02027511 0.10687950 -0.02096706
v -0.01994752 0.10716250 -0.02089655
v -0.01988458 0.10720690 -0.02088540
v -0.01959222 0.10745350 -0.02082401
v -0.01948887 0.10752800 -0.02080535
v -0.01923269 0.10773930 -0.02075266
v -0.01908797 0.10784240 -0.02072697
v -0.01886910 0.10801960 -0.02068275
v -0.01868218 0.10815030 -0.02065026
v -0.01827150 0.10845140 -0.02057522
v -0.01813006 0.10856380 -0.02054709
v -0.01785594 0.10874580 -0.02050179
v 0.01825720 0.10847720 -0.02056872
v 0.01866525 0.10817310 -0.02064460
v 0.01836705 0.10841130 -0.02058464
v 0.00495487 0.11398550 -0.01919490
v 0.00567812 0.11385850 -0.01921564
v 0.00486946 0.11399160 -0.01918017
v 0.00495487 0.11398550 -0.01919490
v 0.00486946 0.11399160 -0.01918017
v 0.00455761 0.11403500 -0.01918637
v 0.01867890 0.10819020 -0.02063930
v 0.01923948 0.10774490 -0.02075099
v 0.01019448 0.11272460 -0.01950109
v 0.01160258 0.11220470 -0.01963037
v 0.01148617 0.11222450 -0.01963061
v 0.01108342 0.11236500 -0.01959764
v 0.01400709 0.11108390 -0.01991659
v 0.01521569 0.11047470 -0.02006357
v 0.01470339 0.11070190 -0.02001363
v 0.01437896 0.11090290 -0.01996135
v 0.01521569 0.11047470 -0.02006357
v 0.01400709 0.11108390 -0.01991659
v 0.01850849 0.10833340 -0.02060174
v 0.02229082 0.10519240 -0.02134913
v 0.02231216 0.10529500 -0.02127033
v 0.02259230 0.10485040 -0.02144658
v 0.01774483 0.10889920 -0.02045720
v 0.01907026 0.10793850 -0.02069598
v 0.00935125 0.11308800 -0.01938277
v 0.01076847 0.11254250 -0.01954168
v 0.01049464 0.11262830 -0.01952254
v 0.00935125 0.11308800 -0.01938277
v 0.01109063 0.11242250 -0.01957070
v 0.01076847 0.11254250 -0.01954168
v 0.01404303 0.11111520 -0.01989948
v 0.01469463 0.11078080 -0.01998245
v 0.01439100 0.11092310 -0.01995080
v 0.00927782 0.11321720 -0.01929074
v 0.01109063 0.11242250 -0.01957070
v 0.01841396 0.10844290 -0.02056628
v 0.00439274 0.11413250 -0.01914763
v 0.00546587 0.11395950 -0.01919245
v 0.00482452 0.11404930 -0.01917368
v 0.00555182 0.11395100 -0.01919180
v 0.01804399 0.10871980 -0.02049612
v 0.01846230 0.10842670 -0.02056676
v 0.02231216 0.10529500 -0.02127033
v 0.02308535 0.10453470 -0.02128934
v 0.02542328 0.10181460 -0.02196824
v 0.01406461 0.11112080 -0.01989340
v 0.01510620 0.11056940 -0.02003163
v 0.00976831 0.11280840 -0.01948875
v 0.01057803 0.11252860 -0.01955837
v 0.00987518 0.11276810 -0.01949882
v 0.00588989 0.11396200 -0.01912117
v 0.00555182 0.11395100 -0.01919180
v 0.00501627 0.11404500 -0.01916790
v 0.00976831 0.11280840 -0.01948875
v 0.00987518 0.11276810 -0.01949882
v 0.00957489 0.11286340 -0.01956087
v 0.01522564 0.11057440 -0.01999217
v 0.02237570 0.10496780 -0.02144116
v 0.02280688 0.10450080 -0.02155882
v 0.01433002 0.11106530 -0.01986259
v 0.01638954 0.10997950 -0.02008861
v 0.01522564 0.11057440 -0.01999217
v 0.01433002 0.11106530 -0.01986259
v 0.01935189 0.10788330 -0.02063709
v 0.01906383 0.10804820 -0.02063125
v 0.01863569 0.10833470 -0.02057534
v 0.01446819 0.11107760 -0.01973706
v 0.01268959 0.11193780 -0.01953279
v 0.01722264 0.10953490 -0.02010244
v 0.01002162 0.11275330 -0.01950013
v 0.01390784 0.11110080 -0.01991450
v 0.01436090 0.11087050 -0.01997202
v 0.01784211 0.10877160 -0.02049535
v 0.01436090 0.11087050 -0.01997202
v 0.01390784 0.11110080 -0.01991450
v 0.01768922 0.10888550 -0.02046674
v 0.00989419 0.11282040 -0.01947975
v 0.01758068 0.10897930 -0.02044188
v 0.00386041 0.05197501 -0.03458446
v 0.00283885 0.05169975 -0.03460645
v -0.00209355 0.05173593 -0.03459519
v 0.00421739 0.11412060 -0.01915884
v 0.00534678 0.11394570 -0.01920258
v 0.00495487 0.11398550 -0.01919490
v 0.01780909 0.10883320 -0.02047759
v 0.01370680 0.11126320 -0.01986753
v 0.01521569 0.11047470 -0.02006357
v 0.01437896 0.11090290 -0.01996135
v 0.01370680 0.11126320 -0.01986753
v 0.01437896 0.11090290 -0.01996135
v 0.00785124 0.05269640 -0.03434228
v 0.00386041 0.05197501 -0.03458446
v 0.00797278 0.05286329 -0.03441357
v 0.01370680 0.11126320 -0.01986753
v 0.02254796 0.10485650 -0.02145773
v 0.00879145 0.05288589 -0.03421735
v 0.00386041 0.05197501 -0.03458446
v 0.00785124 0.05269640 -0.03434228
v 0.00283885 0.05169975 -0.03460645
v 0.00386041 0.05197501 -0.03458446
v 0.00879145 0.05288589 -0.03421735
v 0.00879145 0.05288589 -0.03421735
v 0.00879145 0.05288589 -0.03421735
v 0.00790810 0.05260562 -0.03415137
v 0.00283885 0.05169975 -0.03460645
v 0.00968528 0.11291490 -0.01944929
v 0.01147645 0.05389869 -0.03409630
v 0.00797278 0.05286329 -0.03441357
v 0.01275485 0.05449593 -0.03399342
v 0.01371282 0.11127410 -0.01986181
v 0.01147645 0.05389869 -0.03409630
v 0.00439274 0.11413250 -0.01914763
v 0.00501627 0.11404500 -0.01916790
v 0.00555182 0.11395100 -0.01919180
v 0.01757669 0.10902650 -0.02042394
v 0.01171660 0.05384588 -0.03388679
v 0.00879145 0.05288589 -0.03421735
v 0.01147645 0.05389869 -0.03409630
v 0.02170932 0.10561150 -0.02128195
v 0.02176195 0.10552970 -0.02130365
v 0.00879145 0.05288589 -0.03421735
v 0.00436014 0.11415450 -0.01913625
v 0.01275485 0.05449593 -0.03399342
v 0.01532816 0.05586189 -0.03366333
v 0.01171660 0.05384588 -0.03388679
v 0.01275485 0.05449593 -0.03399342
v 0.01309013 0.11164840 -0.01975440
v 0.01758861 0.05701678 -0.03325134
v 0.01779323 0.10891550 -0.02044093
v 0.01863569 0.10833470 -0.02057534
v 0.01446819 0.11107760 -0.01973706
v 0.00918901 0.11301200 -0.01943659
v 0.01871478 0.05773389 -0.03299552
v 0.01625943 0.05607479 -0.03335744
v 0.01171660 0.05384588 -0.03388679
v 0.01871478 0.05773389 -0.03299552
v 0.01171660 0.05384588 -0.03388679
v 0.01758861 0.05701678 -0.03325134
v 0.00409919 0.11410170 -0.01916635
v 0.00364614 0.11415840 -0.01915228
v 0.02179563 0.10556140 -0.02129179
v 0.02197968 0.10538440 -0.02133530
v 0.01758861 0.05701678 -0.03325134
v 0.01275485 0.05449593 -0.03399342
v 0.01973247 0.05877643 -0.03293406
v 0.00455761 0.11403500 -0.01918637
v 0.01758861 0.05701678 -0.03325134
v 0.01532816 0.05586189 -0.03366333
v 0.01275485 0.05449593 -0.03399342
v 0.00409919 0.11410170 -0.01916635
v 0.00495487 0.11398550 -0.01919490
v 0.00455761 0.11403500 -0.01918637
v 0.01339358 0.11136250 -0.01984894
v 0.01390784 0.11110080 -0.01991450
v 0.01345121 0.11132360 -0.01985913
v 0.01339358 0.11136250 -0.01984894
v 0.01769316 0.10908910 -0.02033674
v 0.01722264 0.10953490 -0.02010244
v 0.01935189 0.10788330 -0.02063709
v 0.02118289 0.10616490 -0.02113634
v 0.02255266 0.10481920 -0.02147340
v 0.00347757 0.11419150 -0.01914346
v 0.00409919 0.11410170 -0.01916635
v 0.01871478 0.05773389 -0.03299552
v 0.02118289 0.10616490 -0.02113634
v 0.02237570 0.10496780 -0.02144116
v 0.02197968 0.10538440 -0.02133530
v 0.02172499 0.10566900 -0.02125751
v 0.00920886 0.11304250 -0.01942330
v 0.01871478 0.05773389 -0.03299552
v 0.02139282 0.05997329 -0.03232926
v 0.01826804 0.05743759 -0.03292423
v 0.02129071 0.05995064 -0.03250581
v 0.01758861 0.05701678 -0.03325134
v 0.01973247 0.05877643 -0.03293406
v 0.02129071 0.05995064 -0.03250581
v 0.01871478 0.05773389 -0.03299552
v 0.01758861 0.05701678 -0.03325134
v 0.01019448 0.11272460 -0.01950109
v 0.00989419 0.11282040 -0.01947975
v 0.00920886 0.11304250 -0.01942330
v 0.02146834 0.06037700 -0.03253948
v 0.02129071 0.05995064 -0.03250581
v 0.01973247 0.05877643 -0.03293406
v 0.00382137 0.11417820 -0.01914376
v 0.02152729 0.06029212 -0.03251075
v 0.00946492 0.11297860 -0.01943582
v 0.02165544 0.10577660 -0.02121883
v 0.00388181 0.11419730 -0.01913332
v 0.00410712 0.11415700 -0.01914650
v 0.02405709 0.06271064 -0.03163766
v 0.01871478 0.05773389 -0.03299552
v 0.02129071 0.05995064 -0.03250581
v 0.02139282 0.05997329 -0.03232926
v 0.01871478 0.05773389 -0.03299552
v 0.02405709 0.06271064 -0.03163766
v 0.02574682 0.06504571 -0.03134042
v 0.01973247 0.05877643 -0.03293406
v 0.02431815 0.06347405 -0.03177309
v 0.02574682 0.06504571 -0.03134042
v 0.02574682 0.06504571 -0.03134042
v 0.02146834 0.06037700 -0.03253948
v 0.01973247 0.05877643 -0.03293406
v 0.02574682 0.06504571 -0.03134042
v 0.02129071 0.05995064 -0.03250581
v 0.02152729 0.06029212 -0.03251075
v 0.02405709 0.06271064 -0.03163766
v 0.02129071 0.05995064 -0.03250581
v 0.02574682 0.06504571 -0.03134042
v 0.00436014 0.11415450 -0.01913625
v 0.01728588 0.10924820 -0.02036190
v 0.01846230 0.10842670 -0.02056676
v 0.01804399 0.10871980 -0.02049612
v 0.02139383 0.10588220 -0.02121567
v 0.01757663 0.10905220 -0.02041143
v 0.01846230 0.10842670 -0.02056676
v 0.01728588 0.10924820 -0.02036190
v 0.01757663 0.10905220 -0.02041143
v 0.00302815 0.11443450 -0.01900911
v 0.00411141 0.11418550 -0.01913088
v 0.00876153 0.11312870 -0.01940858
v 0.00876153 0.11312870 -0.01940858
v 0.00957489 0.11286340 -0.01956087
v 0.00886536 0.11307130 -0.01941496
v 0.00876153 0.11312870 -0.01940858
v 0.02574682 0.06504571 -0.03134042
v 0.02431815 0.06347405 -0.03177309
v 0.02734756 0.06798255 -0.03073078
v 0.00302815 0.11443450 -0.01900911
v 0.00151455 0.11457460 -0.01895487
v 0.00537598 0.11413290 -0.01901954
v 0.00330663 0.11420470 -0.01914042
v 0.01309013 0.11164840 -0.01975440
v 0.02073055 0.10653990 -0.02104794
v 0.01296609 0.11154350 -0.01980304
v 0.02087092 0.10643940 -0.02107042
v 0.02087092 0.10643940 -0.02107042
v 0.02197968 0.10538440 -0.02133530
v 0.02179563 0.10556140 -0.02129179
v 0.02087092 0.10643940 -0.02107042
v 0.02118289 0.10616490 -0.02113634
v 0.02197968 0.10538440 -0.02133530
v 0.01729834 0.10915870 -0.02039813
v 0.02574682 0.06504571 -0.03134042
v 0.00342208 0.11420790 -0.01913863
v 0.01673829 0.10952720 -0.02030545
v 0.00920886 0.11304250 -0.01942330
v 0.00897408 0.11313480 -0.01939529
v 0.02114856 0.10622040 -0.02111858
v 0.01321035 0.11148820 -0.01981383
v 0.00903112 0.11312470 -0.01939558
v 0.02154970 0.10585390 -0.02120804
v 0.01313179 0.11154620 -0.01979523
v 0.01313179 0.11154620 -0.01979523
v 0.01439100 0.11092310 -0.01995080
v 0.01370680 0.11126320 -0.01986753
v 0.01746147 0.10911170 -0.02040135
v 0.01767253 0.10896840 -0.02043712
v 0.02119004 0.10629670 -0.02104574
v 0.02165544 0.10577660 -0.02121883
v 0.02131271 0.10615260 -0.02110499
v 0.01313495 0.11155220 -0.01979190
v 0.02119004 0.10629670 -0.02104574
v 0.01689726 0.10949240 -0.02030336
v 0.01767253 0.10896840 -0.02043712
v 0.01746147 0.10911170 -0.02040135
v 0.01689726 0.10949240 -0.02030336
v 0.01757669 0.10902650 -0.02042394
v 0.01767253 0.10896840 -0.02043712
v 0.01728588 0.10924820 -0.02036190
v 0.01728588 0.10924820 -0.02036190
v 0.01313757 0.11155710 -0.01978892
v 0.01313757 0.11155710 -0.01978892
v 0.01404303 0.11111520 -0.01989948
v 0.01371282 0.11127410 -0.01986181
v 0.01689726 0.10949240 -0.02030336
v 0.02231216 0.10529500 -0.02127033
v 0.02862453 0.06993091 -0.02989339
v 0.02574682 0.06504571 -0.03134042
v 0.02734756 0.06798255 -0.03073078
v 0.00365567 0.11423250 -0.01912266
v 0.02666980 0.06633239 -0.03073024
v 0.02088654 0.10636500 -0.02109491
v 0.02102011 0.10622850 -0.02112936
v 0.02064085 0.10656860 -0.02104461
v 0.00342846 0.11425960 -0.01911509
v 0.00436014 0.11415450 -0.01913625
v 0.00365567 0.11423250 -0.01912266
v 0.02862453 0.06993091 -0.02989339
v 0.02734756 0.06798255 -0.03073078
v 0.02841472 0.07000815 -0.03012704
v 0.01728588 0.10924820 -0.02036190
v 0.00342923 0.11426590 -0.01911145
v 0.00411141 0.11418550 -0.01913088
v 0.00436014 0.11415450 -0.01913625
v 0.01729398 0.10930870 -0.02031868
v 0.01726138 0.10936710 -0.02027624
v 0.01301521 0.11172160 -0.01968282
v 0.00342923 0.11426590 -0.01911145
v 0.02103561 0.10624430 -0.02112460
v 0.01769316 0.10908910 -0.02033674
v 0.01935189 0.10788330 -0.02063709
v 0.01726138 0.10936710 -0.02027624
v 0.03008931 0.07391536 -0.02907997
v 0.02841472 0.07000815 -0.03012704
v 0.02987766 0.07394063 -0.02917098
v 0.01264744 0.11170300 -0.01976424
v 0.01296609 0.11154350 -0.01980304
v 0.01275986 0.11164370 -0.01977926
v 0.02104139 0.10625010 -0.02112239
v 0.02073055 0.10653990 -0.02104794
v 0.02170932 0.10561150 -0.02128195
v 0.02104139 0.10625010 -0.02112239
v 0.01704251 0.10930970 -0.02036112
v 0.01218879 0.11193060 -0.01970517
v 0.01296609 0.11154350 -0.01980304
v 0.01264744 0.11170300 -0.01976424
v 0.00760180 0.11348860 -0.01931172
v 0.03008931 0.07391536 -0.02907997
v 0.01732635 0.10940530 -0.02017498
v 0.01722264 0.10953490 -0.02010244
v 0.01769316 0.10908910 -0.02033674
v 0.03078842 0.07777202 -0.02820307
v 0.00858742 0.11324120 -0.01937097
v 0.00825590 0.11333090 -0.01934909
v 0.01723057 0.10922770 -0.02037894
v 0.00830996 0.11332410 -0.01934814
v 0.00288385 0.11427890 -0.01911896
v 0.01279515 0.11171500 -0.01974898
v 0.02061581 0.10669550 -0.02100050
v 0.01694488 0.10944030 -0.02032142
v 0.03111076 0.07809817 -0.02797126
v 0.03008931 0.07391536 -0.02907997
v 0.03095620 0.07819926 -0.02801609
v 0.01252770 0.11174670 -0.01975357
v 0.01252770 0.11174670 -0.01975357
v 0.01275986 0.11164370 -0.01977926
v 0.01252770 0.11174660 -0.01975357
v 0.00319970 0.11427430 -0.01911467
v 0.00288570 0.11429700 -0.01911038
v 0.02131271 0.10615260 -0.02110499
v 0.02093780 0.10650030 -0.02101516
v 0.02119004 0.10629670 -0.02104574
v 0.00342846 0.11425960 -0.01911509
v 0.00811005 0.11327150 -0.01925277
v 0.00886536 0.11307130 -0.01941496
v 0.00856614 0.11317320 -0.01939785
v 0.00799054 0.11334040 -0.01935595
v 0.00886536 0.11307130 -0.01941496
v 0.00811005 0.11327150 -0.01925277
v 0.00342846 0.11425960 -0.01911509
v 0.00439274 0.11413250 -0.01914763
v 0.00388181 0.11419730 -0.01913332
v 0.03078842 0.07777202 -0.02820307
v 0.03095620 0.07819926 -0.02801609
v 0.03008931 0.07391536 -0.02907997
v 0.01276451 0.11185300 -0.01962691
v 0.00799054 0.11334040 -0.01935595
v 0.00876153 0.11312870 -0.01940858
v 0.00886536 0.11307130 -0.01941496
v 0.00342846 0.11425960 -0.01911509
v 0.00365567 0.11423250 -0.01912266
v 0.00439274 0.11413250 -0.01914763
v 0.01224935 0.11190100 -0.01971310
v 0.01218879 0.11193060 -0.01970517
v 0.01264744 0.11170300 -0.01976424
v 0.02018010 0.10699190 -0.02093786
v 0.02025616 0.10690250 -0.02096140
v 0.00342846 0.11425960 -0.01911509
v 0.00698978 0.11363420 -0.01927602
v 0.00918901 0.11301200 -0.01943659
v 0.00876153 0.11312870 -0.01940858
v 0.00217438 0.11442550 -0.01906108
v 0.00280350 0.11433630 -0.01908993
v 0.01216107 0.11197420 -0.01968830
v 0.01218879 0.11193060 -0.01970517
v 0.01732635 0.10940530 -0.02017498
v 0.01769316 0.10908910 -0.02033674
v 0.00698978 0.11363420 -0.01927602
v 0.03120428 0.08069872 -0.02747625
v 0.03078842 0.07777202 -0.02820307
v 0.03122609 0.08181560 -0.02721315
v 0.01256066 0.11181490 -0.01972526
v 0.03120428 0.08069872 -0.02747625
v 0.01218694 0.11198210 -0.01968127
v 0.01279515 0.11171500 -0.01974898
v 0.00830996 0.11332410 -0.01934814
v 0.00920886 0.11304250 -0.01942330
v 0.00858742 0.11324120 -0.01937097
v 0.03148913 0.08214557 -0.02695423
v 0.03111076 0.07809817 -0.02797126
v 0.03149509 0.08287608 -0.02682399
v 0.01218694 0.11198210 -0.01968127
v 0.01254463 0.11186960 -0.01969033
v 0.01218694 0.11198210 -0.01968127
v 0.01268959 0.11193780 -0.01953279
v 0.01229465 0.11184760 -0.01972842
v 0.01229465 0.11184760 -0.01972842
v 0.01199913 0.11198340 -0.01969420
v 0.01229465 0.11184760 -0.01972842
v 0.02072417 0.10665070 -0.02099460
v 0.00288570 0.11429700 -0.01911038
v 0.00342846 0.11425960 -0.01911509
v 0.00319970 0.11427430 -0.01911467
v 0.00180274 0.11438700 -0.01908516
v 0.00768417 0.11341110 -0.01933848
v 0.00811005 0.11327150 -0.01925277
v 0.03149509 0.08287608 -0.02682399
v 0.03120428 0.08069872 -0.02747625
v 0.03122609 0.08181560 -0.02721315
v 0.01230359 0.11186700 -0.01972270
v 0.01224935 0.11190100 -0.01971310
v 0.02050369 0.10695860 -0.02083694
v 0.02231216 0.10529500 -0.02127033
v 0.02119004 0.10629670 -0.02104574
v 0.00190681 0.11438940 -0.01908272
v 0.00180274 0.11438700 -0.01908516
v 0.00768417 0.11341110 -0.01933848
v 0.02052307 0.10697160 -0.02080208
v 0.02052307 0.10697160 -0.02080208
v 0.01652830 0.10983300 -0.02016049
v 0.03149509 0.08287608 -0.02682399
v 0.03095620 0.07819926 -0.02801609
v 0.03120428 0.08069872 -0.02747625
v 0.03149509 0.08287608 -0.02682399
v 0.00755256 0.11347140 -0.01932191
v 0.00876153 0.11312870 -0.01940858
v 0.00799054 0.11334040 -0.01935595
v 0.00755256 0.11347140 -0.01932191
v 0.00698978 0.11363420 -0.01927602
v 0.00876153 0.11312870 -0.01940858
v 0.03110051 0.08616054 -0.02613162
v 0.03143125 0.08534610 -0.02613639
v 0.03148913 0.08214557 -0.02695423
v 0.03149509 0.08287608 -0.02682399
v 0.00182867 0.11434690 -0.01910316
v 0.01629310 0.10984660 -0.02022022
v 0.03113180 0.08615493 -0.02612435
v 0.03115010 0.08615529 -0.02611893
v 0.00228417 0.11430940 -0.01911371
v 0.02026414 0.10697710 -0.02093547
v 0.02118289 0.10616490 -0.02113634
v 0.02087092 0.10643940 -0.02107042
v 0.02026414 0.10697710 -0.02093547
v 0.03115570 0.08615541 -0.02611690
v 0.03116059 0.08615541 -0.02611517
v 0.02026879 0.10699000 -0.02092868
v 0.00228596 0.11433170 -0.01910543
v 0.02026414 0.10697710 -0.02093547
v 0.00760180 0.11348860 -0.01931172
v 0.03143125 0.08534610 -0.02613639
v 0.03119850 0.08694255 -0.02586466
v 0.00135905 0.11439540 -0.01908683
v 0.00288570 0.11429700 -0.01911038
v 0.00228596 0.11433170 -0.01910543
v 0.03143125 0.08534610 -0.02613639
v 0.03125303 0.08703410 -0.02561527
v 0.03148913 0.08214557 -0.02695423
v 0.03039646 0.09034907 -0.02508646
v 0.00740284 0.11357300 -0.01928025
v 0.01221150 0.11203890 -0.01963371
v 0.01206237 0.11195000 -0.01970285
v 0.01182627 0.11204390 -0.01967942
v 0.03090679 0.08923900 -0.02517563
v 0.03143125 0.08534610 -0.02613639
v 0.03119850 0.08694255 -0.02586466
v 0.01206237 0.11195000 -0.01970285
v 0.01679825 0.10956600 -0.02028280
v 0.01668572 0.10963910 -0.02026391
v 0.01728588 0.10924820 -0.02036190
v 0.01679825 0.10956600 -0.02028280
v 0.02024871 0.10702570 -0.02091521
v 0.02008664 0.10715940 -0.02088236
v 0.01658624 0.10976200 -0.02020591
v 0.01668572 0.10963910 -0.02026391
v 0.02028667 0.10703050 -0.02089923
v 0.03044319 0.09035760 -0.02507507
v 0.02011811 0.10701960 -0.02093219
v 0.00228929 0.11437230 -0.01908463
v 0.01986610 0.10722990 -0.02087968
v 0.02028667 0.10703050 -0.02089923
v 0.02119004 0.10629670 -0.02104574
v 0.02093780 0.10650030 -0.02101516
v 0.03045380 0.09035921 -0.02507138
v 0.00727016 0.11350800 -0.01931428
v 0.00768417 0.11341110 -0.01933848
v 0.03046119 0.09036016 -0.02506852
v 0.01638954 0.10997950 -0.02008861
v 0.03052037 0.09081447 -0.02484232
v 0.03119850 0.08694255 -0.02586466
v 0.03090679 0.08923900 -0.02517563
v 0.00685364 0.11361890 -0.01928639
v 0.01572835 0.11015590 -0.02014762
v 0.01603609 0.10995880 -0.02019840
v 0.03090679 0.08923900 -0.02517563
v 0.03125303 0.08703410 -0.02561527
v 0.03143125 0.08534610 -0.02613639
v 0.03090679 0.08923900 -0.02517563
v 0.03047186 0.09108179 -0.02461570
v 0.03125303 0.08703410 -0.02561527
v 0.03039175 0.09110772 -0.02480393
v 0.02913904 0.09439170 -0.02408123
v 0.01981562 0.10733620 -0.02084809
v 0.02028667 0.10703050 -0.02089923
v 0.02015829 0.10706280 -0.02091491
v 0.02026414 0.10697710 -0.02093547
v 0.01981562 0.10733620 -0.02084809
v 0.02918004 0.09440541 -0.02406901
v 0.00135905 0.11439540 -0.01908683
v 0.00135905 0.11439540 -0.01908683
v 0.00228596 0.11433170 -0.01910543
v 0.00288385 0.11427890 -0.01911896
v 0.02919209 0.09440898 -0.02406466
v 0.02010881 0.10712960 -0.02089279
v 0.02061581 0.10669550 -0.02100050
v 0.02026879 0.10699000 -0.02092868
v 0.02919822 0.09441083 -0.02406227
v 0.02923393 0.09464442 -0.02394014
v 0.01612532 0.10997740 -0.02018076
v 0.01176887 0.11207100 -0.01967269
v 0.01159089 0.11213920 -0.01965570
v 0.01935189 0.10788330 -0.02063709
v 0.00698268 0.11366380 -0.01926213
v 0.02928781 0.09469211 -0.02379876
v 0.03052037 0.09081447 -0.02484232
v 0.02923393 0.09464442 -0.02394014
v 0.02928781 0.09469211 -0.02379876
v 0.03047186 0.09108179 -0.02461570
v 0.03090679 0.08923900 -0.02517563
v 0.02928781 0.09469211 -0.02379876
v 0.03090679 0.08923900 -0.02517563
v 0.03052037 0.09081447 -0.02484232
v 0.02923393 0.09464442 -0.02394014
v 0.02753680 0.09787547 -0.02321434
v 0.01986610 0.10722990 -0.02087968
v 0.02011811 0.10701960 -0.02093219
v 0.01722264 0.10953490 -0.02010244
v 0.01986610 0.10722990 -0.02087968
v 0.01183485 0.11206350 -0.01967382
v 0.00183236 0.11440270 -0.01907688
v 0.00123155 0.11442500 -0.01907318
v 0.00228929 0.11437230 -0.01908463
v 0.00183236 0.11440270 -0.01907688
v 0.00280350 0.11433630 -0.01908993
v 0.00228929 0.11437230 -0.01908463
v 0.01569688 0.11013600 -0.02015519
v 0.02759915 0.09790211 -0.02319234
v 0.02760833 0.09790593 -0.02318805
v 0.02774715 0.09800708 -0.02301263
v 0.02923393 0.09464442 -0.02394014
v 0.02760833 0.09790593 -0.02318805
v 0.00114334 0.11436460 -0.01910036
v 0.00080096 0.11439970 -0.01908886
v 0.02015829 0.10706280 -0.02091491
v 0.02774715 0.09800708 -0.02301263
v 0.02751076 0.09830653 -0.02301555
v 0.02532762 0.10140460 -0.02233201
v 0.00631911 0.11377950 -0.01924067
v 0.00698978 0.11363420 -0.01927602
v 0.02751076 0.09830653 -0.02301555
v 0.02010881 0.10712960 -0.02089279
v 0.02532011 0.10144970 -0.02231937
v 0.02751076 0.09830653 -0.02301555
v 0.02532762 0.10140460 -0.02233201
v 0.01950824 0.10762850 -0.02076607
v 0.00927782 0.11321720 -0.01929074
v 0.01950824 0.10762850 -0.02076607
v 0.02061581 0.10669550 -0.02100050
v 0.02010881 0.10712960 -0.02089279
v 0.02533370 0.10146720 -0.02231204
v 0.01595890 0.11007230 -0.02015876
v 0.01950824 0.10762850 -0.02076607
v 0.02535259 0.10146740 -0.02230870
v 0.01132673 0.11224760 -0.01962846
v 0.01116544 0.11230590 -0.01961416
v 0.01972883 0.10745670 -0.02080756
v 0.02024871 0.10702570 -0.02091521
v 0.02008664 0.10715940 -0.02088236
v 0.02539080 0.10144740 -0.02230817
v 0.01972883 0.10745670 -0.02080756
v 0.01618206 0.10994790 -0.02018761
v 0.00180274 0.11438700 -0.01908516
v 0.00288570 0.11429700 -0.01911038
v 0.00135905 0.11439540 -0.01908683
v 0.01993042 0.10736160 -0.02080237
v 0.01618319 0.10994950 -0.02018648
v 0.01935189 0.10788330 -0.02063709
v 0.02028667 0.10703050 -0.02089923
v 0.01993042 0.10736160 -0.02080237
v 0.02407640 0.10294220 -0.02194851
v 0.01588582 0.11018860 -0.02009814
v 0.01194691 0.11221300 -0.01951843
v 0.01935189 0.10788330 -0.02063709
v 0.01947093 0.10755090 -0.02079969
v 0.02536267 0.10149630 -0.02229410
v 0.02751076 0.09830653 -0.02301555
v 0.02539080 0.10144740 -0.02230817
v 0.02540189 0.10147320 -0.02229100
v 0.01569974 0.11014060 -0.02015388
v 0.01525551 0.11038810 -0.02009224
v 0.01947093 0.10755090 -0.02079969
v 0.00634944 0.11371940 -0.01926159
v 0.01946604 0.10759370 -0.02078676
v 0.00634944 0.11371940 -0.01926159
v 0.00679588 0.11362310 -0.01928555
v 0.00634944 0.11371930 -0.01926171
v 0.02533239 0.10150110 -0.02229952
v 0.00091461 0.11435890 -0.01910227
v 0.00134659 0.11434290 -0.01910352
v 0.02533686 0.10150380 -0.02229750
v 0.00068584 0.11437260 -0.01909863
v 0.00182342 0.11432170 -0.01911169
v 0.00134659 0.11434290 -0.01910352
v 0.02539080 0.10144740 -0.02230817
v 0.02534407 0.10150810 -0.02229392
v 0.00068584 0.11437260 -0.01909863
v 0.00134659 0.11434290 -0.01910352
v 0.00091461 0.11435890 -0.01910227
v 0.01140964 0.11229530 -0.01960438
v 0.02543097 0.10151100 -0.02225667
v 0.01109063 0.11242250 -0.01957070
v 0.01218694 0.11198210 -0.01968127
v 0.01140964 0.11229530 -0.01960438
v 0.00613165 0.11379230 -0.01924192
v 0.02549159 0.10149560 -0.02222341
v 0.02540338 0.10154080 -0.02225267
v 0.00927782 0.11321720 -0.01929074
v 0.01218694 0.11198210 -0.01968127
v 0.01109063 0.11242250 -0.01957070
v 0.02547621 0.10153060 -0.02220422
v 0.02774715 0.09800708 -0.02301263
v 0.02751076 0.09830653 -0.02301555
v 0.02549159 0.10149560 -0.02222341
v 0.02549332 0.10153620 -0.02217721
v 0.01194691 0.11221300 -0.01951843
v 0.02263271 0.10464770 -0.02152359
v 0.00614113 0.11383460 -0.01922261
v 0.00760180 0.11348860 -0.01931172
v 0.00698978 0.11363420 -0.01927602
v 0.01073753 0.11246630 -0.01957416
v 0.01972883 0.10745670 -0.02080756
v 0.00614113 0.11383460 -0.01922261
v 0.01552283 0.11033550 -0.02009040
v 0.00698268 0.11366380 -0.01926213
v 0.00614113 0.11383460 -0.01922261
v 0.00009155 0.11443120 -0.01907634
v 0.00180274 0.11438700 -0.01908516
v 0.00135905 0.11439540 -0.01908683
v 0.02273088 0.10462300 -0.02152413
v 0.01522564 0.11057440 -0.01999217
v 0.01652830 0.10983300 -0.02016049
v 0.01588582 0.11018860 -0.02009814
v 0.00740284 0.11357300 -0.01928025
v 0.01522564 0.11057440 -0.01999217
v 0.00927782 0.11321720 -0.01929074
v 0.01907062 0.10786530 -0.02072131
v 0.00537598 0.11413290 -0.01901954
v 0.01907062 0.10786530 -0.02072131
v 0.01907062 0.10786530 -0.02072131
v 0.01947093 0.10755090 -0.02079969
v 0.01481014 0.11063300 -0.02003121
v 0.02279967 0.10457250 -0.02153307
v 0.00567812 0.11385850 -0.01921564
v 0.02292466 0.10446090 -0.02155625
v 0.02292466 0.10446090 -0.02155625
v 0.02292466 0.10446090 -0.02155625
v 0.02534407 0.10150810 -0.02229392
v 0.02539080 0.10144740 -0.02230817
v 0.00567812 0.11385850 -0.01921564
v 0.00685364 0.11361890 -0.01928639
v 0.00634944 0.11371940 -0.01926159
v 0.01049464 0.11262830 -0.01952254
v 0.01160258 0.11220470 -0.01963037
v 0.01119154 0.11236810 -0.01958984
v 0.02292996 0.10446500 -0.02155292
v 0.00045454 0.11436870 -0.01909983
v 0.00590593 0.11382950 -0.01923334
v 0.00590593 0.11382950 -0.01923334
v 0.00685364 0.11361890 -0.01928639
v 0.00567812 0.11385850 -0.01921564
v 0.00045454 0.11436870 -0.01909983
v 0.02297562 0.10449800 -0.02151513
v 0.02297562 0.10449800 -0.02151513
v 0.02543097 0.10151100 -0.02225667
v 0.02540338 0.10154080 -0.02225267
v 0.02231216 0.10529500 -0.02127033
v 0.02543097 0.10151100 -0.02225667
v 0.02297562 0.10449800 -0.02151513
v 0.02263551 0.10465010 -0.02152276
v 0.02264422 0.10465780 -0.02152061
v 0.00614113 0.11383460 -0.01922261
v 0.01030749 0.11262040 -0.01953560
v 0.01469463 0.11078080 -0.01998245
v 0.01612532 0.10997740 -0.02018076
v 0.01595890 0.11007230 -0.02015876
v 0.01510620 0.11056940 -0.02003163
v 0.01469463 0.11078080 -0.01998245
v 0.01863569 0.10833470 -0.02057534
v 0.01972883 0.10745670 -0.02080756
v 0.01950824 0.10762850 -0.02076607
v 0.01722264 0.10953490 -0.02010244
v 0.01638954 0.10997950 -0.02008861
v 0.01446819 0.11107760 -0.01973706
v 0.01907062 0.10786530 -0.02072131
v 0.01836705 0.10841130 -0.02058464
v 0.00009155 0.11443120 -0.01907634
v 0.00045801 0.11445100 -0.01906561
v 0.01119154 0.11236810 -0.01958984
v 0.00590593 0.11382950 -0.01923334
v 0.00495487 0.11398550 -0.01919490
v 0.00613165 0.11379230 -0.01924192
v 0.00590593 0.11382950 -0.01923334
v 0.01109063 0.11242250 -0.01957070
v -0.00104999 0.11466430 0.04235023
v -0.03108906 0.07710653 0.04234981
v 0.00966000 0.11332930 0.04234987
v -0.02850294 0.06963783 0.04235005
v -0.01243239 0.11236440 0.04234981
v -0.02308386 0.10475870 0.04235076
v -0.02855134 0.09661066 0.04234939
v 0.02863126 0.09670817 0.04234963
v -0.00857943 0.05249965 0.04235011
v 0.01735389 0.05656880 0.04234945
v 0.00529587 0.05182558 0.04235005
v -0.02101087 0.05932027 0.04234921
v -0.02641373 0.06589508 0.04235368
v 0.01816534 0.10883420 0.04235011
v 0.01636677 0.11001370 0.04235011
v 0.02242296 0.10534900 0.04234874
v 0.03149819 0.08587217 0.04235017
v 0.02641397 0.06555438 0.04234987
v 0.03102564 0.07675546 0.04235005
v -0.03144264 0.08687567 0.04235005
v -0.02261441 0.04809957 0.01892364
v -0.02246475 0.04810005 0.02180761
v -0.02536576 0.04809963 0.01844114
v -0.01535797 0.04809939 0.02504622
v -0.02027130 0.04809898 0.02383887
v -0.01599824 0.04809951 0.02679014
v -0.02894926 0.04810088 0.01236528
v -0.01231473 0.04810732 0.02887052
v -0.02745199 0.04809957 0.01079642
v -0.00661087 0.04809951 0.02865141
v -0.03101199 0.04809784 0.00559038
v -0.00638288 0.04809951 0.03055781
v -0.02945268 0.04809951 0.00261521
v -0.00561523 0.04810237 0.03072726
v -0.00287050 0.04809939 0.03113502
v -0.03150802 0.04809993 -0.00000113
v 0.00390482 0.04809951 0.02913957
v 0.00297356 0.04809814 0.03111714
v -0.02906692 0.04809951 -0.00579858
v -0.03143775 0.04810261 -0.00249660
v 0.00573730 0.04809993 0.03068822
v -0.03108036 0.04809886 -0.00564581
v 0.01012802 0.04809945 0.02957808
v -0.03044980 0.04810053 -0.00843436
v 0.01297944 0.04809945 0.02634418
v -0.02676868 0.04809951 -0.01276111
v -0.02813148 0.04809975 -0.01442629
v 0.01662445 0.04809463 0.02641952
v -0.02285283 0.04809957 -0.01904773
v -0.02549737 0.04809927 -0.01868921
v 0.01899719 0.04809921 0.02477544
v 0.01994127 0.04809951 0.02161306
v 0.02238464 0.04809886 0.02182281
v -0.02061265 0.04810070 -0.02403551
v 0.02617830 0.04809916 0.01727193
v -0.01663208 0.04809945 -0.02472597
v 0.02529519 0.04809945 0.01510703
v 0.02809327 0.04809975 0.01397025
v -0.01456451 0.04811739 -0.02817064
v -0.01008224 0.04809951 -0.02802664
v 0.02794742 0.04809939 0.00924772
v -0.01045227 0.04810261 -0.02993869
v 0.03023093 0.04809999 0.00867933
v 0.02938866 0.04809951 0.00321090
v -0.00286430 0.04809951 -0.02970278
v -0.00567722 0.04809951 -0.03120011
v 0.03104567 0.04809993 0.00535864
v -0.00386041 0.04810035 -0.03153115
v 0.03142833 0.04810070 0.00222766
v 0.03149729 0.04810166 -0.00033903
v 0.00228310 0.04810011 -0.03168630
v 0.00210446 0.04809951 -0.02967470
v 0.03141897 0.04810100 -0.00308472
v 0.02928370 0.04809951 -0.00419354
v 0.00969505 0.04809945 -0.02834033
v 0.00682062 0.04809886 -0.03102785
v 0.03074520 0.04809987 -0.00726229
v 0.02709865 0.04809957 -0.01227569
v 0.02981472 0.04809606 -0.01042079
v 0.01395028 0.04809147 -0.02846628
v 0.02789402 0.04810076 -0.01495653
v 0.01808357 0.04809170 -0.02602678
v 0.02048969 0.04809969 -0.02177244
v 0.02411079 0.04809665 -0.02049350
v 0.01952362 0.04809826 -0.02488803
v -0.01785594 0.10874580 -0.02050179
v -0.01739066 0.10907290 -0.02042025
v -0.01994395 0.10733380 -0.02286815
v -0.01211643 0.05406749 -0.03406614
v -0.01989930 0.05892932 -0.03493630
v -0.01355648 0.05490100 -0.03594195
v -0.01898956 0.05795276 -0.03294998
v -0.01827150 0.10845140 -0.02057522
v -0.01868218 0.10815030 -0.02065026
v -0.00045705 0.11434630 -0.01910531
v -0.00630569 0.05243104 -0.03655731
v -0.01211643 0.05406749 -0.03406614
v -0.01355648 0.05490100 -0.03594195
v -0.00137204 0.11431950 -0.01911205
v -0.00751394 0.05276060 -0.03443765
v -0.01908797 0.10784240 -0.02072697
v -0.01948887 0.10752800 -0.02080535
v -0.01988458 0.10720690 -0.02088540
v -0.02027511 0.10687950 -0.02096706
v -0.00182843 0.11429610 -0.01911783
v -0.00187683 0.11429290 -0.01911598
v -0.02066028 0.10654560 -0.02105039
v -0.02104002 0.10620540 -0.02113521
v -0.00319475 0.11418590 -0.01914530
v -0.02137011 0.10590240 -0.02121073
v -0.00399774 0.11409170 -0.01918315
v -0.02178281 0.10550650 -0.02130943
v -0.00410247 0.11407910 -0.01917189
v -0.00463861 0.11393530 -0.01919275
v -0.00589597 0.11378840 -0.02125972
v -0.02214556 0.10514800 -0.02139878
v -0.00545710 0.11386940 -0.01922422
v -0.02239090 0.10489890 -0.02146089
v -0.02263271 0.10464770 -0.02152359
v -0.00590646 0.11378630 -0.01924490
v -0.02418702 0.10288600 -0.02196127
v -0.00635457 0.11369670 -0.01926738
v -0.02700322 0.09898936 -0.02494835
v -0.00680131 0.11360050 -0.01929134
v -0.02559280 0.10103400 -0.02243143
v -0.00741613 0.11346650 -0.01932466
v -0.00769049 0.11338850 -0.01934415
v -0.02760887 0.09773051 -0.02324396
v -0.02918815 0.09425914 -0.02411371
v -0.03087103 0.08900439 -0.02743870
v -0.03045463 0.09017741 -0.02512842
v -0.01162672 0.11217820 -0.02166062
v -0.00813264 0.11327280 -0.01937294
v -0.00857311 0.11315050 -0.01940333
v -0.00901181 0.11302200 -0.01943552
v -0.00944853 0.11288700 -0.01946920
v -0.03107255 0.08639323 -0.02606302
v -0.00988328 0.11274550 -0.01950436
v -0.01031601 0.11259780 -0.01954138
v -0.03120940 0.07909953 -0.02780532
v -0.01074647 0.11244370 -0.01957976
v -0.03079336 0.07690703 -0.03045582
v -0.01171875 0.11210420 -0.01968866
v -0.02995586 0.07419764 -0.02910661
v -0.03120940 0.07909953 -0.02780532
v -0.03079336 0.07690703 -0.03045582
v -0.01207101 0.11192410 -0.01970928
v -0.01253825 0.11172400 -0.01975911
v -0.01300209 0.11151620 -0.01981103
v -0.02770614 0.06830203 -0.03055101
v -0.02639287 0.06607615 -0.03315502
v -0.01318359 0.11161600 -0.01987177
v -0.01300209 0.11151620 -0.01981103
v -0.01162672 0.11217820 -0.02166062
v -0.01437324 0.11084800 -0.01997750
v -0.01318359 0.11161600 -0.01987177
v -0.01162672 0.11217820 -0.02166062
v -0.01482290 0.11061040 -0.02003687
v -0.01526874 0.11036550 -0.02009785
v -0.02327919 0.06216412 -0.03210288
v -0.02770614 0.06830203 -0.03055101
v -0.02639287 0.06607615 -0.03315502
v -0.02327919 0.06216412 -0.03210288
v -0.02639287 0.06607615 -0.03315502
v -0.01989930 0.05892932 -0.03493630
v -0.01571059 0.11011330 -0.02016079
v -0.01614826 0.10985390 -0.02022552
v -0.01658183 0.10958740 -0.02029192
v -0.01701104 0.10931380 -0.02036011
v -0.01898956 0.05795276 -0.03294998
v -0.01994395 0.10733380 -0.02286815
v 0.01701140 0.10939300 -0.02235454
v 0.02157598 0.10570570 -0.02327507
v -0.01355648 0.05490100 -0.03594195
v -0.01989930 0.05892932 -0.03493630
v 0.01533842 0.05579793 -0.03571826
v 0.02543735 0.10136110 -0.02436000
v -0.02639287 0.06607615 -0.03315502
v 0.02183526 0.06065261 -0.03450638
v 0.02693408 0.06712615 -0.03289443
v -0.02700322 0.09898936 -0.02494835
v 0.02994394 0.09260356 -0.02654051
v -0.03087103 0.08900439 -0.02743870
v -0.00589597 0.11378840 -0.02125972
v -0.00135970 0.11436000 -0.02111834
v 0.00400567 0.11409180 -0.02118414
v 0.03131115 0.08286654 -0.02896928
v -0.01162672 0.11217820 -0.02166062
v 0.00981951 0.11283370 -0.02149736
v -0.03079336 0.07690703 -0.03045582
v 0.03018999 0.07477557 -0.03098773
v 0.00103974 0.05182528 -0.03671008
v -0.00630569 0.05243104 -0.03655731
v 0.00801277 0.05283439 -0.03645706
v -0.00618255 0.05233716 -0.02918064
v -0.00624782 0.05242323 -0.03025078
v -0.00002272 0.05181324 -0.03025001
v 0.00000000 0.05184960 -0.02974987
v -0.00271308 0.04991310 -0.02965581
v -0.00618255 0.05233716 -0.02918064
v 0.00000000 0.05184960 -0.02974987
v 0.00089312 0.04979783 -0.02974492
v 0.00611544 0.05229127 -0.02924740
v 0.00333559 0.05018675 -0.02956318
v -0.00624782 0.05242323 -0.03025078
v -0.00395954 0.05045658 -0.03025025
v -0.00002272 0.05181324 -0.03025001
v -0.00124437 0.04978066 -0.03025043
v 0.00345546 0.05016809 -0.03024947
v 0.00623196 0.05240815 -0.03025180
v 0.00611544 0.05229127 -0.02924740
v 0.00623196 0.05240815 -0.03025180
v 0.00345546 0.05016809 -0.03024947
v -0.00124437 0.04978066 -0.03025043
v 0.00089312 0.04979783 -0.02974492
v 0.00345546 0.05016809 -0.03024947
v 0.00089312 0.04979783 -0.02974492
v 0.00333559 0.05018675 -0.02956318
v 0.00623196 0.05240815 -0.03025180
v 0.00345546 0.05016809 -0.03024947
v 0.00611544 0.05229127 -0.02924740
v 0.00333559 0.05018675 -0.02956318
v -0.00395954 0.05045658 -0.03025025
v -0.00624782 0.05242323 -0.03025078
v -0.00618255 0.05233716 -0.02918064
v -0.00395954 0.05045658 -0.03025025
v -0.00618255 0.05233716 -0.02918064
v -0.00271308 0.04991310 -0.02965581
v -0.00124437 0.04978066 -0.03025043
v -0.00395954 0.05045658 -0.03025025
v -0.00271308 0.04991310 -0.02965581
v 0.00089312 0.04979783 -0.02974492
v -0.00124437 0.04978066 -0.03025043
v -0.00271308 0.04991310 -0.02965581
v -0.01545947 0.04229956 -0.02585434
v -0.00172663 0.04229956 -0.02987891
v -0.00086677 0.04809951 -0.03001970
v -0.01357167 0.04809957 -0.02666479
v -0.02170753 0.04809951 -0.02037143
v -0.02698653 0.04229950 -0.01314574
v -0.02775865 0.04809957 -0.01097893
v -0.02966231 0.04229950 0.00120395
v -0.02948969 0.04809951 0.00523895
v -0.02548027 0.04229956 0.01546663
v -0.01998424 0.04809945 0.02220386
v -0.01238387 0.04229950 0.02697479
v -0.02548027 0.04229956 0.01546663
v -0.01998424 0.04809945 0.02220386
v -0.01238387 0.04229950 0.02697479
v -0.01998424 0.04809945 0.02220386
v -0.00458813 0.04809945 0.02915436
v 0.00374144 0.04229950 0.02934509
v 0.00415611 0.04809951 0.03123527
v -0.00503159 0.04229950 0.03104466
v 0.00732803 0.04229950 0.03058785
v 0.01740455 0.04809951 0.02631515
v 0.01932144 0.04229956 0.02495276
v 0.02821278 0.04809951 0.01465260
v 0.02880001 0.04229950 0.01329934
v 0.03179305 0.04809951 -0.00174653
v 0.03176075 0.04229950 -0.00232232
v 0.02749770 0.04809963 -0.01613861
v 0.02679634 0.04229950 -0.01742607
v 0.01990693 0.04809963 -0.02478891
v 0.01806831 0.04229950 -0.02617174
v 0.01073551 0.04809951 -0.03007268
v 0.00593829 0.04229950 -0.03159916
v -0.00238532 0.04809951 -0.03191870
v 0.00593829 0.04229950 -0.03159916
v 0.00907040 0.04229944 -0.02847248
v -0.00172663 0.04229956 -0.02987891
v -0.02548027 0.04229956 0.01546663
v -0.01817989 0.04229944 0.02587503
v -0.02661228 0.04229938 0.01678556
v 0.02679634 0.04229950 -0.01742607
v 0.03176075 0.04229950 -0.00232232
v 0.02816110 0.04229950 -0.00987369
v -0.01238387 0.04229950 0.02697479
v -0.03092068 0.04229950 0.00680774
v 0.01806831 0.04229950 -0.02617174
v 0.02026510 0.04229950 -0.02213913
v -0.00503159 0.04229950 0.03104466
v -0.02966231 0.04229950 0.00120395
v 0.00374144 0.04229950 0.02934509
v 0.00732803 0.04229950 0.03058785
v -0.03066015 0.04229950 -0.00938755
v -0.02698653 0.04229950 -0.01314574
v 0.01729577 0.04229950 0.02396911
v 0.01932144 0.04229956 0.02495276
v -0.02180188 0.04229938 -0.02331256
v -0.01545947 0.04229956 -0.02585434
v 0.02678251 0.04229944 0.01288646
v 0.02880001 0.04229950 0.01329934
v -0.00991630 0.04229950 -0.03042012
v 0.02956211 0.04229950 0.00121313
v -0.00086677 0.04809951 -0.03001970
v 0.01119232 0.04809951 -0.02770048
v 0.01073551 0.04809951 -0.03007268
v 0.02775853 0.04809951 -0.01097995
v 0.03179305 0.04809951 -0.00174653
v 0.02749770 0.04809963 -0.01613861
v -0.02957797 0.04809957 0.01104056
v -0.02129834 0.04809951 0.02358233
v -0.01998424 0.04809945 0.02220386
v -0.02948969 0.04809951 0.00523895
v 0.01990693 0.04809963 -0.02478891
v 0.02057552 0.04809951 -0.02166372
v -0.00817204 0.04809951 0.03032058
v -0.00458813 0.04809945 0.02915436
v -0.03161484 0.04809951 0.00063729
v 0.00415611 0.04809951 0.03123527
v 0.00657654 0.04809945 0.02860826
v -0.02951484 0.04809951 -0.01216197
v -0.02775865 0.04809957 -0.01097893
v 0.01740455 0.04809951 0.02631515
v 0.01684093 0.04809957 0.02428519
v -0.02170753 0.04809951 -0.02037143
v -0.01853030 0.04809951 -0.02636748
v 0.02821278 0.04809951 0.01465260
v 0.02653026 0.04809951 0.01338803
v -0.01357167 0.04809957 -0.02666479
v -0.00238532 0.04809951 -0.03191870
v 0.02962243 0.04809951 0.00087964
v -0.00991630 0.04229950 -0.03042012
v -0.01853030 0.04809951 -0.02636748
v -0.02180188 0.04229938 -0.02331256
v -0.02951484 0.04809951 -0.01216197
v -0.03066015 0.04229950 -0.00938755
v -0.03161484 0.04809951 0.00063729
v -0.03092068 0.04229950 0.00680774
v -0.02957797 0.04809957 0.01104056
v -0.02661228 0.04229938 0.01678556
v -0.02129834 0.04809951 0.02358233
v -0.01817989 0.04229944 0.02587503
v -0.00817204 0.04809951 0.03032058
v 0.00657654 0.04809945 0.02860826
v 0.01729577 0.04229950 0.02396911
v 0.01684093 0.04809957 0.02428519
v 0.02653026 0.04809951 0.01338803
v 0.02678251 0.04229944 0.01288646
v 0.02962243 0.04809951 0.00087964
v 0.02956211 0.04229950 0.00121313
v 0.02816110 0.04229950 -0.00987369
v 0.02775853 0.04809951 -0.01097995
v 0.02026510 0.04229950 -0.02213913
v 0.02057552 0.04809951 -0.02166372
v 0.01119232 0.04809951 -0.02770048
v 0.00907040 0.04229944 -0.02847248
f 1 2 3
f 1 4 2
f 1 5 4
f 1 3 6
f 7 5 1
f 8 9 10
f 8 11 9
f 12 7 1
f 8 10 13
f 14 15 16
f 17 11 8
f 18 12 1
f 19 14 16
f 20 18 1
f 21 17 8
f 22 20 1
f 23 14 19
f 24 22 1
f 25 23 19
f 26 25 19
f 1 27 24
f 28 27 1
f 29 30 31
f 32 28 1
f 33 34 35
f 36 32 1
f 37 36 1
f 38 37 1
f 39 34 33
f 40 38 1
f 41 39 33
f 42 40 1
f 43 39 41
f 44 43 41
f 45 42 1
f 45 46 42
f 47 44 41
f 45 48 46
f 49 44 47
f 50 48 45
f 51 50 45
f 52 49 47
f 53 51 45
f 54 52 47
f 55 53 45
f 56 52 54
f 57 55 45
f 58 57 45
f 59 56 54
f 60 59 54
f 61 59 60
f 45 62 58
f 63 64 65
f 66 61 60
f 67 68 69
f 70 66 60
f 71 72 73
f 74 70 60
f 75 71 73
f 76 70 74
f 77 75 73
f 78 77 73
f 79 76 74
f 6 80 79
f 6 79 74
f 13 78 73
f 81 80 6
f 13 82 78
f 83 82 13
f 84 83 13
f 85 81 6
f 86 84 13
f 87 85 6
f 88 86 13
f 3 87 6
f 89 88 13
f 10 89 13
f 90 91 92
f 93 94 95
f 96 97 98
f 90 99 91
f 100 101 102
f 103 99 90
f 104 101 100
f 105 106 107
f 108 109 110
f 95 111 93
f 112 113 114
f 115 116 117
f 118 119 120
f 121 122 123
f 118 124 119
f 125 126 127
f 128 129 130
f 131 132 133
f 131 133 134
f 135 136 137
f 138 139 140
f 141 142 128
f 143 144 145
f 141 146 142
f 141 147 146
f 148 149 139
f 150 151 152
f 150 152 153
f 154 155 156
f 148 139 138
f 157 158 159
f 160 161 162
f 163 164 165
f 166 167 150
f 168 161 160
f 169 170 171
f 172 173 174
f 175 176 177
f 178 179 149
f 180 161 168
f 181 182 183
f 184 185 186
f 187 188 166
f 189 190 161
f 191 188 187
f 192 193 194
f 192 119 193
f 195 196 197
f 198 98 189
f 199 200 201
f 202 203 204
f 205 206 207
f 208 119 192
f 209 210 211
f 205 212 206
f 213 214 215
f 216 217 218
f 219 220 221
f 222 120 223
f 224 225 226
f 227 96 98
f 228 229 230
f 231 232 96
f 233 234 235
f 236 237 238
f 239 162 233
f 236 240 237
f 241 242 243
f 244 242 241
f 245 141 128
f 246 131 134
f 246 134 247
f 248 141 245
f 138 140 249
f 250 232 231
f 251 252 253
f 254 255 256
f 257 160 162
f 258 150 153
f 166 150 258
f 257 168 160
f 259 260 261
f 262 263 264
f 180 168 257
f 265 251 266
f 171 267 169
f 189 161 180
f 268 194 193
f 236 238 269
f 201 191 187
f 192 194 268
f 270 179 178
f 271 199 201
f 272 198 189
f 271 201 187
f 273 274 275
f 276 277 278
f 92 279 280
f 281 209 211
f 282 213 215
f 283 208 192
f 270 205 207
f 222 208 283
f 90 92 284
f 285 103 90
f 239 233 235
f 286 220 219
f 285 287 103
f 288 118 120
f 288 120 289
f 290 291 292
f 293 241 243
f 294 109 108
f 295 162 239
f 296 297 240
f 287 128 130
f 296 298 297
f 299 300 109
f 257 162 295
f 301 298 296
f 302 249 303
f 266 251 253
f 304 245 128
f 302 303 305
f 306 307 308
f 309 310 309
f 311 258 153
f 302 138 249
f 312 262 264
f 304 128 287
f 313 314 315
f 316 258 311
f 317 180 257
f 304 287 285
f 318 319 320
f 321 262 312
f 322 90 284
f 323 267 171
f 324 258 316
f 325 260 259
f 326 138 302
f 327 92 280
f 325 259 261
f 324 166 258
f 328 329 330
f 331 180 317
f 326 148 138
f 332 148 326
f 333 334 335
f 336 318 320
f 337 166 324
f 337 187 166
f 236 269 338
f 266 268 265
f 339 318 336
f 332 178 148
f 340 318 339
f 341 272 189
f 342 318 340
f 343 272 341
f 344 318 342
f 345 224 226
f 346 318 344
f 347 275 274
f 348 349 350
f 295 239 235
f 296 240 351
f 352 257 295
f 353 336 320
f 354 205 270
f 289 120 222
f 355 336 356
f 357 309 309
f 358 359 358
f 360 361 362
f 363 220 286
f 364 288 289
f 363 286 365
f 316 311 366
f 301 296 367
f 368 369 370
f 355 339 336
f 371 298 301
f 371 372 373
f 374 375 376
f 377 339 355
f 377 340 339
f 371 321 372
f 374 378 375
f 379 306 308
f 380 337 324
f 381 302 382
f 383 180 331
f 187 337 380
f 326 302 381
f 346 340 384
f 346 342 340
f 385 385 386
f 387 266 388
f 385 389 385
f 332 326 390
f 391 348 392
f 387 268 266
f 393 343 341
f 346 344 342
f 394 268 387
f 395 271 187
f 396 397 398
f 399 400 401
f 402 403 404
f 405 356 406
f 405 355 356
f 405 377 355
f 394 192 268
f 405 407 377
f 408 270 178
f 352 295 235
f 409 270 408
f 410 411 412
f 409 354 270
f 413 222 283
f 414 411 410
f 413 289 222
f 415 416 417
f 418 419 420
f 367 296 421
f 422 358 358
f 360 362 423
f 424 316 366
f 367 421 425
f 424 426 427
f 428 220 363
f 429 430 431
f 432 364 433
f 434 416 415
f 435 301 367
f 424 324 316
f 436 379 308
f 437 438 439
f 440 441 442
f 443 444 445
f 446 447 448
f 449 189 450
f 451 412 452
f 451 410 412
f 451 414 410
f 453 454 453
f 455 415 417
f 341 189 449
f 456 382 457
f 458 459 460
f 388 440 442
f 461 462 463
f 456 381 382
f 380 395 187
f 464 388 442
f 456 326 381
f 387 464 442
f 387 388 464
f 465 390 326
f 466 467 468
f 469 451 452
f 465 326 456
f 466 392 467
f 470 390 465
f 470 332 390
f 213 282 471
f 472 473 474
f 391 392 466
f 470 178 332
f 475 476 477
f 394 387 442
f 395 274 273
f 478 352 235
f 478 235 479
f 349 348 391
f 480 481 482
f 483 347 274
f 413 394 442
f 413 283 192
f 484 485 486
f 487 469 452
f 487 452 488
f 487 489 469
f 413 192 394
f 490 491 492
f 493 494 495
f 496 241 293
f 497 498 499
f 500 413 442
f 501 244 241
f 502 409 408
f 503 498 497
f 500 289 413
f 317 257 504
f 500 364 289
f 505 506 507
f 433 364 500
f 433 500 442
f 351 421 296
f 508 354 409
f 509 421 349
f 509 425 421
f 510 511 512
f 513 514 515
f 516 424 427
f 363 365 508
f 517 424 516
f 518 424 517
f 518 324 424
f 519 487 488
f 520 442 521
f 522 523 524
f 489 487 525
f 526 301 509
f 518 380 324
f 527 520 521
f 527 442 520
f 528 442 527
f 528 527 521
f 529 371 301
f 529 301 526
f 530 531 532
f 533 442 528
f 533 528 521
f 534 453 453
f 535 488 536
f 535 519 488
f 537 538 537
f 539 442 533
f 539 533 521
f 321 371 529
f 540 541 542
f 456 457 543
f 433 442 539
f 232 262 321
f 544 213 471
f 475 477 545
f 546 547 548
f 549 550 551
f 552 553 554
f 555 521 167
f 556 478 479
f 557 550 549
f 468 391 466
f 558 559 560
f 556 479 561
f 483 274 395
f 562 521 555
f 556 352 478
f 563 559 558
f 564 565 566
f 567 568 569
f 408 178 470
f 570 521 562
f 571 483 572
f 573 574 575
f 571 576 483
f 577 546 548
f 578 521 570
f 579 549 551
f 579 551 580
f 581 521 578
f 352 504 257
f 582 583 571
f 584 585 586
f 587 557 549
f 588 349 391
f 589 558 560
f 590 521 581
f 539 521 590
f 331 317 504
f 242 433 539
f 591 502 592
f 593 409 594
f 595 513 515
f 596 577 548
f 597 517 516
f 598 599 600
f 597 601 602
f 593 508 409
f 603 604 605
f 606 580 607
f 593 363 508
f 606 579 580
f 608 428 363
f 609 341 610
f 611 584 586
f 526 321 529
f 612 537 537
f 589 563 558
f 564 566 613
f 614 534 614
f 615 456 543
f 616 475 609
f 465 456 615
f 483 395 380
f 617 556 561
f 618 391 468
f 619 408 470
f 562 578 570
f 94 581 578
f 94 578 562
f 588 391 618
f 620 621 622
f 617 352 556
f 623 352 617
f 624 408 619
f 623 504 352
f 624 502 408
f 625 581 94
f 625 590 581
f 588 509 349
f 584 611 626
f 503 497 627
f 628 539 590
f 592 502 624
f 331 504 623
f 629 630 631
f 632 449 450
f 129 593 592
f 633 634 635
f 597 518 517
f 636 637 638
f 639 509 640
f 639 526 509
f 641 449 632
f 641 341 449
f 608 363 593
f 610 341 641
f 642 643 644
f 645 646 647
f 648 614 614
f 649 468 650
f 651 380 518
f 652 465 615
f 653 380 651
f 654 655 656
f 200 555 167
f 657 658 659
f 660 380 653
f 661 475 616
f 652 470 465
f 662 380 660
f 663 664 665
f 161 618 468
f 662 483 380
f 161 468 649
f 666 657 659
f 572 483 662
f 667 657 666
f 619 470 668
f 94 562 555
f 669 571 572
f 670 671 672
f 669 572 673
f 674 659 675
f 674 666 659
f 669 582 571
f 674 667 666
f 676 677 678
f 679 680 681
f 682 582 669
f 640 509 588
f 683 684 685
f 686 674 675
f 321 639 640
f 687 602 688
f 637 689 690
f 637 636 689
f 608 593 129
f 617 561 691
f 687 597 602
f 642 644 692
f 321 526 639
f 617 691 693
f 694 695 696
f 697 698 699
f 700 701 702
f 651 518 597
f 651 597 687
f 703 645 647
f 704 705 706
f 616 609 610
f 707 623 617
f 166 200 167
f 98 640 588
f 668 470 708
f 709 710 711
f 712 713 714
f 200 94 555
f 715 716 717
f 718 719 720
f 232 321 96
f 193 632 450
f 721 722 723
f 619 592 624
f 673 724 207
f 649 650 725
f 726 625 94
f 726 94 93
f 206 669 673
f 727 728 729
f 99 592 619
f 99 129 592
f 730 718 720
f 669 731 682
f 242 539 732
f 124 661 616
f 661 476 475
f 142 146 608
f 733 476 661
f 142 608 129
f 300 731 109
f 733 661 124
f 734 735 736
f 737 688 738
f 739 740 741
f 742 743 744
f 737 738 745
f 746 645 703
f 149 688 737
f 149 687 688
f 747 617 693
f 747 693 748
f 161 588 618
f 149 651 687
f 749 750 751
f 752 645 746
f 753 754 755
f 190 588 161
f 756 757 758
f 176 759 177
f 98 588 190
f 279 619 668
f 188 200 166
f 653 651 149
f 760 761 762
f 321 640 98
f 763 712 714
f 653 764 765
f 98 97 321
f 653 207 764
f 766 767 768
f 119 641 632
f 769 770 771
f 179 207 653
f 96 321 97
f 91 619 92
f 99 619 91
f 119 610 641
f 111 772 93
f 773 774 775
f 776 777 778
f 206 673 207
f 779 780 781
f 242 732 243
f 119 616 610
f 142 129 128
f 109 669 110
f 109 731 669
f 507 506 782
f 124 616 119
f 783 784 785
f 139 737 745
f 162 161 649
f 139 745 786
f 139 149 737
f 170 787 171
f 170 788 787
f 752 746 789
f 179 653 149
f 189 98 190
f 191 790 188
f 92 619 279
f 119 632 193
f 207 179 270
f 199 94 200
f 791 792 793
f 794 793 792
f 794 795 793
f 796 792 791
f 797 798 799
f 800 796 791
f 801 795 794
f 802 795 801
f 803 804 805
f 803 805 806
f 807 808 801
f 809 803 806
f 809 806 810
f 811 810 812
f 811 809 810
f 740 813 807
f 739 814 740
f 815 812 816
f 815 811 812
f 817 815 816
f 818 819 739
f 820 815 817
f 821 822 818
f 823 815 820
f 823 820 824
f 825 826 821
f 827 828 825
f 829 823 824
f 830 823 829
f 831 823 830
f 832 831 830
f 833 834 827
f 835 831 832
f 836 837 833
f 838 837 836
f 839 831 835
f 840 838 836
f 841 838 840
f 842 831 839
f 843 841 840
f 844 842 839
f 845 841 843
f 845 843 846
f 847 845 846
f 847 846 848
f 849 842 844
f 850 842 849
f 851 847 848
f 852 851 848
f 851 852 853
f 854 850 849
f 850 854 855
f 856 853 857
f 858 856 857
f 859 850 855
f 859 855 860
f 861 858 857
f 859 860 862
f 863 864 861
f 865 864 863
f 859 862 866
f 866 865 863
f 867 866 863
f 867 859 866
f 864 858 861
f 856 851 853
f 837 834 833
f 834 868 827
f 868 828 827
f 828 826 825
f 826 822 821
f 822 819 818
f 819 814 739
f 814 813 740
f 813 869 807
f 869 808 807
f 808 802 801
f 870 871 872
f 873 874 875
f 873 875 876
f 877 870 872
f 878 879 880
f 878 880 881
f 877 872 882
f 883 878 881
f 884 876 885
f 886 877 882
f 884 873 876
f 887 884 885
f 887 885 888
f 889 890 891
f 889 892 890
f 893 887 888
f 893 888 894
f 895 893 894
f 895 894 871
f 896 897 898
f 896 899 897
f 870 895 871
f 900 901 902
f 903 904 905
f 903 906 904
f 903 907 906
f 908 909 910
f 908 905 909
f 911 903 905
f 912 913 914
f 911 905 908
f 905 902 913
f 905 913 912
f 915 916 900
f 902 917 918
f 904 915 900
f 902 919 920
f 902 920 917
f 904 900 902
f 904 902 905
f 913 918 921
f 913 902 918
f 922 923 924
f 925 926 927
f 922 924 928
f 925 927 929
f 930 931 932
f 933 922 928
f 934 925 929
f 935 930 932
f 933 928 879
f 934 929 936
f 878 933 879
f 935 932 937
f 938 934 936
f 939 935 937
f 938 936 940
f 941 938 940
f 939 937 942
f 941 940 943
f 926 939 942
f 923 941 943
f 926 942 927
f 923 943 924
f 944 945 946
f 947 946 945
f 948 949 950
f 951 947 945
f 952 953 954
f 955 956 957
f 955 957 949
f 958 959 960
f 955 949 948
f 961 952 954
f 962 963 791
f 964 965 956
f 966 967 968
f 948 950 963
f 947 969 946
f 961 954 970
f 971 958 960
f 972 973 974
f 975 964 956
f 947 960 969
f 976 977 978
f 962 948 963
f 979 980 981
f 982 983 984
f 982 985 983
f 986 987 988
f 971 960 947
f 989 945 944
f 971 947 990
f 991 945 989
f 991 989 992
f 951 945 991
f 993 975 956
f 991 947 951
f 994 962 791
f 995 839 835
f 955 993 956
f 996 947 997
f 998 999 1000
f 1001 1002 1003
f 1001 1003 1004
f 996 997 990
f 1005 1006 975
f 1007 948 962
f 996 990 947
f 997 947 991
f 1008 961 970
f 992 989 1009
f 1010 997 991
f 1011 1012 1013
f 1013 1012 1014
f 1015 992 1009
f 1005 975 993
f 1016 1017 1018
f 1019 1020 1021
f 1022 992 1023
f 1022 991 992
f 1024 1025 1026
f 1027 1028 1029
f 994 1007 962
f 1030 991 1022
f 1031 966 968
f 1005 993 955
f 1032 1033 1034
f 1035 1001 1004
f 1035 1002 1001
f 1036 997 1010
f 1036 1010 991
f 1037 1038 1039
f 1036 991 1030
f 1040 1041 1042
f 1043 1044 1045
f 1046 1002 1035
f 1047 1035 1004
f 1048 1049 1050
f 1048 1050 1051
f 1052 1053 1054
f 1055 1056 1057
f 1018 1058 1059
f 1060 1016 1018
f 1061 1005 955
f 1062 1005 1061
f 1013 1014 1063
f 1063 1005 1062
f 1007 955 948
f 1018 1059 1049
f 1064 1060 1018
f 1007 1061 955
f 1011 1013 1063
f 1065 1066 1067
f 1063 1062 1011
f 1019 1021 1068
f 1049 1064 1018
f 1069 1049 1048
f 1069 1064 1049
f 1070 1071 1072
f 1007 1062 1061
f 1073 866 862
f 1073 1074 866
f 1075 1073 862
f 1076 1077 1066
f 860 1078 862
f 1079 1080 1051
f 1076 1066 1065
f 1081 1079 1051
f 1082 1083 1084
f 1075 862 1078
f 1085 1086 1087
f 1088 1080 1079
f 1080 1048 1051
f 1080 1089 1048
f 1090 1091 1092
f 1093 1094 1095
f 1096 1081 1051
f 1088 1083 1082
f 1089 1080 1088
f 1088 1097 1098
f 1088 1082 1097
f 1099 1100 1101
f 1102 1088 1098
f 1103 1100 1099
f 1104 1062 1007
f 1105 1089 1088
f 1106 1107 1108
f 994 1104 1007
f 1109 1088 1102
f 1110 1111 1112
f 1113 1114 1115
f 1116 1117 1118
f 1119 1110 1112
f 1120 1121 1122
f 1123 1104 994
f 1124 1103 1099
f 1124 1099 1125
f 1126 1127 1120
f 1123 1062 1104
f 1128 1106 1108
f 1129 1105 1088
f 1129 1088 1109
f 1130 1131 1132
f 1133 1109 1102
f 855 1134 860
f 1126 1120 1122
f 1135 1126 1122
f 1136 1126 1135
f 1137 1127 1126
f 1138 1137 1126
f 1139 1128 1108
f 855 1075 1078
f 1140 1128 1139
f 1141 1142 1143
f 1144 1135 1122
f 1145 1135 1144
f 1146 1135 1145
f 1138 1126 1147
f 1145 1148 1146
f 1073 1149 1074
f 1150 1148 1145
f 1151 1138 1152
f 1153 1154 1155
f 1156 1128 1140
f 1157 1158 1139
f 1156 1140 1139
f 1158 1156 1139
f 1159 1160 1161
f 1124 1162 1163
f 1124 1125 1162
f 1164 1165 1166
f 1167 1168 1169
f 1170 1171 1172
f 1137 1138 1151
f 1173 1145 1144
f 1174 1075 855
f 1173 1150 1145
f 1175 1170 1172
f 1176 1177 1178
f 1179 1180 1181
f 1182 1183 1184
f 1073 1185 1149
f 1186 1124 1163
f 1187 1176 1178
f 1188 1156 1158
f 1189 1175 1172
f 1190 1073 1075
f 1191 1175 1189
f 1191 1192 1175
f 1174 1190 1075
f 1186 1189 1124
f 1193 1149 1185
f 1194 1191 1189
f 1195 1191 1194
f 1196 1197 1191
f 1198 1187 1178
f 1195 1196 1191
f 1199 1200 1201
f 1202 1196 1195
f 1185 1073 1190
f 1203 1198 1178
f 1204 1205 1206
f 1207 1158 1157
f 1208 1209 1210
f 1194 1189 1186
f 854 1174 855
f 1207 1157 812
f 1211 1188 1158
f 1212 1193 1185
f 1213 1209 1208
f 1186 1163 1214
f 1215 1186 1214
f 1213 1216 1209
f 1217 1213 1208
f 1218 1193 1212
f 1195 1194 1186
f 1195 1186 1215
f 1219 1174 854
f 1188 1211 1220
f 1212 1185 1190
f 1221 1202 1195
f 1222 1190 1174
f 810 1207 812
f 1210 1217 1208
f 1223 1216 1213
f 1202 1221 1224
f 1225 1217 1210
f 1226 1227 1228
f 1198 1203 1229
f 1230 1195 1215
f 1231 1212 1232
f 1233 1234 1235
f 1232 1212 1190
f 1236 1237 1238
f 1231 1218 1212
f 1239 1225 1210
f 1225 1213 1217
f 1240 854 1241
f 1223 1213 1225
f 1193 1242 1149
f 1243 1215 1214
f 1244 1239 1210
f 1245 1246 1247
f 1219 1222 1174
f 1240 1219 854
f 1248 1230 1215
f 1242 1249 1149
f 1250 1251 1252
f 1253 1254 1255
f 1256 1221 1243
f 1256 1224 1221
f 1257 1207 810
f 1257 1220 1211
f 1222 1232 1190
f 1220 1243 1214
f 806 1257 810
f 1225 1239 1244
f 1250 1252 1258
f 1259 1219 1240
f 1260 1222 1219
f 1261 1218 1231
f 1262 1261 1231
f 1263 1264 1265
f 1266 1267 1268
f 1269 1257 806
f 1260 1232 1222
f 1270 1225 1244
f 1271 1218 1261
f 1272 1232 1273
f 1274 1243 1220
f 965 1225 1270
f 1275 1219 1259
f 1006 1276 965
f 1277 1278 1279
f 1274 1256 1243
f 1280 1232 1272
f 1280 1231 1232
f 1281 1242 1193
f 1282 1283 1284
f 1260 1219 1275
f 1269 806 805
f 1218 1285 1193
f 1262 1280 1286
f 1262 1231 1280
f 965 1276 1225
f 1274 1220 1287
f 1287 1220 1257
f 1285 1281 1193
f 1288 1240 1289
f 1288 1259 1240
f 950 1257 1269
f 1271 1261 1262
f 969 1271 1262
f 1290 1218 1271
f 1291 1292 1293
f 804 1269 805
f 1294 1280 1272
f 1294 1272 1273
f 1295 1259 1288
f 1296 1297 1298
f 1299 1300 1301
f 965 1270 1302
f 960 1271 969
f 969 1262 1286
f 1303 1288 1289
f 950 1287 1257
f 1304 1275 1259
f 950 1305 1287
f 1300 969 1286
f 1290 1285 1218
f 973 1306 974
f 1307 1285 1290
f 1308 1309 1310
f 1299 1301 1311
f 1312 1003 1313
f 963 950 1269
f 1006 965 964
f 1314 1290 1271
f 1315 1260 1275
f 960 1314 1271
f 946 1316 944
f 959 1314 960
f 946 1299 1311
f 957 1317 949
f 1290 1314 959
f 1303 1289 953
f 952 1303 953
f 949 1317 1318
f 791 963 1269
f 791 1269 804
f 1307 1319 1285
f 969 1299 946
f 969 1300 1299
f 956 1270 957
f 956 1302 1270
f 1320 1290 959
f 975 1006 964
f 983 1307 1290
f 984 983 1290
f 1321 1303 952
f 1322 1323 1324
f 1325 949 1318
f 983 1319 1307
f 1326 1327 1328
f 1003 1312 1004
f 1329 1330 1331
f 1332 1333 1334
f 1335 1336 1337
f 1338 1339 1340
f 1341 1342 1333
f 1343 1332 1334
f 1334 1333 1344
f 1329 1331 1345
f 1346 1329 1347
f 1348 1349 1350
f 1351 1352 1353
f 1352 1354 1353
f 1329 1345 1347
f 793 1355 1356
f 1344 1333 1357
f 1357 1333 1358
f 1333 1342 1358
f 1359 1337 1336
f 1346 1347 1360
f 1351 1353 1361
f 1362 1363 1364
f 1365 1360 1347
f 1348 1350 1366
f 1343 1334 1367
f 1368 1343 1367
f 1367 1334 1369
f 1370 1371 1369
f 1372 1346 1373
f 1343 1368 1374
f 1368 1367 1375
f 1374 1368 1375
f 1367 1369 1375
f 1351 1361 1376
f 1372 1373 1377
f 1358 1372 1377
f 1359 1336 1378
f 864 865 1379
f 1371 1380 1369
f 1355 1376 1356
f 1369 1380 1381
f 1382 1347 1345
f 1383 834 1384
f 1385 1358 1377
f 1365 1347 1382
f 1366 1350 1386
f 1374 1375 1387
f 1387 1375 1388
f 1375 1369 1389
f 1390 1374 1387
f 1391 1392 1393
f 1353 1348 1366
f 1394 1395 1396
f 1397 1398 1399
f 1353 1400 1361
f 1401 1389 1402
f 1402 1389 1403
f 1389 1369 1403
f 1403 1369 1381
f 1404 1405 1406
f 1385 1377 1373
f 834 837 1384
f 1381 1380 1407
f 1353 1366 1408
f 1359 1378 1409
f 858 864 1410
f 1390 1387 1411
f 1412 1407 1413
f 1356 1376 1414
f 1415 1416 1417
f 1418 1419 1420
f 1421 1422 1423
f 864 1379 1410
f 1424 1387 1425
f 1387 1388 1425
f 1407 1380 1426
f 1413 1407 1426
f 1394 1396 1427
f 1390 1411 1428
f 1429 1413 1426
f 1388 1430 1431
f 1411 1387 1424
f 1432 1433 1434
f 828 868 1435
f 1436 1437 1438
f 1400 1353 1439
f 1440 1441 1442
f 1443 1440 1442
f 1408 1366 1386
f 1444 1445 1446
f 1379 865 1447
f 1381 1407 1448
f 1449 1450 1451
f 1452 1453 1428
f 1448 1407 1412
f 1411 1424 1428
f 1361 1400 1439
f 1353 1408 1439
f 1452 1428 1454
f 1428 1424 1425
f 1408 1386 1455
f 1425 1388 1456
f 858 1410 1457
f 1458 1459 1460
f 1388 1431 1456
f 1449 1451 1461
f 1456 1431 1462
f 1361 1439 1376
f 1406 1405 1463
f 1425 1456 1428
f 1464 1465 1466
f 1465 1467 1466
f 1439 1408 1455
f 1428 1456 1468
f 1466 1467 1469
f 1468 1456 1462
f 1452 1454 1470
f 1455 1386 1471
f 1410 1379 1472
f 1439 1455 1471
f 1454 1428 1468
f 1470 1473 1474
f 856 858 1457
f 1454 1468 1475
f 1463 1405 1476
f 826 1477 822
f 1478 1479 1480
f 1480 1479 1481
f 1474 1454 1475
f 1482 1463 1476
f 1470 1474 1475
f 1439 1471 1376
f 1483 1452 1470
f 1484 1485 1486
f 1482 1476 1487
f 1356 1414 1123
f 851 856 1488
f 1480 1481 1489
f 1470 1475 1490
f 1483 1470 1490
f 1379 1447 1472
f 1487 1476 1491
f 1471 1492 1376
f 1493 1483 1494
f 1495 1496 1497
f 1494 1483 1490
f 1489 1481 1498
f 1499 1489 1498
f 1410 1472 1457
f 856 1457 1488
f 1487 1491 1500
f 994 1356 1123
f 1494 1490 1501
f 1376 1492 1414
f 1494 1501 1502
f 1503 1504 1505
f 1506 1507 1508
f 1507 1509 1508
f 1510 1494 1511
f 1500 1491 1512
f 1508 1509 1513
f 1514 1515 1516
f 1508 1513 1517
f 1494 1502 1518
f 1511 1494 1518
f 1518 1502 1519
f 1520 1521 1522
f 1523 1524 1525
f 1526 1499 1527
f 1528 1529 1530
f 1506 1508 1531
f 1532 1506 1531
f 1531 1508 1517
f 1499 1498 1527
f 1457 1533 1488
f 1534 1535 1536
f 1472 1447 1537
f 1457 1472 1538
f 1539 1540 1541
f 1542 1534 1543
f 1531 1517 1544
f 1532 1531 1544
f 1518 1519 1545
f 1546 1547 1548
f 1549 1550 1551
f 1526 1527 1552
f 1553 1554 1555
f 1556 1532 1557
f 1557 1532 1558
f 1532 1544 1558
f 1543 1534 1536
f 1559 1488 1533
f 1560 1561 1562
f 1563 1564 1565
f 1566 1563 1565
f 1447 1249 1567
f 1457 1538 1533
f 1526 1552 1568
f 1569 1570 1571
f 1572 1573 1574
f 1575 1576 1577
f 1578 1579 1580
f 1581 1582 1583
f 1539 1541 1584
f 1585 1556 1557
f 1586 1587 1588
f 1589 1586 1588
f 1568 1590 869
f 1559 1533 1591
f 1592 1593 1594
f 1595 1592 1594
f 1557 1558 1596
f 1590 1568 1597
f 1568 1552 1597
f 1543 1536 1598
f 1559 1591 1599
f 1538 1472 1537
f 1533 1538 1600
f 1558 1544 1601
f 1566 1565 1602
f 1543 1598 1603
f 1558 1601 1604
f 1605 1566 1606
f 1566 1602 1606
f 1606 1602 1607
f 1595 1594 1602
f 1604 1601 1608
f 1601 1544 1608
f 1590 1597 1609
f 1552 1610 1597
f 1602 1594 1604
f 869 1590 808
f 1611 1558 1604
f 1612 1543 1603
f 1613 1614 1615
f 1616 1599 1617
f 1618 1537 1619
f 1620 1621 1622
f 1623 1624 1625
f 1599 1591 1626
f 1627 1628 1629
f 1599 1626 1630
f 1631 1607 1632
f 1447 1567 1537
f 1600 1538 1633
f 1632 1607 1634
f 1538 1537 1633
f 1607 1602 1634
f 1635 1636 1637
f 1590 1609 808
f 1602 1604 1634
f 1638 1639 1640
f 802 808 1641
f 1618 1619 1329
f 1625 1624 1642
f 1638 1640 1609
f 1617 1599 1630
f 1617 1630 1643
f 1537 1644 1645
f 1591 1533 1600
f 808 1609 1646
f 1618 1329 1647
f 808 1646 1641
f 1648 1649 1650
f 1625 1642 1354
f 1600 1651 1626
f 1632 1634 1652
f 1591 1600 1626
f 1634 1653 1652
f 1537 1645 1619
f 1634 1604 1348
f 802 1641 1355
f 1626 1651 1654
f 1537 1567 1655
f 1653 1634 1348
f 1626 1654 1656
f 1646 1609 1640
f 1654 1651 1657
f 1658 1659 1660
f 802 1355 795
f 1661 1537 1655
f 1644 1537 1661
f 1626 1656 1662
f 1653 1348 1353
f 1663 1617 1643
f 1664 1665 1666
f 1667 1668 1669
f 1625 1354 1352
f 1666 1665 1670
f 1671 1672 1673
f 1674 1329 1670
f 1663 1643 1675
f 1645 1644 1330
f 1644 1661 1331
f 1619 1645 1330
f 1641 1646 1376
f 1641 1376 1355
f 1354 1653 1353
f 1676 1643 1630
f 1644 1331 1330
f 1662 1656 1666
f 1604 1608 1349
f 1333 1666 1670
f 1604 1349 1348
f 1677 1670 1372
f 1670 1329 1372
f 795 1355 793
f 1329 1619 1330
f 1662 1666 1343
f 1343 1666 1332
f 1666 1333 1332
f 1339 1678 1340
f 1646 1640 1679
f 1670 1677 1333
f 1625 1352 1351
f 1349 1608 1350
f 1663 1675 1680
f 1376 1681 1351
f 1677 1372 1342
f 1372 1329 1346
f 1342 1372 1358
f 867 863 1682
f 1683 1684 1685
f 1683 1686 1684
f 867 1682 1687
f 1688 867 1687
f 1683 1685 1689
f 1688 1687 1690
f 1683 1689 1691
f 1688 1690 1692
f 1688 1692 1693
f 1683 1691 438
f 1694 1693 1695
f 1694 1688 1693
f 1696 438 437
f 1694 1695 1697
f 1696 1683 438
f 1698 1697 1699
f 1696 437 1700
f 1698 1694 1697
f 1701 1698 1699
f 1702 1699 1703
f 1702 1701 1699
f 1696 1700 1704
f 1705 1696 1704
f 1702 1703 1706
f 1705 1704 1707
f 1702 1706 1708
f 796 1705 1707
f 796 1707 1709
f 1702 1708 1710
f 1686 1710 1684
f 1686 1702 1710
f 796 1709 792
f 1447 1074 1149
f 1447 865 1074
f 865 866 1074
f 1249 1447 1149
f 791 793 1356
f 994 791 1356
f 1711 688 602
f 1712 1711 602
f 601 1712 602
f 1713 1712 601
f 1714 1715 1716
f 1717 1714 1718
f 1719 1720 1721
f 1722 1723 1724
f 1725 1726 1727
f 1728 1729 1730
f 1731 1732 1733
f 1734 1731 1733
f 1735 1731 1734
f 1736 1737 1738
f 1739 1736 1740
f 1741 1742 1739
f 1743 1744 1745
f 1746 1744 1743
f 1747 1744 1746
f 1748 1747 1746
f 1749 1747 1748
f 1750 1747 1749
f 1751 1750 1749
f 1752 1753 1754
f 1755 1756 1752
f 1757 1758 1759
f 1760 1757 1759
f 1761 1757 1760
f 1762 1761 1760
f 1763 1761 1762
f 1764 1763 1762
f 1765 1763 1764
f 691 1765 1764
f 1766 1765 691
f 561 1766 691
f 1767 561 479
f 1768 561 1767
f 1769 561 1768
f 1770 1769 1768
f 1771 1769 1770
f 1772 1769 1771
f 1773 1772 1771
f 234 1772 1773
f 1774 1772 234
f 1775 1774 234
f 1776 1775 234
f 1777 1778 1779
f 1780 1777 1781
f 1782 1783 1784
f 1785 1783 1782
f 1786 1787 468
f 1788 1786 468
f 467 1788 468
f 1789 1788 467
f 1790 1788 1789
f 1791 1788 1790
f 269 1791 1790
f 1792 269 237
f 1793 1792 237
f 1794 1793 237
f 11 1794 237
f 1795 11 237
f 1796 11 1795
f 1797 11 1796
f 1798 1797 1796
f 1799 1797 1798
f 1800 1801 1802
f 1803 1804 1805
f 1806 1807 1808
f 1809 1807 1806
f 1810 1809 1806
f 1811 1809 1810
f 1812 1811 1810
f 1813 1811 1812
f 1814 1813 1812
f 1815 1813 1814
f 1816 1815 1814
f 1817 1815 1816
f 1818 1817 1816
f 1819 1817 1818
f 1820 1819 1818
f 1821 1819 1820
f 1822 1821 1820
f 1823 1824 1825
f 1826 1823 1825
f 1827 1823 1826
f 1828 1827 1826
f 1829 1827 1828
f 1830 1827 1829
f 1831 1832 1833
f 1834 1831 1835
f 1836 1837 1838
f 1839 1837 1836
f 1840 1839 1836
f 1841 1839 1840
f 1842 1841 1840
f 1843 1841 1842
f 1844 1843 1842
f 1845 1843 1844
f 1846 1843 1845
f 1847 1843 1846
f 1848 1847 1846
f 1849 1847 1848
f 1850 1847 1849
f 1851 1850 1849
f 1852 1850 1851
f 1853 1852 1851
f 1854 1852 1853
f 1855 1854 1853
f 1856 1855 1853
f 1857 1855 1856
f 1858 1857 1856
f 1859 1857 1858
f 1860 1861 1862
f 1863 1861 1860
f 1864 1863 1860
f 1865 1864 1860
f 1866 1865 1860
f 1867 1868 1869
f 1870 1867 1869
f 1871 1867 1870
f 1872 1871 1870
f 1873 1874 1875
f 1876 1873 1875
f 1877 1873 1876
f 22 24 1878
f 1879 1880 1881
f 1882 1880 1879
f 1883 1882 1879
f 1884 1883 1879
f 1885 1883 1884
f 1886 1885 1884
f 1887 1885 1886
f 1888 1887 1886
f 1889 1887 1888
f 1890 1889 1888
f 1891 1889 1890
f 1892 1891 1890
f 1893 1891 1892
f 1894 1893 1892
f 1895 1893 1894
f 1896 1895 1894
f 1897 1895 1896
f 1898 1897 1896
f 1899 1897 1898
f 1900 1899 1898
f 1901 1900 1898
f 1902 1900 1901
f 1903 1900 1902
f 1904 1900 1903
f 1905 1906 1907
f 1908 1906 1905
f 746 1909 1910
f 703 1909 746
f 1911 746 1910
f 1912 703 647
f 1913 1912 647
f 1914 1912 1913
f 543 1914 1913
f 1915 1914 543
f 1916 1915 543
f 1917 1915 1916
f 1918 1917 1916
f 1919 1917 1918
f 1920 1919 1918
f 1921 1919 1920
f 1922 1921 1920
f 1923 1921 1922
f 786 1923 1922
f 1924 1923 786
f 1925 1924 786
f 738 1924 1925
f 1926 1924 738
f 688 1926 738
f 1927 1928 1884
f 1927 1929 1928
f 1930 1931 1932
f 1933 1934 1935
f 1929 1936 1937
f 1938 1939 1940
f 1938 1940 1941
f 1942 1943 1944
f 1945 1946 1947
f 1948 1936 1929
f 1949 1950 1951
f 1952 1953 1948
f 1954 1955 1956
f 1957 1958 1959
f 1960 1961 1962
f 1963 1964 1954
f 1965 1953 1952
f 1966 1967 1968
f 1966 1969 1967
f 1970 1971 1965
f 1972 1973 1974
f 1975 1976 1961
f 1977 1978 1979
f 1980 1981 1982
f 1983 1984 1985
f 1975 1986 1976
f 1907 1987 1988
f 1989 1990 1991
f 1992 1986 1975
f 1993 1994 1995
f 1996 1997 1998
f 1999 1978 1977
f 2000 2001 2000
f 2002 1927 1884
f 1944 2003 2004
f 2002 1884 1879
f 2005 1929 1927
f 2005 1927 2002
f 1999 1938 1941
f 2006 1938 1999
f 2007 1948 1929
f 2007 1929 2005
f 2008 2009 2010
f 2011 2012 2013
f 2014 1948 2007
f 2011 1968 2012
f 2015 2016 2017
f 2018 2019 1942
f 2020 2021 2022
f 2023 1962 1943
f 1952 1948 2014
f 1949 1951 2024
f 2025 2026 2027
f 2028 2029 2030
f 2022 2031 2020
f 2032 2033 2034
f 2035 1954 1956
f 2036 2037 2038
f 1960 1962 2039
f 2040 2031 2022
f 2041 2042 2043
f 1965 1952 2044
f 2045 2046 2047
f 2048 1907 2049
f 836 833 2050
f 2051 1980 1982
f 1975 1961 1960
f 2045 2047 2052
f 2053 2054 2055
f 2056 1992 1975
f 2057 2054 2053
f 2058 2059 1971
f 2060 1990 1989
f 2061 1999 1977
f 2048 1987 1907
f 2062 2063 2064
f 2065 2066 2067
f 2068 2068 2069
f 1993 1995 2058
f 2070 1987 2048
f 2070 2071 1987
f 2072 2073 2074
f 2068 2075 2068
f 2076 2077 2078
f 2079 2080 2081
f 2082 2083 2084
f 2085 2000 2000
f 2086 2087 2088
f 2082 1944 2004
f 2089 2090 1987
f 1881 2002 1879
f 2091 2013 2092
f 843 840 2093
f 2094 2095 2096
f 2005 2002 1881
f 2097 2090 2089
f 2098 2006 1999
f 2098 1999 2061
f 1942 1944 2082
f 2099 2100 2101
f 2102 2103 2104
f 2105 2106 2107
f 2108 2109 2110
f 2024 2090 2097
f 2111 2112 2113
f 1968 2011 2114
f 2115 2112 2111
f 2116 1956 1938
f 2117 1949 2024
f 2118 1968 2119
f 1950 1949 2117
f 2035 1956 2116
f 2120 2121 2122
f 2118 1966 1968
f 2123 2124 2125
f 2126 2127 2128
f 2129 2115 2111
f 2130 2131 2132
f 2133 2134 2135
f 2136 2137 2138
f 2139 2042 2041
f 2140 2141 2142
f 2048 2049 2143
f 2144 2145 2146
f 2147 2058 1971
f 2148 2051 2149
f 2150 1983 1985
f 2151 2152 2153
f 2148 1980 2051
f 2154 2061 1977
f 2056 1975 1960
f 2155 2156 2157
f 2158 2159 2160
f 2161 2092 1808
f 2060 1989 2162
f 2163 2070 2048
f 2091 2092 2161
f 2082 2084 2164
f 2165 2070 2163
f 2166 2167 2168
f 2169 2170 2171
f 2172 2007 2005
f 852 848 2173
f 2174 2013 2091
f 2011 2013 2174
f 2175 2007 2172
f 2176 2116 1938
f 2177 2116 2176
f 2178 2097 2089
f 2179 1942 2082
f 2179 2082 2164
f 1952 2014 2007
f 2177 2035 2116
f 2180 2035 2177
f 2180 1954 2035
f 2181 2024 2097
f 2114 2119 1968
f 2182 1942 2179
f 2117 2024 2181
f 2182 2018 1942
f 2114 2118 2119
f 2182 2179 2164
f 2183 2184 2185
f 2186 2187 2044
f 2188 2189 2190
f 2191 1962 2182
f 2191 2039 1962
f 1950 2117 2192
f 2193 2194 2195
f 2196 2197 2198
f 2199 1965 2044
f 2200 1970 1965
f 2191 2182 2164
f 2201 2039 2191
f 2202 2203 2204
f 2201 2191 2164
f 2199 2044 2205
f 2206 1697 1695
f 2207 2208 2209
f 2210 2139 2041
f 2207 2211 2208
f 2212 2213 2214
f 2056 1960 2201
f 2056 2201 2164
f 2212 2143 2213
f 2215 2216 2217
f 2212 2048 2143
f 2218 2219 2220
f 2221 2058 2147
f 2222 2223 2224
f 2225 1993 2058
f 2226 1993 2225
f 2227 2060 2162
f 2148 2149 2228
f 2229 2048 2212
f 2230 2231 2232
f 2233 2234 2235
f 2236 2237 2238
f 2239 2048 2229
f 1807 2161 1808
f 2240 2241 2242
f 2243 2005 1881
f 2244 2245 2246
f 2098 2061 2247
f 2243 2172 2005
f 2248 2218 2220
f 2249 2250 2251
f 2233 2235 2252
f 2253 2098 2254
f 2255 2007 2175
f 2256 2177 2176
f 2257 2011 2174
f 2257 2114 2011
f 2056 2164 2258
f 2178 2089 2259
f 2260 2044 1952
f 1963 2180 2177
f 1963 1954 2180
f 2178 2181 2097
f 2261 2262 2263
f 2260 2186 2044
f 2205 2186 2260
f 2178 2117 2181
f 2264 2236 2238
f 2265 2266 2267
f 2268 2114 2269
f 2270 2117 2178
f 2271 2272 2270
f 2273 2114 2268
f 2273 2118 2114
f 2274 2275 2276
f 2277 2278 2279
f 2280 2281 2282
f 2283 2284 2285
f 2286 2060 2227
f 2287 2288 2289
f 2290 2291 2292
f 2293 2294 2295
f 2296 2214 2297
f 2296 2212 2214
f 2225 2058 2221
f 2228 2139 2298
f 2299 2300 2301
f 2302 2148 2228
f 2302 2228 2303
f 2296 2239 2229
f 2304 2164 2305
f 2306 2307 2226
f 2247 2061 2308
f 2296 2229 2212
f 2296 2163 2239
f 2172 2243 2175
f 2309 2310 2311
f 1803 2161 1807
f 2312 2258 2164
f 2312 2164 2304
f 2313 2284 2283
f 2260 2255 2175
f 2260 2007 2255
f 1803 2091 2161
f 2314 2315 2312
f 2316 2317 2318
f 2319 2320 2321
f 2257 2091 1803
f 2257 2174 2091
f 2322 2056 2258
f 2256 2253 2254
f 2260 1952 2007
f 2323 2162 2324
f 2325 2060 2286
f 1963 2177 2256
f 2269 2114 2257
f 2323 2227 2162
f 2286 2227 2323
f 2326 2267 2327
f 2326 2265 2267
f 2328 2264 2329
f 2328 2236 2264
f 2330 2178 2259
f 2331 2332 2333
f 2330 2270 2178
f 2271 2270 2330
f 2334 2332 2331
f 2335 2336 2335
f 2337 2338 2339
f 2340 2341 2236
f 2342 2343 2344
f 2345 2298 2346
f 2277 2279 2347
f 2342 2348 2343
f 2349 1697 2206
f 2226 2225 2350
f 2345 2228 2298
f 2351 2352 2353
f 2354 2261 2263
f 2303 2228 2345
f 2355 2356 2357
f 2358 2359 2360
f 2337 2339 2361
f 2362 2363 2364
f 2365 1803 1805
f 2366 2260 2175
f 2367 2337 2361
f 2368 2337 2367
f 2369 2257 1803
f 2314 2312 2304
f 2370 2371 2372
f 2247 2254 2098
f 2373 2165 2163
f 2374 2337 2368
f 2365 2257 2369
f 2375 2337 2374
f 2376 2259 2089
f 2377 2269 2257
f 2376 2089 2378
f 2256 2254 2379
f 2380 2337 2381
f 2382 2383 2384
f 2385 2386 2387
f 2381 2375 2374
f 2381 2361 2388
f 2325 2286 2323
f 2381 2337 2375
f 2389 1963 2256
f 2325 2323 2390
f 2381 2367 2361
f 2381 2374 2368
f 2381 2368 2367
f 2391 1846 2392
f 2393 2394 2395
f 2391 1848 1846
f 2396 2326 2327
f 2397 2199 2205
f 2398 2399 2400
f 2401 2259 2402
f 2391 2328 2329
f 2401 2330 2259
f 2403 2221 2404
f 2403 2225 2221
f 2405 2330 2401
f 2350 2225 2403
f 2405 2271 2330
f 2406 2381 2388
f 2328 2340 2236
f 2407 2296 2297
f 2408 2303 2345
f 2407 2297 2409
f 2410 2411 2412
f 2305 2341 2340
f 2413 2381 2406
f 2175 2243 1872
f 2414 2335 2335
f 262 2148 2302
f 2305 2340 2328
f 2357 2415 1822
f 2416 2381 2413
f 2417 2226 2350
f 2418 2419 2416
f 2418 2420 2419
f 2421 2355 2357
f 2422 2175 2423
f 2424 2425 2426
f 2427 2428 2429
f 2430 2388 2431
f 2430 2406 2388
f 2430 2413 2406
f 2430 2416 2413
f 2430 2418 2416
f 2417 2306 2226
f 2432 2373 2163
f 2365 2369 1803
f 2342 2344 2433
f 2434 2435 2436
f 2437 2430 2431
f 2438 2257 2365
f 2439 2440 2441
f 2442 2430 2437
f 2443 2444 2445
f 2446 2430 2442
f 2447 2430 2446
f 2448 2397 2205
f 2404 2397 2448
f 2447 2418 2430
f 2449 2391 2392
f 2449 2392 2450
f 2451 2342 2433
f 2452 2389 2256
f 2348 2342 2451
f 2453 2454 2455
f 2456 2457 2458
f 2459 2460 2461
f 2462 2431 2463
f 2462 2442 2437
f 2464 2465 2464
f 2462 2437 2431
f 2417 2466 2306
f 2462 2446 2442
f 2328 2391 2449
f 2296 2407 2467
f 2468 2305 2328
f 2469 2345 2470
f 2469 2471 2345
f 2472 2473 2474
f 2175 1872 1870
f 2175 1870 2475
f 2302 2303 2469
f 1941 2305 2468
f 2421 1822 1820
f 2421 2357 1822
f 2476 2462 2463
f 2304 2305 1940
f 2432 2163 2296
f 2477 2462 2476
f 2478 2479 2480
f 2481 2365 1805
f 2422 2366 2175
f 2482 2365 2481
f 2376 2483 2432
f 2484 2453 2455
f 2376 2378 2483
f 1939 2314 2304
f 2485 2463 2486
f 2485 2476 2463
f 2487 2488 2355
f 2485 2477 2476
f 2489 2478 2480
f 2490 2376 1953
f 2324 2390 2323
f 2491 2492 2493
f 2494 2490 1953
f 2495 2390 2324
f 2496 2497 2498
f 2499 2492 2491
f 2500 2205 2260
f 2500 2260 2366
f 2402 2259 2501
f 2502 2492 2499
f 2503 2449 2450
f 2448 2205 2500
f 2503 2450 2504
f 2505 2506 2507
f 2508 2492 2502
f 2509 2405 2401
f 2510 2404 2448
f 2511 2512 2513
f 2452 2256 2379
f 2514 2405 2509
f 2515 2404 2510
f 2515 2403 2404
f 2516 2517 2518
f 2519 2491 2493
f 2520 2350 2403
f 2521 2325 2390
f 2470 2345 2346
f 2522 1697 2349
f 1941 2468 2328
f 2523 2464 2464
f 2524 2525 2526
f 2527 2525 2524
f 1940 2305 1941
f 2523 2464 2523
f 2528 2175 2475
f 2528 2475 2529
f 1937 2296 2467
f 2302 2469 2470
f 1937 2467 2530
f 2531 2421 1820
f 1937 2532 2296
f 2533 2534 2535
f 1939 2304 1940
f 2528 2423 2175
f 2536 2508 2502
f 2537 2538 1795
f 2539 2508 2536
f 2432 2296 2532
f 2540 2541 2542
f 2524 2543 2544
f 2545 2546 2547
f 2481 1805 2545
f 2548 2314 1939
f 2487 2355 2421
f 2549 2525 2527
f 2550 2551 2552
f 2487 2421 2553
f 2554 2525 2549
f 2555 2549 2527
f 2556 2557 2558
f 2559 2560 2561
f 2559 2561 2562
f 2563 2560 2559
f 2559 2554 2549
f 1974 2560 2563
f 2495 2521 2390
f 1703 2564 1706
f 2482 2438 2365
f 2519 2493 2565
f 1943 2500 2366
f 2566 2567 2568
f 2503 2504 2569
f 2501 2570 2402
f 1988 2491 2519
f 2571 2452 2379
f 2572 2515 2510
f 1994 2514 2509
f 2572 2510 2448
f 2503 2328 2449
f 1980 2573 2574
f 2575 2576 2577
f 2578 2499 2491
f 2578 2491 1988
f 2520 2515 2572
f 2520 2403 2515
f 2579 2580 2581
f 1941 2328 2503
f 1980 2582 2573
f 2583 2417 2350
f 2578 2502 2499
f 1980 2584 2582
f 2585 2523 2523
f 1980 2586 2584
f 2587 1937 2530
f 2588 2589 2588
f 1944 2529 2590
f 2591 2502 2578
f 2591 2536 2502
f 1944 2528 2529
f 2591 2539 2536
f 262 2302 2470
f 2592 2533 2535
f 2593 2539 2591
f 2594 2508 2539
f 2595 2596 2597
f 1944 2423 2528
f 1948 2532 1937
f 2598 2599 2600
f 1944 2422 2423
f 2593 2524 2544
f 2601 2602 2603
f 2604 2524 2593
f 2605 2545 2547
f 2606 2553 2421
f 2604 2527 2524
f 2607 2608 2609
f 2610 2537 1795
f 2611 2555 2527
f 2611 2527 2604
f 2545 2605 237
f 2612 2613 2614
f 1972 2559 2549
f 2615 2616 2617
f 1972 2563 2559
f 1953 2432 2532
f 1953 2376 2432
f 1974 2563 1972
f 2548 1939 1956
f 2618 2519 2565
f 1943 2366 2422
f 2482 2545 237
f 2482 2481 2545
f 2618 1988 2519
f 2619 1988 2618
f 1965 2494 1953
f 2620 2488 2487
f 1961 2500 1943
f 1978 2503 2569
f 1978 2569 2621
f 2622 2623 2624
f 2482 237 240
f 2625 2448 2626
f 2627 2628 2629
f 1987 2578 1988
f 2572 2448 2625
f 2059 1994 2509
f 1994 1993 2514
f 1981 1980 2574
f 1976 2520 2572
f 1986 2520 1976
f 1699 1697 2522
f 1999 1941 2503
f 2630 2631 2632
f 2090 2591 2578
f 2438 2482 240
f 1929 2633 1928
f 2634 2588 2588
f 1929 1937 2587
f 2586 1980 2148
f 2090 2593 2591
f 2470 2346 2635
f 2636 2470 2635
f 2024 2593 2090
f 1943 2422 1944
f 1936 1948 1937
f 2636 262 2470
f 2024 2604 2593
f 1938 2637 1939
f 1930 2638 1931
f 1951 2604 2024
f 1951 2611 2604
f 1956 2637 1938
f 2636 263 262
f 2639 2640 2641
f 1950 2611 1951
f 2012 2553 2013
f 2012 2487 2553
f 1948 1953 2532
f 1955 2548 1956
f 1955 2642 2548
f 1907 2618 2565
f 1961 1943 1962
f 1907 2565 1905
f 1968 2487 2012
f 1971 2494 1965
f 1907 2619 2618
f 1968 2620 2487
f 1988 2619 1907
f 1967 2620 1968
f 1978 2621 1979
f 1971 2059 2494
f 1969 2620 1967
f 2003 1944 2590
f 1987 2090 2578
f 1999 2503 1978
f 2643 2644 2645
f 2645 2644 2646
f 2647 2648 2649
f 2650 2651 2652
f 2651 2653 2652
f 2645 2646 2654
f 2646 2655 2654
f 2656 2657 2658
f 2659 2650 2660
f 2661 2659 2660
f 2650 2652 2660
f 2657 2645 2654
f 2657 2654 2651
f 2658 2657 2651
f 2650 2658 2651
f 2649 2662 2644
f 2647 2649 2644
f 2643 2647 2644
f 2663 2664 2665
f 2666 2667 2664
f 2666 2664 2663
f 2666 2668 2667
f 2663 2665 2669
f 2666 2670 2668
f 2671 2663 2669
f 2672 2670 2666
f 2671 2669 2673
f 2672 2674 2670
f 2675 2671 2673
f 2672 2676 2674
f 2672 2677 2676
f 2675 2673 2678
f 2679 2680 2677
f 2679 2677 2672
f 2681 2678 2682
f 2681 2675 2678
f 2679 2683 2680
f 2681 2682 2684
f 2679 2685 2683
f 2681 2684 2686
f 2687 2685 2679
f 2688 2681 2686
f 2689 2688 2686
f 2690 2685 2687
f 2691 2688 2689
f 2692 2691 2689
f 2693 2690 2687
f 2694 2693 2687
f 2695 2693 2694
f 2696 2691 2692
f 2697 2695 2694
f 2698 2691 2696
f 2699 2697 2694
f 2700 2697 2699
f 2701 2698 2696
f 2701 2702 2698
f 2703 2700 2699
f 2704 2702 2701
f 2705 2700 2703
f 2706 2705 2703
f 2704 2707 2702
f 2708 2707 2704
f 2709 2705 2706
f 2710 2707 2708
f 2711 2709 2706
f 2712 2711 2706
f 2713 2714 2707
f 2713 2707 2710
f 2715 2712 2706
f 2715 2706 2716
f 2713 2717 2714
f 2718 2717 2713
f 2719 2715 2716
f 2719 2716 2720
f 2721 2719 2720
f 2722 2717 2718
f 2723 2721 2720
f 2724 2725 2717
f 2724 2717 2722
f 2726 2720 2725
f 2726 2723 2720
f 2727 2725 2724
f 2726 2725 2727
f 2728 2729 2730
f 2731 2732 2733
f 2731 2734 2732
f 2735 2728 2730
f 2736 2735 2730
f 2737 21 8
f 269 2737 8
f 2738 2739 2740
f 2741 269 8
f 2742 2739 2738
f 2730 2743 2736
f 2730 2744 2743
f 2745 2744 2730
f 15 2742 2738
f 2746 2745 2730
f 8 2747 2741
f 2748 2747 8
f 16 15 2738
f 2749 2746 2730
f 2750 2749 2730
f 2751 2748 8
f 2752 2750 2730
f 2753 2751 8
f 2754 2752 2730
f 2755 2753 8
f 2756 2755 8
f 2757 2756 8
f 2730 2758 2754
f 2759 2756 2757
f 2730 2760 2758
f 2730 2761 2760
f 2762 2759 2757
f 2763 2761 2730
f 2764 2762 2757
f 2765 2763 2730
f 2766 2764 2757
f 2767 2763 2765
f 2768 2766 2757
f 2769 2768 2757
f 2770 2767 2765
f 2771 2770 2765
f 2772 2771 2765
f 2773 2771 2772
f 2774 2769 2757
f 2774 2775 2769
f 2774 2776 2775
f 2774 2777 2776
f 2778 2777 2774
f 2779 2773 2772
f 2780 2778 2774
f 2781 2780 2774
f 2782 2779 2772
f 2783 2781 2774
f 2784 2782 2772
f 2785 2783 2774
f 2786 2787 2788
f 2774 2789 2785
f 2774 2790 2789
f 2791 2790 2774
f 2792 2788 2793
f 2794 2795 2796
f 2792 2786 2788
f 2797 2798 2799
f 2800 2797 2799
f 2801 2800 2799
f 2802 2803 2804
f 2805 2806 2807
f 2730 2808 2801
f 2730 2801 2799
f 2730 2809 2808
f 2810 2809 2730
f 2811 2810 2730
f 2812 2805 2807
f 2729 2811 2730
f 2813 2814 2815
f 2816 2817 2818
f 2813 2815 2819
f 2817 2820 2821
f 2820 2822 2821
f 2818 2817 2821
f 2823 2813 2819
f 2823 2819 2824
f 2825 2823 2824
f 2826 2827 2828
f 2825 2824 2829
f 2830 2826 2831
f 2826 2828 2831
f 2832 2825 2829
f 2832 2829 2833
f 2813 2830 2814
f 2834 2835 2836
f 2830 2831 2814
f 2820 2832 2833
f 2835 2816 2836
f 2820 2833 2822
f 2836 2816 2818
f 2837 2838 2839
f 2840 2837 2839
f 2841 2842 2843
f 2844 2841 2843
f 2844 2843 2845
f 2846 2844 2845
f 2847 2848 2849
f 2849 2848 2850
f 2849 2850 2851
f 2852 2849 2851
f 2853 2839 2854
f 2853 2840 2839
f 2855 2856 2857
f 2858 2859 2860
f 2861 2862 2863
f 2862 2864 2863
f 2865 2866 2867
f 2868 2869 2870
f 2871 2872 2873
f 2874 2875 2876
f 2877 2878 2879
f 2877 2879 2880
f 2877 2880 2881
f 2882 2877 2881
f 2882 2881 2883
f 2884 2882 2883
f 2884 2883 2885
f 2886 2884 2885
f 2886 2885 2887
f 2888 2889 2890
f 2891 2892 2893
f 2894 2891 2893
f 2895 2896 2897
f 2898 2895 2897
f 2898 2897 2899
f 2900 2898 2899
f 2900 2899 2901
f 2902 2900 2901
f 2902 2901 2903
f 2904 2903 2905
f 2904 2902 2903
f 2906 2904 2905
f 2906 2905 2907
f 2908 2906 2907
f 2908 2907 2909
f 2910 2908 2909
f 2911 2912 2913
f 2914 2915 2916
f 2917 2918 2919
f 2920 2915 2914
f 2914 2916 2921
f 2922 2912 2911
f 2922 2923 2912
f 2920 2924 2915
f 2917 2919 2923
f 2925 2914 2921
f 2917 2923 2922
f 2926 2924 2920
f 2926 2927 2924
f 2925 2921 2928
f 2929 2925 2928
f 2930 2927 2926
f 2931 2927 2930
f 2932 2929 2928
f 2933 2929 2932
f 2934 2931 2930
f 2935 2931 2934
f 2936 2933 2932
f 2913 2933 2936
f 2937 2935 2934
f 2918 2935 2937
f 2911 2913 2936
f 2918 2937 2919
f 2938 2939 2940
f 2941 2942 2943
f 2944 2945 2946
f 2944 2946 2947
f 2940 2939 2948
f 2939 2949 2948
f 2949 2941 2943
f 2945 2950 2946
f 2946 2950 2951
f 2949 2943 2948
f 2952 2944 2947
f 2950 2953 2951
f 2951 2953 2954
f 2952 2947 2955
f 2955 2947 2956
f 2954 2953 2957
f 2954 2957 2958
f 2955 2956 2959
f 2955 2959 2960
f 2958 2957 2961
f 2958 2961 2962
f 2960 2959 2963
f 2960 2963 2964
f 2964 2963 2938
f 2962 2961 2965
f 2965 2961 2942
f 2964 2938 2940
f 2941 2965 2942
f 2910 2909 2966
f 2967 2910 2966
f 2967 2966 2968
f 2969 2968 2970
f 2969 2967 2968
f 2971 2969 2970
f 2971 2970 2972
f 2973 2971 2972
f 2973 2972 2974
f 2975 2973 2974
f 2975 2974 2976
f 2977 2975 2976
f 2977 2976 2896
f 2895 2977 2896
f 2894 2893 2978
f 2979 2894 2980
f 2894 2978 2980
f 2979 2980 2981
f 2982 2979 2981
f 2982 2981 2983
f 2984 2982 2983
f 2985 2984 2983
f 2985 2983 2986
f 2987 2985 2986
f 2987 2986 2988
f 2987 2988 2989
f 2990 2987 2989
f 2990 2989 2879
f 2878 2990 2879

