mtllib material.mtl
usemtl material_wrist1_1
v -0.02472168 0.06637328 -0.04039084
v -0.02317589 0.06448161 -0.04074060
v -0.02267742 0.06307423 -0.03936147
v -0.02931022 0.08850896 -0.03995615
v -0.02910614 0.08677852 -0.04105097
v -0.02967071 0.08422267 -0.04036432
v -0.01673257 0.10785880 -0.03909957
v -0.01668620 0.10780420 -0.03925019
v -0.01803827 0.10699590 -0.03901147
v -0.00831228 0.10784050 -0.04222494
v -0.00870508 0.10751470 -0.04229491
v -0.01387017 0.10537510 -0.04234790
v -0.02516508 0.06791329 -0.04131716
v -0.02488708 0.06816279 -0.04209613
v -0.02503013 0.06748759 -0.04106616
v -0.00815219 0.10715360 -0.04239743
v -0.00811571 0.10705000 -0.04241442
v -0.01040649 0.10609230 -0.04261881
v -0.02692699 0.09145510 -0.04200005
v -0.02665746 0.09216558 -0.04199808
v -0.02704811 0.08630740 -0.04304885
v -0.02195143 0.09301823 -0.04364323
v -0.02048814 0.09563052 -0.04342722
v -0.01469278 0.09589564 -0.04339408
v -0.02494853 0.06674879 -0.04043918
v -0.02514660 0.06709992 -0.04048019
v -0.02474778 0.06649196 -0.04063326
v -0.02966815 0.08633148 -0.03982776
v -0.02514827 0.06742328 -0.04086238
v -0.02489882 0.06727355 -0.04110211
v -0.01778423 0.10788540 -0.03709399
v -0.02097195 0.10483360 -0.03853112
v -0.02169501 0.10448540 -0.03717786
v -0.02775567 0.08862984 -0.04213434
v -0.01643842 0.10818140 -0.03886210
v -0.01814454 0.10704930 -0.03878116
v -0.01611059 0.10769800 -0.03995347
v -0.01358640 0.10869660 -0.04044365
v -0.01546210 0.10760960 -0.04051387
v -0.01630043 0.10831760 -0.03877335
v -0.01159662 0.10709940 -0.04219532
v -0.02387142 0.06923091 -0.04354953
v -0.02425748 0.06881326 -0.04297494
v -0.02488708 0.06816279 -0.04209613
v -0.02529233 0.06738710 -0.04054892
v -0.02963382 0.08716905 -0.03965699
v -0.02491450 0.06698465 -0.04079377
v -0.00909871 0.10706500 -0.04237174
v -0.02405548 0.07576549 -0.04467493
v -0.02275848 0.07501018 -0.04502105
v -0.02179718 0.07380473 -0.04521471
v -0.02919960 0.09065055 -0.03909587
v -0.03015232 0.08437842 -0.03916460
v -0.01561647 0.10813020 -0.03980350
v -0.01721668 0.10709580 -0.03976196
v -0.02572941 0.07029056 -0.04222196
v -0.02387142 0.06923091 -0.04354953
v -0.02488708 0.06816279 -0.04209613
v -0.01623046 0.10785230 -0.03964483
v -0.02395647 0.09369957 -0.04314607
v -0.02268159 0.09393125 -0.04344433
v -0.02485466 0.09115397 -0.04329401
v -0.01692086 0.10747120 -0.03949481
v -0.01623046 0.10785230 -0.03964483
v -0.01859319 0.10629430 -0.03948032
v -0.00831926 0.10762530 -0.04229158
v -0.01921594 0.10677130 -0.03668028
v -0.02500152 0.06621444 -0.03947931
v -0.00737572 0.10799880 -0.04224640
v -0.02611351 0.09562385 -0.04120063
v -0.02692699 0.09145510 -0.04200005
v -0.02775567 0.08862984 -0.04213434
v -0.02557402 0.07232600 -0.04321920
v -0.02454376 0.07129657 -0.04366397
v -0.02549397 0.06784272 -0.04067558
v -0.02600300 0.06906062 -0.04095727
v -0.02528733 0.09326529 -0.04264366
v -0.02500027 0.09228003 -0.04302954
v -0.02573657 0.09007370 -0.04313790
v -0.02745312 0.09116142 -0.04161995
v -0.02611351 0.09562385 -0.04120063
v -0.02775567 0.08862984 -0.04213434
v -0.01082754 0.10778170 -0.04194289
v -0.00896615 0.10820750 -0.04204982
v -0.01265054 0.10887620 -0.04074007
v -0.01128190 0.10931090 -0.04103469
v -0.01593023 0.10685240 -0.04093021
v -0.00319672 0.06152063 -0.04636055
v -0.01221626 0.06865596 -0.04589444
v 0.00000000 0.06243050 -0.04633188
v -0.00196934 0.06092441 -0.04639875
v -0.02615356 0.09153926 -0.04271411
v -0.02698469 0.09302902 -0.04136782
v -0.02775567 0.08862984 -0.04213434
v -0.02814865 0.08977687 -0.04148203
v -0.02698469 0.09302902 -0.04136782
v -0.02745312 0.09116142 -0.04161995
v -0.02775567 0.08862984 -0.04213434
v -0.02552574 0.06647878 -0.03813773
v -0.02564656 0.07146710 -0.04286915
v -0.00420475 0.10829720 -0.04229933
v -0.00404400 0.10774880 -0.04237383
v -0.00713855 0.10710990 -0.04241847
v -0.02440965 0.07467758 -0.04442507
v -0.02395170 0.07333946 -0.04446625
v -0.03015178 0.08776015 -0.03725296
v -0.03038412 0.08439260 -0.03802329
v -0.01405894 0.10945670 -0.03905403
v -0.01401168 0.10938070 -0.03923529
v -0.00950587 0.10844610 -0.04187691
v -0.01232659 0.10738420 -0.04184150
v -0.00485223 0.05939275 -0.04596042
v -0.00196934 0.06092441 -0.04639875
v 0.00096369 0.05791836 -0.04561430
v -0.02613461 0.06889390 -0.04057025
v -0.00634766 0.06225383 -0.04630190
v -0.00531387 0.05814540 -0.04544162
v -0.01469308 0.10917030 -0.03892767
v -0.02418422 0.09470421 -0.04279708
v -0.02582937 0.07135999 -0.04264402
v -0.02128583 0.09585660 -0.04334735
v -0.02856445 0.09068095 -0.04044055
v -0.02729606 0.07029807 -0.03975772
v -0.00307459 0.05668812 -0.04473978
v -0.02247154 0.09649819 -0.04298245
v -0.00653869 0.06154870 -0.04623574
v -0.00868225 0.06178081 -0.04617983
v -0.00625610 0.10951030 -0.04182910
v -0.01002502 0.10893040 -0.04163080
v -0.02342182 0.06357806 -0.03713852
v -0.02329373 0.09524333 -0.04302555
v -0.02340698 0.07987773 -0.04473590
v -0.02138906 0.07518327 -0.04519039
v -0.02290052 0.07740372 -0.04491996
v -0.02191162 0.07658183 -0.04507929
v -0.00044155 0.05495250 -0.04358488
v -0.02787584 0.09275770 -0.04031080
v -0.02619934 0.07590472 -0.04372507
v -0.01280975 0.10960940 -0.03987604
v -0.02425390 0.09566849 -0.04245948
v -0.02607673 0.09391278 -0.04187870
v -0.00646388 0.10792310 -0.04230803
v -0.00625610 0.10951030 -0.04182910
v -0.00720787 0.05670726 -0.04430872
v -0.00625610 0.10951030 -0.04182910
v -0.00950587 0.10844610 -0.04187691
v -0.01232659 0.10738420 -0.04184150
v -0.02486974 0.09497302 -0.04235136
v -0.00822186 0.06312912 -0.04623126
v -0.02719116 0.07129085 -0.04076868
v -0.01458829 0.09674680 -0.04334366
v -0.00785255 0.05607777 -0.04351145
v -0.00441098 0.05451381 -0.04250246
v -0.01778423 0.10788540 -0.03709399
v -0.01642495 0.10880240 -0.03673017
v -0.02291870 0.09287822 -0.04350382
v -0.02782952 0.09335380 -0.04002124
v -0.02782952 0.09335380 -0.04002124
v -0.02931022 0.08850896 -0.03995615
v -0.02883207 0.09026259 -0.04000550
v -0.02847057 0.09218657 -0.03955757
v -0.02171248 0.09673178 -0.04312390
v -0.02721977 0.07269465 -0.04157733
v -0.01377874 0.11015230 -0.03793513
v -0.00434959 0.10954080 -0.04194456
v -0.02297496 0.09660458 -0.04277133
v -0.01179230 0.11014000 -0.03967809
v -0.01561647 0.10813020 -0.03980350
v -0.01623046 0.10785230 -0.03964483
v -0.01280975 0.10960940 -0.03987604
v -0.02181655 0.07491755 -0.04515779
v -0.00692743 0.05949699 -0.04574686
v -0.01179230 0.11014000 -0.03967809
v -0.01623046 0.10785230 -0.03964483
v -0.01692086 0.10747120 -0.03949481
v -0.00878716 0.05994969 -0.04578119
v -0.01302981 0.10971400 -0.03953635
v -0.01179230 0.11014000 -0.03967809
v -0.01692086 0.10747120 -0.03949481
v -0.01302981 0.10971400 -0.03953635
v -0.01699697 0.10749220 -0.03938776
v 0.00001526 0.05354106 -0.04145914
v -0.01992952 0.09769463 -0.04321801
v -0.02738469 0.07646906 -0.04275900
v -0.02736735 0.09562426 -0.03918933
v -0.02883207 0.09026259 -0.04000550
v -0.02931022 0.08850896 -0.03995615
v -0.01149624 0.11041000 -0.03945958
v -0.01302981 0.10971400 -0.03953635
v -0.01699697 0.10749220 -0.03938776
v -0.01149624 0.11041000 -0.03945958
v -0.01699697 0.10749220 -0.03938776
v -0.01984369 0.09825551 -0.04313981
v -0.01207655 0.10991060 -0.03985649
v -0.01179230 0.11014000 -0.03967809
v -0.01299667 0.10758760 -0.04159259
v -0.01170349 0.06236827 -0.04593753
v -0.02380371 0.09823405 -0.04195880
v -0.01401168 0.10938070 -0.03923529
v -0.02692699 0.09145510 -0.04200005
v -0.02847057 0.09218657 -0.03955757
v -0.02736735 0.09562426 -0.03918933
v -0.02931022 0.08850896 -0.03995615
v -0.02507257 0.09626615 -0.04167181
v -0.02607673 0.09391278 -0.04187870
v -0.02692699 0.09145510 -0.04200005
v -0.02643132 0.07155746 -0.04206711
v -0.02676296 0.07121491 -0.04141384
v -0.02050644 0.09798043 -0.04311001
v -0.02611351 0.09562385 -0.04120063
v -0.02507257 0.09626615 -0.04167181
v -0.02692699 0.09145510 -0.04200005
v -0.02612829 0.07393181 -0.04322892
v -0.02738469 0.07646906 -0.04275900
v -0.02454376 0.07129657 -0.04366397
v -0.02612829 0.07393181 -0.04322892
v -0.02756720 0.07294380 -0.04119133
v -0.01139432 0.11057690 -0.03926742
v -0.01149624 0.11041000 -0.03945958
v -0.02940171 0.09117144 -0.03726142
v -0.02670121 0.07023757 -0.04079139
v -0.02676296 0.07121491 -0.04141384
v -0.02756720 0.07294380 -0.04119133
v -0.02488708 0.06816279 -0.04209613
v -0.00484020 0.05392801 -0.04119879
v -0.02677536 0.07009577 -0.04050022
v -0.01264709 0.11026660 -0.03880965
v -0.01469308 0.10917030 -0.03892767
v -0.01643842 0.10818140 -0.03886210
v -0.02677536 0.07009577 -0.04050022
v -0.02549397 0.06784272 -0.04067558
v -0.02613461 0.06889390 -0.04057025
v -0.01310765 0.11011480 -0.03872323
v -0.01264709 0.11026660 -0.03880965
v -0.00517654 0.05337315 -0.04000574
v -0.02633273 0.07412832 -0.04310363
v -0.02738469 0.07646906 -0.04275900
v -0.01174372 0.11058750 -0.03897339
v -0.01158142 0.06376445 -0.04606348
v -0.01174372 0.11058750 -0.03897339
v -0.01405894 0.10945670 -0.03905403
v -0.01469308 0.10917030 -0.03892767
v -0.00896424 0.06229507 -0.04616534
v -0.00986934 0.05980753 -0.04540741
v -0.00878716 0.05994969 -0.04578119
v 0.00208414 0.05287963 -0.03934127
v -0.02738469 0.07646906 -0.04275900
v -0.01264709 0.11026660 -0.03880965
v -0.01174372 0.11058750 -0.03897339
v -0.01469308 0.10917030 -0.03892767
v -0.02738469 0.07646906 -0.04275900
v -0.02633273 0.07412832 -0.04310363
v -0.02557402 0.07232600 -0.04321920
v -0.01727372 0.10048380 -0.04299557
v -0.00363255 0.05295079 -0.03905469
v -0.02070999 0.09913057 -0.04279971
v -0.01099473 0.11098770 -0.03876554
v -0.02670121 0.07023757 -0.04079139
v -0.02721977 0.07269465 -0.04157733
v -0.02682912 0.06875097 -0.03851801
v -0.01295298 0.11023150 -0.03863841
v -0.00962078 0.06256097 -0.04614275
v -0.00933432 0.05868172 -0.04497474
v -0.02524566 0.07957255 -0.04431635
v -0.02719116 0.07129085 -0.04076868
v -0.00544739 0.11079200 -0.04112339
v -0.00676453 0.11000690 -0.04143428
v -0.01220798 0.06210887 -0.04564768
v -0.00950992 0.11104920 -0.03962415
v -0.01302981 0.10971400 -0.03953635
v -0.02310091 0.08412295 -0.04442787
v -0.01477235 0.07465922 -0.04527670
v -0.00485223 0.05939275 -0.04596042
v -0.01149624 0.11041000 -0.03945958
v -0.00950992 0.11104920 -0.03962415
v -0.01302981 0.10971400 -0.03953635
v -0.01030540 0.06052523 -0.04561007
v -0.02346223 0.09743237 -0.04227316
v -0.00459742 0.11215380 -0.03990554
v -0.02610772 0.08099162 -0.04392725
v -0.02688515 0.09567934 -0.03991252
v -0.01056474 0.11097380 -0.03918027
v -0.00950992 0.11104920 -0.03962415
v -0.00459742 0.11215380 -0.03990554
v -0.01207655 0.10991060 -0.03985649
v -0.00808453 0.05457478 -0.04101425
v -0.02175724 0.09894508 -0.04250985
v -0.02297496 0.09660458 -0.04277133
v -0.02850335 0.07674968 -0.04135608
v -0.01891779 0.09911400 -0.04310184
v -0.00729620 0.05521506 -0.04247474
v -0.00855929 0.11147320 -0.03943359
v -0.01940912 0.10014140 -0.04292017
v -0.00868976 0.05547744 -0.04227006
v -0.00733411 0.05505281 -0.04222542
v -0.00868976 0.05547744 -0.04227006
v -0.00441098 0.05451381 -0.04250246
v -0.00849503 0.11158690 -0.03927385
v -0.02839297 0.09407472 -0.03766310
v -0.01018446 0.11136150 -0.03864681
v -0.02410280 0.08117586 -0.04456073
v -0.00849503 0.11158690 -0.03927385
v -0.01139432 0.11057690 -0.03926742
v -0.01056474 0.11097380 -0.03918027
v -0.01065897 0.05678349 -0.04328829
v -0.00435942 0.11066990 -0.04130458
v -0.01002502 0.10893040 -0.04163080
v -0.02756720 0.07294380 -0.04119133
v -0.01082384 0.05942451 -0.04502558
v -0.00849503 0.11158690 -0.03927385
v -0.01056474 0.11097380 -0.03918027
v -0.01174372 0.11058750 -0.03897339
v -0.02471154 0.08251750 -0.04434305
v -0.00435942 0.11066990 -0.04130458
v -0.01002502 0.10893040 -0.04163080
v -0.00676453 0.11000690 -0.04143428
v -0.01022869 0.06392341 -0.04616546
v -0.01378887 0.11028930 -0.03659462
v -0.01058512 0.06036388 -0.04550021
v -0.00859386 0.11166840 -0.03906100
v -0.01174372 0.11058750 -0.03897339
v -0.02355182 0.08219331 -0.04456645
v -0.00801980 0.11190390 -0.03892755
v -0.01264709 0.11026660 -0.03880965
v -0.01196372 0.06451672 -0.04608368
v -0.02790772 0.07325643 -0.04080152
v -0.02721977 0.07269465 -0.04157733
v -0.02756720 0.07294380 -0.04119133
v -0.02000427 0.10075700 -0.04242801
v -0.02790772 0.07325643 -0.04080152
v -0.01099473 0.11098770 -0.03876554
v -0.00801980 0.11190390 -0.03892755
v -0.01264709 0.11026660 -0.03880965
v -0.02810645 0.07330340 -0.04043930
v -0.00949627 0.05512541 -0.04122650
v -0.00949627 0.05512541 -0.04122650
v -0.00855255 0.05491435 -0.04150873
v -0.00441098 0.05451381 -0.04250246
v -0.01053839 0.05544203 -0.04105669
v -0.00949627 0.05512541 -0.04122650
v -0.00484020 0.05392801 -0.04119879
v -0.00435942 0.11066990 -0.04130458
v -0.02616852 0.09694302 -0.04001712
v -0.00808453 0.05457478 -0.04101425
v -0.01053839 0.05544203 -0.04105669
v -0.00484020 0.05392801 -0.04119879
v -0.00766939 0.11243370 -0.03796195
v -0.02297496 0.09660458 -0.04277133
v -0.01555395 0.06501662 -0.04575634
v -0.02613347 0.09743988 -0.03959715
v -0.01072609 0.05493724 -0.04001998
v -0.00517654 0.05337315 -0.04000574
v -0.00363255 0.05295079 -0.03905469
v -0.02906227 0.07496148 -0.03945261
v -0.01020961 0.11182880 -0.03696584
v -0.01441758 0.06016719 -0.04424959
v -0.02903372 0.07637977 -0.04025024
v -0.02810645 0.07330340 -0.04043930
v -0.02719116 0.07129085 -0.04076868
v -0.02903372 0.07637977 -0.04025024
v -0.01088714 0.05802637 -0.04411107
v -0.02064156 0.10098730 -0.04215955
v -0.00855255 0.05491435 -0.04150873
v -0.00602722 0.11232550 -0.03899866
v -0.00801980 0.11190390 -0.03892755
v -0.02435922 0.08470678 -0.04425865
v -0.01072609 0.05493724 -0.04001998
v -0.00363255 0.05295079 -0.03905469
v -0.00778699 0.05382293 -0.03901731
v -0.00602722 0.11232550 -0.03899866
v -0.00801980 0.11190390 -0.03892755
v -0.01099473 0.11098770 -0.03876554
v -0.00663769 0.11235150 -0.03867453
v -0.01099473 0.11098770 -0.03876554
v -0.01018446 0.11136150 -0.03864681
v -0.02131569 0.10063430 -0.04202353
v -0.02428567 0.08304631 -0.04440540
v -0.00949627 0.05512541 -0.04122650
v -0.01135033 0.05583930 -0.04125303
v -0.02540791 0.08303612 -0.04410433
v -0.00423551 0.11288080 -0.03873407
v -0.01018446 0.11136150 -0.03864681
v -0.00766939 0.11243370 -0.03796195
v -0.01648098 0.10184350 -0.04286295
v -0.02435654 0.08281153 -0.04440939
v -0.00423551 0.11288080 -0.03873407
v -0.00663769 0.11235150 -0.03867453
v -0.01018446 0.11136150 -0.03864681
v -0.02508682 0.09853076 -0.04016029
v -0.02856260 0.07262200 -0.03811931
v -0.01077771 0.05540722 -0.04086118
v -0.01072609 0.05493724 -0.04001998
v -0.01345199 0.05894637 -0.04377216
v -0.01310610 0.06109535 -0.04518979
v -0.00760835 0.11267160 -0.03664308
v -0.02538990 0.09853935 -0.03976833
v -0.02505183 0.09893119 -0.03990435
v -0.01818490 0.10139700 -0.04276025
v -0.01651895 0.10276030 -0.04268687
v -0.02456200 0.09924465 -0.04030442
v -0.02484124 0.09810245 -0.04083728
v -0.02356517 0.08546781 -0.04429262
v -0.02492851 0.10026650 -0.03852230
v -0.02869415 0.07695090 -0.04103571
v -0.02738469 0.07646906 -0.04275900
v -0.02850335 0.07674968 -0.04135608
v -0.01374661 0.06571280 -0.04598957
v -0.02869415 0.07695090 -0.04103571
v -0.02297973 0.09995877 -0.04157733
v -0.02380371 0.09823405 -0.04195880
v -0.02151757 0.10112270 -0.04163593
v -0.02292501 0.08736872 -0.04415011
v -0.01156073 0.05623918 -0.04183501
v -0.00868976 0.05547744 -0.04227006
v -0.00733411 0.05505281 -0.04222542
v -0.01156073 0.05623918 -0.04183501
v -0.02395373 0.08473604 -0.04432153
v -0.01334553 0.06077069 -0.04498380
v -0.00423551 0.11288080 -0.03873407
v -0.02630239 0.09860748 -0.03699040
v -0.01756876 0.10269340 -0.04251849
v -0.01162695 0.05605280 -0.04147362
v -0.01993018 0.10243070 -0.04182457
v -0.01340121 0.06066912 -0.04491740
v -0.02778244 0.08073222 -0.04282480
v -0.02729797 0.08338916 -0.04311847
v -0.01754307 0.10287240 -0.04246658
v -0.02329182 0.08623319 -0.04424065
v -0.02920532 0.07833850 -0.04083728
v -0.02305072 0.10021020 -0.04111677
v -0.00423551 0.11288080 -0.03873407
v -0.00403947 0.11325520 -0.03690308
v -0.01620674 0.10416970 -0.04228878
v -0.01345282 0.05724126 -0.04191762
v -0.01904213 0.10205020 -0.04235482
v -0.02290874 0.10073880 -0.04088336
v -0.01345282 0.05724126 -0.04191762
v -0.00868976 0.05547744 -0.04227006
v -0.01156073 0.05623918 -0.04183501
v -0.02420938 0.10056190 -0.03940165
v -0.02441859 0.10006620 -0.03965598
v -0.02538990 0.09853935 -0.03976833
v -0.01053839 0.05544203 -0.04105669
v -0.02520841 0.08371663 -0.04413127
v -0.01423877 0.05751883 -0.04170328
v -0.01480233 0.06585496 -0.04590576
v -0.01388674 0.05715936 -0.04142946
v -0.01576226 0.06465327 -0.04562479
v -0.01540279 0.06637966 -0.04587972
v -0.02257627 0.10150730 -0.04057484
v -0.01053839 0.05544203 -0.04105669
v -0.01895791 0.10252110 -0.04219728
v -0.02546310 0.08675944 -0.04375368
v -0.01299136 0.05642789 -0.04094588
v -0.01438730 0.10407100 -0.04263108
v -0.02875512 0.08016002 -0.04174524
v -0.02671647 0.08355867 -0.04347306
v -0.01368373 0.05674004 -0.04084247
v -0.02303898 0.10147610 -0.04009395
v -0.02113109 0.10286870 -0.04074889
v -0.02303898 0.10147610 -0.04009395
v -0.02456200 0.09924465 -0.04030442
v -0.02508682 0.09853076 -0.04016029
v -0.01430422 0.05901849 -0.04343301
v -0.01499354 0.06572675 -0.04587924
v -0.02881997 0.08399760 -0.04176050
v -0.02621454 0.08619916 -0.04357248
v -0.02671647 0.08355867 -0.04347306
v -0.02704811 0.08630740 -0.04304885
v -0.02610772 0.08099162 -0.04392725
v -0.01408743 0.06901109 -0.04584294
v -0.02331143 0.10131230 -0.03991812
v -0.01603692 0.06400859 -0.04542261
v -0.02704811 0.08630740 -0.04304885
v -0.02966362 0.07612091 -0.03759807
v -0.01072609 0.05493724 -0.04001998
v -0.00778699 0.05382293 -0.03901731
v -0.01413822 0.05620944 -0.03853279
v -0.01456350 0.05838352 -0.04263734
v -0.02324402 0.10159930 -0.03968316
v -0.02869415 0.07695090 -0.04103571
v -0.01640129 0.06379973 -0.04523181
v -0.01463311 0.05850827 -0.04273146
v -0.02324402 0.10159930 -0.03968316
v -0.02538990 0.09853935 -0.03976833
v -0.02441859 0.10006620 -0.03965598
v -0.02920055 0.08128672 -0.04112190
v -0.01939296 0.10292220 -0.04182982
v -0.01436257 0.05797195 -0.04226064
v -0.02915823 0.08024358 -0.04111862
v -0.02920055 0.08128672 -0.04112190
v -0.02869415 0.07695090 -0.04103571
v -0.02915823 0.08024358 -0.04111862
v -0.02891939 0.07812142 -0.04102122
v -0.01601481 0.06242167 -0.04482841
v -0.02210295 0.10254100 -0.04008561
v -0.01475054 0.05809676 -0.04215127
v -0.01436257 0.05797195 -0.04226064
v -0.01065897 0.05678349 -0.04328829
v -0.01751595 0.06000792 -0.04213351
v -0.01475054 0.05809676 -0.04215127
v -0.01306617 0.10459960 -0.04262173
v -0.01475054 0.05809676 -0.04215127
v -0.01612514 0.06257444 -0.04485559
v -0.01715666 0.05957674 -0.04193484
v -0.01475054 0.05809676 -0.04215127
v -0.01345282 0.05724126 -0.04191762
v -0.02040898 0.10309360 -0.04114097
v -0.01345282 0.05724126 -0.04191762
v -0.02162474 0.10324290 -0.03987962
v -0.02303898 0.10147610 -0.04009395
v -0.02508682 0.09853076 -0.04016029
v -0.02162474 0.10324290 -0.03987962
v -0.02508682 0.09853076 -0.04016029
v -0.02331143 0.10131230 -0.03991812
v -0.02330166 0.10195910 -0.03910166
v -0.01715666 0.05957674 -0.04193484
v -0.02378457 0.08989089 -0.04381555
v -0.02356386 0.08733689 -0.04412502
v -0.01744717 0.05949449 -0.04153949
v -0.01503866 0.05768489 -0.04127508
v -0.01744717 0.05949449 -0.04153949
v -0.01494789 0.05754417 -0.04112207
v -0.01053839 0.05544203 -0.04105669
v -0.01494789 0.05754417 -0.04112207
v -0.01368373 0.05674004 -0.04084247
v -0.01299136 0.05642789 -0.04094588
v -0.01077771 0.05540722 -0.04086118
v -0.02126044 0.10383360 -0.03960883
v -0.01722967 0.05903583 -0.04103630
v -0.01299136 0.05642789 -0.04094588
v -0.01368373 0.05674004 -0.04084247
v -0.01722967 0.05903583 -0.04103630
v -0.01494789 0.05754417 -0.04112207
v -0.01299136 0.05642789 -0.04094588
v -0.01800745 0.05944705 -0.04080879
v -0.01722967 0.05903583 -0.04103630
v -0.02978515 0.08056056 -0.04010486
v -0.01726627 0.05831897 -0.03979396
v -0.01792901 0.06270015 -0.04415899
v -0.01971608 0.10321320 -0.04148077
v -0.02427005 0.08743399 -0.04401749
v -0.02156043 0.10359620 -0.03949970
v -0.02324402 0.10159930 -0.03968316
v -0.02441859 0.10006620 -0.03965598
v -0.02223724 0.10297580 -0.03937107
v -0.02156043 0.10359620 -0.03949970
v -0.02819824 0.08421123 -0.04227167
v -0.02984285 0.07878530 -0.03945261
v -0.01746577 0.06083548 -0.04305011
v -0.01525390 0.05710828 -0.03976351
v -0.01726627 0.05831897 -0.03979396
v -0.01072609 0.05493724 -0.04001998
v -0.02268320 0.10258410 -0.03922760
v -0.01472926 0.05649662 -0.03849691
v -0.01525390 0.05710828 -0.03976351
v -0.01560592 0.10524460 -0.04204303
v -0.01746183 0.06038600 -0.04264044
v -0.00404400 0.10774880 -0.04237383
v -0.01802116 0.06057786 -0.04236167
v -0.02462005 0.08997905 -0.04364871
v -0.02258330 0.10285750 -0.03896117
v -0.02025395 0.10368870 -0.04079622
v -0.02977746 0.08256328 -0.04019641
v -0.02978515 0.08056056 -0.04010486
v -0.02984285 0.07878530 -0.03945261
v -0.02795130 0.08473324 -0.04249626
v -0.01835858 0.06138849 -0.04287707
v -0.01694673 0.10454640 -0.04197508
v -0.02058875 0.10376160 -0.04043871
v -0.01767396 0.05978500 -0.04174721
v -0.01887696 0.06190329 -0.04292589
v -0.01849174 0.06047505 -0.04178130
v -0.02405917 0.10183380 -0.03699731
v -0.01411098 0.10549810 -0.04229044
v -0.01753723 0.10471790 -0.04166162
v -0.02920055 0.08128672 -0.04112190
v -0.02920055 0.08128672 -0.04112190
v -0.02915823 0.08024358 -0.04111862
v -0.02891939 0.07812142 -0.04102122
v -0.01864367 0.06018960 -0.04120862
v -0.02254766 0.08984625 -0.04393333
v -0.01753723 0.10471790 -0.04166162
v -0.02931213 0.08308207 -0.04105097
v -0.02920532 0.07833850 -0.04083728
v -0.01753723 0.10471790 -0.04166162
v -0.01939296 0.10292220 -0.04182982
v -0.01993018 0.10243070 -0.04182457
v -0.02162474 0.10324290 -0.03987962
v -0.01879763 0.06106144 -0.04217988
v -0.01720458 0.10493140 -0.04167622
v -0.02045148 0.10430250 -0.03999447
v -0.01898413 0.06034576 -0.04100829
v -0.02162474 0.10324290 -0.03987962
v -0.02978515 0.08056056 -0.04010486
v -0.02812647 0.08521604 -0.04228693
v -0.01905298 0.06106281 -0.04192513
v -0.02156043 0.10359620 -0.03949970
v -0.02333593 0.08972334 -0.04390287
v -0.02291870 0.09287822 -0.04350382
v -0.02356517 0.08546781 -0.04429262
v -0.02333593 0.08972334 -0.04390287
v -0.02356517 0.08546781 -0.04429262
v -0.01897770 0.06062906 -0.04144746
v -0.01901137 0.10576070 -0.03973132
v -0.02045148 0.10430250 -0.03999447
v -0.03040379 0.08107805 -0.03782820
v -0.02610069 0.08765405 -0.04337882
v -0.01915758 0.06091344 -0.04162496
v -0.02586019 0.08776831 -0.04347628
v -0.01929581 0.06119138 -0.04182279
v -0.01947700 0.06114369 -0.04155611
v -0.01958042 0.06084191 -0.04097670
v -0.01722049 0.10582280 -0.04106235
v -0.01929795 0.06046700 -0.04076534
v -0.02133840 0.10414640 -0.03905469
v -0.02147573 0.10404250 -0.03899854
v -0.01916891 0.06027632 -0.04062628
v -0.01989746 0.06128960 -0.04120349
v -0.02050352 0.10478990 -0.03925931
v -0.02156043 0.10359620 -0.03949970
v -0.01805859 0.10545670 -0.04086345
v -0.01407384 0.10589770 -0.04214781
v -0.01944696 0.07189828 -0.04548221
v -0.01885598 0.07097613 -0.04556161
v -0.01979953 0.06084156 -0.04065179
v -0.02011108 0.06117039 -0.04094409
v -0.01818948 0.10565570 -0.04060208
v -0.01816463 0.05867886 -0.03799712
v -0.02977746 0.08256328 -0.04019641
v -0.02012401 0.06120735 -0.04077380
v -0.02011108 0.06117039 -0.04094409
v -0.01958042 0.06084191 -0.04097670
v -0.02012401 0.06120735 -0.04077380
v -0.02014178 0.06126809 -0.04084795
v -0.02011108 0.06117039 -0.04094409
v -0.02012401 0.06120735 -0.04077380
v -0.01739728 0.10614500 -0.04068309
v -0.01834350 0.10581900 -0.04031431
v -0.02011108 0.07100856 -0.04542261
v -0.02039027 0.06147021 -0.04076856
v -0.02014178 0.06126809 -0.04084795
v -0.01518154 0.10569670 -0.04196429
v -0.01159662 0.10709940 -0.04219532
v -0.01407384 0.10589770 -0.04214781
v -0.01560592 0.10524460 -0.04204303
v -0.02291870 0.09287822 -0.04350382
v -0.02062106 0.06134247 -0.04011720
v -0.02062106 0.06134247 -0.04011720
v -0.01979953 0.06084156 -0.04065179
v -0.01991689 0.06090044 -0.04057103
v -0.01979649 0.06030613 -0.03944486
v -0.01849156 0.10597240 -0.04002130
v -0.02057427 0.06153434 -0.04060548
v -0.02029055 0.06074458 -0.03943485
v -0.01991689 0.06090044 -0.04057103
v -0.01929003 0.05977195 -0.03910827
v -0.01991456 0.06023633 -0.03883773
v -0.02061748 0.06059229 -0.03733283
v -0.02186959 0.07042491 -0.04494005
v -0.02047920 0.06076645 -0.03892570
v -0.02044725 0.07307165 -0.04536157
v -0.01520019 0.10709020 -0.04109770
v -0.01721668 0.10709580 -0.03976196
v -0.02045148 0.10430250 -0.03999447
v -0.01901137 0.10576070 -0.03973132
v -0.01721668 0.10709580 -0.03976196
v -0.01849156 0.10597240 -0.04002130
v -0.02045148 0.10430250 -0.03999447
v -0.02775567 0.08862984 -0.04213434
v -0.02812647 0.08521604 -0.04228693
v -0.02819824 0.08421123 -0.04227167
v -0.02094435 0.06118679 -0.03887462
v -0.02085763 0.07395267 -0.04529339
v -0.01667881 0.10705200 -0.04026854
v -0.02500027 0.09228003 -0.04302954
v -0.02586019 0.08776831 -0.04347628
v -0.02621454 0.08619916 -0.04357248
v -0.02204084 0.07205933 -0.04503756
v -0.01859319 0.10629430 -0.03948032
v -0.01699697 0.10749220 -0.03938776
v -0.01859319 0.10629430 -0.03948032
v -0.02050352 0.10478990 -0.03925931
v -0.02106386 0.07427710 -0.04526281
v -0.01895266 0.10626000 -0.03908920
v -0.01895266 0.10626000 -0.03908920
v -0.02050352 0.10478990 -0.03925931
v -0.02268159 0.09393125 -0.04344433
v -0.02291870 0.09287822 -0.04350382
v -0.02378457 0.08989089 -0.04381555
v -0.02290052 0.07740372 -0.04491996
v -0.02085763 0.07395267 -0.04529339
v -0.02106386 0.07427710 -0.04526281
v -0.02085763 0.07395267 -0.04529339
v -0.02255630 0.06958568 -0.04443079
v -0.01623046 0.10785230 -0.03964483
v -0.01721668 0.10709580 -0.03976196
v -0.01901137 0.10576070 -0.03973132
v -0.02425748 0.06881326 -0.04297494
v -0.02340793 0.06852900 -0.04343420
v -0.02488708 0.06816279 -0.04209613
v -0.02186959 0.07042491 -0.04494005
v -0.03038412 0.08439260 -0.03802329
v 0.02154004 0.10722330 -0.02135097
v 0.02132320 0.10739790 -0.02124148
v 0.02456229 0.10409620 -0.02199316
v 0.02456229 0.10409620 -0.02199316
v 0.02458763 0.10386350 -0.02487874
v 0.02211612 0.10653280 -0.02421826
v 0.02154004 0.10722330 -0.02135097
v 0.01922076 0.10898680 -0.02343726
v 0.01755380 0.11027280 -0.02050334
v 0.02132320 0.10739790 -0.02124148
v 0.01726198 0.11031230 -0.02331990
v 0.01335901 0.11253080 -0.01983827
v 0.00525689 0.05157226 -0.03496724
v 0.00148904 0.05117172 -0.03516995
v 0.00271553 0.05107796 -0.03698647
v 0.00525689 0.05157226 -0.03496724
v 0.00271553 0.05107796 -0.03698647
v 0.00353610 0.05137974 -0.03685814
v 0.00774765 0.05208736 -0.03654712
v 0.01263046 0.11272560 -0.02274066
v 0.00824118 0.05221933 -0.03488063
v 0.01130104 0.05320322 -0.03458005
v 0.01262760 0.05374413 -0.03614789
v 0.01663112 0.05572557 -0.03403931
v 0.01215869 0.05354028 -0.03688341
v 0.01907873 0.05735927 -0.03536063
v 0.02213233 0.05988872 -0.03298455
v 0.02213233 0.05988872 -0.03298455
v 0.01907873 0.05735927 -0.03536063
v 0.02589416 0.06410491 -0.03370362
v 0.02512550 0.06316125 -0.03211790
v 0.00959313 0.11398960 -0.01963001
v 0.02696800 0.06568658 -0.03150057
v 0.02792835 0.06730258 -0.03289365
v 0.02925103 0.06972396 -0.03049635
v 0.02975082 0.07102000 -0.03200435
v 0.00694078 0.11462590 -0.02197128
v 0.03157949 0.07682311 -0.03063952
v 0.03141111 0.07596290 -0.02907699
v 0.03078317 0.07376849 -0.02943658
v 0.02925103 0.06972396 -0.03049635
v 0.03141111 0.07596290 -0.02907699
v 0.03209275 0.08030116 -0.02780872
v 0.00466907 0.11510380 -0.01934170
v 0.03213870 0.08157241 -0.02974897
v 0.03212535 0.08504045 -0.02910494
v 0.03226363 0.08335959 -0.02719020
v 0.00308639 0.11528520 -0.01926654
v 0.03154170 0.09004390 -0.02550405
v 0.03151285 0.08991491 -0.02793318
v 0.00256884 0.11530200 -0.02194637
v -0.00367993 0.11524120 -0.01929003
v 0.02980065 0.09535527 -0.02668136
v 0.03017759 0.09466159 -0.02426153
v 0.02854406 0.09812402 -0.02552628
v 0.02844917 0.09836703 -0.02348297
v 0.02703905 0.10077890 -0.02279257
v 0.02731132 0.10019170 -0.02569770
v -0.01219516 0.06900763 -0.04547154
v 0.01199007 0.06912767 -0.04573678
v -0.01221626 0.06865596 -0.04589444
v -0.01061296 0.11366230 -0.01958727
v -0.01000970 0.11365300 -0.01947313
v -0.00682569 0.11458120 -0.01925748
v -0.03159332 0.07721507 -0.02856737
v -0.03157997 0.07796275 -0.02833563
v -0.03220790 0.08206927 -0.02735877
v -0.00682569 0.11458120 -0.01925748
v 0.00368398 0.11508220 -0.01904815
v 0.00197977 0.11529950 -0.01903480
v -0.00763798 0.11447790 -0.01935982
v -0.00367993 0.11524120 -0.01929003
v -0.00763798 0.11447790 -0.01935982
v -0.00682569 0.11458120 -0.01925748
v -0.00660407 0.11472170 -0.01943027
v -0.01061296 0.11366230 -0.01958727
v -0.00763798 0.11447790 -0.01935982
v -0.00660407 0.11472170 -0.01943027
v -0.00339484 0.11510120 -0.01910990
v -0.03220790 0.08206927 -0.02735877
v -0.03153878 0.07650816 -0.02884811
v -0.03159332 0.07721507 -0.02856737
v -0.00339484 0.11510120 -0.01910990
v -0.00367993 0.11524120 -0.01929003
v -0.01061296 0.11366230 -0.01958727
v -0.00660407 0.11472170 -0.01943027
v -0.00021887 0.11538010 -0.01909381
v -0.03220790 0.08206927 -0.02735877
v -0.03197568 0.08517825 -0.02653741
v -0.03169482 0.08863627 -0.02571105
v 0.00004768 0.11526640 -0.01906162
v -0.00021887 0.11538010 -0.01909381
v -0.00016880 0.05120366 -0.03502559
v 0.00103372 0.05123835 -0.03502821
v -0.00580716 0.05158805 -0.03500175
v -0.00367993 0.11524120 -0.01929003
v -0.00021887 0.11538010 -0.01909381
v 0.00308639 0.11528520 -0.01926654
v -0.03210163 0.08614528 -0.02641493
v -0.03220790 0.08206927 -0.02735877
v -0.03169482 0.08863627 -0.02571105
v -0.00580716 0.05158805 -0.03500175
v 0.00148904 0.05117172 -0.03516995
v -0.00016880 0.05120366 -0.03502559
v -0.03141635 0.09056699 -0.02534550
v -0.03210163 0.08614528 -0.02641493
v -0.03169482 0.08863627 -0.02571105
v -0.03083950 0.09200799 -0.02484107
v -0.03169482 0.08863627 -0.02571105
v -0.02994537 0.09460628 -0.02418231
v -0.03089523 0.09219157 -0.02484327
v -0.03169482 0.08863627 -0.02571105
v -0.03083950 0.09200799 -0.02484107
v -0.00720882 0.05201476 -0.03486448
v -0.00431806 0.05161124 -0.03490722
v -0.00785255 0.05229550 -0.03473669
v -0.00580716 0.05158805 -0.03500175
v -0.03051710 0.09373080 -0.02456480
v -0.03141635 0.09056699 -0.02534550
v -0.03169482 0.08863627 -0.02571105
v -0.03051710 0.09373080 -0.02456480
v -0.03169482 0.08863627 -0.02571105
v -0.03089523 0.09219157 -0.02484327
v -0.03051710 0.09373080 -0.02456480
v -0.02994537 0.09460628 -0.02418231
v -0.00786632 0.05225282 -0.03475302
v -0.00985527 0.05271703 -0.03468132
v -0.00786632 0.05225282 -0.03475302
v -0.02965348 0.09554851 -0.02397638
v -0.00985527 0.05271703 -0.03468132
v -0.01532548 0.05498343 -0.03411602
v -0.01152372 0.05326467 -0.03460311
v -0.00580716 0.05158805 -0.03500175
v -0.00985527 0.05271703 -0.03468132
v -0.02965348 0.09554851 -0.02397638
v -0.02772903 0.09960544 -0.02297925
v -0.02772903 0.09960544 -0.02297925
v -0.03051710 0.09373080 -0.02456480
v -0.02965348 0.09554851 -0.02397638
v -0.01532548 0.05498343 -0.03411602
v -0.00580716 0.05158805 -0.03500175
v -0.01152372 0.05326467 -0.03460311
v -0.01152372 0.05326467 -0.03460311
v -0.02876532 0.09794068 -0.02354282
v -0.03051710 0.09373080 -0.02456480
v -0.02772903 0.09960544 -0.02297925
v -0.01710885 0.05624085 -0.03374958
v -0.01710796 0.05625712 -0.03374886
v -0.02772903 0.09960544 -0.02297925
v -0.02648484 0.10117720 -0.02254897
v -0.02390289 0.10446150 -0.02172040
v -0.02485895 0.10379730 -0.02208286
v -0.02876532 0.09794068 -0.02354282
v -0.02772903 0.09960544 -0.02297925
v -0.02485895 0.10379730 -0.02208286
v -0.02763044 0.09988641 -0.02310359
v -0.02876532 0.09794068 -0.02354282
v -0.01971054 0.05790317 -0.03338813
v -0.02433782 0.10405960 -0.02183681
v -0.02772903 0.09960544 -0.02297925
v -0.02390289 0.10446150 -0.02172040
v -0.01971054 0.05790317 -0.03338813
v -0.01532548 0.05498343 -0.03411602
v -0.01710885 0.05624085 -0.03374958
v -0.02437394 0.10409720 -0.02184867
v -0.02441638 0.10413930 -0.02188533
v -0.02485895 0.10379730 -0.02208286
v -0.02297592 0.10576990 -0.02147966
v -0.02446740 0.06239014 -0.03224045
v -0.02225637 0.06004989 -0.03290581
v -0.02192080 0.10675680 -0.02125418
v -0.02485895 0.10379730 -0.02208286
v -0.02297592 0.10576990 -0.02147966
v -0.02192080 0.10675680 -0.02125418
v -0.02297592 0.10576990 -0.02147966
v -0.02186870 0.10677900 -0.02122879
v -0.02128219 0.10745790 -0.02107524
v -0.02414906 0.10451740 -0.02185690
v -0.02485895 0.10379730 -0.02208286
v -0.02128219 0.10745790 -0.02107524
v -0.02485895 0.10379730 -0.02208286
v -0.01936912 0.10879880 -0.02066969
v -0.02195733 0.10694110 -0.02129840
v -0.02485895 0.10379730 -0.02208286
v -0.02414906 0.10451740 -0.02185690
v -0.02195733 0.10694110 -0.02129840
v -0.02414906 0.10451740 -0.02185690
v -0.02128219 0.10745790 -0.02107524
v -0.02115178 0.10759040 -0.02119743
v -0.02485895 0.10379730 -0.02208286
v -0.02195733 0.10694110 -0.02129840
v -0.02186870 0.10677900 -0.02122879
v -0.02128219 0.10745790 -0.02107524
v -0.01939862 0.10891920 -0.02085024
v -0.02128219 0.10745790 -0.02107524
v -0.01936912 0.10879880 -0.02066969
v -0.02115178 0.10759040 -0.02119743
v -0.02195733 0.10694110 -0.02129840
v -0.02128219 0.10745790 -0.02107524
v -0.01906317 0.10911380 -0.02066838
v -0.01936912 0.10879880 -0.02066969
v -0.01539605 0.11131840 -0.02003771
v -0.01906317 0.10911380 -0.02066838
v -0.01778119 0.11008100 -0.02053934
v -0.02128219 0.10745790 -0.02107524
v -0.01939862 0.10891920 -0.02085024
v -0.01778119 0.11008100 -0.02053934
v -0.01631635 0.11073140 -0.02017039
v -0.01906317 0.10911380 -0.02066838
v -0.01539605 0.11131840 -0.02003771
v -0.01486206 0.11168370 -0.01996237
v -0.01906317 0.10911380 -0.02066838
v -0.01631635 0.11073140 -0.02017039
v -0.01539605 0.11131840 -0.02003771
v -0.01486206 0.11168370 -0.01996237
v -0.01631635 0.11073140 -0.02017039
v -0.01638370 0.11085670 -0.02021455
v -0.01906317 0.10911380 -0.02066838
v -0.01486206 0.11168370 -0.01996237
v -0.01639497 0.11088180 -0.02023917
v -0.01939862 0.10891920 -0.02085024
v -0.01906317 0.10911380 -0.02066838
v -0.01639497 0.11088180 -0.02023917
v -0.01906317 0.10911380 -0.02066838
v -0.01638370 0.11085670 -0.02021455
v -0.02715301 0.06618297 -0.03128337
v -0.02823966 0.06771266 -0.03093606
v -0.02446740 0.06239014 -0.03224045
v -0.01778119 0.11008100 -0.02053934
v -0.01939862 0.10891920 -0.02085024
v -0.01639497 0.11088180 -0.02023917
v -0.01486206 0.11168370 -0.01996237
v -0.01486206 0.11168370 -0.01996237
v -0.01778119 0.11008100 -0.02053934
v -0.01639497 0.11088180 -0.02023917
v -0.01629132 0.11102210 -0.02036136
v -0.02115178 0.10759040 -0.02119743
v -0.01778119 0.11008100 -0.02053934
v -0.01629132 0.11102210 -0.02036136
v -0.01778119 0.11008100 -0.02053934
v -0.01486206 0.11168370 -0.01996237
v -0.01322174 0.11233690 -0.01976680
v -0.01223373 0.11268220 -0.01965719
v -0.01335144 0.11243230 -0.01974016
v -0.01061296 0.11366230 -0.01958727
v -0.01629132 0.11102210 -0.02036136
v -0.01486206 0.11168370 -0.01996237
v -0.01318371 0.11249060 -0.01978731
v -0.01486206 0.11168370 -0.01996237
v -0.01335144 0.11243230 -0.01974016
v -0.03017371 0.07212466 -0.02986395
v -0.02823966 0.06771266 -0.03093606
v -0.03159332 0.07721507 -0.02856737
v -0.01382780 0.11231160 -0.02003109
v -0.01629132 0.11102210 -0.02036136
v -0.01061296 0.11366230 -0.01958727
v -0.03077691 0.07372844 -0.02949720
v -0.02823966 0.06771266 -0.03093606
v -0.03017371 0.07212466 -0.02986395
v -0.01000970 0.11365300 -0.01947313
v -0.01322174 0.11233690 -0.01976680
v -0.01223373 0.11268220 -0.01965719
v -0.03077691 0.07372844 -0.02949720
v -0.01000970 0.11365300 -0.01947313
v -0.01335144 0.11243230 -0.01974016
v -0.01061296 0.11366230 -0.01958727
v -0.01004469 0.11361990 -0.01945924
v -0.01004469 0.11361990 -0.01945924
v -0.01223373 0.11268220 -0.01965719
v -0.01061296 0.11366230 -0.01958727
v -0.01486206 0.11168370 -0.01996237
v -0.01318371 0.11249060 -0.01978731
v -0.03153878 0.07650816 -0.02884811
v -0.03077691 0.07372844 -0.02949720
v -0.03159332 0.07721507 -0.02856737
v 0.00283337 0.10646420 -0.04235941
v 0.00298125 0.10735480 -0.04202491
v 0.00387096 0.10799200 -0.04231309
v 0.00239086 0.10583850 -0.04252392
v 0.00387096 0.10799200 -0.04231309
v 0.00474930 0.10817130 -0.04232549
v 0.00283337 0.10646420 -0.04235941
v 0.00387096 0.10799200 -0.04231309
v 0.00239086 0.10583850 -0.04252392
v 0.00220460 0.10627210 -0.04223591
v 0.00172424 0.10625290 -0.04166072
v 0.00298125 0.10735480 -0.04202491
v 0.00220460 0.10627210 -0.04223591
v 0.00239086 0.10583850 -0.04252392
v 0.00183582 0.10584340 -0.04237848
v 0.00172424 0.10625290 -0.04166072
v 0.00220460 0.10627210 -0.04223591
v 0.00066966 0.10577260 -0.04202157
v 0.00011444 0.10510190 -0.04255890
v 0.00091553 0.10556780 -0.04235941
v 0.00066966 0.10577260 -0.04202157
v 0.00048029 0.10583120 -0.04163491
v 0.00066966 0.10577260 -0.04202157
v -0.00114936 0.10582200 -0.04215723
v -0.01262056 0.06936556 -0.04530078
v -0.01268857 0.06953960 -0.04556924
v -0.01256096 0.06969702 -0.04526108
v -0.01262056 0.06936556 -0.04530078
v -0.01240730 0.06916707 -0.04525560
v -0.01219516 0.06900763 -0.04547154
v -0.01248782 0.06965053 -0.04520553
v -0.01240730 0.06916707 -0.04525560
v -0.01256096 0.06969702 -0.04526108
v -0.01216012 0.06920135 -0.04523348
v -0.01219516 0.06900763 -0.04547154
v -0.01240730 0.06916707 -0.04525560
v -0.01240730 0.06916707 -0.04525560
v -0.01262056 0.06936556 -0.04530078
v -0.01256096 0.06969702 -0.04526108
v -0.01256096 0.06969702 -0.04526108
v -0.01235979 0.06969732 -0.04519414
v -0.01248782 0.06965053 -0.04520553
v -0.01231759 0.06921565 -0.04523968
v -0.01216012 0.06920135 -0.04523348
v -0.01240730 0.06916707 -0.04525560
v -0.00372094 0.11323970 -0.03578835
v 0.03052729 0.08586251 -0.03139764
v 0.03047907 0.08373898 -0.03746765
v 0.03022396 0.08725017 -0.03716641
v 0.00454307 0.11365120 -0.02432107
v 0.00387979 0.11325930 -0.03578376
v -0.00123560 0.11356900 -0.03547155
v -0.00347233 0.11378410 -0.02421647
v 0.03024417 0.08813750 -0.03052002
v 0.02936130 0.09116083 -0.03776621
v -0.01019471 0.11218700 -0.02462691
v 0.02846169 0.09485328 -0.02913212
v 0.02785062 0.09530901 -0.03779804
v 0.02640593 0.09837919 -0.03701049
v -0.01467698 0.11015400 -0.02520233
v 0.02405643 0.10233670 -0.02720689
v 0.02430176 0.10154490 -0.03690534
v -0.01826930 0.10788330 -0.02574390
v -0.02225106 0.10441570 -0.02668553
v 0.02218925 0.10382060 -0.03808379
v 0.01983135 0.10627090 -0.03697592
v 0.02013635 0.10640890 -0.02618891
v 0.01683926 0.10855290 -0.03675407
v 0.01430416 0.11049100 -0.02513384
v 0.01476538 0.10982640 -0.03665506
v -0.02628129 0.09912574 -0.02799898
v -0.02919590 0.09263360 -0.02968680
v 0.00769728 0.11262910 -0.03654032
v 0.00380516 0.11323200 -0.03655254
v 0.01149606 0.11120610 -0.03785783
v -0.03024959 0.08812510 -0.03081375
v -0.03061068 0.08324229 -0.03201824
v 0.02508628 0.06576621 -0.03773671
v 0.02373361 0.06374347 -0.03609806
v 0.02141261 0.06141811 -0.03731679
v 0.02664351 0.06795990 -0.03510951
v 0.02625018 0.06771057 -0.03823328
v 0.02767843 0.06956082 -0.03442043
v 0.02664351 0.06795990 -0.03510951
v 0.02972120 0.07623982 -0.03756469
v 0.02943921 0.07480037 -0.03372907
v 0.03050011 0.08062446 -0.03265666
v 0.03024691 0.07960951 -0.03782939
v 0.03209275 0.08030116 -0.02780872
v 0.03205102 0.08576762 -0.02642923
v -0.03197568 0.08517825 -0.02653741
v -0.03220790 0.08206927 -0.02735877
v 0.02046006 0.10815030 -0.02088266
v 0.00341988 0.05147922 -0.03494173
v 0.00341988 0.05147922 -0.03494173
v 0.00525689 0.05157226 -0.03496724
v -0.00431806 0.05161124 -0.03490722
v -0.00580716 0.05158805 -0.03500175
v 0.00341988 0.05147922 -0.03494173
v -0.00431806 0.05161124 -0.03490722
v 0.03136056 0.07629191 -0.02877527
v -0.03157997 0.07796275 -0.02833563
v 0.02386093 0.10463130 -0.02169901
v 0.03078317 0.07376849 -0.02943658
v 0.00525689 0.05157226 -0.03496724
v 0.01002115 0.05287349 -0.03460025
v 0.02748864 0.09984385 -0.02291011
v 0.02860641 0.06836879 -0.03076648
v 0.01130104 0.05320322 -0.03458005
v -0.02648484 0.10117720 -0.02254897
v -0.02715301 0.06618297 -0.03128337
v 0.01832199 0.05697041 -0.03357607
v 0.01942634 0.05769234 -0.03338980
v 0.02931928 0.09607464 -0.02382135
v 0.03183317 0.08803355 -0.02585315
v 0.01335901 0.11253080 -0.01983827
v 0.00969154 0.07298731 -0.04530549
v 0.00634986 0.07507097 -0.04527968
v 0.00702286 0.07481181 -0.04530572
v -0.01079314 0.09217631 -0.04371988
v -0.00757408 0.08985698 -0.04392224
v -0.00782394 0.08919322 -0.04398161
v 0.01398235 0.06665313 -0.04594892
v 0.01291060 0.06924903 -0.04571622
v 0.01539230 0.06776225 -0.04585272
v 0.01300328 0.06679809 -0.04601067
v 0.01201564 0.06906116 -0.04575341
v 0.01377296 0.09769356 -0.04322582
v 0.01802784 0.09925228 -0.04310607
v 0.01509010 0.09788805 -0.04322969
v 0.00588030 0.07172071 -0.04552513
v 0.00524181 0.07494527 -0.04519021
v 0.01246285 0.09834223 -0.04318702
v -0.01440256 0.09711444 -0.04329597
v 0.00424480 0.10857570 -0.04225158
v 0.01466721 0.09630089 -0.04336535
v 0.01474326 0.09575635 -0.04341620
v 0.02206414 0.09403789 -0.04346942
v 0.01472443 0.07184159 -0.04548794
v 0.01226979 0.10135330 -0.04292654
v -0.01188069 0.08929026 -0.04388457
v 0.01138782 0.09816896 -0.04319357
v 0.00991368 0.10583920 -0.04253411
v 0.01156878 0.09826475 -0.04319220
v -0.01172387 0.08919358 -0.04398715
v -0.00782394 0.08919322 -0.04398161
v -0.00786805 0.08817088 -0.04407221
v -0.01172387 0.08919358 -0.04398715
v -0.01188069 0.08929026 -0.04388457
v -0.00782394 0.08919322 -0.04398161
v -0.01188069 0.08929026 -0.04388457
v -0.00786805 0.08817088 -0.04407221
v -0.00807834 0.08614909 -0.04431700
v -0.01188069 0.08929026 -0.04388457
v -0.01172387 0.08919358 -0.04398715
v -0.00786805 0.08817088 -0.04407221
v -0.01112151 0.08590209 -0.04402810
v 0.00720024 0.09813249 -0.04317939
v 0.01128864 0.09810769 -0.04320377
v 0.00761932 0.09792554 -0.04329895
v -0.00094199 0.07376968 -0.04539871
v 0.00719970 0.09825962 -0.04319721
v 0.00991368 0.10583920 -0.04253411
v 0.00720024 0.09813249 -0.04317939
v -0.00807953 0.08178508 -0.04463315
v -0.00404018 0.08124101 -0.04467040
v 0.00695443 0.09821009 -0.04318130
v 0.00719970 0.09825962 -0.04319721
v 0.00249535 0.07552140 -0.04518657
v 0.00284576 0.07525336 -0.04520934
v -0.00784540 0.08081614 -0.04471969
v -0.00406313 0.08057582 -0.04473692
v -0.00415164 0.08031111 -0.04476422
v 0.00554979 0.09832280 -0.04319167
v 0.00011444 0.10510190 -0.04255890
v -0.00798702 0.08022487 -0.04476243
v -0.00431442 0.07901370 -0.04488801
v 0.00070256 0.09831595 -0.04319226
v -0.00712770 0.07729518 -0.04514932
v -0.00491905 0.07774150 -0.04497915
v 0.02268785 0.08892035 -0.04401439
v 0.02281320 0.08090960 -0.04470235
v 0.02163696 0.07584941 -0.04517084
v -0.00414467 0.09831410 -0.04319244
v -0.00254440 0.10572990 -0.04253768
v -0.01362603 0.07427775 -0.04527765
v -0.01078742 0.07701742 -0.04505354
v -0.01050758 0.07215481 -0.04548114
v -0.00304866 0.09056818 -0.04379135
v 0.00006104 0.09291255 -0.04367136
v 0.00002183 0.09286743 -0.04366898
v -0.01359969 0.07417035 -0.04530483
v -0.00233453 0.09004008 -0.04391431
v 0.00002183 0.09286743 -0.04366898
v 0.00006104 0.09291255 -0.04367136
v -0.01375097 0.07413136 -0.04530405
v -0.00233453 0.09004008 -0.04391431
v -0.00304866 0.09056818 -0.04379135
v 0.00002183 0.09286743 -0.04366898
v -0.00311637 0.09065818 -0.04385977
v -0.00750411 0.09422993 -0.04355013
v 0.00006104 0.09291255 -0.04367136
v -0.00311637 0.09065818 -0.04385977
v -0.00213337 0.08962142 -0.04394418
v 0.00006104 0.09291255 -0.04367136
v 0.00125068 0.09167087 -0.04375278
v 0.00163937 0.08393657 -0.04459857
v -0.00399423 0.09085202 -0.04383027
v 0.01468849 0.07131755 -0.04555130
v 0.02001923 0.07361036 -0.04534763
v 0.01890558 0.07110011 -0.04555231
v 0.01804709 0.07047092 -0.04555696
v -0.01221579 0.09831410 -0.04319244
v 0.00746709 0.07709681 -0.04503542
v 0.00843596 0.08893442 -0.04401147
v 0.00935805 0.07960319 -0.04482936
v 0.01638978 0.06942474 -0.04572790
v -0.01279163 0.06960022 -0.04567897
v -0.01403594 0.07402122 -0.04531592
v -0.01383209 0.07403433 -0.04531306
v -0.01259160 0.09824168 -0.04319202
v -0.01323223 0.09810781 -0.04321044
v 0.00751591 0.07684123 -0.04507166
v 0.01128047 0.07607924 -0.04510307
v -0.01368707 0.09785842 -0.04323226
v -0.00654984 0.09076321 -0.04385113
v -0.00833297 0.09371125 -0.04361075
v 0.01638978 0.06942474 -0.04572790
v 0.01676917 0.06905293 -0.04550063
v -0.00710773 0.09042441 -0.04387629
v 0.00735974 0.07634687 -0.04510855
v 0.00959968 0.07313525 -0.04539281
v 0.01356118 0.06948435 -0.04571461
v -0.01408386 0.09752309 -0.04326164
v -0.01569223 0.06822162 -0.04577624
v -0.01440811 0.07416903 -0.04529291
v 0.00702286 0.07481181 -0.04530572
v -0.01583576 0.07231032 -0.04546755
v -0.00744969 0.09007960 -0.04390954
v -0.01408743 0.06901109 -0.04584294
v -0.01472789 0.07449424 -0.04527640
v -0.01461029 0.07441127 -0.04527527
v -0.01408743 0.06901109 -0.04584294
v -0.01569223 0.06822162 -0.04577624
v -0.01279163 0.06960022 -0.04567897
v 0.00706571 0.06354862 -0.04623407
v 0.00496995 0.06295573 -0.04628586
v 0.00251120 0.06256186 -0.04632037
v -0.00181544 0.08270025 -0.04455852
v -0.02831852 0.09851002 -0.02573788
v -0.02763044 0.09988641 -0.02310359
v -0.02630567 0.10171210 -0.02536326
v -0.02876532 0.09794068 -0.02354282
v -0.03006792 0.09432685 -0.02729892
v -0.03051710 0.09373080 -0.02456480
v -0.03087115 0.09210002 -0.02765947
v -0.03173732 0.08868181 -0.02775293
v -0.03209519 0.08541095 -0.02907454
v -0.03214538 0.08187305 -0.02976036
v -0.03177630 0.07786810 -0.03037625
v -0.00264210 0.11523870 -0.02206021
v -0.02992296 0.07130610 -0.03195792
v -0.03077691 0.07372844 -0.02949720
v -0.00608587 0.11475790 -0.02222472
v -0.01061296 0.11366230 -0.01958727
v -0.02587652 0.06409204 -0.03361541
v -0.02276349 0.06059330 -0.03450340
v -0.01067727 0.11352710 -0.02251327
v -0.02225637 0.06004989 -0.03290581
v -0.01976054 0.05801022 -0.03586763
v -0.01971054 0.05790317 -0.03338813
v -0.01532548 0.05498343 -0.03411602
v -0.01772302 0.05647844 -0.03553175
v -0.01449429 0.05459105 -0.03592216
v -0.00580716 0.05158805 -0.03500175
v -0.01157820 0.05332010 -0.03627097
v -0.01053619 0.05298793 -0.03708028
v -0.00538111 0.05157572 -0.03712344
v -0.01334375 0.11248830 -0.02242219
v -0.01382780 0.11231160 -0.02003109
v -0.01638501 0.11085970 -0.02321809
v -0.01629132 0.11102210 -0.02036136
v -0.01916831 0.10905250 -0.02318215
v -0.02115178 0.10759040 -0.02119743
v -0.02121824 0.10735110 -0.02407747
v -0.02476668 0.10385140 -0.02220660
v -0.02485895 0.10379730 -0.02208286
v -0.02359509 0.10507640 -0.02436470
v 0.00271654 0.10909960 -0.03616571
v 0.00290364 0.10754950 -0.03630453
v 0.00090083 0.10607010 -0.03627616
v 0.00071335 0.10637430 -0.03617441
v 0.00271654 0.10909960 -0.03616571
v 0.00071335 0.10637430 -0.03617441
v -0.00060928 0.10602340 -0.03626126
v -0.00244802 0.10773500 -0.03617095
v -0.00060928 0.10602340 -0.03626126
v -0.00140929 0.10666070 -0.03617405
v -0.00192094 0.10717860 -0.03616571
v -0.00244802 0.10773500 -0.03617095
v -0.00276852 0.10803130 -0.03619360
v 0.00272983 0.11283170 -0.03614759
v -0.00284499 0.11255220 -0.03617173
v 0.02067548 0.06981700 -0.04130184
v 0.02186959 0.06920993 -0.04399394
v 0.02380555 0.06753909 -0.04177188
v 0.02364480 0.06752932 -0.04144358
v 0.02012246 0.06239467 -0.04117500
v 0.01626765 0.06626999 -0.04119366
v 0.02362394 0.06530416 -0.04087781
v 0.01730823 0.06856954 -0.04117244
v 0.01846075 0.06939423 -0.04117131
v 0.01976299 0.06975567 -0.04118192
v 0.02408772 0.06682908 -0.04118371
v 0.01974242 0.06216681 -0.04150015
v 0.01680624 0.06469202 -0.04453760
v 0.01671260 0.06493330 -0.04146844
v 0.01626765 0.06626999 -0.04119366
v 0.01671260 0.06493330 -0.04146844
v 0.01621580 0.06618010 -0.04487895
v 0.01626765 0.06626999 -0.04119366
v 0.01621580 0.06618010 -0.04487895
v 0.01619285 0.06719279 -0.04499191
v 0.01654785 0.06810224 -0.04156595
v 0.01636338 0.06781888 -0.04484522
v 0.01725149 0.06899511 -0.04126989
v 0.01676917 0.06905293 -0.04550063
v 0.01846748 0.06990903 -0.04157203
v 0.01725149 0.06899511 -0.04126989
v 0.01812374 0.06987434 -0.04501032
v 0.01676917 0.06905293 -0.04550063
v 0.01846748 0.06990903 -0.04157203
v 0.01812374 0.06987434 -0.04501032
v 0.01962333 0.07010912 -0.04473471
v 0.02067548 0.06981700 -0.04130184
v 0.02072775 0.06992220 -0.04457956
v 0.02072775 0.06992220 -0.04457956
v 0.02119541 0.06963801 -0.04412943
v -0.01966565 0.06234198 -0.04138457
v -0.01704579 0.06461423 -0.04133474
v -0.01806545 0.06351077 -0.04362875
v -0.02383351 0.06674373 -0.04116129
v -0.02095556 0.06934607 -0.04119133
v -0.01818490 0.06962841 -0.04123491
v -0.02383351 0.06674373 -0.04116129
v -0.01818490 0.06962841 -0.04123491
v -0.01857513 0.06934338 -0.04116564
v -0.02383351 0.06674373 -0.04116129
v -0.01857513 0.06934338 -0.04116564
v -0.01708757 0.06858670 -0.04120010
v -0.01681423 0.06788051 -0.04117292
v -0.01629877 0.06632989 -0.04123663
v -0.02022069 0.06244218 -0.04117226
v -0.02343511 0.06774318 -0.04158782
v -0.02055650 0.07014524 -0.04488474
v -0.02041572 0.06997007 -0.04138654
v -0.01818490 0.06962841 -0.04123491
v -0.02041572 0.06997007 -0.04138654
v -0.02055650 0.07014524 -0.04488474
v -0.01823651 0.06992089 -0.04503750
v -0.01672810 0.06847685 -0.04150646
v -0.01818490 0.06962841 -0.04123491
v -0.01720231 0.06924474 -0.04511374
v -0.01823651 0.06992089 -0.04503750
v -0.01630234 0.06792849 -0.04516500
v -0.01629877 0.06632989 -0.04123663
v -0.01672810 0.06847685 -0.04150646
v -0.01630234 0.06792849 -0.04516500
v -0.01619607 0.06587064 -0.04492592
v -0.01655834 0.06529104 -0.04147952
v -0.01710820 0.06441843 -0.04419070
v 0.00290364 0.10754950 -0.03630453
v 0.00323349 0.11269100 -0.03639394
v 0.00335974 0.11088830 -0.04058265
v 0.00322884 0.10822900 -0.04160618
v 0.00298125 0.10735480 -0.04202491
v 0.00090083 0.10607010 -0.03627616
v 0.00290364 0.10754950 -0.03630453
v 0.00298125 0.10735480 -0.04202491
v -0.00060928 0.10602340 -0.03626126
v -0.00233150 0.10685630 -0.03637909
v -0.00060928 0.10602340 -0.03626126
v -0.00114936 0.10582200 -0.04215723
v -0.00237548 0.10653120 -0.04213845
v -0.00233150 0.10685630 -0.03637909
v -0.00237548 0.10653120 -0.04213845
v -0.00324196 0.10796310 -0.04184162
v -0.00316781 0.10853760 -0.03654664
v -0.00316781 0.10853760 -0.03654664
v -0.00324196 0.10796310 -0.04184162
v -0.00326198 0.10963890 -0.03990179
v -0.00324875 0.11262890 -0.03647500
v 0.02381134 0.09643256 -0.04236316
v 0.02314102 0.09701657 -0.04258036
v 0.02223205 0.09936320 -0.04233264
v 0.02366232 0.09736090 -0.04218941
v 0.02381134 0.09643256 -0.04236316
v 0.02181947 0.10008600 -0.04203063
v 0.02895730 0.07695186 -0.04081439
v 0.02992248 0.08195483 -0.03990656
v 0.03012114 0.08219742 -0.03945493
v 0.02316576 0.07361304 -0.04481041
v 0.02333962 0.07478654 -0.04483622
v 0.02557373 0.07740199 -0.04415613
v 0.01010364 0.05620968 -0.04263567
v 0.00856781 0.05591374 -0.04293543
v 0.01068747 0.05631417 -0.04246115
v 0.02237415 0.09502726 -0.04331308
v 0.02150082 0.09695863 -0.04311984
v 0.02993774 0.08006846 -0.03962427
v 0.02296555 0.10176680 -0.03983741
v 0.02432930 0.09957677 -0.04023534
v 0.02233934 0.10226850 -0.04006922
v 0.01026517 0.05574351 -0.04186403
v 0.01130652 0.05633419 -0.04213559
v 0.01248663 0.05670124 -0.04177516
v 0.02452319 0.09967315 -0.03987097
v 0.02296555 0.10176680 -0.03983741
v 0.02175927 0.10329960 -0.03959113
v 0.02350342 0.09115058 -0.04370743
v 0.00641233 0.05513370 -0.04284006
v 0.01068747 0.05631417 -0.04246115
v 0.02349853 0.09884250 -0.04162693
v 0.02204841 0.10023990 -0.04182440
v 0.02610969 0.09249675 -0.04246997
v 0.00373930 0.06143939 -0.04631865
v 0.00686646 0.06233769 -0.04628419
v 0.02412527 0.10042040 -0.03968405
v 0.02175927 0.10329960 -0.03959113
v 0.02314633 0.10179410 -0.03953737
v 0.02452319 0.09967315 -0.03987097
v 0.00556594 0.05786865 -0.04519969
v 0.00721359 0.05912190 -0.04552173
v 0.00813115 0.05843234 -0.04509592
v 0.02219879 0.09655046 -0.04305410
v 0.00384438 0.05898118 -0.04583477
v 0.00415039 0.05959880 -0.04604250
v 0.00692749 0.06014806 -0.04594141
v 0.02469259 0.09982991 -0.03941524
v 0.02212464 0.10304670 -0.03943258
v 0.02141010 0.10395690 -0.03924173
v 0.02116394 0.07168376 -0.04526805
v 0.02078509 0.07376736 -0.04530411
v 0.02348244 0.10164700 -0.03920578
v 0.02141010 0.10395690 -0.03924173
v 0.01981878 0.10590260 -0.03853613
v 0.02348244 0.10164700 -0.03920578
v 0.02469259 0.09982991 -0.03941524
v 0.02141010 0.10395690 -0.03924173
v 0.01986783 0.07195180 -0.04544270
v 0.01992911 0.07251340 -0.04542446
v 0.00961876 0.05463016 -0.04027277
v 0.01129615 0.05584877 -0.04135042
v 0.01196444 0.05603438 -0.04117739
v 0.02385717 0.09415054 -0.04308301
v 0.00528669 0.05764001 -0.04509299
v 0.02314633 0.10179410 -0.03953737
v 0.00619012 0.05769461 -0.04501855
v 0.00528669 0.05764001 -0.04509299
v 0.00963593 0.05777156 -0.04440218
v 0.02414625 0.07250773 -0.04423183
v 0.00447458 0.06057155 -0.04623317
v 0.02871775 0.07378017 -0.03951787
v 0.02895730 0.07695186 -0.04081439
v 0.02993774 0.08006846 -0.03962427
v 0.00912285 0.05488377 -0.04118824
v 0.00912285 0.05488377 -0.04118824
v 0.01248663 0.05670124 -0.04177516
v 0.01129055 0.05598294 -0.04160171
v 0.02982538 0.07854259 -0.03935813
v 0.02871775 0.07378017 -0.03951787
v 0.02993774 0.08006846 -0.03962427
v 0.02493184 0.09997367 -0.03894335
v 0.02469259 0.09982991 -0.03941524
v 0.01448214 0.05729097 -0.04110938
v 0.01329034 0.05603325 -0.03992563
v 0.00912285 0.05488377 -0.04118824
v 0.01129055 0.05598294 -0.04160171
v 0.02547448 0.07645976 -0.04411029
v 0.02665901 0.07753837 -0.04355239
v 0.02397310 0.07155084 -0.04412412
v 0.02254217 0.09101343 -0.04382133
v 0.02304798 0.09112584 -0.04376024
v 0.02745139 0.07387799 -0.04181176
v 0.02838891 0.07679736 -0.04183673
v 0.02910614 0.07916438 -0.04114627
v 0.00459051 0.10994320 -0.04179143
v 0.00397038 0.11077390 -0.04131466
v 0.02451127 0.09214580 -0.04335886
v 0.02982538 0.07854259 -0.03935813
v 0.00836182 0.10752660 -0.04240137
v 0.01046746 0.05743968 -0.04389292
v 0.00619012 0.05769461 -0.04501855
v 0.00963593 0.05777156 -0.04440218
v 0.02485263 0.09699463 -0.04148685
v 0.02459263 0.09789806 -0.04123741
v 0.02269935 0.09693032 -0.04279512
v 0.02385717 0.09415054 -0.04308301
v 0.02269935 0.09693032 -0.04279512
v 0.02277868 0.09675300 -0.04281646
v 0.02744239 0.07351279 -0.04164153
v 0.02745139 0.07387799 -0.04181176
v 0.02910614 0.07916438 -0.04114627
v 0.02277868 0.09675300 -0.04281646
v 0.01126396 0.05491131 -0.03881573
v 0.01609802 0.05769777 -0.04008674
v 0.02545922 0.07292544 -0.04347705
v 0.02713006 0.07413280 -0.04250055
v 0.02797234 0.07460051 -0.04139256
v 0.02744239 0.07351279 -0.04164153
v 0.02910614 0.07916438 -0.04114627
v 0.00734705 0.10798440 -0.04228693
v 0.02298545 0.10077260 -0.04078286
v 0.01502984 0.05668306 -0.03843402
v 0.02838891 0.07679736 -0.04183673
v 0.01986783 0.07195180 -0.04544270
v 0.02001923 0.07361036 -0.04534763
v 0.01992911 0.07251340 -0.04542446
v 0.02198189 0.07166904 -0.04501110
v 0.02642822 0.09480559 -0.04129886
v 0.02459263 0.09789806 -0.04123741
v 0.02298545 0.10077260 -0.04078286
v 0.02791148 0.07389450 -0.04113620
v 0.02910614 0.07916438 -0.04114627
v 0.02865743 0.07667094 -0.04111242
v 0.00458145 0.11174280 -0.04039293
v 0.00461191 0.11078980 -0.04118341
v 0.00459051 0.10994320 -0.04179143
v 0.02791148 0.07389450 -0.04113620
v 0.02797234 0.07460051 -0.04139256
v 0.02910614 0.07916438 -0.04114627
v 0.01998275 0.07153064 -0.04543852
v 0.01010364 0.05620968 -0.04263567
v 0.02399694 0.09989625 -0.04037028
v 0.02642822 0.09480559 -0.04129886
v 0.02298545 0.10077260 -0.04078286
v 0.00856781 0.05591374 -0.04293543
v 0.01952362 0.07107913 -0.04550790
v 0.02791148 0.07389450 -0.04113620
v 0.02865743 0.07667094 -0.04111242
v 0.02897787 0.07773041 -0.04083842
v 0.00667512 0.10942260 -0.04177874
v 0.00459051 0.10994320 -0.04179143
v 0.00489521 0.11050210 -0.04141330
v 0.02765804 0.07289689 -0.04098886
v 0.02765804 0.07289689 -0.04098886
v 0.02897787 0.07773041 -0.04083842
v 0.02895730 0.07695186 -0.04081439
v 0.00228310 0.05985468 -0.04615616
v 0.00647008 0.05642938 -0.04406237
v 0.00383371 0.05678737 -0.04475116
v 0.00897360 0.11081490 -0.04037958
v 0.00458145 0.11174280 -0.04039293
v 0.00718117 0.11166170 -0.03988742
v 0.01182842 0.10782800 -0.04178714
v 0.00667512 0.10942260 -0.04177874
v 0.02245306 0.07154530 -0.04485058
v 0.02250945 0.07151228 -0.04482495
v 0.02371972 0.08451640 -0.04432779
v 0.00785065 0.11054020 -0.04095560
v 0.00489521 0.11050210 -0.04141330
v 0.00459051 0.10994320 -0.04179143
v 0.02076721 0.07076442 -0.04527765
v 0.02833801 0.07391643 -0.04034596
v 0.02847731 0.07476425 -0.04051035
v 0.02576047 0.09741020 -0.04020303
v 0.02625864 0.09598749 -0.04059612
v 0.00785065 0.11054020 -0.04095560
v 0.00461191 0.11078980 -0.04118341
v 0.00458145 0.11174280 -0.04039293
v 0.00459051 0.10994320 -0.04179143
v 0.02589374 0.09166163 -0.04269945
v 0.02634048 0.08998668 -0.04285907
v 0.02576047 0.09741020 -0.04020303
v 0.02432930 0.09957677 -0.04023534
v 0.02296555 0.10176680 -0.03983741
v 0.02452319 0.09967315 -0.03987097
v 0.02576047 0.09741020 -0.04020303
v 0.02296555 0.10176680 -0.03983741
v 0.02184677 0.07046496 -0.04494380
v 0.01011562 0.10625880 -0.04248082
v 0.02822732 0.07333862 -0.04016566
v 0.00432378 0.11257430 -0.03918457
v 0.00932312 0.10749610 -0.04218387
v 0.00984639 0.10921850 -0.04135245
v 0.00785065 0.11054020 -0.04095560
v 0.02184677 0.07046496 -0.04494380
v 0.02250945 0.07151228 -0.04482495
v 0.02316576 0.07361304 -0.04481041
v 0.02711182 0.07231891 -0.04154211
v 0.02632904 0.09690135 -0.03998285
v 0.02412527 0.10042040 -0.03968405
v 0.02314633 0.10179410 -0.03953737
v 0.02642083 0.09642970 -0.04001528
v 0.02452319 0.09967315 -0.03987097
v 0.02412527 0.10042040 -0.03968405
v 0.02632904 0.09690135 -0.03998285
v 0.02642083 0.09642970 -0.04001528
v 0.02412527 0.10042040 -0.03968405
v 0.02632904 0.09690135 -0.03998285
v 0.02314633 0.10179410 -0.03953737
v 0.02448648 0.08971756 -0.04368388
v 0.00468612 0.05425328 -0.04184943
v 0.02765804 0.07289689 -0.04098886
v 0.02734911 0.07218360 -0.04109495
v 0.00469875 0.05416405 -0.04168891
v 0.01178371 0.10589890 -0.04245251
v 0.00836182 0.10752660 -0.04240137
v 0.00734705 0.10798440 -0.04228693
v 0.01178371 0.10589890 -0.04245251
v 0.02454853 0.06863963 -0.04267412
v 0.02838891 0.07679736 -0.04183673
v 0.02297782 0.07013821 -0.04434740
v 0.02771914 0.07244729 -0.04060339
v 0.02765804 0.07289689 -0.04098886
v 0.01228219 0.10579830 -0.04243642
v 0.02317035 0.07024025 -0.04427003
v 0.00448358 0.05312132 -0.03927767
v 0.02415758 0.06999784 -0.04354935
v 0.00404143 0.11313590 -0.03790986
v 0.00655556 0.11233120 -0.03883075
v 0.00432378 0.11257430 -0.03918457
v 0.00536346 0.05390942 -0.04095751
v 0.00456655 0.05389952 -0.04120028
v 0.02642822 0.09480559 -0.04129886
v 0.02603453 0.09490299 -0.04148972
v 0.02599519 0.09465736 -0.04164260
v 0.01297789 0.10444080 -0.04264396
v 0.00596380 0.05382710 -0.04059702
v 0.02371972 0.08451640 -0.04432779
v 0.02304798 0.09112584 -0.04376024
v 0.02320724 0.09025412 -0.04385930
v 0.02703857 0.06965148 -0.03953558
v 0.00280476 0.05583554 -0.04410952
v 0.00297993 0.05563861 -0.04390925
v 0.02634048 0.08998668 -0.04285907
v 0.01239597 0.10620960 -0.04230105
v 0.01336520 0.10860240 -0.04081255
v 0.00785065 0.11054020 -0.04095560
v 0.00458145 0.11174280 -0.04039293
v 0.02420663 0.08777117 -0.04398792
v 0.02371972 0.08451640 -0.04432779
v 0.02320724 0.09025412 -0.04385930
v 0.01178371 0.10589890 -0.04245251
v 0.00836182 0.10752660 -0.04240137
v 0.02225106 0.06971919 -0.04455286
v 0.00510252 0.05403423 -0.04134118
v 0.02317035 0.07024025 -0.04427003
v 0.02225106 0.06971919 -0.04455286
v 0.02297782 0.07013821 -0.04434740
v 0.02652686 0.07039105 -0.04116410
v 0.02734911 0.07218360 -0.04109495
v 0.02765804 0.07289689 -0.04098886
v 0.00456655 0.05389952 -0.04120028
v 0.00510252 0.05403423 -0.04134118
v 0.00912285 0.05488377 -0.04118824
v 0.02454853 0.06863963 -0.04267412
v 0.02298074 0.06967794 -0.04422378
v 0.02333450 0.06928813 -0.04388141
v 0.02225106 0.06971919 -0.04455286
v 0.02502244 0.06996226 -0.04280573
v 0.02602100 0.09843301 -0.03873306
v 0.02724152 0.07146686 -0.04079341
v 0.01336520 0.10860240 -0.04081255
v 0.02677989 0.09520173 -0.04046410
v 0.02803087 0.08882558 -0.04198312
v 0.02803087 0.08882558 -0.04198312
v 0.02642822 0.09480559 -0.04129886
v 0.02625864 0.09598749 -0.04059612
v 0.02502244 0.06996226 -0.04280573
v 0.02713006 0.07413280 -0.04250055
v 0.02838891 0.07679736 -0.04183673
v 0.00296712 0.05403029 -0.04190599
v 0.00992250 0.11129650 -0.03906154
v 0.00992250 0.11129650 -0.03906154
v 0.02576047 0.09741020 -0.04020303
v 0.02803087 0.08882558 -0.04198312
v 0.02454853 0.06863963 -0.04267412
v 0.02502244 0.06996226 -0.04280573
v 0.02838891 0.07679736 -0.04183673
v 0.00414938 0.05373311 -0.04100424
v 0.02525627 0.06887620 -0.04193586
v 0.02500510 0.08962970 -0.04352122
v 0.00300920 0.05351954 -0.04088872
v 0.02732729 0.09435999 -0.04017531
v 0.02642083 0.09642970 -0.04001528
v 0.02805256 0.07132130 -0.03814846
v 0.02422714 0.08060252 -0.04462248
v 0.02561360 0.06893032 -0.04149049
v 0.02732729 0.09435999 -0.04017531
v 0.02725178 0.09527081 -0.03962367
v 0.02632904 0.09690135 -0.03998285
v 0.02493184 0.09997367 -0.03894335
v 0.02725178 0.09527081 -0.03962367
v 0.02750587 0.09451937 -0.03972816
v 0.02632904 0.09690135 -0.03998285
v 0.02738392 0.09518349 -0.03943282
v 0.02652686 0.07039105 -0.04116410
v 0.02501964 0.06760203 -0.04132944
v 0.02652686 0.07039105 -0.04116410
v 0.02765804 0.07289689 -0.04098886
v 0.02501964 0.06760203 -0.04132944
v 0.01225250 0.10790640 -0.04157519
v 0.00992250 0.11129650 -0.03906154
v 0.00404143 0.11313590 -0.03790986
v 0.00717610 0.11253580 -0.03801637
v 0.00992250 0.11129650 -0.03906154
v 0.00655556 0.11233120 -0.03883075
v 0.00404143 0.11313590 -0.03790986
v 0.00897360 0.11081490 -0.04037958
v 0.01336520 0.10860240 -0.04081255
v 0.00458145 0.11174280 -0.04039293
v 0.02731812 0.09548383 -0.03925639
v 0.02602100 0.09843301 -0.03873306
v 0.02550160 0.08904492 -0.04344213
v 0.02581191 0.06841021 -0.04068619
v 0.02523171 0.06805539 -0.04133784
v 0.02724152 0.07146686 -0.04079341
v 0.02771914 0.07244729 -0.04060339
v 0.02559262 0.06784695 -0.04048949
v 0.01125317 0.10869990 -0.04136729
v 0.02620643 0.06893229 -0.04048389
v 0.02620643 0.06893229 -0.04048389
v 0.02559262 0.06784695 -0.04048949
v 0.02771914 0.07244729 -0.04060339
v 0.01241230 0.10818700 -0.04135042
v 0.01241230 0.10818700 -0.04135042
v 0.01125317 0.10869990 -0.04136729
v 0.00984639 0.10921850 -0.04135245
v 0.00404143 0.11313590 -0.03790986
v 0.02501964 0.06760203 -0.04132944
v 0.02516782 0.06775879 -0.04116541
v 0.02652686 0.07039105 -0.04116410
v 0.02592754 0.08538615 -0.04379469
v 0.02747046 0.09508478 -0.03934156
v 0.02899122 0.09158009 -0.03899335
v 0.02602100 0.09843301 -0.03873306
v 0.01363736 0.10487870 -0.04253184
v 0.02443540 0.06706607 -0.04131323
v 0.02523171 0.06805539 -0.04133784
v 0.02443540 0.06706607 -0.04131323
v 0.02561360 0.06893032 -0.04149049
v 0.01504921 0.10419520 -0.04252862
v 0.02516782 0.06775879 -0.04116541
v 0.02564406 0.06784552 -0.04038840
v 0.02523171 0.06805539 -0.04133784
v 0.02501964 0.06760203 -0.04132944
v 0.02443540 0.06706607 -0.04131323
v 0.02501964 0.06760203 -0.04132944
v 0.02680665 0.08790916 -0.04293143
v 0.02680665 0.08790916 -0.04293143
v 0.02634048 0.08998668 -0.04285907
v 0.02589374 0.09166163 -0.04269945
v 0.01511013 0.06691694 -0.04590010
v 0.01494145 0.06695693 -0.04590946
v 0.01586151 0.06792199 -0.04574751
v 0.01541751 0.06622397 -0.04586571
v 0.02806890 0.09219151 -0.04037231
v 0.02532094 0.06746202 -0.04058825
v 0.01307016 0.10772010 -0.04147106
v 0.02796137 0.09305679 -0.03998100
v 0.01481735 0.06607943 -0.04589986
v 0.02526485 0.06705194 -0.04014384
v 0.02501708 0.06694489 -0.04055273
v 0.02486449 0.06682789 -0.04070335
v 0.02853786 0.09154760 -0.03991293
v 0.02725178 0.09527081 -0.03962367
v 0.01550471 0.10287150 -0.04275929
v 0.02362394 0.06530416 -0.04087781
v 0.02859354 0.09183466 -0.03960186
v 0.02853786 0.09154760 -0.03991293
v 0.01387888 0.06624823 -0.04597395
v 0.02839452 0.09139025 -0.04027342
v 0.02488648 0.06627035 -0.03982400
v 0.01178741 0.06345736 -0.04609066
v 0.02450168 0.06608355 -0.04044729
v 0.01804345 0.10286500 -0.04234790
v 0.02469390 0.06636822 -0.04045003
v 0.01521944 0.06575357 -0.04585301
v 0.01560080 0.06511753 -0.04572111
v 0.02452158 0.08433902 -0.04426008
v 0.02522200 0.06641060 -0.03912955
v 0.01204967 0.11014610 -0.03955626
v 0.01390743 0.10884650 -0.03997516
v 0.01300472 0.10980800 -0.03938800
v 0.02441293 0.06566059 -0.03996002
v 0.01512140 0.06363856 -0.04554468
v 0.02515465 0.08432257 -0.04410058
v 0.01873016 0.10175880 -0.04271411
v 0.01178371 0.10589890 -0.04245251
v 0.01363736 0.10487870 -0.04253184
v 0.01873016 0.10175880 -0.04271411
v 0.02404177 0.06427741 -0.03769904
v 0.01873016 0.10175880 -0.04271411
v 0.02870970 0.08946776 -0.04063016
v 0.01291865 0.11008390 -0.03896099
v 0.01291996 0.11011150 -0.03890389
v 0.02202701 0.06238663 -0.03962230
v 0.01560372 0.06387096 -0.04546248
v 0.01632690 0.06358134 -0.04523569
v 0.02946084 0.08575326 -0.04061609
v 0.02806890 0.09219151 -0.04037231
v 0.02839452 0.09139025 -0.04027342
v 0.02946084 0.08575326 -0.04061609
v 0.02870970 0.08946776 -0.04063016
v 0.02806890 0.09219151 -0.04037231
v 0.01358294 0.10986320 -0.03872787
v 0.02912569 0.08843976 -0.04027640
v 0.02912569 0.08843976 -0.04027640
v 0.02839452 0.09139025 -0.04027342
v 0.02796137 0.09305679 -0.03998100
v 0.02912569 0.08843976 -0.04027640
v 0.02796137 0.09305679 -0.03998100
v 0.02853786 0.09154760 -0.03991293
v 0.02187633 0.06273448 -0.04046654
v 0.02933377 0.08796131 -0.04005789
v 0.02912569 0.08843976 -0.04027640
v 0.02853786 0.09154760 -0.03991293
v 0.01619064 0.10388740 -0.04243952
v 0.02949517 0.08753001 -0.04001337
v 0.02933377 0.08796131 -0.04005789
v 0.02853786 0.09154760 -0.03991293
v 0.01590389 0.10593740 -0.04158854
v 0.01742547 0.10075160 -0.04287433
v 0.02954101 0.08746135 -0.03989130
v 0.02949517 0.08753001 -0.04001337
v 0.01619064 0.10388740 -0.04243952
v 0.01239597 0.10620960 -0.04230105
v 0.01804345 0.10286500 -0.04234790
v 0.02936089 0.08888745 -0.03959918
v 0.01446425 0.10907190 -0.03936254
v 0.01300472 0.10980800 -0.03938800
v 0.00992250 0.11129650 -0.03906154
v 0.01521861 0.10865130 -0.03933793
v 0.01446425 0.10907190 -0.03936254
v 0.00992250 0.11129650 -0.03906154
v 0.01575285 0.10887560 -0.03840875
v 0.00992250 0.11129650 -0.03906154
v 0.01291865 0.11008390 -0.03896099
v 0.01575285 0.10887560 -0.03840875
v 0.01521861 0.10865130 -0.03933793
v 0.00992250 0.11129650 -0.03906154
v 0.01756101 0.06178063 -0.04373532
v 0.01658630 0.06294810 -0.04490000
v 0.01840782 0.06164443 -0.04316806
v 0.01336520 0.10860240 -0.04081255
v 0.01804345 0.10286500 -0.04234790
v 0.01804345 0.10286500 -0.04234790
v 0.02946084 0.08575326 -0.04061609
v 0.02404177 0.06427741 -0.03769904
v 0.02508628 0.06576621 -0.03773671
v 0.02141261 0.06141811 -0.03731679
v 0.01673084 0.06141734 -0.04394865
v 0.02064937 0.06163936 -0.04064118
v 0.01343536 0.05873280 -0.04373645
v 0.02025574 0.06122267 -0.04058688
v 0.02046293 0.06145209 -0.04064857
v 0.01724910 0.10473160 -0.04176837
v 0.01957786 0.06097888 -0.04119664
v 0.01937866 0.06157475 -0.04213625
v 0.01991111 0.06118112 -0.04104775
v 0.02016317 0.06125938 -0.04080063
v 0.02761071 0.08151614 -0.04302126
v 0.01774829 0.10374080 -0.04206711
v 0.02018731 0.10086610 -0.04249286
v 0.01861470 0.06074440 -0.04199433
v 0.01840782 0.06164443 -0.04316806
v 0.01913386 0.06029611 -0.04071092
v 0.01446425 0.10907190 -0.03936254
v 0.01845401 0.10057300 -0.04290020
v 0.01974815 0.06084424 -0.04073894
v 0.02817535 0.08591639 -0.04231745
v 0.02761071 0.08151614 -0.04302126
v 0.02803087 0.08882558 -0.04198312
v 0.01898676 0.06079047 -0.04165452
v 0.01844406 0.05927455 -0.04001337
v 0.01691389 0.10759780 -0.03931927
v 0.01874142 0.10047730 -0.04286307
v 0.01178741 0.06345736 -0.04609066
v 0.01512140 0.06363856 -0.04554468
v 0.01632690 0.06358134 -0.04523569
v 0.02999109 0.08728617 -0.03873521
v 0.01782000 0.10497570 -0.04136466
v 0.01668715 0.10614180 -0.04108417
v 0.01914328 0.06058186 -0.04116338
v 0.02817535 0.08591639 -0.04231745
v 0.02810478 0.08150374 -0.04258441
v 0.02949517 0.08753001 -0.04001337
v 0.02974694 0.08466899 -0.04005146
v 0.02933377 0.08796131 -0.04005789
v 0.01982659 0.06059253 -0.04005599
v 0.01898765 0.10552760 -0.04032611
v 0.01879805 0.10355010 -0.04174792
v 0.01724910 0.10473160 -0.04176837
v 0.01590389 0.10593740 -0.04158854
v 0.02163696 0.07584941 -0.04517084
v 0.02281320 0.08090960 -0.04470235
v 0.02371972 0.08451640 -0.04432779
v 0.01854801 0.05991882 -0.04088532
v 0.01778346 0.10680000 -0.03957033
v 0.01778346 0.10680000 -0.03957033
v 0.01643705 0.10764090 -0.03976815
v 0.01390743 0.10884650 -0.03997516
v 0.01786679 0.05978190 -0.04152840
v 0.02803087 0.08882558 -0.04198312
v 0.02810478 0.08150374 -0.04258441
v 0.02817535 0.08591639 -0.04231745
v 0.01521861 0.10865130 -0.03933793
v 0.01767969 0.05997878 -0.04198777
v 0.01838082 0.05993682 -0.04114353
v 0.01747947 0.06005877 -0.04227274
v 0.01664572 0.05985265 -0.04267513
v 0.01608836 0.05910128 -0.04226130
v 0.01608836 0.05910128 -0.04226130
v 0.01747947 0.06005877 -0.04227274
v 0.01840782 0.06164443 -0.04316806
v 0.01972663 0.05992567 -0.03823000
v 0.02066963 0.10348210 -0.04068946
v 0.01817458 0.05952435 -0.04071855
v 0.02066963 0.10348210 -0.04068946
v 0.01668715 0.10614180 -0.04108417
v 0.01336520 0.10860240 -0.04081255
v 0.01780885 0.05989354 -0.04174989
v 0.02066963 0.10348210 -0.04068946
v 0.01336520 0.10860240 -0.04081255
v 0.01898765 0.10552760 -0.04032611
v 0.02285832 0.07838362 -0.04489201
v 0.01319122 0.06039983 -0.04495722
v 0.01632690 0.06358134 -0.04523569
v 0.02001470 0.09749078 -0.04322969
v 0.02974694 0.08466899 -0.04005146
v 0.02912569 0.08843976 -0.04027640
v 0.02141261 0.06141811 -0.03731679
v 0.02024763 0.06056857 -0.03899353
v 0.02974694 0.08466899 -0.04005146
v 0.01643705 0.10764090 -0.03976815
v 0.02020537 0.10195020 -0.04192227
v 0.01879805 0.10355010 -0.04174792
v 0.01978462 0.09853756 -0.04310816
v 0.01778346 0.10680000 -0.03957033
v 0.01898765 0.10552760 -0.04032611
v 0.01643705 0.10764090 -0.03976815
v 0.01842600 0.10642030 -0.03949719
v 0.01778346 0.10680000 -0.03957033
v 0.01625847 0.05885964 -0.04179883
v 0.00755930 0.06286478 -0.04625892
v 0.01386058 0.05976074 -0.04420542
v 0.02066963 0.10348210 -0.04068946
v 0.01590389 0.10593740 -0.04158854
v 0.01782000 0.10497570 -0.04136466
v 0.02066963 0.10348210 -0.04068946
v 0.01650679 0.05859601 -0.04111903
v 0.01932936 0.10572170 -0.03939759
v 0.01778596 0.10700740 -0.03925788
v 0.01356190 0.06001269 -0.04450196
v 0.01319122 0.06039983 -0.04495722
v 0.01386058 0.05976074 -0.04420542
v 0.01649940 0.05847036 -0.04091197
v 0.02115893 0.10145300 -0.04167622
v 0.02992248 0.08195483 -0.03990656
v 0.02974694 0.08466899 -0.04005146
v 0.02949517 0.08753001 -0.04001337
v 0.02057147 0.09914028 -0.04284054
v 0.02478790 0.07851970 -0.04446887
v 0.02334588 0.07610881 -0.04487711
v 0.01778346 0.10680000 -0.03957033
v 0.02066963 0.10348210 -0.04068946
v 0.01898765 0.10552760 -0.04032611
v 0.01932936 0.10572170 -0.03939759
v 0.01778346 0.10680000 -0.03957033
v 0.01842600 0.10642030 -0.03949719
v 0.01932936 0.10572170 -0.03939759
v 0.01842600 0.10642030 -0.03949719
v 0.01691389 0.10759780 -0.03931927
v 0.01416724 0.05896210 -0.04345309
v 0.02057147 0.09914028 -0.04284054
v 0.01873016 0.10175880 -0.04271411
v 0.01804345 0.10286500 -0.04234790
v 0.02838891 0.07679736 -0.04183673
v 0.02810478 0.08150374 -0.04258441
v 0.02803087 0.08882558 -0.04198312
v 0.00993347 0.06086528 -0.04594326
v 0.02838891 0.07679736 -0.04183673
v 0.00770313 0.06100010 -0.04607474
v 0.01451289 0.05839669 -0.04268682
v 0.01001054 0.05973386 -0.04534822
v 0.02910614 0.07916438 -0.04114627
v 0.01871198 0.05904918 -0.03791815
v 0.01608836 0.05910128 -0.04226130
v 0.01450186 0.05818605 -0.04244929
v 0.02115619 0.09587049 -0.04336392
v 0.02223205 0.09936320 -0.04233264
v 0.02181947 0.10008600 -0.04203063
v 0.02223205 0.09936320 -0.04233264
v 0.02020537 0.10195020 -0.04192227
v 0.00609255 0.06139045 -0.04624247
v 0.01248663 0.05670124 -0.04177516
v 0.01625847 0.05885964 -0.04179883
v 0.01786679 0.05978190 -0.04152840
v 0.01480942 0.05779236 -0.04167026
v 0.01248663 0.05670124 -0.04177516
v 0.01786679 0.05978190 -0.04152840
v 0.02020537 0.10195020 -0.04192227
v 0.01879805 0.10355010 -0.04174792
v 0.01932936 0.10572170 -0.03939759
v 0.02066963 0.10348210 -0.04068946
v 0.01778346 0.10680000 -0.03957033
v 0.01032507 0.05826473 -0.04445636
v 0.01356190 0.06001269 -0.04450196
v 0.01113671 0.05947011 -0.04494369
v 0.01481974 0.05764687 -0.04142820
v 0.01480942 0.05779236 -0.04167026
v 0.02141010 0.10395690 -0.03924173
v 0.02175927 0.10329960 -0.03959113
v 0.00979596 0.05900371 -0.04505622
v 0.02141010 0.10395690 -0.03924173
v 0.01932936 0.10572170 -0.03939759
v 0.01778596 0.10700740 -0.03925788
v 0.02141010 0.10395690 -0.03924173
v 0.02296555 0.10176680 -0.03983741
v 0.02233934 0.10226850 -0.04006922
v 0.02066963 0.10348210 -0.04068946
v 0.02296555 0.10176680 -0.03983741
v 0.01329034 0.05603325 -0.03992563
v 0.02314633 0.10179410 -0.03953737
v 0.00921249 0.05884206 -0.04510086
v 0.00979596 0.05900371 -0.04505622
v 0.00813115 0.05843234 -0.04509592
v 0.00979596 0.05900371 -0.04505622
v 0.01113671 0.05947011 -0.04494369
v -0.00196934 0.06092441 -0.04639875
v 0.00496995 0.06295573 -0.04628586
v 0.00706571 0.06354862 -0.04623407
v 0.02212464 0.10304670 -0.03943258
v 0.02314633 0.10179410 -0.03953737
v 0.02141010 0.10395690 -0.03924173
v 0.01046746 0.05743968 -0.04389292
v 0.01343536 0.05873280 -0.04373645
v 0.01416724 0.05896210 -0.04345309
v 0.02993774 0.08006846 -0.03962427
v 0.01130652 0.05633419 -0.04213559
v 0.01450186 0.05818605 -0.04244929
v 0.01608836 0.05910128 -0.04226130
v 0.02895730 0.07695186 -0.04081439
v 0.02897787 0.07773041 -0.04083842
v 0.02910614 0.07916438 -0.04114627
v 0.01248663 0.05670124 -0.04177516
v 0.02066963 0.10348210 -0.04068946
v 0.02381134 0.09643256 -0.04236316
v 0.02223205 0.09936320 -0.04233264
v 0.02181947 0.10008600 -0.04203063
v 0.02910614 0.07916438 -0.04114627
v -0.03051322 0.08105647 -0.03258520
v -0.02991819 0.07657635 -0.03330785
v -0.02877402 0.07269775 -0.03426980
v -0.02623558 0.06741714 -0.03582328
v -0.02355498 0.10429470 -0.02518171
v -0.02344095 0.10436550 -0.02518719
v -0.02465188 0.10288820 -0.02554631
v -0.00379270 0.11455850 -0.02267640
v -0.00285101 0.11464570 -0.02266454
v -0.00442254 0.11445920 -0.02271294
v -0.02359509 0.10507640 -0.02436470
v -0.02121824 0.10735110 -0.02407747
v -0.02341341 0.10449420 -0.02511495
v -0.02373749 0.10412190 -0.02521032
v -0.02355498 0.10429470 -0.02518171
v -0.02630567 0.10171210 -0.02536326
v -0.00168413 0.11487750 -0.02254587
v -0.00303167 0.11465930 -0.02264505
v -0.02576225 0.10149940 -0.02594858
v -0.02057266 0.10711460 -0.02456378
v -0.02667045 0.09931361 -0.02668005
v -0.02465188 0.10288820 -0.02554631
v -0.02350687 0.10426250 -0.02522355
v -0.02576225 0.10149940 -0.02594858
v -0.02350687 0.10426250 -0.02522355
v 0.01008063 0.11314820 -0.02302098
v 0.01102662 0.11281350 -0.02310317
v 0.01031172 0.11305160 -0.02305227
v -0.02580469 0.10140570 -0.02591150
v -0.02355498 0.10429470 -0.02518171
v -0.02465188 0.10288820 -0.02554631
v 0.01056236 0.11300090 -0.02304464
v -0.00488132 0.11448390 -0.02264750
v -0.00608587 0.11475790 -0.02222472
v -0.00168413 0.11487750 -0.02254587
v -0.02573382 0.10155730 -0.02585601
v -0.02580469 0.10140570 -0.02591150
v -0.00618833 0.11413040 -0.02280688
v -0.00378639 0.11451450 -0.02271002
v -0.00256205 0.11463150 -0.02270030
v -0.00661963 0.11388140 -0.02296447
v -0.02577722 0.10151650 -0.02585846
v 0.03213870 0.08157241 -0.02974897
v 0.03157949 0.07682311 -0.03063952
v 0.03173780 0.08187186 -0.03052520
v -0.02576225 0.10149940 -0.02594858
v 0.03163141 0.08670985 -0.02933794
v 0.00686646 0.11450320 -0.02240473
v 0.01263046 0.11272560 -0.02274066
v 0.01081436 0.11295160 -0.02303361
v 0.03212535 0.08504045 -0.02910494
v 0.03163141 0.08670985 -0.02933794
v 0.03173780 0.08187186 -0.03052520
v 0.03140640 0.08535563 -0.02979761
v 0.00798416 0.11371890 -0.02290725
v 0.01015806 0.11284170 -0.02321028
v 0.00852775 0.11305460 -0.02342611
v 0.01053136 0.11292890 -0.02310413
v -0.00623548 0.11413770 -0.02279698
v -0.02715969 0.09933209 -0.02639412
v 0.01053375 0.11293440 -0.02309978
v -0.02721023 0.09967601 -0.02617365
v 0.03107208 0.08867484 -0.02902752
v 0.03107208 0.08867484 -0.02902752
v 0.03140640 0.08535563 -0.02979761
v 0.03105068 0.08865153 -0.02900034
v 0.00798702 0.11372810 -0.02290040
v -0.00622797 0.11416680 -0.02277565
v 0.01065725 0.11290550 -0.02309995
v -0.00622797 0.11416680 -0.02277565
v -0.00379270 0.11455850 -0.02267640
v -0.00442254 0.11445920 -0.02271294
v -0.02756947 0.09855633 -0.02662158
v 0.03027981 0.09205991 -0.02820819
v 0.03105068 0.08865153 -0.02900034
v 0.02992480 0.09298503 -0.02797037
v -0.02762585 0.09847092 -0.02663761
v -0.02580469 0.10140570 -0.02591150
v -0.02756947 0.09855633 -0.02662158
v -0.02754950 0.09865534 -0.02657896
v -0.02762585 0.09847092 -0.02663761
v 0.03030186 0.09208351 -0.02818441
v 0.03030186 0.09208351 -0.02818441
v 0.03105068 0.08865153 -0.02900034
v 0.03027981 0.09205991 -0.02820819
v 0.03030186 0.09208351 -0.02818441
v 0.03163141 0.08670985 -0.02933794
v 0.03107208 0.08867484 -0.02902752
v 0.00799179 0.11374330 -0.02288848
v -0.00623441 0.11419310 -0.02275437
v -0.00379270 0.11455850 -0.02267640
v -0.00623441 0.11419310 -0.02275437
v -0.00168413 0.11487750 -0.02254587
v -0.00379270 0.11455850 -0.02267640
v 0.00800020 0.11376980 -0.02286714
v -0.02779477 0.09703433 -0.02733761
v -0.02756947 0.09855633 -0.02662158
v 0.03065872 0.09191691 -0.02803331
v 0.03030186 0.09208351 -0.02818441
v 0.00800020 0.11376980 -0.02286714
v 0.01056236 0.11300090 -0.02304464
v 0.01008063 0.11314820 -0.02302098
v -0.02835625 0.09700608 -0.02699214
v -0.02754950 0.09865534 -0.02657896
v -0.02762585 0.09847092 -0.02663761
v -0.02776879 0.09831011 -0.02664685
v -0.02754950 0.09865534 -0.02657896
v -0.02835625 0.09700608 -0.02699214
v 0.00788379 0.11383990 -0.02282613
v 0.01056236 0.11300090 -0.02304464
v -0.02776879 0.09831011 -0.02664685
v -0.02715969 0.09933209 -0.02639412
v -0.02754950 0.09865534 -0.02657896
v -0.00624651 0.11421280 -0.02273666
v -0.00168413 0.11487750 -0.02254587
v -0.02779000 0.09831732 -0.02663022
v 0.01057153 0.11302240 -0.02302533
v -0.02831852 0.09851002 -0.02573788
v -0.02630567 0.10171210 -0.02536326
v 0.02992480 0.09298503 -0.02797037
v 0.02922570 0.09519714 -0.02741909
v 0.03030186 0.09208351 -0.02818441
v 0.02992480 0.09298503 -0.02797037
v 0.02928078 0.09513384 -0.02741622
v -0.02835625 0.09700608 -0.02699214
v 0.02922570 0.09519714 -0.02741909
v -0.02762585 0.09847092 -0.02663761
v 0.02848637 0.09666967 -0.02708601
v 0.02992480 0.09298503 -0.02797037
v 0.02785629 0.09749209 -0.02710062
v 0.02918601 0.09523344 -0.02742511
v 0.02992480 0.09298503 -0.02797037
v 0.02848637 0.09666967 -0.02708601
v -0.02909737 0.09548264 -0.02735537
v -0.02907741 0.09556424 -0.02732664
v 0.02992480 0.09298503 -0.02797037
v 0.02918601 0.09523344 -0.02742511
v -0.00629461 0.11414130 -0.02278846
v 0.02922582 0.09524244 -0.02739661
v -0.03006792 0.09432685 -0.02729892
v -0.00625837 0.11423120 -0.02271962
v 0.00661629 0.11405470 -0.02281820
v -0.03008645 0.09253299 -0.02814769
v 0.02768874 0.09831798 -0.02668571
v 0.02760058 0.09845292 -0.02666038
v -0.02909737 0.09548264 -0.02735537
v -0.02835625 0.09700608 -0.02699214
v -0.03008645 0.09253299 -0.02814769
v 0.00689852 0.11400270 -0.02282691
v 0.02779448 0.09818899 -0.02669805
v 0.02848637 0.09666967 -0.02708601
v 0.02783071 0.09820139 -0.02667063
v 0.02783071 0.09820139 -0.02667063
v 0.02922582 0.09524244 -0.02739661
v 0.02731132 0.10019170 -0.02569770
v 0.00686646 0.11450320 -0.02240473
v -0.03025352 0.09217250 -0.02817660
v -0.02909737 0.09548264 -0.02735537
v -0.03008645 0.09253299 -0.02814769
v -0.03026562 0.09221059 -0.02815264
v -0.03025352 0.09217250 -0.02817660
v -0.03023505 0.09235394 -0.02811002
v -0.03026562 0.09221059 -0.02815264
v -0.03046029 0.08883464 -0.02939414
v 0.02766263 0.09847539 -0.02661556
v 0.00662714 0.11409650 -0.02278548
v -0.03067737 0.09045433 -0.02858603
v -0.00936925 0.11331590 -0.02300995
v -0.01273918 0.11173370 -0.02359151
v 0.02627557 0.10066980 -0.02610790
v 0.02760058 0.09845292 -0.02666038
v 0.02587944 0.10122430 -0.02598124
v 0.00697726 0.11404050 -0.02278858
v -0.03093224 0.08563983 -0.03015333
v -0.03025352 0.09217250 -0.02817660
v -0.03046029 0.08883464 -0.02939414
v -0.03093224 0.08563983 -0.03015333
v -0.00937617 0.11333460 -0.02299571
v -0.03153043 0.08676707 -0.02937227
v 0.02629458 0.10067870 -0.02609354
v 0.02629458 0.10067870 -0.02609354
v 0.02848637 0.09666967 -0.02708601
v 0.02768874 0.09831798 -0.02668571
v 0.00647122 0.11419920 -0.02271920
v -0.03153043 0.08676707 -0.02937227
v 0.02629458 0.10067870 -0.02609354
v 0.02779448 0.09818899 -0.02669805
v 0.02848637 0.09666967 -0.02708601
v -0.03087115 0.09210002 -0.02765947
v -0.03006792 0.09432685 -0.02729892
v -0.03153043 0.08676707 -0.02937227
v 0.02611482 0.10101160 -0.02598839
v 0.02779448 0.09818899 -0.02669805
v 0.02611482 0.10101160 -0.02598839
v -0.03209519 0.08541095 -0.02907454
v 0.02611482 0.10101160 -0.02598839
v 0.02783071 0.09820139 -0.02667063
v 0.02766263 0.09847539 -0.02661556
v 0.02635699 0.10070710 -0.02604347
v 0.02611482 0.10101160 -0.02598839
v 0.02589029 0.10122970 -0.02597302
v -0.00939131 0.11337500 -0.02296280
v -0.03132343 0.08091914 -0.03100013
v 0.02591323 0.10124120 -0.02595531
v -0.03179073 0.08216655 -0.03037738
v -0.03143876 0.07763850 -0.03141409
v -0.03064060 0.07662379 -0.03208065
v 0.02553457 0.10183780 -0.02577048
v 0.02635699 0.10070710 -0.02604347
v 0.02611482 0.10101160 -0.02598839
v -0.00901991 0.11351470 -0.02290290
v 0.02598088 0.10127370 -0.02590000
v 0.02635699 0.10070710 -0.02604347
v 0.02553457 0.10183780 -0.02577048
v 0.02458763 0.10386350 -0.02487874
v 0.02598088 0.10127370 -0.02590000
v 0.02412569 0.10353980 -0.02540451
v 0.02469158 0.10201820 -0.02615076
v -0.00947976 0.11341980 -0.02290982
v 0.02403843 0.10366030 -0.02536863
v 0.02403843 0.10366030 -0.02536863
v 0.02589029 0.10122970 -0.02597302
v 0.02412569 0.10353980 -0.02540451
v -0.00843239 0.11406880 -0.02248150
v -0.00962400 0.11323960 -0.02302700
v 0.02412867 0.10360010 -0.02536594
v 0.00628459 0.11418150 -0.02275818
v -0.00962680 0.11324700 -0.02302134
v 0.00476587 0.11447110 -0.02267205
v 0.00697726 0.11404050 -0.02278858
v 0.00628459 0.11418150 -0.02275818
v 0.02411705 0.10365110 -0.02533847
v 0.00445366 0.11460670 -0.02261072
v 0.00788379 0.11383990 -0.02282613
v 0.00697726 0.11404050 -0.02278858
v 0.02400010 0.10381180 -0.02528953
v 0.00445366 0.11460670 -0.02261072
v 0.00697726 0.11404050 -0.02278858
v 0.00476587 0.11447110 -0.02267205
v 0.02553457 0.10183780 -0.02577048
v 0.02611482 0.10101160 -0.02598839
v 0.02400010 0.10381180 -0.02528953
v 0.02553457 0.10183780 -0.02577048
v -0.00963193 0.11326020 -0.02301084
v 0.02403843 0.10366030 -0.02536863
v 0.02412569 0.10353980 -0.02540451
v 0.02389580 0.10380410 -0.02534198
v 0.00378531 0.11450560 -0.02271944
v 0.00269759 0.11419890 -0.02310276
v 0.02391147 0.10381430 -0.02532929
v -0.00964290 0.11328850 -0.02298802
v 0.00453669 0.11444350 -0.02271598
v 0.02211612 0.10653280 -0.02421826
v 0.02211612 0.10653280 -0.02421826
v 0.02553457 0.10183780 -0.02577048
v 0.02400010 0.10381180 -0.02528953
v -0.00965828 0.11332790 -0.02295386
v 0.02188181 0.10594640 -0.02481085
v 0.02166748 0.10612090 -0.02477502
v -0.00966728 0.11335070 -0.02293288
v 0.02188181 0.10594640 -0.02481085
v 0.02389580 0.10380410 -0.02534198
v 0.02412569 0.10353980 -0.02540451
v -0.01067727 0.11352710 -0.02251327
v 0.02188181 0.10594640 -0.02481085
v 0.02403843 0.10366030 -0.02536863
v 0.02389580 0.10380410 -0.02534198
v 0.02188181 0.10594640 -0.02481085
v 0.02391147 0.10381430 -0.02532929
v 0.02403843 0.10366030 -0.02536863
v 0.00453669 0.11444350 -0.02271598
v 0.00689852 0.11400270 -0.02282691
v 0.00661629 0.11405470 -0.02281820
v 0.02185034 0.10600850 -0.02478283
v 0.02391147 0.10381430 -0.02532929
v 0.02188181 0.10594640 -0.02481085
v 0.00454241 0.11447650 -0.02268993
v 0.02186203 0.10605260 -0.02474808
v 0.02400010 0.10381180 -0.02528953
v 0.02181595 0.10612040 -0.02472054
v 0.02198559 0.10597620 -0.02474713
v 0.02211612 0.10653280 -0.02421826
v -0.01266318 0.11212030 -0.02328950
v -0.01408922 0.11139160 -0.02347582
v -0.01265496 0.11214210 -0.02327513
v -0.01266825 0.11216060 -0.02325814
v -0.01492983 0.11101260 -0.02354556
v -0.01492983 0.11101260 -0.02354556
v -0.01265496 0.11214210 -0.02327513
v -0.01410722 0.11142050 -0.02345073
v -0.01269245 0.11218690 -0.02323168
v -0.01269549 0.11220460 -0.02321612
v 0.02064144 0.10704730 -0.02453696
v -0.01533186 0.11082920 -0.02358025
v 0.02066016 0.10706380 -0.02451902
v -0.01638501 0.11085970 -0.02321809
v 0.01909035 0.10831320 -0.02423739
v 0.02166748 0.10612090 -0.02477502
v 0.01524162 0.11037710 -0.02395111
v 0.01926285 0.10819180 -0.02426242
v 0.01926285 0.10819180 -0.02426242
v -0.01739168 0.10927560 -0.02415472
v 0.00378108 0.11454880 -0.02268779
v -0.01566082 0.11060690 -0.02366375
v -0.01566082 0.11060690 -0.02366375
v -0.01408922 0.11139160 -0.02347582
v -0.01668286 0.10993860 -0.02383035
v 0.01926285 0.10819180 -0.02426242
v -0.01570427 0.11060230 -0.02365553
v 0.01910543 0.10832890 -0.02422213
v 0.02185034 0.10600850 -0.02478283
v 0.02064144 0.10704730 -0.02453696
v 0.01910543 0.10832890 -0.02422213
v -0.01410722 0.11142050 -0.02345073
v 0.00378484 0.11457400 -0.02266794
v 0.01928627 0.10825340 -0.02421182
v 0.02186203 0.10605260 -0.02474808
v 0.02066016 0.10706380 -0.02451902
v 0.01928627 0.10825340 -0.02421182
v -0.01579904 0.11061980 -0.02361428
v -0.01557797 0.11075380 -0.02357745
v -0.01579904 0.11061980 -0.02361428
v -0.01558482 0.11076350 -0.02356737
v -0.01578712 0.11065210 -0.02359229
v 0.00230151 0.11505740 -0.02225196
v 0.00057137 0.11473450 -0.02266079
v -0.01578712 0.11065210 -0.02359229
v -0.01269549 0.11220460 -0.02321612
v -0.01558482 0.11076350 -0.02356737
v 0.00256884 0.11530200 -0.02194637
v 0.00057448 0.11475010 -0.02264928
v 0.00068664 0.11472880 -0.02255725
v 0.00230151 0.11505740 -0.02225196
v 0.00057448 0.11475010 -0.02264928
v 0.01910543 0.10832890 -0.02422213
v 0.02064144 0.10704730 -0.02453696
v 0.01926285 0.10819180 -0.02426242
v -0.02057266 0.10711460 -0.02456378
v -0.01408922 0.11139160 -0.02347582
v -0.01739168 0.10927560 -0.02415472
v 0.00082016 0.11485080 -0.02264887
v 0.00230151 0.11505740 -0.02225196
v 0.00068664 0.11472880 -0.02255725
v -0.02057266 0.10711460 -0.02456378
v 0.01839691 0.10889710 -0.02406162
v 0.02066016 0.10706380 -0.02451902
v 0.01910543 0.10832890 -0.02422213
v 0.01839691 0.10889710 -0.02406162
v 0.01928627 0.10825340 -0.02421182
v 0.02066016 0.10706380 -0.02451902
v 0.00082016 0.11485080 -0.02264887
v -0.00264210 0.11523870 -0.02206021
v -0.00310612 0.11425260 -0.02293807
v 0.00000000 0.11474530 -0.02265530
v 0.01861143 0.10878660 -0.02406626
v 0.01726198 0.11031230 -0.02331990
v -0.01492983 0.11101260 -0.02354556
v 0.00028229 0.11483560 -0.02261835
v 0.01922076 0.10898680 -0.02343726
v 0.01817357 0.10899600 -0.02406561
v 0.00028229 0.11483560 -0.02261835
v 0.00068664 0.11472880 -0.02255725
v 0.00057448 0.11475010 -0.02264928
v 0.01926285 0.10819180 -0.02426242
v 0.01910543 0.10832890 -0.02422213
v 0.01745992 0.10951140 -0.02391988
v 0.01910543 0.10832890 -0.02422213
v 0.01817357 0.10899600 -0.02406561
v -0.01334375 0.11248830 -0.02242219
v 0.01839691 0.10889710 -0.02406162
v 0.01910543 0.10832890 -0.02422213
v 0.01745992 0.10951140 -0.02391988
v 0.00028229 0.11483560 -0.02261835
v 0.00082016 0.11485080 -0.02264887
v 0.00068664 0.11472880 -0.02255725
v 0.01821798 0.10904620 -0.02401584
v -0.01872009 0.10862390 -0.02414774
v -0.01864814 0.10869380 -0.02412277
v 0.01731967 0.10968630 -0.02383559
v -0.00168413 0.11487750 -0.02254587
v -0.01854187 0.10877620 -0.02410060
v -0.01854187 0.10877620 -0.02410060
v -0.01492983 0.11101260 -0.02354556
v -0.01570427 0.11060230 -0.02365553
v -0.01871258 0.10866500 -0.02412158
v -0.01492983 0.11101260 -0.02354556
v -0.01854187 0.10877620 -0.02410060
v -0.01859635 0.10878580 -0.02407455
v -0.01871258 0.10866500 -0.02412158
v 0.01671171 0.10998460 -0.02381426
v -0.02121824 0.10735110 -0.02407747
v 0.01745992 0.10951140 -0.02391988
v -0.00289762 0.11462560 -0.02267760
v 0.00028229 0.11483560 -0.02261835
v 0.01674968 0.11003320 -0.02376705
v 0.00028229 0.11483560 -0.02261835
v 0.01674968 0.11003320 -0.02376705
v 0.01861143 0.10878660 -0.02406626
v 0.01821798 0.10904620 -0.02401584
v 0.01674968 0.11003320 -0.02376705
v -0.01935648 0.10817110 -0.02423125
v 0.01641732 0.11028510 -0.02367866
v 0.01624077 0.11028250 -0.02373653
v 0.01624077 0.11028250 -0.02373653
v 0.01745992 0.10951140 -0.02391988
v 0.01671171 0.10998460 -0.02381426
v -0.02127796 0.10656400 -0.02463740
v -0.01864814 0.10869380 -0.02412277
v -0.02057266 0.10711460 -0.02456378
v 0.01626181 0.11031070 -0.02370995
v -0.02127796 0.10656400 -0.02463740
v 0.01628243 0.11033800 -0.02368211
v 0.01412630 0.11189630 -0.02301222
v 0.01305955 0.11191530 -0.02335280
v 0.01306194 0.11191960 -0.02334940
v 0.01306551 0.11192610 -0.02334398
v 0.01307272 0.11193910 -0.02333313
v 0.01308292 0.11195740 -0.02331763
v 0.01309210 0.11197380 -0.02330297
v -0.02146106 0.10635380 -0.02470719
v -0.02145057 0.10634490 -0.02471679
v 0.01310169 0.11199090 -0.02328705
v 0.01311510 0.11201450 -0.02326440
v -0.02147072 0.10636190 -0.02469843
v -0.02127796 0.10656400 -0.02463740
v 0.01031172 0.11305160 -0.02305227
v 0.01307272 0.11193910 -0.02333313
v 0.01065725 0.11290550 -0.02309995
v -0.02344095 0.10436550 -0.02518719
v -0.02127796 0.10656400 -0.02463740
v -0.02147072 0.10636190 -0.02469843
v 0.01056236 0.11300090 -0.02304464
v 0.01309210 0.11197380 -0.02330297
v 0.01102662 0.11281350 -0.02310317
v -0.02341341 0.10449420 -0.02511495
v -0.02121824 0.10735110 -0.02407747
v -0.02355498 0.10429470 -0.02518171
v 0.00026298 0.05202281 -0.03810214
v 0.00271553 0.05107796 -0.03698647
v -0.00054634 0.05127936 -0.03733021
v -0.00054634 0.05127936 -0.03733021
v -0.00335121 0.05214536 -0.03804087
v -0.00298536 0.05200213 -0.03795641
v -0.00054634 0.05127936 -0.03733021
v -0.00298685 0.05198228 -0.03794306
v -0.00300598 0.05204570 -0.03793811
v -0.00054634 0.05127936 -0.03733021
v -0.00298536 0.05200213 -0.03795641
v -0.00335121 0.05214536 -0.03804087
v -0.00054634 0.05127936 -0.03733021
v -0.00300598 0.05204570 -0.03793811
v -0.00538111 0.05157572 -0.03712344
v -0.00538111 0.05157572 -0.03712344
v -0.00300598 0.05204570 -0.03793811
v -0.00298536 0.05200213 -0.03795641
v -0.00538111 0.05157572 -0.03712344
v -0.00335121 0.05214536 -0.03804087
v -0.00300598 0.05204570 -0.03793811
v -0.00619924 0.05246692 -0.03783494
v -0.00538111 0.05157572 -0.03712344
v -0.00784111 0.05290246 -0.03779458
v 0.03092193 0.07603251 -0.03196436
v 0.03095960 0.07426440 -0.03127145
v -0.00619537 0.05249029 -0.03785061
v -0.00619161 0.05251312 -0.03786540
v 0.03092193 0.07603251 -0.03196436
v 0.03108114 0.08071696 -0.03127485
v 0.03173780 0.08187186 -0.03052520
v -0.00619161 0.05251312 -0.03786540
v -0.00784111 0.05290246 -0.03779458
v -0.00335121 0.05214536 -0.03804087
v 0.03095960 0.07426440 -0.03127145
v 0.03157949 0.07682311 -0.03063952
v 0.02975082 0.07102000 -0.03200435
v -0.01053619 0.05298793 -0.03708028
v -0.00689596 0.05231314 -0.03758978
v -0.00538111 0.05157572 -0.03712344
v -0.00844872 0.05263692 -0.03737497
v -0.00965118 0.05341583 -0.03764700
v -0.00784111 0.05290246 -0.03779458
v -0.00689596 0.05231314 -0.03758978
v -0.01053619 0.05298793 -0.03708028
v -0.00844872 0.05263692 -0.03737497
v -0.00794178 0.05285483 -0.03772956
v -0.00538111 0.05157572 -0.03712344
v -0.00689596 0.05231314 -0.03758978
v -0.00794178 0.05285483 -0.03772956
v -0.00689596 0.05231314 -0.03758978
v -0.00844872 0.05263692 -0.03737497
v -0.00784111 0.05290246 -0.03779458
v -0.00794178 0.05285483 -0.03772956
v -0.00844872 0.05263692 -0.03737497
v -0.00794178 0.05285483 -0.03772956
v 0.02800500 0.06776785 -0.03362298
v 0.03095960 0.07426440 -0.03127145
v 0.02975082 0.07102000 -0.03200435
v 0.02800500 0.06776785 -0.03362298
v 0.02954292 0.07134068 -0.03288418
v 0.03095960 0.07426440 -0.03127145
v 0.02954292 0.07134068 -0.03288418
v 0.03036308 0.07523524 -0.03237628
v 0.02954292 0.07134068 -0.03288418
v 0.02800500 0.06776785 -0.03362298
v 0.02795618 0.06832540 -0.03380209
v -0.00966418 0.05335998 -0.03761166
v -0.01053619 0.05298793 -0.03708028
v 0.02767843 0.06956082 -0.03442043
v -0.00965887 0.05338037 -0.03762573
v 0.02097409 0.05881720 -0.03505992
v 0.02589416 0.06410491 -0.03370362
v 0.01907873 0.05735927 -0.03536063
v -0.01134109 0.05430138 -0.03777796
v 0.02414029 0.06244075 -0.03491622
v 0.02589416 0.06410491 -0.03370362
v 0.02097409 0.05881720 -0.03505992
v 0.02414029 0.06244075 -0.03491622
v -0.01291990 0.05416131 -0.03697764
v 0.02159082 0.05990666 -0.03562831
v 0.02095270 0.06038427 -0.03634363
v 0.02159082 0.05990666 -0.03562831
v 0.02097409 0.05881720 -0.03505992
v -0.01553493 0.05599105 -0.03701114
v -0.01053619 0.05298793 -0.03708028
v -0.01291990 0.05416131 -0.03697764
v -0.01553493 0.05599105 -0.03701114
v -0.01569503 0.05562210 -0.03665721
v -0.01553493 0.05599105 -0.03701114
v -0.01291990 0.05416131 -0.03697764
v 0.01912730 0.05809193 -0.03629595
v 0.01493883 0.05536580 -0.03690773
v -0.01841729 0.05774670 -0.03652715
v 0.01628923 0.05681431 -0.03718900
v -0.01976054 0.05801022 -0.03586763
v -0.02024310 0.05929148 -0.03633457
v -0.02265191 0.06069052 -0.03521513
v -0.02265191 0.06069052 -0.03521513
v 0.01215869 0.05354028 -0.03688341
v 0.01046431 0.05368602 -0.03757953
v 0.00867379 0.05235087 -0.03669685
v -0.02482312 0.06321763 -0.03477382
v 0.01030790 0.05322635 -0.03726863
v 0.00723076 0.05277615 -0.03784805
v 0.00867379 0.05235087 -0.03669685
v -0.02773666 0.06692492 -0.03299427
v -0.02773666 0.06692492 -0.03299427
v -0.02587652 0.06409204 -0.03361541
v -0.02992296 0.07130610 -0.03195792
v -0.02678871 0.06599533 -0.03415304
v -0.02888679 0.06955897 -0.03330540
v 0.00688285 0.05213361 -0.03743600
v -0.02992296 0.07130610 -0.03195792
v 0.00736755 0.05271565 -0.03776729
v 0.00688285 0.05213361 -0.03743600
v 0.00736529 0.05272722 -0.03777515
v -0.02888679 0.06955897 -0.03330540
v -0.02903366 0.07155025 -0.03334528
v -0.02888679 0.06955897 -0.03330540
v 0.00402015 0.05210524 -0.03795582
v 0.00402015 0.05210524 -0.03795582
v 0.00402015 0.05210524 -0.03795582
v -0.01553493 0.05599105 -0.03701114
v 0.00448358 0.05312132 -0.03927767
v 0.00626200 0.05327308 -0.03859519
v 0.00160593 0.05234706 -0.03833109
v 0.00160593 0.05234706 -0.03833109
v 0.00626200 0.05327308 -0.03859519
v 0.00236511 0.05238521 -0.03831958
v 0.00400919 0.05219066 -0.03795909
v 0.00402015 0.05210524 -0.03795582
v 0.00026298 0.05202281 -0.03810214
v 0.00400919 0.05219066 -0.03795909
v 0.00208414 0.05287963 -0.03934127
v 0.00448358 0.05312132 -0.03927767
v -0.00363255 0.05295079 -0.03905469
v 0.00448358 0.05312132 -0.03927767
v 0.00160593 0.05234706 -0.03833109
v -0.00335121 0.05214536 -0.03804087
v 0.01628923 0.05681431 -0.03718900
v 0.00026298 0.05202281 -0.03810214
v 0.00160593 0.05234706 -0.03833109
v 0.00236511 0.05238521 -0.03831958
v -0.00335121 0.05214536 -0.03804087
v -0.00335121 0.05214536 -0.03804087
v 0.00236511 0.05238521 -0.03831958
v 0.00026298 0.05202281 -0.03810214
v 0.02095270 0.06038427 -0.03634363
v 0.01628923 0.05681431 -0.03718900
v 0.01628923 0.05681431 -0.03718900
v -0.00363255 0.05295079 -0.03905469
v 0.01208949 0.05515819 -0.03840738
v -0.01134109 0.05430138 -0.03777796
v -0.01134109 0.05430138 -0.03777796
v 0.01099532 0.05429351 -0.03788375
v 0.01099532 0.05429351 -0.03788375
v -0.01134109 0.05430138 -0.03777796
v -0.01231861 0.05538809 -0.03871774
v -0.00778699 0.05382293 -0.03901731
v -0.01413822 0.05620944 -0.03853279
v -0.00778699 0.05382293 -0.03901731
v -0.01134109 0.05430138 -0.03777796
v -0.01231861 0.05538809 -0.03871774
v 0.01099532 0.05429351 -0.03788375
v 0.01046431 0.05368602 -0.03757953
v 0.01048207 0.05372315 -0.03758955
v -0.01390641 0.05590546 -0.03795725
v 0.00402015 0.05210524 -0.03795582
v 0.01048207 0.05372315 -0.03758955
v 0.01099532 0.05429351 -0.03788375
v 0.01126396 0.05491131 -0.03881573
v 0.00402015 0.05210524 -0.03795582
v 0.01208949 0.05515819 -0.03840738
v 0.01099532 0.05429351 -0.03788375
v 0.00402015 0.05210524 -0.03795582
v 0.00402015 0.05210524 -0.03795582
v 0.01099532 0.05429351 -0.03788375
v 0.00723076 0.05277615 -0.03784805
v -0.01413822 0.05620944 -0.03853279
v -0.02024310 0.05929148 -0.03633457
v -0.01134109 0.05430138 -0.03777796
v 0.00626200 0.05327308 -0.03859519
v -0.01472926 0.05649662 -0.03849691
v -0.01413822 0.05620944 -0.03853279
v -0.01816463 0.05867886 -0.03799712
v -0.02061748 0.06059229 -0.03733283
v -0.01413822 0.05620944 -0.03853279
v -0.02024310 0.05929148 -0.03633457
v 0.02373361 0.06374347 -0.03609806
v 0.02767843 0.06956082 -0.03442043
v 0.03039258 0.07745969 -0.03242349
v 0.03039258 0.07745969 -0.03242349
v 0.02943921 0.07480037 -0.03372907
v 0.03050011 0.08062446 -0.03265666
v 0.03039258 0.07745969 -0.03242349
v 0.03108114 0.08071696 -0.03127485
v 0.03036308 0.07523524 -0.03237628
v -0.02678871 0.06599533 -0.03415304
v -0.02429008 0.06409347 -0.03563410
v -0.02482312 0.06321763 -0.03477382
v -0.02429008 0.06409347 -0.03563410
v -0.02621841 0.06704127 -0.03506666
v -0.02877402 0.07269775 -0.03426980
v -0.02784913 0.07033336 -0.03458887
v -0.02991819 0.07657635 -0.03330785
v -0.02621841 0.06704127 -0.03506666
v -0.02991819 0.07657635 -0.03330785
v -0.02784913 0.07033336 -0.03458887
v -0.02877402 0.07269775 -0.03426980
v -0.03132343 0.08091914 -0.03100013
v -0.00258166 0.11463170 -0.02268654
v -0.00347233 0.11378410 -0.02421647
v 0.00269759 0.11419890 -0.02310276
v 0.00454307 0.11365120 -0.02432107
v 0.00852775 0.11305460 -0.02342611
v 0.01524162 0.11037710 -0.02395111
v 0.01975083 0.10730770 -0.02478629
v 0.01955616 0.10698170 -0.02541702
v 0.02166748 0.10612090 -0.02477502
v 0.02013635 0.10640890 -0.02618891
v 0.01975083 0.10730770 -0.02478629
v 0.02269268 0.10417730 -0.02578783
v 0.02166748 0.10612090 -0.02477502
v 0.02469158 0.10201820 -0.02615076
v 0.02269268 0.10417730 -0.02578783
v 0.01975083 0.10730770 -0.02478629
v 0.02469158 0.10201820 -0.02615076
v -0.03051322 0.08105647 -0.03258520
v -0.02991819 0.07657635 -0.03330785
v -0.03061068 0.08324229 -0.03201824
v -0.03061068 0.08324229 -0.03201824
v 0.02785199 0.09645736 -0.02791887
v 0.02785199 0.09645736 -0.02791887
v 0.02892106 0.09399211 -0.02831935
v 0.03016674 0.09051120 -0.02902776
v 0.03016674 0.09051120 -0.02902776
v -0.02981472 0.09230720 -0.02845501
v -0.02950388 0.09228497 -0.02880203
v 0.03105068 0.08865153 -0.02900034
v -0.02950388 0.09228497 -0.02880203
v -0.02950388 0.09228497 -0.02880203
v -0.02779477 0.09703433 -0.02733761
v 0.03140640 0.08535563 -0.02979761
v 0.03097093 0.08354151 -0.03085023
v 0.03097093 0.08354151 -0.03085023
v 0.03173780 0.08187186 -0.03052520
v 0.03125506 0.08220887 -0.03074747
v 0.03097093 0.08354151 -0.03085023
v 0.03125506 0.08220887 -0.03074747
v -0.02667045 0.09931361 -0.02668005
v -0.02211523 0.10484580 -0.02568697
v -0.02211523 0.10484580 -0.02568697
v -0.02667045 0.09931361 -0.02668005
v -0.02425950 0.10312440 -0.02559185
v -0.02425950 0.10312440 -0.02559185
v -0.02057266 0.10711460 -0.02456378
v -0.01798045 0.10851380 -0.02452683
v -0.01798045 0.10851380 -0.02452683
v -0.01273918 0.11173370 -0.02359151
v -0.01019471 0.11218700 -0.02462691
v -0.00661963 0.11388140 -0.02296447
v -0.00347233 0.11378410 -0.02421647
v -0.00587124 0.11382040 -0.02312523
v -0.00347233 0.11378410 -0.02421647
v -0.00661963 0.11388140 -0.02296447
v -0.00587124 0.11382040 -0.02312523
v -0.00587124 0.11382040 -0.02312523
v -0.00310612 0.11425260 -0.02293807
v 0.00136953 0.09171193 -0.04341143
v 0.00025463 0.09291934 -0.04347062
v -0.00064391 0.09354001 -0.04331016
v 0.00205284 0.08993709 -0.04348051
v 0.00193304 0.09002614 -0.04372388
v 0.00136953 0.09171193 -0.04341143
v 0.00618815 0.07526731 -0.04486888
v 0.00524181 0.07494527 -0.04519021
v 0.00356471 0.07512837 -0.04497319
v 0.00711757 0.07609480 -0.04478293
v 0.00618815 0.07526731 -0.04486888
v 0.00658196 0.07548701 -0.04478991
v 0.00733238 0.07697105 -0.04467457
v 0.00733691 0.07671546 -0.04497218
v 0.00711757 0.07609480 -0.04478293
v 0.00734806 0.07712244 -0.04492717
v 0.00737643 0.07721936 -0.04493874
v 0.00701612 0.09807002 -0.04286009
v 0.00722933 0.09802830 -0.04307997
v 0.00731134 0.09792572 -0.04293763
v 0.00692809 0.09810763 -0.04303443
v 0.00722933 0.09802830 -0.04307997
v 0.00701612 0.09807002 -0.04286009
v -0.00821573 0.07989799 -0.04466378
v -0.01082634 0.07707560 -0.04499900
v -0.00819153 0.07988816 -0.04458767
v -0.00888109 0.09379959 -0.04314070
v -0.00959593 0.09336727 -0.04348832
v -0.01072424 0.09229719 -0.04361611
v -0.00750411 0.09422993 -0.04355013
v -0.00959593 0.09336727 -0.04348832
v -0.00888109 0.09379959 -0.04314070
v -0.01453047 0.07534778 -0.04469615
v -0.01411485 0.07436555 -0.04478573
v -0.01422286 0.07441002 -0.04478192
v 0.00682449 0.09794151 -0.04273045
v 0.00698852 0.09789121 -0.04272848
v 0.00710159 0.09779840 -0.04273557
v 0.00695127 0.09776103 -0.04273897
v 0.00521344 0.07520163 -0.04471403
v 0.00721949 0.07706248 -0.04456192
v 0.00697041 0.07608020 -0.04464608
v -0.01429837 0.09376704 -0.04300910
v -0.01274681 0.09783780 -0.04273086
v -0.01221555 0.09786844 -0.04272955
v -0.01091635 0.09228265 -0.04325509
v 0.00136953 0.09171193 -0.04341143
v 0.00716793 0.09756773 -0.04275912
v 0.00028030 0.09313297 -0.04314386
v -0.00130916 0.09786903 -0.04272949
v -0.00847638 0.07990610 -0.04430109
v -0.00830746 0.08143508 -0.04416877
v -0.00829118 0.08029019 -0.04426741
v -0.00133121 0.09393405 -0.04310840
v 0.00205284 0.08993709 -0.04348051
v -0.01141864 0.09157693 -0.04329609
v -0.01437383 0.08258026 -0.04406875
v -0.01429837 0.09376704 -0.04300910
v -0.01209145 0.08847701 -0.04354923
v 0.00434059 0.07530558 -0.04465007
v -0.01112151 0.08590209 -0.04402810
v -0.00915527 0.08257853 -0.04406929
v -0.00903320 0.07926738 -0.04434680
v -0.00398207 0.09460628 -0.04301494
v -0.01219779 0.09793233 -0.04273366
v -0.00824302 0.09432804 -0.04300433
v 0.00329018 0.07539641 -0.04470157
v 0.00227737 0.07676494 -0.04458522
v 0.00434059 0.07530558 -0.04465007
v 0.00281608 0.07573932 -0.04466557
v 0.00234222 0.07639873 -0.04461199
v -0.01377654 0.07432734 -0.04482698
v -0.01388543 0.07436168 -0.04478597
v -0.01453047 0.07534778 -0.04469615
v -0.01388543 0.07436168 -0.04478597
v -0.01377654 0.07432734 -0.04482698
v -0.01453047 0.07534778 -0.04469615
v -0.01422899 0.07438552 -0.04478436
v -0.00442064 0.08269441 -0.04416960
v -0.00484228 0.08337199 -0.04445576
v -0.00610733 0.08507907 -0.04431223
v -0.00432831 0.08234286 -0.04439598
v -0.00484228 0.08337199 -0.04445576
v -0.00442064 0.08269441 -0.04416960
v -0.00404018 0.08124101 -0.04467040
v -0.00432831 0.08234286 -0.04439598
v -0.00442064 0.08269441 -0.04416960
v -0.00388801 0.08047246 -0.04432630
v -0.00622940 0.08530604 -0.04403662
v 0.01239883 0.06923377 -0.04542326
v 0.01199281 0.06925052 -0.04558473
v -0.01219516 0.06900763 -0.04547154
v 0.01445847 0.07100427 -0.04538804
v 0.01408278 0.07015854 -0.04538542
v 0.01438671 0.07081973 -0.04518854
v 0.01453781 0.07159781 -0.04518353
v 0.01260977 0.09809136 -0.04289197
v 0.01318311 0.09792488 -0.04303205
v 0.01414406 0.09716588 -0.04300040
v 0.01161521 0.09812206 -0.04303425
v 0.01318311 0.09792488 -0.04303205
v 0.01260977 0.09809136 -0.04289197
v 0.01144254 0.09805786 -0.04299139
v 0.01148945 0.09807103 -0.04301989
v 0.01153510 0.09808719 -0.04301816
v 0.01144254 0.09805786 -0.04299139
v 0.01153510 0.09808719 -0.04301816
v 0.01161521 0.09812206 -0.04303425
v 0.01136535 0.09801679 -0.04312837
v 0.01138806 0.09791165 -0.04283577
v 0.01136535 0.09801679 -0.04312837
v 0.01144254 0.09805786 -0.04299139
v 0.01137149 0.09788322 -0.04292148
v 0.01136535 0.09801679 -0.04312837
v 0.01138806 0.09791165 -0.04283577
v 0.01130461 0.07515448 -0.04479122
v 0.01128047 0.07607924 -0.04510307
v 0.01093614 0.07473230 -0.04509150
v 0.01128047 0.07607924 -0.04510307
v 0.01130461 0.07515448 -0.04479122
v 0.00969154 0.07298731 -0.04530549
v 0.01093614 0.07473230 -0.04509150
v 0.01130461 0.07515448 -0.04479122
v 0.00739455 0.07171243 -0.04509782
v 0.00781405 0.07190191 -0.04538601
v 0.00969154 0.07298731 -0.04530549
v 0.00671101 0.07164126 -0.04534775
v 0.00781405 0.07190191 -0.04538601
v 0.00739455 0.07171243 -0.04509782
v 0.00028431 0.07248872 -0.04527837
v 0.00282144 0.07165133 -0.04542064
v 0.00399846 0.07136952 -0.04511815
v 0.00399846 0.07136952 -0.04511815
v -0.00197601 0.07605510 -0.04492789
v -0.00094199 0.07376968 -0.04539871
v -0.00108200 0.07360357 -0.04490149
v -0.00211424 0.08870255 -0.04352819
v -0.00194103 0.08269822 -0.04449141
v -0.00197601 0.07605510 -0.04492789
v -0.00223696 0.08950215 -0.04373174
v -0.00208849 0.08918309 -0.04389184
v -0.00215977 0.08922445 -0.04357177
v -0.00251436 0.08991730 -0.04351603
v -0.00263709 0.09009861 -0.04361373
v -0.00244927 0.08989560 -0.04373610
v -0.00500917 0.09082305 -0.04349011
v -0.00633466 0.09079289 -0.04379534
v -0.00304866 0.09056818 -0.04379135
v -0.00655293 0.09051537 -0.04341953
v -0.00633466 0.09079289 -0.04379534
v -0.00500917 0.09082305 -0.04349011
v -0.00656927 0.09056663 -0.04371237
v -0.00633466 0.09079289 -0.04379534
v -0.00655293 0.09051537 -0.04341953
v -0.00665718 0.09049350 -0.04352700
v -0.00728506 0.08999121 -0.04354900
v -0.00741249 0.08995348 -0.04368466
v 0.01156938 0.09782660 -0.04273319
v 0.01153326 0.09787046 -0.04273295
v 0.01158398 0.09786260 -0.04273009
v 0.01160502 0.09789705 -0.04272896
v 0.01189059 0.09798741 -0.04273647
v 0.01156860 0.09776502 -0.04273855
v 0.01168966 0.09783446 -0.04273146
v 0.01156860 0.09776502 -0.04273855
v 0.01189059 0.09798741 -0.04273647
v 0.01153242 0.09752511 -0.04276448
v 0.01155668 0.09763574 -0.04275125
v 0.01168966 0.09783446 -0.04273146
v 0.01173394 0.07810771 -0.04446887
v 0.01282501 0.09782016 -0.04273557
v 0.01350682 0.09758454 -0.04276758
v 0.01399987 0.09702098 -0.04280716
v 0.01431274 0.09631907 -0.04286867
v 0.01441615 0.09571844 -0.04292517
v 0.01434051 0.07161128 -0.04502701
v -0.00211424 0.08870255 -0.04352819
v -0.00426519 0.09074640 -0.04339313
v -0.00330919 0.09034883 -0.04338383
v 0.01130461 0.07515448 -0.04479122
v 0.01318264 0.06970638 -0.04519349
v 0.01420968 0.07076823 -0.04510122
v 0.01353293 0.06991344 -0.04517531
v 0.01199501 0.06938844 -0.04522269
v 0.00973129 0.07274997 -0.04492700
v -0.00758588 0.08760535 -0.04370450
v -0.00603706 0.09048885 -0.04337525
v -0.00679100 0.08638173 -0.04373449
v 0.01080334 0.06940668 -0.04522103
v 0.00917578 0.07246172 -0.04498416
v -0.00686216 0.08627784 -0.04377228
v -0.00679100 0.08638173 -0.04373449
v -0.00211424 0.08870255 -0.04352819
v 0.00739455 0.07171243 -0.04509782
v -0.00409800 0.08225142 -0.04410356
v -0.00432205 0.08260142 -0.04408365
v -0.00326920 0.07878482 -0.04436439
v 0.00399846 0.07136952 -0.04511815
v -0.00469971 0.07764756 -0.04454469
v -0.00390291 0.07932460 -0.04436117
v -0.00326920 0.07878482 -0.04436439
v 0.00045321 0.06932699 -0.04522663
v -0.00069666 0.07303130 -0.04490256
v 0.00038004 0.07237839 -0.04498219
v -0.00714505 0.07297444 -0.04490751
v -0.00326920 0.07878482 -0.04436439
v -0.00181574 0.07478320 -0.04474920
v -0.00108200 0.07360357 -0.04490149
v -0.01248782 0.06965053 -0.04520553
v -0.01235979 0.06969732 -0.04519414
v 0.00542051 0.07514041 -0.04476147
v 0.00510341 0.07507920 -0.04481971
v 0.00484014 0.07505899 -0.04482150
v 0.00510341 0.07507920 -0.04481971
v 0.00618815 0.07526731 -0.04486888
v 0.00484014 0.07505899 -0.04482150
v 0.00484014 0.07505899 -0.04482150
v 0.00510341 0.07507920 -0.04481971
v 0.00618815 0.07526731 -0.04486888
v 0.00510561 0.07506263 -0.04486805
v 0.00484109 0.07504242 -0.04486978
v 0.00484014 0.07505899 -0.04482150
v 0.00618815 0.07526731 -0.04486888
v 0.00484109 0.07504242 -0.04486978
v 0.00484109 0.07504242 -0.04486978
v 0.00510561 0.07506263 -0.04486805
v 0.00484109 0.07504242 -0.04486978
v 0.00510561 0.07506263 -0.04486805
v 0.00356471 0.07512837 -0.04497319
v 0.00542051 0.07514041 -0.04476147
v 0.00434160 0.07513844 -0.04474389
v 0.00434160 0.07513844 -0.04474389
v 0.00542051 0.07514041 -0.04476147
v 0.00386476 0.07514095 -0.04476958
v 0.00386476 0.07514095 -0.04476958
v 0.00433356 0.07507240 -0.04482024
v 0.00386476 0.07514095 -0.04476958
v 0.00433409 0.07507240 -0.04482024
v 0.00542051 0.07514041 -0.04476147
v 0.00484014 0.07505899 -0.04482150
v 0.00433409 0.07507240 -0.04482024
v 0.00433356 0.07507240 -0.04482024
v 0.00433135 0.07505595 -0.04486858
v 0.00433356 0.07507240 -0.04482024
v 0.00433195 0.07505595 -0.04486858
v 0.00433409 0.07507240 -0.04482024
v 0.00433195 0.07505595 -0.04486858
v 0.00433135 0.07505595 -0.04486858
v 0.00433135 0.07505595 -0.04486858
v 0.00433195 0.07505595 -0.04486858
v 0.00356471 0.07512837 -0.04497319
v 0.00484109 0.07504242 -0.04486978
v 0.00542051 0.07514041 -0.04476147
v 0.00618815 0.07526731 -0.04486888
v 0.00510341 0.07507920 -0.04481971
v 0.00618815 0.07526731 -0.04486888
v 0.00586462 0.07527554 -0.04473525
v 0.00629038 0.07548320 -0.04469227
v 0.00623703 0.07540023 -0.04472452
v 0.00658196 0.07548701 -0.04478991
v 0.00586462 0.07527554 -0.04473525
v 0.00586462 0.07527554 -0.04473525
v 0.00658196 0.07548701 -0.04478991
v 0.00618815 0.07526731 -0.04486888
v 0.00721949 0.07706248 -0.04456192
v 0.00733238 0.07697105 -0.04467457
v 0.00725597 0.07673823 -0.04463839
v 0.00711244 0.07651412 -0.04460448
v 0.00618815 0.07526731 -0.04486888
v 0.00586462 0.07527554 -0.04473525
v 0.00542051 0.07514041 -0.04476147
v 0.00711596 0.07619488 -0.04468905
v 0.00725597 0.07673823 -0.04463839
v 0.00711596 0.07619488 -0.04468905
v 0.00711244 0.07651412 -0.04460448
v 0.00697041 0.07608020 -0.04464608
v 0.00697041 0.07608020 -0.04464608
v 0.00670433 0.07565009 -0.04472392
v 0.00655746 0.07565295 -0.04467827
v 0.00697041 0.07608020 -0.04464608
v 0.00711596 0.07619488 -0.04468905
v 0.00670433 0.07565009 -0.04472392
v 0.00711757 0.07609480 -0.04478293
v 0.00655746 0.07565295 -0.04467827
v 0.00670433 0.07565009 -0.04472392
v 0.00711757 0.07609480 -0.04478293
v 0.00658196 0.07548701 -0.04478991
v 0.00650686 0.07555568 -0.04470509
v 0.00623703 0.07540023 -0.04472452
v 0.00623703 0.07540023 -0.04472452
v 0.00658196 0.07548701 -0.04478991
v 0.00229096 0.07635009 -0.04466027
v 0.00243115 0.07594478 -0.04471576
v 0.00220156 0.07647120 -0.04471504
v 0.00220156 0.07647120 -0.04471504
v 0.00243115 0.07594478 -0.04471576
v 0.00249851 0.07575201 -0.04487872
v 0.00214094 0.07698142 -0.04462212
v 0.00211710 0.07670938 -0.04492694
v 0.00214094 0.07698142 -0.04462212
v 0.00434059 0.07530558 -0.04465007
v 0.00227737 0.07676494 -0.04458522
v 0.00386476 0.07514095 -0.04476958
v 0.00356471 0.07512837 -0.04497319
v 0.00214094 0.07698142 -0.04462212
v 0.00227737 0.07676494 -0.04458522
v 0.00221014 0.07692652 -0.04458749
v 0.00227737 0.07676494 -0.04458522
v 0.00234222 0.07639873 -0.04461199
v 0.00221014 0.07692652 -0.04458749
v 0.00221014 0.07692652 -0.04458749
v 0.00234222 0.07639873 -0.04461199
v 0.00234222 0.07639873 -0.04461199
v 0.00255418 0.07572734 -0.04470628
v 0.00221014 0.07692652 -0.04458749
v 0.00214094 0.07698142 -0.04462212
v 0.00221014 0.07692652 -0.04458749
v 0.00255418 0.07572734 -0.04470628
v 0.00214094 0.07698142 -0.04462212
v 0.00255418 0.07572734 -0.04470628
v 0.00229096 0.07635009 -0.04466027
v 0.00214094 0.07698142 -0.04462212
v 0.00323576 0.07535493 -0.04473471
v 0.00323576 0.07535493 -0.04473471
v 0.00386476 0.07514095 -0.04476958
v 0.00255418 0.07572734 -0.04470628
v 0.00307494 0.07534980 -0.04481416
v 0.00255418 0.07572734 -0.04470628
v 0.00386476 0.07514095 -0.04476958
v 0.00307494 0.07534980 -0.04481416
v 0.00214094 0.07698142 -0.04462212
v 0.00255418 0.07572734 -0.04470628
v 0.00296021 0.07555186 -0.04469060
v 0.00329018 0.07539641 -0.04470157
v 0.00255418 0.07572734 -0.04470628
v 0.00296021 0.07555186 -0.04469060
v 0.00255418 0.07572734 -0.04470628
v 0.00255418 0.07572734 -0.04470628
v 0.00307494 0.07534980 -0.04481416
v 0.00249851 0.07575201 -0.04487872
v 0.00307494 0.07534980 -0.04481416
v 0.00356471 0.07512837 -0.04497319
v 0.00249851 0.07575201 -0.04487872
v 0.00265008 0.07590752 -0.04465091
v 0.00248712 0.07606303 -0.04464155
v 0.00255418 0.07572734 -0.04470628
v 0.00255418 0.07572734 -0.04470628
v 0.00234222 0.07639873 -0.04461199
v 0.00731134 0.09792572 -0.04293763
v 0.00731134 0.09792572 -0.04293763
v 0.00737643 0.07721936 -0.04493874
v 0.00733238 0.07697105 -0.04467457
v 0.00214094 0.07698142 -0.04462212
v 0.00205284 0.08993709 -0.04348051
v 0.00719690 0.09784066 -0.04274761
v 0.00721949 0.07706248 -0.04456192
v 0.00719690 0.09784066 -0.04274761
v 0.00719690 0.09784066 -0.04274761
v 0.00709939 0.09800803 -0.04279953
v 0.00731134 0.09792572 -0.04293763
v 0.00707519 0.09782922 -0.04273301
v 0.00706387 0.09790408 -0.04273390
v 0.00694561 0.09802138 -0.04277276
v 0.00709939 0.09800803 -0.04279953
v 0.00716686 0.09778964 -0.04274398
v 0.00714016 0.09764224 -0.04274922
v 0.00709939 0.09800803 -0.04279953
v 0.00719690 0.09784066 -0.04274761
v 0.00682449 0.09794151 -0.04273045
v 0.00709939 0.09800803 -0.04279953
v 0.00694561 0.09802138 -0.04277276
v -0.00264734 0.09422504 -0.04349792
v -0.00253129 0.09420460 -0.04319328
v -0.00064391 0.09354001 -0.04331016
v -0.00253129 0.09420460 -0.04319328
v -0.00133121 0.09393405 -0.04310840
v -0.00064391 0.09354001 -0.04331016
v 0.00031399 0.09310632 -0.04314619
v 0.00028235 0.09306752 -0.04315602
v 0.00024897 0.09309393 -0.04315376
v -0.00064391 0.09354001 -0.04331016
v -0.00133121 0.09393405 -0.04310840
v 0.00028030 0.09313297 -0.04314386
v -0.00064391 0.09354001 -0.04331016
v -0.00064391 0.09354001 -0.04331016
v -0.01219779 0.09793233 -0.04273366
v -0.01247525 0.09809404 -0.04302042
v -0.01039779 0.09803569 -0.04280292
v -0.01251471 0.09802603 -0.04279965
v -0.01039779 0.09803569 -0.04280292
v -0.01221555 0.09807175 -0.04285502
v -0.01221555 0.09807175 -0.04285502
v -0.00375515 0.09440749 -0.04317545
v -0.00399691 0.09442913 -0.04317361
v -0.00375515 0.09440749 -0.04317545
v -0.00399691 0.09442913 -0.04317361
v -0.00824302 0.09432804 -0.04300433
v -0.00398207 0.09460628 -0.04301494
v -0.00499451 0.09450632 -0.04307997
v -0.00398207 0.09460628 -0.04301494
v -0.00395870 0.09452044 -0.04304420
v -0.00499451 0.09450632 -0.04307997
v -0.00399274 0.09447389 -0.04308295
v -0.00499451 0.09450632 -0.04307997
v -0.00399274 0.09447389 -0.04308295
v -0.00399274 0.09447389 -0.04308295
v -0.00386548 0.09444802 -0.04311007
v -0.00499451 0.09450632 -0.04307997
v -0.00499409 0.09447801 -0.04312247
v -0.00399530 0.09444570 -0.04312539
v -0.00499409 0.09447801 -0.04312247
v -0.00399530 0.09444570 -0.04312539
v -0.00399691 0.09442913 -0.04317361
v -0.00499392 0.09446144 -0.04317075
v -0.00499392 0.09446144 -0.04317075
v -0.00499409 0.09447801 -0.04312247
v -0.00499392 0.09446144 -0.04317075
v -0.00399691 0.09442913 -0.04317361
v -0.00499392 0.09446144 -0.04317075
v -0.00437140 0.09447056 -0.04336476
v -0.00133121 0.09393405 -0.04310840
v -0.00374991 0.09445214 -0.04308480
v -0.00133121 0.09393405 -0.04310840
v -0.00253129 0.09420460 -0.04319328
v -0.00375515 0.09440749 -0.04317545
v -0.00133121 0.09393405 -0.04310840
v -0.00375515 0.09440749 -0.04317545
v -0.00253129 0.09420460 -0.04319328
v -0.00824302 0.09432804 -0.04300433
v -0.00499451 0.09450632 -0.04307997
v -0.00548667 0.09449124 -0.04308140
v -0.00548667 0.09449124 -0.04308140
v -0.00548667 0.09449124 -0.04308140
v -0.00499451 0.09450632 -0.04307997
v -0.00824302 0.09432804 -0.04300433
v -0.00824302 0.09432804 -0.04300433
v -0.00697470 0.09431284 -0.04313701
v -0.00824302 0.09432804 -0.04300433
v -0.00548512 0.09446293 -0.04312390
v -0.00824302 0.09432804 -0.04300433
v -0.00499409 0.09447801 -0.04312247
v -0.00548512 0.09446293 -0.04312390
v -0.00548512 0.09446293 -0.04312390
v -0.00697166 0.09429639 -0.04318523
v -0.00697470 0.09431284 -0.04313701
v -0.00548512 0.09446293 -0.04312390
v -0.00697470 0.09431284 -0.04313701
v -0.00548512 0.09446293 -0.04312390
v -0.00499409 0.09447801 -0.04312247
v -0.00548410 0.09444630 -0.04317212
v -0.00548410 0.09444630 -0.04317212
v -0.00750411 0.09422993 -0.04355013
v -0.00697166 0.09429639 -0.04318523
v -0.00548410 0.09444630 -0.04317212
v -0.00697166 0.09429639 -0.04318523
v -0.00548410 0.09444630 -0.04317212
v -0.00374991 0.09445214 -0.04308480
v -0.00133121 0.09393405 -0.04310840
v -0.00399274 0.09447389 -0.04308295
v -0.00374991 0.09445214 -0.04308480
v -0.00399274 0.09447389 -0.04308295
v -0.01370757 0.09754842 -0.04290074
v -0.01393944 0.09741097 -0.04304862
v -0.01360291 0.09762763 -0.04289370
v -0.01360291 0.09762763 -0.04289370
v -0.01370757 0.09754842 -0.04290074
v -0.01437383 0.08258026 -0.04406875
v -0.01453047 0.07534778 -0.04469615
v -0.01429837 0.09376704 -0.04300910
v -0.01334953 0.09767234 -0.04276168
v -0.01315498 0.09780776 -0.04277712
v -0.01300430 0.09782367 -0.04275739
v -0.01453047 0.07534778 -0.04469615
v -0.01452422 0.09607398 -0.04297143
v -0.01336586 0.09779471 -0.04283314
v -0.01360291 0.09762763 -0.04289370
v -0.01328474 0.09781950 -0.04287695
v -0.01328474 0.09781950 -0.04287695
v -0.01360291 0.09762763 -0.04289370
v -0.01305043 0.09798431 -0.04304516
v -0.01328474 0.09781950 -0.04287695
v -0.01328474 0.09781950 -0.04287695
v -0.01337242 0.09768235 -0.04278969
v -0.01336586 0.09779471 -0.04283314
v -0.01315498 0.09780776 -0.04277712
v -0.01317560 0.09787082 -0.04287242
v -0.01317560 0.09787082 -0.04287254
v -0.01317560 0.09787082 -0.04287254
v -0.01452422 0.09607398 -0.04297143
v -0.01459616 0.09591591 -0.04323697
v -0.01453375 0.09613060 -0.04302477
v -0.01317560 0.09787082 -0.04287254
v -0.01426357 0.09676826 -0.04285562
v -0.01256936 0.09789240 -0.04273200
v -0.01269143 0.09791266 -0.04274725
v -0.01450228 0.09629464 -0.04301041
v -0.01450228 0.09629464 -0.04301041
v -0.01450228 0.09629464 -0.04301041
v -0.01453375 0.09613060 -0.04302477
v -0.01336586 0.09779471 -0.04283314
v -0.01452422 0.09607398 -0.04297143
v -0.01450228 0.09629464 -0.04301041
v -0.01423430 0.09695351 -0.04291343
v -0.01445806 0.09645712 -0.04299610
v -0.01423430 0.09695351 -0.04291343
v -0.01450228 0.09629464 -0.04301041
v -0.01445806 0.09645712 -0.04299610
v -0.01336586 0.09779471 -0.04283314
v -0.01317560 0.09787082 -0.04287242
v -0.01281511 0.09799540 -0.04286164
v -0.01281511 0.09799540 -0.04286164
v -0.01281511 0.09799540 -0.04286164
v -0.01445806 0.09645712 -0.04299610
v -0.01281511 0.09799540 -0.04286164
v -0.01317560 0.09787082 -0.04287242
v -0.01269143 0.09791266 -0.04274725
v -0.01336586 0.09779471 -0.04283314
v -0.01281511 0.09799540 -0.04286164
v -0.01270711 0.09802073 -0.04285943
v -0.01270711 0.09802073 -0.04285943
v -0.01270711 0.09802073 -0.04285943
v -0.01426357 0.09676826 -0.04285562
v -0.01452422 0.09607398 -0.04297143
v -0.01428747 0.09681689 -0.04291850
v -0.01250612 0.09794950 -0.04274821
v -0.01428747 0.09681689 -0.04291850
v -0.01452422 0.09607398 -0.04297143
v -0.01423430 0.09695351 -0.04291343
v -0.01250612 0.09794950 -0.04274821
v -0.01241391 0.09796893 -0.04274994
v -0.01423430 0.09695351 -0.04291343
v -0.01445806 0.09645712 -0.04299610
v -0.01433318 0.09677004 -0.04296875
v -0.01254177 0.09799182 -0.04277896
v -0.01393944 0.09741097 -0.04304862
v -0.01433318 0.09677004 -0.04296875
v -0.01433318 0.09677004 -0.04296875
v -0.01433318 0.09677004 -0.04296875
v -0.01445806 0.09645712 -0.04299610
v -0.01251786 0.09805220 -0.04285675
v -0.01251786 0.09805220 -0.04285675
v -0.01251786 0.09805220 -0.04285675
v -0.01251786 0.09805220 -0.04285675
v -0.01270711 0.09802073 -0.04285943
v -0.01251786 0.09805220 -0.04285675
v -0.01423430 0.09695351 -0.04291343
v -0.01423430 0.09695351 -0.04291343
v -0.01433318 0.09677004 -0.04296875
v -0.01426070 0.09690594 -0.04295694
v -0.01426070 0.09690594 -0.04295694
v -0.01241391 0.09796893 -0.04274994
v -0.01221704 0.09807163 -0.04285502
v -0.01221704 0.09807163 -0.04285502
v -0.01221704 0.09807163 -0.04285502
v -0.01221704 0.09807163 -0.04285502
v -0.01221555 0.09807175 -0.04285502
v -0.01369565 0.09742438 -0.04278373
v -0.01369565 0.09742438 -0.04278373
v -0.01426357 0.09676826 -0.04285562
v -0.01391506 0.09724986 -0.04282838
v -0.01390689 0.09736430 -0.04289650
v -0.01423430 0.09695351 -0.04291343
v -0.01391506 0.09724986 -0.04282838
v -0.01426357 0.09676826 -0.04285562
v -0.01374238 0.09744870 -0.04282385
v -0.01374238 0.09744870 -0.04282385
v -0.01426357 0.09676826 -0.04285562
v -0.01423430 0.09695351 -0.04291343
v -0.01336586 0.09779471 -0.04283314
v -0.01423430 0.09695351 -0.04291343
v -0.01390689 0.09736430 -0.04289650
v -0.01334953 0.09767234 -0.04276168
v -0.01374238 0.09744870 -0.04282385
v -0.01374238 0.09744870 -0.04282385
v -0.01423430 0.09695351 -0.04291343
v -0.01336586 0.09779471 -0.04283314
v -0.01334953 0.09767234 -0.04276168
v -0.01369565 0.09742438 -0.04278373
v -0.01315498 0.09780776 -0.04277712
v -0.01390689 0.09736430 -0.04289650
v -0.01370757 0.09754842 -0.04290074
v -0.01360291 0.09762763 -0.04289370
v -0.01336586 0.09779471 -0.04283314
v -0.01390689 0.09736430 -0.04289650
v -0.01360291 0.09762763 -0.04289370
v -0.00824302 0.09432804 -0.04300433
v -0.00697470 0.09431284 -0.04313701
v -0.00888109 0.09379959 -0.04314070
v -0.00888109 0.09379959 -0.04314070
v -0.00888109 0.09379959 -0.04314070
v -0.00945807 0.09362393 -0.04310095
v -0.01072424 0.09229719 -0.04361611
v -0.01091635 0.09228265 -0.04325509
v -0.00888109 0.09379959 -0.04314070
v -0.01453047 0.07534778 -0.04469615
v -0.01451796 0.07458627 -0.04484128
v -0.01452422 0.09607398 -0.04297143
v -0.01448971 0.07437700 -0.04497790
v -0.01459616 0.09591591 -0.04323697
v -0.01451796 0.07458627 -0.04484128
v -0.01451796 0.07458627 -0.04484128
v -0.01175308 0.09055674 -0.04345983
v -0.01202988 0.08967941 -0.04345250
v -0.01202988 0.08967941 -0.04345250
v -0.01175308 0.09055674 -0.04345983
v -0.01188069 0.08929026 -0.04388457
v -0.01209145 0.08847701 -0.04354923
v -0.01429837 0.09376704 -0.04300910
v -0.01188069 0.08929026 -0.04388457
v -0.01429837 0.09376704 -0.04300910
v -0.01202988 0.08967941 -0.04345250
v -0.01188069 0.08929026 -0.04388457
v -0.01178997 0.08744680 -0.04376471
v -0.01209145 0.08847701 -0.04354923
v -0.01178997 0.08744680 -0.04376471
v -0.01112151 0.08590209 -0.04402810
v -0.01091635 0.09228265 -0.04325509
v -0.01072424 0.09229719 -0.04361611
v -0.01175308 0.09055674 -0.04345983
v -0.01430732 0.07437837 -0.04479491
v -0.01404672 0.07425343 -0.04481977
v -0.01410681 0.07413208 -0.04515737
v -0.01430732 0.07437837 -0.04479491
v -0.01377654 0.07432734 -0.04482698
v -0.01377654 0.07432734 -0.04482698
v -0.01410681 0.07413208 -0.04515737
v -0.01404672 0.07425343 -0.04481977
v -0.01404672 0.07425343 -0.04481977
v -0.01448971 0.07437700 -0.04497790
v -0.01451796 0.07458627 -0.04484128
v -0.01430732 0.07437837 -0.04479491
v -0.01422899 0.07438552 -0.04478436
v -0.01451796 0.07458627 -0.04484128
v -0.01430732 0.07437837 -0.04479491
v -0.01448971 0.07437700 -0.04497790
v -0.00839138 0.08192002 -0.04422384
v -0.00990295 0.08390605 -0.04398256
v -0.00915527 0.08257853 -0.04406929
v -0.01112151 0.08590209 -0.04402810
v -0.00990295 0.08390605 -0.04398256
v -0.00990295 0.08390605 -0.04398256
v -0.01112151 0.08590209 -0.04402810
v -0.00980472 0.08399128 -0.04426676
v -0.00839138 0.08192002 -0.04422384
v -0.00897217 0.07926738 -0.04434305
v -0.01374238 0.07430255 -0.04483103
v -0.00826949 0.08023095 -0.04427832
v -0.00854009 0.07979613 -0.04431062
v -0.00830030 0.08008658 -0.04429280
v -0.00849581 0.07968032 -0.04434537
v -0.00814181 0.08018004 -0.04433721
v -0.00835675 0.08177763 -0.04419368
v -0.00835675 0.08177763 -0.04419368
v -0.00839138 0.08192002 -0.04422384
v -0.00809407 0.08131301 -0.04428207
v -0.00980472 0.08399128 -0.04426676
v -0.00813246 0.08150559 -0.04440248
v -0.00839138 0.08192002 -0.04422384
v -0.00839901 0.07966530 -0.04443269
v -0.00814181 0.08018004 -0.04433721
v -0.00819153 0.07988816 -0.04458767
v -0.00826299 0.08148449 -0.04418861
v -0.00826299 0.08148449 -0.04418861
v -0.00810230 0.08117711 -0.04423874
v -0.00849581 0.07968032 -0.04434537
v -0.00810230 0.08117711 -0.04423874
v -0.00839901 0.07966530 -0.04443269
v -0.00897217 0.07926738 -0.04434305
v -0.00813246 0.08150559 -0.04440248
v -0.00830746 0.08143508 -0.04416877
v -0.00815868 0.08102214 -0.04421526
v -0.00814181 0.08018004 -0.04433721
v -0.00804341 0.08111774 -0.04434430
v -0.00815392 0.08112895 -0.04422098
v -0.00815868 0.08102214 -0.04421526
v -0.00799554 0.08076667 -0.04445540
v -0.00810230 0.08117711 -0.04423874
v -0.00809407 0.08131301 -0.04428207
v -0.00802946 0.08077371 -0.04432970
v -0.00830746 0.08143508 -0.04416877
v -0.00814181 0.08018004 -0.04433721
v -0.00821197 0.08058005 -0.04424446
v -0.00811934 0.08050239 -0.04427921
v -0.00821197 0.08058005 -0.04424446
v -0.00811934 0.08050239 -0.04427921
v -0.00814181 0.08018004 -0.04433721
v -0.00810230 0.08117711 -0.04423874
v -0.00804335 0.08071070 -0.04432702
v -0.00802946 0.08077371 -0.04432970
v -0.00809407 0.08131301 -0.04428207
v -0.00804341 0.08111774 -0.04434430
v -0.00799554 0.08076667 -0.04445540
v -0.00808358 0.08059591 -0.04429703
v -0.00810230 0.08117711 -0.04423874
v -0.00814181 0.08018004 -0.04433721
v -0.00808358 0.08059591 -0.04429703
v -0.00804335 0.08071070 -0.04432702
v -0.00802946 0.08077371 -0.04432970
v -0.00814181 0.08018004 -0.04433721
v -0.00809407 0.08131301 -0.04428207
v -0.00799554 0.08076667 -0.04445540
v -0.00814181 0.08018004 -0.04433721
v -0.00802946 0.08077371 -0.04432970
v -0.00809407 0.08131301 -0.04428207
v -0.00814181 0.08018004 -0.04433721
v -0.00814181 0.08018004 -0.04433721
v -0.00814181 0.08018004 -0.04433721
v -0.00799554 0.08076667 -0.04445540
v -0.00819153 0.07988816 -0.04458767
v -0.01374238 0.07430255 -0.04483103
v -0.01374238 0.07430255 -0.04483103
v -0.00839901 0.07966530 -0.04443269
v -0.01377654 0.07432734 -0.04482698
v -0.00839901 0.07966530 -0.04443269
v -0.00819153 0.07988816 -0.04458767
v -0.01377654 0.07432734 -0.04482698
v 0.01142066 0.09794390 -0.04281091
v 0.01145935 0.09789073 -0.04276371
v 0.01145070 0.09788578 -0.04276561
v 0.01138806 0.09791165 -0.04283577
v 0.01142066 0.09794390 -0.04281091
v 0.01145070 0.09788578 -0.04276561
v 0.01145070 0.09788578 -0.04276561
v 0.01145935 0.09789073 -0.04276371
v 0.01147359 0.09790521 -0.04275321
v 0.01147359 0.09790521 -0.04275321
v 0.01152116 0.09781396 -0.04274016
v 0.01146203 0.09767931 -0.04277825
v 0.01130461 0.07515448 -0.04479122
v 0.01151806 0.09776562 -0.04274511
v 0.01146203 0.09767931 -0.04277825
v 0.01145070 0.09788578 -0.04276561
v 0.01147359 0.09790521 -0.04275321
v 0.01151782 0.09770423 -0.04275047
v 0.01152145 0.09768879 -0.04275083
v 0.01147359 0.09790521 -0.04275321
v 0.01151782 0.09770423 -0.04275047
v 0.01152145 0.09768879 -0.04275083
v 0.01151990 0.09763002 -0.04275631
v 0.01151061 0.09791874 -0.04274481
v 0.01152068 0.09801733 -0.04278129
v 0.01152431 0.09793084 -0.04274380
v 0.01151061 0.09791874 -0.04274481
v 0.01149743 0.09790027 -0.04275614
v 0.01152068 0.09801733 -0.04278129
v 0.01155918 0.09790146 -0.04273098
v 0.01152068 0.09801733 -0.04278129
v 0.01142066 0.09794390 -0.04281091
v 0.01150047 0.09790521 -0.04274594
v 0.01149743 0.09790027 -0.04275614
v 0.01151061 0.09791874 -0.04274481
v 0.01153326 0.09787046 -0.04273295
v 0.01149743 0.09790027 -0.04275614
v 0.01150047 0.09790521 -0.04274594
v 0.01153326 0.09787046 -0.04273295
v 0.01147359 0.09790521 -0.04275321
v 0.01149743 0.09790027 -0.04275614
v 0.01153826 0.09788644 -0.04273331
v 0.01150047 0.09790521 -0.04274594
v 0.01152795 0.09788501 -0.04273414
v 0.01153326 0.09787046 -0.04273295
v 0.01150047 0.09790521 -0.04274594
v 0.01152795 0.09788501 -0.04273414
v 0.01145732 0.09797215 -0.04279679
v 0.01142066 0.09794390 -0.04281091
v 0.01152068 0.09801733 -0.04278129
v 0.01147359 0.09790521 -0.04275321
v 0.01142066 0.09794390 -0.04281091
v 0.01145732 0.09797215 -0.04279679
v 0.01152068 0.09801733 -0.04278129
v 0.01145935 0.09789073 -0.04276371
v 0.01149743 0.09790027 -0.04275614
v 0.01147359 0.09790521 -0.04275321
v 0.01152068 0.09801733 -0.04278129
v 0.01152068 0.09801733 -0.04278129
v 0.01144254 0.09805786 -0.04299139
v 0.01161521 0.09812206 -0.04303425
v 0.01152068 0.09801733 -0.04278129
v 0.01160502 0.09789705 -0.04272896
v 0.00917578 0.07246172 -0.04498416
v 0.00739455 0.07171243 -0.04509782
v 0.00969154 0.07298731 -0.04530549
v 0.00968742 0.07280242 -0.04493188
v 0.00968742 0.07280242 -0.04493188
v 0.00973129 0.07274997 -0.04492700
v 0.00968742 0.07280242 -0.04493188
v 0.00969154 0.07298731 -0.04530549
v 0.00973129 0.07274997 -0.04492700
v 0.01350682 0.09758454 -0.04276758
v 0.01385396 0.09729945 -0.04283618
v 0.01399987 0.09702098 -0.04280716
v 0.01399987 0.09702098 -0.04280716
v 0.01385396 0.09729945 -0.04283618
v 0.01413720 0.09694278 -0.04279422
v 0.01189059 0.09798741 -0.04273647
v 0.01413720 0.09694278 -0.04279422
v 0.01385396 0.09729945 -0.04283618
v 0.01414406 0.09716588 -0.04300040
v 0.01214075 0.09804999 -0.04277521
v 0.01385396 0.09729945 -0.04283618
v 0.01401370 0.09732234 -0.04287058
v 0.01414406 0.09716588 -0.04300040
v 0.01260977 0.09809136 -0.04289197
v 0.01189059 0.09798741 -0.04273647
v 0.01235955 0.09795725 -0.04272848
v 0.01431274 0.09631907 -0.04286867
v 0.01399987 0.09702098 -0.04280716
v 0.01441836 0.09638381 -0.04291993
v 0.01235955 0.09795725 -0.04272848
v 0.01441836 0.09638381 -0.04291993
v 0.01399987 0.09702098 -0.04280716
v 0.01413720 0.09694278 -0.04279422
v 0.01413720 0.09694278 -0.04279422
v 0.01414406 0.09716588 -0.04300040
v 0.01426982 0.09672689 -0.04288578
v 0.01441836 0.09638381 -0.04291993
v 0.01214075 0.09804999 -0.04277521
v 0.01269477 0.09802234 -0.04281908
v 0.01214075 0.09804999 -0.04277521
v 0.01260977 0.09809136 -0.04289197
v 0.01431274 0.09631907 -0.04286867
v 0.01441836 0.09638381 -0.04291993
v 0.01434135 0.09633052 -0.04287528
v 0.01268148 0.09792888 -0.04273945
v 0.01268380 0.09792125 -0.04276371
v 0.01269477 0.09802234 -0.04281908
v 0.01268148 0.09792888 -0.04273945
v 0.01235955 0.09795725 -0.04272848
v 0.01350682 0.09758454 -0.04276758
v 0.01350682 0.09758454 -0.04276758
v 0.01235955 0.09795725 -0.04272848
v 0.01268380 0.09792125 -0.04276371
v 0.01309967 0.09786593 -0.04282283
v 0.01286321 0.09797972 -0.04283893
v 0.01434135 0.09633052 -0.04287528
v 0.01441836 0.09638381 -0.04291993
v 0.01440745 0.09611815 -0.04290843
v 0.01440745 0.09611815 -0.04290843
v 0.01441836 0.09638381 -0.04291993
v 0.01441615 0.09571844 -0.04292517
v 0.01319485 0.09778982 -0.04278248
v 0.01319485 0.09778982 -0.04278248
v 0.01268380 0.09792125 -0.04276371
v 0.01350426 0.09771430 -0.04287123
v 0.01268380 0.09792125 -0.04276371
v 0.01309967 0.09786593 -0.04282283
v 0.01350426 0.09771430 -0.04287123
v 0.01459980 0.09588259 -0.04314267
v 0.01459980 0.09588259 -0.04314267
v 0.01269477 0.09802234 -0.04281908
v 0.01286321 0.09797972 -0.04283893
v 0.01350426 0.09771430 -0.04287123
v 0.01309967 0.09786593 -0.04282283
v 0.01269477 0.09802234 -0.04281908
v 0.01350426 0.09771430 -0.04287123
v 0.01286321 0.09797972 -0.04283893
v 0.01260977 0.09809136 -0.04289197
v 0.01350426 0.09771430 -0.04287123
v 0.01350682 0.09758454 -0.04276758
v 0.01319485 0.09778982 -0.04278248
v 0.01350426 0.09771430 -0.04287123
v 0.01350426 0.09771430 -0.04287123
v 0.01260977 0.09809136 -0.04289197
v 0.01414406 0.09716588 -0.04300040
v 0.01385396 0.09729945 -0.04283618
v 0.01350682 0.09758454 -0.04276758
v 0.01401370 0.09732234 -0.04287058
v 0.01401370 0.09732234 -0.04287058
v 0.01350682 0.09758454 -0.04276758
v 0.01414406 0.09716588 -0.04300040
v 0.01414406 0.09716588 -0.04300040
v 0.00399846 0.07136952 -0.04511815
v 0.00038004 0.07237839 -0.04498219
v 0.00028431 0.07248872 -0.04527837
v 0.01441186 0.07161962 -0.04503774
v 0.01441186 0.07161962 -0.04503774
v -0.00181574 0.07478320 -0.04474920
v -0.00326920 0.07878482 -0.04436439
v -0.00197601 0.07605510 -0.04492789
v -0.00108200 0.07360357 -0.04490149
v -0.00094199 0.07376968 -0.04539871
v 0.00028431 0.07248872 -0.04527837
v 0.00038004 0.07237839 -0.04498219
v -0.00108200 0.07360357 -0.04490149
v -0.00094199 0.07376968 -0.04539871
v 0.00038004 0.07237839 -0.04498219
v 0.01459980 0.09588259 -0.04314267
v 0.01445806 0.07162648 -0.04505884
v 0.01449507 0.07156741 -0.04508292
v 0.01459980 0.09588259 -0.04314267
v 0.01449507 0.07156741 -0.04508292
v -0.00216055 0.07710063 -0.04454523
v -0.00216055 0.07710063 -0.04454523
v -0.00326920 0.07878482 -0.04436439
v -0.00216055 0.07710063 -0.04454523
v -0.00197601 0.07605510 -0.04492789
v 0.01370096 0.06992709 -0.04519242
v 0.01387411 0.07001793 -0.04524552
v 0.01363199 0.06979608 -0.04526495
v 0.01387411 0.07001793 -0.04524552
v 0.01363199 0.06979608 -0.04526495
v 0.01356405 0.06978452 -0.04522401
v 0.01363199 0.06979608 -0.04526495
v 0.01387411 0.07001793 -0.04524552
v 0.01387411 0.07001793 -0.04524552
v 0.01363199 0.06979608 -0.04526495
v 0.01302719 0.06949400 -0.04522418
v 0.01285171 0.06949794 -0.04521495
v 0.01347708 0.06968361 -0.04527479
v 0.01347708 0.06968361 -0.04527479
v 0.01342070 0.06959545 -0.04542601
v 0.01347708 0.06968361 -0.04527479
v 0.01430130 0.07088267 -0.04510259
v 0.01370096 0.06992709 -0.04519242
v 0.01356405 0.06978452 -0.04522401
v 0.01324456 0.06957614 -0.04524797
v 0.01324719 0.06954884 -0.04528653
v 0.01324456 0.06957614 -0.04524797
v 0.01324719 0.06954884 -0.04528653
v 0.01324719 0.06954884 -0.04528653
v 0.01347708 0.06968361 -0.04527479
v 0.01302719 0.06949400 -0.04522418
v 0.01370096 0.06992709 -0.04519242
v 0.01216876 0.06929910 -0.04526764
v 0.01216876 0.06929910 -0.04526764
v 0.01301968 0.06944668 -0.04529547
v 0.01216876 0.06929910 -0.04526764
v 0.01324456 0.06957614 -0.04524797
v 0.01301968 0.06944668 -0.04529547
v 0.01301968 0.06944668 -0.04529547
v 0.01239883 0.06923377 -0.04542326
v 0.01417225 0.07051789 -0.04514849
v 0.01301968 0.06944668 -0.04529547
v 0.01324719 0.06954884 -0.04528653
v 0.01239883 0.06923377 -0.04542326
v 0.01430130 0.07088267 -0.04510259
v 0.01449507 0.07156741 -0.04508292
v 0.01417225 0.07051789 -0.04514849
v 0.01438677 0.07090294 -0.04516816
v 0.01449507 0.07156741 -0.04508292
v 0.01438671 0.07081973 -0.04518854
v 0.01282423 0.06937986 -0.04530137
v 0.01282423 0.06937986 -0.04530137
v 0.01301968 0.06944668 -0.04529547
v 0.01239883 0.06923377 -0.04542326
v 0.01282423 0.06937986 -0.04530137
v 0.01282423 0.06937986 -0.04530137
v 0.01301968 0.06944668 -0.04529547
v 0.01413941 0.07058501 -0.04512184
v 0.01449507 0.07156741 -0.04508292
v 0.01421236 0.07055193 -0.04516559
v 0.01449507 0.07156741 -0.04508292
v 0.01438677 0.07090294 -0.04516816
v 0.01424068 0.07054060 -0.04519981
v 0.01424068 0.07054060 -0.04519981
v 0.01424068 0.07054060 -0.04519981
v 0.01438677 0.07090294 -0.04516816
v 0.01251947 0.06930971 -0.04530745
v 0.01251947 0.06930971 -0.04530745
v 0.01424068 0.07054060 -0.04519981
v 0.01251947 0.06930971 -0.04530745
v 0.01282423 0.06937986 -0.04530137
v 0.01239883 0.06923377 -0.04542326
v 0.01251947 0.06930971 -0.04530745
v 0.01424068 0.07054060 -0.04519981
v 0.01418077 0.07043004 -0.04520946
v 0.01418077 0.07043004 -0.04520946
v 0.01241493 0.06929445 -0.04530882
v 0.01418077 0.07043004 -0.04520946
v 0.01241493 0.06929445 -0.04530882
v 0.01241493 0.06929445 -0.04530882
v 0.01241493 0.06929445 -0.04530882
v 0.01216876 0.06929910 -0.04526764
v 0.01200121 0.06927555 -0.04531049
v 0.01216876 0.06929910 -0.04526764
v 0.01200187 0.06927555 -0.04531049
v 0.01241493 0.06929445 -0.04530882
v 0.01200187 0.06927555 -0.04531049
v 0.01200121 0.06927555 -0.04531049
v 0.01200121 0.06927555 -0.04531049
v 0.01200187 0.06927555 -0.04531049
v 0.01396149 0.07011628 -0.04523700
v 0.01396149 0.07011628 -0.04523700
v 0.01396149 0.07011628 -0.04523700
v 0.01216876 0.06929910 -0.04526764
v 0.01239883 0.06923377 -0.04542326
v -0.01216012 0.06920135 -0.04523348
v 0.01080334 0.06940668 -0.04522103
v 0.01200121 0.06927555 -0.04531049
v 0.01239883 0.06923377 -0.04542326
v 0.01216876 0.06929910 -0.04526764
v -0.00215977 0.08922445 -0.04357177
v -0.00211424 0.08870255 -0.04352819
v -0.00254917 0.08979976 -0.04344618
v -0.00251436 0.08991730 -0.04351603
v -0.00426519 0.09074640 -0.04339313
v -0.00304866 0.09056818 -0.04379135
v -0.00308335 0.09042155 -0.04351633
v -0.00426519 0.09074640 -0.04339313
v -0.00315285 0.09039390 -0.04344415
v -0.00314260 0.09027910 -0.04340004
v -0.00330919 0.09034883 -0.04338383
v -0.00290680 0.09022319 -0.04344135
v -0.00330919 0.09034883 -0.04338383
v -0.00426519 0.09074640 -0.04339313
v -0.00290680 0.09022319 -0.04344135
v -0.00290680 0.09022319 -0.04344135
v -0.00426519 0.09074640 -0.04339313
v -0.00315285 0.09039390 -0.04344415
v -0.00290680 0.09022319 -0.04344135
v -0.00280929 0.09016221 -0.04346013
v -0.00251436 0.08991730 -0.04351603
v -0.00280929 0.09016221 -0.04346013
v -0.00290680 0.09022319 -0.04344135
v -0.00251436 0.08991730 -0.04351603
v -0.00263709 0.09009861 -0.04361373
v -0.00619978 0.09054708 -0.04339265
v -0.00655293 0.09051537 -0.04341953
v -0.00426519 0.09074640 -0.04339313
v -0.00500917 0.09082305 -0.04349011
v -0.00426519 0.09074640 -0.04339313
v -0.00655293 0.09051537 -0.04341953
v -0.00469971 0.07764756 -0.04454469
v -0.01256096 0.06969702 -0.04526108
v -0.00524318 0.07711184 -0.04493278
v -0.00524318 0.07711184 -0.04493278
v -0.01256096 0.06969702 -0.04526108
v -0.00581396 0.07651805 -0.04485875
v -0.00721741 0.08975017 -0.04344272
v -0.00712544 0.08991974 -0.04343152
v -0.00655293 0.09051537 -0.04341953
v -0.00712544 0.08991974 -0.04343152
v -0.00720596 0.08988749 -0.04345321
v -0.00655293 0.09051537 -0.04341953
v -0.00720596 0.08988749 -0.04345321
v -0.00716162 0.08995181 -0.04344791
v -0.00655293 0.09051537 -0.04341953
v -0.00716162 0.08995181 -0.04344791
v -0.00717551 0.09004783 -0.04346764
v -0.00655293 0.09051537 -0.04341953
v -0.00717551 0.09004783 -0.04346764
v -0.00728506 0.08999121 -0.04354900
v -0.00655293 0.09051537 -0.04341953
v -0.00655293 0.09051537 -0.04341953
v -0.00728506 0.08999121 -0.04354900
v -0.00694275 0.09030187 -0.04353439
v -0.00694275 0.09030187 -0.04353439
v -0.00728506 0.08999121 -0.04354900
v -0.00665718 0.09049350 -0.04352700
v -0.00769216 0.08879268 -0.04358178
v -0.00758588 0.08760535 -0.04370450
v -0.00772399 0.08860385 -0.04366558
v -0.00758588 0.08760535 -0.04370450
v -0.00776702 0.08884119 -0.04380065
v -0.00772399 0.08860385 -0.04366558
v -0.00694275 0.09030187 -0.04353439
v -0.00751126 0.08889377 -0.04351460
v -0.00756234 0.08889383 -0.04352128
v -0.00769216 0.08879268 -0.04358178
v -0.00756037 0.08890819 -0.04351997
v -0.00756049 0.08890819 -0.04351997
v -0.00760925 0.08890151 -0.04353982
v -0.00760728 0.08891624 -0.04353851
v -0.00623321 0.09049832 -0.04338330
v -0.00756049 0.08890819 -0.04351997
v -0.00619978 0.09054708 -0.04339265
v -0.00769216 0.08879268 -0.04358178
v -0.00772399 0.08860385 -0.04366558
v -0.00741249 0.08995348 -0.04368466
v -0.00741249 0.08995348 -0.04368466
v -0.00772399 0.08860385 -0.04366558
v -0.00770014 0.08893901 -0.04365408
v -0.00776702 0.08884119 -0.04380065
v -0.00741249 0.08995348 -0.04368466
v -0.00770014 0.08893901 -0.04365408
v -0.00772399 0.08860385 -0.04366558
v -0.00745815 0.08933627 -0.04348117
v -0.00746721 0.08941829 -0.04348897
v -0.00745815 0.08933627 -0.04348117
v -0.00426519 0.09074640 -0.04339313
v -0.00769216 0.08879268 -0.04358178
v -0.00741249 0.08995348 -0.04368466
v -0.00728506 0.08999121 -0.04354900
v -0.00750536 0.08946788 -0.04352432
v -0.00769216 0.08879268 -0.04358178
v -0.00728506 0.08999121 -0.04354900
v -0.00746721 0.08941829 -0.04348897
v -0.00769216 0.08879268 -0.04358178
v -0.00717551 0.09004783 -0.04346764
v -0.00769216 0.08879268 -0.04358178
v -0.00750536 0.08946788 -0.04352432
v -0.00717551 0.09004783 -0.04346764
v -0.00717551 0.09004783 -0.04346764
v -0.00750536 0.08946788 -0.04352432
v -0.00728506 0.08999121 -0.04354900
v -0.00721741 0.08975017 -0.04344272
v -0.00716764 0.08677250 -0.04375672
v -0.00686216 0.08627784 -0.04377228
v -0.00758588 0.08760535 -0.04370450
v -0.00716764 0.08677250 -0.04375672
v -0.00686216 0.08627784 -0.04377228
v -0.00758588 0.08760535 -0.04370450
v -0.00716764 0.08677250 -0.04375672
v -0.00686216 0.08627784 -0.04377228
v -0.00756037 0.08731454 -0.04404413
v -0.00758588 0.08760535 -0.04370450
v -0.00686216 0.08627784 -0.04377228
v -0.00508398 0.08394038 -0.04400593
v -0.00758588 0.08760535 -0.04370450
v -0.00508398 0.08394038 -0.04400593
v -0.00622940 0.08530604 -0.04403662
v -0.00758588 0.08760535 -0.04370450
v -0.00388801 0.08047246 -0.04432630
v -0.00390291 0.07932460 -0.04436117
v -0.00407988 0.07924294 -0.04465579
v -0.00388801 0.08047246 -0.04432630
v -0.00384635 0.08100509 -0.04421132
v -0.00388801 0.08047246 -0.04432630
v -0.00407988 0.07924294 -0.04465579
v -0.00469971 0.07764756 -0.04454469
v -0.00524318 0.07711184 -0.04493278
v -0.00390291 0.07932460 -0.04436117
v -0.00421453 0.08238399 -0.04409945
v -0.00410747 0.08189952 -0.04417967
v -0.00432205 0.08260142 -0.04408365
v -0.00410747 0.08189952 -0.04417967
v -0.00442064 0.08269441 -0.04416960
v -0.00562340 0.08476275 -0.04388260
v -0.00686216 0.08627784 -0.04377228
v -0.00478947 0.08360171 -0.04398429
v -0.00482559 0.08357799 -0.04400348
v -0.00478947 0.08360171 -0.04398429
v -0.00482559 0.08357799 -0.04400348
v -0.00686216 0.08627784 -0.04377228
v -0.00482559 0.08357799 -0.04400348
v -0.00508398 0.08394038 -0.04400593
v -0.00482559 0.08357799 -0.04400348
v -0.00442064 0.08269441 -0.04416960
v -0.00411081 0.08175265 -0.04423648
v -0.00388801 0.08047246 -0.04432630
v -0.00442064 0.08269441 -0.04416960
v -0.00432205 0.08260142 -0.04408365
v -0.00388801 0.08047246 -0.04432630
v -0.00411081 0.08175265 -0.04423648
v 0.02378082 0.06860148 -0.04322916
v 0.02429485 0.06744945 -0.04174143
v 0.02365487 0.06815135 -0.04285907
v 0.02294152 0.06873500 -0.04367548
v 0.02186959 0.06920993 -0.04399394
v 0.02294152 0.06873500 -0.04367548
v 0.02380555 0.06753909 -0.04177188
v 0.02294152 0.06873500 -0.04367548
v 0.02186959 0.06920993 -0.04399394
v 0.02365487 0.06815135 -0.04285907
v 0.02060699 0.07029902 -0.04507738
v 0.02072775 0.06992220 -0.04457956
v 0.01962333 0.07010912 -0.04473471
v 0.02102661 0.07036387 -0.04510211
v 0.02032464 0.07037150 -0.04514026
v 0.01830959 0.07043492 -0.04548668
v 0.02060699 0.07029902 -0.04507738
v 0.01965332 0.07079207 -0.04545313
v 0.02032464 0.07037150 -0.04514026
v 0.01965332 0.07079207 -0.04545313
v 0.01830959 0.07043492 -0.04548668
v 0.01965332 0.07079207 -0.04545313
v 0.02060699 0.07029902 -0.04507738
v 0.01804709 0.07047092 -0.04555696
v 0.01818001 0.07017123 -0.04538393
v 0.01962333 0.07010912 -0.04473471
v 0.01818001 0.07017123 -0.04538393
v 0.01962333 0.07010912 -0.04473471
v 0.01812374 0.06987434 -0.04501032
v 0.01722431 0.06321847 -0.04478222
v 0.01826661 0.06315600 -0.04364687
v 0.01974242 0.06216681 -0.04150015
v 0.01937866 0.06157475 -0.04213625
v 0.01722431 0.06321847 -0.04478222
v 0.01974242 0.06216681 -0.04150015
v 0.01826661 0.06315600 -0.04364687
v 0.01840782 0.06164443 -0.04316806
v 0.01722431 0.06321847 -0.04478222
v 0.01812374 0.06987434 -0.04501032
v 0.01691430 0.06930482 -0.04539775
v 0.01638978 0.06942474 -0.04572790
v 0.01691430 0.06930482 -0.04539775
v 0.01676917 0.06905293 -0.04550063
v 0.01619285 0.06719279 -0.04499191
v 0.01586151 0.06792199 -0.04574751
v 0.01812374 0.06987434 -0.04501032
v 0.01676917 0.06905293 -0.04550063
v 0.01691430 0.06930482 -0.04539775
v 0.01638978 0.06942474 -0.04572790
v 0.01638978 0.06942474 -0.04572790
v 0.01681518 0.06443583 -0.04486560
v 0.01658916 0.06484711 -0.04495722
v 0.01578903 0.06467235 -0.04561519
v 0.01681518 0.06443583 -0.04486560
v 0.01826661 0.06315600 -0.04364687
v 0.01722431 0.06321847 -0.04478222
v 0.01588433 0.06737887 -0.04564291
v 0.01586151 0.06792199 -0.04574751
v 0.01619285 0.06719279 -0.04499191
v 0.01578617 0.06693446 -0.04571127
v 0.01617258 0.06589686 -0.04530453
v 0.01617258 0.06589686 -0.04530453
v 0.01541751 0.06622397 -0.04586571
v 0.01586151 0.06792199 -0.04574751
v 0.01578617 0.06693446 -0.04571127
v 0.01617258 0.06589686 -0.04530453
v 0.01722431 0.06321847 -0.04478222
v 0.01578617 0.06693446 -0.04571127
v 0.01617258 0.06589686 -0.04530453
v 0.01574444 0.06619244 -0.04571658
v 0.01547241 0.06603515 -0.04583889
v 0.01560080 0.06511753 -0.04572111
v 0.01632690 0.06358134 -0.04523569
v 0.01578903 0.06467235 -0.04561519
v 0.01617258 0.06589686 -0.04530453
v 0.01658916 0.06484711 -0.04495722
v 0.01681518 0.06443583 -0.04486560
v 0.01617258 0.06589686 -0.04530453
v -0.00349236 0.11230050 -0.03914171
v -0.00340044 0.11271160 -0.03787553
v -0.00328112 0.11180810 -0.03917312
v -0.00333315 0.11116870 -0.04022604
v -0.00423551 0.11288080 -0.03873407
v -0.00349236 0.11230050 -0.03914171
v -0.00397301 0.11137800 -0.04072958
v -0.00423551 0.11288080 -0.03873407
v -0.00333315 0.11116870 -0.04022604
v -0.00403166 0.11140900 -0.04069143
v -0.00423551 0.11288080 -0.03873407
v -0.00397301 0.11137800 -0.04072958
v -0.00403166 0.11140900 -0.04069143
v -0.00372094 0.11323970 -0.03578835
v -0.00324875 0.11262890 -0.03647500
v -0.00340044 0.11271160 -0.03787553
v -0.00459742 0.11215380 -0.03990554
v -0.00333315 0.11116870 -0.04022604
v -0.00403947 0.11325520 -0.03690308
v -0.00333315 0.11116870 -0.04022604
v -0.00343889 0.10903340 -0.04167467
v -0.00367975 0.10999190 -0.04151248
v -0.00343889 0.10903340 -0.04167467
v -0.00403166 0.11140900 -0.04069143
v -0.00406599 0.11002910 -0.04167556
v -0.00423551 0.11288080 -0.03873407
v -0.00385421 0.10915550 -0.04195505
v -0.00349236 0.11230050 -0.03914171
v -0.00406599 0.11002910 -0.04167556
v -0.00403166 0.11140900 -0.04069143
v -0.00397301 0.11137800 -0.04072958
v -0.00417364 0.11013240 -0.04162520
v -0.00370824 0.10832040 -0.04216557
v -0.00343889 0.10903340 -0.04167467
v -0.00354379 0.10790660 -0.04220205
v -0.00376391 0.10836160 -0.04218143
v -0.00375938 0.10784180 -0.04231929
v -0.00401491 0.10874730 -0.04217058
v -0.00375938 0.10784180 -0.04231929
v -0.00385421 0.10915550 -0.04195505
v -0.00376391 0.10836160 -0.04218143
v -0.00324196 0.10796310 -0.04184162
v -0.00354379 0.10790660 -0.04220205
v -0.00324196 0.10796310 -0.04184162
v -0.00375938 0.10784180 -0.04231929
v -0.00375938 0.10784180 -0.04231929
v 0.00066966 0.10577260 -0.04202157
v 0.00011444 0.10510190 -0.04255890
v -0.00114936 0.10582200 -0.04215723
v -0.00190920 0.10573750 -0.04247099
v -0.00254440 0.10572990 -0.04253768
v -0.00190920 0.10573750 -0.04247099
v 0.00011444 0.10510190 -0.04255890
v -0.00237548 0.10653120 -0.04213845
v -0.00312799 0.10658440 -0.04243189
v -0.00312799 0.10658440 -0.04243189
v -0.00404400 0.10774880 -0.04237383
v -0.00312799 0.10658440 -0.04243189
v -0.00254440 0.10572990 -0.04253768
v -0.00324196 0.10796310 -0.04184162
v -0.00312799 0.10658440 -0.04243189
v -0.00375938 0.10784180 -0.04231929
v 0.00342178 0.10835060 -0.04201227
v 0.00342178 0.10835060 -0.04201227
v 0.00335974 0.11088830 -0.04058265
v 0.00397038 0.11077390 -0.04131466
v 0.00298125 0.10735480 -0.04202491
v 0.00342178 0.10835060 -0.04201227
v 0.00397038 0.11077390 -0.04131466
v 0.00335974 0.11088830 -0.04058265
v 0.00404143 0.11313590 -0.03790986
v 0.00349253 0.11241110 -0.03884798
v 0.00336540 0.11262500 -0.03781837
v 0.00373793 0.11153780 -0.04045295
v 0.00380516 0.11323200 -0.03655254
v 0.00323349 0.11269100 -0.03639394
v 0.00397038 0.11077390 -0.04131466
v 0.00458145 0.11174280 -0.04039293
v 0.00459051 0.10994320 -0.04179143
v 0.00336540 0.11262500 -0.03781837
v 0.00349253 0.11241110 -0.03884798
v 0.00349253 0.11241110 -0.03884798
v 0.00349253 0.11241110 -0.03884798
v 0.00404143 0.11313590 -0.03790986
v 0.00373793 0.11153780 -0.04045295
v 0.00432378 0.11257430 -0.03918457
v 0.00397038 0.11077390 -0.04131466
v 0.00373793 0.11153780 -0.04045295
v 0.00432378 0.11257430 -0.03918457
v 0.00458145 0.11174280 -0.04039293
v 0.00397038 0.11077390 -0.04131466
v 0.00432378 0.11257430 -0.03918457
v 0.00387979 0.11325930 -0.03578376
v -0.02402251 0.06744754 -0.04172992
v -0.02275848 0.06871592 -0.04358386
v -0.02340793 0.06852900 -0.04343420
v -0.02055650 0.07014524 -0.04488474
v -0.02255630 0.06958568 -0.04443079
v -0.02186959 0.07042491 -0.04494005
v -0.02154541 0.06995952 -0.04480463
v -0.01800513 0.07005918 -0.04526621
v -0.01823651 0.06992089 -0.04503750
v -0.02055650 0.07014524 -0.04488474
v -0.01801753 0.07053744 -0.04556822
v -0.01907575 0.07073575 -0.04549509
v -0.02055650 0.07014524 -0.04488474
v -0.01800513 0.07005918 -0.04526621
v -0.01999634 0.07070910 -0.04537409
v -0.02104187 0.07066905 -0.04520708
v -0.02154541 0.06995952 -0.04480463
v -0.02255630 0.06958568 -0.04443079
v -0.02080661 0.07034343 -0.04509353
v -0.02080661 0.07034343 -0.04509353
v -0.02186959 0.07042491 -0.04494005
v -0.02186959 0.07042491 -0.04494005
v -0.02186959 0.07042491 -0.04494005
v -0.02011108 0.07100856 -0.04542261
v -0.02104187 0.07066905 -0.04520708
v -0.02055650 0.07014524 -0.04488474
v -0.01569223 0.06822162 -0.04577624
v -0.01578426 0.06810712 -0.04576355
v -0.01672554 0.06983935 -0.04566055
v -0.01720231 0.06924474 -0.04511374
v -0.01800513 0.07005918 -0.04526621
v -0.01569223 0.06822162 -0.04577624
v -0.01720231 0.06924474 -0.04511374
v -0.01569223 0.06822162 -0.04577624
v -0.01630234 0.06792849 -0.04516500
v -0.01569223 0.06822162 -0.04577624
v -0.01800513 0.07005918 -0.04526621
v -0.01672554 0.06983935 -0.04566055
v -0.01720231 0.06924474 -0.04511374
v -0.01823651 0.06992089 -0.04503750
v -0.01800513 0.07005918 -0.04526621
v -0.01672554 0.06983935 -0.04566055
v -0.01630234 0.06792849 -0.04516500
v -0.01584982 0.06665056 -0.04562747
v -0.01578426 0.06810712 -0.04576355
v -0.01540279 0.06637966 -0.04587972
v -0.01630234 0.06792849 -0.04516500
v -0.01626008 0.06505572 -0.04535579
v -0.01578426 0.06810712 -0.04576355
v -0.01630234 0.06792849 -0.04516500
v -0.01569223 0.06822162 -0.04577624
v -0.01864522 0.06264007 -0.04338175
v -0.01806545 0.06351077 -0.04362875
v -0.01647949 0.06461894 -0.04526233
v -0.01626008 0.06505572 -0.04535579
v -0.01700747 0.06377649 -0.04486441
v -0.01655060 0.06403231 -0.04519128
v -0.01609581 0.06596720 -0.04533344
v -0.01626008 0.06505572 -0.04535579
v -0.01710820 0.06441843 -0.04419070
v -0.01609581 0.06596720 -0.04533344
v -0.01607704 0.06466472 -0.04552084
v -0.01626008 0.06505572 -0.04535579
v -0.01570093 0.06626969 -0.04574120
v -0.01584982 0.06665056 -0.04562747
v -0.01584982 0.06665056 -0.04562747
v -0.01609581 0.06596720 -0.04533344
v -0.01630234 0.06792849 -0.04516500
v -0.01609581 0.06596720 -0.04533344
v -0.01887696 0.06190329 -0.04292589
v -0.01864522 0.06264007 -0.04338175
v -0.01792901 0.06270015 -0.04415899
v -0.01966565 0.06234198 -0.04138457
v 0.00387979 0.11325930 -0.03578376
v -0.00372094 0.11323970 -0.03578835
v -0.00123560 0.11356900 -0.03547155
v 0.00387979 0.11325930 -0.03578376
v -0.00046206 0.11319720 -0.03600358
v -0.00372094 0.11323970 -0.03578835
v -0.00284499 0.11255220 -0.03617173
v -0.00290531 0.11265740 -0.03616124
v -0.00302744 0.11283370 -0.03610986
v -0.00302744 0.11283370 -0.03610986
v -0.00046206 0.11319720 -0.03600358
v 0.00387979 0.11325930 -0.03578376
v 0.00312090 0.11292110 -0.03606986
v -0.00046206 0.11319720 -0.03600358
v -0.00331974 0.11314280 -0.03586483
v -0.00372094 0.11323970 -0.03578835
v -0.00302744 0.11283370 -0.03610986
v -0.00331974 0.11314280 -0.03586483
v -0.00322843 0.11275520 -0.03629612
v -0.00372094 0.11323970 -0.03578835
v -0.00312602 0.11304940 -0.03596669
v -0.00302744 0.11283370 -0.03610986
v -0.00322843 0.11275520 -0.03629612
v -0.00312602 0.11304940 -0.03596669
v -0.00312602 0.11304940 -0.03596669
v -0.00324875 0.11262890 -0.03647500
v -0.00290531 0.11265740 -0.03616124
v -0.00305790 0.11259750 -0.03624534
v -0.00322843 0.11275520 -0.03629612
v -0.00322843 0.11275520 -0.03629612
v -0.00276852 0.10803130 -0.03619360
v -0.00233150 0.10685630 -0.03637909
v -0.00316781 0.10853760 -0.03654664
v -0.00244802 0.10773500 -0.03617095
v -0.00192094 0.10717860 -0.03616571
v -0.00233150 0.10685630 -0.03637909
v -0.00140929 0.10666070 -0.03617405
v -0.00060928 0.10602340 -0.03626126
v -0.00256699 0.10761740 -0.03623121
v -0.00276852 0.10803130 -0.03619360
v -0.00060928 0.10602340 -0.03626126
v -0.00322843 0.11275520 -0.03629612
v -0.00276852 0.10803130 -0.03619360
v -0.00316781 0.10853760 -0.03654664
v 0.00272983 0.11283170 -0.03614759
v 0.00288343 0.11254730 -0.03618180
v 0.00290364 0.10754950 -0.03630453
v 0.00272983 0.11283170 -0.03614759
v 0.00290364 0.10754950 -0.03630453
v 0.00271654 0.10909960 -0.03616571
v 0.00297630 0.11245080 -0.03623056
v 0.00323349 0.11269100 -0.03639394
v 0.00323349 0.11269100 -0.03639394
v 0.00334495 0.11299320 -0.03613609
v 0.00387979 0.11325930 -0.03578376
v 0.00334495 0.11299320 -0.03613609
v 0.00312090 0.11292110 -0.03606986
v 0.00387979 0.11325930 -0.03578376
v 0.00302124 0.11247140 -0.03622919
v 0.00334495 0.11299320 -0.03613609
v 0.00323349 0.11269100 -0.03639394
v 0.00289440 0.11259540 -0.03617286
v 0.00334495 0.11299320 -0.03613609
v 0.00288343 0.11254730 -0.03618180
v 0.00305188 0.11268230 -0.03620070
v 0.00302124 0.11247140 -0.03622919
v 0.00288343 0.11254730 -0.03618180
v 0.00302124 0.11247140 -0.03622919
v 0.00323349 0.11269100 -0.03639394
v 0.00312090 0.11292110 -0.03606986
v 0.00334495 0.11299320 -0.03613609
v 0.00272983 0.11283170 -0.03614759
v 0.00288343 0.11254730 -0.03618180
v 0.00334495 0.11299320 -0.03613609
v 0.00305188 0.11268230 -0.03620070
v 0.00334495 0.11299320 -0.03613609
v -0.01704579 0.06461423 -0.04133474
v -0.01966565 0.06234198 -0.04138457
v -0.02022927 0.06236350 -0.04117399
v -0.01704579 0.06461423 -0.04133474
v -0.02016258 0.06241929 -0.04116970
v -0.02016258 0.06241929 -0.04116970
v -0.02041572 0.06997007 -0.04138654
v -0.01704579 0.06461423 -0.04133474
v -0.01629877 0.06632989 -0.04123663
v -0.01655834 0.06529104 -0.04147952
v -0.01681423 0.06788051 -0.04117292
v -0.01708757 0.06858670 -0.04120010
v -0.01629877 0.06632989 -0.04123663
v -0.01708757 0.06858670 -0.04120010
v -0.01818490 0.06962841 -0.04123491
v -0.01672810 0.06847685 -0.04150646
v -0.01708757 0.06858670 -0.04120010
v -0.01672810 0.06847685 -0.04150646
v -0.01629877 0.06632989 -0.04123663
v -0.01818490 0.06962841 -0.04123491
v -0.02376842 0.06732356 -0.04136371
v -0.02343511 0.06774318 -0.04158782
v -0.02041572 0.06997007 -0.04138654
v -0.02398419 0.06696879 -0.04122406
v -0.02384567 0.06701457 -0.04121309
v -0.02398419 0.06696879 -0.04122406
v -0.02095556 0.06934607 -0.04119133
v 0.02408772 0.06682908 -0.04118371
v 0.02110391 0.06948220 -0.04131561
v 0.01976299 0.06975567 -0.04118192
v 0.01846075 0.06939423 -0.04117131
v 0.01725149 0.06899511 -0.04126989
v 0.01654785 0.06810224 -0.04156595
v 0.01725149 0.06899511 -0.04126989
v 0.01626765 0.06626999 -0.04119366
v 0.01738631 0.06878268 -0.04119211
v 0.01725149 0.06899511 -0.04126989
v 0.02110391 0.06948220 -0.04131561
v 0.02067548 0.06981700 -0.04130184
v 0.01738631 0.06878268 -0.04119211
v 0.01730823 0.06856954 -0.04117244
v 0.01626765 0.06626999 -0.04119366
v 0.01626765 0.06626999 -0.04119366
v 0.02067548 0.06981700 -0.04130184
v 0.01976299 0.06975567 -0.04118192
v 0.01725149 0.06899511 -0.04126989
v 0.01846748 0.06990903 -0.04157203
v 0.02067548 0.06981700 -0.04130184
v 0.01725149 0.06899511 -0.04126989
v 0.02004235 0.06236267 -0.04120349
v 0.01995849 0.06230676 -0.04125308
v 0.01671260 0.06493330 -0.04146844
v 0.01671260 0.06493330 -0.04146844
v 0.01995849 0.06230676 -0.04125308
v 0.01974242 0.06216681 -0.04150015
v 0.02443540 0.06706607 -0.04131323
v 0.02442353 0.06693446 -0.04117488
v 0.02408772 0.06682908 -0.04118371
v 0.02443540 0.06706607 -0.04131323
v 0.02408772 0.06682908 -0.04118371
v 0.02364480 0.06752932 -0.04144358
v 0.02442353 0.06693446 -0.04117488
v 0.02471745 0.06681126 -0.04088693
v 0.02442353 0.06693446 -0.04117488
v 0.02473044 0.06691902 -0.04096841
v 0.02462226 0.06701296 -0.04113012
v 0.02429485 0.06744945 -0.04174143
v 0.02443540 0.06706607 -0.04131323
v 0.02364480 0.06752932 -0.04144358
v 0.02501964 0.06760203 -0.04132944
v 0.02442353 0.06693446 -0.04117488
v 0.02462226 0.06701296 -0.04113012
v 0.02501964 0.06760203 -0.04132944
v 0.02380555 0.06753909 -0.04177188
v 0.02429485 0.06744945 -0.04174143
v 0.02364480 0.06752932 -0.04144358
v 0.02429485 0.06744945 -0.04174143
v 0.02443540 0.06706607 -0.04131323
v 0.01937866 0.06157475 -0.04213625
v 0.01955449 0.06145632 -0.04174739
v 0.01937866 0.06157475 -0.04213625
v 0.01976013 0.06131535 -0.04147815
v 0.02027130 0.06207609 -0.04115492
v 0.02021789 0.06178265 -0.04113489
v 0.02016443 0.06221950 -0.04117685
v 0.02021789 0.06178265 -0.04113489
v 0.01986581 0.06134402 -0.04129058
v 0.01976013 0.06131535 -0.04147815
v 0.01937866 0.06157475 -0.04213625
v 0.01974761 0.06115329 -0.04122662
v 0.01955449 0.06145632 -0.04174739
v 0.01976013 0.06131535 -0.04147815
v 0.01974761 0.06115329 -0.04122662
v 0.01937866 0.06157475 -0.04213625
v 0.01955449 0.06145632 -0.04174739
v 0.02037239 0.06174838 -0.04102236
v 0.02027130 0.06207609 -0.04115492
v 0.02362394 0.06530416 -0.04087781
v 0.02019619 0.06156378 -0.04107230
v 0.02021789 0.06178265 -0.04113489
v 0.02027130 0.06207609 -0.04115492
v 0.02019619 0.06156378 -0.04107230
v 0.02018272 0.06155872 -0.04108273
v 0.02021789 0.06178265 -0.04113489
v 0.02037239 0.06174838 -0.04102236
v 0.02029484 0.06184500 -0.04110532
v 0.02027130 0.06207609 -0.04115492
v 0.02010458 0.06140369 -0.04105895
v 0.01986581 0.06134402 -0.04129058
v 0.01937866 0.06157475 -0.04213625
v 0.02021789 0.06178265 -0.04113489
v 0.01974761 0.06115329 -0.04122662
v 0.01976013 0.06131535 -0.04147815
v 0.02034628 0.06167912 -0.04099971
v 0.02027130 0.06207609 -0.04115492
v 0.02034628 0.06167912 -0.04099971
v 0.02027130 0.06207609 -0.04115492
v 0.02029484 0.06184500 -0.04110532
v 0.02010458 0.06140369 -0.04105895
v 0.02021789 0.06178265 -0.04113489
v 0.02018272 0.06155872 -0.04108273
v 0.02037239 0.06174838 -0.04102236
v 0.02029484 0.06184500 -0.04110532
v 0.02036821 0.06156086 -0.04089617
v 0.02037239 0.06174838 -0.04102236
v 0.02046293 0.06145209 -0.04064857
v -0.02436643 0.06712806 -0.04132324
v -0.02438730 0.06750285 -0.04172992
v -0.02436643 0.06712806 -0.04132324
v -0.02398419 0.06696879 -0.04122406
v -0.02436643 0.06712806 -0.04132324
v -0.02376842 0.06732356 -0.04136371
v -0.02463716 0.06773132 -0.04181122
v -0.02384275 0.06693065 -0.04118448
v -0.02384567 0.06701457 -0.04121309
v -0.02383351 0.06674373 -0.04116129
v -0.02384275 0.06693065 -0.04118448
v -0.02383351 0.06674373 -0.04116129
v -0.02468132 0.06715786 -0.04121190
v -0.02489882 0.06727355 -0.04110211
v -0.02446144 0.06718242 -0.04115015
v -0.02468132 0.06715786 -0.04121190
v -0.02436643 0.06712806 -0.04132324
v -0.02481621 0.06719636 -0.04113543
v -0.02489882 0.06727355 -0.04110211
v -0.02468132 0.06715786 -0.04121190
v -0.02317589 0.06448161 -0.04074060
v -0.02446144 0.06718242 -0.04115015
v -0.02436643 0.06712806 -0.04132324
v -0.02447414 0.06695353 -0.04107379
v -0.02474761 0.06698966 -0.04101175
v -0.02468132 0.06715786 -0.04121190
v -0.02446144 0.06718242 -0.04115015
v -0.02398419 0.06696879 -0.04122406
v -0.02447414 0.06695353 -0.04107379
v -0.02436643 0.06712806 -0.04132324
v -0.02503013 0.06748759 -0.04106616
v -0.02489882 0.06727355 -0.04110211
v -0.02498650 0.06736218 -0.04107677
v -0.02498650 0.06736218 -0.04107677
v -0.02498650 0.06736218 -0.04107677
v -0.02474761 0.06698966 -0.04101175
v -0.02481621 0.06719636 -0.04113543
v -0.02468132 0.06715786 -0.04121190
v -0.02464306 0.06675410 -0.04091459
v -0.02474761 0.06698966 -0.04101175
v -0.02453047 0.06666696 -0.04093903
v -0.02398419 0.06696879 -0.04122406
v -0.02317589 0.06448161 -0.04074060
v -0.02447414 0.06695353 -0.04107379
v -0.02453047 0.06666696 -0.04093903
v -0.02452898 0.06657642 -0.04087883
v -0.02317589 0.06448161 -0.04074060
v -0.02468079 0.06667655 -0.04081243
v -0.02459383 0.06655919 -0.04080688
v -0.02444571 0.06635248 -0.04080694
v -0.02458518 0.06647765 -0.04075193
v -0.02317589 0.06448161 -0.04074060
v -0.02383351 0.06674373 -0.04116129
v -0.02022069 0.06244218 -0.04117226
v -0.01996558 0.06192386 -0.04136139
v -0.02022927 0.06236350 -0.04117399
v -0.02317589 0.06448161 -0.04074060
v -0.02054214 0.06187808 -0.04097461
v -0.02023690 0.06211650 -0.04117685
v -0.02054214 0.06187808 -0.04097461
v -0.02030754 0.06185054 -0.04109811
v -0.02016830 0.06165683 -0.04112339
v -0.02016830 0.06165683 -0.04112339
v -0.02057230 0.06167691 -0.04078561
v -0.02054214 0.06187808 -0.04097461
v -0.02040410 0.06158185 -0.04087609
v -0.02054214 0.06187808 -0.04097461
v -0.02057427 0.06153434 -0.04060548
v -0.02054214 0.06187808 -0.04097461
v -0.02057230 0.06167691 -0.04078561
v -0.02019423 0.06143599 -0.04098308
v -0.02039027 0.06147021 -0.04076856
v -0.02016830 0.06165683 -0.04112339
v -0.02011108 0.06117039 -0.04094409
v -0.02014178 0.06126809 -0.04084795
v -0.02039027 0.06147021 -0.04076856
v -0.01989746 0.06128960 -0.04120349
v -0.01996427 0.06135964 -0.04118543
v -0.01996558 0.06192386 -0.04136139
v -0.01989746 0.06128960 -0.04120349
v -0.01996427 0.06135964 -0.04118543
v -0.02016830 0.06165683 -0.04112339
v -0.01864522 0.06264007 -0.04338175
v -0.01928704 0.06153661 -0.04202753
v -0.01928704 0.06153661 -0.04202753
v -0.01887696 0.06190329 -0.04292589
v -0.01989746 0.06128960 -0.04120349
v -0.01928704 0.06153661 -0.04202753
v -0.01864522 0.06264007 -0.04338175
v -0.01887696 0.06190329 -0.04292589
v 0.00103372 0.05123835 -0.03502821
v 0.00525689 0.05157226 -0.03496724
v 0.00341988 0.05147922 -0.03494173
v -0.00016880 0.05120366 -0.03502559
v 0.00148904 0.05117172 -0.03516995
v 0.00525689 0.05157226 -0.03496724
v -0.00016880 0.05120366 -0.03502559
v 0.00525689 0.05157226 -0.03496724
v 0.00103372 0.05123835 -0.03502821
v 0.03215146 0.08547198 -0.02661949
v 0.03226363 0.08335959 -0.02719020
v 0.03154170 0.09004390 -0.02550405
v 0.03215146 0.08547198 -0.02661949
v 0.03154170 0.09004390 -0.02550405
v 0.03183317 0.08803355 -0.02585315
v 0.03226363 0.08335959 -0.02719020
v 0.03183317 0.08803355 -0.02585315
v 0.03205102 0.08576762 -0.02642923
v 0.03226363 0.08335959 -0.02719020
v 0.03205102 0.08576762 -0.02642923
v 0.03209275 0.08030116 -0.02780872
v 0.03226363 0.08335959 -0.02719020
v 0.03215146 0.08547198 -0.02661949
v 0.03183317 0.08803355 -0.02585315
v 0.00535107 0.11496850 -0.01921886
v 0.00004768 0.11526640 -0.01906162
v 0.00197977 0.11529950 -0.01903480
v 0.00535107 0.11496850 -0.01921886
v 0.00466907 0.11510380 -0.01934170
v -0.00021887 0.11538010 -0.01909381
v 0.00535107 0.11496850 -0.01921886
v 0.00466907 0.11510380 -0.01934170
v 0.00308639 0.11528520 -0.01926654
v -0.00021887 0.11538010 -0.01909381
v 0.00535107 0.11496850 -0.01921886
v 0.00197977 0.11529950 -0.01903480
v 0.00368398 0.11508220 -0.01904815
v 0.03114533 0.07534205 -0.02906328
v 0.03209275 0.08030116 -0.02780872
v 0.03136056 0.07629191 -0.02877527
v 0.03078317 0.07376849 -0.02943658
v 0.03209275 0.08030116 -0.02780872
v 0.03114533 0.07534205 -0.02906328
v 0.03078317 0.07376849 -0.02943658
v 0.03141111 0.07596290 -0.02907699
v 0.03209275 0.08030116 -0.02780872
v 0.03099381 0.07464921 -0.02923607
v 0.03136056 0.07629191 -0.02877527
v 0.03078317 0.07376849 -0.02943658
v 0.03099381 0.07464921 -0.02923607
v 0.03114533 0.07534205 -0.02906328
v 0.03136056 0.07629191 -0.02877527
v 0.00676060 0.11469300 -0.01937347
v 0.00466907 0.11510380 -0.01934170
v 0.00535107 0.11496850 -0.01921886
v 0.00535107 0.11496850 -0.01921886
v 0.00368398 0.11508220 -0.01904815
v 0.01335901 0.11253080 -0.01983827
v 0.00992012 0.11375790 -0.01947093
v 0.00535107 0.11496850 -0.01921886
v 0.01335901 0.11253080 -0.01983827
v 0.03078317 0.07376849 -0.02943658
v 0.03114533 0.07534205 -0.02906328
v 0.03099381 0.07464921 -0.02923607
v 0.00959313 0.11398960 -0.01963001
v 0.00535107 0.11496850 -0.01921886
v 0.00992012 0.11375790 -0.01947093
v 0.00959313 0.11398960 -0.01963001
v 0.00676060 0.11469300 -0.01937347
v 0.00535107 0.11496850 -0.01921886
v 0.00959313 0.11398960 -0.01963001
v 0.00466907 0.11510380 -0.01934170
v 0.00676060 0.11469300 -0.01937347
v 0.01335901 0.11253080 -0.01983827
v 0.02925103 0.06972396 -0.03049635
v 0.03078317 0.07376849 -0.02943658
v 0.02860641 0.06836879 -0.03076648
v 0.02696800 0.06568658 -0.03150057
v 0.02925103 0.06972396 -0.03049635
v 0.02860641 0.06836879 -0.03076648
v 0.01602280 0.11103250 -0.02014213
v 0.01335901 0.11253080 -0.01983827
v 0.02046006 0.10815030 -0.02088266
v 0.01755380 0.11027280 -0.02050334
v 0.01335901 0.11253080 -0.01983827
v 0.01602280 0.11103250 -0.02014213
v 0.01657480 0.11076590 -0.02025771
v 0.01602280 0.11103250 -0.02014213
v 0.02046006 0.10815030 -0.02088266
v 0.01657480 0.11076590 -0.02025771
v 0.01755380 0.11027280 -0.02050334
v 0.01602280 0.11103250 -0.02014213
v 0.02473866 0.06289541 -0.03210026
v 0.02475458 0.06286787 -0.03211826
v 0.02860641 0.06836879 -0.03076648
v 0.02360647 0.06167078 -0.03240358
v 0.02477592 0.06285482 -0.03213673
v 0.02696800 0.06568658 -0.03150057
v 0.01984882 0.10858330 -0.02080821
v 0.01657480 0.11076590 -0.02025771
v 0.02046006 0.10815030 -0.02088266
v 0.01755380 0.11027280 -0.02050334
v 0.02512550 0.06316125 -0.03211790
v 0.01984882 0.10858330 -0.02080821
v 0.02252537 0.06045895 -0.03271389
v 0.02213233 0.05988872 -0.03298455
v 0.02252537 0.06045895 -0.03271389
v 0.02046006 0.10815030 -0.02088266
v 0.02232074 0.06025987 -0.03276354
v 0.02232074 0.06025987 -0.03276354
v 0.02423858 0.10431460 -0.02182292
v 0.02046006 0.10815030 -0.02088266
v 0.02386093 0.10463130 -0.02169901
v 0.01942634 0.05769234 -0.03338980
v 0.02423858 0.10431460 -0.02182292
v 0.02386093 0.10463130 -0.02169901
v 0.02748864 0.09984385 -0.02291011
v 0.02596276 0.10207160 -0.02234369
v 0.02423858 0.10431460 -0.02182292
v 0.02748864 0.09984385 -0.02291011
v 0.01792526 0.05654507 -0.03371006
v 0.02596276 0.10207160 -0.02234369
v 0.01663112 0.05572557 -0.03403931
v 0.02213233 0.05988872 -0.03298455
v 0.01942634 0.05769234 -0.03338980
v 0.02748864 0.09984385 -0.02291011
v 0.02456229 0.10409620 -0.02199316
v 0.02596276 0.10207160 -0.02234369
v 0.02703905 0.10077890 -0.02279257
v 0.02456229 0.10409620 -0.02199316
v 0.02748864 0.09984385 -0.02291011
v 0.01488113 0.05478680 -0.03419041
v 0.01942634 0.05769234 -0.03338980
v 0.01792526 0.05654507 -0.03371006
v 0.01488113 0.05478680 -0.03419041
v 0.01663112 0.05572557 -0.03403931
v 0.01942634 0.05769234 -0.03338980
v 0.02802145 0.09913170 -0.02324271
v 0.02844917 0.09836703 -0.02348297
v 0.02703905 0.10077890 -0.02279257
v 0.01434040 0.05455851 -0.03423190
v 0.02898025 0.09719645 -0.02360057
v 0.01488113 0.05478680 -0.03419041
v 0.02703905 0.10077890 -0.02279257
v 0.02748864 0.09984385 -0.02291011
v 0.02898025 0.09719645 -0.02360057
v 0.03017759 0.09466159 -0.02426153
v 0.02802145 0.09913170 -0.02324271
v 0.02703905 0.10077890 -0.02279257
v 0.03017759 0.09466159 -0.02426153
v 0.02703905 0.10077890 -0.02279257
v 0.02898025 0.09719645 -0.02360057
v 0.02844917 0.09836703 -0.02348297
v 0.02802145 0.09913170 -0.02324271
v 0.03017759 0.09466159 -0.02426153
v 0.02844917 0.09836703 -0.02348297
v 0.02802145 0.09913170 -0.02324271
v 0.01333618 0.05418568 -0.03430086
v 0.01434040 0.05455851 -0.03423190
v 0.01130104 0.05320322 -0.03458005
v 0.01488113 0.05478680 -0.03419041
v 0.01434040 0.05455851 -0.03423190
v 0.01333618 0.05418568 -0.03430086
v 0.02950155 0.09619241 -0.02397155
v 0.02950155 0.09619241 -0.02397155
v 0.02950155 0.09619241 -0.02397155
v 0.03017759 0.09466159 -0.02426153
v 0.02844917 0.09836703 -0.02348297
v 0.02994048 0.09503149 -0.02416872
v 0.01130104 0.05320322 -0.03458005
v 0.01663112 0.05572557 -0.03403931
v 0.01488113 0.05478680 -0.03419041
v 0.03017759 0.09466159 -0.02426153
v 0.02898025 0.09719645 -0.02360057
v 0.01130104 0.05320322 -0.03458005
v 0.01488113 0.05478680 -0.03419041
v 0.01333618 0.05418568 -0.03430086
v 0.00525689 0.05157226 -0.03496724
v 0.01130104 0.05320322 -0.03458005
v 0.01002115 0.05287349 -0.03460025
v 0.00824118 0.05221933 -0.03488063
v 0.01130104 0.05320322 -0.03458005
v 0.00525689 0.05157226 -0.03496724
v 0.03183317 0.08803355 -0.02585315
v 0.03154170 0.09004390 -0.02550405
v 0.03017759 0.09466159 -0.02426153
v 0.01459980 0.09588259 -0.04314267
v 0.01456993 0.09612023 -0.04330509
v 0.01453781 0.07159781 -0.04518353
v 0.01467323 0.09600627 -0.04338556
v 0.01459372 0.07165777 -0.04545718
v 0.01472443 0.07184159 -0.04548794
v 0.01462805 0.07166033 -0.04548758
v 0.01455038 0.07165086 -0.04537731
v 0.01456993 0.09612023 -0.04330509
v 0.01472443 0.07184159 -0.04548794
v 0.01455038 0.07165086 -0.04537731
v 0.01284891 0.09803515 -0.04307371
v 0.01332736 0.09784543 -0.04309028
v 0.01318311 0.09792488 -0.04303205
v 0.01284891 0.09803515 -0.04307371
v 0.01332736 0.09784543 -0.04309028
v 0.01284891 0.09803515 -0.04307371
v 0.01332736 0.09784543 -0.04309028
v 0.01282626 0.09804141 -0.04307305
v 0.01284891 0.09803515 -0.04307371
v 0.01318311 0.09792488 -0.04303205
v 0.01282626 0.09804141 -0.04307317
v 0.01282626 0.09804141 -0.04307317
v 0.01335185 0.09788328 -0.04315233
v 0.01335120 0.09786182 -0.04313963
v 0.01332736 0.09784543 -0.04309028
v 0.01335185 0.09788328 -0.04315233
v 0.01332736 0.09784543 -0.04309028
v 0.01284891 0.09803515 -0.04307371
v 0.01226663 0.09820908 -0.04315751
v 0.01284891 0.09803515 -0.04307371
v 0.01282626 0.09804141 -0.04307317
v 0.01335185 0.09788328 -0.04315233
v 0.01285308 0.09809672 -0.04315537
v 0.01335185 0.09788328 -0.04315233
v 0.01226663 0.09820908 -0.04315751
v 0.01284027 0.09812724 -0.04316830
v 0.01335185 0.09788328 -0.04315233
v 0.01284027 0.09812724 -0.04316830
v 0.01377296 0.09769356 -0.04322582
v 0.01335185 0.09788328 -0.04315233
v 0.01246285 0.09834223 -0.04318702
v 0.01377296 0.09769356 -0.04322582
v 0.01284027 0.09812724 -0.04316830
v 0.01268291 0.09817147 -0.04317104
v 0.01233601 0.09812891 -0.04306548
v 0.01282626 0.09804141 -0.04307305
v 0.01318311 0.09792488 -0.04303205
v 0.01233601 0.09812891 -0.04306548
v 0.01318311 0.09792488 -0.04303205
v 0.01161521 0.09812206 -0.04303425
v 0.01233601 0.09812891 -0.04306548
v 0.01233601 0.09812891 -0.04306548
v 0.01282626 0.09804141 -0.04307305
v 0.01226663 0.09820908 -0.04315751
v 0.01282626 0.09804141 -0.04307317
v 0.01233601 0.09812891 -0.04306548
v 0.01467323 0.09600627 -0.04338556
v 0.01221001 0.09813761 -0.04306465
v 0.01221001 0.09813761 -0.04306465
v 0.01221001 0.09813761 -0.04306465
v 0.01221001 0.09813761 -0.04306465
v 0.01233601 0.09812891 -0.04306548
v 0.01424854 0.09706610 -0.04319506
v 0.01456993 0.09612023 -0.04330509
v 0.01196151 0.09819990 -0.04314607
v 0.01221001 0.09813761 -0.04306465
v 0.01161521 0.09812206 -0.04303425
v 0.01196151 0.09819990 -0.04314607
v 0.01196151 0.09819990 -0.04314607
v 0.01459401 0.09630000 -0.04334360
v 0.01444149 0.09684360 -0.04330492
v 0.01467323 0.09600627 -0.04338556
v 0.01459401 0.09630000 -0.04334360
v 0.01464051 0.09630531 -0.04336172
v 0.01444149 0.09684360 -0.04330492
v 0.01157885 0.09816408 -0.04314446
v 0.01157885 0.09816408 -0.04314446
v 0.01226663 0.09820908 -0.04315751
v 0.01196151 0.09819990 -0.04314607
v 0.01157885 0.09816408 -0.04314446
v 0.01427984 0.09703719 -0.04324883
v 0.01444149 0.09684360 -0.04330492
v 0.01427984 0.09703719 -0.04324883
v 0.01448220 0.09681409 -0.04331713
v 0.01377296 0.09769356 -0.04322582
v 0.01444149 0.09684360 -0.04330492
v 0.01427984 0.09703719 -0.04324883
v 0.01417583 0.09725171 -0.04325968
v 0.01416206 0.09732615 -0.04326993
v 0.01444149 0.09684360 -0.04330492
v 0.01417583 0.09725171 -0.04325968
v 0.01444149 0.09684360 -0.04330492
v 0.01377296 0.09769356 -0.04322582
v 0.01422494 0.09727275 -0.04327875
v 0.01416206 0.09732615 -0.04326993
v 0.01375228 0.09755945 -0.04311525
v 0.01424854 0.09706610 -0.04319506
v 0.01414406 0.09716588 -0.04300040
v 0.01375228 0.09755945 -0.04311525
v 0.01414406 0.09716588 -0.04300040
v 0.01318311 0.09792488 -0.04303205
v 0.01375228 0.09755945 -0.04311525
v 0.01424854 0.09706610 -0.04319506
v 0.01424854 0.09706610 -0.04319506
v 0.01377296 0.09769356 -0.04322582
v 0.01424854 0.09706610 -0.04319506
v 0.01335185 0.09788328 -0.04315233
v 0.01377296 0.09769356 -0.04322582
v 0.01334667 0.09783524 -0.04309117
v 0.01334667 0.09783524 -0.04309117
v 0.01375228 0.09755945 -0.04311525
v 0.01334667 0.09783524 -0.04309117
v 0.01334667 0.09783524 -0.04309117
v 0.01335120 0.09786182 -0.04313963
v 0.01424854 0.09706610 -0.04319506
v 0.01375228 0.09755945 -0.04311525
v 0.01335120 0.09786182 -0.04313963
v 0.01375228 0.09755945 -0.04311525
v 0.01334667 0.09783524 -0.04309117
v 0.01335120 0.09786182 -0.04313963
v 0.01332736 0.09784543 -0.04309028
v 0.01388454 0.06992387 -0.04560887
v 0.01363116 0.06970697 -0.04562789
v 0.01388454 0.06992387 -0.04560887
v 0.01363116 0.06970697 -0.04562789
v 0.01406210 0.07011592 -0.04558420
v 0.01388454 0.06992387 -0.04560887
v 0.01365154 0.06968230 -0.04566067
v 0.01363116 0.06970697 -0.04562789
v 0.01388454 0.06992387 -0.04560887
v 0.01363116 0.06970697 -0.04562789
v 0.01390868 0.06990236 -0.04564154
v 0.01390868 0.06990236 -0.04564154
v 0.01365154 0.06968230 -0.04566067
v 0.01390868 0.06990236 -0.04564154
v 0.01367568 0.06965190 -0.04568547
v 0.01365154 0.06968230 -0.04566067
v 0.01390868 0.06990236 -0.04564154
v 0.01365154 0.06968230 -0.04566067
v 0.01362890 0.06957328 -0.04569989
v 0.01390868 0.06990236 -0.04564154
v 0.01400607 0.07011342 -0.04551184
v 0.01385390 0.06994765 -0.04552620
v 0.01400607 0.07011342 -0.04551184
v 0.01385390 0.06994765 -0.04552620
v 0.01401931 0.07010632 -0.04555529
v 0.01385390 0.06994765 -0.04552620
v 0.01400607 0.07011342 -0.04551184
v 0.01386594 0.06993925 -0.04556989
v 0.01401937 0.07010632 -0.04555529
v 0.01386594 0.06993925 -0.04556989
v 0.01401931 0.07010632 -0.04555529
v 0.01401937 0.07010632 -0.04555529
v 0.01406210 0.07011592 -0.04558420
v 0.01386594 0.06993925 -0.04556989
v 0.01200252 0.06924813 -0.04558748
v 0.01200062 0.06924802 -0.04558748
v 0.01199281 0.06925052 -0.04558473
v 0.01200252 0.06924813 -0.04558748
v 0.01199281 0.06925052 -0.04558473
v 0.01239883 0.06923377 -0.04542326
v 0.01200252 0.06924813 -0.04558748
v 0.01200044 0.06923466 -0.04563134
v 0.01200062 0.06924802 -0.04558748
v 0.01200252 0.06924813 -0.04558748
v 0.01200062 0.06924802 -0.04558748
v 0.01200217 0.06923478 -0.04563146
v 0.01200217 0.06923478 -0.04563146
v 0.01200008 0.06921178 -0.04567110
v 0.01200044 0.06923466 -0.04563134
v 0.01200217 0.06923478 -0.04563146
v 0.01200044 0.06923466 -0.04563134
v 0.01403957 0.07009285 -0.04559403
v 0.01388454 0.06992387 -0.04560887
v 0.01406210 0.07011592 -0.04558420
v 0.01200151 0.06921184 -0.04567116
v 0.01403957 0.07009285 -0.04559403
v 0.01200151 0.06921184 -0.04567116
v 0.01200056 0.06914412 -0.04573237
v 0.01200008 0.06921178 -0.04567110
v 0.01200151 0.06921184 -0.04567116
v 0.01200008 0.06921178 -0.04567110
v 0.01406598 0.07007378 -0.04562652
v 0.01200109 0.06918048 -0.04570478
v 0.01200056 0.06914412 -0.04573237
v 0.01200151 0.06921184 -0.04567116
v 0.01403957 0.07009285 -0.04559403
v 0.01406598 0.07007378 -0.04562652
v 0.01406598 0.07007378 -0.04562652
v 0.01409715 0.07005000 -0.04565072
v 0.01390868 0.06990236 -0.04564154
v 0.01406598 0.07007378 -0.04562652
v 0.01230067 0.06925535 -0.04558688
v 0.01362890 0.06957328 -0.04569989
v 0.01230067 0.06925535 -0.04558688
v 0.01200252 0.06924813 -0.04558748
v 0.01239883 0.06923377 -0.04542326
v 0.01409721 0.07005000 -0.04565072
v 0.01409715 0.07005000 -0.04565072
v 0.01403427 0.06994616 -0.04566478
v 0.01230067 0.06925535 -0.04558688
v 0.01230204 0.06924206 -0.04563087
v 0.01230204 0.06924206 -0.04563087
v 0.01417005 0.07033735 -0.04549223
v 0.01417005 0.07033735 -0.04549223
v 0.01230400 0.06921917 -0.04567056
v 0.01230204 0.06924206 -0.04563087
v 0.01418447 0.07033187 -0.04553550
v 0.01230400 0.06921917 -0.04567056
v 0.01418447 0.07033187 -0.04553550
v 0.01230400 0.06921917 -0.04567056
v 0.01200151 0.06921184 -0.04567116
v 0.01417005 0.07033735 -0.04549223
v 0.01418447 0.07033187 -0.04553550
v 0.01401937 0.07010632 -0.04555529
v 0.01291060 0.06924903 -0.04571622
v 0.01200109 0.06918048 -0.04570478
v 0.01200151 0.06921184 -0.04567116
v 0.01291060 0.06924903 -0.04571622
v 0.01200151 0.06921184 -0.04567116
v 0.01230400 0.06921917 -0.04567056
v 0.01418447 0.07033187 -0.04553550
v 0.01200056 0.06914412 -0.04573237
v 0.01423543 0.07030528 -0.04560613
v 0.01423543 0.07030528 -0.04560613
v 0.01423543 0.07030528 -0.04560613
v 0.01445627 0.07053840 -0.04561382
v 0.01251316 0.06928056 -0.04558461
v 0.01423543 0.07030528 -0.04560613
v 0.01445627 0.07053840 -0.04561382
v 0.01251316 0.06928056 -0.04558461
v 0.01445627 0.07053840 -0.04561382
v 0.01403427 0.06994616 -0.04566478
v 0.01409721 0.07005000 -0.04565072
v 0.01263719 0.06929534 -0.04553246
v 0.01445627 0.07053840 -0.04561382
v 0.01251590 0.06926739 -0.04562866
v 0.01251316 0.06928056 -0.04558461
v 0.01251590 0.06926739 -0.04562866
v 0.01259773 0.06929558 -0.04558336
v 0.01430511 0.07057863 -0.04547113
v 0.01259773 0.06929558 -0.04558336
v 0.01251316 0.06928056 -0.04558461
v 0.01259773 0.06929558 -0.04558336
v 0.01430511 0.07057863 -0.04547113
v 0.01252013 0.06924480 -0.04566830
v 0.01251590 0.06926739 -0.04562866
v 0.01252013 0.06924480 -0.04566830
v 0.01432055 0.07057493 -0.04551416
v 0.01252013 0.06924480 -0.04566830
v 0.01291060 0.06924903 -0.04571622
v 0.01230400 0.06921917 -0.04567056
v 0.01252013 0.06924480 -0.04566830
v 0.01430511 0.07057863 -0.04547113
v 0.01260101 0.06928259 -0.04562723
v 0.01259773 0.06929558 -0.04558336
v 0.01432055 0.07057493 -0.04551416
v 0.01432055 0.07057493 -0.04551416
v 0.01439571 0.07066905 -0.04554504
v 0.01406210 0.07011592 -0.04558420
v 0.01418447 0.07033187 -0.04553550
v 0.01260101 0.06928259 -0.04562723
v 0.01432055 0.07057493 -0.04551416
v 0.01260614 0.06926012 -0.04566705
v 0.01260101 0.06928259 -0.04562723
v 0.01260614 0.06926012 -0.04566705
v 0.01437509 0.07055473 -0.04558438
v 0.01423543 0.07030528 -0.04560613
v 0.01406210 0.07011592 -0.04558420
v 0.01260614 0.06926012 -0.04566705
v 0.01439571 0.07066905 -0.04554504
v 0.01437509 0.07055467 -0.04558438
v 0.01437509 0.07055467 -0.04558438
v 0.01423543 0.07030528 -0.04560613
v 0.01437509 0.07055473 -0.04558438
v 0.01437509 0.07055467 -0.04558438
v 0.01200056 0.06914412 -0.04573237
v 0.01260614 0.06926012 -0.04566705
v 0.01457405 0.07073009 -0.04560524
v 0.01439422 0.07078838 -0.04545265
v 0.01430511 0.07057863 -0.04547113
v 0.01408278 0.07015854 -0.04538542
v 0.01445847 0.07100427 -0.04538804
v 0.01439422 0.07078838 -0.04545265
v 0.01439422 0.07078838 -0.04545265
v 0.01430511 0.07057863 -0.04547113
v 0.01439422 0.07078838 -0.04545265
v 0.01441019 0.07078623 -0.04549574
v 0.01263719 0.06929534 -0.04553246
v 0.01441019 0.07078623 -0.04549574
v 0.01441019 0.07078623 -0.04549574
v 0.01300609 0.06941044 -0.04557329
v 0.01441019 0.07078623 -0.04549574
v 0.01300609 0.06941044 -0.04557329
v 0.01300609 0.06941044 -0.04557329
v 0.01300609 0.06941044 -0.04557329
v 0.01301211 0.06939816 -0.04561722
v 0.01301211 0.06939816 -0.04561722
v 0.01446712 0.07077139 -0.04556554
v 0.01443499 0.07078045 -0.04553395
v 0.01446712 0.07077139 -0.04556554
v 0.01301211 0.06939816 -0.04561722
v 0.01446712 0.07077139 -0.04556554
v 0.01437509 0.07055473 -0.04558438
v 0.01446712 0.07077139 -0.04556554
v 0.01302129 0.06937688 -0.04565680
v 0.01302129 0.06937688 -0.04565680
v 0.01302129 0.06937688 -0.04565680
v 0.01312714 0.06945925 -0.04556900
v 0.01300609 0.06941044 -0.04557329
v 0.01312714 0.06945925 -0.04556900
v 0.01448607 0.07110053 -0.04542541
v 0.01439422 0.07078838 -0.04545265
v 0.01448607 0.07110053 -0.04542541
v 0.01448607 0.07110053 -0.04542541
v 0.01450276 0.07110053 -0.04546833
v 0.01450276 0.07110053 -0.04546833
v 0.01313400 0.06944733 -0.04561287
v 0.01312714 0.06945925 -0.04556900
v 0.01448607 0.07110053 -0.04542541
v 0.01313400 0.06944733 -0.04561287
v 0.01313400 0.06944733 -0.04561287
v 0.01301211 0.06939816 -0.04561722
v 0.01450276 0.07110053 -0.04546833
v 0.01450175 0.07120978 -0.04537004
v 0.01452845 0.07109802 -0.04550611
v 0.01443499 0.07078045 -0.04553395
v 0.01439571 0.07066905 -0.04554504
v 0.01314455 0.06942653 -0.04565232
v 0.01313400 0.06944733 -0.04561287
v 0.01452845 0.07109802 -0.04550611
v 0.01314455 0.06942653 -0.04565232
v 0.01314455 0.06942653 -0.04565232
v 0.01452845 0.07109802 -0.04550611
v 0.01443499 0.07078045 -0.04553395
v 0.01450860 0.07121253 -0.04541558
v 0.01450860 0.07121253 -0.04541558
v 0.01450860 0.07121253 -0.04541558
v 0.01456189 0.07109326 -0.04553735
v 0.01456189 0.07109326 -0.04553735
v 0.01452845 0.07109802 -0.04550611
v 0.01456189 0.07109326 -0.04553735
v 0.01446712 0.07077139 -0.04556554
v 0.01452547 0.07121330 -0.04545837
v 0.01452547 0.07121330 -0.04545837
v 0.01345801 0.06963390 -0.04555380
v 0.01312714 0.06945925 -0.04556900
v 0.01452547 0.07121330 -0.04545837
v 0.01452547 0.07121330 -0.04545837
v 0.01450276 0.07110053 -0.04546833
v 0.01345801 0.06963390 -0.04555380
v 0.01345801 0.06963390 -0.04555380
v 0.01456189 0.07109326 -0.04553735
v 0.01345801 0.06963390 -0.04555380
v 0.01312714 0.06945925 -0.04556900
v 0.01346719 0.06962323 -0.04559749
v 0.01346719 0.06962323 -0.04559749
v 0.01346719 0.06962323 -0.04559749
v 0.01455140 0.07121199 -0.04549622
v 0.01455140 0.07121199 -0.04549622
v 0.01348119 0.06960427 -0.04563689
v 0.01455140 0.07121199 -0.04549622
v 0.01452845 0.07109802 -0.04550611
v 0.01455140 0.07121199 -0.04549622
v 0.01348119 0.06960427 -0.04563689
v 0.01348119 0.06960427 -0.04563689
v 0.01458501 0.07120865 -0.04552716
v 0.01458501 0.07120865 -0.04552716
v 0.01458501 0.07120865 -0.04552716
v 0.01445627 0.07053840 -0.04561382
v 0.01456189 0.07109326 -0.04553735
v 0.01458501 0.07120865 -0.04552716
v 0.01458501 0.07120865 -0.04552716
v 0.01360517 0.06973475 -0.04554492
v 0.01360517 0.06973475 -0.04554492
v 0.01455020 0.07165074 -0.04537731
v 0.01453781 0.07159781 -0.04518353
v 0.01455038 0.07165086 -0.04537731
v 0.01455020 0.07165074 -0.04537731
v 0.01455020 0.07165074 -0.04537731
v 0.01450860 0.07121253 -0.04541558
v 0.01455020 0.07165074 -0.04537731
v 0.01360517 0.06973475 -0.04554492
v 0.01455038 0.07165086 -0.04537731
v 0.01456731 0.07165402 -0.04541993
v 0.01455038 0.07165086 -0.04537731
v 0.01472443 0.07184159 -0.04548794
v 0.01456731 0.07165402 -0.04541993
v 0.01455020 0.07165074 -0.04537731
v 0.01455038 0.07165086 -0.04537731
v 0.01456731 0.07165402 -0.04541993
v 0.01455020 0.07165074 -0.04537731
v 0.01456731 0.07165402 -0.04541993
v 0.01472443 0.07184159 -0.04548794
v 0.01456731 0.07165402 -0.04541993
v 0.01361536 0.06972479 -0.04558861
v 0.01361536 0.06972479 -0.04558861
v 0.01459372 0.07165670 -0.04545730
v 0.01459372 0.07165670 -0.04545730
v 0.01455140 0.07121199 -0.04549622
v 0.01459372 0.07165777 -0.04545718
v 0.01462793 0.07165855 -0.04548782
v 0.01361536 0.06972479 -0.04558861
v 0.01346719 0.06962323 -0.04559749
v 0.01459372 0.07165670 -0.04545730
v 0.01361536 0.06972479 -0.04558861
v 0.01462793 0.07165855 -0.04548782
v 0.01462805 0.07166033 -0.04548758
v 0.01472443 0.07184159 -0.04548794
v 0.01462793 0.07165855 -0.04548782
v 0.01462805 0.07166033 -0.04548758
v 0.01363116 0.06970697 -0.04562789
v 0.01348119 0.06960427 -0.04563689
v 0.01363116 0.06970697 -0.04562789
v 0.01291060 0.06924903 -0.04571622
v 0.01348119 0.06960427 -0.04563689
v 0.01365154 0.06968230 -0.04566067
v 0.01349955 0.06957817 -0.04566991
v 0.01291060 0.06924903 -0.04571622
v 0.01291060 0.06924903 -0.04571622
v 0.01365154 0.06968230 -0.04566067
v 0.01291060 0.06924903 -0.04571622
v 0.01349955 0.06957817 -0.04566991
v 0.01349955 0.06957817 -0.04566991
v 0.01385390 0.06994765 -0.04552620
v 0.01360517 0.06973475 -0.04554492
v 0.01386594 0.06993925 -0.04556989
v 0.01406210 0.07011592 -0.04558420
v 0.01406210 0.07011592 -0.04558420
v 0.01361536 0.06972479 -0.04558861
v 0.01386594 0.06993925 -0.04556989
v 0.01136535 0.09801679 -0.04312837
v 0.01138782 0.09816896 -0.04319357
v 0.01161521 0.09812206 -0.04303425
v 0.01136535 0.09801679 -0.04312837
v 0.00761932 0.09792554 -0.04329895
v 0.01128864 0.09810769 -0.04320377
v 0.01136535 0.09801679 -0.04312837
v 0.01148945 0.09807103 -0.04301989
v 0.01145237 0.09805053 -0.04302167
v 0.01153343 0.09813630 -0.04313182
v 0.01138782 0.09816896 -0.04319357
v 0.01153343 0.09813630 -0.04313182
v 0.01161521 0.09812206 -0.04303425
v 0.01128864 0.09810769 -0.04320377
v 0.00761932 0.09792554 -0.04329895
v 0.01136535 0.09801679 -0.04312837
v 0.01150310 0.09807652 -0.04301953
v 0.01153510 0.09808719 -0.04301816
v 0.01148945 0.09807103 -0.04301989
v 0.01138782 0.09816896 -0.04319357
v 0.01148945 0.09807103 -0.04301989
v 0.01150310 0.09807652 -0.04301953
v 0.01153343 0.09813630 -0.04313182
v 0.01161521 0.09812206 -0.04303425
v 0.01153510 0.09808719 -0.04301816
v 0.01150310 0.09807652 -0.04301953
v 0.01150310 0.09807652 -0.04301953
v 0.01161521 0.09812206 -0.04303425
v 0.01145237 0.09805053 -0.04302167
v 0.01148945 0.09807103 -0.04301989
v 0.01136535 0.09801679 -0.04312837
v 0.01145237 0.09805053 -0.04302167
v 0.01199007 0.06912767 -0.04573678
v 0.01199281 0.06925052 -0.04558473
v 0.01199913 0.06921422 -0.04566764
v 0.01200044 0.06923466 -0.04563134
v 0.01200008 0.06921178 -0.04567110
v 0.01199913 0.06921422 -0.04566764
v -0.01219516 0.06900763 -0.04547154
v 0.01199281 0.06925052 -0.04558473
v 0.01199913 0.06921422 -0.04566764
v 0.01199281 0.06925052 -0.04558473
v 0.01200044 0.06923466 -0.04563134
v 0.01199913 0.06921422 -0.04566764
v 0.01199913 0.06921422 -0.04566764
v 0.01200008 0.06921178 -0.04567110
v 0.01200056 0.06914412 -0.04573237
v 0.01199007 0.06912767 -0.04573678
v 0.00969154 0.07298731 -0.04530549
v 0.00702286 0.07481181 -0.04530572
v 0.00959968 0.07313525 -0.04539281
v 0.01093614 0.07473230 -0.04509150
v 0.01097059 0.07497751 -0.04519349
v 0.01128047 0.07607924 -0.04510307
v 0.00969154 0.07298731 -0.04530549
v 0.01097059 0.07497751 -0.04519349
v 0.01093614 0.07473230 -0.04509150
v 0.00969154 0.07298731 -0.04530549
v 0.01128047 0.07607924 -0.04510307
v 0.01097059 0.07497751 -0.04519349
v 0.00969154 0.07298731 -0.04530549
v 0.00959968 0.07313525 -0.04539281
v 0.01128047 0.07607924 -0.04510307
v 0.00743341 0.07201164 -0.04548704
v 0.00969154 0.07298731 -0.04530549
v 0.00781405 0.07190191 -0.04538601
v 0.00743341 0.07201164 -0.04548704
v -0.01279163 0.06960022 -0.04567897
v -0.01219516 0.06900763 -0.04547154
v -0.01408743 0.06901109 -0.04584294
v -0.01256096 0.06969702 -0.04526108
v -0.01268857 0.06953960 -0.04556924
v -0.01279163 0.06960022 -0.04567897
v -0.01219516 0.06900763 -0.04547154
v -0.01268857 0.06953960 -0.04556924
v 0.00472003 0.07153731 -0.04547882
v 0.00511378 0.07155084 -0.04547750
v 0.00472003 0.07153731 -0.04547882
v 0.00511378 0.07155084 -0.04547750
v 0.00472003 0.07153731 -0.04547882
v 0.00484937 0.07159221 -0.04551321
v 0.00511378 0.07155084 -0.04547750
v 0.00472003 0.07153731 -0.04547882
v 0.00511378 0.07155084 -0.04547750
v 0.00280380 0.07175469 -0.04550981
v 0.00323701 0.07162898 -0.04547083
v 0.00282144 0.07165133 -0.04542064
v 0.00323701 0.07162898 -0.04547083
v 0.00323701 0.07162898 -0.04547083
v 0.00324273 0.07167202 -0.04549753
v 0.00283581 0.07169562 -0.04546487
v 0.00323701 0.07162898 -0.04547083
v 0.00282144 0.07165133 -0.04542064
v 0.00283581 0.07169562 -0.04546487
v 0.00283581 0.07169562 -0.04546487
v 0.00211775 0.07186388 -0.04545021
v 0.00211775 0.07186388 -0.04545021
v 0.00028431 0.07248872 -0.04527837
v 0.00103754 0.07224535 -0.04541677
v 0.00211775 0.07186388 -0.04545021
v 0.00588030 0.07172071 -0.04552513
v 0.00211775 0.07186388 -0.04545021
v 0.00103754 0.07224535 -0.04541677
v 0.00511378 0.07155084 -0.04547750
v 0.00781405 0.07190191 -0.04538601
v 0.00671101 0.07164126 -0.04534775
v 0.00211775 0.07186388 -0.04545021
v 0.00283581 0.07169562 -0.04546487
v 0.00511378 0.07155084 -0.04547750
v 0.00595325 0.07162743 -0.04547095
v 0.00781405 0.07190191 -0.04538601
v 0.00105375 0.07228547 -0.04544389
v 0.00107247 0.07233047 -0.04545921
v 0.00103754 0.07224535 -0.04541677
v 0.00511378 0.07155084 -0.04547750
v 0.00781405 0.07190191 -0.04538601
v 0.00595325 0.07162743 -0.04547095
v 0.00595325 0.07162743 -0.04547095
v 0.00484937 0.07159221 -0.04551321
v 0.00588030 0.07172071 -0.04552513
v 0.00781405 0.07190191 -0.04538601
v 0.00211775 0.07186388 -0.04545021
v 0.00781405 0.07190191 -0.04538601
v 0.00211775 0.07186388 -0.04545021
v -0.00907153 0.07344681 -0.04533952
v -0.00576419 0.07671725 -0.04504090
v -0.00524318 0.07711184 -0.04493278
v -0.01279163 0.06960022 -0.04567897
v -0.00581396 0.07651805 -0.04485875
v -0.01256096 0.06969702 -0.04526108
v -0.00524318 0.07711184 -0.04493278
v 0.00028431 0.07248872 -0.04527837
v -0.00094199 0.07376968 -0.04539871
v -0.00094199 0.07376968 -0.04539871
v -0.00197601 0.07605510 -0.04492789
v -0.00181156 0.07616043 -0.04510492
v -0.00094199 0.07376968 -0.04539871
v -0.00181156 0.07616043 -0.04510492
v -0.00197268 0.08172404 -0.04461938
v -0.00509644 0.07744109 -0.04498600
v -0.00576419 0.07671725 -0.04504090
v -0.00491905 0.07774150 -0.04497915
v -0.00524318 0.07711184 -0.04493278
v -0.00509644 0.07744109 -0.04498600
v -0.00509644 0.07744109 -0.04498600
v -0.00197268 0.08172404 -0.04461938
v -0.00197601 0.07605510 -0.04492789
v -0.00194103 0.08269822 -0.04449141
v -0.00194103 0.08269822 -0.04449141
v -0.00186598 0.08269864 -0.04455202
v -0.00094199 0.07376968 -0.04539871
v -0.00194103 0.08269822 -0.04449141
v -0.00186598 0.08269864 -0.04455202
v -0.00194103 0.08269822 -0.04449141
v -0.00181544 0.08270025 -0.04455852
v -0.00186598 0.08269864 -0.04455202
v -0.00197268 0.08172404 -0.04461938
v -0.00491905 0.07774150 -0.04497915
v -0.00431442 0.07901370 -0.04488801
v -0.00524318 0.07711184 -0.04493278
v -0.00407988 0.07924294 -0.04465579
v -0.00405896 0.08101689 -0.04464942
v -0.00404018 0.08124101 -0.04467040
v -0.00406313 0.08057582 -0.04473692
v -0.00405896 0.08101689 -0.04464942
v -0.00407988 0.07924294 -0.04465579
v -0.00404018 0.08124101 -0.04467040
v -0.00431442 0.07901370 -0.04488801
v -0.00406313 0.08057582 -0.04473692
v -0.00407988 0.07924294 -0.04465579
v -0.00431442 0.07901370 -0.04488801
v -0.00194025 0.08870112 -0.04400688
v -0.00194103 0.08269822 -0.04449141
v -0.00197935 0.08861339 -0.04398345
v -0.00190061 0.08892619 -0.04400545
v -0.00181544 0.08270025 -0.04455852
v -0.00190061 0.08892619 -0.04400545
v -0.00404018 0.08124101 -0.04467040
v -0.00610733 0.08507907 -0.04431223
v -0.00484228 0.08337199 -0.04445576
v -0.00404018 0.08124101 -0.04467040
v -0.00214881 0.08959043 -0.04393953
v -0.00202078 0.08917695 -0.04396611
v -0.00208849 0.08918309 -0.04389184
v -0.00197732 0.08896344 -0.04398477
v -0.00192446 0.08881938 -0.04400736
v -0.00194025 0.08870112 -0.04400688
v -0.00214881 0.08959043 -0.04393953
v -0.00202078 0.08917695 -0.04396611
v -0.00197482 0.08918964 -0.04398423
v -0.00202078 0.08917695 -0.04396611
v -0.00192446 0.08881938 -0.04400736
v -0.00190061 0.08892619 -0.04400545
v -0.00194025 0.08870112 -0.04400688
v -0.00220650 0.08959734 -0.04389280
v -0.00214881 0.08959043 -0.04393953
v -0.00220650 0.08959734 -0.04389280
v -0.00213337 0.08962142 -0.04394418
v -0.00717157 0.08646953 -0.04423052
v -0.00768161 0.08756434 -0.04410290
v -0.00756037 0.08731454 -0.04404413
v -0.00717157 0.08646953 -0.04423052
v -0.00738478 0.08670991 -0.04420447
v -0.00610733 0.08507907 -0.04431223
v -0.00717157 0.08646953 -0.04423052
v -0.00756037 0.08731454 -0.04404413
v -0.00747323 0.08695191 -0.04417997
v -0.00786805 0.08817088 -0.04407221
v -0.00768161 0.08756434 -0.04410290
v -0.00747323 0.08695191 -0.04417997
v -0.00768161 0.08756434 -0.04410290
v -0.00354815 0.09074103 -0.04382371
v -0.00311637 0.09065818 -0.04385977
v -0.00304866 0.09056818 -0.04379135
v -0.00399423 0.09085202 -0.04383027
v -0.00633466 0.09079289 -0.04379534
v -0.00497675 0.09098947 -0.04382187
v -0.00244516 0.09011256 -0.04389435
v -0.00213337 0.08962142 -0.04394418
v -0.00220650 0.08959734 -0.04389280
v -0.00244516 0.09011256 -0.04389435
v -0.00220650 0.08959734 -0.04389280
v -0.00399423 0.09085202 -0.04383027
v -0.00244516 0.09011256 -0.04389435
v -0.00223696 0.08950215 -0.04373174
v -0.00308335 0.09042155 -0.04351633
v -0.00244927 0.08989560 -0.04373610
v -0.00263709 0.09009861 -0.04361373
v -0.00304866 0.09056818 -0.04379135
v -0.00244927 0.08989560 -0.04373610
v -0.00308335 0.09042155 -0.04351633
v -0.00304866 0.09056818 -0.04379135
v -0.00223696 0.08950215 -0.04373174
v -0.00244927 0.08989560 -0.04373610
v -0.00782388 0.08881103 -0.04398196
v -0.00772262 0.08913481 -0.04389292
v -0.00756037 0.08731454 -0.04404413
v -0.00654984 0.09076321 -0.04385113
v -0.00633466 0.09079289 -0.04379534
v -0.00673526 0.09059751 -0.04384016
v -0.00782013 0.08827769 -0.04404544
v -0.00782388 0.08881103 -0.04398196
v -0.00778383 0.08833533 -0.04400914
v -0.00786805 0.08817088 -0.04407221
v -0.00782388 0.08881103 -0.04398196
v -0.00786805 0.08817088 -0.04407221
v -0.00782394 0.08919322 -0.04398161
v -0.00782388 0.08881103 -0.04398196
v -0.00633466 0.09079289 -0.04379534
v -0.00768161 0.08756434 -0.04410290
v -0.00778383 0.08833533 -0.04400914
v -0.00782388 0.08881103 -0.04398196
v -0.00768161 0.08756434 -0.04410290
v -0.00782388 0.08881103 -0.04398196
v -0.00756037 0.08731454 -0.04404413
v -0.00768161 0.08756434 -0.04410290
v -0.00695562 0.09043538 -0.04383641
v -0.00710773 0.09042441 -0.04387629
v -0.00741011 0.08989399 -0.04383558
v -0.00695562 0.09043538 -0.04383641
v -0.00633466 0.09079289 -0.04379534
v -0.00710678 0.09032046 -0.04385501
v -0.00741011 0.08989399 -0.04383558
v -0.00633466 0.09079289 -0.04379534
v -0.00741249 0.08995348 -0.04368466
v -0.00757408 0.08985698 -0.04392224
v -0.00710678 0.09032046 -0.04385501
v -0.00695562 0.09043538 -0.04383641
v -0.00757408 0.08985698 -0.04392224
v -0.00695562 0.09043538 -0.04383641
v -0.00741011 0.08989399 -0.04383558
v -0.00736016 0.09007591 -0.04388743
v -0.00710678 0.09032046 -0.04385501
v -0.00757408 0.08985698 -0.04392224
v -0.00736016 0.09007591 -0.04388743
v -0.00755209 0.08980548 -0.04391354
v -0.00741011 0.08989399 -0.04383558
v -0.00757408 0.08985698 -0.04392224
v -0.00776702 0.08884119 -0.04380065
v -0.00741011 0.08989399 -0.04383558
v -0.00741249 0.08995348 -0.04368466
v -0.00741011 0.08989399 -0.04383558
v -0.00772262 0.08913481 -0.04389292
v -0.00755209 0.08980548 -0.04391354
v -0.00782388 0.08881103 -0.04398196
v -0.00530124 0.09101325 -0.04382795
v -0.00399423 0.09085202 -0.04383027
v -0.00497675 0.09098947 -0.04382187
v -0.00530124 0.09101325 -0.04382795
v 0.00761932 0.09792554 -0.04329895
v 0.00720024 0.09813249 -0.04317939
v 0.00695443 0.09821009 -0.04318130
v 0.00720024 0.09813249 -0.04317939
v 0.00692809 0.09810763 -0.04303443
v 0.00731134 0.09792572 -0.04293763
v 0.00843596 0.08893442 -0.04401147
v 0.00731134 0.09792572 -0.04293763
v 0.00761932 0.09792554 -0.04329895
v 0.00731134 0.09792572 -0.04293763
v 0.00746709 0.07709681 -0.04503542
v 0.00737643 0.07721936 -0.04493874
v -0.01247525 0.09809404 -0.04302042
v -0.00020621 0.09820681 -0.04316848
v -0.01268357 0.09814047 -0.04315149
v -0.00020621 0.09820681 -0.04316848
v -0.01268357 0.09814047 -0.04315149
v -0.00414467 0.09831410 -0.04319244
v -0.00414467 0.09831410 -0.04319244
v -0.01221579 0.09831410 -0.04319244
v 0.00070256 0.09831595 -0.04319226
v 0.00070256 0.09831595 -0.04319226
v 0.00555015 0.09814423 -0.04311096
v -0.00020621 0.09820681 -0.04316848
v -0.01259160 0.09824168 -0.04319202
v 0.00554979 0.09832280 -0.04319167
v 0.00747776 0.07702434 -0.04504680
v 0.00727123 0.07616126 -0.04510807
v 0.00746709 0.07709681 -0.04503542
v 0.00733691 0.07671546 -0.04497218
v 0.00734806 0.07712244 -0.04492717
v 0.00746709 0.07709681 -0.04503542
v 0.00751591 0.07684123 -0.04507166
v 0.00747776 0.07702434 -0.04504680
v 0.00623989 0.07530701 -0.04507303
v 0.00524181 0.07494527 -0.04519021
v 0.00618815 0.07526731 -0.04486888
v 0.00658554 0.07544600 -0.04511684
v 0.00638670 0.07521426 -0.04520612
v 0.00634986 0.07507097 -0.04527968
v 0.00524181 0.07494527 -0.04519021
v 0.00701082 0.07588076 -0.04503983
v 0.00618815 0.07526731 -0.04486888
v 0.00711757 0.07609480 -0.04478293
v 0.00658554 0.07544600 -0.04511684
v 0.00658554 0.07544600 -0.04511684
v 0.00638670 0.07521426 -0.04520612
v 0.00694275 0.07568538 -0.04514843
v 0.00694275 0.07568538 -0.04514843
v 0.00702286 0.07481181 -0.04530572
v 0.00727123 0.07616126 -0.04510807
v 0.00700706 0.07570064 -0.04516434
v 0.00727123 0.07616126 -0.04510807
v 0.00701082 0.07588076 -0.04503983
v 0.00716609 0.07609015 -0.04508048
v 0.00727123 0.07616126 -0.04510807
v 0.00701082 0.07588076 -0.04503983
v 0.00716609 0.07609015 -0.04508048
v 0.00701082 0.07588076 -0.04503983
v 0.00730813 0.07647454 -0.04503130
v 0.00716609 0.07609015 -0.04508048
v 0.00701082 0.07588076 -0.04503983
v 0.00730813 0.07647454 -0.04503130
v 0.00730813 0.07647454 -0.04503130
v 0.00702286 0.07481181 -0.04530572
v 0.00727803 0.07646363 -0.04500776
v 0.00701082 0.07588076 -0.04503983
v 0.00733691 0.07671546 -0.04497218
v 0.00727803 0.07646363 -0.04500776
v 0.00733691 0.07671546 -0.04497218
v 0.00733691 0.07671546 -0.04497218
v 0.00727123 0.07616126 -0.04510807
v 0.00730813 0.07647454 -0.04503130
v 0.00746709 0.07709681 -0.04503542
v 0.00727123 0.07616126 -0.04510807
v 0.00733691 0.07671546 -0.04497218
v -0.01458829 0.09674680 -0.04334366
v -0.01336234 0.09790921 -0.04316812
v -0.01402235 0.09735286 -0.04319941
v -0.01432603 0.09715068 -0.04328519
v -0.01336234 0.09790921 -0.04316812
v -0.01458829 0.09674680 -0.04334366
v -0.01402235 0.09735286 -0.04319941
v -0.01433074 0.09688222 -0.04320943
v -0.01305043 0.09798431 -0.04304516
v -0.01393944 0.09741097 -0.04304862
v -0.01459616 0.09591591 -0.04323697
v -0.01336234 0.09790921 -0.04316812
v -0.01283925 0.09807467 -0.04313778
v -0.01268357 0.09814047 -0.04315149
v -0.01305043 0.09798431 -0.04304516
v -0.01454466 0.09635865 -0.04327833
v -0.01336234 0.09790921 -0.04316812
v -0.01268357 0.09814047 -0.04315149
v -0.01283925 0.09807467 -0.04313778
v -0.01336234 0.09790921 -0.04316812
v -0.01372087 0.09759783 -0.04310840
v -0.01336234 0.09790921 -0.04316812
v -0.01305043 0.09798431 -0.04304516
v -0.01393944 0.09741097 -0.04304862
v -0.01469278 0.09589564 -0.04339408
v -0.01459616 0.09591591 -0.04323697
v -0.01366043 0.09786546 -0.04322963
v -0.01336234 0.09790921 -0.04316812
v -0.01368707 0.09785842 -0.04323226
v -0.01366043 0.09786546 -0.04322963
v -0.01433074 0.09688222 -0.04320943
v -0.01372087 0.09759783 -0.04310840
v -0.01393944 0.09741097 -0.04304862
v -0.01336234 0.09790921 -0.04316812
v -0.01402235 0.09735286 -0.04319941
v -0.01336234 0.09790921 -0.04316812
v -0.01433074 0.09688222 -0.04320943
v -0.01450794 0.07439839 -0.04517251
v -0.01450794 0.07439839 -0.04517251
v -0.01470929 0.07469171 -0.04525262
v -0.01450794 0.07439839 -0.04517251
v 0.00524181 0.07494527 -0.04519021
v 0.00310111 0.07530128 -0.04514122
v 0.00356471 0.07512837 -0.04497319
v 0.00284576 0.07525336 -0.04520934
v 0.00310111 0.07530128 -0.04514122
v 0.00524181 0.07494527 -0.04519021
v 0.00195402 0.07694804 -0.04505729
v 0.00204915 0.07702434 -0.04498988
v 0.00226218 0.07610142 -0.04505056
v 0.00194704 0.07679605 -0.04507178
v 0.00195402 0.07694804 -0.04505729
v 0.00226218 0.07610142 -0.04505056
v 0.00204915 0.07702434 -0.04498988
v 0.00211710 0.07670938 -0.04492694
v 0.00212479 0.07620799 -0.04510933
v 0.00226218 0.07610142 -0.04505056
v 0.00211710 0.07670938 -0.04492694
v 0.00249851 0.07575201 -0.04487872
v 0.00212479 0.07620799 -0.04510933
v 0.00207776 0.07624059 -0.04512023
v 0.00213236 0.07616043 -0.04512411
v 0.00235051 0.07587897 -0.04511594
v 0.00212479 0.07620799 -0.04510933
v 0.00226218 0.07610142 -0.04505056
v 0.00257558 0.07561612 -0.04511469
v -0.00094199 0.07376968 -0.04539871
v 0.00213236 0.07616043 -0.04512411
v 0.00212479 0.07620799 -0.04510933
v 0.00213236 0.07616043 -0.04512411
v 0.00249100 0.07557380 -0.04517585
v 0.00212479 0.07620799 -0.04510933
v 0.00249851 0.07575201 -0.04487872
v 0.00257558 0.07561612 -0.04511469
v 0.00226218 0.07610142 -0.04505056
v 0.00310111 0.07530128 -0.04514122
v 0.00249851 0.07575201 -0.04487872
v 0.00356471 0.07512837 -0.04497319
v 0.00257558 0.07561612 -0.04511469
v 0.00310111 0.07530128 -0.04514122
v -0.01448971 0.07437700 -0.04497790
v -0.01410681 0.07413208 -0.04515737
v -0.01450794 0.07439839 -0.04517251
v -0.01477235 0.07465922 -0.04527670
v -0.01450794 0.07439839 -0.04517251
v -0.01461029 0.07441127 -0.04527527
v -0.01367187 0.07411330 -0.04530978
v -0.01376891 0.07419037 -0.04526561
v -0.01375097 0.07413136 -0.04530405
v -0.01376891 0.07419037 -0.04526561
v -0.01367187 0.07411330 -0.04530978
v -0.01082634 0.07707560 -0.04499900
v -0.01376891 0.07419037 -0.04526561
v -0.01370525 0.07427102 -0.04519557
v -0.01082634 0.07707560 -0.04499900
v -0.01395988 0.07408225 -0.04529976
v -0.01376891 0.07419037 -0.04526561
v -0.01410681 0.07413208 -0.04515737
v -0.01395988 0.07408225 -0.04529976
v -0.01403594 0.07402122 -0.04531592
v -0.01375097 0.07413136 -0.04530405
v -0.01376891 0.07419037 -0.04526561
v -0.01375097 0.07413136 -0.04530405
v -0.01410681 0.07413208 -0.04515737
v -0.01427739 0.07413184 -0.04527854
v -0.01403594 0.07402122 -0.04531592
v -0.01440811 0.07416903 -0.04529291
v -0.01410681 0.07413208 -0.04515737
v -0.01410681 0.07413208 -0.04515737
v -0.01440811 0.07416903 -0.04529291
v -0.01449722 0.07427394 -0.04527145
v -0.01456272 0.07435595 -0.04526406
v -0.01449722 0.07427394 -0.04527145
v -0.01440811 0.07416903 -0.04529291
v -0.01456272 0.07435595 -0.04526406
v -0.01440811 0.07416903 -0.04529291
v -0.01461029 0.07441127 -0.04527527
v -0.01456272 0.07435595 -0.04526406
v 0.00204915 0.07702434 -0.04498988
v 0.00189596 0.09001320 -0.04387456
v 0.00205284 0.08993709 -0.04348051
v 0.00211710 0.07670938 -0.04492694
v 0.00189596 0.09001320 -0.04387456
v -0.00819153 0.07988816 -0.04458767
v -0.01082634 0.07707560 -0.04499900
v -0.01370525 0.07427102 -0.04519557
v -0.01078742 0.07701742 -0.04505354
v 0.00189596 0.09001320 -0.04387456
v 0.00180006 0.09002864 -0.04391145
v -0.01082634 0.07707560 -0.04499900
v -0.00823152 0.07977855 -0.04476594
v -0.00821018 0.07967174 -0.04481381
v -0.00852626 0.07930123 -0.04484927
v -0.00852626 0.07930123 -0.04484927
v -0.00852626 0.07930123 -0.04484927
v 0.00073612 0.09256160 -0.04358565
v -0.00064391 0.09354001 -0.04331016
v 0.00025463 0.09291934 -0.04347062
v 0.00006104 0.09291255 -0.04367136
v -0.00144094 0.09383189 -0.04356104
v 0.00168461 0.09068953 -0.04381996
v 0.00125068 0.09167087 -0.04375278
v 0.00073612 0.09256160 -0.04358565
v 0.00073612 0.09256160 -0.04358565
v 0.00168461 0.09068953 -0.04381996
v 0.00168461 0.09068953 -0.04381996
v 0.00073612 0.09256160 -0.04358565
v 0.00136953 0.09171193 -0.04341143
v 0.00162172 0.09063541 -0.04385769
v 0.00125068 0.09167087 -0.04375278
v 0.00168461 0.09068953 -0.04381996
v 0.00162172 0.09063541 -0.04385769
v -0.00144094 0.09383189 -0.04356104
v -0.00264734 0.09422504 -0.04349792
v -0.00144094 0.09383189 -0.04356104
v 0.00006104 0.09291255 -0.04367136
v 0.00073612 0.09256160 -0.04358565
v 0.00125068 0.09167087 -0.04375278
v -0.00798845 0.08142459 -0.04465019
v -0.00807953 0.08178508 -0.04463315
v -0.00784540 0.08081614 -0.04471969
v -0.00806236 0.08136737 -0.04457873
v -0.00794071 0.08072125 -0.04465556
v -0.00809491 0.08145314 -0.04453313
v -0.00811767 0.08156764 -0.04458111
v -0.00794071 0.08072125 -0.04465556
v -0.00806236 0.08136737 -0.04457873
v -0.00812054 0.08168780 -0.04460811
v -0.00798845 0.08142459 -0.04465019
v -0.00794071 0.08072125 -0.04465556
v -0.00812054 0.08168780 -0.04460811
v -0.00794071 0.08072125 -0.04465556
v -0.00811767 0.08156764 -0.04458111
v -0.00823152 0.07977855 -0.04476594
v -0.01082634 0.07707560 -0.04499900
v -0.00821573 0.07989799 -0.04466378
v -0.00835270 0.07950454 -0.04483157
v -0.00811767 0.08156764 -0.04458111
v -0.00809491 0.08145314 -0.04453313
v -0.00822544 0.08182132 -0.04457813
v -0.00812054 0.08168780 -0.04460811
v -0.00811767 0.08156764 -0.04458111
v -0.00822544 0.08182132 -0.04457813
v -0.00822544 0.08182132 -0.04457813
v -0.00809491 0.08145314 -0.04453313
v -0.00980472 0.08399128 -0.04426676
v -0.00853348 0.08238017 -0.04454326
v -0.00823963 0.08185815 -0.04457587
v -0.00823963 0.08185815 -0.04457587
v -0.00822544 0.08182132 -0.04457813
v -0.00853348 0.08238017 -0.04454326
v -0.00835270 0.07950454 -0.04483157
v -0.00852626 0.07930123 -0.04484927
v -0.00821018 0.07967174 -0.04481381
v -0.00821018 0.07967174 -0.04481381
v -0.00812054 0.08168780 -0.04460811
v -0.00823963 0.08185815 -0.04457587
v -0.00853348 0.08238017 -0.04454326
v -0.00853348 0.08238017 -0.04454326
v -0.00798702 0.08022487 -0.04476243
v -0.00794071 0.08072125 -0.04465556
v -0.00823152 0.07977855 -0.04476594
v -0.00821573 0.07989799 -0.04466378
v -0.00794071 0.08072125 -0.04465556
v -0.00794071 0.08072125 -0.04465556
v -0.00821573 0.07989799 -0.04466378
v -0.00819153 0.07988816 -0.04458767
v -0.00791824 0.08060973 -0.04471570
v -0.00798702 0.08022487 -0.04476243
v -0.00784540 0.08081614 -0.04471969
v -0.00809491 0.08145314 -0.04453313
v -0.00799554 0.08076667 -0.04445540
v -0.00813246 0.08150559 -0.04440248
v -0.00809491 0.08145314 -0.04453313
v -0.00819153 0.07988816 -0.04458767
v -0.00799554 0.08076667 -0.04445540
v -0.00794071 0.08072125 -0.04465556
v -0.00819153 0.07988816 -0.04458767
v -0.00809491 0.08145314 -0.04453313
v -0.00264734 0.09422504 -0.04349792
v -0.00750411 0.09422993 -0.04355013
v -0.00437140 0.09447056 -0.04336476
v -0.01112151 0.08590209 -0.04402810
v -0.00929356 0.09341371 -0.04359251
v -0.00929832 0.09336745 -0.04361957
v -0.01079314 0.09217631 -0.04371988
v -0.01072424 0.09229719 -0.04361611
v -0.00927055 0.09336781 -0.04361957
v -0.00929832 0.09336745 -0.04361957
v -0.00929832 0.09336745 -0.04361957
v -0.01072424 0.09229719 -0.04361611
v -0.01079314 0.09217631 -0.04371988
v -0.01144546 0.09109532 -0.04377979
v -0.01072424 0.09229719 -0.04361611
v -0.01188069 0.08929026 -0.04388457
v -0.01112151 0.08590209 -0.04402810
v -0.01159477 0.08732402 -0.04411792
v -0.01159477 0.08732402 -0.04411792
v -0.01144546 0.09109532 -0.04377979
v -0.01175308 0.09055674 -0.04345983
v -0.01144546 0.09109532 -0.04377979
v -0.01112151 0.08590209 -0.04402810
f 1 2 3
f 4 5 6
f 7 8 9
f 10 11 12
f 13 14 15
f 16 17 18
f 19 20 21
f 22 23 24
f 25 26 27
f 4 6 28
f 29 15 30
f 31 32 33
f 1 25 27
f 34 19 21
f 35 9 36
f 37 38 39
f 40 35 36
f 10 12 41
f 42 43 44
f 45 27 26
f 31 36 32
f 46 4 28
f 29 30 47
f 48 16 18
f 49 50 51
f 27 29 47
f 52 46 53
f 54 37 55
f 56 57 58
f 54 55 59
f 60 61 62
f 63 64 65
f 66 48 11
f 67 31 33
f 68 1 3
f 69 11 10
f 70 71 72
f 73 74 57
f 75 29 27
f 76 13 15
f 77 78 79
f 80 81 82
f 83 84 41
f 75 27 45
f 75 15 29
f 85 86 87
f 75 76 15
f 88 89 90
f 88 90 91
f 77 79 92
f 93 94 95
f 96 97 98
f 60 62 78
f 99 68 3
f 35 7 9
f 100 73 57
f 68 26 25
f 85 87 39
f 101 102 103
f 104 49 105
f 106 52 53
f 106 53 107
f 108 109 7
f 110 83 111
f 112 113 114
f 68 25 1
f 45 115 75
f 116 89 88
f 117 112 114
f 118 7 35
f 118 108 7
f 119 78 77
f 120 57 56
f 121 23 22
f 122 95 5
f 123 26 68
f 84 10 41
f 38 85 39
f 124 117 114
f 125 61 60
f 126 88 91
f 101 103 17
f 127 126 91
f 128 111 129
f 130 99 3
f 101 17 16
f 131 125 60
f 132 133 134
f 132 135 133
f 124 114 136
f 137 95 122
f 138 104 105
f 139 38 37
f 138 49 104
f 92 140 77
f 141 92 20
f 142 16 48
f 142 101 16
f 143 83 110
f 144 124 136
f 145 146 147
f 148 92 141
f 86 85 38
f 149 89 116
f 150 14 13
f 139 86 38
f 151 23 121
f 69 48 66
f 69 66 11
f 69 101 142
f 69 142 48
f 139 37 54
f 150 13 76
f 120 100 57
f 112 127 113
f 152 136 153
f 154 67 155
f 121 156 61
f 121 22 156
f 157 122 4
f 158 159 160
f 52 161 4
f 162 121 61
f 163 56 58
f 52 4 46
f 164 36 31
f 69 165 101
f 126 116 88
f 166 60 78
f 166 131 60
f 167 168 169
f 167 170 168
f 134 171 50
f 144 117 124
f 172 112 117
f 173 174 175
f 176 172 117
f 162 61 125
f 177 178 179
f 180 63 181
f 93 81 80
f 153 136 182
f 165 69 10
f 119 166 78
f 183 151 121
f 184 138 74
f 185 186 187
f 188 189 190
f 191 192 8
f 193 183 121
f 194 139 195
f 99 123 68
f 86 129 196
f 197 127 112
f 198 148 141
f 199 191 8
f 141 20 200
f 165 10 84
f 201 202 203
f 109 8 7
f 152 144 136
f 123 115 45
f 123 45 26
f 204 205 206
f 207 120 56
f 150 208 14
f 140 119 77
f 143 165 84
f 143 84 83
f 81 93 95
f 163 207 56
f 209 193 121
f 209 121 162
f 210 211 212
f 213 214 215
f 148 140 92
f 216 74 73
f 176 112 172
f 217 163 58
f 218 219 109
f 220 52 106
f 221 76 75
f 222 223 224
f 218 109 108
f 225 153 182
f 226 221 75
f 227 228 229
f 230 231 232
f 233 35 40
f 233 234 35
f 235 225 182
f 236 237 216
f 164 233 40
f 236 216 73
f 164 40 36
f 81 95 137
f 155 164 31
f 238 218 108
f 166 125 131
f 239 116 126
f 240 241 242
f 123 226 115
f 243 239 126
f 157 137 122
f 244 245 117
f 235 182 246
f 127 243 126
f 247 73 100
f 248 249 250
f 251 252 253
f 254 151 183
f 235 246 255
f 256 162 125
f 247 100 120
f 86 139 194
f 257 234 233
f 239 149 116
f 211 198 141
f 150 76 258
f 259 247 120
f 260 123 99
f 261 233 164
f 262 239 243
f 185 157 186
f 263 117 144
f 138 264 49
f 265 221 226
f 266 267 129
f 266 129 86
f 268 197 112
f 127 262 243
f 269 195 270
f 265 226 123
f 271 272 135
f 166 256 125
f 268 273 245
f 274 275 276
f 185 161 52
f 277 268 245
f 259 120 207
f 278 140 148
f 279 86 194
f 280 264 138
f 281 137 157
f 271 135 132
f 282 218 238
f 283 284 285
f 269 194 195
f 198 278 148
f 286 225 235
f 287 288 119
f 289 247 259
f 290 254 183
f 291 152 153
f 292 283 219
f 292 219 218
f 293 209 162
f 287 119 140
f 287 140 278
f 294 291 153
f 295 296 297
f 298 292 218
f 299 185 52
f 300 257 233
f 301 132 134
f 302 303 304
f 305 144 152
f 306 165 143
f 306 143 307
f 300 233 261
f 308 208 150
f 309 244 117
f 164 300 261
f 310 311 312
f 256 293 162
f 313 134 50
f 293 193 209
f 313 301 134
f 313 50 49
f 314 315 316
f 89 149 317
f 318 164 155
f 319 277 245
f 320 298 321
f 301 322 132
f 263 309 117
f 323 320 321
f 323 321 324
f 325 317 149
f 325 89 317
f 326 327 328
f 329 256 166
f 330 308 150
f 331 332 333
f 244 319 245
f 334 330 150
f 299 52 220
f 335 153 225
f 336 337 338
f 339 340 341
f 342 267 266
f 239 325 149
f 343 137 281
f 344 345 346
f 343 81 137
f 347 300 164
f 329 348 287
f 349 239 262
f 349 262 127
f 281 157 185
f 264 313 49
f 284 283 292
f 350 281 185
f 351 352 353
f 354 123 260
f 347 164 355
f 210 198 211
f 356 309 263
f 356 263 144
f 357 358 359
f 354 360 265
f 354 265 123
f 322 271 132
f 361 356 144
f 355 164 318
f 362 287 278
f 284 292 298
f 279 266 86
f 293 290 183
f 293 254 290
f 320 284 298
f 363 295 297
f 364 320 365
f 366 322 301
f 266 279 342
f 367 368 369
f 370 371 372
f 373 364 374
f 373 374 375
f 376 278 198
f 376 362 278
f 377 366 301
f 378 379 363
f 280 380 264
f 381 382 383
f 384 254 293
f 385 377 301
f 386 387 388
f 343 389 81
f 390 354 260
f 391 286 235
f 313 385 301
f 193 293 183
f 392 391 235
f 305 361 144
f 305 393 361
f 268 277 319
f 362 329 287
f 394 268 319
f 395 347 355
f 396 397 343
f 398 399 293
f 396 343 281
f 394 244 309
f 394 319 244
f 305 152 291
f 350 396 281
f 284 320 364
f 400 401 81
f 402 271 322
f 305 291 294
f 403 350 185
f 380 313 264
f 404 405 406
f 407 89 325
f 313 377 385
f 313 366 377
f 407 325 239
f 408 289 259
f 409 410 81
f 409 411 198
f 271 412 272
f 413 414 415
f 416 295 363
f 417 322 366
f 417 402 322
f 418 394 309
f 419 284 364
f 419 364 373
f 420 185 299
f 421 398 293
f 421 293 256
f 422 416 363
f 423 198 411
f 424 418 309
f 389 400 81
f 408 259 330
f 389 343 397
f 356 424 309
f 425 426 138
f 427 421 256
f 427 256 329
f 428 271 402
f 429 408 330
f 430 409 81
f 422 363 379
f 431 347 395
f 395 432 431
f 429 330 334
f 421 433 398
f 434 305 294
f 197 349 127
f 435 427 329
f 436 430 81
f 436 81 401
f 437 438 439
f 440 441 442
f 360 429 334
f 391 443 286
f 440 442 350
f 380 444 313
f 445 416 422
f 403 440 350
f 446 89 407
f 356 361 393
f 447 445 422
f 197 268 448
f 425 138 184
f 449 89 446
f 450 436 401
f 446 407 239
f 446 239 349
f 450 401 400
f 420 403 185
f 451 379 378
f 452 435 329
f 453 313 444
f 453 444 380
f 454 443 391
f 455 384 293
f 456 425 184
f 457 280 138
f 392 458 391
f 459 450 400
f 460 409 430
f 460 430 436
f 426 457 138
f 461 462 463
f 464 393 305
f 452 329 362
f 465 349 449
f 465 446 349
f 465 449 446
f 450 460 436
f 466 425 456
f 356 393 464
f 467 453 380
f 467 380 280
f 423 376 198
f 468 469 470
f 449 471 89
f 472 389 397
f 473 448 268
f 399 455 293
f 467 280 474
f 475 354 390
f 476 477 478
f 448 349 197
f 428 412 271
f 479 464 305
f 480 397 396
f 480 472 397
f 456 184 481
f 482 394 418
f 482 268 394
f 433 399 398
f 482 473 268
f 483 464 479
f 484 485 486
f 487 456 481
f 488 376 423
f 489 479 305
f 488 362 376
f 490 491 492
f 493 408 494
f 495 482 418
f 495 418 424
f 496 450 459
f 497 498 499
f 500 489 501
f 495 424 356
f 502 254 384
f 434 503 305
f 504 482 495
f 429 494 408
f 487 466 456
f 505 506 507
f 502 384 455
f 473 482 448
f 508 411 409
f 445 509 416
f 510 511 512
f 513 514 515
f 516 440 403
f 517 509 445
f 518 402 417
f 518 519 402
f 520 445 447
f 521 522 447
f 523 447 422
f 523 422 379
f 523 379 524
f 521 447 523
f 454 525 443
f 526 527 528
f 529 472 480
f 433 421 427
f 530 531 532
f 518 417 366
f 533 534 535
f 536 537 458
f 538 429 360
f 539 458 392
f 540 482 504
f 541 411 508
f 540 504 495
f 21 457 426
f 541 423 411
f 508 409 460
f 542 518 366
f 543 544 545
f 546 547 441
f 546 441 440
f 548 426 425
f 548 425 466
f 538 360 354
f 12 455 399
f 549 538 354
f 550 356 464
f 550 464 483
f 551 552 553
f 540 356 550
f 554 546 440
f 540 495 356
f 555 556 476
f 433 427 435
f 453 542 366
f 453 366 313
f 557 433 435
f 557 435 452
f 558 483 479
f 558 550 483
f 12 399 433
f 516 554 440
f 18 254 502
f 18 559 254
f 560 479 489
f 560 558 479
f 561 542 453
f 500 560 489
f 562 516 403
f 555 476 478
f 563 508 460
f 564 565 566
f 567 426 548
f 32 562 403
f 517 500 501
f 568 540 550
f 569 557 452
f 570 460 450
f 570 563 460
f 571 517 445
f 520 571 445
f 572 540 568
f 496 570 450
f 573 517 571
f 573 571 520
f 574 403 420
f 575 12 433
f 576 452 362
f 576 569 452
f 577 494 429
f 578 579 580
f 581 520 521
f 560 550 558
f 582 412 428
f 583 362 488
f 537 581 521
f 537 521 523
f 584 487 585
f 18 502 455
f 586 587 588
f 589 496 459
f 6 584 585
f 590 550 560
f 590 568 550
f 591 569 576
f 590 572 568
f 576 423 541
f 539 536 458
f 567 21 426
f 573 500 517
f 592 570 496
f 566 354 475
f 156 582 428
f 536 593 537
f 529 594 472
f 12 18 455
f 595 6 585
f 592 496 589
f 596 567 548
f 590 560 500
f 590 500 573
f 590 597 572
f 598 529 480
f 156 428 402
f 599 600 601
f 602 603 519
f 604 573 520
f 605 606 594
f 604 520 581
f 607 566 475
f 597 590 573
f 608 467 474
f 609 573 604
f 605 594 529
f 584 466 487
f 581 537 593
f 467 610 453
f 573 611 597
f 609 611 573
f 609 612 611
f 602 519 518
f 613 593 536
f 614 576 541
f 604 612 609
f 615 613 536
f 593 604 581
f 616 554 516
f 615 536 539
f 617 616 516
f 618 615 539
f 95 548 466
f 562 617 516
f 619 612 604
f 620 621 546
f 79 608 474
f 622 541 508
f 622 614 541
f 539 556 555
f 614 591 576
f 620 546 554
f 593 619 604
f 196 569 591
f 561 518 542
f 620 554 616
f 623 575 433
f 36 620 616
f 624 272 625
f 622 508 563
f 86 196 591
f 626 615 618
f 613 619 593
f 613 627 619
f 51 624 625
f 628 622 563
f 629 539 555
f 32 617 562
f 630 6 595
f 631 632 633
f 634 635 636
f 637 613 615
f 638 622 628
f 5 584 6
f 639 563 570
f 51 625 640
f 639 628 563
f 623 433 557
f 53 564 566
f 539 626 618
f 637 641 642
f 643 557 569
f 637 615 626
f 644 645 646
f 518 647 602
f 41 557 643
f 626 641 637
f 648 641 626
f 643 569 196
f 649 650 651
f 652 626 539
f 111 41 643
f 653 639 570
f 648 654 641
f 135 272 624
f 196 111 643
f 33 32 403
f 33 403 574
f 655 626 652
f 655 656 626
f 652 539 657
f 87 614 622
f 658 652 657
f 653 570 592
f 659 539 629
f 648 2 654
f 657 539 659
f 51 640 660
f 655 648 656
f 655 652 658
f 661 655 658
f 62 561 453
f 662 135 624
f 662 624 51
f 638 87 622
f 659 658 657
f 53 28 564
f 663 86 591
f 3 655 661
f 663 591 614
f 3 2 648
f 659 661 658
f 664 665 666
f 667 668 669
f 34 567 596
f 670 671 672
f 3 648 655
f 34 21 567
f 673 3 661
f 133 135 662
f 48 18 12
f 674 133 662
f 65 605 529
f 62 453 610
f 22 24 582
f 22 582 156
f 65 529 598
f 675 638 628
f 659 673 661
f 95 94 548
f 659 3 673
f 676 677 678
f 78 62 610
f 50 662 51
f 51 660 679
f 607 53 566
f 620 680 621
f 28 6 564
f 681 682 683
f 181 63 65
f 41 575 623
f 41 12 575
f 684 674 662
f 78 467 608
f 685 620 36
f 171 662 50
f 171 684 662
f 46 28 53
f 686 192 687
f 663 614 87
f 103 102 18
f 675 628 639
f 79 78 608
f 36 616 617
f 36 617 32
f 107 53 607
f 9 686 36
f 37 675 639
f 37 639 653
f 92 79 474
f 86 663 87
f 688 689 690
f 55 37 653
f 691 692 693
f 134 133 694
f 74 695 57
f 39 87 638
f 49 51 679
f 49 679 660
f 130 3 659
f 64 605 65
f 696 697 698
f 699 57 700
f 61 518 561
f 111 83 41
f 171 134 684
f 675 39 638
f 466 584 5
f 5 95 466
f 701 699 700
f 105 49 660
f 138 702 695
f 703 607 106
f 138 695 74
f 62 61 561
f 17 103 18
f 8 192 686
f 8 686 9
f 129 111 196
f 11 48 12
f 122 5 4
f 37 39 675
f 105 702 138
f 1 27 2
f 20 92 21
f 704 705 706
f 707 708 709
f 710 707 709
f 710 709 711
f 712 713 710
f 712 710 711
f 712 711 714
f 715 712 714
f 716 717 718
f 719 720 721
f 719 721 722
f 715 714 723
f 724 719 722
f 725 722 726
f 725 724 722
f 727 726 728
f 726 727 725
f 729 727 728
f 729 730 727
f 731 732 733
f 734 731 733
f 735 715 723
f 736 734 733
f 737 736 733
f 737 738 736
f 738 737 739
f 735 723 740
f 738 739 741
f 742 743 744
f 741 745 738
f 741 746 745
f 747 735 740
f 748 746 741
f 749 750 746
f 749 746 748
f 740 751 747
f 752 750 749
f 753 752 749
f 754 751 740
f 754 755 751
f 756 757 752
f 756 752 753
f 758 759 757
f 758 757 756
f 760 759 758
f 761 760 758
f 707 760 761
f 707 761 708
f 762 763 764
f 765 766 767
f 768 769 770
f 771 772 773
f 767 774 765
f 775 776 777
f 778 779 780
f 781 776 775
f 782 771 773
f 783 784 785
f 775 777 786
f 787 788 789
f 775 786 790
f 791 792 793
f 794 782 773
f 795 782 794
f 796 797 798
f 799 800 801
f 802 803 804
f 805 806 807
f 808 809 810
f 811 812 813
f 814 815 816
f 817 818 819
f 817 820 818
f 821 822 823
f 824 825 826
f 827 816 828
f 827 814 816
f 829 817 819
f 830 817 831
f 820 817 830
f 832 827 828
f 833 819 834
f 833 829 819
f 835 836 837
f 838 813 839
f 840 841 842
f 843 844 845
f 834 846 833
f 847 848 849
f 850 834 851
f 852 853 854
f 855 856 857
f 858 859 860
f 861 850 851
f 862 863 864
f 865 866 867
f 868 863 862
f 869 863 868
f 869 870 863
f 871 862 864
f 871 868 862
f 871 869 868
f 870 869 871
f 872 873 861
f 874 875 876
f 877 878 879
f 880 881 882
f 883 884 877
f 871 864 885
f 886 887 888
f 889 890 891
f 883 877 879
f 892 893 894
f 885 895 871
f 885 896 895
f 897 898 899
f 900 901 902
f 903 904 905
f 897 899 906
f 907 908 909
f 900 902 910
f 911 912 913
f 914 915 916
f 917 918 919
f 920 921 922
f 923 924 925
f 926 927 928
f 929 930 931
f 932 933 934
f 935 926 928
f 936 937 938
f 939 940 941
f 942 943 944
f 945 917 946
f 947 918 917
f 948 949 950
f 947 917 945
f 951 952 953
f 954 955 956
f 957 958 959
f 960 961 962
f 963 964 965
f 966 954 956
f 967 947 945
f 765 968 766
f 969 951 953
f 970 946 772
f 971 766 972
f 973 974 975
f 771 970 772
f 767 766 971
f 976 977 978
f 979 980 981
f 982 983 984
f 985 986 987
f 988 980 979
f 989 990 991
f 988 979 992
f 993 988 992
f 994 995 996
f 997 993 992
f 998 993 997
f 999 988 993
f 999 993 998
f 999 998 997
f 996 1000 994
f 1000 1001 1002
f 1003 1004 1005
f 1006 1007 1008
f 1009 1010 1011
f 1012 1013 1014
f 1015 1016 1017
f 1018 1019 1020
f 1021 1022 1023
f 395 1024 432
f 1025 1026 1027
f 1028 1029 1030
f 1031 1028 1030
f 1031 1030 1024
f 1032 1027 1033
f 1032 1025 1027
f 1034 395 355
f 1035 1033 1036
f 1034 1024 395
f 1035 1032 1033
f 1034 1031 1024
f 1034 355 318
f 1035 1036 1037
f 1038 1034 318
f 1039 1037 1040
f 1039 1035 1037
f 1041 318 155
f 1041 1038 318
f 1042 155 67
f 1039 1040 1043
f 1042 1041 155
f 1042 67 33
f 1039 1043 1044
f 1042 33 574
f 1045 1039 1044
f 1045 1044 1046
f 1042 574 420
f 1047 1045 1046
f 1047 1046 1048
f 1049 1042 420
f 1050 420 299
f 1050 1049 420
f 1029 1051 1052
f 1050 299 220
f 1047 1048 1053
f 1054 220 106
f 1054 1050 220
f 1047 1053 1051
f 1055 1054 106
f 1055 106 607
f 1028 1047 1051
f 1028 1051 1029
f 1056 1057 1058
f 1059 1057 1056
f 1060 1059 1056
f 1061 1062 1063
f 1064 1061 1063
f 1065 1063 1066
f 1065 1064 1063
f 1065 1066 1026
f 1025 1065 1026
f 1067 1068 1069
f 1068 812 1069
f 1067 1069 1070
f 1071 917 885
f 797 1072 798
f 1073 1074 1075
f 1076 1077 1078
f 1071 885 864
f 1079 1067 1080
f 1067 1070 1080
f 1081 1071 864
f 1082 1079 956
f 1079 1080 956
f 1083 1084 819
f 818 1083 819
f 1085 1081 864
f 1086 1082 955
f 1082 956 955
f 1084 1087 834
f 819 1084 834
f 1085 864 1088
f 1086 955 1089
f 1087 1090 834
f 1085 1088 839
f 1091 1086 1089
f 1092 1085 839
f 834 1090 851
f 1091 1089 872
f 1090 1091 861
f 851 1090 861
f 1093 1092 813
f 861 1091 872
f 1092 839 813
f 1068 1093 812
f 1093 813 812
f 1071 1094 946
f 1094 772 946
f 1071 946 917
f 1095 1096 1097
f 1098 1099 1100
f 1101 1102 1103
f 1101 1104 1105
f 1101 1105 1102
f 1106 1107 1108
f 1109 1110 1096
f 1111 1107 1106
f 151 254 1112
f 983 1113 984
f 1114 1108 1107
f 1115 1114 1107
f 1115 1107 1116
f 1115 1116 1117
f 1118 1107 1111
f 1119 1098 1100
f 1120 1121 1118
f 1120 1118 1122
f 1123 1124 1125
f 1126 1127 1128
f 1129 1130 1131
f 1132 1133 1134
f 23 151 24
f 1135 1129 1131
f 1136 1137 1138
f 1136 1120 1137
f 1136 1121 1120
f 1139 1110 1109
f 1140 1141 1142
f 1143 1131 1144
f 1145 1121 1146
f 1145 984 1121
f 1139 1147 1148
f 1149 1143 1144
f 1149 1144 1150
f 1149 1150 1151
f 1152 982 984
f 1152 984 1145
f 1152 1153 982
f 1154 1149 1151
f 1155 1154 1151
f 1156 1153 1152
f 1157 1155 1158
f 1117 1159 1160
f 1161 1117 1160
f 1162 1163 1153
f 1162 1153 1156
f 1162 559 1163
f 582 24 272
f 412 582 272
f 1164 1165 1157
f 1166 1164 1157
f 1167 1168 1169
f 1170 1164 1166
f 1171 1172 1173
f 1174 1170 1166
f 1175 1176 1177
f 1178 1179 1180
f 1181 1168 1167
f 1182 1175 1183
f 1182 1183 1184
f 1182 1184 1185
f 1186 1179 1178
f 1187 1188 1189
f 1187 1189 1190
f 1191 559 1162
f 1192 1193 1194
f 1195 1187 1190
f 1196 1197 1198
f 1196 1198 1174
f 1196 1174 1166
f 1199 559 1191
f 1200 559 1199
f 1201 1192 1194
f 1201 1194 1202
f 1203 559 1200
f 1204 1205 1179
f 1103 1206 1207
f 1208 1205 1204
f 1209 1202 1210
f 1209 1201 1202
f 1211 1195 1103
f 254 1203 1212
f 254 559 1203
f 1213 1214 1197
f 1213 1197 1196
f 1215 1209 1210
f 1216 1214 1213
f 1112 254 1212
f 1217 1205 1208
f 1218 762 764
f 625 272 1219
f 1102 1211 1103
f 625 1219 1220
f 625 1220 1216
f 1221 1222 1223
f 89 1104 1224
f 89 1224 1225
f 89 1225 1226
f 89 1226 90
f 1187 1117 1188
f 1188 1117 1161
f 1185 1139 1227
f 1098 1205 1217
f 1098 1217 1099
f 1228 1229 1230
f 1231 1228 1232
f 1231 1229 1228
f 1233 1231 1232
f 1233 1232 1234
f 1235 808 1233
f 1235 1233 1234
f 1236 809 808
f 1236 808 1235
f 1237 783 809
f 1237 809 1236
f 1238 783 1237
f 1239 755 754
f 1238 784 783
f 1240 1241 784
f 1242 755 1239
f 1240 930 1241
f 1240 784 1238
f 1242 1243 755
f 1244 930 1240
f 931 930 1244
f 931 1244 1245
f 1246 1243 1242
f 1247 931 1245
f 1248 1247 1245
f 1248 1249 1247
f 1250 1249 1248
f 1250 1251 1252
f 1250 1248 1251
f 1253 1254 1255
f 1252 1253 1250
f 1252 1254 1253
f 1256 1253 1255
f 718 717 1253
f 718 1253 1256
f 1257 1243 1246
f 1257 1258 1243
f 1259 1260 1258
f 1259 1258 1257
f 1261 1260 1259
f 1261 1262 1260
f 1263 1262 1261
f 1264 1265 1262
f 1264 1229 1265
f 1264 1262 1263
f 1266 1264 1263
f 1230 1264 1266
f 1230 1229 1264
f 1267 1268 1269
f 1267 1269 1270
f 1271 1272 1273
f 1274 1275 1276
f 1274 1276 1277
f 1278 1271 1273
f 1279 1271 1278
f 1280 1271 1279
f 1281 1280 1279
f 1282 1283 1284
f 1285 1282 1284
f 1286 1287 1288
f 1287 1289 1290
f 1287 1290 1291
f 1288 1287 1292
f 1287 1291 1292
f 1293 1294 1295
f 1296 1297 1294
f 1296 1294 1298
f 1299 1300 1301
f 1302 1299 1303
f 1299 1301 1303
f 1304 1302 1305
f 1302 1303 1305
f 1306 1307 1308
f 1307 1309 1308
f 1310 1311 1312
f 1313 1310 1314
f 1310 1312 1314
f 1282 1315 1316
f 1282 1316 1283
f 1317 1318 1319
f 1320 1321 1322
f 1323 1324 1325
f 1326 1327 1328
f 1326 1328 1329
f 1326 1329 1330
f 1326 1330 1331
f 1332 1333 1334
f 1335 1336 1337
f 1335 1337 1338
f 1339 1340 1341
f 1340 1342 1341
f 1339 1341 1343
f 1344 1345 1346
f 1344 1346 1347
f 1348 1344 1347
f 1348 1347 1349
f 1318 1348 1349
f 1318 1349 1319
f 1350 1351 1352
f 1350 1352 1353
f 1350 1353 1354
f 1355 1356 994
f 1356 1357 994
f 1358 1355 1000
f 1355 994 1000
f 1358 1000 1002
f 1359 1360 1361
f 1359 1361 1362
f 1363 1364 1365
f 1366 1363 1365
f 1367 1368 1369
f 1367 1369 1370
f 1371 1372 1373
f 1374 1375 1376
f 1377 1378 1379
f 1380 1381 1382
f 1383 1384 1385
f 1386 1116 1387
f 1388 1377 1379
f 91 90 1226
f 1389 1390 1391
f 1392 1393 1394
f 1395 1396 1397
f 1398 1116 1386
f 1399 1400 1393
f 1401 1376 1402
f 1401 1403 1374
f 1401 1374 1376
f 1404 113 1405
f 1406 1407 1408
f 1406 1409 1407
f 1410 1411 1412
f 1386 1387 1413
f 1414 1415 1416
f 1417 1418 1419
f 1420 1421 1161
f 1399 1393 1392
f 1422 1423 1424
f 1425 1426 1427
f 1428 1421 1420
f 1428 1429 1421
f 1430 1431 1432
f 1433 1386 1413
f 1434 1410 1412
f 1417 1435 1418
f 1436 1437 1438
f 1439 1380 1382
f 113 1404 1440
f 1441 1442 1443
f 1444 1392 1394
f 1445 1446 1447
f 1448 1449 1450
f 1451 1452 1422
f 1430 1432 1453
f 1430 1453 1454
f 1431 1455 1456
f 1439 1457 1458
f 1439 1382 1457
f 1459 1439 1458
f 1460 1116 1461
f 1460 1117 1116
f 1462 1463 1464
f 1451 1422 1043
f 1465 1113 1466
f 1467 1386 1433
f 1063 1468 1066
f 1469 984 1113
f 1470 1471 1472
f 114 1414 1411
f 1473 1401 1474
f 1433 1413 1475
f 1455 1431 1430
f 1476 1477 1478
f 1479 1480 1481
f 1433 1482 1372
f 1483 1454 1484
f 1485 1458 1486
f 1371 1433 1372
f 1487 1488 1489
f 1490 1113 1465
f 1474 1401 1491
f 1483 1484 1492
f 1485 1459 1458
f 1486 1458 1493
f 1494 1495 1496
f 1428 1189 1188
f 1490 1469 1113
f 1467 1433 1371
f 1497 1420 1380
f 1498 1499 1500
f 1410 114 1411
f 1501 1502 1503
f 1504 1505 1506
f 1507 1508 1509
f 1159 1117 1460
f 1510 1428 1420
f 1399 1511 1400
f 1512 1513 1514
f 1399 1515 1511
f 1189 1428 1510
f 1189 1510 1516
f 1517 1518 1519
f 1520 1521 1522
f 1398 1461 1116
f 1523 1517 1519
f 1524 1525 1526
f 1063 1441 1468
f 1040 1451 1043
f 1527 114 113
f 1403 1375 1374
f 1527 113 1440
f 1399 1528 1470
f 1399 1470 1515
f 1529 1471 1470
f 1529 1434 1471
f 1390 1512 1391
f 1530 1531 1532
f 1533 1465 1534
f 1533 1520 1522
f 1516 1510 1420
f 1535 1497 1380
f 1536 1535 1380
f 1415 114 1527
f 1415 1527 1440
f 1537 1460 1461
f 1537 1159 1460
f 1390 1513 1512
f 1538 1539 1540
f 1420 1541 1516
f 1542 1543 1442
f 1544 1545 1390
f 1546 1547 1548
f 1546 1549 1547
f 1550 1551 1375
f 1550 1375 1403
f 1552 1553 1554
f 1542 1442 1441
f 1469 1121 984
f 1555 1556 1557
f 1420 1497 1558
f 1559 1121 1469
f 1558 1497 1535
f 1529 1470 1528
f 1414 114 1415
f 1560 1542 1441
f 1561 1532 1531
f 1465 1562 1490
f 1399 1529 1528
f 1467 1398 1386
f 1558 1535 1536
f 1562 1465 1533
f 1563 1522 1564
f 1558 1380 1439
f 1565 1566 1567
f 1568 1479 1508
f 1569 1570 1571
f 1572 1573 1574
f 1507 1568 1508
f 1575 1576 1577
f 1529 1410 1434
f 1529 114 1410
f 1452 1578 1579
f 1580 1398 1467
f 1581 1399 1392
f 1558 1541 1420
f 1578 1452 1451
f 1582 1583 1507
f 1584 1392 1444
f 1584 1581 1392
f 1585 1586 1587
f 1473 1403 1401
f 1562 1588 1490
f 1589 1590 1480
f 1591 1558 1439
f 1592 1442 1543
f 1592 1593 1442
f 1594 1588 1562
f 1479 1589 1480
f 1595 1439 1459
f 1595 1591 1439
f 1430 1454 1483
f 1430 1483 1596
f 1597 1459 1485
f 1598 1599 1600
f 1601 1602 1455
f 1601 1455 1430
f 1603 1473 1474
f 1603 1604 1473
f 1605 1403 1473
f 1592 1543 1542
f 1529 136 114
f 1605 1473 1604
f 1606 1121 1559
f 1607 1430 1596
f 1608 1609 1610
f 1606 1559 1469
f 1560 1611 1542
f 1612 1529 1399
f 1613 1612 1399
f 1614 1467 1371
f 1611 1560 1441
f 1615 1594 1562
f 1533 1615 1562
f 1568 1507 1583
f 1616 1617 1618
f 1619 1620 1621
f 1622 1606 1623
f 1619 1621 1461
f 136 1613 1399
f 1591 1624 1558
f 1612 136 1529
f 1625 1584 1444
f 1619 1461 1398
f 1626 1627 1628
f 1629 1630 1631
f 1632 1633 1634
f 1635 1597 1485
f 1636 1595 1459
f 1636 1637 1638
f 1636 1638 1595
f 1545 1513 1390
f 1639 1635 1485
f 1636 1459 1597
f 1613 136 1612
f 1640 1451 1040
f 1607 1601 1430
f 1641 1593 1592
f 1619 1398 1580
f 1639 1485 1486
f 1642 1563 1564
f 1643 1545 1544
f 1644 1550 1403
f 1637 1636 1597
f 1611 1592 1542
f 1037 1640 1040
f 1645 1646 1647
f 1648 1649 1650
f 1606 1118 1121
f 1651 1581 1584
f 1652 1600 1599
f 1653 1532 1561
f 1572 1654 1573
f 1643 1655 1545
f 182 1584 1625
f 1656 1657 1658
f 1651 1399 1581
f 1651 136 1399
f 1635 1637 1597
f 1651 182 136
f 1537 1160 1159
f 1659 1602 1601
f 182 1651 1584
f 1660 1479 1568
f 1661 1580 1467
f 1660 1589 1479
f 1662 1659 1601
f 1663 1643 1544
f 1663 1544 1664
f 1665 1441 1063
f 1666 1620 1619
f 1665 1063 1059
f 182 1625 1602
f 1667 1660 1568
f 182 1602 1659
f 1575 1668 1576
f 1662 182 1659
f 1669 1670 1671
f 1672 1673 1674
f 1662 1601 1607
f 1662 1607 246
f 246 182 1662
f 1675 1669 1671
f 1676 1667 1568
f 246 1607 1596
f 1676 1568 1583
f 1563 1533 1522
f 1677 1678 1679
f 1680 1593 1641
f 1681 1533 1563
f 1682 1683 1684
f 1685 1686 1687
f 1688 1689 1690
f 1691 1675 1671
f 1691 1671 1692
f 1693 1661 1467
f 1694 1680 1641
f 1695 1667 1676
f 1614 1693 1467
f 1694 1696 1697
f 1698 1694 1697
f 1699 1681 1563
f 1700 1592 1611
f 1701 1702 1703
f 1403 1605 1604
f 1704 1563 1642
f 1705 1706 1707
f 1051 1708 1052
f 1709 1710 1711
f 1712 1619 1580
f 1606 1107 1118
f 1713 1675 1691
f 1714 1691 1715
f 1594 1716 1588
f 1667 1717 1589
f 1667 1589 1660
f 1603 1403 1604
f 1718 1719 1720
f 1712 1580 1661
f 1721 1594 1615
f 1036 1640 1037
f 1695 1676 1722
f 1698 1700 1611
f 1723 1698 1611
f 1724 1725 1726
f 1722 1727 1695
f 1728 1550 1644
f 1729 1730 1731
f 1036 1714 1640
f 1732 1733 1103
f 1732 1103 1734
f 1712 1661 1693
f 1611 1441 1665
f 1712 1693 1614
f 1732 1734 1735
f 1101 1733 1732
f 1736 1655 1643
f 1736 1643 1663
f 1737 1694 1698
f 1737 1680 1694
f 1060 1611 1665
f 1738 1533 1681
f 1738 1681 1699
f 1738 1699 1704
f 1735 1101 1732
f 1739 1663 1674
f 1101 1103 1733
f 1740 1101 1735
f 1721 1716 1594
f 1741 1723 1611
f 1051 1684 1708
f 1742 1680 1737
f 1739 1674 1673
f 1742 1737 1698
f 1742 1698 1723
f 1742 1723 1741
f 1742 1743 1680
f 1744 1673 1745
f 1746 1107 1606
f 1747 1743 1742
f 1748 1749 1669
f 1748 1669 1675
f 1748 1675 1714
f 1750 1101 1740
f 1714 1675 1713
f 1060 1665 1059
f 1751 1736 1663
f 1752 1742 1741
f 1753 1750 1740
f 1754 1747 1742
f 1714 1713 1691
f 1728 1712 1614
f 1755 1615 1533
f 1756 1742 1752
f 1757 1740 1735
f 1644 1403 1603
f 1060 1741 1611
f 1753 1104 1101
f 1753 1101 1750
f 1751 1663 1739
f 1756 1754 1742
f 1757 1735 1758
f 1754 1756 1752
f 1759 1666 1619
f 1759 1619 1712
f 1053 1682 1684
f 1744 1739 1673
f 1760 1752 1741
f 1761 1762 1530
f 1740 1757 1758
f 1761 1530 1532
f 1760 1741 1060
f 1653 1761 1532
f 1644 1712 1728
f 1763 1761 1653
f 1704 1642 1738
f 1752 1764 1754
f 1753 1740 1758
f 1765 1753 1758
f 1056 1760 1060
f 1766 1759 1712
f 1746 1606 1622
f 1767 1768 1769
f 1770 1746 1622
f 1771 1752 1760
f 1721 1772 1716
f 1773 1655 1736
f 1774 1682 1775
f 1666 1759 1766
f 1771 1776 1764
f 1771 1764 1752
f 1777 1758 1778
f 1777 1765 1758
f 1779 1780 1781
f 1782 1783 1784
f 1771 1760 1056
f 1033 1714 1036
f 1785 1775 1682
f 1786 1779 1781
f 1787 1788 1789
f 1712 1666 1766
f 1790 1791 1792
f 1793 1747 1754
f 1793 1754 1764
f 1794 1795 1796
f 1797 1721 1615
f 1798 1799 1800
f 1053 1684 1051
f 1801 1533 1738
f 1801 1738 1642
f 1776 1793 1764
f 1802 1746 1770
f 1803 1804 1749
f 1803 1749 1748
f 1805 1806 1807
f 1808 1803 1748
f 1808 1748 1714
f 1809 1810 1811
f 1812 1813 1814
f 1815 1816 1817
f 1818 1819 1820
f 1821 1822 1823
f 1762 1824 1530
f 1825 1721 1797
f 1826 1772 1721
f 1827 1655 1773
f 1818 1775 1785
f 1785 1682 1053
f 1828 1829 1830
f 1831 1822 1821
f 1802 1107 1746
f 1776 1832 1793
f 1833 1831 1821
f 1834 1835 1832
f 1834 1832 1776
f 1836 1755 1533
f 1837 1838 1839
f 1834 1840 1835
f 1841 1712 1644
f 1842 1843 1755
f 1844 1845 1838
f 1823 1833 1821
f 1846 1839 1840
f 1836 1533 1801
f 1847 1762 1761
f 1847 1761 1763
f 1848 1802 1770
f 1849 1846 1840
f 1778 1765 1777
f 1850 1851 1852
f 1853 1838 1837
f 1854 1840 1834
f 1854 1849 1840
f 1855 1819 1818
f 1856 1848 1770
f 1846 1837 1839
f 1857 1858 1859
f 1842 1755 1836
f 1860 1808 1714
f 1844 1838 1853
f 1861 1801 1642
f 1861 1642 1862
f 1863 1837 1846
f 1818 1774 1775
f 1841 1864 1865
f 1863 1853 1837
f 1866 1867 1868
f 1869 1854 1834
f 1869 1834 1776
f 1762 1870 1824
f 1803 1808 1860
f 1871 1872 1873
f 1818 1785 1053
f 1382 1666 1712
f 1874 1875 1876
f 1877 1863 1846
f 1878 1762 1847
f 1879 1880 1881
f 1860 1714 1033
f 1863 1882 1853
f 1883 1884 1885
f 1886 1878 1847
f 1887 1845 1844
f 1405 1104 1753
f 1458 1382 1712
f 1888 1863 1877
f 1846 1849 1854
f 1889 1890 1823
f 1891 1845 1887
f 1892 1893 1894
f 1771 1895 1776
f 1458 1712 1841
f 1896 1861 1862
f 1048 1818 1053
f 1897 1877 1846
f 1898 1899 1900
f 1901 1887 1844
f 1902 1903 1904
f 1905 1620 1666
f 1905 1161 1620
f 1822 1906 1907
f 1027 1860 1033
f 1908 1107 1802
f 1906 1822 1831
f 1909 1827 1910
f 1895 1771 1911
f 1912 1869 1776
f 1901 1844 1853
f 1913 1795 1794
f 1870 1762 1914
f 1915 1842 1836
f 1882 1901 1853
f 1916 1915 1836
f 1917 1908 1802
f 1843 1842 1915
f 1895 1869 1912
f 1918 1919 1920
f 1921 1922 1819
f 1882 1923 1901
f 1912 1776 1895
f 1848 1917 1802
f 1924 1104 1405
f 1925 1906 1831
f 1921 1819 1855
f 1378 1804 1803
f 1926 1927 1928
f 1929 1871 1873
f 1930 1888 1877
f 1931 1855 1932
f 1933 1934 1935
f 1888 1882 1863
f 1046 1818 1048
f 1379 1803 1860
f 1917 1848 1856
f 1936 1877 1897
f 1937 1871 1929
f 1938 1939 1940
f 1387 1917 1856
f 1924 1224 1104
f 1895 1854 1869
f 1424 1932 1855
f 1378 1803 1379
f 1424 1855 1818
f 1378 1827 1909
f 1897 1846 1854
f 1941 1856 1770
f 1484 1897 1854
f 1942 1943 1666
f 1942 1666 1382
f 1944 1945 1946
f 1925 1831 1833
f 1947 1948 1949
f 1950 1951 1952
f 1457 1382 1458
f 1953 1833 1823
f 1954 1955 1956
f 1957 1958 1959
f 1960 1753 1907
f 1161 1905 1666
f 1026 1379 1860
f 1890 1953 1823
f 1961 1655 1827
f 1962 1753 1960
f 1962 1440 1753
f 1843 1941 1755
f 113 1224 1924
f 1963 1953 1890
f 1964 1907 1906
f 1964 1960 1907
f 1963 1890 1889
f 1116 1107 1908
f 1965 1961 1827
f 1044 1818 1046
f 1854 1895 1966
f 1044 1424 1818
f 1967 1963 1889
f 1968 1963 1967
f 1969 1116 1908
f 1923 1891 1887
f 1923 1887 1901
f 1421 1188 1161
f 1970 1843 1915
f 1026 1860 1027
f 1971 1972 1973
f 1895 1911 1966
f 1411 1960 1964
f 1411 1416 1960
f 1974 1405 1753
f 1394 1891 1923
f 1975 1976 1977
f 1402 1871 1937
f 1978 1979 1980
f 1402 1981 1982
f 1458 1841 1865
f 1387 1908 1917
f 1440 1974 1753
f 1965 1827 1378
f 1983 1984 1985
f 1986 1906 1987
f 1986 1988 1906
f 1989 1990 1882
f 1991 1992 1983
f 1989 1882 1888
f 1930 1989 1888
f 1993 1964 1906
f 1969 1908 1387
f 1936 1930 1877
f 1993 1906 1988
f 1376 1981 1402
f 1994 1995 1996
f 1453 1989 1930
f 1116 1969 1387
f 1453 1930 1936
f 1416 1962 1960
f 1382 1943 1942
f 1997 1932 1424
f 1454 1936 1897
f 1405 113 1924
f 1377 1965 1378
f 1998 1999 2000
f 1992 2001 1984
f 1992 1984 1983
f 1453 1936 1454
f 1484 2002 1897
f 1833 1987 1925
f 1833 1986 1987
f 2003 1992 1991
f 1413 1856 1941
f 1413 1387 1856
f 1411 1964 1993
f 2004 1411 1993
f 1412 2004 2005
f 2006 2007 2008
f 91 1226 1225
f 2009 2010 2011
f 1472 1988 1986
f 1472 1412 1988
f 2012 2013 2014
f 1404 1405 1974
f 1472 1986 1833
f 1401 1402 1937
f 1401 1937 1929
f 1420 1161 1666
f 1043 1422 1424
f 1470 1953 1963
f 2015 2016 2017
f 1440 1962 1416
f 1468 2018 1379
f 1843 1413 1941
f 1470 1963 1968
f 1420 1666 1943
f 1484 1854 1966
f 1415 1440 1416
f 1492 1484 1966
f 1043 1424 1044
f 1493 1458 1865
f 1400 1470 1968
f 1475 1413 1843
f 1382 1381 1943
f 1491 1401 1929
f 1066 1379 1026
f 1066 1468 1379
f 1372 1482 1475
f 1412 1411 2004
f 1470 1472 1833
f 1440 1404 1974
f 2019 2020 2021
f 1393 1891 1394
f 1393 1400 1968
f 1372 1843 1970
f 1372 1475 1843
f 1434 1412 1472
f 2022 2023 2024
f 1456 2025 1990
f 1512 1514 2026
f 1380 1420 1943
f 1380 1943 1381
f 1456 1990 1989
f 1411 1414 1416
f 1512 2026 1391
f 2027 2028 2029
f 1431 1456 1989
f 1518 2030 1519
f 1432 1989 1453
f 1432 1431 1989
f 1515 1470 1400
f 1429 1188 1421
f 2031 1055 607
f 2032 2031 607
f 2032 607 475
f 2032 475 390
f 2033 2032 390
f 260 2033 390
f 2034 2033 260
f 99 2034 260
f 130 2034 99
f 2035 2036 2037
f 2038 2039 2040
f 2041 2042 2043
f 2044 2043 2045
f 2046 2041 2043
f 2046 2043 2044
f 2047 2048 2038
f 2049 2050 2051
f 2052 2053 2054
f 2037 2036 2055
f 2056 2057 2058
f 2059 2060 2061
f 2062 2057 2056
f 2063 2064 2065
f 2066 2045 2067
f 2068 2069 2070
f 2068 2070 2071
f 2066 2044 2045
f 2072 2044 2066
f 2046 2044 2072
f 2073 2074 2075
f 2059 2061 2076
f 2073 2075 2077
f 2078 2079 2080
f 2081 2073 2077
f 2082 2083 2084
f 2085 2086 2087
f 2085 2088 2086
f 2089 2069 2068
f 753 2081 2077
f 2090 2046 2072
f 2085 2091 2088
f 2092 2046 2090
f 2089 2040 2069
f 2093 2082 2084
f 2094 2095 2096
f 2097 2091 2085
f 2098 2040 2089
f 2097 2099 2091
f 2100 2101 2102
f 2103 2059 2076
f 2104 2105 2106
f 2107 2108 2109
f 2110 2066 2067
f 2110 2067 2111
f 2112 2094 2096
f 2110 2072 2066
f 2113 2114 2115
f 2116 2117 2118
f 2119 2099 2097
f 2119 2058 2099
f 2090 2072 2110
f 2120 2121 2098
f 2122 2123 2124
f 2125 2058 2119
f 2126 2127 2049
f 2125 2056 2058
f 2128 2077 2129
f 753 2077 2128
f 2130 2131 2132
f 2133 2134 2135
f 2136 2137 2138
f 2139 2140 2125
f 2141 2142 2143
f 2136 2092 2090
f 2144 2145 2120
f 2146 2092 2136
f 2139 2147 2140
f 2148 2149 2092
f 2150 2113 2115
f 2151 2152 2153
f 2078 2080 2147
f 2078 2147 2139
f 2154 2128 2129
f 2155 2127 2126
f 2154 2129 2156
f 2155 2157 2127
f 2158 2159 2160
f 2161 2162 2163
f 2144 2063 2145
f 2164 2136 2138
f 2165 2136 2164
f 2156 2166 2167
f 2168 2098 2089
f 2169 2154 2156
f 2170 2136 2165
f 2170 2146 2136
f 756 2128 2154
f 756 753 2128
f 2171 2063 2144
f 2172 2085 2087
f 2173 2155 2126
f 2172 2097 2085
f 2174 2160 2175
f 2158 2160 2174
f 2176 2177 2178
f 2179 2097 2172
f 2180 2167 2181
f 2170 2092 2146
f 2180 2156 2167
f 2170 2148 2092
f 2179 2119 2097
f 2182 2156 2180
f 2182 2169 2156
f 2183 2154 2184
f 2185 2154 2183
f 2185 756 2154
f 740 723 2186
f 2187 2188 2189
f 2190 2164 2191
f 2190 2165 2164
f 2179 2125 2119
f 2192 2170 2165
f 2192 2165 2193
f 2187 2189 2194
f 2064 2063 2171
f 2195 2182 2180
f 2170 2192 2190
f 2196 2125 2179
f 2170 2190 2197
f 2196 2139 2125
f 2198 2071 2199
f 758 756 761
f 2200 2201 2202
f 2198 2068 2071
f 2203 2139 2196
f 2204 2205 2206
f 2197 2190 2191
f 2200 2174 2175
f 2197 2191 2207
f 2208 2068 2198
f 2209 2170 2197
f 2210 2174 2200
f 2211 2212 2213
f 2214 2078 2139
f 2207 2215 2197
f 2216 2217 2218
f 2208 2089 2068
f 2219 2220 2221
f 2222 2223 2210
f 2224 2195 2180
f 2225 1234 2215
f 1235 1234 2225
f 2226 2227 2228
f 2229 2183 2230
f 2229 2185 2183
f 2231 2200 2202
f 2208 2168 2089
f 2232 2168 2208
f 2215 2207 2233
f 2234 2200 2231
f 2235 2225 2215
f 2233 2235 2215
f 2234 2210 2200
f 1237 2225 2235
f 2232 2098 2168
f 2236 2235 2233
f 2236 2233 2237
f 1237 2235 2236
f 2234 2222 2210
f 1238 1237 2236
f 2232 2120 2098
f 2238 2239 2240
f 2241 2120 2232
f 2242 2243 2244
f 2241 2144 2120
f 2245 2185 2229
f 2245 2229 2246
f 2247 2202 2248
f 2241 2171 2144
f 2249 2064 2171
f 2249 2171 2241
f 2247 2231 2202
f 2250 2234 2231
f 2251 2252 2253
f 2254 2064 2249
f 2255 2198 2199
f 2256 2234 2250
f 2255 2208 2198
f 2257 2203 2196
f 2258 2208 2255
f 2259 2260 2261
f 2262 2234 2256
f 2262 2222 2234
f 2263 2264 2265
f 2266 2222 2262
f 2267 2268 2269
f 2270 2271 2272
f 2245 2246 2273
f 2214 2139 2267
f 2274 2208 2258
f 2267 2078 2214
f 754 740 2186
f 2274 2232 2208
f 2275 2276 2277
f 2278 2087 2279
f 2256 2250 2280
f 2281 2232 2274
f 2282 2172 2087
f 2283 2245 2273
f 2284 2285 2286
f 2287 2232 2281
f 2287 2241 2232
f 2288 2248 2289
f 2290 2241 2287
f 2288 2247 2248
f 2291 2292 2293
f 2290 2249 2241
f 2294 2254 2249
f 2295 2296 2297
f 2298 2299 2300
f 2294 2064 2254
f 2294 2274 2258
f 2294 2281 2274
f 2301 2302 2303
f 2294 2287 2281
f 2294 2290 2287
f 2304 2256 2305
f 2294 2249 2290
f 2294 2255 2199
f 2304 2305 2306
f 2294 2258 2255
f 2307 2179 2282
f 2307 2196 2179
f 2308 2256 2304
f 2308 2262 2256
f 2307 2257 2196
f 2308 2309 2262
f 2310 2309 2308
f 2311 2309 2310
f 2311 2312 2309
f 2269 2257 2307
f 2313 2294 2199
f 2313 2199 2314
f 2315 2294 2313
f 2316 2294 2315
f 2317 2316 2315
f 2318 2319 2320
f 2321 2294 2316
f 2322 2294 2321
f 2304 2306 2323
f 2324 2321 2316
f 2325 2308 2304
f 2326 2294 2322
f 2278 2282 2087
f 2327 2328 2329
f 2330 2288 2289
f 2331 2328 2327
f 2314 2199 2332
f 2333 2282 2278
f 2334 2313 2314
f 2335 2336 2337
f 2338 2323 2306
f 2339 2313 2334
f 2339 2315 2313
f 2340 2341 2342
f 2325 2304 2343
f 2333 2307 2282
f 2339 2344 2315
f 2345 2307 2333
f 2267 2307 2345
f 2346 2347 2348
f 2349 2310 2308
f 2324 2316 2317
f 2267 2269 2307
f 2312 2310 2349
f 2312 2311 2310
f 2350 2321 2324
f 2351 2321 2352
f 2351 2322 2321
f 2353 2322 2351
f 2354 2326 2322
f 2355 2279 2356
f 2357 2358 2359
f 2355 2345 2333
f 2355 2333 2278
f 2355 2267 2345
f 2355 2278 2279
f 2355 2078 2267
f 2360 2078 2355
f 2361 2355 2356
f 2362 2363 2364
f 2365 2366 2367
f 2368 2369 2370
f 2371 2372 2373
f 2337 2336 2374
f 2375 2376 2377
f 2378 2379 2380
f 2065 2355 2381
f 2382 2355 2065
f 2070 2356 2383
f 2384 2356 2070
f 2385 2312 2349
f 2386 2312 2385
f 2339 2387 2344
f 2388 2356 2384
f 2389 2312 2386
f 2388 2361 2356
f 2390 2327 2329
f 2391 2392 2393
f 2390 2394 2327
f 2390 2395 2394
f 2354 2351 2352
f 2354 2353 2351
f 2396 2397 2398
f 2399 2294 2326
f 2400 2401 2402
f 2403 2404 2405
f 2406 2349 2400
f 2337 2339 2334
f 2407 2339 2337
f 2385 2349 2406
f 2408 2339 2407
f 2409 2386 2385
f 2410 2404 2403
f 2411 2339 2408
f 2412 2413 2414
f 2415 2416 2417
f 2418 2317 2419
f 2418 2324 2317
f 2418 2350 2324
f 2360 2355 2382
f 2420 2390 2329
f 2421 2352 2418
f 2326 2352 2421
f 2326 2354 2352
f 2070 2388 2384
f 2420 2422 2390
f 2423 2424 2070
f 2407 2337 2374
f 2425 2400 2402
f 2425 2406 2400
f 2039 2426 2423
f 2408 2419 2411
f 2427 2428 2429
f 2409 2385 2430
f 2431 2418 2419
f 2432 2386 2409
f 2421 2418 2431
f 2048 2426 2039
f 2047 2426 2048
f 2433 2420 2329
f 2434 2435 2436
f 2374 2408 2407
f 2437 2438 2439
f 2440 2402 2433
f 2440 2425 2402
f 2441 2419 2408
f 2442 2425 2440
f 2441 2431 2419
f 2442 2409 2425
f 2432 2409 2442
f 2423 2070 2069
f 2443 2442 2440
f 2443 2432 2442
f 2443 2386 2432
f 2443 2433 2329
f 2443 2440 2433
f 2444 2443 2329
f 2445 2443 2444
f 2446 2443 2445
f 2447 2443 2446
f 2448 2443 2447
f 2449 2443 2448
f 2450 2050 2451
f 2452 2443 2449
f 2453 2443 2452
f 2079 2443 2453
f 2454 2050 2450
f 2079 2386 2443
f 2454 2455 2050
f 2088 2329 2086
f 2088 2444 2329
f 2038 2048 2039
f 2091 2444 2088
f 2421 2431 2441
f 2099 2444 2091
f 2099 2445 2444
f 2099 2446 2445
f 1263 1261 1259
f 2099 2447 2446
f 2049 2451 2050
f 2055 2451 2049
f 2055 2450 2451
f 2456 2457 2458
f 2382 2065 2064
f 2058 2448 2447
f 2070 2383 2071
f 2036 2450 2055
f 2036 2454 2450
f 2057 2448 2058
f 2459 2460 2461
f 2057 2449 2448
f 2035 2421 2441
f 2035 2441 2036
f 2462 2463 2464
f 2140 2452 2449
f 2147 2452 2140
f 2465 2466 2467
f 2080 2452 2147
f 2080 2453 2452
f 2079 2453 2080
f 2040 2423 2069
f 2040 2039 2423
f 2468 2469 2470
f 1256 2471 718
f 2470 2472 2468
f 2473 2474 2475
f 2476 2477 2478
f 2479 2480 2481
f 2482 2475 2474
f 2482 2473 2475
f 2483 2484 2485
f 2486 2487 2488
f 2489 2490 2491
f 2492 2074 2493
f 2494 2486 2489
f 2495 2486 2494
f 2496 2497 2498
f 2492 2075 2074
f 2499 2500 2501
f 2495 2487 2486
f 2502 2503 2504
f 2505 2506 2507
f 2508 2509 2510
f 2511 2512 2513
f 2514 2515 2516
f 2517 2518 2519
f 2520 2521 2522
f 2491 2490 2523
f 2524 2525 2526
f 2527 2528 2529
f 2530 2531 2496
f 2532 2492 2493
f 2491 2494 2489
f 737 2533 739
f 2491 2495 2494
f 2534 2530 2533
f 2535 2508 2536
f 2534 2537 2530
f 2534 2533 2537
f 733 2533 737
f 2538 2508 2535
f 2509 2508 2538
f 2539 2540 2541
f 2536 2542 2509
f 2543 2544 2545
f 2536 2538 2535
f 2536 2509 2538
f 2546 2533 733
f 2547 1254 1252
f 2547 1255 1254
f 2548 2549 2546
f 2550 2543 2545
f 2549 2548 2551
f 2552 2553 2554
f 2555 2542 2536
f 2556 2557 2558
f 2556 2547 1252
f 2556 1252 1251
f 2559 2549 2551
f 729 2559 2551
f 2560 2559 729
f 2561 2557 2556
f 2562 2559 2560
f 2561 2556 1251
f 2560 729 728
f 2563 2561 1251
f 2563 2564 2561
f 2565 1248 1245
f 2566 2564 2563
f 2565 1245 1244
f 2567 2568 2560
f 2569 726 722
f 2569 728 726
f 2570 2565 1244
f 2571 2572 2568
f 2571 2567 2573
f 2574 2570 1244
f 2575 2576 2577
f 2568 2567 2571
f 2578 2570 2574
f 2579 2578 2574
f 2580 2573 722
f 2580 2571 2573
f 2579 2574 2581
f 2582 2571 2583
f 2584 2582 2583
f 2584 2571 2582
f 2572 2584 2583
f 2572 2571 2584
f 2580 722 721
f 2585 2237 2586
f 2236 1240 1238
f 2236 2587 1240
f 2572 2583 2588
f 2236 2237 2585
f 2589 2580 721
f 720 2589 721
f 2469 2468 2590
f 2564 2591 2561
f 2592 2593 2594
f 2595 2596 2597
f 2596 2598 2597
f 2599 2600 2601
f 2602 2603 2604
f 2605 2606 2607
f 1966 1911 2608
f 2597 2598 2609
f 2610 2611 2612
f 2613 2614 2615
f 1058 2616 2617
f 2562 2549 2559
f 1492 1966 2618
f 2605 2607 2619
f 1492 2618 2620
f 2619 2607 2621
f 1483 1492 2620
f 2501 2500 2622
f 2620 2618 2623
f 2562 2560 2624
f 2560 2568 2624
f 369 368 2625
f 2510 2509 2542
f 2626 2627 2628
f 2629 2630 2631
f 2632 2633 2634
f 2631 2630 2635
f 1483 2620 2636
f 2637 2568 2572
f 2638 2637 2572
f 2592 2639 2593
f 2593 2639 2640
f 2641 2642 2643
f 2644 2645 2646
f 2647 2631 2635
f 2647 2635 2648
f 2649 2591 2564
f 2599 2601 2650
f 2651 2652 2653
f 2653 2652 2654
f 2655 2656 659
f 2635 2630 2648
f 2549 2657 2546
f 1059 2658 1057
f 2659 2530 2537
f 1064 2660 1061
f 2657 2537 2533
f 2661 2662 2663
f 2657 2533 2546
f 2497 2496 2531
f 2663 2664 2665
f 2616 1058 1057
f 2530 2659 2531
f 2666 2667 2668
f 2034 2669 2670
f 2671 2672 2673
f 2674 2667 2666
f 2675 2676 2237
f 2034 2670 2676
f 2676 2586 2237
f 2677 2034 2676
f 2674 2666 2585
f 2676 2670 2586
f 130 659 2669
f 2586 2674 2585
f 2564 2566 2667
f 2566 2668 2667
f 2034 130 2669
f 2678 2675 2237
f 659 2656 2669
f 2679 2356 2279
f 2383 2679 2279
f 2680 2681 2682
f 2682 2681 2683
f 1047 2682 2683
f 2087 2086 2329
f 1047 2683 2684
f 1047 2684 2685
f 1045 1047 2686
f 2684 2687 2685
f 2686 1047 2685
f 2688 2686 2685
f 1045 2689 2690
f 2691 2692 2693
f 2694 2691 2693
f 1039 1045 2690
f 1039 2690 2695
f 2696 2697 2698
f 1035 1039 2695
f 2675 2678 2699
f 2202 2175 2160
f 2248 2202 2160
f 1035 2695 2700
f 2248 2160 2701
f 2699 2678 2204
f 1054 2699 2204
f 2701 2160 2702
f 1035 2700 2702
f 1054 2204 2206
f 2702 2160 2703
f 2160 2159 2704
f 1035 2702 2703
f 2194 2189 2705
f 1050 1054 2706
f 1054 2206 2706
f 2159 2707 2704
f 2708 2194 2705
f 1035 2703 1032
f 2173 2126 2709
f 2189 2708 2705
f 1050 2706 2710
f 2707 2711 2712
f 1049 1050 2710
f 1032 2703 2713
f 2704 2707 2712
f 1025 1032 2713
f 1025 2713 2662
f 2711 2714 2712
f 2662 2713 2715
f 2126 2049 2051
f 2716 2498 2717
f 1049 2710 2718
f 1049 2718 2719
f 2717 2498 2497
f 2662 2715 2664
f 2663 2662 2664
f 2720 2721 2722
f 1042 1049 2719
f 2723 2050 2051
f 2720 2722 2724
f 1042 2719 1041
f 2724 2332 2720
f 2725 1041 2719
f 2720 2332 2726
f 1041 2725 2727
f 1038 1041 2727
f 2726 2332 2199
f 1038 2727 2728
f 2728 2727 2729
f 2730 2728 2729
f 2071 2383 2731
f 2732 2733 2734
f 2680 2735 2736
f 2680 2736 2681
f 2679 2356 2383
f 2737 2738 2739
f 2740 2741 2742
f 2743 2744 2745
f 2746 2747 2748
f 2749 2750 2751
f 2752 2750 2749
f 2753 2752 2749
f 2754 2755 2756
f 2757 2758 2759
f 2760 2761 2762
f 2763 2764 2765
f 2766 2767 2768
f 2769 2770 2771
f 2772 2773 2774
f 2775 2772 2774
f 2776 2777 2778
f 2779 2780 2781
f 2779 2781 2782
f 2783 2775 2784
f 2785 2775 2783
f 2785 2786 2775
f 2787 2788 2789
f 2790 2786 2785
f 2791 2783 2784
f 2792 2779 2782
f 2793 2794 2795
f 2796 2791 2777
f 2793 2795 2797
f 2796 2777 2776
f 2793 2797 2798
f 2799 2798 2788
f 2799 2788 2787
f 2800 2786 2790
f 2800 2801 2786
f 2777 2791 2784
f 2802 2801 2800
f 2799 2793 2798
f 2803 2804 2805
f 2806 2807 2803
f 2793 2799 2808
f 2793 2808 2809
f 2810 2811 2812
f 2813 2793 2809
f 2771 2770 2814
f 2782 2781 2802
f 2815 2816 2817
f 2818 2819 2820
f 2821 2822 2823
f 2824 2821 2823
f 2825 2815 2817
f 2826 2827 2828
f 2829 2830 2831
f 2832 2829 2831
f 2833 2834 2835
f 2836 2837 2838
f 2839 2840 2841
f 2842 2843 2844
f 2839 2845 2840
f 2846 2847 2848
f 2849 2850 2851
f 2852 2853 2849
f 2854 2855 2856
f 2857 2858 2859
f 2860 2861 2862
f 2863 2864 2865
f 2866 2867 2868
f 2865 2869 2863
f 2870 2871 2872
f 2873 2874 2875
f 2876 2877 2878
f 2879 2880 2881
f 2879 2881 2876
f 2882 2883 2884
f 2885 2886 2887
f 2888 2889 2890
f 2891 2888 2890
f 2892 2888 2891
f 2893 2888 2892
f 2894 2895 2896
f 2894 2896 2897
f 2894 2897 2898
f 2899 2894 2898
f 2900 2901 2902
f 2903 2904 2905
f 2906 2905 2907
f 2906 2907 2908
f 2906 2908 2909
f 2906 2910 2911
f 2912 2906 2911
f 2913 2914 2915
f 2912 2916 2906
f 2917 2918 2919
f 2917 2912 2918
f 2920 2912 2917
f 2920 2916 2912
f 2920 2921 2916
f 2922 2923 2914
f 2924 2922 2914
f 2924 2914 2913
f 2925 2921 2920
f 2925 2926 2921
f 2927 2928 2929
f 2930 2926 2925
f 2931 2932 2913
f 2933 2931 2913
f 2934 2930 2925
f 2935 2936 2937
f 2938 2934 2925
f 2938 2939 2940
f 2938 2940 2934
f 2941 2942 2943
f 2941 2943 2944
f 2941 2939 2938
f 2941 2944 2939
f 1023 2945 2946
f 1021 2946 1022
f 1021 1023 2946
f 2947 2948 2949
f 2950 2951 2952
f 2953 2954 2953
f 2955 2956 2957
f 2958 2959 2960
f 2961 2962 2961
f 2963 2964 2965
f 2805 2966 2967
f 2968 2969 2970
f 2805 2967 2971
f 2972 2973 2974
f 2973 2975 2974
f 2975 2976 2974
f 2977 2953 2977
f 2977 2977 2978
f 2953 2953 2977
f 2979 2980 2981
f 2980 2982 2981
f 2982 2958 2981
f 2958 2960 2981
f 2983 2983 2984
f 2983 2961 2983
f 2961 2961 2983
f 2985 2986 2987
f 2986 2988 2987
f 2989 2990 2991
f 2992 2965 2964
f 2805 2776 2966
f 2966 2776 2993
f 2776 2994 2993
f 2995 2996 2997
f 2998 2999 3000
f 3001 3002 3003
f 3001 3003 3004
f 3005 3006 3007
f 3004 3003 3008
f 3009 2749 3010
f 3010 2749 2751
f 2777 3011 2778
f 3004 3008 3012
f 3013 3014 3015
f 3016 3017 3018
f 3017 3019 3018
f 2776 2778 2994
f 2778 3020 2994
f 3021 3022 3023
f 3024 3015 3014
f 2994 3015 3025
f 3015 3024 3025
f 3026 3024 3027
f 2994 3025 2993
f 3024 3014 3027
f 3028 3029 3030
f 3031 3032 3033
f 3034 3028 3030
f 3031 3033 3035
f 3036 3037 3038
f 2803 2805 2971
f 3039 2980 3040
f 2980 2979 3040
f 3041 3042 3043
f 3044 3045 3046
f 3047 3048 3047
f 3049 3050 3051
f 3052 3047 3047
f 3053 3054 3055
f 3056 3057 3058
f 2803 2971 3059
f 3060 3061 3062
f 3039 3040 3063
f 3064 3065 3066
f 3067 3031 3035
f 2803 3059 3068
f 3069 3070 3071
f 2803 3072 2806
f 2806 3072 3073
f 3074 3075 3076
f 3077 3078 3079
f 2807 2806 3080
f 2806 3073 3080
f 3080 3073 3081
f 2807 3080 3081
f 3032 3082 3033
f 3083 3029 3028
f 2803 2807 2804
f 3084 3081 3073
f 3001 3085 3002
f 3086 3087 3088
f 2796 3089 2791
f 3067 3035 3090
f 2784 3091 3092
f 3001 3093 3085
f 3094 3095 3096
f 2774 2773 3097
f 3098 3099 3100
f 2774 3097 3091
f 2774 3091 3101
f 2784 2775 3102
f 2775 3101 3102
f 3103 2754 2756
f 3104 3098 3100
f 3097 2773 3098
f 2773 3099 3098
f 3102 3101 2784
f 3105 3099 2773
f 3097 3098 3091
f 2775 2774 3101
f 3106 3107 2759
f 2784 3101 3091
f 3108 3109 3110
f 3111 3112 3113
f 3114 2783 2785
f 3114 2783 3115
f 2785 3114 3115
f 2785 3115 3116
f 3116 3115 2783
f 3116 2783 3117
f 3118 3119 3120
f 2785 3116 3121
f 2772 2786 2801
f 3105 3122 3099
f 2757 2759 3123
f 3107 3124 3123
f 2759 3107 3123
f 2775 2786 2772
f 2802 2781 2801
f 3122 3125 3126
f 3099 3122 3126
f 3127 3123 3124
f 3125 3128 3126
f 3129 3129 3130
f 3131 3108 3132
f 3130 3129 3130
f 3133 3134 3135
f 3136 3137 3138
f 3137 3139 3138
f 3140 3141 3140
f 3142 3143 3144
f 3144 3143 3145
f 3143 3146 3145
f 3147 3148 3147
f 3146 3149 3150
f 3130 3130 3151
f 3152 3146 3150
f 3153 3154 3153
f 3155 3132 3156
f 3132 3108 3156
f 3136 3157 3158
f 3159 3160 3161
f 3143 3162 3163
f 3129 3164 3129
f 3165 3166 3167
f 3109 3108 3131
f 3140 3140 3168
f 3136 3158 3137
f 3169 3170 3171
f 3144 3145 3172
f 3173 3174 3175
f 3176 3177 3178
f 3147 3147 3179
f 3180 3181 3182
f 3183 3184 3184
f 3184 3185 3184
f 3152 3150 3182
f 3153 3153 3186
f 3180 3182 3187
f 3182 3150 3187
f 3188 3189 3190
f 3156 3188 3190
f 3191 3192 3192
f 3193 3194 3195
f 3192 3151 3192
f 3155 3156 3190
f 3137 3196 3139
f 3197 3162 3143
f 3143 3163 3146
f 3146 3163 3149
f 3198 3199 3200
f 3201 3202 3201
f 3203 3204 3205
f 3206 3207 3208
f 3209 3210 2779
f 3211 3212 3213
f 3214 3215 3214
f 3199 3216 3217
f 3201 3201 3218
f 3200 3199 3217
f 3219 3220 3221
f 3211 3213 3222
f 3214 3214 3223
f 3222 3213 3224
f 3225 3226 3227
f 3228 3217 3216
f 2779 3210 3229
f 3230 2780 3231
f 2780 3206 3231
f 3231 3206 3208
f 3225 3227 3232
f 3227 3226 3233
f 3234 3235 3234
f 3125 3207 3236
f 3237 3238 3239
f 3234 3234 3240
f 3241 3242 3243
f 3244 3245 3246
f 3240 3234 3240
f 3216 3123 3247
f 3222 3224 3248
f 3249 3233 3226
f 3228 3216 3247
f 3250 3251 3250
f 3208 3207 3252
f 3252 3207 3125
f 2780 2779 3229
f 3253 3254 3255
f 3247 3123 3256
f 3250 3250 3257
f 3257 3250 3257
f 3258 3259 3260
f 3230 3231 3261
f 3262 3263 3264
f 3265 3252 3266
f 3267 3268 3269
f 3252 3125 3270
f 3266 3252 3270
f 3226 3271 3272
f 3240 3240 3273
f 3249 3226 3272
f 3274 3275 3274
f 3125 3236 3276
f 3253 3255 3277
f 3257 3257 3278
f 3279 3280 3279
f 3256 3123 3281
f 3258 3260 3282
f 2801 2781 2780
f 2780 3230 2801
f 3230 3261 2801
f 3283 3284 3285
f 3274 3274 3286
f 3261 3287 2801
f 3285 3272 3271
f 3125 3122 3266
f 3266 3270 3125
f 3125 3276 3288
f 3128 3125 3288
f 3123 3127 3289
f 3279 3279 3290
f 3291 3291 3292
f 3291 3278 3291
f 3281 3123 3289
f 2780 3229 3293
f 3294 3295 3296
f 3283 3285 3271
f 3297 3298 3199
f 3299 3300 3301
f 3302 3303 3304
f 3305 3306 3307
f 2780 3293 3308
f 3294 3296 3309
f 3310 3311 3312
f 3313 3314 3315
f 3221 3294 3219
f 3198 3297 3199
f 3294 3309 3219
f 3219 3309 3220
f 3316 3317 3318
f 3319 3320 3321
f 3322 3323 3324
f 3181 3180 3325
f 3326 3189 3188
f 3327 2802 2782
f 3322 3324 3327
f 3327 3324 2782
f 3328 3329 3330
f 3331 3332 3333
f 3334 3335 3336
f 3226 3225 3337
f 2779 2792 3338
f 2779 3338 3339
f 3340 3341 3342
f 3343 3344 3345
f 3346 3347 3348
f 3343 3345 3349
f 3350 3351 3352
f 2792 2782 3338
f 3353 3354 3355
f 3356 3357 3358
f 2769 2771 3359
f 2770 2769 3360
f 2771 2814 3359
f 3361 3362 3363
f 3360 3364 2770
f 3356 3358 3365
f 2769 3359 3366
f 2770 3364 3367
f 3368 2770 3367
f 3369 3370 3371
f 3372 2798 3373
f 3374 3375 3376
f 3377 3378 3379
f 3380 3377 3379
f 2799 3381 3382
f 2808 2799 3382
f 2787 3383 3384
f 2787 3384 2799
f 3384 3383 3385
f 3384 3385 3386
f 2799 3384 3386
f 3386 3385 3387
f 2788 2798 3388
f 2798 3372 3388
f 3389 3390 3391
f 3392 3393 3394
f 3395 3396 3397
f 2788 3388 3398
f 3399 3389 3400
f 2799 3401 3381
f 3389 3391 3400
f 2788 3398 3402
f 3403 3404 3386
f 3391 3390 3405
f 3386 3387 3403
f 3406 3407 3408
f 3391 3405 3409
f 2788 3402 3410
f 3411 2788 3410
f 3405 3412 3409
f 3411 3410 3402
f 3413 3414 3415
f 3416 3417 3418
f 3408 3407 3419
f 2789 2788 3420
f 3421 3411 3402
f 3422 3423 3424
f 3423 3425 3424
f 3426 3427 3428
f 3421 3402 3429
f 3430 3431 3432
f 3433 3434 3435
f 3436 3437 3438
f 3439 3440 3441
f 3420 3387 3383
f 3383 3387 3385
f 3420 3383 2789
f 3421 3429 3442
f 3443 3444 3445
f 2787 2789 3383
f 3404 3403 3446
f 3447 3448 3449
f 3450 3451 3452
f 3453 3454 3455
f 3456 3457 3458
f 3459 3460 3461
f 3462 2895 3463
f 3456 3458 3464
f 3463 2895 2894
f 3456 3464 3465
f 3462 3463 3466
f 2894 2899 3463
f 2849 2851 2852
f 3467 3468 3469
f 3462 3466 3470
f 3466 3463 3471
f 3470 3466 3471
f 3463 2899 3471
f 3472 3473 3474
f 3467 3469 3471
f 3471 2899 2905
f 3467 3471 3475
f 3475 3471 2904
f 3471 2905 2904
f 3467 3475 2916
f 2916 3475 2903
f 3475 2904 2903
f 2905 2906 2903
f 2906 2916 2903
f 3476 3477 3478
f 3479 3480 3481
f 3482 3476 3478
f 3482 3478 3483
f 3484 2846 2848
f 3485 3486 3487
f 3488 3489 3490
f 3491 3492 3493
f 3494 3476 3482
f 3494 3495 3476
f 3496 3497 3498
f 3499 3495 3494
f 3494 3482 2895
f 3499 3494 2895
f 3500 3501 3502
f 3503 3504 3505
f 3503 3505 3506
f 3503 3507 3504
f 3508 3509 3510
f 3484 2848 3511
f 3512 3513 3514
f 3483 3515 3482
f 3482 2897 2896
f 3482 2896 2895
f 3516 3517 3518
f 2921 2926 3519
f 3520 3516 3518
f 3521 3522 3523
f 2859 3524 2857
f 3525 3526 3527
f 3528 3529 3530
f 3515 3483 3531
f 3532 3533 3534
f 3531 3483 3535
f 3536 3537 3538
f 3514 3513 3539
f 2905 3540 3541
f 2906 2909 2910
f 3542 3543 3544
f 3545 3531 3535
f 3546 3547 3548
f 3549 3550 3551
f 3551 3550 3552
f 3553 3514 3539
f 3554 3555 3556
f 2907 2905 3541
f 3557 3558 3559
f 2907 3541 3560
f 3549 3551 3552
f 3545 3535 3561
f 3561 3535 3562
f 3563 3564 3565
f 3566 3567 3568
f 3561 3562 3569
f 3554 3556 3570
f 3571 3572 3573
f 2907 3560 2908
f 3574 3575 3576
f 3566 3568 3577
f 3578 3579 3580
f 3581 3582 3583
f 3576 3575 3584
f 3552 3550 3585
f 3586 3587 3588
f 3589 3590 3591
f 3592 3593 3594
f 3571 3573 2911
f 2910 3571 2911
f 3595 3596 3597
f 3598 3599 3600
f 3601 3602 3603
f 3604 3605 3606
f 3595 3597 3607
f 3608 3609 3610
f 2912 2911 3611
f 3612 3576 3584
f 2940 2939 2944
f 3613 3614 3615
f 3613 3615 3616
f 3617 3618 3619
f 3620 3621 3622
f 3611 3623 3624
f 3624 3623 3625
f 3626 2832 3627
f 2933 2913 3628
f 2875 3629 2873
f 3630 3631 3632
f 3633 3634 3635
f 3636 3636 3637
f 3638 3633 3635
f 3639 3640 3639
f 3641 2830 3642
f 2919 3643 2917
f 2917 3643 3644
f 3638 3635 3645
f 3639 3639 3646
f 3642 2830 3647
f 3648 3642 3647
f 2918 2912 3649
f 2912 3611 3649
f 3611 3624 3625
f 3650 3651 3652
f 3638 3645 3653
f 3654 3638 3653
f 3648 3647 3655
f 3656 3657 3656
f 3611 3625 3649
f 3658 3659 3660
f 3650 3652 3661
f 3654 3653 3662
f 3663 3664 3665
f 3656 3656 3666
f 3666 3656 3666
f 3655 3647 3667
f 2918 3649 3668
f 3669 3670 3671
f 3627 2832 2831
f 3672 3673 3674
f 3675 3676 3677
f 3666 3666 3678
f 3663 3665 3679
f 3680 3681 3682
f 3683 3684 3683
f 2920 2917 3644
f 3685 2918 3668
f 3668 3686 3687
f 2918 3685 3633
f 3633 3685 3668
f 3688 3689 3690
f 3687 3686 3691
f 3692 3693 3692
f 3663 3679 3694
f 3683 3683 3695
f 3675 3677 3696
f 3697 3678 3697
f 3698 3699 3700
f 3701 2831 2830
f 3668 3687 3702
f 3687 3691 3702
f 3703 3692 3703
f 3692 3692 3703
f 3663 3694 3704
f 3705 3701 2830
f 3697 3697 3706
f 3707 3695 3707
f 3708 3700 3699
f 3644 3643 2920
f 2920 3643 3709
f 2919 2918 3633
f 3710 3711 3712
f 3711 3713 3712
f 3714 3714 3715
f 3699 3716 3717
f 3707 3707 3714
f 3714 3707 3714
f 3717 3708 3699
f 3633 3668 3718
f 3668 3702 3718
f 3719 3703 3719
f 3703 3703 3719
f 3705 2830 3720
f 3633 3718 3634
f 3719 3719 3636
f 3636 3719 3636
f 3641 3720 2830
f 2919 3633 3643
f 1022 2938 2925
f 3721 1013 1012
f 1013 3721 3722
f 3723 3724 3709
f 3709 3724 2920
f 2941 2938 1022
f 3725 3726 3727
f 2878 2877 2873
f 3728 3729 3730
f 3728 3730 3731
f 2879 2876 2878
f 3732 2882 2884
f 3733 3734 3735
f 3735 3734 3736
f 2913 2915 3730
f 3730 2915 3737
f 3737 3738 3739
f 3740 3741 3742
f 3743 3744 3745
f 3737 3739 3730
f 3746 3736 3734
f 3730 3739 3747
f 3748 3746 3734
f 3730 3747 3731
f 3749 3750 3751
f 3734 3752 3748
f 3753 3754 3755
f 3756 3757 3758
f 3759 3760 3761
f 3762 3763 3764
f 1019 1018 2937
f 1022 2946 2942
f 1022 2942 2941
f 2935 2937 1018
f 3765 3766 3767
f 3768 3769 3770
f 3771 3772 3773
f 3774 3775 3776
f 3777 3778 3779
f 3780 3781 3782
f 3783 3784 3785
f 3786 3787 3788
f 3789 3790 3791
f 2890 3792 2891
f 3793 2922 3794
f 2922 3795 3794
f 3793 3794 3796
f 3796 3794 3797
f 3794 3795 3798
f 3794 3798 3799
f 2922 3767 3800
f 3801 3794 3799
f 3767 3802 3800
f 3799 3798 3795
f 3803 3804 3805
f 3806 3807 3808
f 3809 3810 3811
f 3811 3812 3809
f 2922 3793 3767
f 3767 3793 3813
f 3793 3796 3813
f 3796 3797 3813
f 3801 3799 3814
f 3799 3795 3814
f 3815 3801 3814
f 2923 2922 3800
f 3816 2923 3800
f 3802 3816 3800
f 3767 3813 3765
f 3817 3818 3819
f 3820 3821 3822
f 3823 3824 3825
f 3826 3827 3828
f 3829 3830 3831
f 3815 3814 3832
f 3832 3814 3769
f 3769 3814 3775
f 3768 3832 3769
f 3769 3775 3774
f 2922 2924 3833
f 2924 3834 3833
f 3835 3836 3836
f 3837 3838 3839
f 3836 3840 3836
f 2825 3841 3842
f 3843 3844 3845
f 3846 3847 3848
f 2937 2936 3849
f 3850 3851 3852
f 3853 2933 3854
f 2931 2933 3853
f 3855 3856 3857
f 3858 3856 3855
f 2931 3859 2932
f 3859 3860 2932
f 3861 3862 3863
f 3864 3865 2913
f 2932 3866 2913
f 2913 3866 3864
f 2931 3853 3860
f 3853 3854 3860
f 3865 3864 3867
f 3864 3868 3867
f 3861 3863 3869
f 3870 3871 3872
f 3873 3874 3846
f 3875 3876 3877
f 2931 3860 3859
f 3846 3874 3847
f 3878 3867 3868
f 3879 3880 3862
f 3862 3880 3863
f 3881 1635 3882
f 3883 3881 3882
f 3883 3884 3881
f 3884 1638 1637
f 3885 3886 3887
f 3888 3889 1624
f 3881 1637 1635
f 3890 3887 3886
f 3881 3884 1637
f 3891 1624 3889
f 3891 3889 3892
f 1315 1283 1316
f 3891 3892 3893
f 3891 3894 1624
f 3895 3894 3891
f 3894 1558 1624
f 1541 1558 3894
f 3896 3891 3893
f 3897 3898 3899
f 3900 3894 3895
f 3900 1541 3894
f 1516 1541 3900
f 3901 3902 3903
f 3900 1189 1516
f 3904 3902 3901
f 1190 1189 3900
f 3905 3901 3906
f 3907 3908 3909
f 3901 3905 3904
f 3910 3911 3912
f 3913 3914 3915
f 3916 1294 1293
f 3913 3917 3914
f 3918 1823 1822
f 3919 3920 3921
f 3922 1207 1206
f 3923 3924 3925
f 3926 3927 3928
f 1305 1303 1301
f 3907 3909 3929
f 3905 3930 3904
f 3931 1294 3916
f 3931 3932 1294
f 3918 1907 3933
f 3934 3935 3936
f 3918 1822 1907
f 3937 3938 3939
f 1103 1207 1734
f 3940 3937 3939
f 3940 3938 3937
f 3941 1301 1300
f 3940 3939 3942
f 3943 3944 3945
f 3946 1298 1294
f 3947 3948 3949
f 3918 3950 3945
f 3943 3945 3950
f 3943 3950 3918
f 3951 1758 1735
f 3932 3946 1294
f 3918 3951 3943
f 3951 3918 3933
f 3952 3953 3954
f 3933 1758 3951
f 3955 3956 3957
f 3934 3936 3958
f 3959 3960 3961
f 3962 3963 3964
f 3965 3966 3967
f 3968 3969 3970
f 3971 342 279
f 3972 3973 3974
f 3969 3968 3975
f 3976 3959 3961
f 3977 3972 3974
f 3978 1369 3979
f 3980 3967 3981
f 3980 3965 3967
f 3960 1370 3961
f 306 3982 3983
f 3984 3977 3974
f 3983 3965 3980
f 3983 3980 3985
f 3986 3984 3974
f 3987 3988 3989
f 3990 3983 165
f 3990 306 3983
f 165 306 3990
f 3961 1370 1369
f 3978 3961 1369
f 3991 3992 3993
f 3991 3994 3992
f 3995 3996 3985
f 3997 3998 3999
f 4000 3993 3992
f 101 3996 3995
f 4001 4002 4003
f 3993 3994 3991
f 101 165 3996
f 4004 3994 3993
f 102 101 3995
f 3996 3983 3985
f 3979 1369 1368
f 165 3983 3996
f 3994 3985 3980
f 3994 3980 3992
f 4005 4006 4007
f 4007 4006 4008
f 4009 4010 4011
f 4012 4007 4008
f 4013 4010 4009
f 4012 4008 4014
f 4015 4016 4017
f 4018 4012 4014
f 3995 4019 102
f 4018 4014 4020
f 4021 1354 1353
f 4022 4023 4024
f 4025 4026 4027
f 981 980 1466
f 1113 981 1466
f 4028 4021 1353
f 4029 4030 4031
f 4032 4024 4023
f 4033 4031 4034
f 4033 4029 4031
f 4035 4036 4037
f 4038 1352 1351
f 4038 4039 1352
f 4032 4023 4040
f 4041 4042 4043
f 4044 4045 4046
f 4047 4048 4049
f 4042 4050 4043
f 4033 4034 4051
f 700 57 695
f 4052 4053 1333
f 4052 1333 1332
f 4052 4054 4053
f 4053 4054 4055
f 4056 4057 4058
f 4059 4060 4061
f 625 4062 4063
f 4064 4062 4065
f 4066 4063 4062
f 4066 4062 4064
f 640 625 4063
f 640 4063 4066
f 4067 640 4066
f 4068 4055 4069
f 4070 4066 4064
f 4067 4066 4071
f 4072 4067 4071
f 4073 4070 4064
f 4074 4075 4076
f 4054 4069 4055
f 4058 4057 4077
f 4078 471 4079
f 4080 1216 1213
f 4081 4082 4083
f 4084 4085 4086
f 4087 4088 4089
f 4090 4091 4092
f 4062 625 1216
f 4080 4062 1216
f 4065 4062 4093
f 4094 449 4095
f 4096 4097 4098
f 4079 471 449
f 4099 1319 1349
f 4100 4101 4102
f 540 4103 4104
f 4105 4104 4106
f 4105 540 4104
f 4105 4107 540
f 4108 540 4107
f 4108 4107 4105
f 4109 1349 1347
f 482 540 4108
f 4110 4111 4112
f 4113 4105 4114
f 4113 4108 4105
f 4113 448 482
f 4113 482 4108
f 349 448 4113
f 449 349 4113
f 4115 4113 4114
f 4116 4110 4112
f 4117 4118 4119
f 449 4113 4115
f 4095 4115 4114
f 4120 1347 1346
f 449 4115 4095
f 4121 4122 4123
f 4124 4104 4103
f 4125 4126 4127
f 4128 4129 4130
f 4131 4132 4133
f 1281 4134 4135
f 1280 1281 4135
f 4136 4137 4135
f 1280 4135 4137
f 4138 4139 4140
f 4138 4141 4139
f 4142 4143 4144
f 4145 4141 4139
f 4146 4147 4148
f 4149 4143 4142
f 4143 4150 4144
f 4146 4151 4152
f 4151 1281 4152
f 4147 4146 4152
f 1370 4153 1367
f 4152 1281 1279
f 4154 4152 1279
f 4155 4156 4157
f 4158 4159 4160
f 4161 4162 4160
f 4159 4161 4160
f 4158 4160 4163
f 4158 4163 4164
f 4163 4160 4164
f 1270 1269 4165
f 4166 4167 4168
f 4169 4170 4171
f 4172 4173 4174
f 4171 4170 4175
f 4176 4171 4175
f 4177 4178 4179
f 4180 4181 4182
f 4183 4184 4185
f 4186 4187 4170
f 4188 4189 4190
f 4175 4170 4176
f 4191 4192 4193
f 4194 4195 4196
f 4197 4198 4199
f 4189 4200 4190
f 4169 4187 4186
f 4169 4186 4170
f 4201 4202 4203
f 1330 4204 4205
f 4201 4203 4206
f 1330 4205 1331
f 1321 4207 1322
f 4208 4209 4210
f 4211 4212 4213
f 4214 4215 4216
f 4217 4218 4219
f 1327 4220 1328
f 4221 4222 4223
f 4224 4221 4223
f 4225 4226 1321
f 4224 4223 4227
f 1320 4225 1321
f 1285 4228 4229
f 1285 4229 1282
f 4230 4231 4232
f 4233 4234 4235
f 1290 1289 4236
f 4237 1290 4236
f 4238 1292 1291
f 4239 4238 1291
f 4240 4241 4242
f 4237 4236 4243
f 4244 4245 4246
f 4247 4248 4249
f 1287 1286 4250
f 1287 4250 4251
f 4252 1287 4251
f 4253 4254 4255
f 4256 4257 4258
f 4259 4260 4261
f 4262 1288 1292
f 4263 1747 4264
f 4265 4263 4264
f 4256 4266 4257
f 4267 4268 4269
f 1680 4265 4264
f 1747 4263 1743
f 4270 4271 4272
f 1743 4263 4265
f 4256 4273 4266
f 4274 4275 4276
f 1680 1743 4265
f 3890 4277 3887
f 1635 4278 3882
f 4254 4279 4255
f 4280 4281 4282
f 4283 4251 4250
f 4279 4254 4284
f 1286 4285 4250
f 4283 4250 4285
f 4283 4286 4251
f 4283 4285 1286
f 4287 4288 4289
f 4283 1286 1288
f 4290 4291 4292
f 4293 4294 4295
f 4296 4297 4298
f 4299 4300 4301
f 4302 4303 4304
f 4305 4306 4307
f 4308 4309 4310
f 4308 4310 4311
f 1838 1839 4312
f 4312 4313 4309
f 4314 4302 4315
f 4316 4317 4318
f 4319 4320 4321
f 4308 4303 4302
f 4322 4314 4323
f 1839 4309 4308
f 1839 4312 4309
f 1839 4308 1840
f 4324 4302 4314
f 4322 4324 4314
f 4324 4308 4302
f 4324 1840 4308
f 1793 4325 1747
f 1832 4325 1793
f 1835 1840 4324
f 1835 4324 4322
f 4326 4325 1832
f 4221 4052 4222
f 4327 4052 4221
f 4054 4052 4327
f 4328 700 4329
f 4330 4331 4332
f 4328 4333 700
f 4329 4333 4328
f 4334 4335 4336
f 701 4333 4329
f 4226 4337 4338
f 701 700 4333
f 4226 4225 4337
f 4339 701 4329
f 4340 701 4339
f 4341 4342 4343
f 4344 4345 4346
f 4347 4226 4338
f 4348 4349 4350
f 4351 4352 4353
f 4354 4355 4356
f 4357 4358 4359
f 4360 15 14
f 4361 701 4340
f 4362 4363 4364
f 4365 4366 4348
f 4367 4368 4369
f 4367 4370 4368
f 4371 4348 4350
f 4372 4371 4373
f 4374 4362 4365
f 47 4363 4362
f 47 30 4363
f 4365 4348 4371
f 4375 4365 4371
f 4375 4371 4372
f 4374 4365 4375
f 4372 4373 4376
f 47 4362 4374
f 47 4374 27
f 4377 4376 27
f 4377 4372 4376
f 4377 4375 4372
f 27 4374 4375
f 27 4375 4377
f 4378 4379 4380
f 4373 27 4376
f 4381 4203 4202
f 4382 1331 4205
f 4382 4383 1331
f 4384 4383 4382
f 4381 4385 4203
f 4386 4203 4385
f 4387 4386 4385
f 4388 4385 4381
f 4388 4387 4385
f 4388 4386 4387
f 4389 4390 4391
f 4392 4390 4389
f 641 4392 4389
f 654 2 4393
f 4394 4395 4396
f 654 4390 4392
f 4397 4398 4399
f 654 4392 641
f 4400 4401 4402
f 627 4397 4399
f 627 4398 4397
f 4403 4388 4381
f 627 4399 4404
f 4103 4405 4124
f 619 627 4404
f 4406 4407 4408
f 4403 4381 4409
f 4410 4403 4409
f 4411 4412 4413
f 612 619 572
f 4414 4415 4416
f 611 612 572
f 572 597 611
f 4417 4418 4419
f 4420 4421 4422
f 4423 4424 4425
f 4426 4427 4428
f 4429 4430 4431
f 4432 4433 4434
f 4435 4436 4437
f 4438 4439 4440
f 4441 4442 4443
f 4444 795 794
f 4445 4446 4447
f 4448 4449 4450
f 4451 4452 4453
f 4454 4455 4456
f 4457 4458 4459
f 4460 4461 4462
f 4463 4464 4465
f 4466 4467 4468
f 4469 4470 4471
f 4472 4473 4474
f 4475 4476 4477
f 4478 4479 4480
f 4481 4482 4483
f 4484 4485 4486
f 4487 4488 4489
f 4490 4481 4483
f 4491 4492 4493
f 4494 4495 4496
f 4497 4498 4499
f 4500 4501 4502
f 4503 4504 4505
f 4506 4507 4508
f 4509 1086 1091
f 4510 4511 4509
f 4512 4509 1091
f 4513 4514 4511
f 4513 4511 4510
f 4515 4516 4517
f 4515 4518 4516
f 4519 4514 4513
f 713 712 4520
f 4521 4509 4512
f 4521 4510 4509
f 4522 4513 4510
f 4522 4510 4523
f 4522 4519 4513
f 1091 4521 4512
f 713 4520 4524
f 4525 4521 1091
f 4526 4522 4523
f 4527 4528 4529
f 4530 4522 4526
f 706 705 4528
f 4531 4532 4533
f 706 4528 4527
f 4534 4535 4536
f 4537 1091 1090
f 706 4527 4538
f 4539 4540 4541
f 4542 4543 4544
f 4545 4546 4547
f 4548 4549 4550
f 4551 4552 4553
f 4554 4555 4556
f 4557 4537 1090
f 4558 1085 1092
f 4559 4537 4557
f 4560 4561 4562
f 4563 4564 4565
f 4566 4567 4568
f 4569 4570 4571
f 4572 4572 4573
f 1087 4557 1090
f 4574 4575 4576
f 4577 4578 4579
f 4580 4569 4571
f 4581 4572 4572
f 4582 4583 4584
f 4585 4558 1092
f 4586 4587 4588
f 4585 1092 1093
f 4589 4590 4585
f 4591 4592 4593
f 4589 4585 1093
f 4594 4595 4596
f 4597 4598 4599
f 4600 4601 4602
f 4603 4604 4605
f 1115 1117 4606
f 4607 4608 4609
f 4610 4611 4612
f 4605 4604 4613
f 4614 4615 4616
f 4617 4618 4618
f 4619 4620 4619
f 4621 4622 4623
f 4624 4622 4621
f 4625 4619 4619
f 4626 4627 4628
f 4629 4630 4631
f 4632 4633 4634
f 4632 4635 4633
f 4636 4637 4638
f 4639 4640 4636
f 4641 4642 4643
f 4644 4645 4646
f 4647 4639 4636
f 4647 1111 4639
f 4648 4649 4650
f 4651 4652 4653
f 4654 4624 4621
f 4655 4656 4655
f 4657 4658 4659
f 4647 4636 4638
f 4660 4612 4611
f 4606 1114 1115
f 4661 4651 4653
f 4662 4655 4655
f 4663 4657 4659
f 4664 4665 4664
f 1111 4647 4638
f 4666 4667 3585
f 4668 4669 4670
f 4671 4664 4664
f 4672 4657 4663
f 4673 4660 4611
f 1122 1111 4638
f 4674 4675 4676
f 4677 1114 4606
f 1122 1118 1111
f 4677 4606 4678
f 1114 4677 1108
f 4679 4668 4670
f 4680 4681 4682
f 1122 4638 4683
f 4684 4667 4666
f 4685 4611 4686
f 4685 4673 4611
f 4687 1108 4677
f 4687 4677 4678
f 4666 3585 3550
f 4688 4689 4690
f 4691 4692 4693
f 4694 4695 4696
f 4697 4678 4698
f 4697 1108 4687
f 4697 4687 4678
f 4698 1108 4697
f 4699 4700 4701
f 4702 4703 4704
f 4705 4706 4705
f 4688 4690 4707
f 4708 4709 4710
f 4711 4692 4691
f 1106 1108 4698
f 4712 4702 4704
f 4713 4714 4713
f 4715 4705 4705
f 4615 4716 4616
f 4620 4713 4713
f 4618 4715 4618
f 4717 4718 4719
f 4720 4721 4722
f 4710 4709 4723
f 4720 4722 4724
f 4725 4726 4726
f 4727 4728 4729
f 4730 4731 4732
f 4733 4734 4733
f 4735 4731 4730
f 4736 4737 4737
f 4738 4739 4740
f 4741 4742 4741
f 4743 4739 4744
f 4745 4746 2830
f 4747 4748 4748
f 4747 4748 4747
f 4749 4750 4751
f 4749 4752 4750
f 4753 4754 4755
f 4756 4757 4758
f 4759 4760 4761
f 4762 4763 4764
f 4765 4766 4767
f 4768 4769 4768
f 4770 4766 4765
f 4771 4772 4773
f 4774 4775 4774
f 4776 4777 4778
f 4779 4772 4771
f 4780 4733 4733
f 4781 4782 4783
f 4784 4785 4784
f 4786 4735 4730
f 4787 4788 4789
f 4786 4730 4790
f 4791 4736 4791
f 4792 4741 4741
f 4793 4794 4795
f 4796 4768 4768
f 4793 4797 4794
f 4798 4799 4800
f 4801 4743 4802
f 4801 4803 4743
f 4796 4768 4796
f 4804 4770 4765
f 4805 4774 4774
f 4806 4770 4804
f 4805 4774 4805
f 4807 4745 2830
f 4808 4747 4747
f 4809 4779 4771
f 4808 4747 4808
f 4809 4771 4810
f 4811 4753 4755
f 4812 4784 4784
f 4813 4749 4751
f 4814 4815 4814
f 4813 4751 4816
f 4817 4818 4817
f 4819 4820 4821
f 4822 4823 4824
f 4757 4756 4825
f 4819 4826 4820
f 4827 4786 4790
f 4828 4776 4778
f 4829 4791 4791
f 4829 4791 4829
f 4830 4793 4795
f 4831 4798 4800
f 4830 4795 4832
f 4833 4801 4802
f 4834 4796 4834
f 4835 4836 4837
f 4834 4796 4796
f 4838 4831 4800
f 4839 1195 4803
f 4840 4804 4841
f 4840 4806 4804
f 4842 4805 4842
f 4842 4805 4805
f 4843 4831 4838
f 4844 4807 2830
f 4845 4846 4845
f 4847 4834 4834
f 4848 4808 4808
f 4848 4808 4848
f 4849 4810 4850
f 4849 4809 4810
f 4851 4814 4814
f 4852 4813 4816
f 4853 4812 4853
f 4854 4855 4856
f 4852 4816 4857
f 4858 4841 4859
f 4860 4817 4817
f 4861 4811 4861
f 4858 4840 4841
f 4862 4863 4864
f 4865 4842 4842
f 4865 4842 4865
f 4862 4864 4866
f 4867 4849 4850
f 4867 4850 4868
f 4869 4853 4853
f 4870 4871 4872
f 4873 4851 4873
f 4870 4872 4874
f 4875 4829 4829
f 4876 4877 4878
f 4830 4832 4879
f 1105 4880 1102
f 4854 4856 4881
f 4839 4882 1195
f 4883 4884 4885
f 4883 4885 4886
f 4887 4848 4848
f 4888 4889 4888
f 4890 4852 4857
f 4891 4852 4890
f 4892 3667 3647
f 4893 4860 4893
f 4894 4861 4861
f 4895 4843 4838
f 4862 4866 4896
f 4897 4847 4897
f 4898 4845 4845
f 4899 4858 4859
f 4900 4865 4865
f 4901 4858 4899
f 4902 4874 4903
f 4902 4870 4874
f 4900 4865 4900
f 4904 4876 4878
f 4905 4867 4868
f 4906 4907 4906
f 4830 4879 4908
f 4909 4867 4905
f 4910 4873 4873
f 4854 4881 4911
f 4912 4913 4892
f 4912 4892 3647
f 4914 4897 4897
f 4915 4916 2829
f 4914 4897 4914
f 4917 4887 4917
f 4918 4888 4888
f 4919 4891 4890
f 4920 4893 4893
f 4921 4901 4899
f 4921 4899 4922
f 4919 4890 4923
f 4924 4900 4900
f 4920 4893 4920
f 4925 4926 4925
f 4927 4862 4896
f 4928 2829 2832
f 4928 4915 2829
f 4929 4930 4931
f 4932 4905 4933
f 4932 4909 4905
f 4934 4862 4927
f 4935 4854 4911
f 4936 4910 4936
f 4937 4938 4937
f 4939 4917 4917
f 4940 4915 4928
f 4939 4917 4939
f 4941 4919 4923
f 4942 4902 4903
f 4943 4906 4906
f 4942 4903 4944
f 4945 4946 4945
f 4743 1211 1102
f 4947 4920 4920
f 4948 4919 4941
f 4949 4950 3647
f 4951 4934 4927
f 4952 4953 4952
f 4954 4914 4914
f 4955 4921 4922
f 4830 4908 4956
f 4957 4958 4957
f 4959 4921 4955
f 4960 4925 4925
f 4961 4932 4933
f 4962 4937 4937
f 4963 4934 4951
f 4960 4925 4960
f 4964 4932 4961
f 4965 4966 4965
f 4967 4942 4944
f 4968 4936 4936
f 4968 4936 4968
f 4854 4935 4969
f 1187 1195 4882
f 1187 4882 4839
f 4970 4942 4967
f 4971 4945 4945
f 4972 4973 4974
f 4975 4943 4975
f 1187 4839 4976
f 4977 4949 3647
f 4978 4957 4957
f 4979 4980 4981
f 4982 4928 2832
f 4982 4940 4928
f 4983 4984 4983
f 4978 4957 4978
f 4985 4939 4939
f 4986 4959 4955
f 4983 4983 4987
f 4988 4989 4990
f 4991 4992 4993
f 4994 4941 4995
f 4994 4948 4941
f 4996 4996 4997
f 4996 4952 4996
f 4996 4952 4952
f 4607 4963 4951
f 4607 4951 4998
f 4999 4959 4986
f 4607 4998 4608
f 5000 4960 4960
f 5001 4965 4965
f 5002 5003 5004
f 5005 4607 4609
f 5005 4970 4967
f 5006 5007 5006
f 5005 5008 4607
f 5009 4964 4961
f 5005 4967 5008
f 5010 4975 5010
f 5010 4975 4975
f 5010 5010 5011
f 5012 5013 5014
f 5015 4964 5009
f 5012 4976 5013
f 5012 1187 4976
f 4734 4968 4968
f 4726 5016 4726
f 5017 5018 5019
f 5020 5021 5022
f 4731 5023 4732
f 5024 5025 5026
f 4737 5027 4737
f 4739 1102 4740
f 4743 1102 4739
f 4803 1195 1211
f 4803 1211 4743
f 2830 4977 3647
f 5028 4978 4978
f 4746 4977 2830
f 4750 4999 4986
f 4748 5029 4748
f 4752 4999 4750
f 5030 5006 5006
f 5031 5015 5009
f 5032 5033 5034
f 5035 5036 5037
f 5038 5039 5040
f 5041 5042 5043
f 1122 4683 5044
f 5045 5046 5047
f 5048 5036 5035
f 5049 5050 1193
f 5051 5052 5053
f 5054 1122 5044
f 5055 5056 5055
f 5057 4679 4670
f 5058 5059 5060
f 5041 5061 5042
f 5041 5062 5061
f 5063 5064 5065
f 5066 5055 5055
f 1105 1104 89
f 1105 89 5067
f 5068 4767 4766
f 5069 5070 5071
f 5072 5073 5074
f 5075 5076 5077
f 5078 763 762
f 5079 5080 5081
f 5081 5082 5079
f 1105 5067 4880
f 2853 2850 2849
f 1202 1193 5050
f 1194 1193 1202
f 5083 5084 5085
f 5086 5087 5088
f 5089 5090 5091
f 5092 5093 5094
f 5095 5096 5097
f 5098 5099 5100
f 1109 1096 1095
f 1109 1095 5101
f 5102 5103 5104
f 5105 5106 5107
f 5106 5108 5107
f 5109 1006 1008
f 5110 5111 5111
f 5112 5113 2869
f 5114 5115 5116
f 5117 5118 5117
f 5119 1109 5115
f 5120 2869 5121
f 5120 5112 2869
f 5122 5117 5117
f 5123 5115 5114
f 5122 5117 5122
f 5124 5115 5123
f 5124 5119 5115
f 5125 5126 5127
f 5128 5122 5128
f 5128 5122 5122
f 5119 5123 5129
f 5119 5124 5123
f 5119 1139 1109
f 5130 2867 2866
f 5131 5132 5133
f 5134 5125 5127
f 5135 5098 5100
f 5113 2863 2869
f 5136 5136 5137
f 5138 5139 5140
f 5141 5128 5128
f 5136 5142 5136
f 5143 5144 5145
f 5119 5146 5147
f 5119 5148 5146
f 5149 5150 5151
f 5111 5152 5111
f 5153 5154 5155
f 5119 5129 5156
f 5115 5157 5116
f 5119 5158 5148
f 5119 5147 1139
f 5159 5160 5161
f 5162 5163 5164
f 5162 5165 5163
f 5159 5161 1196
f 1196 1166 5159
f 1166 1157 5159
f 5166 5146 5148
f 5166 5167 5147
f 5166 5147 5146
f 5168 5169 5170
f 5171 5172 5173
f 5174 5175 5159
f 1157 5174 5159
f 1157 1158 5174
f 5176 5177 5178
f 5160 5179 5161
f 5180 5181 5182
f 5183 5171 5173
f 5184 5185 5186
f 5187 5188 5189
f 5190 1227 1139
f 5191 5170 5169
f 5192 5193 5194
f 5195 5196 5197
f 5198 5199 5200
f 3851 5201 3852
f 5202 5203 5204
f 5205 3855 3857
f 1155 1151 1150
f 5206 5207 5208
f 5209 5210 5207
f 5209 5207 5206
f 1185 1227 5211
f 5212 2819 2818
f 1144 1131 5213
f 1144 5213 5214
f 5198 5215 5199
f 5216 5217 5218
f 5219 5220 5221
f 5222 5211 5223
f 5222 5224 5211
f 5222 1182 5224
f 2877 2874 2873
f 5218 5208 5207
f 5225 5219 5221
f 5223 5220 5219
f 5226 5227 5228
f 5217 5206 5218
f 5211 5220 5223
f 5224 1182 1185
f 5224 1185 5211
f 5218 5206 5208
f 5216 5218 5229
f 5230 5231 5232
f 5233 5234 5235
f 5236 5213 1131
f 5236 1131 5237
f 2817 3841 2825
f 5238 5239 5240
f 5241 5242 5243
f 5244 1131 1130
f 5236 5244 5245
f 5237 5244 5236
f 5237 1131 5244
f 5246 5247 5248
f 5249 5250 5251
f 5249 5248 5250
f 5252 5253 5254
f 5255 5256 2876
f 5257 5247 5246
f 1175 1182 5258
f 1176 5258 5259
f 5258 1176 1175
f 5260 5261 5262
f 5263 5264 5265
f 5266 5267 5268
f 5256 2877 2876
f 5246 5248 5249
f 5269 5270 3790
f 3789 5269 3790
f 5271 5269 3789
f 5250 1204 1179
f 5272 5273 5274
f 5275 5276 5277
f 5278 5279 5275
f 5280 5281 5282
f 2893 5283 2888
f 5284 5285 5286
f 5287 5288 5289
f 5290 5275 5277
f 5291 5274 5273
f 5290 5278 5275
f 5292 5272 5274
f 5293 5294 5295
f 5292 5274 5291
f 5292 5291 5296
f 5297 5298 5299
f 5300 5301 5302
f 5303 5304 5305
f 5306 5307 5308
f 5292 5296 5309
f 5310 1099 5311
f 5292 5309 5312
f 5313 5314 5315
f 3790 5270 5316
f 5310 5311 5317
f 1099 1217 1208
f 5269 5318 5270
f 1100 1099 5310
f 1100 5310 5319
f 5320 5321 5322
f 5323 5251 5250
f 5323 5250 1179
f 5323 1179 1186
f 2755 5324 2756
f 5324 2755 5325
f 5326 5325 2755
f 1146 5327 1145
f 5326 2755 5328
f 1193 1192 5329
f 5330 5331 5332
f 5333 5334 5335
f 5336 5337 5328
f 5337 5336 5338
f 1199 5339 5340
f 5341 1199 1191
f 5342 5343 5342
f 5342 5342 5344
f 5341 5345 1199
f 5346 5326 5328
f 5347 5326 5346
f 5337 5346 5328
f 5348 5326 5347
f 5344 5344 5349
f 5344 5342 5344
f 5345 1152 1145
f 5345 1145 1199
f 5350 5351 5352
f 1201 1209 5350
f 5335 5353 5354
f 5335 5334 5353
f 5355 5356 5357
f 5358 5359 5360
f 5361 5359 5358
f 5361 5358 5360
f 5362 5363 5364
f 5365 5366 5367
f 5365 5368 5366
f 5362 5364 5369
f 5370 5368 5371
f 5372 5373 5362
f 5373 5363 5362
f 5365 5371 5368
f 5374 5371 5365
f 5375 5373 5372
f 5376 5375 5372
f 5373 5375 5376
f 2750 5377 2751
f 5378 5379 5380
f 5381 5382 5381
f 5383 5384 5385
f 5386 5381 5381
f 5379 5378 5387
f 1209 5388 5351
f 5389 5390 5391
f 5383 5385 5392
f 5383 5392 5393
f 5350 1209 5351
f 5394 5395 5396
f 5397 5398 5399
f 5400 5401 5402
f 5403 5404 151
f 5403 1212 5404
f 5403 1112 1212
f 5405 5406 5407
f 5408 5338 5336
f 5407 5409 5410
f 5411 1199 5340
f 5412 5413 5414
f 151 1112 5403
f 5415 5407 5410
f 5405 5407 5415
f 5416 5412 5414
f 5417 5418 5419
f 5411 1200 1199
f 5420 5421 5422
f 5420 5422 5423
f 5424 5415 5425
f 5424 5405 5415
f 5426 1203 1200
f 5426 1200 5411
f 5404 1212 1203
f 5427 5428 5429
f 5430 5431 5432
f 5430 5433 5431
f 5434 5435 5436
f 3335 3334 5437
f 5438 5424 5425
f 24 5439 272
f 24 5440 5439
f 5441 5442 5443
f 5444 5445 5446
f 1148 1110 1139
f 5447 5448 5449
f 5450 1139 5451
f 5452 5453 5454
f 5455 5447 5449
f 5456 5457 5458
f 5459 5450 5451
f 5460 1139 5450
f 5460 5450 5459
f 5461 5460 5459
f 5462 5463 5464
f 5465 5462 5464
f 5466 5467 5468
f 1139 5460 5469
f 5470 5463 5462
f 1139 5471 5470
f 5472 5473 5474
f 5465 5470 5462
f 5470 1147 1139
f 5475 5476 5477
f 5475 5478 5476
f 1148 1147 5470
f 5479 5470 5465
f 5479 1148 5470
f 5480 5481 5482
f 5483 5484 5485
f 272 5439 5440
f 5486 1164 1170
f 1174 1170 5486
f 5487 1164 5486
f 5488 5489 5490
f 5487 5491 1164
f 5492 5493 5494
f 3452 5493 5492
f 5495 1174 1198
f 5495 1198 1197
f 3362 3361 5496
f 5497 5498 5499
f 5497 5500 5498
f 5501 5502 5503
f 5504 5505 5506
f 5504 5507 5505
f 5507 5504 5506
f 5484 5508 5509
f 5484 5509 5510
f 1220 1214 1216
f 5511 5512 5513
f 5514 5515 5516
f 5484 5510 5517
f 5484 5517 5485
f 272 1220 1219
f 5518 5519 5520
f 5518 5520 5521
f 5448 1185 5522
f 5447 1185 5448
f 1139 1185 5451
f 3451 5493 3452
f 5523 5524 5525
f 5491 5526 1164
f 2740 5527 2741
f 1185 5528 5522
f 5529 5530 5531
f 5529 5531 5532
f 5526 5491 5533
f 1165 5534 1157
f 5535 5536 5537
f 5538 5539 5536
f 5538 5536 5535
f 5540 5541 5542
f 5543 2738 2737
f 5544 2742 2741
f 5545 5546 5547
f 5548 5549 5550
f 1184 5551 5528
f 1184 5528 1185
f 5527 5544 2741
f 5522 5528 5550
f 5528 5548 5550
f 5552 1179 5553
f 5554 3108 3110
f 1180 1179 5552
f 5555 5556 5557
f 5558 5559 5560
f 5561 5562 5563
f 5564 5565 5566
f 5567 5568 5569
f 5570 5571 5572
f 5573 5574 5575
f 5576 1157 5534
f 5563 5577 5561
f 5578 3393 3392
f 5579 5580 5581
f 5582 5577 5563
f 5583 5584 5585
f 5583 5585 5586
f 5587 5580 5579
f 5588 5589 5590
f 5591 5592 5593
f 5594 1157 5576
f 5595 5596 5597
f 1143 5567 5598
f 1143 5568 5567
f 5531 5530 5599
f 5594 1155 1157
f 5600 5601 5602
f 5603 5599 5530
f 1154 1155 5594
f 5604 5605 5606
f 5607 5608 5569
f 5609 5608 5607
f 5610 5611 5612
f 5613 5614 5615
f 5616 5617 5618
f 5609 5607 5569
f 5568 5609 5569
f 5619 5620 5621
f 5598 1131 1143
f 1135 1131 5598
f 5622 5586 5585
f 2766 5623 2767
f 5624 5625 5626
f 5627 1205 1098
f 5627 1098 5628
f 1205 5623 1179
f 1205 5629 5623
f 1205 5627 5628
f 5623 5630 2767
f 5629 5630 5623
f 5631 5632 5633
f 5634 5635 5636
f 3345 5637 3349
f 5638 3342 3341
f 5632 5639 5633
f 1098 1119 5640
f 5637 5641 3349

