mtllib material.mtl
usemtl material_wrist2_0
v 0.01022899 -0.04328119 0.10875390
v 0.01244539 -0.04392266 0.10678090
v 0.01444286 -0.04349827 0.10650050
v 0.01365113 -0.04318231 0.10743930
v 0.02325153 -0.04448509 0.09642118
v 0.02404952 -0.04521656 0.09185689
v 0.02554136 -0.04532116 0.08805602
v 0.02529329 -0.04324460 0.06847661
v 0.02492624 -0.04351222 0.06815475
v 0.02500575 -0.04322767 0.06776708
v 0.02683639 -0.04376018 0.09198087
v 0.02665102 -0.04477697 0.08805459
v 0.02847981 -0.04307359 0.08857625
v 0.02132409 -0.03988593 0.10476580
v 0.02177375 -0.03956502 0.10428050
v 0.02142333 -0.03953385 0.10464400
v 0.02466076 -0.04125052 0.06581968
v 0.02402496 -0.04225111 0.06542485
v 0.02443492 -0.04090255 0.06537693
v 0.02730846 -0.04321432 0.07254689
v 0.02967357 -0.04075372 0.08874791
v 0.02912247 -0.04172110 0.08939260
v 0.02998894 -0.04125303 0.08476489
v 0.01580405 -0.04152715 0.10804800
v 0.01608932 -0.04187959 0.10756710
v 0.01720541 -0.04149878 0.10715100
v 0.02132409 -0.03988593 0.10476580
v 0.02142333 -0.03953385 0.10464400
v 0.02144718 -0.03940039 0.10465610
v 0.01686936 -0.04060178 0.10792860
v 0.01862549 -0.04081708 0.10654690
v 0.01888597 -0.04059803 0.10646860
v 0.01545721 -0.04188776 0.10796240
v 0.01819401 -0.04050976 0.10703400
v 0.02423232 -0.04448652 0.06839364
v 0.02621930 -0.04424899 0.07191938
v 0.02306640 -0.04600685 0.06981605
v 0.01843732 -0.03930103 0.10727870
v 0.01914978 -0.03992033 0.10640230
v 0.02546757 -0.04239106 0.06788080
v 0.02500575 -0.04322767 0.06776708
v 0.02478790 -0.04234266 0.06670659
v 0.02531152 -0.04283440 0.06803160
v 0.01709306 -0.04137110 0.10729350
v 0.01756232 -0.04042756 0.10754790
v 0.01819401 -0.04050976 0.10703400
v 0.01896315 -0.04044234 0.10648480
v 0.01914978 -0.03992033 0.10640230
v 0.01923704 -0.03911554 0.10670190
v 0.02144718 -0.03940039 0.10465610
v 0.02910137 -0.04056388 0.09135717
v 0.02173233 -0.03899341 0.10460560
v 0.02517884 -0.04416698 0.09431356
v 0.01251214 -0.04296064 0.10827150
v 0.01588827 -0.04118698 0.10823470
v 0.01809310 -0.04124730 0.10667860
v 0.02458471 -0.04069340 0.06547373
v 0.02224731 -0.04175513 0.06298345
v 0.02268242 -0.04070091 0.06309849
v 0.01449173 -0.04132074 0.10892560
v 0.01656419 -0.04106891 0.10785690
v 0.01449173 -0.04132074 0.10892560
v 0.02295112 -0.03960698 0.06302732
v 0.02559673 -0.04248774 0.06818097
v 0.01579278 -0.03878128 0.10927090
v 0.01923704 -0.03911554 0.10670190
v 0.02173233 -0.03899341 0.10460560
v 0.01941585 -0.03866744 0.10661880
v 0.02264213 -0.02849054 0.10401810
v 0.01918143 -0.03837174 0.10683100
v 0.01941585 -0.03866744 0.10661880
v 0.02173233 -0.03899341 0.10460560
v 0.02498340 -0.03841269 0.10087670
v 0.02498340 -0.03841269 0.10087670
v 0.01674848 -0.04099929 0.10775610
v 0.01588827 -0.04118698 0.10823470
v 0.01656419 -0.04106891 0.10785690
v 0.02536833 -0.04226315 0.06756907
v 0.02517330 -0.04111129 0.06651324
v 0.02478790 -0.04234266 0.06670659
v 0.02597486 -0.04219633 0.06859421
v 0.02536833 -0.04226315 0.06756907
v 0.02478790 -0.04234266 0.06670659
v 0.01699984 -0.04007035 0.10806630
v 0.01726239 -0.03821355 0.10829440
v 0.01579278 -0.03878128 0.10927090
v 0.02173233 -0.03899341 0.10460560
v 0.01726239 -0.03821355 0.10829440
v 0.02173233 -0.03899341 0.10460560
v 0.01941585 -0.03866744 0.10661880
v 0.01534920 -0.04074978 0.10877650
v 0.01534920 -0.04074978 0.10877650
v 0.01614969 -0.04087036 0.10825660
v 0.01862549 -0.04081708 0.10654690
v 0.02502441 -0.04019492 0.06588262
v 0.02550697 -0.04370534 0.09504026
v 0.02778148 -0.04098129 0.07103818
v 0.02533274 -0.04178225 0.06717294
v 0.03030228 -0.04024022 0.08442312
v 0.00824356 -0.04791647 0.06183087
v 0.00012195 -0.04809165 0.06107908
v 0.00003576 -0.04763787 0.05864423
v 0.02586770 -0.04357212 0.07002240
v 0.01622223 -0.04046154 0.10842990
v 0.02597486 -0.04219633 0.06859421
v 0.01745110 -0.03941333 0.10797510
v 0.01622223 -0.04046154 0.10842990
v 0.01589369 -0.04064857 0.10854380
v 0.02607059 -0.04500210 0.07388967
v 0.01603174 -0.04042530 0.10856610
v 0.01622223 -0.04046154 0.10842990
v 0.01756232 -0.04042756 0.10754790
v 0.01726239 -0.03821355 0.10829440
v 0.00956345 -0.04247611 0.11020170
v 0.01357644 -0.04284232 0.10795110
v 0.01589369 -0.04064857 0.10854380
v 0.01686936 -0.04060178 0.10792860
v 0.01478677 -0.04057747 0.10918700
v 0.01262998 -0.04232805 0.10904990
v 0.01552414 -0.04035323 0.10887470
v 0.02624607 -0.04207170 0.06899887
v 0.02597486 -0.04219633 0.06859421
v 0.01603174 -0.04042530 0.10856610
v 0.02839785 -0.04201000 0.09135824
v 0.02839571 -0.04230052 0.09077554
v 0.03010332 -0.03898561 0.08789771
v 0.01535975 -0.04233717 0.10759530
v 0.01262998 -0.04232805 0.10904990
v 0.01535975 -0.04233717 0.10759530
v 0.01614391 -0.04225665 0.10718020
v 0.02756017 -0.04243594 0.09287947
v 0.01699984 -0.04007035 0.10806630
v 0.01552414 -0.04035323 0.10887470
v 0.01914978 -0.03992033 0.10640230
v 0.01622223 -0.04046154 0.10842990
v 0.01478677 -0.04057747 0.10918700
v 0.01686936 -0.04060178 0.10792860
v 0.01256740 -0.04213994 0.10927040
v 0.01614391 -0.04225665 0.10718020
v 0.02557313 -0.04072690 0.06696468
v 0.00838280 -0.04764598 0.06060492
v 0.02134418 -0.04505378 0.09621328
v 0.02765941 -0.04211550 0.09320288
v 0.02847981 -0.04307359 0.08857625
v 0.02839571 -0.04230052 0.09077554
v 0.01314252 -0.04177522 0.10931110
v 0.00376010 -0.04807072 0.06201070
v 0.01716369 -0.03914618 0.10822790
v 0.01579278 -0.03878128 0.10927090
v 0.02633011 -0.04297608 0.07014304
v 0.03044617 -0.03962177 0.08288562
v 0.01641684 -0.03975570 0.10858100
v 0.02695274 -0.04260206 0.07075780
v 0.01038837 -0.04201245 0.11025930
v 0.02562296 -0.04063147 0.06700170
v 0.00753778 -0.04721975 0.05903136
v 0.00264931 -0.04661989 0.05683988
v 0.00980502 -0.04310631 0.10923610
v 0.02782338 -0.04183602 0.09326696
v 0.00837862 -0.04296153 0.10986640
v 0.01251214 -0.04296064 0.10827150
v 0.02828609 -0.04168760 0.09218591
v 0.02782338 -0.04183602 0.09326696
v 0.02912247 -0.04172110 0.08939260
v 0.00404412 -0.04450058 0.05484384
v 0.00165170 -0.04556983 0.05543798
v 0.00023079 -0.04397535 0.05404180
v 0.00358206 -0.04430407 0.05462419
v 0.00561523 -0.04654550 0.05721747
v 0.02432864 -0.04613125 0.07396596
v 0.01553338 -0.04009199 0.10900390
v 0.01552414 -0.04035323 0.10887470
v 0.00669098 -0.04397612 0.10829960
v 0.00395471 -0.04352641 0.10986890
v 0.00411701 -0.04410135 0.10777870
v 0.00987977 -0.04296278 0.10941870
v 0.00987977 -0.04296278 0.10941870
v 0.00837862 -0.04296153 0.10986640
v 0.01251214 -0.04296064 0.10827150
v 0.01745110 -0.03941333 0.10797510
v 0.01553338 -0.04009199 0.10900390
v 0.01641684 -0.03975570 0.10858100
v 0.01449173 -0.04132074 0.10892560
v 0.00747681 -0.04326200 0.10991560
v 0.01632136 -0.03935730 0.10874930
v 0.01647680 -0.03939628 0.10864160
v 0.01745110 -0.03941333 0.10797510
v 0.02643388 -0.04259622 0.06985831
v 0.01843732 -0.03930103 0.10727870
v 0.02584743 -0.03866386 0.06693357
v 0.01336318 -0.04110485 0.10968520
v 0.00333709 -0.04356247 0.05409497
v 0.00023079 -0.04397535 0.05404180
v 0.00000000 -0.04276037 0.05348944
v 0.01264125 -0.04153913 0.10973980
v 0.00351709 -0.04373455 0.05422002
v 0.01632136 -0.03935730 0.10874930
v 0.00316280 -0.04322755 0.05388826
v 0.01336318 -0.04110485 0.10968520
v 0.01527237 -0.03913766 0.10939580
v 0.02684032 -0.04303538 0.07138609
v 0.00375742 -0.04416370 0.10689820
v 0.02801954 -0.04120594 0.09357249
v 0.02872741 -0.04147607 0.09119707
v 0.02912247 -0.04172110 0.08939260
v 0.00415063 -0.04302579 0.05393916
v 0.01336318 -0.04110485 0.10968520
v 0.01674848 -0.04099929 0.10775610
v 0.01614969 -0.04087036 0.10825660
v 0.02825230 -0.04113286 0.09300059
v 0.02801954 -0.04120594 0.09357249
v 0.01185804 -0.04135859 0.11018800
v 0.00540406 -0.04400897 0.05473715
v 0.01618123 -0.03920376 0.10887150
v 0.01527237 -0.03913766 0.10939580
v 0.01716369 -0.03914618 0.10822790
v 0.01618123 -0.03920376 0.10887150
v 0.00495011 -0.04283630 0.05397874
v 0.00367498 -0.04272651 0.05372339
v 0.00495011 -0.04283630 0.05397874
v 0.00000000 -0.04276037 0.05348944
v 0.01165503 -0.04105538 0.11046700
v 0.00813293 -0.04234266 0.11055270
v 0.02695274 -0.04260206 0.07075780
v 0.01534920 -0.04074978 0.10877650
v 0.00357526 -0.04260289 0.05364024
v 0.00367498 -0.04272651 0.05372339
v 0.00000000 -0.04276037 0.05348944
v 0.02639728 -0.04022479 0.06820368
v 0.02668374 -0.03987646 0.06849950
v 0.00357860 -0.04251635 0.05360376
v 0.01478677 -0.04057747 0.10918700
v 0.01534920 -0.04074978 0.10877650
v 0.01589369 -0.04064857 0.10854380
v 0.00188255 -0.04104441 0.05291891
v 0.00392854 -0.04325193 0.05399471
v 0.02609062 -0.04252856 0.09604161
v 0.00665683 -0.04553765 0.05628794
v 0.02695274 -0.04260206 0.07075780
v 0.02643388 -0.04259622 0.06985831
v 0.02559673 -0.04248774 0.06818097
v 0.02666985 -0.04218751 0.09538418
v 0.02756017 -0.04243594 0.09287947
v 0.02847981 -0.04307359 0.08857625
v 0.01070499 -0.04529905 0.05712401
v 0.00665683 -0.04553765 0.05628794
v 0.00165170 -0.04556983 0.05543798
v 0.01534920 -0.04074978 0.10877650
v 0.01165503 -0.04105538 0.11046700
v 0.01336318 -0.04110485 0.10968520
v 0.01301550 -0.04046767 0.11017630
v 0.01478677 -0.04057747 0.10918700
v 0.01622223 -0.04046154 0.10842990
v 0.02650415 -0.04457396 0.07390689
v 0.02625316 -0.04485732 0.07411879
v 0.02706331 -0.04206413 0.09473305
v 0.02666985 -0.04218751 0.09538418
v 0.01301550 -0.04046767 0.11017630
v 0.01622223 -0.04046154 0.10842990
v 0.01603174 -0.04042530 0.10856610
v 0.01338917 -0.04040503 0.11004140
v 0.02777642 -0.04209679 0.07243198
v 0.02695274 -0.04260206 0.07075780
v 0.01579278 -0.03878128 0.10927090
v 0.01381111 -0.03829103 0.11031860
v 0.01070266 -0.04083096 0.11096450
v 0.02702969 -0.04216533 0.07065039
v 0.02777642 -0.04209679 0.07243198
v 0.02546757 -0.04239106 0.06788080
v 0.00728768 -0.04270249 0.05439633
v 0.02702969 -0.04216533 0.07065039
v 0.01552414 -0.04035323 0.10887470
v 0.01338917 -0.04040503 0.11004140
v 0.01603174 -0.04042530 0.10856610
v 0.01173609 -0.04070854 0.11062410
v 0.01070266 -0.04083096 0.11096450
v 0.01478677 -0.04057747 0.10918700
v 0.00667113 -0.04254812 0.05420655
v 0.01023066 -0.04211151 0.11025990
v 0.01254045 -0.04029357 0.11046550
v 0.02729934 -0.04204344 0.07113760
v 0.02597486 -0.04219633 0.06859421
v 0.00576043 -0.04249203 0.05395829
v 0.01153469 -0.04062026 0.11073780
v 0.01173609 -0.04070854 0.11062410
v 0.01478677 -0.04057747 0.10918700
v 0.01301550 -0.04046767 0.11017630
v 0.01153469 -0.04062026 0.11073780
v 0.01478677 -0.04057747 0.10918700
v 0.00613868 -0.04458498 0.05526477
v 0.01070499 -0.04529905 0.05712401
v 0.00986767 -0.04190766 0.11056570
v 0.00508833 -0.04325407 0.11018660
v 0.01087772 -0.04034239 0.11113320
v 0.01338917 -0.04040503 0.11004140
v 0.01552414 -0.04035323 0.10887470
v 0.01254045 -0.04029357 0.11046550
v 0.01087772 -0.04034239 0.11113320
v 0.01552414 -0.04035323 0.10887470
v 0.02770298 -0.04145878 0.09412628
v 0.02828609 -0.04168760 0.09218591
v 0.02912247 -0.04172110 0.08939260
v 0.00564569 -0.04162544 0.05354589
v 0.00735664 -0.04075139 0.05366319
v 0.02501368 -0.04611778 0.07847493
v 0.02315598 -0.04664003 0.07515257
v 0.02770298 -0.04145878 0.09412628
v 0.02912247 -0.04172110 0.08939260
v 0.02872741 -0.04147607 0.09119707
v 0.00540406 -0.04400897 0.05473715
v 0.01038837 -0.04201245 0.11025930
v 0.00956345 -0.04247611 0.11020170
v 0.01023066 -0.04211151 0.11025990
v 0.00696683 -0.04373580 0.05486774
v 0.02720206 -0.04116088 0.09553313
v 0.02770298 -0.04145878 0.09412628
v 0.02872741 -0.04147607 0.09119707
v 0.02801954 -0.04120594 0.09357249
v 0.02720206 -0.04116088 0.09553313
v 0.02872741 -0.04147607 0.09119707
v 0.01339203 -0.03952533 0.11034420
v 0.02702969 -0.04216533 0.07065039
v 0.00626248 -0.04359698 0.05460500
v 0.01284009 -0.03933471 0.11062690
v 0.01284009 -0.03933471 0.11062690
v 0.02733135 -0.04104250 0.09535330
v 0.02801954 -0.04120594 0.09357249
v 0.00666034 -0.04323565 0.05449777
v 0.00626248 -0.04359698 0.05460500
v 0.01182597 -0.04025298 0.11079350
v 0.01001328 -0.04120343 0.11101540
v 0.00485420 -0.04258292 0.11114780
v 0.02667236 -0.04186964 0.09601110
v 0.00756884 -0.04447036 0.05553323
v 0.02254486 -0.04359287 0.09961980
v 0.00931841 -0.04138296 0.11114070
v 0.02810621 -0.04359370 0.07634538
v 0.00980377 -0.03955030 0.11183440
v 0.01033258 -0.04093956 0.11107340
v 0.00632626 -0.04291796 0.05425077
v 0.02667236 -0.04186964 0.09601110
v 0.02782338 -0.04183602 0.09326696
v 0.02828609 -0.04168760 0.09218591
v 0.01033258 -0.04093956 0.11107340
v 0.00613868 -0.04458498 0.05526477
v 0.02910941 -0.03901284 0.09221166
v 0.00990528 -0.04583245 0.05771571
v 0.01184463 -0.04619354 0.05883306
v 0.02700960 -0.04135584 0.09576296
v 0.00881445 -0.04402095 0.05558186
v 0.02770298 -0.04145878 0.09412628
v 0.02700960 -0.04135584 0.09576296
v 0.02828609 -0.04168760 0.09218591
v 0.01033258 -0.04093956 0.11107340
v 0.00635368 -0.04255974 0.05409193
v 0.00635368 -0.04255974 0.05409193
v 0.00667113 -0.04254812 0.05420655
v 0.00357526 -0.04260289 0.05364024
v 0.02662718 -0.04534512 0.08240258
v 0.02700960 -0.04135584 0.09576296
v 0.02770298 -0.04145878 0.09412628
v 0.02720206 -0.04116088 0.09553313
v 0.00540406 -0.04400897 0.05473715
v 0.01074975 -0.04554581 0.05770516
v 0.02730745 -0.04488182 0.07944411
v 0.01087772 -0.04034239 0.11113320
v 0.01301550 -0.04046767 0.11017630
v 0.01338917 -0.04040503 0.11004140
v 0.00767797 -0.04377412 0.05506622
v 0.02504837 -0.04592645 0.08369094
v 0.02358603 -0.04636901 0.08126205
v 0.01070499 -0.04529905 0.05712401
v 0.01074975 -0.04554581 0.05770516
v 0.00665683 -0.04553765 0.05628794
v 0.02826881 -0.03987145 0.07185643
v 0.02602189 -0.03961229 0.09911817
v 0.00435686 -0.04324477 0.11035430
v 0.00907022 -0.04023319 0.11180910
v 0.01087772 -0.04034239 0.11113320
v 0.01254045 -0.04029357 0.11046550
v 0.00704431 -0.04226207 0.11107330
v 0.02666985 -0.04218751 0.09538418
v 0.01364517 -0.04714673 0.06206023
v 0.02420437 -0.04321783 0.09803658
v 0.02781087 -0.04277020 0.07346564
v 0.01070266 -0.04083096 0.11096450
v 0.00796968 -0.04095244 0.11179950
v 0.01033258 -0.04093956 0.11107340
v 0.02783054 -0.04253870 0.07313805
v 0.01077741 -0.04672747 0.05945491
v 0.00436795 -0.04293817 0.11080310
v 0.01013714 -0.04345142 0.05569791
v 0.00739908 -0.04191869 0.11129860
v 0.00696683 -0.04373580 0.05486774
v 0.00739908 -0.04191869 0.11129860
v 0.00956345 -0.04247611 0.11020170
v 0.01318657 -0.03856194 0.11061100
v 0.01171875 -0.03856223 0.11130800
v 0.01171875 -0.03856223 0.11130800
v 0.01547586 -0.04758989 0.06693398
v 0.01070266 -0.04083096 0.11096450
v 0.01063770 -0.04666215 0.05926567
v 0.00630182 -0.04197645 0.11181150
v 0.00630182 -0.04197645 0.11181150
v 0.00813293 -0.04234266 0.11055270
v 0.00903594 -0.04048311 0.11172310
v 0.01153469 -0.04062026 0.11073780
v 0.01301550 -0.04046767 0.11017630
v 0.00903594 -0.04048311 0.11172310
v 0.00813913 -0.04076999 0.11185280
v 0.02799415 -0.04237443 0.07336443
v 0.02777642 -0.04209679 0.07243198
v 0.00717890 -0.04167151 0.11154680
v 0.00642079 -0.04127615 0.05366903
v 0.02824831 -0.03985047 0.09419542
v 0.02819061 -0.03899937 0.09480756
v 0.02875113 -0.04221040 0.07559198
v 0.00916940 -0.04294431 0.05504769
v 0.00666034 -0.04323565 0.05449777
v 0.00415063 -0.04302579 0.05393916
v 0.00977433 -0.04037868 0.11154870
v 0.00903594 -0.04048311 0.11172310
v 0.00859380 -0.04276394 0.05478280
v 0.00415063 -0.04302579 0.05393916
v 0.00632626 -0.04291796 0.05425077
v 0.00859380 -0.04276394 0.05478280
v 0.00916940 -0.04294431 0.05504769
v 0.00415063 -0.04302579 0.05393916
v 0.00464797 -0.04288434 0.11083400
v 0.00907022 -0.04023319 0.11180910
v 0.01254045 -0.04029357 0.11046550
v 0.01182597 -0.04025298 0.11079350
v 0.00859380 -0.04276394 0.05478280
v 0.00632626 -0.04291796 0.05425077
v 0.00495011 -0.04283630 0.05397874
v 0.00495011 -0.04283630 0.05397874
v 0.00728768 -0.04270249 0.05439633
v 0.00859380 -0.04276394 0.05478280
v 0.00495011 -0.04283630 0.05397874
v 0.00907022 -0.04023319 0.11180910
v 0.02702969 -0.04216533 0.07065039
v 0.02426946 -0.04271060 0.09878557
v 0.02538096 -0.04135870 0.09868222
v 0.01065963 -0.04437494 0.05652809
v 0.00754631 -0.04119551 0.11178710
v 0.00751501 -0.04136747 0.11168470
v 0.02004235 -0.04436820 0.10042850
v 0.02200317 -0.04376912 0.09992116
v 0.02474516 -0.04228121 0.09866225
v 0.00982642 -0.03929686 0.11184540
v 0.01579278 -0.03878128 0.10927090
v 0.01025348 -0.04264146 0.05530792
v 0.00728768 -0.04270249 0.05439633
v 0.00667113 -0.04254812 0.05420655
v 0.02933371 -0.04074603 0.07557147
v 0.00523067 -0.04111450 0.11232500
v 0.00931841 -0.04138296 0.11114070
v 0.00751501 -0.04136747 0.11168470
v 0.00523067 -0.04111450 0.11232500
v 0.02591150 -0.04125303 0.09792393
v 0.02538096 -0.04135870 0.09868222
v 0.01081514 -0.03922981 0.11153340
v 0.00982642 -0.03929686 0.11184540
v 0.01579278 -0.03878128 0.10927090
v 0.01653856 -0.04443037 0.10290230
v 0.01214838 -0.04673594 0.06024146
v 0.00667113 -0.04254812 0.05420655
v 0.00635368 -0.04255974 0.05409193
v 0.00576043 -0.04249203 0.05395829
v 0.00727624 -0.04115313 0.11188130
v 0.00523067 -0.04111450 0.11232500
v 0.01213830 -0.04068511 0.05527102
v 0.00667113 -0.04254812 0.05420655
v 0.00961304 -0.03856986 0.11204800
v 0.01579278 -0.03878128 0.10927090
v 0.01171875 -0.03856223 0.11130800
v 0.00961304 -0.03856986 0.11204800
v 0.01081514 -0.03922981 0.11153340
v 0.01579278 -0.03878128 0.10927090
v 0.01112484 -0.04412168 0.05653631
v 0.00796968 -0.04095244 0.11179950
v 0.02684319 -0.03977721 0.09718227
v 0.02910137 -0.04056388 0.09135717
v 0.02824831 -0.03985047 0.09419542
v 0.02602189 -0.03961229 0.09911817
v 0.02810621 -0.04359370 0.07634538
v 0.02607059 -0.04500210 0.07388967
v 0.02625316 -0.04485732 0.07411879
v 0.02620100 -0.04114371 0.09751367
v 0.00978929 -0.04361128 0.05565011
v 0.00540406 -0.04400897 0.05473715
v 0.00767797 -0.04377412 0.05506622
v 0.00978929 -0.04361128 0.05565011
v 0.00540406 -0.04400897 0.05473715
v 0.02597767 -0.04095304 0.09807449
v 0.00978929 -0.04361128 0.05565011
v 0.00767797 -0.04377412 0.05506622
v 0.00645512 -0.04073143 0.11228220
v 0.00603163 -0.04091089 0.11227200
v 0.02754306 -0.03972262 0.09586262
v 0.02597767 -0.04095304 0.09807449
v 0.02801954 -0.04120594 0.09357249
v 0.02733135 -0.04104250 0.09535330
v 0.02597767 -0.04095304 0.09807449
v 0.02720206 -0.04116088 0.09553313
v 0.02801954 -0.04120594 0.09357249
v 0.00438577 -0.04198306 0.11186300
v 0.00735664 -0.04075139 0.05366319
v 0.00642079 -0.04127615 0.05366903
v 0.00564569 -0.04162544 0.05354589
v 0.00735664 -0.04075139 0.05366319
v 0.00736499 -0.04055917 0.11217610
v 0.02496635 -0.04192978 0.09876328
v 0.00730938 -0.04031854 0.11228190
v 0.00903594 -0.04048311 0.11172310
v 0.00977433 -0.04037868 0.11154870
v 0.00730938 -0.04031854 0.11228190
v 0.00977433 -0.04037868 0.11154870
v 0.01087772 -0.04034239 0.11113320
v 0.00730938 -0.04031854 0.11228190
v 0.00746041 -0.04036355 0.11223870
v 0.00903594 -0.04048311 0.11172310
v 0.02346032 -0.04246848 0.10029110
v 0.02550697 -0.04370534 0.09504026
v 0.00753897 -0.04029780 0.11224570
v 0.00730938 -0.04031854 0.11228190
v 0.01087772 -0.04034239 0.11113320
v 0.00737870 -0.04045474 0.11222020
v 0.00768340 -0.04026883 0.11222050
v 0.01087772 -0.04034239 0.11113320
v 0.00907022 -0.04023319 0.11180910
v 0.02346032 -0.04246848 0.10029110
v 0.00753897 -0.04029780 0.11224570
v 0.00746041 -0.04036355 0.11223870
v 0.02706331 -0.04206413 0.09473305
v 0.02667236 -0.04186964 0.09601110
v 0.02496635 -0.04192978 0.09876328
v 0.02706331 -0.04206413 0.09473305
v 0.00740176 -0.04026567 0.11229380
v 0.00859380 -0.04276394 0.05478280
v 0.00907022 -0.04023319 0.11180910
v 0.00740176 -0.04026567 0.11229380
v 0.00768340 -0.04026883 0.11222050
v 0.00941855 -0.04251015 0.05491721
v 0.01025348 -0.04264146 0.05530792
v 0.00667113 -0.04254812 0.05420655
v 0.00785875 -0.03823113 0.11262040
v 0.01187127 -0.04188483 0.05558294
v 0.01187127 -0.04188483 0.05558294
v 0.00941855 -0.04251015 0.05491721
v 0.00667113 -0.04254812 0.05420655
v 0.01826095 -0.04377406 0.10334290
v 0.00630182 -0.04197645 0.11181150
v 0.00523067 -0.04111450 0.11232500
v 0.02819061 -0.03899937 0.09480756
v 0.02910941 -0.03901284 0.09221166
v 0.02498340 -0.03841269 0.10087670
v 0.00464535 -0.04120951 0.11237650
v 0.00439256 -0.04082441 0.11264120
v 0.00778061 -0.03926694 0.11249720
v 0.02500778 -0.04151201 0.09914201
v 0.00663757 -0.03976386 0.11271940
v 0.00764829 -0.03911459 0.11256050
v 0.01189577 -0.04388082 0.05667233
v 0.00476295 -0.04075551 0.11261170
v 0.00499314 -0.04059493 0.11265330
v 0.02754306 -0.03972262 0.09586262
v 0.00501043 -0.04039984 0.11273720
v 0.00751632 -0.03893584 0.11262420
v 0.01582551 -0.04743903 0.06534451
v 0.01984816 -0.04349315 0.10261450
v 0.02050507 -0.04362452 0.10172560
v 0.00487333 -0.04031491 0.11279520
v 0.00730938 -0.04031854 0.11228190
v 0.02493339 -0.04095113 0.09969264
v 0.01134490 -0.04359018 0.05622863
v 0.00486040 -0.04024940 0.11282340
v 0.00486040 -0.04024940 0.11282340
v 0.00740176 -0.04026567 0.11229380
v 0.00907022 -0.04023319 0.11180910
v 0.00437284 -0.03958767 0.11311580
v 0.02468121 -0.04179465 0.09935319
v 0.02496635 -0.04192978 0.09876328
v 0.02667236 -0.04186964 0.09601110
v 0.01674872 -0.04663014 0.06318944
v 0.00448602 -0.03957319 0.11308950
v 0.02597767 -0.04095304 0.09807449
v 0.01184856 -0.04308474 0.05614876
v 0.01201421 -0.04331278 0.05635488
v 0.00514603 -0.03909254 0.11315430
v 0.00508618 -0.03925961 0.11308050
v 0.00514603 -0.03909254 0.11315430
v 0.00409341 -0.03828001 0.11333140
v 0.02371579 -0.04163008 0.10081350
v 0.02468121 -0.04179465 0.09935319
v 0.02667236 -0.04186964 0.09601110
v 0.00511110 -0.03861677 0.11317050
v 0.02371579 -0.04163008 0.10081350
v 0.01199811 -0.04280161 0.05606430
v 0.01025348 -0.04264146 0.05530792
v 0.01444852 -0.04351735 0.05774903
v 0.01189577 -0.04388082 0.05667233
v 0.00978929 -0.04361128 0.05565011
v 0.01444852 -0.04351735 0.05774903
v 0.00978929 -0.04361128 0.05565011
v 0.01134490 -0.04359018 0.05622863
v 0.02498435 -0.04116821 0.09949308
v 0.01151299 -0.04256504 0.05573385
v 0.01025348 -0.04264146 0.05530792
v 0.00941855 -0.04251015 0.05491721
v 0.01444852 -0.04351735 0.05774903
v 0.01213657 -0.04256939 0.05601114
v 0.01151299 -0.04256504 0.05573385
v 0.00941855 -0.04251015 0.05491721
v 0.01215487 -0.04243838 0.05595862
v 0.01213657 -0.04256939 0.05601114
v 0.00941855 -0.04251015 0.05491721
v 0.02910858 -0.04187589 0.07657080
v 0.02055633 -0.04292494 0.10285630
v 0.02405846 -0.04076534 0.10104010
v 0.02493339 -0.04095113 0.09969264
v 0.02597767 -0.04095304 0.09807449
v 0.02405846 -0.04076534 0.10104010
v 0.01184463 -0.04619354 0.05883306
v 0.02868235 -0.04363369 0.08136719
v 0.02331918 -0.04194051 0.10104110
v 0.02392256 -0.04574292 0.08799260
v 0.02215707 -0.04263389 0.10160980
v 0.02055633 -0.04292494 0.10285630
v 0.02346032 -0.04246848 0.10029110
v 0.01213657 -0.04256939 0.05601114
v 0.01213657 -0.04256939 0.05601114
v 0.01025348 -0.04264146 0.05530792
v 0.01151299 -0.04256504 0.05573385
v 0.02498340 -0.03841269 0.10087670
v 0.02684319 -0.03977721 0.09718227
v 0.02154219 -0.04241096 0.10253210
v 0.02215707 -0.04263389 0.10160980
v 0.02295815 -0.04160279 0.10180620
v 0.02295815 -0.04160279 0.10180620
v 0.02496635 -0.04192978 0.09876328
v 0.02468121 -0.04179465 0.09935319
v 0.02371579 -0.04163008 0.10081350
v 0.02945530 -0.04230833 0.08009523
v 0.01601028 -0.04434072 0.05942475
v 0.01500868 -0.04509025 0.05951029
v 0.02223551 -0.04129183 0.10285470
v 0.02371579 -0.04163008 0.10081350
v 0.02500778 -0.04151201 0.09914201
v 0.02357077 -0.04125797 0.10134970
v 0.01473385 -0.04401940 0.05827039
v 0.02357077 -0.04125797 0.10134970
v 0.02223551 -0.04129183 0.10285470
v 0.02500778 -0.04151201 0.09914201
v 0.02143210 -0.04195332 0.10315030
v 0.02193742 -0.04173111 0.10282020
v 0.02602189 -0.03961229 0.09911817
v 0.02357077 -0.04125797 0.10134970
v 0.01481246 -0.04375362 0.05811190
v 0.02341485 -0.04098230 0.10174780
v 0.01491457 -0.04336237 0.05790168
v 0.02320992 -0.04074358 0.10214360
v 0.02493339 -0.04095113 0.09969264
v 0.02405846 -0.04076534 0.10104010
v 0.01529210 -0.04292255 0.05788421
v 0.01636391 -0.04320377 0.05877923
v 0.01540237 -0.04273235 0.05789601
v 0.02065509 -0.04258418 0.10324650
v 0.02055633 -0.04292494 0.10285630
v 0.01750653 -0.04259026 0.05922448
v 0.01540237 -0.04273235 0.05789601
v 0.01199811 -0.04280161 0.05606430
v 0.01750653 -0.04259026 0.05922448
v 0.01557075 -0.04255902 0.05786997
v 0.01750653 -0.04259026 0.05922448
v 0.01213657 -0.04256939 0.05601114
v 0.01671445 -0.04572415 0.06155163
v 0.02353715 -0.04064875 0.10181440
v 0.01498842 -0.04251360 0.05745631
v 0.01557075 -0.04255902 0.05786997
v 0.01213657 -0.04256939 0.05601114
v 0.01505345 -0.04244309 0.05746012
v 0.01498842 -0.04251360 0.05745631
v 0.01993942 -0.04293072 0.10346400
v 0.01511585 -0.04238694 0.05747002
v 0.01557075 -0.04255902 0.05786997
v 0.01685953 -0.04550391 0.06133931
v 0.02157855 -0.04115527 0.10366000
v 0.02223551 -0.04129183 0.10285470
v 0.02357077 -0.04125797 0.10134970
v 0.02838319 -0.04382318 0.08476561
v 0.01752156 -0.04511082 0.06135725
v 0.01312249 -0.04431957 0.10472380
v 0.01709187 -0.04490154 0.06074488
v 0.01966238 -0.04260247 0.10411320
v 0.03003424 -0.04086208 0.07990306
v 0.01862120 -0.04479074 0.06182658
v 0.01669150 -0.04144877 0.05813664
v 0.02272069 -0.04082638 0.10265780
v 0.02341485 -0.04098230 0.10174780
v 0.02493339 -0.04095113 0.09969264
v 0.01532196 -0.04095888 0.05707263
v 0.02272069 -0.04082638 0.10265780
v 0.01776444 -0.04407119 0.06042939
v 0.01773327 -0.04378795 0.06015443
v 0.01932227 -0.04233598 0.10471270
v 0.02969568 -0.04208183 0.08264392
v 0.01797145 -0.04366326 0.06024205
v 0.01946455 -0.04207813 0.10485290
v 0.01789736 -0.04341596 0.05998951
v 0.01770442 -0.04334765 0.05978590
v 0.01789736 -0.04341596 0.05998951
v 0.01770442 -0.04334765 0.05978590
v 0.01636391 -0.04320377 0.05877923
v 0.01787048 -0.04316657 0.05978953
v 0.01867550 -0.04315131 0.06043726
v 0.01787048 -0.04316657 0.05978953
v 0.01529210 -0.04292255 0.05788421
v 0.02111393 -0.04159301 0.10382220
v 0.02062529 -0.04186785 0.10405370
v 0.01867550 -0.04315131 0.06043726
v 0.01816797 -0.04242545 0.05957067
v 0.01860868 -0.04271125 0.06008702
v 0.01750653 -0.04259026 0.05922448
v 0.02093207 -0.04147964 0.10409330
v 0.01811707 -0.04233282 0.05948323
v 0.01999217 -0.04122930 0.10510050
v 0.02295815 -0.04160279 0.10180620
v 0.02371579 -0.04163008 0.10081350
v 0.01999217 -0.04122930 0.10510050
v 0.02093207 -0.04147964 0.10409330
v 0.02295815 -0.04160279 0.10180620
v 0.01999217 -0.04122930 0.10510050
v 0.02371579 -0.04163008 0.10081350
v 0.02223551 -0.04129183 0.10285470
v 0.01917940 -0.04371458 0.06129902
v 0.01897984 -0.04340612 0.06087434
v 0.01889222 -0.04363173 0.06097680
v 0.02933877 -0.04257613 0.08473366
v 0.02082186 -0.04089236 0.10456850
v 0.01977246 -0.04292243 0.06115287
v 0.02082186 -0.04089236 0.10456850
v 0.01946640 -0.04333823 0.06120914
v 0.01819384 -0.04231661 0.05952996
v 0.02154392 -0.04084241 0.10394020
v 0.02341485 -0.04098230 0.10174780
v 0.02272069 -0.04082638 0.10265780
v 0.02154392 -0.04084241 0.10394020
v 0.02082186 -0.04089236 0.10456850
v 0.02341485 -0.04098230 0.10174780
v 0.01572340 -0.04342097 0.10588380
v 0.01784688 -0.04279100 0.10539200
v 0.03028059 -0.03904581 0.07974475
v 0.01784688 -0.04279100 0.10539200
v 0.01993942 -0.04293072 0.10346400
v 0.02055633 -0.04292494 0.10285630
v 0.01927763 -0.04254686 0.06054705
v 0.01750653 -0.04259026 0.05922448
v 0.01557075 -0.04255902 0.05786997
v 0.01816797 -0.04242545 0.05957067
v 0.01927763 -0.04254686 0.06054705
v 0.01557075 -0.04255902 0.05786997
v 0.02157855 -0.04115527 0.10366000
v 0.01832526 -0.04104638 0.05912292
v 0.01903402 -0.04274940 0.06045842
v 0.01989215 -0.04233455 0.06096971
v 0.02121293 -0.04073739 0.10431730
v 0.02272069 -0.04082638 0.10265780
v 0.02320992 -0.04074358 0.10214360
v 0.01949489 -0.04173219 0.06033408
v 0.01811707 -0.04233282 0.05948323
v 0.01819384 -0.04231661 0.05952996
v 0.01832526 -0.04104638 0.05912292
v 0.01532196 -0.04095888 0.05707263
v 0.01213830 -0.04068511 0.05527102
v 0.01716995 -0.03937745 0.05787360
v 0.01213830 -0.04068511 0.05527102
v 0.01927763 -0.04254686 0.06054705
v 0.01941937 -0.04105126 0.10573690
v 0.02082186 -0.04089236 0.10456850
v 0.02163136 -0.04058539 0.10400110
v 0.02016562 -0.04057556 0.10535290
v 0.02320992 -0.04074358 0.10214360
v 0.01750653 -0.04259026 0.05922448
v 0.01730179 -0.04264104 0.10596570
v 0.01730179 -0.04264104 0.10596570
v 0.01784688 -0.04279100 0.10539200
v 0.02055633 -0.04292494 0.10285630
v 0.01927763 -0.04254686 0.06054705
v 0.02163136 -0.04058539 0.10400110
v 0.02320992 -0.04074358 0.10214360
v 0.02405846 -0.04076534 0.10104010
v 0.02140748 -0.04054635 0.10424550
v 0.02405846 -0.04076534 0.10104010
v 0.02353715 -0.04064875 0.10181440
v 0.02140748 -0.04054635 0.10424550
v 0.01949489 -0.04173219 0.06033408
v 0.01910912 -0.04098898 0.05972927
v 0.02154392 -0.04084241 0.10394020
v 0.02154392 -0.04084241 0.10394020
v 0.01812565 -0.04241132 0.10563760
v 0.01664698 -0.04330712 0.10547980
v 0.02112627 -0.04068475 0.10444900
v 0.01983064 -0.04262447 0.06107944
v 0.02037048 -0.04271650 0.06148046
v 0.01927763 -0.04254686 0.06054705
v 0.02037048 -0.04271650 0.06148046
v 0.01983064 -0.04262447 0.06107944
v 0.02140748 -0.04054635 0.10424550
v 0.02016562 -0.04057556 0.10535290
v 0.02163136 -0.04058539 0.10400110
v 0.02029824 -0.04712581 0.07108360
v 0.02112388 -0.04695385 0.07468694
v 0.01795864 -0.04725790 0.07045513
v 0.02012258 -0.04227620 0.06114381
v 0.02039086 -0.04238468 0.06145465
v 0.02037048 -0.04271650 0.06148046
v 0.01780140 -0.04221886 0.10607810
v 0.02140748 -0.04054635 0.10424550
v 0.01949381 -0.04041612 0.05990380
v 0.01957345 -0.04071050 0.06003320
v 0.02051681 -0.04232931 0.06154310
v 0.02173233 -0.03899341 0.10460560
v 0.02014338 -0.04084199 0.06056624
v 0.01833820 -0.04171484 0.10614090
v 0.02273178 -0.04239231 0.06397908
v 0.02053183 -0.04113036 0.06101465
v 0.02032279 -0.04051893 0.06064206
v 0.01871371 -0.04139375 0.10610620
v 0.02070873 -0.04082852 0.06108206
v 0.02498340 -0.03841269 0.10087670
v 0.02142333 -0.03953385 0.10464400
v 0.02144718 -0.03940039 0.10465610
v 0.02142333 -0.03953385 0.10464400
v 0.02173233 -0.03899341 0.10460560
v 0.02084928 -0.03997886 0.06102609
v 0.01999217 -0.04122930 0.10510050
v 0.02175956 -0.04062467 0.06206762
v 0.02075380 -0.03968840 0.06089544
v 0.02332687 -0.03789275 0.06319516
v 0.01656419 -0.04106891 0.10785690
v 0.01999217 -0.04122930 0.10510050
v 0.01941937 -0.04105126 0.10573690
v 0.01656419 -0.04106891 0.10785690
v 0.01809310 -0.04124730 0.10667860
v 0.01999217 -0.04122930 0.10510050
v 0.01862156 -0.04110538 0.10638110
v 0.01656419 -0.04106891 0.10785690
v 0.01941937 -0.04105126 0.10573690
v 0.01674848 -0.04099929 0.10775610
v 0.01862156 -0.04110538 0.10638110
v 0.01941937 -0.04105126 0.10573690
v 0.01905053 -0.04057997 0.10634660
v 0.02016562 -0.04057556 0.10535290
v 0.02112627 -0.04068475 0.10444900
v 0.02320992 -0.04074358 0.10214360
v 0.02016562 -0.04057556 0.10535290
v 0.01905053 -0.04057997 0.10634660
v 0.02112627 -0.04068475 0.10444900
v 0.02016562 -0.04057556 0.10535290
v 0.02140748 -0.04054635 0.10424550
v 0.01896315 -0.04044234 0.10648480
v 0.01819401 -0.04050976 0.10703400
v 0.02016562 -0.04057556 0.10535290
v 0.01888597 -0.04059803 0.10646860
v 0.01905053 -0.04057997 0.10634660
v 0.02016562 -0.04057556 0.10535290
v 0.01819401 -0.04050976 0.10703400
v 0.01888597 -0.04059803 0.10646860
v 0.02016562 -0.04057556 0.10535290
v 0.02344310 -0.04217237 0.06471461
v 0.01862156 -0.04110538 0.10638110
v -0.02203464 -0.02585244 0.10671410
v -0.02247387 -0.02505296 0.10625450
v -0.02694314 -0.02746909 0.10081380
v -0.02241516 -0.02321577 0.10640990
v -0.02221673 -0.02314138 0.10661590
v -0.02476501 -0.02378988 0.10391510
v -0.02467817 -0.02497476 0.10395620
v -0.02467077 -0.02552837 0.10395000
v -0.02110308 -0.02448242 0.10753950
v -0.02114868 -0.02495527 0.10752370
v -0.01523774 -0.02189922 0.11175810
v -0.02017205 -0.02269506 0.10841640
v -0.02221673 -0.02314138 0.10661590
v -0.01523774 -0.02189922 0.11175810
v -0.01952767 -0.02427351 0.10884580
v -0.01523774 -0.02189922 0.11175810
v -0.01637268 -0.02202361 0.11101810
v -0.02017205 -0.02269506 0.10841640
v -0.01952767 -0.02427351 0.10884580
v -0.01952767 -0.02427351 0.10884580
v -0.01705932 -0.02487707 0.11053740
v -0.01668816 -0.02379715 0.11071710
v -0.00335407 -0.03799659 0.05128580
v -0.00888062 -0.03815889 0.05248159
v -0.01053231 -0.03641670 0.05291450
v -0.00888062 -0.03815889 0.05248159
v -0.00335407 -0.03799659 0.05128580
v -0.01063531 -0.03803682 0.05305761
v -0.01085656 -0.02337408 0.11359110
v -0.01063531 -0.03803682 0.05305761
v -0.01053231 -0.03641670 0.05291450
v -0.01625818 -0.03740549 0.05562102
v -0.01436561 -0.03604364 0.05458587
v -0.01321411 -0.02401924 0.11261260
v -0.01483154 -0.03760099 0.05480283
v -0.01625818 -0.03740549 0.05562102
v -0.01085656 -0.02337408 0.11359110
v -0.01643425 -0.03585928 0.05571240
v -0.01643425 -0.03585928 0.05571240
v -0.02061265 -0.03513646 0.05849730
v -0.01436561 -0.03604364 0.05458587
v -0.01085656 -0.02337408 0.11359110
v -0.01321411 -0.02401924 0.11261260
v -0.00855255 -0.02409785 0.11423200
v -0.02061265 -0.03513646 0.05849730
v -0.01918023 -0.03694677 0.05758184
v -0.02169167 -0.03644871 0.05962395
v -0.00863206 -0.02292335 0.11421790
v -0.01523774 -0.02189922 0.11175810
v -0.02436256 -0.03582239 0.06228148
v -0.02061265 -0.03513646 0.05849730
v -0.02479839 -0.03398752 0.06280034
v -0.02247619 -0.03460448 0.06033605
v -0.02479839 -0.03398752 0.06280034
v -0.02744865 -0.03482866 0.06650823
v -0.02716439 -0.03344488 0.06600087
v -0.00775140 -0.02118533 0.11454090
v -0.02945518 -0.03284788 0.07025426
v -0.02909374 -0.03229904 0.06935971
v -0.03042119 -0.03330755 0.07272619
v -0.01007080 -0.02134180 0.11385610
v -0.00660706 -0.02111530 0.11479270
v -0.00775140 -0.02118533 0.11454090
v -0.01523774 -0.02189922 0.11175810
v -0.03127503 -0.03082418 0.07546514
v -0.03173404 -0.03212159 0.07781594
v -0.03177905 -0.03008890 0.07805532
v -0.03213894 -0.03146559 0.08177888
v -0.03218370 -0.02914810 0.08190768
v -0.00631714 -0.02361547 0.11476410
v -0.00466609 -0.02272176 0.11508610
v -0.00660706 -0.02111530 0.11479270
v -0.00775140 -0.02118533 0.11454090
v -0.03206992 -0.03021293 0.08653968
v -0.03219157 -0.02844458 0.08483260
v -0.00466561 -0.02289319 0.11508320
v -0.00466532 -0.02300786 0.11508130
v -0.00323486 -0.02306127 0.11527770
v -0.00466532 -0.02300786 0.11508130
v -0.00775140 -0.02118533 0.11454090
v -0.00323486 -0.02306127 0.11527770
v -0.00347137 -0.02379870 0.11516180
v -0.00465393 -0.02102971 0.11514410
v 0.00088549 -0.02097105 0.11546280
v -0.00233465 -0.02098268 0.11537090
v -0.00302684 -0.02275854 0.11527460
v -0.00465393 -0.02102971 0.11514410
v -0.03193610 -0.02773690 0.08762353
v -0.03151154 -0.02720087 0.09018129
v -0.00233275 -0.02247405 0.11534510
v -0.00233465 -0.02098268 0.11537090
v 0.00088549 -0.02097105 0.11546280
v -0.00233257 -0.02265799 0.11534180
v -0.03119373 -0.02902412 0.09129232
v -0.00013425 -0.02263683 0.11542670
v 0.00091743 -0.02380681 0.11534380
v -0.00013425 -0.02263683 0.11542670
v -0.00233257 -0.02265799 0.11534180
v -0.00302684 -0.02275854 0.11527460
v -0.00013423 -0.02280819 0.11542360
v -0.00013422 -0.02298957 0.11542050
v -0.02954292 -0.02809667 0.09609502
v -0.02969169 -0.02579110 0.09597676
v -0.02990174 -0.02832490 0.09524601
v -0.02721786 -0.02454805 0.10059250
v -0.02694314 -0.02746909 0.10081380
v 0.01215320 -0.04732769 0.06907409
v 0.01215046 -0.04740291 0.06903058
v 0.01216912 -0.04744946 0.06897073
v 0.01215505 -0.04731220 0.06907552
v 0.01216197 -0.04728716 0.06907552
v 0.01215320 -0.04732769 0.06907409
v 0.03137469 -0.03071165 0.07593053
v 0.03078031 -0.03109925 0.07389730
v 0.03198128 -0.02977252 0.07937234
v 0.00703424 -0.02110970 0.11464200
v 0.01008623 -0.02129226 0.11383020
v 0.00780296 -0.02099233 0.11445890
v 0.00703424 -0.02110970 0.11464200
v 0.01008659 -0.02130991 0.11383550
v 0.01008623 -0.02129226 0.11383020
v 0.00682062 -0.02109086 0.11472790
v 0.01008456 -0.02136135 0.11384230
v 0.00682062 -0.02109086 0.11472790
v 0.01008659 -0.02130991 0.11383550
v 0.00703424 -0.02110970 0.11464200
v 0.00682062 -0.02109086 0.11472790
v 0.00660407 -0.02113091 0.11477220
v 0.01008456 -0.02136135 0.11384230
v 0.00660545 -0.02107924 0.11476580
v 0.00660545 -0.02107924 0.11476580
v 0.00334734 -0.02090495 0.11525760
v 0.00780296 -0.02099233 0.11445890
v 0.00500297 -0.02084594 0.11490070
v 0.00334734 -0.02090495 0.11525760
v 0.00500297 -0.02084594 0.11490070
v 0.00062752 -0.02076864 0.11541020
v 0.00345033 -0.02099126 0.11527720
v 0.00345033 -0.02099126 0.11527720
v 0.00660407 -0.02113091 0.11477220
v 0.00682062 -0.02109086 0.11472790
v 0.00660545 -0.02107924 0.11476580
v 0.00345033 -0.02099126 0.11527720
v 0.00682062 -0.02109086 0.11472790
v 0.00660545 -0.02107924 0.11476580
v 0.00332898 -0.02095252 0.11527710
v -0.00329500 -0.02077460 0.11517880
v 0.00062752 -0.02076864 0.11541020
v 0.00500297 -0.02084594 0.11490070
v 0.00000000 -0.02089184 0.11544480
v 0.00062752 -0.02076864 0.11541020
v -0.00013440 -0.02090960 0.11544990
v 0.00000000 -0.02090948 0.11545020
v 0.00194931 -0.03679078 0.05125993
v -0.00001049 -0.03673356 0.05127179
v 0.00385284 -0.03665924 0.05147826
v 0.00088549 -0.02097105 0.11546280
v 0.00088549 -0.02097105 0.11546280
v 0.00332898 -0.02095252 0.11527710
v 0.00000000 -0.02090948 0.11545020
v 0.00088549 -0.02097105 0.11546280
v 0.00194931 -0.03679078 0.05125993
v 0.00371414 -0.03682500 0.05143225
v 0.00013625 -0.03687816 0.05121743
v 0.00540161 -0.03669732 0.05167853
v 0.00194931 -0.03679078 0.05125993
v 0.00385284 -0.03665924 0.05147826
v 0.00540161 -0.03669732 0.05167853
v 0.00722164 -0.03667527 0.05203640
v 0.00371414 -0.03682500 0.05143225
v 0.00540161 -0.03669732 0.05167853
v 0.00371414 -0.03682500 0.05143225
v 0.00194931 -0.03679078 0.05125993
v 0.00765991 -0.03659582 0.05213445
v 0.00540161 -0.03669732 0.05167853
v 0.00385284 -0.03665924 0.05147826
v 0.00722027 -0.03665524 0.05203777
v 0.00722164 -0.03667527 0.05203640
v 0.00540161 -0.03669732 0.05167853
v 0.02993679 -0.02603292 0.09545320
v 0.03170472 -0.02738338 0.08901494
v 0.03082793 -0.02647960 0.09256070
v 0.00943756 -0.03641217 0.05259978
v 0.00765991 -0.03659582 0.05213445
v 0.00765991 -0.03659582 0.05213445
v 0.00943756 -0.03641217 0.05259978
v 0.00722164 -0.03667527 0.05203640
v 0.02937787 -0.02550697 0.09651464
v 0.02993679 -0.02603292 0.09545320
v 0.03082793 -0.02647960 0.09256070
v 0.01429742 -0.03597396 0.05453008
v 0.01370239 -0.03613036 0.05427068
v 0.00943756 -0.03641217 0.05259978
v 0.01425927 -0.03587770 0.05465978
v 0.01429742 -0.03597396 0.05453008
v 0.00943756 -0.03641217 0.05259978
v 0.01753991 -0.03543615 0.05644118
v 0.01425927 -0.03587770 0.05465978
v 0.00943756 -0.03641217 0.05259978
v 0.01753991 -0.03543615 0.05644118
v 0.01951980 -0.03521776 0.05770963
v 0.01370239 -0.03613036 0.05427068
v 0.01429742 -0.03597396 0.05453008
v 0.02723503 -0.02464628 0.10056960
v 0.02795124 -0.02478557 0.09913629
v 0.02638047 -0.02421617 0.10168920
v 0.02723503 -0.02464628 0.10056960
v 0.02937787 -0.02550697 0.09651464
v 0.02795124 -0.02478557 0.09913629
v 0.02638047 -0.02421617 0.10168920
v 0.02795124 -0.02478557 0.09913629
v 0.02453988 -0.02358382 0.10403910
v 0.02453988 -0.02358382 0.10403910
v 0.02638047 -0.02421617 0.10168920
v 0.01753991 -0.03543615 0.05644118
v 0.02335923 -0.02338355 0.10556690
v 0.02229362 -0.03456723 0.06017577
v 0.01951980 -0.03521776 0.05770963
v 0.02250671 -0.03443098 0.06047338
v 0.02246415 -0.03456765 0.06031966
v 0.01951980 -0.03521776 0.05770963
v 0.02229362 -0.03456723 0.06017577
v 0.02231287 -0.03461879 0.06016850
v 0.01951980 -0.03521776 0.05770963
v 0.02246415 -0.03456765 0.06031966
v 0.02335923 -0.02338355 0.10556690
v 0.02453988 -0.02358382 0.10403910
v 0.02032607 -0.02254176 0.10817610
v 0.02421563 -0.03434842 0.06204497
v 0.01951980 -0.03521776 0.05770963
v 0.02231287 -0.03461879 0.06016850
v 0.02406311 -0.03407996 0.06205260
v 0.02335923 -0.02338355 0.10556690
v 0.02032607 -0.02254176 0.10817610
v 0.01989746 -0.02252531 0.10859190
v 0.02367645 -0.03420352 0.06164026
v 0.02229362 -0.03456723 0.06017577
v 0.02406311 -0.03407996 0.06205260
v 0.02261042 -0.03450608 0.06047308
v 0.02229362 -0.03456723 0.06017577
v 0.02367645 -0.03420352 0.06164026
v 0.02261042 -0.03450608 0.06047308
v 0.02421563 -0.03434842 0.06204497
v 0.02231287 -0.03461879 0.06016850
v 0.02246415 -0.03456765 0.06031966
v 0.02406311 -0.03407996 0.06205260
v 0.02250671 -0.03443098 0.06047338
v 0.02581405 -0.03340578 0.06438726
v 0.02577459 -0.03353083 0.06421250
v 0.02406311 -0.03407996 0.06205260
v 0.02581405 -0.03340578 0.06438726
v 0.02484887 -0.03391593 0.06292241
v 0.02246415 -0.03456765 0.06031966
v 0.02261042 -0.03450608 0.06047308
v 0.01941943 -0.02250206 0.10895270
v 0.02335923 -0.02338355 0.10556690
v 0.01989746 -0.02252531 0.10859190
v 0.02421563 -0.03434842 0.06204497
v 0.02246415 -0.03456765 0.06031966
v 0.02484887 -0.03391593 0.06292241
v 0.01921081 -0.02253478 0.10914120
v 0.02335923 -0.02338355 0.10556690
v 0.01941943 -0.02250206 0.10895270
v 0.02480614 -0.03387713 0.06288760
v 0.02406311 -0.03407996 0.06205260
v 0.02577459 -0.03353083 0.06421250
v 0.01906317 -0.02236878 0.10916420
v 0.02032607 -0.02254176 0.10817610
v 0.01625204 -0.02185297 0.11085550
v 0.01989746 -0.02252531 0.10859190
v 0.02484887 -0.03391593 0.06292241
v 0.02406311 -0.03407996 0.06205260
v 0.02480614 -0.03387713 0.06288760
v 0.01908046 -0.02244812 0.10920760
v 0.01989746 -0.02252531 0.10859190
v 0.01907575 -0.02240961 0.10919150
v 0.01989746 -0.02252531 0.10859190
v 0.02483665 -0.03394639 0.06287962
v 0.01421731 -0.02158015 0.11208050
v 0.01906317 -0.02236878 0.10916420
v 0.01625204 -0.02185297 0.11085550
v 0.02674043 -0.03318506 0.06553512
v 0.01593017 -0.02191114 0.11115160
v 0.01906317 -0.02236878 0.10916420
v 0.01421731 -0.02158015 0.11208050
v 0.02716064 -0.03317397 0.06604284
v 0.02480614 -0.03387713 0.06288760
v 0.02577459 -0.03353083 0.06421250
v 0.02678912 -0.03325283 0.06551951
v 0.02480614 -0.03387713 0.06288760
v 0.02716064 -0.03317397 0.06604284
v 0.02678912 -0.03325283 0.06551951
v 0.01593017 -0.02191114 0.11115160
v 0.01989746 -0.02252531 0.10859190
v 0.01906317 -0.02236878 0.10916420
v 0.02716064 -0.03317397 0.06604284
v 0.02484887 -0.03391593 0.06292241
v 0.02678912 -0.03325283 0.06551951
v 0.02716064 -0.03317397 0.06604284
v 0.02421563 -0.03434842 0.06204497
v 0.02483665 -0.03394639 0.06287962
v 0.02716064 -0.03317397 0.06604284
v 0.02684777 -0.03316062 0.06568425
v 0.02930539 -0.03211069 0.06993573
v 0.02684777 -0.03316062 0.06568425
v 0.02674043 -0.03318506 0.06553512
v 0.02581405 -0.03340578 0.06438726
v 0.01593017 -0.02191114 0.11115160
v 0.01907575 -0.02240961 0.10919150
v 0.01989746 -0.02252531 0.10859190
v 0.02684777 -0.03316062 0.06568425
v 0.02577459 -0.03353083 0.06421250
v 0.02674043 -0.03318506 0.06553512
v 0.01640617 -0.02200239 0.11096690
v 0.02684777 -0.03316062 0.06568425
v 0.01640617 -0.02200239 0.11096690
v 0.01640695 -0.02201974 0.11097250
v 0.01634025 -0.02206116 0.11101760
v 0.01440423 -0.02180242 0.11207860
v 0.01640617 -0.02200239 0.11096690
v 0.01593017 -0.02191114 0.11115160
v 0.01440423 -0.02180242 0.11207860
v 0.01634395 -0.02201056 0.11100950
v 0.01640695 -0.02201974 0.11097250
v 0.01440423 -0.02180242 0.11207860
v 0.01634395 -0.02201056 0.11100950
v 0.01421731 -0.02158015 0.11208050
v 0.01625204 -0.02185297 0.11085550
v 0.01142495 -0.02126121 0.11321340
v 0.02930539 -0.03211069 0.06993573
v 0.01330912 -0.02154105 0.11253640
v 0.01421731 -0.02158015 0.11208050
v 0.01341634 -0.02154493 0.11247950
v 0.01330912 -0.02154105 0.11253640
v 0.01593017 -0.02191114 0.11115160
v 0.01421731 -0.02158015 0.11208050
v 0.01440423 -0.02180242 0.11207860
v 0.01440423 -0.02180242 0.11207860
v 0.01332092 -0.02166223 0.11259350
v 0.01634025 -0.02206116 0.11101760
v 0.01142495 -0.02126121 0.11321340
v 0.01341634 -0.02154493 0.11247950
v 0.01421731 -0.02158015 0.11208050
v 0.01330912 -0.02154105 0.11253640
v 0.01320552 -0.02156162 0.11260830
v 0.01593017 -0.02191114 0.11115160
v 0.01330912 -0.02154105 0.11253640
v 0.01320552 -0.02156162 0.11260830
v 0.01332092 -0.02166223 0.11259350
v 0.01440423 -0.02180242 0.11207860
v 0.01320552 -0.02156162 0.11260830
v 0.00780296 -0.02099233 0.11445890
v 0.01330912 -0.02154105 0.11253640
v 0.01142495 -0.02126121 0.11321340
v 0.03137469 -0.03071165 0.07593053
v 0.02930539 -0.03211069 0.06993573
v 0.03078031 -0.03109925 0.07389730
v 0.03137469 -0.03071165 0.07593053
v 0.03050559 -0.03154128 0.07283300
v 0.02930539 -0.03211069 0.06993573
v 0.00780296 -0.02099233 0.11445890
v 0.01320552 -0.02156162 0.11260830
v 0.01330912 -0.02154105 0.11253640
v 0.01016497 -0.02129876 0.11380420
v 0.01016497 -0.02129876 0.11380420
v 0.01320552 -0.02156162 0.11260830
v 0.00780296 -0.02099233 0.11445890
v 0.01016539 -0.02131628 0.11380970
v 0.01008623 -0.02129226 0.11383020
v 0.01016497 -0.02129876 0.11380420
v 0.00780296 -0.02099233 0.11445890
v -0.00243944 -0.04371309 0.10675710
v -0.00329518 -0.04380083 0.10772030
v -0.00314426 -0.04411280 0.10673890
v -0.00294572 -0.04372984 0.10728500
v -0.00308996 -0.04343557 0.10779370
v -0.00329518 -0.04380083 0.10772030
v -0.00243944 -0.04371309 0.10675710
v -0.00294572 -0.04372984 0.10728500
v -0.00329518 -0.04380083 0.10772030
v -0.00243944 -0.04371309 0.10675710
v -0.00243944 -0.04371309 0.10675710
v -0.00275815 -0.04318904 0.10736050
v -0.00308996 -0.04343557 0.10779370
v -0.00229806 -0.04342061 0.10675080
v -0.00185436 -0.04310315 0.10639060
v -0.00223923 -0.04344695 0.10669600
v -0.00154108 -0.04407876 0.10586580
v -0.00154108 -0.04407876 0.10586580
v -0.00243944 -0.04371309 0.10675710
v -0.00314426 -0.04411280 0.10673890
v -0.00169486 -0.04357838 0.10625920
v -0.00153774 -0.04343748 0.10620370
v 0.00017023 -0.04422777 0.10524500
v -0.00154108 -0.04407876 0.10586580
v -0.00029755 -0.04428589 0.10511200
v -0.00154108 -0.04407876 0.10586580
v 0.00017023 -0.04422777 0.10524500
v -0.00045967 -0.04398012 0.10560300
v -0.00053453 -0.04333418 0.10580530
v -0.00048113 -0.04378455 0.10571180
v -0.00050163 -0.04361575 0.10584250
v -0.00050163 -0.04361575 0.10584250
v -0.00154108 -0.04407876 0.10586580
v 0.00097537 -0.04329007 0.10583930
v 0.00097537 -0.04329007 0.10583930
v 0.01217269 -0.04695731 0.06917351
v 0.01216030 -0.04706531 0.06907778
v 0.01270878 -0.04695963 0.06943941
v 0.01216030 -0.04706531 0.06907778
v 0.01216197 -0.04728716 0.06907552
v 0.01270878 -0.04695963 0.06943941
v 0.00418872 -0.03791350 0.11331990
v -0.00416112 -0.02600950 0.11366640
v -0.00743103 -0.02615547 0.11303220
v -0.00433260 -0.03689241 0.11335450
v -0.00146103 -0.03709888 0.11361180
v -0.03062528 -0.03413289 0.08187896
v -0.03047275 -0.03894788 0.08347821
v -0.03004252 -0.03928083 0.08841127
v 0.00019407 -0.02587985 0.11395250
v 0.00149339 -0.03728342 0.11356840
v -0.03035897 -0.03271597 0.08691972
v -0.02948975 -0.03881078 0.09095090
v 0.00304025 -0.02597075 0.11380900
v 0.00433260 -0.03689241 0.11335450
v -0.02937126 -0.03148508 0.09208387
v 0.00562972 -0.02607083 0.11342790
v 0.01160240 -0.02634048 0.11176860
v -0.02880239 -0.03951686 0.09313482
v -0.02731800 -0.03021281 0.09729093
v -0.02625465 -0.03852510 0.09873861
v -0.02424621 -0.03851652 0.10173210
v 0.01712036 -0.02719634 0.10869870
v -0.02188485 -0.02823966 0.10485540
v 0.01893609 -0.02761405 0.10736360
v -0.01739495 -0.03848236 0.10829530
v -0.01602166 -0.02706480 0.10940060
v -0.01362228 -0.03825801 0.11044010
v 0.02697372 -0.03006213 0.09785360
v 0.02917730 -0.03135114 0.09266293
v -0.00411558 -0.03721565 0.11335750
v -0.00867462 -0.03835290 0.11242380
v -0.00435698 -0.03822296 0.11331490
v -0.01206970 -0.02656596 0.11152920
v -0.01079654 -0.03826051 0.11165130
v 0.03025102 -0.03251045 0.08816522
v 0.03061687 -0.03412157 0.08176749
v -0.02503579 -0.03755140 0.06558889
v -0.02307510 -0.03922379 0.06328862
v -0.02468490 -0.03921979 0.06531804
v -0.02678871 -0.03890657 0.06855672
v -0.02916806 -0.03572130 0.07392114
v -0.02969712 -0.03912991 0.07619661
v -0.03025472 -0.03958803 0.07980352
v -0.03218370 -0.02914810 0.08190768
v -0.03143090 -0.02704101 0.09024566
v 0.03211861 -0.02821302 0.08562368
v 0.03170472 -0.02738338 0.08901494
v -0.02198791 -0.02291005 0.10668080
v -0.01844018 -0.02224302 0.10966580
v 0.03216934 -0.02920264 0.08168739
v 0.02032607 -0.02254176 0.10817610
v -0.03177905 -0.03008890 0.07805532
v -0.00416178 -0.03666108 0.05153357
v -0.00816345 -0.03647518 0.05229842
v 0.00385284 -0.03665924 0.05147826
v 0.03198128 -0.02977252 0.07937234
v -0.03052330 -0.03131437 0.07308858
v 0.03078031 -0.03109925 0.07389730
v -0.00885010 -0.03642922 0.05242812
v -0.02788347 -0.02477020 0.09925740
v -0.02909374 -0.03229904 0.06935971
v -0.02570724 -0.03350585 0.06408971
v -0.01983642 -0.03505468 0.05804723
v -0.02943509 -0.02553457 0.09629911
v -0.02241516 -0.03444617 0.06040465
v 0.01951980 -0.03521776 0.05770963
v 0.02937787 -0.02550697 0.09651464
v -0.00899124 -0.02108597 0.11409680
v 0.00780296 -0.02099233 0.11445890
v 0.03082793 -0.02647960 0.09256070
v -0.01319122 -0.02149742 0.11261740
v 0.00199670 -0.04619908 0.08272165
v 0.00211519 -0.04561269 0.08956867
v -0.00200146 -0.04567748 0.08905059
v -0.00427592 -0.04724854 0.07164752
v -0.00646973 -0.04687345 0.07538980
v -0.00961685 -0.04708230 0.07303160
v -0.00626850 -0.04690796 0.07523745
v 0.00947809 -0.04536181 0.09333485
v 0.00748771 -0.04559838 0.08992856
v 0.00785142 -0.04568696 0.08898204
v -0.01129239 -0.04785716 0.06392329
v -0.01307004 -0.04742455 0.06932514
v -0.01652431 -0.04737311 0.06976979
v -0.01204150 -0.04745072 0.06911665
v -0.01359367 -0.04492163 0.09790319
v -0.01939487 -0.04482966 0.09898561
v -0.01455867 -0.04501664 0.09659045
v -0.01265573 -0.04488027 0.09824961
v -0.00521707 -0.04694473 0.07490891
v 0.01457458 -0.04502826 0.09664613
v 0.01466870 -0.04508739 0.09586834
v -0.00314426 -0.04411280 0.10673890
v -0.00520515 -0.04393810 0.10879220
v -0.00707811 -0.04486262 0.09820479
v 0.01187044 -0.04565846 0.08934813
v -0.01156485 -0.04489219 0.09833616
v -0.01222801 -0.04424035 0.10561650
v -0.01135182 -0.04489320 0.09818512
v 0.00766712 -0.04582077 0.08750337
v 0.01155632 -0.04586464 0.08709543
v -0.00371486 -0.04693585 0.07501327
v 0.00167781 -0.04691356 0.07516247
v -0.00210094 -0.04682254 0.07616883
v 0.00695992 -0.04592299 0.08619207
v -0.00737011 -0.04487544 0.09797459
v -0.01132202 -0.04488068 0.09802395
v -0.00267690 -0.04690027 0.07543843
v 0.00852394 -0.04626250 0.08234304
v 0.00460458 -0.04620087 0.08302015
v 0.00791579 -0.04637086 0.08104228
v 0.00405395 -0.04639220 0.08116245
v -0.00554979 -0.04489219 0.09837317
v 0.00809145 -0.04643744 0.08016675
v 0.00425583 -0.04657584 0.07899349
v -0.00070256 -0.04489272 0.09836643
v 0.00563139 -0.04673928 0.07685083
v -0.02353894 -0.04575496 0.08834809
v -0.02363055 -0.04635185 0.08133357
v -0.01978993 -0.04720759 0.07116836
v 0.00414467 -0.04489290 0.09836459
v 0.00580508 -0.04676431 0.07680934
v 0.01272970 -0.04734474 0.06943356
v 0.00868988 -0.04655313 0.07922643
v 0.00049400 -0.04529333 0.09345144
v -0.00150067 -0.04549181 0.09123772
v 0.01375484 -0.04700088 0.07418340
v 0.00293112 -0.04551255 0.09047740
v 0.00343943 -0.04524242 0.09433120
v 0.00369924 -0.04553288 0.09085482
v -0.01457363 -0.04729110 0.07087677
v -0.01783895 -0.04721808 0.07028549
v 0.01221579 -0.04489290 0.09836459
v 0.01411908 -0.04698944 0.07414656
v 0.01306957 -0.04489749 0.09819388
v 0.00581473 -0.04551935 0.09098786
v 0.00806570 -0.04525697 0.09409302
v -0.00734508 -0.04680669 0.07627022
v -0.01126521 -0.04681396 0.07600891
v 0.01456546 -0.04697096 0.07433962
v 0.01390355 -0.04494732 0.09772723
v 0.00674719 -0.04555839 0.09071439
v -0.01387691 -0.04737383 0.06983655
v 0.00737494 -0.04564380 0.09027546
v 0.01548421 -0.04750245 0.06831842
v -0.01199918 -0.04743862 0.06917953
v 0.01216912 -0.04744946 0.06897073
v 0.02900123 -0.02790594 0.09730046
v 0.02562713 -0.02646785 0.10280500
v 0.02993679 -0.02603292 0.09545320
v 0.02976208 -0.02767819 0.09556531
v 0.03035354 -0.02909803 0.09389775
v 0.03157639 -0.02979248 0.08948796
v 0.03170472 -0.02738338 0.08901494
v 0.03211152 -0.03063333 0.08553999
v 0.03211861 -0.02821302 0.08562368
v 0.03216934 -0.02920264 0.08168739
v 0.03212279 -0.03159052 0.08136516
v 0.03198128 -0.02977252 0.07937234
v 0.00508684 -0.02105653 0.11509070
v 0.00345033 -0.02099126 0.11527720
v 0.00088549 -0.02097105 0.11546280
v 0.00412798 -0.02259117 0.11513160
v 0.00508684 -0.02105653 0.11509070
v 0.00324667 -0.02276223 0.11526060
v 0.03153634 -0.03239637 0.07669681
v 0.00853193 -0.02285844 0.11420890
v 0.00324637 -0.02294492 0.11525740
v 0.03137469 -0.03071165 0.07593053
v 0.00550836 -0.02351415 0.11493860
v 0.00332427 -0.02313321 0.11524610
v 0.00344849 -0.02355355 0.11520650
v 0.03050559 -0.03154128 0.07283300
v 0.00345033 -0.02099126 0.11527720
v 0.00660407 -0.02113091 0.11477220
v 0.00508684 -0.02105653 0.11509070
v 0.03009361 -0.03354161 0.07182401
v 0.02930539 -0.03211069 0.06993573
v 0.02749627 -0.03357070 0.06646627
v 0.02771759 -0.03472369 0.06698125
v 0.00808883 -0.02320140 0.11434910
v 0.00988770 -0.02385044 0.11384090
v 0.01008456 -0.02136135 0.11384230
v 0.00965381 -0.02132964 0.11397980
v 0.02524369 -0.03597086 0.06340688
v 0.01162713 -0.02150481 0.11329930
v 0.01008456 -0.02136135 0.11384230
v 0.00965381 -0.02132964 0.11397980
v 0.00965381 -0.02132964 0.11397980
v 0.02276420 -0.03620624 0.06064695
v 0.01008456 -0.02136135 0.11384230
v 0.01332092 -0.02166223 0.11259350
v 0.01162713 -0.02150481 0.11329930
v 0.01951980 -0.03521776 0.05770963
v 0.01162713 -0.02150481 0.11329930
v 0.01400750 -0.03782796 0.05438792
v 0.01803869 -0.03791981 0.05691468
v 0.01007390 -0.02330636 0.11380960
v 0.01284790 -0.02414458 0.11274230
v 0.00744718 -0.03892344 0.05219334
v 0.00722164 -0.03667527 0.05203640
v 0.00449371 -0.03839057 0.05155360
v 0.00371414 -0.03682500 0.05143225
v 0.01249670 -0.02350556 0.11289440
v 0.00249100 -0.03845179 0.05133330
v 0.00249100 -0.03845179 0.05133330
v 0.00744718 -0.03892344 0.05219334
v 0.00449371 -0.03839057 0.05155360
v 0.00013625 -0.03687816 0.05121743
v 0.01303100 -0.02164560 0.11271260
v 0.01332092 -0.02166223 0.11259350
v 0.00853193 -0.02285844 0.11420890
v 0.01007390 -0.02330636 0.11380960
v -0.00335407 -0.03799659 0.05128580
v -0.00249100 -0.03678900 0.05129069
v 0.01134961 -0.02360463 0.11335800
v 0.01007390 -0.02330636 0.11380960
v 0.01284790 -0.02414458 0.11274230
v 0.01134961 -0.02360463 0.11335800
v 0.01659393 -0.02210545 0.11090360
v 0.01332092 -0.02166223 0.11259350
v 0.01303100 -0.02164560 0.11271260
v 0.01284790 -0.02414458 0.11274230
v 0.01341509 -0.02318120 0.11251160
v 0.01659393 -0.02210545 0.11090360
v 0.01341366 -0.02337950 0.11250820
v 0.01659393 -0.02210545 0.11090360
v 0.01634025 -0.02206116 0.11101760
v 0.01332092 -0.02166223 0.11259350
v 0.01623433 -0.02381455 0.11104450
v 0.01715689 -0.02401387 0.11044220
v 0.01715689 -0.02401387 0.11044220
v 0.01615899 -0.02453368 0.11104860
v 0.01284790 -0.02414458 0.11274230
v 0.01659393 -0.02210545 0.11090360
v 0.01921081 -0.02253478 0.10914120
v 0.01634025 -0.02206116 0.11101760
v 0.02335923 -0.02338355 0.10556690
v 0.01921081 -0.02253478 0.10914120
v 0.01659393 -0.02210545 0.11090360
v 0.01926040 -0.02404445 0.10905240
v 0.02050781 -0.02502012 0.10810360
v 0.02240467 -0.02535247 0.10653390
v 0.00251239 -0.03787863 0.10746370
v -0.00140524 -0.03786468 0.10640060
v 0.00074768 -0.03787106 0.10626950
v 0.00316691 -0.03796070 0.11259510
v -0.00296849 -0.03786540 0.11277070
v -0.02368021 -0.04314899 0.06756108
v -0.02099800 -0.04298728 0.06958860
v -0.02288818 -0.04453986 0.06826299
v -0.02050316 -0.04282981 0.06237107
v -0.01649183 -0.04286617 0.06679224
v -0.02398729 -0.04284608 0.06674808
v -0.01841872 -0.04290378 0.06974822
v -0.02088165 -0.04288709 0.06944125
v -0.01673901 -0.04298365 0.06510394
v -0.01949596 -0.04321473 0.06247794
v -0.01678276 -0.04615068 0.06480211
v -0.01621031 -0.04325354 0.06688892
v -0.01673901 -0.04298365 0.06510394
v -0.01619482 -0.04662698 0.06625676
v -0.01629048 -0.04689067 0.06792503
v -0.01645153 -0.04314851 0.06789845
v -0.01702022 -0.04635089 0.06909888
v -0.01885777 -0.04329061 0.07014983
v -0.01702022 -0.04635089 0.06909888
v -0.01829147 -0.04631769 0.06987589
v -0.01885777 -0.04329061 0.07014983
v -0.01829147 -0.04631769 0.06987589
v -0.01838272 -0.04675388 0.07005566
v -0.01885777 -0.04329061 0.07014983
v -0.01838272 -0.04675388 0.07005566
v -0.02036660 -0.04627841 0.07007092
v 0.01927566 -0.04330492 0.06265252
v 0.01680272 -0.04315638 0.06487268
v 0.01797860 -0.04506254 0.06365436
v 0.02392596 -0.04287517 0.06690257
v 0.02009952 -0.04286134 0.06244295
v 0.01997756 -0.04306155 0.06189352
v 0.02037137 -0.04286444 0.06961578
v 0.01667624 -0.04287266 0.06790679
v 0.01663535 -0.04292976 0.06538611
v 0.02009952 -0.04286134 0.06244295
v 0.02392596 -0.04287517 0.06690257
v 0.01840412 -0.04335749 0.06986361
v 0.02030795 -0.04292947 0.06999784
v 0.02090781 -0.04446864 0.06987112
v 0.01767468 -0.04633522 0.06965678
v 0.01638239 -0.04319345 0.06776720
v 0.01702404 -0.04320567 0.06887906
v 0.01633656 -0.04681330 0.06797730
v 0.01767468 -0.04633522 0.06965678
v 0.01629054 -0.04328989 0.06598144
v 0.01638239 -0.04319345 0.06776720
v 0.01628971 -0.04657983 0.06760662
v 0.01633656 -0.04681330 0.06797730
v 0.01618295 -0.04661160 0.06599903
v 0.01629054 -0.04328989 0.06598144
v 0.01618295 -0.04661160 0.06599903
v 0.01681900 -0.04608869 0.06479924
v 0.01680272 -0.04315638 0.06487268
v 0.01629054 -0.04328989 0.06598144
v 0.01797860 -0.04506254 0.06365436
v 0.01797860 -0.04506254 0.06365436
v -0.00312692 -0.03804570 0.10863260
v -0.00332713 -0.03927701 0.11274330
v -0.00332445 -0.04180949 0.11132800
v -0.00332320 -0.04332232 0.10866340
v -0.00253701 -0.03811490 0.10710820
v -0.00308996 -0.04343557 0.10779370
v -0.00253701 -0.03811490 0.10710820
v -0.00253701 -0.03811490 0.10710820
v 0.00264376 -0.03841042 0.10725770
v 0.00194931 -0.03817170 0.10659490
v 0.00268364 -0.04335826 0.10716520
v 0.00264376 -0.03841042 0.10725770
v 0.00268364 -0.04335826 0.10716520
v 0.00313431 -0.04304194 0.10810550
v 0.00308728 -0.03808176 0.10824230
v 0.00308728 -0.03808176 0.10824230
v 0.00313431 -0.04304194 0.10810550
v 0.00325072 -0.04352748 0.10810940
v 0.00308728 -0.03808176 0.10824230
v 0.00325072 -0.04352748 0.10810940
v 0.00339752 -0.04253435 0.11066570
v 0.00328976 -0.04122775 0.11164370
v 0.00316691 -0.03796070 0.11259510
v -0.01138597 -0.04269337 0.05574655
v -0.01485502 -0.04273903 0.05749422
v -0.01570534 -0.04259717 0.05798548
v -0.01138597 -0.04269337 0.05574655
v -0.01570534 -0.04259717 0.05798548
v -0.01473224 -0.04257065 0.05734831
v -0.01129269 -0.04361420 0.05622863
v -0.00965816 -0.04391086 0.05581498
v -0.01323091 -0.04367387 0.05722188
v -0.02075570 -0.03855460 0.10552870
v -0.01739495 -0.03848236 0.10829530
v -0.02424621 -0.03851652 0.10173210
v -0.01144862 -0.04254400 0.05570489
v -0.01138597 -0.04269337 0.05574655
v -0.01473224 -0.04257065 0.05734831
v -0.02344244 -0.04537934 0.09174627
v -0.02373677 -0.03911072 0.10212830
v -0.02154821 -0.03924793 0.10459190
v -0.02075570 -0.03855460 0.10552870
v -0.02183115 -0.03936332 0.10427370
v -0.02345329 -0.04170715 0.10110570
v -0.02224290 -0.04162782 0.10253670
v -0.02198749 -0.04144978 0.10300210
v -0.01097881 -0.04244893 0.05547118
v -0.01347076 -0.04242801 0.05663228
v -0.01665490 -0.04180091 0.05807012
v -0.02406871 -0.04141438 0.10051820
v -0.02198749 -0.04144978 0.10300210
v -0.02101302 -0.04137045 0.10410040
v -0.02020937 -0.04116708 0.10495020
v -0.02450793 -0.04164183 0.09967523
v -0.02345329 -0.04170715 0.10110570
v -0.02198749 -0.04144978 0.10300210
v -0.02306073 -0.04123634 0.10195490
v -0.02406871 -0.04141438 0.10051820
v -0.02020937 -0.04116708 0.10495020
v -0.00817770 -0.04571163 0.05690711
v -0.00609964 -0.04665797 0.05743491
v -0.01174157 -0.04554408 0.05799764
v -0.02406871 -0.04141438 0.10051820
v -0.02450793 -0.04164183 0.09967523
v -0.02198749 -0.04144978 0.10300210
v -0.02586269 -0.04488080 0.07266896
v -0.02427101 -0.04596215 0.07272428
v -0.02653539 -0.04523748 0.07731479
v -0.02512598 -0.04141712 0.09899270
v -0.02406871 -0.04141438 0.10051820
v -0.02306073 -0.04123634 0.10195490
v -0.00341034 -0.04774039 0.05948531
v -0.00953102 -0.04763954 0.06112563
v -0.00645381 -0.04749774 0.05954962
v -0.02165925 -0.04093176 0.10373090
v -0.02306073 -0.04123634 0.10195490
v -0.02165561 -0.04108178 0.10366910
v -0.00983059 -0.04369044 0.05570876
v -0.00510883 -0.04540961 0.05571264
v -0.01174157 -0.04554408 0.05799764
v -0.02393138 -0.04096108 0.10107800
v -0.02165925 -0.04093176 0.10373090
v -0.02129751 -0.04084122 0.10418460
v -0.02393138 -0.04096108 0.10107800
v -0.02129751 -0.04084122 0.10418460
v -0.02091294 -0.04071527 0.10460540
v -0.02472949 -0.04107916 0.09985876
v -0.02512598 -0.04141712 0.09899270
v -0.02306073 -0.04123634 0.10195490
v -0.02472949 -0.04107916 0.09985876
v -0.02472949 -0.04107916 0.09985876
v -0.02165925 -0.04093176 0.10373090
v -0.02393138 -0.04096108 0.10107800
v -0.02275460 -0.04076689 0.10262600
v -0.02393138 -0.04096108 0.10107800
v -0.02091294 -0.04071527 0.10460540
v -0.01048254 -0.04281640 0.05545306
v -0.01180833 -0.04309058 0.05613309
v -0.02247047 -0.04676008 0.07334607
v -0.02459245 -0.04628294 0.07787710
v -0.02265805 -0.04065805 0.10277980
v -0.02119386 -0.04064238 0.10437500
v -0.01108133 -0.04336118 0.05598217
v -0.02110624 -0.04058033 0.10448740
v -0.00664133 -0.04798841 0.06204122
v -0.00436592 -0.04792732 0.06064116
v -0.00946689 -0.04342848 0.05542051
v -0.02878952 -0.04106467 0.07401746
v -0.02914255 -0.04182744 0.07664090
v -0.02967149 -0.04169327 0.07917207
v -0.02955287 -0.04092264 0.07691854
v -0.02477973 -0.04095441 0.09988158
v -0.02472949 -0.04107916 0.09985876
v -0.02393138 -0.04096108 0.10107800
v -0.02757811 -0.04426938 0.07668393
v -0.02855062 -0.04278916 0.07580131
v -0.02290439 -0.04311698 0.10018430
v -0.02516692 -0.04376024 0.09566396
v -0.02178573 -0.04356241 0.10042080
v -0.01214873 -0.04121637 0.05551666
v -0.01363366 -0.04070997 0.05596441
v -0.02460747 -0.04083895 0.10021080
v -0.02393138 -0.04096108 0.10107800
v -0.00837141 -0.04498070 0.05620682
v -0.00953019 -0.04296612 0.05518883
v -0.01105201 -0.04246062 0.05549627
v -0.01473224 -0.04257065 0.05734831
v -0.01105201 -0.04246062 0.05549627
v -0.01097881 -0.04244893 0.05547118
v -0.01105201 -0.04246062 0.05549627
v -0.01347076 -0.04242801 0.05663228
v -0.02385890 -0.04066562 0.10140670
v -0.02265805 -0.04065805 0.10277980
v -0.02232396 -0.04058945 0.10322690
v -0.02520251 -0.04451322 0.09311574
v -0.02308845 -0.04483199 0.09521192
v -0.00442916 -0.04342460 0.10999480
v -0.00417018 -0.04377692 0.10928520
v -0.00430345 -0.04263067 0.11124120
v -0.00796127 -0.04335546 0.10956850
v -0.00849157 -0.04441171 0.05576205
v -0.02467733 -0.04288321 0.09791171
v -0.02385294 -0.04264122 0.09940665
v -0.01036518 -0.04452788 0.05651962
v -0.02960300 -0.03953361 0.07593244
v -0.02175903 -0.03975820 0.10430800
v -0.01132798 -0.04441189 0.05683088
v -0.00776386 -0.04251873 0.05447417
v -0.01144862 -0.04254400 0.05570489
v -0.01105201 -0.04246062 0.05549627
v -0.01097881 -0.04244893 0.05547118
v -0.00776386 -0.04251873 0.05447417
v -0.01105201 -0.04246062 0.05549627
v -0.02639961 -0.04021161 0.09800237
v -0.02507251 -0.04228180 0.09817183
v -0.02356183 -0.03963273 0.10221660
v -0.02639961 -0.04021161 0.09800237
v -0.02175903 -0.03975820 0.10430800
v -0.01045554 -0.04414141 0.05624926
v -0.02285379 -0.04254949 0.10089710
v -0.02326750 -0.04211676 0.10091750
v -0.00766319 -0.04407852 0.05528485
v -0.02507251 -0.04228180 0.09817183
v -0.02326750 -0.04211676 0.10091750
v -0.02275943 -0.04200875 0.10160520
v -0.00720596 -0.04346096 0.10937570
v -0.01114928 -0.04145443 0.05516159
v -0.02416110 -0.03952968 0.10153520
v -0.02244460 -0.03953284 0.10352970
v -0.02468711 -0.03968465 0.10071790
v -0.01906967 -0.04720079 0.07073682
v -0.01086419 -0.04063397 0.05480849
v -0.02415156 -0.03934293 0.10160030
v -0.00628686 -0.04521358 0.05586451
v -0.02356183 -0.03963273 0.10221660
v -0.02416110 -0.03952968 0.10153520
v -0.00559998 -0.04145002 0.11198700
v -0.00430345 -0.04263067 0.11124120
v -0.00380897 -0.04110670 0.11252300
v -0.02480578 -0.04188948 0.09900385
v -0.02275943 -0.04200875 0.10160520
v -0.00819498 -0.04350507 0.05505847
v -0.02537840 -0.04197418 0.09807163
v -0.00959265 -0.04245042 0.05496346
v -0.00769728 -0.04316723 0.05474936
v -0.00769728 -0.04316723 0.05474936
v -0.00649846 -0.04298257 0.05434072
v -0.02813237 -0.04202878 0.07331728
v -0.02894878 -0.04214996 0.07624429
v -0.02967149 -0.04169327 0.07917207
v -0.02813237 -0.04202878 0.07331728
v -0.02967149 -0.04169327 0.07917207
v -0.02914255 -0.04182744 0.07664090
v -0.02450793 -0.04164183 0.09967523
v -0.02345329 -0.04170715 0.10110570
v -0.00787473 -0.04247772 0.11062280
v -0.00806439 -0.04267823 0.05458950
v -0.01222801 -0.04424035 0.10561650
v -0.00520515 -0.04393810 0.10879220
v -0.00417018 -0.04377692 0.10928520
v -0.00438350 -0.04079383 0.11265270
v -0.00490558 -0.04091745 0.11250220
v -0.02708399 -0.04348909 0.07276350
v -0.01312160 -0.04379218 0.10676470
v -0.00422668 -0.04474592 0.05514806
v -0.02813237 -0.04202878 0.07331728
v -0.00553036 -0.04117673 0.11222510
v -0.00776386 -0.04251873 0.05447417
v -0.02418076 -0.03880220 0.10166450
v -0.00959265 -0.04245042 0.05496346
v -0.00776386 -0.04251873 0.05447417
v -0.01097881 -0.04244893 0.05547118
v -0.00582469 -0.04429179 0.05497848
v -0.02194309 -0.04655313 0.07023996
v -0.02704113 -0.04337090 0.07241171
v -0.02688252 -0.04171109 0.09560507
v -0.02406871 -0.04141438 0.10051820
v -0.02512598 -0.04141712 0.09899270
v -0.02688252 -0.04171109 0.09560507
v -0.02406871 -0.04141438 0.10051820
v -0.00485450 -0.04053801 0.11270140
v -0.00471234 -0.04076141 0.11261680
v -0.01210778 -0.04288429 0.10888180
v -0.00987571 -0.04301697 0.10931020
v -0.00796127 -0.04335546 0.10956850
v -0.00768113 -0.04220479 0.11096040
v -0.00430345 -0.04263067 0.11124120
v -0.00688165 -0.04214423 0.11143010
v -0.02563905 -0.04128408 0.09837174
v -0.00618529 -0.04079455 0.11230540
v -0.02622979 -0.04383230 0.07129949
v -0.00681531 -0.04378527 0.05484956
v -0.02692025 -0.04337263 0.07173436
v -0.02894878 -0.04214996 0.07624429
v -0.02777278 -0.04270339 0.07326728
v -0.00604248 -0.04371595 0.05462157
v -0.00819498 -0.04350507 0.05505847
v -0.00946689 -0.04342848 0.05542051
v -0.00616449 -0.04062080 0.11238480
v -0.00624079 -0.04333096 0.05445426
v -0.00604248 -0.04371595 0.05462157
v -0.00946689 -0.04342848 0.05542051
v -0.00769728 -0.04316723 0.05474936
v -0.01017588 -0.04354113 0.10832810
v -0.02732086 -0.04259216 0.07186180
v -0.02639961 -0.04021161 0.09800237
v -0.02675199 -0.04100179 0.09657675
v -0.02563905 -0.04128408 0.09837174
v -0.02472949 -0.04107916 0.09985876
v -0.01210778 -0.04288429 0.10888180
v -0.02675199 -0.04100179 0.09657675
v -0.02582150 -0.04504466 0.08915227
v -0.00456005 -0.04027098 0.11286270
v -0.00450897 -0.03966277 0.11309520
v -0.02680951 -0.04238826 0.07049411
v -0.00476557 -0.04034090 0.11280140
v -0.02639961 -0.04021161 0.09800237
v -0.02265805 -0.04065805 0.10277980
v -0.02385890 -0.04066562 0.10140670
v -0.02675199 -0.04100179 0.09657675
v -0.02477973 -0.04095441 0.09988158
v -0.02393138 -0.04096108 0.10107800
v -0.00688165 -0.04214423 0.11143010
v -0.00485676 -0.04019725 0.11284430
v -0.02675199 -0.04100179 0.09657675
v -0.02393138 -0.04096108 0.10107800
v -0.02460747 -0.04083895 0.10021080
v -0.00725555 -0.04083800 0.05372995
v -0.00598902 -0.04096448 0.05345243
v -0.01086419 -0.04063397 0.05480849
v -0.02511972 -0.04572343 0.08584314
v -0.00500679 -0.04038417 0.11274490
v -0.00516462 -0.04022502 0.11277610
v -0.00630438 -0.04257249 0.05409407
v -0.02365916 -0.04526799 0.06897348
v -0.02253723 -0.04611158 0.06960576
v -0.00598902 -0.04096448 0.05345243
v -0.00776386 -0.04251873 0.05447417
v -0.00604248 -0.04371595 0.05462157
v -0.02752012 -0.04126322 0.07072538
v -0.02692025 -0.04337263 0.07173436
v -0.02704113 -0.04337090 0.07241171
v -0.02855062 -0.04278916 0.07580131
v -0.01033741 -0.04330438 0.10871790
v -0.02681964 -0.04284429 0.07104361
v -0.00457966 -0.04281240 0.05389189
v -0.02732086 -0.04259216 0.07186180
v -0.00370979 -0.04275161 0.05374354
v -0.00806439 -0.04267823 0.05458950
v -0.00692552 -0.04270881 0.05429005
v -0.00370979 -0.04275161 0.05374354
v -0.00457966 -0.04281240 0.05389189
v -0.00806439 -0.04267823 0.05458950
v -0.02667725 -0.04224753 0.09534007
v -0.00423551 -0.04263848 0.05376338
v -0.00370979 -0.04275161 0.05374354
v -0.00692552 -0.04270881 0.05429005
v -0.00423551 -0.04263848 0.05376338
v -0.00692552 -0.04270881 0.05429005
v -0.00806439 -0.04267823 0.05458950
v -0.00423551 -0.04263848 0.05376338
v -0.00806439 -0.04267823 0.05458950
v -0.00630438 -0.04257249 0.05409407
v -0.02639961 -0.04021161 0.09800237
v -0.02468711 -0.03968465 0.10071790
v -0.02416110 -0.03952968 0.10153520
v -0.02429056 -0.04443979 0.06839841
v -0.02690416 -0.04195344 0.09528809
v -0.02644187 -0.04218029 0.06949084
v -0.02644187 -0.04218029 0.06949084
v -0.02894878 -0.04214996 0.07624429
v -0.02813237 -0.04202878 0.07331728
v -0.00462156 -0.03920269 0.11316650
v -0.00500435 -0.03940832 0.11305990
v -0.00814247 -0.03957319 0.11244100
v -0.02639961 -0.04021161 0.09800237
v -0.02644187 -0.04218029 0.06949084
v -0.01548576 -0.04347181 0.10614290
v -0.00301433 -0.04347831 0.05401098
v -0.00738537 -0.04091179 0.11199270
v -0.00277036 -0.04421341 0.05444878
v -0.00737107 -0.04100477 0.11194520
v -0.00463861 -0.03878736 0.11323250
v -0.00314456 -0.04334723 0.05395251
v -0.02793169 -0.04292368 0.09109967
v -0.00336635 -0.04304957 0.05382168
v -0.00336635 -0.04304957 0.05382168
v -0.00624079 -0.04333096 0.05445426
v -0.00769728 -0.04316723 0.05474936
v -0.00570238 -0.03926610 0.11294820
v 0.00023079 -0.04397535 0.05404180
v -0.00505179 -0.03914803 0.11310780
v -0.02818673 -0.03971052 0.07166570
v -0.00769728 -0.04316723 0.05474936
v -0.00709480 -0.03922694 0.11265110
v -0.00570238 -0.03926610 0.11294820
v -0.00500435 -0.03940832 0.11305990
v -0.00709480 -0.03922694 0.11265110
v -0.00941557 -0.04132694 0.11113830
v -0.02703046 -0.04158210 0.09550178
v -0.02512598 -0.04141712 0.09899270
v -0.00937080 -0.04085046 0.11142970
v -0.02492618 -0.04289191 0.06732648
v -0.02492618 -0.04289191 0.06732648
v -0.02804058 -0.04210990 0.09242147
v -0.00317699 -0.04257905 0.05358356
v -0.00423551 -0.04263848 0.05376338
v -0.00630438 -0.04257249 0.05409407
v -0.00317699 -0.04257905 0.05358356
v -0.00630438 -0.04257249 0.05409407
v -0.00776386 -0.04251873 0.05447417
v -0.02678871 -0.03890657 0.06855672
v -0.02730149 -0.04138380 0.09510385
v -0.02512598 -0.04141712 0.09899270
v -0.02563905 -0.04128408 0.09837174
v -0.02692025 -0.04337263 0.07173436
v -0.02492618 -0.04289191 0.06732648
v -0.02704113 -0.04337090 0.07241171
v -0.00509167 -0.03902500 0.11312280
v -0.00494385 -0.03853178 0.11320760
v -0.00370979 -0.04275161 0.05374354
v -0.00423551 -0.04263848 0.05376338
v -0.00317699 -0.04257905 0.05358356
v 0.00000000 -0.04276037 0.05348944
v -0.00423551 -0.04263848 0.05376338
v -0.02727085 -0.04122430 0.09538495
v -0.02675199 -0.04100179 0.09657675
v -0.00802469 -0.04047262 0.11203670
v -0.00285709 -0.04199439 0.05334037
v -0.00317699 -0.04257905 0.05358356
v -0.00944084 -0.04121476 0.11120180
v -0.00156778 -0.04100179 0.05293440
v -0.02492618 -0.04289191 0.06732648
v -0.00799400 -0.04038012 0.11207120
v -0.00500679 -0.04038417 0.11274490
v -0.00476557 -0.04034090 0.11280140
v -0.00799400 -0.04038012 0.11207120
v -0.01154041 -0.04316425 0.10847690
v -0.00796127 -0.04335546 0.10956850
v -0.01082772 -0.04232233 0.10981950
v -0.00799400 -0.04038012 0.11207120
v -0.00987571 -0.04301697 0.10931020
v -0.02639961 -0.04021161 0.09800237
v -0.02680951 -0.04238826 0.07049411
v -0.00851101 -0.04101574 0.11162960
v -0.00737107 -0.04100477 0.11194520
v -0.00747508 -0.04025131 0.11228120
v -0.00804996 -0.04028111 0.11211130
v -0.00516462 -0.04022502 0.11277610
v -0.02870982 -0.04093664 0.09230035
v -0.00747907 -0.04021692 0.11229360
v -0.00747508 -0.04025131 0.11228120
v -0.02644187 -0.04218029 0.06949084
v -0.00806022 -0.04019755 0.11214160
v -0.01548576 -0.04347181 0.10614290
v -0.00987571 -0.04301697 0.10931020
v -0.01124703 -0.04300576 0.10884260
v -0.00937080 -0.04085046 0.11142970
v -0.00738537 -0.04091179 0.11199270
v -0.00618529 -0.04079455 0.11230540
v -0.00937080 -0.04085046 0.11142970
v -0.02792114 -0.04117465 0.09385061
v -0.02727085 -0.04122430 0.09538495
v -0.02675199 -0.04100179 0.09657675
v -0.02792114 -0.04117465 0.09385061
v -0.01060223 -0.04189258 0.11030480
v -0.02533894 -0.04248553 0.06772440
v -0.02595221 -0.04227280 0.06859058
v -0.02533894 -0.04248553 0.06772440
v -0.02644187 -0.04218029 0.06949084
v -0.01021826 -0.04074257 0.11120010
v -0.01210778 -0.04288429 0.10888180
v -0.01018881 -0.04050606 0.11133670
v -0.00616449 -0.04062080 0.11238480
v -0.00802469 -0.04047262 0.11203670
v -0.02636712 -0.04170179 0.06881231
v -0.02704620 -0.04119825 0.06985753
v -0.01102179 -0.04037952 0.11104930
v -0.00806022 -0.04019755 0.11214160
v -0.00862402 -0.04031115 0.11194190
v -0.00862402 -0.04031115 0.11194190
v -0.00863242 -0.04024952 0.11196440
v -0.00804996 -0.04028111 0.11211130
v -0.01128453 -0.04153645 0.11031770
v -0.01551169 -0.04756051 0.06638795
v -0.02512848 -0.04227679 0.06719279
v -0.02595221 -0.04227280 0.06859058
v -0.02644187 -0.04218029 0.06949084
v -0.02512848 -0.04227679 0.06719279
v -0.02595221 -0.04227280 0.06859058
v -0.02528780 -0.04221433 0.06741958
v -0.02811241 -0.04004335 0.09463971
v -0.01234352 -0.04238981 0.10911200
v -0.02543872 -0.04212069 0.06756997
v -0.02543872 -0.04212069 0.06756997
v -0.02752012 -0.04126322 0.07072538
v -0.02636712 -0.04170179 0.06881231
v -0.02641820 -0.04111760 0.06858986
v -0.02769720 -0.04421311 0.08685392
v -0.01548576 -0.04347181 0.10614290
v -0.01154041 -0.04316425 0.10847690
v -0.00987571 -0.04301697 0.10931020
v -0.01498198 -0.04318183 0.10672080
v -0.01181566 -0.04178649 0.10990780
v -0.01808542 -0.04425001 0.10246550
v -0.01618599 -0.04435944 0.10313570
v -0.02621454 -0.03955030 0.06762212
v -0.00962192 -0.04021120 0.11164990
v -0.02624464 -0.04541230 0.08443266
v -0.02486449 -0.04240387 0.06687831
v -0.02495902 -0.04214996 0.06682687
v -0.02513694 -0.04208064 0.06704843
v -0.02545362 -0.04139167 0.06713330
v -0.01048409 -0.04087471 0.11105740
v -0.02833539 -0.04138427 0.09256440
v -0.02476698 -0.04231691 0.06665676
v -0.00972998 -0.03930068 0.11188730
v -0.00814247 -0.03957319 0.11244100
v -0.00570238 -0.03926610 0.11294820
v -0.00972998 -0.03930068 0.11188730
v -0.00570238 -0.03926610 0.11294820
v -0.00709480 -0.03922694 0.11265110
v -0.00873703 -0.03928041 0.11222560
v -0.00972998 -0.03930068 0.11188730
v -0.00709480 -0.03922694 0.11265110
v -0.01018881 -0.04050606 0.11133670
v -0.01021826 -0.04074257 0.11120010
v -0.00616449 -0.04062080 0.11238480
v -0.01123285 -0.03919744 0.11133060
v -0.00873703 -0.03928041 0.11222560
v -0.00709480 -0.03922694 0.11265110
v -0.02515560 -0.04101860 0.06647163
v -0.02436232 -0.04220914 0.06597572
v -0.01102179 -0.04037952 0.11104930
v -0.01018881 -0.04050606 0.11133670
v -0.00802469 -0.04047262 0.11203670
v -0.02492767 -0.04152685 0.06639862
v -0.01269590 -0.04147720 0.10974680
v -0.01179152 -0.04030418 0.11080470
v -0.00862402 -0.04031115 0.11194190
v -0.00804996 -0.04028111 0.11211130
v -0.01179152 -0.04030418 0.11080470
v -0.00799400 -0.04038012 0.11207120
v -0.00862402 -0.04031115 0.11194190
v -0.01119852 -0.04026460 0.11106070
v -0.01179152 -0.04030418 0.11080470
v -0.00804996 -0.04028111 0.11211130
v -0.00863242 -0.04024952 0.11196440
v -0.02384942 -0.04147291 0.06467717
v -0.01192051 -0.04133468 0.11020570
v -0.02572995 -0.04044669 0.06710612
v -0.01206475 -0.04130524 0.11015890
v -0.01119852 -0.04026460 0.11106070
v -0.00863242 -0.04024952 0.11196440
v -0.00806022 -0.04019755 0.11214160
v -0.01437687 -0.04237824 0.10810420
v -0.00962192 -0.04021120 0.11164990
v -0.01119852 -0.04026460 0.11106070
v -0.00806022 -0.04019755 0.11214160
v -0.01206475 -0.04130524 0.11015890
v -0.02924650 -0.04196614 0.08828538
v -0.02428191 -0.04215776 0.06582194
v -0.02310943 -0.04227781 0.06428807
v -0.01202803 -0.04094201 0.11040120
v -0.01326012 -0.04203647 0.10903360
v -0.01437687 -0.04237824 0.10810420
v -0.01181566 -0.04178649 0.10990780
v -0.02536237 -0.04029321 0.06648164
v -0.02811241 -0.04004335 0.09463971
v -0.01646423 -0.04374742 0.10493740
v -0.02506846 -0.04055058 0.06612235
v -0.02467596 -0.04119676 0.06581515
v -0.01202803 -0.04094201 0.11040120
v -0.00937080 -0.04085046 0.11142970
v -0.01048409 -0.04087471 0.11105740
v -0.01207751 -0.04081141 0.11045190
v -0.01202803 -0.04094201 0.11040120
v -0.01285350 -0.04092711 0.11002420
v -0.02474641 -0.04076212 0.06572967
v -0.02490711 -0.04073971 0.06595057
v -0.01508224 -0.04291880 0.10705910
v -0.02365487 -0.03918355 0.06378263
v -0.01291662 -0.04062014 0.11015590
v -0.01294738 -0.04049324 0.11020170
v -0.01543802 -0.04068893 0.10873490
v -0.01021826 -0.04074257 0.11120010
v -0.01291662 -0.04062014 0.11015590
v -0.01543802 -0.04068893 0.10873490
v -0.01207751 -0.04081141 0.11045190
v -0.01021826 -0.04074257 0.11120010
v -0.01420938 -0.04179292 0.10873830
v -0.01326012 -0.04203647 0.10903360
v -0.01072251 -0.03932112 0.11154910
v -0.00814247 -0.03957319 0.11244100
v -0.00972998 -0.03930068 0.11188730
v -0.02424746 -0.04056704 0.06499928
v -0.01102179 -0.04037952 0.11104930
v -0.02867501 -0.04319375 0.08681148
v -0.01600766 -0.04732137 0.06497043
v -0.01123285 -0.03919744 0.11133060
v -0.00972998 -0.03930068 0.11188730
v -0.00873703 -0.03928041 0.11222560
v -0.01218736 -0.04034674 0.11062680
v -0.01218736 -0.04034674 0.11062680
v -0.01102179 -0.04037952 0.11104930
v -0.00799400 -0.04038012 0.11207120
v -0.01318287 -0.04029500 0.11017720
v -0.01179152 -0.04030418 0.11080470
v -0.01119852 -0.04026460 0.11106070
v -0.01123285 -0.03919744 0.11133060
v -0.02209466 -0.04214000 0.06305211
v -0.02310943 -0.04227781 0.06428807
v -0.02428191 -0.04215776 0.06582194
v -0.02209466 -0.04214000 0.06305211
v -0.01530432 -0.04137510 0.10834960
v -0.01468759 -0.04134756 0.10879290
v -0.01530432 -0.04137510 0.10834960
v -0.01206475 -0.04130524 0.11015890
v -0.01455688 -0.04705756 0.06252568
v -0.01690489 -0.04648298 0.06303018
v -0.02880239 -0.03951686 0.09313482
v -0.02811241 -0.04004335 0.09463971
v -0.01487082 -0.04115957 0.10884180
v -0.02247238 -0.04078006 0.06289321
v -0.02272528 -0.04126399 0.06333464
v -0.02145344 -0.04052567 0.06173586
v -0.01568841 -0.04103457 0.10841200
v -0.01202803 -0.04094201 0.11040120
v -0.01285350 -0.04092711 0.11002420
v -0.01568841 -0.04103457 0.10841200
v -0.01487082 -0.04115957 0.10884180
v -0.01202803 -0.04094201 0.11040120
v -0.02145344 -0.04052567 0.06173586
v -0.02474641 -0.04076212 0.06572967
v -0.01410031 -0.04081737 0.10946410
v -0.01209640 -0.04704809 0.06062978
v -0.01228863 -0.03948861 0.11086940
v -0.01072251 -0.03932112 0.11154910
v -0.01119852 -0.04026460 0.11106070
v -0.02167361 -0.04084223 0.06205457
v -0.01231569 -0.03963494 0.11082080
v -0.01610666 -0.04636889 0.06221532
v -0.01410031 -0.04081737 0.10946410
v -0.01207751 -0.04081141 0.11045190
v -0.01543802 -0.04068893 0.10873490
v -0.01733481 -0.04548180 0.06170654
v -0.01690489 -0.04648298 0.06303018
v -0.01847475 -0.04526942 0.06236743
v -0.02778911 -0.04455262 0.08268803
v -0.01233202 -0.03932470 0.11089100
v -0.01072251 -0.03932112 0.11154910
v -0.00972998 -0.03930068 0.11188730
v -0.01233202 -0.03932470 0.11089100
v -0.01356714 -0.03951269 0.11021920
v -0.02163767 -0.04035311 0.06188952
v -0.01590901 -0.04055076 0.10851840
v -0.01294738 -0.04049324 0.11020170
v -0.01102179 -0.04037952 0.11104930
v -0.02210998 -0.04223585 0.06302922
v -0.01123285 -0.03919744 0.11133060
v -0.01233202 -0.03932470 0.11089100
v -0.00972998 -0.03930068 0.11188730
v -0.01376593 -0.04038906 0.10986140
v -0.01590901 -0.04055076 0.10851840
v -0.01102179 -0.04037952 0.11104930
v -0.01218736 -0.04034674 0.11062680
v -0.01315277 -0.03931021 0.11050190
v -0.01233202 -0.03932470 0.11089100
v -0.01123285 -0.03919744 0.11133060
v -0.02365487 -0.03918355 0.06378263
v -0.02468490 -0.03921979 0.06531804
v -0.02307510 -0.03922379 0.06328862
v -0.01376593 -0.04038906 0.10986140
v -0.01218736 -0.04034674 0.11062680
v -0.01179152 -0.04030418 0.11080470
v -0.01318287 -0.04029500 0.11017720
v -0.01376593 -0.04038906 0.10986140
v -0.01179152 -0.04030418 0.11080470
v -0.01690804 -0.04537904 0.06120705
v -0.01861470 -0.04385948 0.06093966
v -0.01907277 -0.04390591 0.06137490
v -0.01593679 -0.04251646 0.10704670
v -0.02053779 -0.04197704 0.06139791
v -0.02055400 -0.04239714 0.06163483
v -0.02210998 -0.04223585 0.06302922
v -0.01378756 -0.04028743 0.10989420
v -0.01378756 -0.04028743 0.10989420
v -0.01318287 -0.04029500 0.11017720
v -0.01119852 -0.04026460 0.11106070
v -0.01233822 -0.03904813 0.11094180
v -0.01509916 -0.03916496 0.10949250
v -0.01123285 -0.03919744 0.11133060
v -0.01233822 -0.03904813 0.11094180
v -0.01770222 -0.04156202 0.10665940
v -0.01602303 -0.04172158 0.10774780
v -0.01420938 -0.04179292 0.10873830
v -0.01770222 -0.04156202 0.10665940
v -0.01420938 -0.04179292 0.10873830
v -0.01269590 -0.04147720 0.10974680
v -0.02029675 -0.04238653 0.06136769
v -0.01774865 -0.04400700 0.06035786
v -0.01237392 -0.03890222 0.11094790
v -0.01509916 -0.03916496 0.10949250
v -0.01530432 -0.04137510 0.10834960
v -0.01770222 -0.04156202 0.10665940
v -0.01269590 -0.04147720 0.10974680
v -0.01943933 -0.04308104 0.06103587
v -0.01949137 -0.04323929 0.06119477
v -0.01979047 -0.04287481 0.06120526
v -0.01901483 -0.04346257 0.06094807
v -0.01974296 -0.04327726 0.06152045
v -0.01764672 -0.04202979 0.10631840
v -0.02986174 -0.04079383 0.08745473
v -0.02870982 -0.04093664 0.09230035
v -0.01996463 -0.04216462 0.06094807
v -0.02037864 -0.04133903 0.06097102
v -0.01468759 -0.04134756 0.10879290
v -0.02097243 -0.04120200 0.06145703
v -0.01936250 -0.04286849 0.06081914
v -0.01995879 -0.04270547 0.06124889
v -0.01987421 -0.04238426 0.06097680
v -0.01975858 -0.04256570 0.06097859
v -0.01239132 -0.03867661 0.11096700
v -0.01602303 -0.04172158 0.10774780
v -0.01321244 -0.03868788 0.11057160
v -0.02097243 -0.04120200 0.06145703
v -0.01598018 -0.04099708 0.10828640
v -0.01568841 -0.04103457 0.10841200
v -0.01945340 -0.04236435 0.06059217
v -0.01987421 -0.04238426 0.06097680
v -0.02029675 -0.04238653 0.06136769
v -0.02048492 -0.04460805 0.09916204
v -0.01945340 -0.04236435 0.06059217
v -0.01394212 -0.03936976 0.11011090
v -0.01315277 -0.03931021 0.11050190
v -0.01756304 -0.04283189 0.10553650
v -0.01527476 -0.03934830 0.10937240
v -0.01315277 -0.03931021 0.11050190
v -0.01123285 -0.03919744 0.11133060
v -0.01636713 -0.04497599 0.06033062
v -0.01897293 -0.04293727 0.06053024
v -0.01590901 -0.04055076 0.10851840
v -0.01543802 -0.04068893 0.10873490
v -0.01527476 -0.03934830 0.10937240
v -0.01123285 -0.03919744 0.11133060
v -0.01955115 -0.04255694 0.06078928
v -0.02074104 -0.04075515 0.06109184
v -0.02247238 -0.04078006 0.06289321
v -0.01754260 -0.04419708 0.06036239
v -0.01580882 -0.04050028 0.10866090
v -0.01397728 -0.03907257 0.11015250
v -0.01509916 -0.03916496 0.10949250
v -0.01237392 -0.03890222 0.11094790
v -0.01923745 -0.04367685 0.10273640
v -0.01677286 -0.04043680 0.10804190
v -0.01580882 -0.04050028 0.10866090
v -0.01376593 -0.04038906 0.10986140
v -0.02104729 -0.04051738 0.06131887
v -0.01880830 -0.04311144 0.06050664
v -0.01584517 -0.04035204 0.10870670
v -0.01376593 -0.04038906 0.10986140
v -0.01318287 -0.04029500 0.11017720
v -0.01584517 -0.04035204 0.10870670
v -0.01677286 -0.04043680 0.10804190
v -0.01376593 -0.04038906 0.10986140
v -0.01397728 -0.03907257 0.11015250
v -0.02630752 -0.04551470 0.08166199
v -0.01584517 -0.04035204 0.10870670
v -0.01318287 -0.04029500 0.11017720
v -0.01378756 -0.04028743 0.10989420
v -0.01568841 -0.04103457 0.10841200
v -0.01375198 -0.04518646 0.05862700
v -0.01814895 -0.04261165 0.10538140
v -0.01761674 -0.04079812 0.10729110
v -0.01803612 -0.04096674 0.10689380
v -0.01598018 -0.04099708 0.10828640
v -0.01761674 -0.04079812 0.10729110
v -0.01598018 -0.04099708 0.10828640
v -0.01410031 -0.04081737 0.10946410
v -0.02946966 -0.04244792 0.08388775
v -0.01761674 -0.04079812 0.10729110
v -0.01410031 -0.04081737 0.10946410
v -0.01543802 -0.04068893 0.10873490
v -0.02015650 -0.04095625 0.06061357
v -0.01584517 -0.04035204 0.10870670
v -0.02075254 -0.04017943 0.06096941
v -0.01769870 -0.04052090 0.10737800
v -0.02084350 -0.03926885 0.06095021
v -0.02008748 -0.04275101 0.10355680
v -0.01664650 -0.03949946 0.10849610
v -0.01527476 -0.03934830 0.10937240
v -0.01527476 -0.03934830 0.10937240
v -0.01394212 -0.03936976 0.11011090
v -0.01315277 -0.03931021 0.11050190
v -0.01698857 -0.04353743 0.05943882
v -0.01590436 -0.04369318 0.05881661
v -0.01866114 -0.04244315 0.05997508
v -0.01860785 -0.04231762 0.05986976
v -0.01917690 -0.04182183 0.06010568
v -0.02006113 -0.04041928 0.06038951
v -0.01337897 -0.04656904 0.06060892
v -0.01955235 -0.04239362 0.10446070
v -0.01790314 -0.04322260 0.05985230
v -0.01701349 -0.03902006 0.10829440
v -0.01509916 -0.03916496 0.10949250
v -0.01770222 -0.04156202 0.10665940
v -0.01907879 -0.04148256 0.10574140
v -0.01770222 -0.04156202 0.10665940
v -0.01530432 -0.04137510 0.10834960
v -0.01987916 -0.04354977 0.10249400
v -0.01701349 -0.03902006 0.10829440
v -0.01959574 -0.04112094 0.06017625
v -0.01780951 -0.04007446 0.10748150
v -0.01864278 -0.04120683 0.10629060
v -0.01530432 -0.04137510 0.10834960
v -0.01390385 -0.04590445 0.05983597
v -0.01390385 -0.04590445 0.05983597
v -0.01610666 -0.04636889 0.06221532
v -0.01690489 -0.04648298 0.06303018
v -0.01802760 -0.04286104 0.05970960
v -0.02020937 -0.04116708 0.10495020
v -0.01568841 -0.04103457 0.10841200
v -0.01598018 -0.04099708 0.10828640
v -0.02020937 -0.04116708 0.10495020
v -0.01864278 -0.04120683 0.10629060
v -0.01568841 -0.04103457 0.10841200
v -0.01800054 -0.04265153 0.05956512
v -0.03021371 -0.04078418 0.08371311
v -0.01987600 -0.04182702 0.10475030
v -0.02020680 -0.03978550 0.06041204
v -0.01994079 -0.04334098 0.10280920
v -0.01977193 -0.04072940 0.06020867
v -0.01863974 -0.03933161 0.10707420
v -0.01664650 -0.03949946 0.10849610
v -0.01527476 -0.03934830 0.10937240
v -0.01803612 -0.04096674 0.10689380
v -0.01710247 -0.04293209 0.05910837
v -0.01570534 -0.04259717 0.05798548
v -0.01796096 -0.03927296 0.10762470
v -0.01863974 -0.03933161 0.10707420
v -0.01527476 -0.03934830 0.10937240
v -0.01796096 -0.03927296 0.10762470
v -0.02084350 -0.03926885 0.06095021
v -0.01701349 -0.03902006 0.10829440
v -0.01903855 -0.04070401 0.10628250
v -0.01761674 -0.04079812 0.10729110
v -0.01543802 -0.04068893 0.10873490
v -0.01952445 -0.04046690 0.05993574
v -0.01527434 -0.04286217 0.05783945
v -0.01903855 -0.04070401 0.10628250
v -0.01907879 -0.04148256 0.10574140
v -0.01769870 -0.04052090 0.10737800
v -0.01580882 -0.04050028 0.10866090
v -0.01677286 -0.04043680 0.10804190
v -0.01570534 -0.04259717 0.05798548
v -0.01869058 -0.04083573 0.05934935
v -0.01889187 -0.04045522 0.10653090
v -0.01584517 -0.04035204 0.10870670
v -0.01889187 -0.04045522 0.10653090
v -0.01671409 -0.03975987 0.05757421
v -0.02889961 -0.04325699 0.08026522
v -0.02023339 -0.04100030 0.10506430
v -0.02020937 -0.04116708 0.10495020
v -0.02023339 -0.04100030 0.10506430
v -0.01761674 -0.04079812 0.10729110
v -0.01903855 -0.04070401 0.10628250
v -0.02079808 -0.04266297 0.10300680
v -0.02072185 -0.04209291 0.10373470
v -0.02119386 -0.04064238 0.10437500
v -0.01903855 -0.04070401 0.10628250
v -0.01590901 -0.04055076 0.10851840
v -0.02119386 -0.04064238 0.10437500
v -0.01590901 -0.04055076 0.10851840
v -0.01769870 -0.04052090 0.10737800
v -0.01889187 -0.04045522 0.10653090
v -0.02119386 -0.04064238 0.10437500
v -0.01769870 -0.04052090 0.10737800
v -0.02113670 -0.04427570 0.09951478
v -0.01963770 -0.04013496 0.10605540
v -0.01672297 -0.04073756 0.05795496
v -0.01869058 -0.04083573 0.05934935
v -0.01836580 -0.04080677 0.05908298
v -0.01672297 -0.04073756 0.05795496
v -0.01679229 -0.04046773 0.05794692
v -0.01933568 -0.03948330 0.10653200
v -0.01465207 -0.04423946 0.05840069
v -0.01934242 -0.03944468 0.10653660
v -0.01863974 -0.03933161 0.10707420
v -0.01671409 -0.03975987 0.05757421
v -0.01816672 -0.04065138 0.05889374
v -0.01836580 -0.04080677 0.05908298
v -0.01869058 -0.04083573 0.05934935
v -0.01679229 -0.04046773 0.05794692
v -0.01816672 -0.04065138 0.05889374
v -0.01869058 -0.04083573 0.05934935
v -0.01385718 -0.04412031 0.05788075
v -0.01465207 -0.04423946 0.05840069
v -0.01774865 -0.04400700 0.06035786
v -0.01385718 -0.04412031 0.05788075
v -0.02157437 -0.04174190 0.10318660
v -0.02157437 -0.04174190 0.10318660
v -0.01987600 -0.04182702 0.10475030
v -0.01764672 -0.04202979 0.10631840
v -0.01385718 -0.04412031 0.05788075
v -0.02224290 -0.04162782 0.10253670
v -0.02157437 -0.04174190 0.10318660
v -0.01770222 -0.04156202 0.10665940
v -0.01770222 -0.04156202 0.10665940
v -0.01907879 -0.04148256 0.10574140
v -0.01453316 -0.04405057 0.05817312
v -0.01385718 -0.04412031 0.05788075
v -0.01590436 -0.04369318 0.05881661
v -0.02516692 -0.04376024 0.09566396
v -0.02113670 -0.04427570 0.09951478
v -0.01808542 -0.04425001 0.10246550
v -0.02101302 -0.04137045 0.10410040
v -0.02275943 -0.04200875 0.10160520
v -0.02072185 -0.04209291 0.10373470
v -0.01987600 -0.04182702 0.10475030
v -0.01453316 -0.04405057 0.05817312
v -0.01590436 -0.04369318 0.05881661
v -0.02075570 -0.03855460 0.10552870
v -0.01698857 -0.04353743 0.05943882
v -0.01479715 -0.04332715 0.05780720
v -0.01323091 -0.04367387 0.05722188
v -0.02157437 -0.04174190 0.10318660
v -0.02275943 -0.04200875 0.10160520
v -0.01987600 -0.04182702 0.10475030
v -0.02101302 -0.04137045 0.10410040
v -0.02020937 -0.04116708 0.10495020
v -0.01483893 -0.04304152 0.05765599
v -0.02175903 -0.03975820 0.10430800
v -0.02023339 -0.04100030 0.10506430
v -0.01903855 -0.04070401 0.10628250
v -0.02129751 -0.04084122 0.10418460
v -0.02165925 -0.04093176 0.10373090
v -0.01903855 -0.04070401 0.10628250
v -0.01863974 -0.03933161 0.10707420
v -0.01796096 -0.03927296 0.10762470
v -0.01701349 -0.03902006 0.10829440
v -0.01485502 -0.04273903 0.05749422
v -0.01863974 -0.03933161 0.10707420
v -0.01701349 -0.03902006 0.10829440
v -0.02129751 -0.04084122 0.10418460
v -0.01903855 -0.04070401 0.10628250
v -0.02091294 -0.04071527 0.10460540
v -0.02119386 -0.04064238 0.10437500
v -0.02306073 -0.04123634 0.10195490
v -0.02125215 -0.04052895 0.10441130
v -0.02165561 -0.04108178 0.10366910
v -0.02306073 -0.04123634 0.10195490
v -0.02023339 -0.04100030 0.10506430
v -0.01518201 -0.04091686 0.05698055
v -0.02142930 -0.03987073 0.10452890
v -0.00965816 -0.04391086 0.05581498
v -0.01453316 -0.04405057 0.05817312
v -0.01363366 -0.04070997 0.05596441
v -0.01671409 -0.03975987 0.05757421
v -0.01086419 -0.04063397 0.05480849
v -0.02244460 -0.03953284 0.10352970
v -0.02244460 -0.03953284 0.10352970
v -0.02175903 -0.03975820 0.10430800
v -0.01933568 -0.03948330 0.10653200
v -0.02183115 -0.03936332 0.10427370
v -0.02244460 -0.03953284 0.10352970
v -0.01934242 -0.03944468 0.10653660
v -0.02183115 -0.03936332 0.10427370
v -0.01934242 -0.03944468 0.10653660
v -0.01863974 -0.03933161 0.10707420
v -0.02275943 -0.04200875 0.10160520
v -0.02183115 -0.03936332 0.10427370
v -0.02157437 -0.04174190 0.10318660
v -0.02175903 -0.03975820 0.10430800
v -0.01138597 -0.04269337 0.05574655
v -0.01527434 -0.04286217 0.05783945
v -0.01485502 -0.04273903 0.05749422
v -0.02480578 -0.04188948 0.09900385
v -0.02275943 -0.04200875 0.10160520
v -0.02157437 -0.04174190 0.10318660
v -0.02345329 -0.04170715 0.10110570
v -0.02480578 -0.04188948 0.09900385
v -0.02157437 -0.04174190 0.10318660
v 0.02982920 -0.03477782 0.07562631
v 0.02910733 -0.03582900 0.07369130
v 0.00442511 -0.02440178 0.11452460
v 0.00315815 -0.02436465 0.11467760
v 0.00289941 -0.02436596 0.11469220
v 0.02372300 -0.02692419 0.10416310
v 0.02088928 -0.02602332 0.10737120
v 0.02345836 -0.02687239 0.10442770
v 0.02372300 -0.02692419 0.10416310
v 0.02341055 -0.02681821 0.10454270
v 0.02088928 -0.02602332 0.10737120
v 0.00442511 -0.02440178 0.11452460
v 0.00283700 -0.02435022 0.11471640
v 0.00315815 -0.02436465 0.11467760
v -0.01007241 -0.02473813 0.11317840
v -0.01101422 -0.02482658 0.11283640
v -0.01053607 -0.02479606 0.11299030
v 0.02372300 -0.02692419 0.10416310
v 0.02528756 -0.02714484 0.10265240
v 0.02341055 -0.02681821 0.10454270
v 0.00442857 -0.02438557 0.11454500
v 0.00283700 -0.02435022 0.11471640
v 0.02240467 -0.02535247 0.10653390
v 0.02088928 -0.02602332 0.10737120
v 0.00277340 -0.02434200 0.11473080
v 0.00293618 -0.02433449 0.11472970
v 0.00443220 -0.02436786 0.11456630
v 0.02558284 -0.02756470 0.10171870
v 0.02350270 -0.02692747 0.10431000
v 0.02519226 -0.02756071 0.10196950
v 0.00443613 -0.02434837 0.11458870
v 0.00309974 -0.02432250 0.11473350
v 0.02578318 -0.02762871 0.10144530
v 0.02351748 -0.02691507 0.10432010
v 0.02350270 -0.02692747 0.10431000
v -0.01008188 -0.02471876 0.11320170
v 0.02578318 -0.02762871 0.10144530
v 0.02350270 -0.02692747 0.10431000
v 0.02558284 -0.02756470 0.10171870
v 0.02560281 -0.02754932 0.10172900
v 0.00316703 -0.02430433 0.11475020
v 0.00444084 -0.02432417 0.11461560
v 0.00444084 -0.02432417 0.11461560
v 0.00290948 -0.02429229 0.11478090
v 0.00316703 -0.02430433 0.11475020
v 0.02574485 -0.02758526 0.10155080
v 0.02345836 -0.02687239 0.10442770
v 0.02560281 -0.02754932 0.10172900
v -0.01322937 -0.02480936 0.11223500
v 0.02574485 -0.02758526 0.10155080
v 0.02345836 -0.02687239 0.10442770
v 0.00407410 -0.02407789 0.11491290
v 0.00290948 -0.02429229 0.11478090
v -0.01103782 -0.02478212 0.11288860
v 0.00320393 -0.02397137 0.11503010
v 0.00322956 -0.02360856 0.11519220
v -0.00957572 -0.02464872 0.11339340
v -0.00976562 -0.02455091 0.11336790
v 0.02578318 -0.02762871 0.10144530
v 0.02746582 -0.02835607 0.09876531
v -0.03213894 -0.03146559 0.08177888
v -0.03173404 -0.03212159 0.07781594
v -0.03096127 -0.03357410 0.07691794
v -0.03150475 -0.03236013 0.08205550
v 0.02746582 -0.02835607 0.09876531
v 0.02560281 -0.02754932 0.10172900
v 0.02578318 -0.02762871 0.10144530
v 0.02560281 -0.02754932 0.10172900
v 0.02746582 -0.02835607 0.09876531
v 0.00620830 -0.02449434 0.11419610
v 0.00366968 -0.02440023 0.11459820
v 0.00617021 -0.02451270 0.11417660
v -0.03171384 -0.03112787 0.08614820
v -0.03150475 -0.03236013 0.08205550
v -0.03110289 -0.03159904 0.08606046
v 0.02587759 -0.02762871 0.10136770
v -0.03171384 -0.03112787 0.08614820
v 0.00442225 -0.02441465 0.11450790
v -0.00798672 -0.02460163 0.11377750
v -0.00999832 -0.02483415 0.11306270
v -0.00798446 -0.02460712 0.11377030
v -0.03000348 -0.02968543 0.09298223
v -0.03110289 -0.03159904 0.08606046
v -0.03065109 -0.03078883 0.08936017
v -0.03137677 -0.03024905 0.08942312
v -0.03000348 -0.02968543 0.09298223
v -0.03137677 -0.03024905 0.08942312
v -0.00799119 -0.02459067 0.11379170
v 0.00626099 -0.02448374 0.11420310
v 0.00618923 -0.02446436 0.11423810
v 0.00784123 -0.02456974 0.11381720
v 0.00442857 -0.02438557 0.11454500
v 0.00618923 -0.02446436 0.11423810
v 0.02675938 -0.02791702 0.10005660
v 0.02528756 -0.02714484 0.10265240
v 0.02746582 -0.02835607 0.09876531
v -0.00799894 -0.02457082 0.11381630
v 0.00782150 -0.02455544 0.11383800
v 0.00784123 -0.02456974 0.11381720
v -0.02980792 -0.02950501 0.09363406
v -0.03000348 -0.02968543 0.09298223
v -0.02990174 -0.02832490 0.09524601
v 0.00625312 -0.02443873 0.11426060
v -0.00800836 -0.02454590 0.11384600
v 0.00625312 -0.02443873 0.11426060
v 0.00443220 -0.02436786 0.11456630
v 0.00782150 -0.02455544 0.11383800
v 0.02787774 -0.02796125 0.09896367
v 0.02746582 -0.02835607 0.09876531
v 0.02773785 -0.02837067 0.09834986
v 0.02675938 -0.02791702 0.10005660
v 0.02528756 -0.02714484 0.10265240
v 0.02787774 -0.02796125 0.09896367
v 0.02894848 -0.02903199 0.09575635
v 0.02984493 -0.03002369 0.09264844
v -0.00855255 -0.02409785 0.11423200
v -0.00772095 -0.02448970 0.11396080
v -0.00957572 -0.02464872 0.11339340
v 0.03035354 -0.02909803 0.09389775
v 0.03035354 -0.02909803 0.09389775
v 0.02773785 -0.02837067 0.09834986
v 0.02746582 -0.02835607 0.09876531
v 0.00629920 -0.02442568 0.11426940
v -0.00661284 -0.02452909 0.11409150
v -0.00999832 -0.02483415 0.11306270
v -0.00697327 -0.02455377 0.11401250
v -0.00661284 -0.02452909 0.11409150
v 0.03035354 -0.02909803 0.09389775
v -0.02928078 -0.02911669 0.09518426
v -0.00687474 -0.02453279 0.11404940
v -0.02694314 -0.02746909 0.10081380
v 0.03052371 -0.03052091 0.09030431
v 0.00623226 -0.02441251 0.11429420
v 0.00620621 -0.02440434 0.11430720
v 0.02900123 -0.02790594 0.09730046
v 0.02787774 -0.02796125 0.09896367
v 0.03035354 -0.02909803 0.09389775
v -0.02781218 -0.02838540 0.09824556
v -0.02894115 -0.02917194 0.09554189
v -0.02779448 -0.02839851 0.09823948
v 0.00784123 -0.02456974 0.11381720
v -0.02781218 -0.02838540 0.09824556
v -0.03000348 -0.02968543 0.09298223
v -0.02894115 -0.02917194 0.09554189
v -0.02694314 -0.02746909 0.10081380
v -0.03000348 -0.02968543 0.09298223
v -0.02781218 -0.02838540 0.09824556
v 0.00836182 -0.02437162 0.11400880
v -0.02694314 -0.02746909 0.10081380
v -0.02928078 -0.02911669 0.09518426
v -0.03000348 -0.02968543 0.09298223
v -0.00686193 -0.02450597 0.11408680
v 0.03055739 -0.03007841 0.09133428
v 0.00863314 -0.02457982 0.11366340
v 0.00782150 -0.02455544 0.11383800
v 0.00638717 -0.02408999 0.11454510
v 0.00643796 -0.02372652 0.11470280
v -0.00663078 -0.02447426 0.11416110
v -0.02954292 -0.02809667 0.09609502
v -0.00694376 -0.02445584 0.11413540
v -0.00694376 -0.02445584 0.11413540
v -0.00957572 -0.02464872 0.11339340
v -0.00800836 -0.02454590 0.11384600
v 0.00938046 -0.02468699 0.11339650
v 0.00944328 -0.02481627 0.11321060
v -0.02557563 -0.02755028 0.10171990
v -0.02894115 -0.02917194 0.09554189
v -0.02641296 -0.02793836 0.10042080
v -0.02557563 -0.02755028 0.10171990
v -0.00694376 -0.02445584 0.11413540
v 0.03174448 -0.03172898 0.08415502
v 0.03055739 -0.03007841 0.09133428
v -0.02608048 -0.02768874 0.10109220
v 0.03157639 -0.02979248 0.08948796
v 0.03035354 -0.02909803 0.09389775
v -0.02482026 -0.02691882 0.10343060
v -0.02779448 -0.02839851 0.09823948
v -0.02608048 -0.02768874 0.10109220
v -0.02482026 -0.02691882 0.10343060
v 0.03093981 -0.03181326 0.08594125
v -0.02694314 -0.02746909 0.10081380
v 0.03211152 -0.03063333 0.08553999
v -0.00627226 -0.02449893 0.11418130
v 0.03142708 -0.03273957 0.08057492
v 0.03129976 -0.03317219 0.07664650
v 0.00939018 -0.02466607 0.11342250
v 0.00946301 -0.02464997 0.11342680
v -0.02395951 -0.02706187 0.10377780
v -0.02641296 -0.02793836 0.10042080
v -0.02135467 -0.02672624 0.10603610
v 0.00944674 -0.02461075 0.11347710
v -0.02403748 -0.02706980 0.10371020
v -0.02557563 -0.02755028 0.10171990
v -0.02410304 -0.02705127 0.10369290
v -0.02608048 -0.02768874 0.10109220
v -0.02410304 -0.02705127 0.10369290
v -0.02593487 -0.02763903 0.10130220
v -0.02608048 -0.02768874 0.10109220
v -0.02412736 -0.02702975 0.10370790
v -0.02608048 -0.02768874 0.10109220
v -0.02593487 -0.02763903 0.10130220
v -0.00628990 -0.02444040 0.11425330
v -0.02412736 -0.02702975 0.10370790
v -0.02593487 -0.02763903 0.10130220
v -0.02410304 -0.02705127 0.10369290
v -0.00476825 -0.02436196 0.11453370
v -0.00694376 -0.02445584 0.11413540
v -0.00628990 -0.02444040 0.11425330
v -0.02482026 -0.02691882 0.10343060
v -0.02608048 -0.02768874 0.10109220
v -0.00772095 -0.02448970 0.11396080
v -0.00694376 -0.02445584 0.11413540
v -0.00629520 -0.02442163 0.11427460
v -0.00382423 -0.02442407 0.11455050
v -0.00697327 -0.02455377 0.11401250
v 0.00964630 -0.02468121 0.11334770
v 0.00964630 -0.02468121 0.11334770
v 0.00939018 -0.02466607 0.11342250
v 0.00784123 -0.02456974 0.11381720
v -0.02348595 -0.02685791 0.10440860
v 0.00964630 -0.02468121 0.11334770
v 0.00782150 -0.02455544 0.11383800
v 0.00939018 -0.02466607 0.11342250
v -0.00453836 -0.02440905 0.11450350
v -0.02482026 -0.02691882 0.10343060
v 0.00966430 -0.02464044 0.11339360
v -0.02198380 -0.02654331 0.10588660
v -0.00453836 -0.02440905 0.11450350
v -0.00687474 -0.02453279 0.11404940
v -0.00627226 -0.02449893 0.11418130
v -0.02176350 -0.02647161 0.10612890
v -0.02176350 -0.02647161 0.10612890
v -0.02395951 -0.02706187 0.10377780
v -0.02198380 -0.02654331 0.10588660
v 0.00643796 -0.02372652 0.11470280
v 0.01120471 -0.02442729 0.11316420
v 0.01338952 -0.02528667 0.11156830
v 0.01120471 -0.02442729 0.11316420
v 0.00966430 -0.02464044 0.11339360
v 0.00946301 -0.02464997 0.11342680
v -0.02201044 -0.02651935 0.10590790
v -0.02176350 -0.02647161 0.10612890
v 0.01120471 -0.02442729 0.11316420
v 0.01263850 -0.02500146 0.11216170
v 0.01120471 -0.02442729 0.11316420
v 0.01338952 -0.02528667 0.11156830
v -0.02178972 -0.02644693 0.10615000
v -0.02410304 -0.02705127 0.10369290
v -0.02201044 -0.02651935 0.10590790
v 0.01264292 -0.02499473 0.11216990
v 0.01263850 -0.02500146 0.11216170
v -0.02180236 -0.02643460 0.10616010
v -0.02178972 -0.02644693 0.10615000
v 0.01265603 -0.02499002 0.11217270
v -0.00454396 -0.02438348 0.11453560
v -0.00476825 -0.02436196 0.11453370
v 0.01265710 -0.02497220 0.11219660
v -0.02166807 -0.02646756 0.10619160
v 0.01266604 -0.02496701 0.11220090
v 0.01535511 -0.02531522 0.11083220
v 0.01267433 -0.02495342 0.11221610
v -0.00476825 -0.02436196 0.11453370
v -0.00772095 -0.02448970 0.11396080
v -0.00629520 -0.02442163 0.11427460
v -0.00476825 -0.02436196 0.11453370
v -0.00629520 -0.02442163 0.11427460
v -0.00694376 -0.02445584 0.11413540
v 0.01267772 -0.02494764 0.11222240
v -0.00402832 -0.02429914 0.11474120
v 0.01268142 -0.02496063 0.11220470
v 0.01268750 -0.02492582 0.11224650
v 0.01268476 -0.02491551 0.11225980
v 0.01413190 -0.02511417 0.11151080
v 0.01269030 -0.02490532 0.11226990
v 0.01414543 -0.02509301 0.11153190
v 0.01343089 -0.02499681 0.11189970
v 0.01270741 -0.02489501 0.11227670
v 0.01287835 -0.02454328 0.11258970
v 0.01284790 -0.02414458 0.11274230
v 0.01270741 -0.02489501 0.11227670
v 0.01551741 -0.02535873 0.11071820
v 0.01338952 -0.02528667 0.11156830
v -0.00378066 -0.02439039 0.11459640
v -0.01935935 -0.02596515 0.10819200
v -0.01920884 -0.02591663 0.10833660
v -0.00368685 -0.02435255 0.11468020
v -0.01963603 -0.02598387 0.10802680
v 0.01571565 -0.02534103 0.11066880
v -0.01964575 -0.02597332 0.10803620
v -0.01897513 -0.02583760 0.10856210
v -0.02180236 -0.02643460 0.10616010
v -0.01964575 -0.02597332 0.10803620
v -0.01933109 -0.02588897 0.10831180
v -0.02180236 -0.02643460 0.10616010
v -0.01897513 -0.02583760 0.10856210
v 0.01564872 -0.02530723 0.11073920
v -0.01933109 -0.02588897 0.10831180
v -0.02482026 -0.02691882 0.10343060
v -0.02180236 -0.02643460 0.10616010
v -0.02203464 -0.02585244 0.10671410
v -0.02482026 -0.02691882 0.10343060
v -0.01933109 -0.02588897 0.10831180
v 0.01555854 -0.02530527 0.11077700
v 0.01555854 -0.02530527 0.11077700
v 0.01267433 -0.02495342 0.11221610
v 0.01564872 -0.02530723 0.11073920
v 0.01564872 -0.02530723 0.11073920
v 0.01564872 -0.02530723 0.11073920
v 0.01268750 -0.02492582 0.11224650
v 0.01413190 -0.02511417 0.11151080
v 0.01571351 -0.02529346 0.11073110
v 0.01564872 -0.02530723 0.11073920
v -0.01893043 -0.02590006 0.10849830
v -0.01892364 -0.02590698 0.10849110
v -0.00230151 -0.02395248 0.11510780
v -0.00056648 -0.02436202 0.11478320
v -0.00230151 -0.02395248 0.11510780
v -0.00368685 -0.02435255 0.11468020
v -0.00378066 -0.02439039 0.11459640
v 0.01559489 -0.02525293 0.11082790
v 0.01578307 -0.02539598 0.11056630
v 0.02056115 -0.02640676 0.10699740
v -0.00057456 -0.02434712 0.11480430
v -0.00057498 -0.02433276 0.11482340
v -0.00057535 -0.02432000 0.11483980
v 0.01715296 -0.02560830 0.10968680
v 0.01535511 -0.02531522 0.11083220
v 0.01578307 -0.02539598 0.11056630
v -0.00045776 -0.02429151 0.11487850
v 0.01579892 -0.02537631 0.11058870
v 0.01535511 -0.02531522 0.11083220
v 0.01715296 -0.02560830 0.10968680
v -0.00057730 -0.02424603 0.11492670
v -0.00057750 -0.02423804 0.11493530
v -0.01897513 -0.02583760 0.10856210
v 0.00000000 -0.02433907 0.11481830
v 0.00366968 -0.02440023 0.11459820
v 0.01579892 -0.02537631 0.11058870
v -0.01817023 -0.02576959 0.10904270
v -0.01817584 -0.02576369 0.10904900
v 0.01720994 -0.02553927 0.10975700
v -0.01818531 -0.02575325 0.10905990
v 0.01585757 -0.02529644 0.11066960
v 0.01571351 -0.02529346 0.11073110
v 0.01585757 -0.02529644 0.11066960
v 0.01783752 -0.02520704 0.10983550
v 0.01287835 -0.02454328 0.11258970
v 0.01270741 -0.02489501 0.11227670
v 0.01783752 -0.02520704 0.10983550
v 0.01270741 -0.02489501 0.11227670
v 0.01559489 -0.02525293 0.11082790
v 0.01585757 -0.02529644 0.11066960
v 0.01615899 -0.02453368 0.11104860
v 0.01284790 -0.02414458 0.11274230
v 0.01850873 -0.02583616 0.10878990
v -0.01820856 -0.02572733 0.10908600
v 0.01867932 -0.02585762 0.10867930
v 0.01578307 -0.02539598 0.11056630
v 0.01850873 -0.02583616 0.10878990
v 0.01715296 -0.02560830 0.10968680
v 0.01578307 -0.02539598 0.11056630
v 0.01867932 -0.02585762 0.10867930
v 0.00091743 -0.02380681 0.11534380
v -0.01692616 -0.02550774 0.10995130
v -0.01920884 -0.02591663 0.10833660
v -0.01820856 -0.02572733 0.10908600
v 0.01872456 -0.02585190 0.10866680
v -0.01822388 -0.02570945 0.10910320
v -0.01692616 -0.02550774 0.10995130
v 0.01857984 -0.02581143 0.10879360
v -0.01705932 -0.02487707 0.11053740
v -0.01897513 -0.02583760 0.10856210
v 0.01858943 -0.02578294 0.10882890
v -0.01333618 -0.02551174 0.11130230
v 0.00132441 -0.02428734 0.11484400
v 0.02088928 -0.02602332 0.10737120
v 0.01564872 -0.02530723 0.11073920
v 0.01858943 -0.02578294 0.10882890
v 0.01720994 -0.02553927 0.10975700
v 0.01564872 -0.02530723 0.11073920
v 0.02088928 -0.02602332 0.10737120
v -0.01671308 -0.02551317 0.11003670
v 0.02088928 -0.02602332 0.10737120
v 0.01571351 -0.02529346 0.11073110
v 0.01720994 -0.02553927 0.10975700
v 0.02088928 -0.02602332 0.10737120
v 0.01571351 -0.02529346 0.11073110
v 0.01867932 -0.02585762 0.10867930
v 0.00264025 -0.02437132 0.11470110
v -0.01676130 -0.02545243 0.11009830
v -0.01676130 -0.02545243 0.11009830
v -0.01897513 -0.02583760 0.10856210
v -0.01822388 -0.02570945 0.10910320
v 0.00289941 -0.02436596 0.11469220
v 0.00000000 -0.02433907 0.11481830
v 0.00264025 -0.02437132 0.11470110
v -0.01622009 -0.02513831 0.11063660
v 0.01993268 -0.02604657 0.10775330
v 0.01783752 -0.02520704 0.10983550
v 0.02123558 -0.02637743 0.10657810
v 0.02056115 -0.02640676 0.10699740
v -0.01623439 -0.02544486 0.11032450
v -0.00045776 -0.02429151 0.11487850
v 0.00277340 -0.02434200 0.11473080
v 0.02127343 -0.02637255 0.10656480
v -0.01624894 -0.02542692 0.11034390
v 0.00265169 -0.02427983 0.11481220
v 0.02129191 -0.02635520 0.10658050
v 0.00265294 -0.02426832 0.11482470
v 0.01872456 -0.02585190 0.10866680
v -0.01626414 -0.02540737 0.11036410
v -0.01627928 -0.02538710 0.11038430
v 0.02128732 -0.02632868 0.10662220
v 0.02110075 -0.02625983 0.10683020
v -0.01413851 -0.02473711 0.11189560
v 0.02332395 -0.02689421 0.10448390
v -0.01307398 -0.02503180 0.11199180
v -0.01307880 -0.02502441 0.11200050
v -0.01308423 -0.02501600 0.11201010
v -0.01309257 -0.02500253 0.11202520
v 0.00289941 -0.02436596 0.11469220
v 0.00264025 -0.02437132 0.11470110
v 0.00366968 -0.02440023 0.11459820
v -0.01322937 -0.02480936 0.11223500
v -0.01705932 -0.02487707 0.11053740
v -0.01413851 -0.02473711 0.11189560
v 0.01783752 -0.02520704 0.10983550
v 0.02050781 -0.02502012 0.10810360
v 0.02350270 -0.02692747 0.10431000
v 0.02123558 -0.02637743 0.10657810
v 0.02332395 -0.02689421 0.10448390
v 0.00320393 -0.02397137 0.11503010
v 0.00091743 -0.02380681 0.11534380
v 0.00407410 -0.02407789 0.11491290
v 0.00091743 -0.02380681 0.11534380
v -0.01322937 -0.02480936 0.11223500
v -0.00855255 -0.02409785 0.11423200
v -0.01322937 -0.02480936 0.11223500
v -0.00976562 -0.02455091 0.11336790
v 0.00442225 -0.02441465 0.11450790
v 0.00289941 -0.02436596 0.11469220
v 0.00366968 -0.02440023 0.11459820
v -0.00385374 -0.03968906 0.05220741
v -0.00563812 -0.03960895 0.05248254
v -0.00559884 -0.03959083 0.05244666
v 0.00028896 -0.03912633 0.05138909
v -0.00358629 -0.03914266 0.05154961
v -0.00335407 -0.03799659 0.05128580
v -0.00026497 -0.03934961 0.05154961
v -0.00026283 -0.03967452 0.05188709
v -0.00026280 -0.03967779 0.05189186
v -0.00026280 -0.03967779 0.05189186
v -0.00026266 -0.03969156 0.05191218
v -0.00026266 -0.03969156 0.05191218
v -0.00026249 -0.03970748 0.05193626
v -0.00026249 -0.03970748 0.05193626
v -0.00027645 -0.03982394 0.05210959
v -0.00027645 -0.03982394 0.05210959
v 0.00294495 -0.03931587 0.05158793
v 0.00028896 -0.03912633 0.05138909
v -0.00335407 -0.03799659 0.05128580
v 0.00294495 -0.03931587 0.05158793
v 0.00294495 -0.03931587 0.05158793
v 0.00295877 -0.03957551 0.05194658
v 0.00028896 -0.03912633 0.05138909
v 0.00744718 -0.03892344 0.05219334
v 0.00744718 -0.03892344 0.05219334
v 0.00707024 -0.03948289 0.05271148
v 0.00619948 -0.03953421 0.05251568
v 0.00295877 -0.03957551 0.05194658
v 0.00707024 -0.03948289 0.05271148
v 0.00619400 -0.03955674 0.05254942
v 0.00619948 -0.03953421 0.05251568
v -0.03100419 -0.03340363 0.07521337
v 0.00421524 -0.03988307 0.05254739
v 0.00791645 -0.03947901 0.05300796
v -0.03100419 -0.03340363 0.07521337
v 0.00844872 -0.03907549 0.05268734
v 0.00967407 -0.03934574 0.05347716
v -0.02962601 -0.03451830 0.07134300
v 0.00844872 -0.03907549 0.05268734
v -0.02962601 -0.03451830 0.07134300
v 0.00793576 -0.03944957 0.05293387
v 0.00791645 -0.03947901 0.05300796
v 0.00793576 -0.03944957 0.05293387
v 0.00844872 -0.03907549 0.05268734
v -0.02807021 -0.03528064 0.06809037
v 0.00974482 -0.03898292 0.05307215
v 0.00974482 -0.03898292 0.05307215
v 0.01201725 -0.03873986 0.05372709
v 0.00844872 -0.03907549 0.05268734
v 0.00974482 -0.03898292 0.05307215
v 0.00966418 -0.03931212 0.05341047
v 0.01201725 -0.03873986 0.05372709
v 0.00965726 -0.03933018 0.05343693
v -0.02426213 -0.03653681 0.06244599
v 0.01201725 -0.03873986 0.05372709
v -0.02621102 -0.03610080 0.06532901
v 0.01278543 -0.03893131 0.05442416
v -0.02193635 -0.03705406 0.06002032
v 0.01201725 -0.03873986 0.05372709
v 0.01400750 -0.03782796 0.05438792
v -0.02109527 -0.03670352 0.05905807
v -0.02193635 -0.03705406 0.06002032
v -0.02146428 -0.03740262 0.05990874
v -0.02426213 -0.03653681 0.06244599
v -0.02109527 -0.03670352 0.05905807
v -0.01918023 -0.03694677 0.05758184
v -0.02109527 -0.03670352 0.05905807
v -0.02169167 -0.03644871 0.05962395
v -0.01833719 -0.03808689 0.05742162
v -0.01930594 -0.03778696 0.05804789
v 0.01803869 -0.03791981 0.05691468
v -0.01833719 -0.03808689 0.05742162
v -0.01930594 -0.03778696 0.05804789
v -0.01699066 -0.03814220 0.05631911
v -0.01483154 -0.03760099 0.05480283
v 0.01978111 -0.03798955 0.05882257
v 0.01557326 -0.03869193 0.05601775
v -0.01699066 -0.03814220 0.05631911
v -0.01204872 -0.03925943 0.05447661
v -0.01833719 -0.03808689 0.05742162
v -0.01364517 -0.03858315 0.05450338
v 0.02130311 -0.03735065 0.05958265
v 0.02130311 -0.03735065 0.05958265
v -0.01376825 -0.03892129 0.05507022
v -0.01699066 -0.03814220 0.05631911
v -0.01364517 -0.03858315 0.05450338
v 0.02453756 -0.03674459 0.06328767
v -0.01376825 -0.03892129 0.05507022
v -0.01204872 -0.03925943 0.05447661
v -0.01699066 -0.03814220 0.05631911
v -0.01204872 -0.03925943 0.05447661
v -0.01048660 -0.03933668 0.05382055
v -0.01043701 -0.03805208 0.05297750
v -0.01483154 -0.03760099 0.05480283
v -0.01063531 -0.03803682 0.05305761
v -0.01043701 -0.03805208 0.05297750
v -0.01061594 -0.03850203 0.05312836
v -0.00992584 -0.03881722 0.05292314
v -0.00992584 -0.03881722 0.05292314
v -0.00740480 -0.03956079 0.05291837
v -0.01048183 -0.03925853 0.05370694
v -0.00744838 -0.03826022 0.05211752
v -0.01063531 -0.03803682 0.05305761
v -0.00335407 -0.03799659 0.05128580
v -0.00744838 -0.03826022 0.05211752
v -0.01043701 -0.03805208 0.05297750
v -0.01063531 -0.03803682 0.05305761
v 0.02649039 -0.03610473 0.06596940
v -0.00744838 -0.03826022 0.05211752
v -0.00992584 -0.03881722 0.05292314
v -0.00744838 -0.03826022 0.05211752
v -0.00335407 -0.03799659 0.05128580
v -0.00703907 -0.03916019 0.05233514
v -0.00737810 -0.03929853 0.05252927
v -0.00703907 -0.03916019 0.05233514
v -0.00740480 -0.03956079 0.05291837
v 0.02849650 -0.03512001 0.06890481
v 0.02961826 -0.03442621 0.07118123
v -0.00736213 -0.03948658 0.05279392
v -0.00703907 -0.03916019 0.05233514
v -0.00740480 -0.03956079 0.05291837
v -0.00703907 -0.03916019 0.05233514
v -0.00992584 -0.03881722 0.05292314
v 0.03004783 -0.03438484 0.07377749
v 0.02849650 -0.03512001 0.06890481
v -0.00703907 -0.03916019 0.05233514
v -0.00560498 -0.03956371 0.05240547
v 0.03129976 -0.03317219 0.07664650
v 0.01978683 -0.03829431 0.05929839
v 0.01716995 -0.03937745 0.05787360
v 0.01978111 -0.03798955 0.05882257
v -0.00374937 -0.04096758 0.05313342
v -0.00183868 -0.04034376 0.05265897
v -0.00156778 -0.04100179 0.05293440
v -0.00725555 -0.04083800 0.05372995
v -0.00597376 -0.04030174 0.05321013
v -0.00186914 -0.04020071 0.05249106
v -0.00012887 -0.04064291 0.05278724
v 0.00000000 -0.04080659 0.05285090
v 0.00329399 -0.04033225 0.05278867
v -0.01671409 -0.03975987 0.05757421
v -0.02084350 -0.03926885 0.06095021
v -0.02020257 -0.03914874 0.06031316
v -0.02020257 -0.03914874 0.06031316
v -0.02246850 -0.03800910 0.06210035
v -0.01671409 -0.03975987 0.05757421
v -0.01671409 -0.03975987 0.05757421
v -0.02246850 -0.03800910 0.06210035
v -0.01843255 -0.03882163 0.05854308
v 0.00188255 -0.04104441 0.05291891
v -0.00156778 -0.04100179 0.05293440
v 0.00735664 -0.04075139 0.05366319
v -0.00156778 -0.04100179 0.05293440
v 0.00000000 -0.04080659 0.05285090
v 0.00735664 -0.04075139 0.05366319
v 0.00735664 -0.04075139 0.05366319
v 0.00000000 -0.04080659 0.05285090
v 0.00307792 -0.04077017 0.05300158
v 0.00307792 -0.04077017 0.05300158
v -0.01831758 -0.03869158 0.05836093
v -0.01577752 -0.03936624 0.05690085
v -0.01577752 -0.03936624 0.05690085
v -0.01607942 -0.03890061 0.05674886
v 0.00735664 -0.04075139 0.05366319
v 0.00700378 -0.03993177 0.05337035
v 0.00687259 -0.03995078 0.05321401
v 0.00329399 -0.04033225 0.05278867
v 0.00687259 -0.03995078 0.05321401
v 0.00700378 -0.03993177 0.05337035
v -0.01204872 -0.03925943 0.05447661
v -0.01086419 -0.04063397 0.05480849
v -0.01671409 -0.03975987 0.05757421
v -0.01275628 -0.04029124 0.05557531
v -0.01275628 -0.04029124 0.05557531
v -0.01113885 -0.04010248 0.05485045
v -0.01140874 -0.03977108 0.05474245
v -0.01113885 -0.04010248 0.05485045
v 0.00700378 -0.03993177 0.05337035
v 0.00687259 -0.03995078 0.05321401
v 0.00735664 -0.04075139 0.05366319
v -0.01204872 -0.03925943 0.05447661
v -0.01141470 -0.03973221 0.05471694
v -0.01086419 -0.04063397 0.05480849
v -0.01028662 -0.04061830 0.05463063
v -0.01086419 -0.04063397 0.05480849
v -0.00725555 -0.04083800 0.05372995
v -0.01028662 -0.04061830 0.05463063
v -0.01028591 -0.04039770 0.05457490
v 0.00735664 -0.04075139 0.05366319
v 0.00687259 -0.03995078 0.05321401
v 0.00951761 -0.03989893 0.05403262
v -0.00962013 -0.03988862 0.05407488
v 0.01181030 -0.03962564 0.05481046
v 0.00951761 -0.03989893 0.05403262
v 0.00687259 -0.03995078 0.05321401
v 0.01181030 -0.03962564 0.05481046
v 0.01181030 -0.03962564 0.05481046
v -0.00966871 -0.03961658 0.05384999
v -0.00597376 -0.04030174 0.05321013
v -0.00725555 -0.04083800 0.05372995
v -0.01113885 -0.04010248 0.05485045
v -0.00960028 -0.04008394 0.05418491
v -0.00597376 -0.04030174 0.05321013
v -0.00960028 -0.04008394 0.05418491
v 0.01213830 -0.04068511 0.05527102
v 0.00735664 -0.04075139 0.05366319
v 0.01716995 -0.03937745 0.05787360
v 0.00735664 -0.04075139 0.05366319
v -0.01204872 -0.03925943 0.05447661
v -0.01048660 -0.03933668 0.05382055
v -0.00740480 -0.03956079 0.05291837
v -0.00725043 -0.04009038 0.05343461
v -0.00597376 -0.04030174 0.05321013
v -0.00611877 -0.03986692 0.05303084
v -0.00611877 -0.03986692 0.05303084
v -0.00740480 -0.03956079 0.05291837
v -0.00611877 -0.03986692 0.05303084
v -0.00966871 -0.03961658 0.05384999
v -0.00740480 -0.03956079 0.05291837
v -0.00598902 -0.04096448 0.05345243
v -0.00725555 -0.04083800 0.05372995
v -0.00183868 -0.04034376 0.05265897
v -0.00186914 -0.04020071 0.05249106
v 0.02332687 -0.03789275 0.06319516
v -0.00385374 -0.03968906 0.05220741
v -0.00740480 -0.03956079 0.05291837
v -0.00563812 -0.03960895 0.05248254
v -0.00374937 -0.04096758 0.05313342
v -0.00598902 -0.04096448 0.05345243
v -0.00156778 -0.04100179 0.05293440
v -0.00598902 -0.04096448 0.05345243
v -0.02787774 -0.03604078 0.07024282
v -0.02669423 -0.03642332 0.06750005
v -0.02503579 -0.03755140 0.06558889
v -0.02084350 -0.03926885 0.06095021
v -0.02295678 -0.03830671 0.06302160
v -0.02020257 -0.03914874 0.06031316
v -0.02246850 -0.03800910 0.06210035
v -0.02020257 -0.03914874 0.06031316
v -0.02807021 -0.03528064 0.06809037
v -0.02621102 -0.03610080 0.06532901
v -0.03022933 -0.03428113 0.07689160
v -0.02904653 -0.03532791 0.07308858
v -0.02503579 -0.03755140 0.06558889
v -0.02669423 -0.03642332 0.06750005
v -0.02246850 -0.03800910 0.06210035
v -0.02787774 -0.03604078 0.07024282
v -0.02916806 -0.03572130 0.07392114
v -0.03022933 -0.03428113 0.07689160
v -0.02904653 -0.03532791 0.07308858
v -0.03078228 -0.03337657 0.08076483
v -0.02289658 -0.03799682 0.06278038
v -0.03022933 -0.03428113 0.07689160
v -0.02289658 -0.03799682 0.06278038
v -0.02503579 -0.03755140 0.06558889
v -0.02246850 -0.03800910 0.06210035
v 0.03077685 -0.03334844 0.08102941
v 0.02918905 -0.03518891 0.07312482
v 0.02735710 -0.03609824 0.06870359
v 0.02676010 -0.03660464 0.06799978
v 0.02430343 -0.03720045 0.06387227
v 0.02676010 -0.03660464 0.06799978
v 0.02430343 -0.03720045 0.06387227
v 0.02676010 -0.03660464 0.06799978
v 0.02430343 -0.03720045 0.06387227
v 0.02735710 -0.03609824 0.06870359
v -0.00152206 -0.02481985 0.11430920
v 0.00079012 -0.02496385 0.11421100
v -0.00152206 -0.02481985 0.11430920
v 0.00260979 -0.02438765 0.11467980
v 0.00079012 -0.02496385 0.11421100
v -0.00307459 -0.02592730 0.11374460
v -0.00416112 -0.02600950 0.11366640
v -0.00307459 -0.02592730 0.11374460
v -0.00416100 -0.02600950 0.11366620
v -0.00416100 -0.02600950 0.11366620
v -0.00615692 -0.02521753 0.11354910
v -0.00615692 -0.02521753 0.11354910
v -0.00669050 -0.02612704 0.11320990
v -0.00743103 -0.02615547 0.11303220
v -0.00416112 -0.02600950 0.11366640
v -0.00669050 -0.02612704 0.11320990
v -0.00669050 -0.02612704 0.11320990
v -0.00743103 -0.02615547 0.11303220
v -0.01042550 -0.02510404 0.11265460
v -0.01042550 -0.02510404 0.11265460
v -0.01333618 -0.02551174 0.11130230
v -0.00743103 -0.02615547 0.11303220
v -0.01573616 -0.02643418 0.10972420
v -0.01706695 -0.02604627 0.10926330
v -0.01333618 -0.02551174 0.11130230
v -0.02135467 -0.02672624 0.10603610
v -0.01706695 -0.02604627 0.10926330
v -0.02188485 -0.02823966 0.10485540
v -0.01602166 -0.02706480 0.10940060
v -0.01757812 -0.02731275 0.10831730
v -0.01757812 -0.02731275 0.10831730
v -0.02135467 -0.02672624 0.10603610
v -0.02188485 -0.02823966 0.10485540
v -0.02135467 -0.02672624 0.10603610
v -0.02641296 -0.02793836 0.10042080
v -0.02529907 -0.02819579 0.10113040
v -0.02529907 -0.02819579 0.10113040
v -0.02731800 -0.03021281 0.09729093
v -0.02188485 -0.02823966 0.10485540
v -0.02612686 -0.02966356 0.09932607
v -0.02612686 -0.02966356 0.09932607
v -0.02894115 -0.02917194 0.09554189
v -0.02894115 -0.02917194 0.09554189
v -0.02731800 -0.03021281 0.09729093
v -0.02612686 -0.02966356 0.09932607
v -0.02888625 -0.03013801 0.09412378
v 0.03093981 -0.03181326 0.08594125
v -0.02612686 -0.02966356 0.09932607
v -0.02894115 -0.02917194 0.09554189
v -0.02888625 -0.03013801 0.09412378
v 0.03028219 -0.03124177 0.08930963
v -0.02888625 -0.03013801 0.09412378
v -0.03000348 -0.02968543 0.09298223
v -0.03065109 -0.03078883 0.08936017
v -0.03065109 -0.03078883 0.08936017
v 0.02862542 -0.03002882 0.09471791
v -0.03035897 -0.03271597 0.08691972
v -0.03110289 -0.03159904 0.08606046
v 0.02517700 -0.02847474 0.10122770
v -0.03078228 -0.03337657 0.08076483
v 0.02684402 -0.02862244 0.09896653
v 0.02517700 -0.02847474 0.10122770
v 0.02264213 -0.02849054 0.10401810
v 0.02697372 -0.03006213 0.09785360
v 0.02517700 -0.02847474 0.10122770
v 0.02517700 -0.02847474 0.10122770
v 0.02684402 -0.02862244 0.09896653
v 0.02519226 -0.02756071 0.10196950
v 0.02345031 -0.02693009 0.10434120
v 0.02056115 -0.02640676 0.10699740
v 0.02040898 -0.02730304 0.10630140
v 0.01787567 -0.02631187 0.10867580
v 0.02056115 -0.02640676 0.10699740
v 0.02056115 -0.02640676 0.10699740
v 0.01338952 -0.02528667 0.11156830
v 0.01787567 -0.02631187 0.10867580
v 0.01338952 -0.02528667 0.11156830
v 0.00944328 -0.02481627 0.11321060
v 0.00595087 -0.02599185 0.11335270
v 0.00562972 -0.02607077 0.11342790
v 0.00564837 -0.02499699 0.11375300
v 0.00564837 -0.02499699 0.11375300
v 0.00259292 -0.02481764 0.11424030
v 0.00260979 -0.02438765 0.11467980
v -0.00056648 -0.02436202 0.11478320
v 0.00366968 -0.02440023 0.11459820
v 0.00324440 -0.04487252 0.09441107
v 0.00626278 -0.04499483 0.09446185
v 0.00754452 -0.04474753 0.09441858
v 0.00001717 -0.04503202 0.09318536
v -0.00079298 -0.04524207 0.09254401
v 0.00081539 -0.04495888 0.09366697
v -0.00129604 -0.04503780 0.09193271
v -0.00152147 -0.04530388 0.09139138
v -0.00079298 -0.04524207 0.09254401
v -0.00198924 -0.04522746 0.09009808
v -0.00152147 -0.04530388 0.09139138
v -0.00129604 -0.04503780 0.09193271
v -0.00285810 -0.04671823 0.07548850
v -0.00216669 -0.04669016 0.07638019
v -0.00247717 -0.04652971 0.07586091
v -0.00296634 -0.04653823 0.07542699
v -0.00285810 -0.04671823 0.07548850
v -0.00247717 -0.04652971 0.07586091
v -0.00450414 -0.04664433 0.07504910
v -0.00285810 -0.04671823 0.07548850
v -0.00296634 -0.04653823 0.07542699
v -0.00443405 -0.04677224 0.07509618
v -0.00509405 -0.04674404 0.07511413
v -0.00585318 -0.04672181 0.07524502
v -0.00509405 -0.04674404 0.07511413
v -0.00450414 -0.04664433 0.07504910
v -0.00628567 -0.04662221 0.07537072
v -0.00663757 -0.04658859 0.07560676
v -0.00628567 -0.04662221 0.07537072
v -0.00627089 -0.04659610 0.07537454
v -0.00681925 -0.04647946 0.07573217
v -0.00669241 -0.04680293 0.07556289
v -0.00729853 -0.04638576 0.07675099
v -0.00669241 -0.04680293 0.07556289
v -0.00681925 -0.04647946 0.07573217
v -0.00726217 -0.04446434 0.09794634
v -0.00737011 -0.04487544 0.09797459
v -0.00729853 -0.04638576 0.07675099
v -0.00726217 -0.04446434 0.09794634
v -0.00718784 -0.04473793 0.09807056
v -0.00725931 -0.04473221 0.09800046
v -0.00737011 -0.04487544 0.09797459
v -0.00715494 -0.04460960 0.09808701
v -0.00707811 -0.04486262 0.09820479
v -0.00694227 -0.04460173 0.09814196
v -0.00707811 -0.04486262 0.09820479
v -0.00715494 -0.04460960 0.09808701
v -0.00692081 -0.04473119 0.09815466
v -0.00707811 -0.04486262 0.09820479
v -0.00694227 -0.04460173 0.09814196
v -0.00672722 -0.04458230 0.09814161
v 0.01221555 -0.04460483 0.09813481
v 0.01246738 -0.04473090 0.09814137
v 0.01302140 -0.04472583 0.09803456
v 0.01246738 -0.04473090 0.09814137
v 0.01221555 -0.04460483 0.09813481
v 0.01387405 -0.04477620 0.09748929
v 0.01302140 -0.04472583 0.09803456
v 0.01426869 -0.04479444 0.09706991
v 0.00839520 -0.04619878 0.07969659
v 0.01090127 -0.04657900 0.07716745
v 0.01019287 -0.04670947 0.07763952
v 0.00839806 -0.04633486 0.07970327
v 0.01090127 -0.04657900 0.07716745
v 0.00839520 -0.04619878 0.07969659
v 0.00809145 -0.04643744 0.08016675
v 0.00801855 -0.04624986 0.08036363
v 0.00990564 -0.04573178 0.08402711
v 0.01094430 -0.04590409 0.08565038
v 0.00852394 -0.04626250 0.08234304
v 0.01132863 -0.04549473 0.08623880
v 0.01177185 -0.04539567 0.08752554
v 0.01155632 -0.04586464 0.08709543
v 0.01197385 -0.04527366 0.08895599
v 0.01124334 -0.04539769 0.09172123
v 0.01197385 -0.04527366 0.08895599
v 0.01184600 -0.04513347 0.09036439
v 0.01027250 -0.04495292 0.09296125
v 0.01124334 -0.04539769 0.09172123
v 0.01184600 -0.04513347 0.09036439
v 0.00754452 -0.04474753 0.09441858
v 0.00878525 -0.04509276 0.09385770
v 0.00899601 -0.04509347 0.09372895
v 0.00626278 -0.04499483 0.09446185
v 0.00616735 -0.04507821 0.09446877
v 0.00878525 -0.04509276 0.09385770
v 0.00626278 -0.04499483 0.09446185
v 0.00878525 -0.04509276 0.09385770
v 0.00754452 -0.04474753 0.09441858
v 0.01446270 -0.04649698 0.07453221
v 0.01405620 -0.04648679 0.07441031
v 0.01411485 -0.04648619 0.07441598
v 0.01443243 -0.04459941 0.09663230
v 0.01323652 -0.04444181 0.09781354
v 0.01203775 -0.04442912 0.09799462
v 0.01027250 -0.04495292 0.09296125
v 0.00040484 -0.04477924 0.09367662
v -0.00676197 -0.04443407 0.09802293
v -0.00726217 -0.04446434 0.09794634
v -0.00455373 -0.04644995 0.07514542
v -0.00704587 -0.04634475 0.07615250
v -0.00632667 -0.04639542 0.07550781
v -0.00152254 -0.04499214 0.09180301
v 0.00202179 -0.04475122 0.09426492
v 0.01123064 -0.04499590 0.09183305
v 0.01184600 -0.04513347 0.09036439
v 0.01197385 -0.04527366 0.08895599
v 0.01177185 -0.04539567 0.08752554
v -0.00236809 -0.04632860 0.07625097
v -0.00198924 -0.04522746 0.09009808
v 0.01132863 -0.04549473 0.08623880
v 0.00381845 -0.04476714 0.09452289
v 0.00754452 -0.04474753 0.09441858
v 0.00914764 -0.04608052 0.07902044
v -0.00306600 -0.04639029 0.07553285
v 0.00806129 -0.04592978 0.08119815
v 0.01373189 -0.04649353 0.07446521
v 0.01399773 -0.04648619 0.07441610
v 0.01429265 -0.04648792 0.07442992
v 0.00507069 -0.04585051 0.08389943
v 0.00695992 -0.04592299 0.08619207
v 0.00708485 -0.04559963 0.08652871
v 0.00460458 -0.04620087 0.08302015
v 0.00507069 -0.04585051 0.08389943
v 0.00392514 -0.04593271 0.08139091
v 0.00405395 -0.04639220 0.08116245
v 0.00460458 -0.04620087 0.08302015
v 0.00392514 -0.04593271 0.08139091
v 0.00450516 -0.04655957 0.07827943
v 0.00397927 -0.04631835 0.07985401
v 0.00440812 -0.04629862 0.07831138
v 0.01215147 -0.04711890 0.06907409
v 0.01215106 -0.04714745 0.06907349
v 0.01215100 -0.04726123 0.06907939
v 0.01215147 -0.04711890 0.06907409
v 0.01215147 -0.04711890 0.06907409
v 0.01215100 -0.04726123 0.06907939
v 0.01216197 -0.04728716 0.06907552
v 0.00855166 -0.04712086 0.06910985
v 0.01215320 -0.04732769 0.06907409
v 0.01215106 -0.04714745 0.06907349
v -0.01200067 -0.04721343 0.06929999
v -0.01200199 -0.04713249 0.06929653
v -0.01230019 -0.04724127 0.06930863
v -0.01261037 -0.04721301 0.06933516
v -0.01303446 -0.04711282 0.06946939
v -0.01309013 -0.04722481 0.06949609
v -0.01400375 -0.04715377 0.07009929
v -0.01455867 -0.04501664 0.09659045
v -0.01454341 -0.04703217 0.07169741
v -0.01451474 -0.04687803 0.07128107
v -0.01445692 -0.04462546 0.09637540
v -0.01434510 -0.04483693 0.09678941
v -0.01454985 -0.04489004 0.09633141
v -0.01409792 -0.04479914 0.09722161
v -0.01353424 -0.04474872 0.09783929
v -0.01409792 -0.04479914 0.09722161
v -0.01445692 -0.04462546 0.09637540
v -0.01391983 -0.04483729 0.09745305
v -0.01409792 -0.04479914 0.09722161
v -0.01353424 -0.04474872 0.09783929
v -0.01214933 -0.04471737 0.09819525
v -0.01353424 -0.04474872 0.09783929
v -0.01275825 -0.04458945 0.09808105
v -0.01221650 -0.04457426 0.09815496
v -0.01214933 -0.04471737 0.09819525
v -0.01275825 -0.04458945 0.09808105
v -0.01153779 -0.04453039 0.09811466
v -0.01153790 -0.04471904 0.09813791
v -0.01146882 -0.04472094 0.09811204
v -0.01132202 -0.04488068 0.09802395
v -0.01146882 -0.04472094 0.09811204
v -0.01153779 -0.04453039 0.09811466
v -0.01137936 -0.04639810 0.07565754
v -0.01126521 -0.04681396 0.07600891
v -0.01136928 -0.04459196 0.09796077
v -0.01093769 -0.04669833 0.07466262
v -0.01126521 -0.04681396 0.07600891
v -0.01137936 -0.04639810 0.07565754
v -0.00841713 -0.04693430 0.07221931
v -0.00961685 -0.04708230 0.07303160
v -0.00862408 -0.04679483 0.07226985
v -0.00623608 -0.04682111 0.07154685
v -0.00649828 -0.04705417 0.07167381
v -0.00841713 -0.04693430 0.07221931
v -0.00282437 -0.04703426 0.07167452
v -0.00623608 -0.04682111 0.07154685
v -0.00373912 -0.04687571 0.07147163
v -0.00101280 -0.04700279 0.07223695
v -0.00282437 -0.04703426 0.07167452
v -0.00373912 -0.04687571 0.07147163
v -0.00035667 -0.04702079 0.07249635
v -0.00101280 -0.04700279 0.07223695
v -0.00373912 -0.04687571 0.07147163
v 0.00192171 -0.04653418 0.07617044
v 0.00167781 -0.04691356 0.07516247
v 0.00142425 -0.04657590 0.07424992
v 0.00205064 -0.04636645 0.07618939
v 0.00199670 -0.04619908 0.08272165
v 0.00192171 -0.04653418 0.07617044
v 0.00207353 -0.04601949 0.08026450
v 0.00199670 -0.04619908 0.08272165
v 0.00205064 -0.04636645 0.07618939
v 0.00211519 -0.04561269 0.08956867
v 0.00213069 -0.04527032 0.08932346
v 0.00213069 -0.04527032 0.08932346
v 0.00225794 -0.04546570 0.08961075
v 0.00211519 -0.04561269 0.08956867
v 0.00268024 -0.04534846 0.09023541
v 0.00361437 -0.04524791 0.09069246
v 0.00293112 -0.04551255 0.09047740
v 0.00268024 -0.04534846 0.09023541
v 0.00361252 -0.04537898 0.09070676
v 0.00293112 -0.04551255 0.09047740
v 0.00361437 -0.04524791 0.09069246
v 0.00534391 -0.04530227 0.09088724
v 0.00713944 -0.04521483 0.09021872
v 0.00622749 -0.04539442 0.09073251
v 0.00534391 -0.04530227 0.09088724
v -0.01146423 -0.04444891 0.09793394
v -0.01157164 -0.04443186 0.09805381
v -0.01365089 -0.04446256 0.09757059
v -0.01437002 -0.04672223 0.07163435
v -0.01026719 -0.04660111 0.07351964
v -0.01137936 -0.04639810 0.07565754
v -0.01326656 -0.04690885 0.06961101
v -0.01189416 -0.04691612 0.06947797
v -0.00952339 -0.04665786 0.07277387
v 0.00764227 -0.04522365 0.08889389
v 0.00526714 -0.04508149 0.09089916
v 0.00309843 -0.04509299 0.09035199
v 0.00684261 -0.04548132 0.08628362
v 0.00231600 -0.04517644 0.08960229
v -0.00860977 -0.04669052 0.07213109
v 0.00207353 -0.04601949 0.08026450
v -0.00526762 -0.04676508 0.07118219
v 0.00446552 -0.04580157 0.08292096
v 0.00205064 -0.04636645 0.07618939
v 0.00392514 -0.04593271 0.08139091
v 0.00399756 -0.04610109 0.07917803
v 0.00469494 -0.04624491 0.07771199
v 0.00166464 -0.04649037 0.07463353
v 0.01270878 -0.04695963 0.06943941
v 0.00647503 -0.04693287 0.06931036
v 0.00061131 -0.04659879 0.07310861
v -0.00148630 -0.04672896 0.07182401
v 0.00142425 -0.04657590 0.07424992
v 0.01217269 -0.04695731 0.06917351
v 0.01388359 -0.04661953 0.07427090
v 0.01410597 -0.04682117 0.07422417
v 0.01400423 -0.04662466 0.07423394
v 0.01410597 -0.04682117 0.07422417
v 0.01425194 -0.04681879 0.07426571
v 0.01431155 -0.04680246 0.07424587
v 0.01425194 -0.04681879 0.07426571
v 0.01430886 -0.04685664 0.07429021
v 0.01431155 -0.04680246 0.07424587
v -0.00455373 -0.04644995 0.07514542
v -0.00565720 -0.04649358 0.07521575
v -0.00492382 -0.04651594 0.07511502
v -0.00510561 -0.04656845 0.07511311
v -0.00484109 -0.04657024 0.07509291
v -0.00492382 -0.04651594 0.07511502
v -0.00510561 -0.04656845 0.07511311
v -0.00484109 -0.04657024 0.07509291
v -0.00484109 -0.04657024 0.07509291
v -0.00510561 -0.04656845 0.07511311
v -0.00450414 -0.04664433 0.07504910
v -0.00578684 -0.04644942 0.07528299
v -0.00433135 -0.04656898 0.07510638
v -0.00455373 -0.04644995 0.07514542
v -0.00433195 -0.04656898 0.07510626
v -0.00433195 -0.04656898 0.07510626
v -0.00433135 -0.04656898 0.07510638
v -0.00484109 -0.04657024 0.07509291
v -0.00565720 -0.04649358 0.07521575
v -0.00585043 -0.04655706 0.07524257
v -0.00534910 -0.04656565 0.07514524
v -0.00433195 -0.04656898 0.07510626
v -0.00628567 -0.04662221 0.07537072
v -0.00450414 -0.04664433 0.07504910
v -0.00534910 -0.04656565 0.07514524
v -0.00585043 -0.04655706 0.07524257
v -0.00433135 -0.04656898 0.07510638
v -0.00433195 -0.04656898 0.07510626
v -0.00450414 -0.04664433 0.07504910
v -0.00534910 -0.04656565 0.07514524
v -0.00585043 -0.04655706 0.07524257
v -0.00433195 -0.04656898 0.07510626
v -0.00484109 -0.04657024 0.07509291
v -0.00450414 -0.04664433 0.07504910
v -0.00534910 -0.04656565 0.07514524
v -0.00450414 -0.04664433 0.07504910
v -0.00510561 -0.04656845 0.07511311
v -0.00619411 -0.04648876 0.07536453
v -0.00632667 -0.04639542 0.07550781
v -0.00619411 -0.04648876 0.07536453
v -0.00578684 -0.04644942 0.07528299
v -0.00627089 -0.04659610 0.07537454
v -0.00628567 -0.04662221 0.07537072
v -0.00619411 -0.04648876 0.07536453
v -0.00578684 -0.04644942 0.07528299
v -0.00619411 -0.04648876 0.07536453
v -0.00578684 -0.04644942 0.07528299
v -0.00565720 -0.04649358 0.07521575
v -0.00619411 -0.04648876 0.07536453
v -0.00628567 -0.04662221 0.07537072
v -0.00585133 -0.04655706 0.07524281
v -0.00585133 -0.04655706 0.07524281
v -0.00565720 -0.04649358 0.07521575
v -0.00585043 -0.04655706 0.07524257
v -0.00585043 -0.04655706 0.07524257
v -0.00565720 -0.04649358 0.07521575
v -0.00632667 -0.04639542 0.07550781
v -0.00704587 -0.04634475 0.07615250
v -0.00654984 -0.04642379 0.07559293
v -0.00704587 -0.04634475 0.07615250
v -0.00729853 -0.04638576 0.07675099
v -0.00693411 -0.04654878 0.07587045
v -0.00729853 -0.04638576 0.07675099
v -0.00681925 -0.04647946 0.07573217
v -0.00693411 -0.04654878 0.07587045
v -0.00681925 -0.04647946 0.07573217
v -0.00681925 -0.04647946 0.07573217
v -0.00654984 -0.04642379 0.07559293
v -0.00654984 -0.04642379 0.07559293
v -0.00236809 -0.04632860 0.07625097
v -0.00246143 -0.04638004 0.07603925
v -0.00216669 -0.04669016 0.07638019
v -0.00213236 -0.04636019 0.07692331
v -0.00367826 -0.04644763 0.07526296
v -0.00367826 -0.04644763 0.07526296
v -0.00455373 -0.04644995 0.07514542
v -0.00296634 -0.04653823 0.07542699
v -0.00296634 -0.04653823 0.07542699
v -0.00296634 -0.04653823 0.07542699
v -0.00330979 -0.04642641 0.07539403
v -0.00367826 -0.04644763 0.07526296
v -0.00330979 -0.04642647 0.07539403
v -0.00330979 -0.04642647 0.07539403
v -0.00367826 -0.04644763 0.07526296
v -0.00287437 -0.04648232 0.07551425
v -0.00367826 -0.04644763 0.07526296
v -0.00296634 -0.04653823 0.07542699
v -0.00287437 -0.04648232 0.07551425
v -0.00306600 -0.04639029 0.07553285
v -0.00367826 -0.04644763 0.07526296
v -0.00307459 -0.04641008 0.07551473
v -0.00367826 -0.04644763 0.07526296
v -0.00330979 -0.04642641 0.07539403
v -0.00307459 -0.04641008 0.07551473
v -0.00307459 -0.04641008 0.07551473
v -0.00307459 -0.04641008 0.07551473
v -0.00330979 -0.04642647 0.07539403
v -0.00287437 -0.04648232 0.07551425
v -0.00289154 -0.04640388 0.07562154
v -0.00291103 -0.04640942 0.07558792
v -0.00289154 -0.04640388 0.07562154
v -0.00307459 -0.04641008 0.07551473
v -0.00291103 -0.04640942 0.07558792
v -0.00263786 -0.04641509 0.07576841
v -0.00263786 -0.04641509 0.07576841
v -0.00246143 -0.04638004 0.07603925
v -0.00259745 -0.04646468 0.07576435
v -0.00287437 -0.04648232 0.07551425
v -0.00247717 -0.04652971 0.07586091
v -0.00259745 -0.04646468 0.07576435
v -0.00236809 -0.04632860 0.07625097
v -0.00213236 -0.04636019 0.07692331
v -0.00198924 -0.04522746 0.09009808
v -0.00198924 -0.04522746 0.09009808
v -0.00213236 -0.04636019 0.07692331
v -0.00200146 -0.04567748 0.08905059
v -0.00216669 -0.04669016 0.07638019
v -0.00704587 -0.04634475 0.07615250
v -0.00726217 -0.04446434 0.09794634
v -0.00729853 -0.04638576 0.07675099
v -0.00726217 -0.04446434 0.09794634
v -0.00678635 -0.04448843 0.09809154
v -0.00699610 -0.04451411 0.09809583
v -0.00678635 -0.04448843 0.09809154
v -0.00694227 -0.04460173 0.09814196
v -0.00694287 -0.04455512 0.09812527
v -0.00699610 -0.04451411 0.09809583
v -0.00699610 -0.04451411 0.09809583
v -0.00694287 -0.04455512 0.09812527
v -0.00726217 -0.04446434 0.09794634
v -0.00676197 -0.04443407 0.09802293
v -0.00152254 -0.04499214 0.09180301
v -0.00198924 -0.04522746 0.09009808
v -0.00129604 -0.04503780 0.09193271
v 0.00202179 -0.04475122 0.09426492
v 0.00081539 -0.04495888 0.09366697
v 0.00225639 -0.04481375 0.09423822
v 0.00324440 -0.04487252 0.09441107
v -0.00079298 -0.04524207 0.09254401
v 0.00001717 -0.04503202 0.09318536
v -0.00129604 -0.04503780 0.09193271
v 0.00040484 -0.04477924 0.09367662
v -0.00152254 -0.04499214 0.09180301
v -0.00129604 -0.04503780 0.09193271
v 0.00081539 -0.04495888 0.09366697
v -0.00129604 -0.04503780 0.09193271
v 0.00001717 -0.04503202 0.09318536
v -0.00020218 -0.04504299 0.09301275
v 0.00081539 -0.04495888 0.09366697
v -0.00129604 -0.04503780 0.09193271
v -0.00020218 -0.04504299 0.09301275
v 0.00001717 -0.04503202 0.09318536
v 0.00040484 -0.04477924 0.09367662
v 0.01224899 -0.04454517 0.09811919
v -0.00672722 -0.04458230 0.09814161
v -0.00678635 -0.04448843 0.09809154
v -0.00676197 -0.04443407 0.09802293
v -0.00672722 -0.04458230 0.09814161
v 0.01243591 -0.04447239 0.09805268
v 0.01221555 -0.04451078 0.09809738
v 0.01203775 -0.04442912 0.09799462
v 0.01210016 -0.04443413 0.09799581
v 0.01243591 -0.04447239 0.09805268
v 0.01203775 -0.04442912 0.09799462
v 0.01203775 -0.04442912 0.09799462
v 0.01221555 -0.04451078 0.09809738
v 0.01224899 -0.04454517 0.09811919
v 0.01203775 -0.04442912 0.09799462
v 0.01224899 -0.04454517 0.09811919
v -0.00676197 -0.04443407 0.09802293
v -0.00672722 -0.04458230 0.09814161
v 0.00381845 -0.04476714 0.09452289
v 0.00393534 -0.04474931 0.09455883
v 0.00754452 -0.04474753 0.09441858
v 0.00393534 -0.04474931 0.09455883
v 0.00403589 -0.04480856 0.09451097
v 0.00754452 -0.04474753 0.09441858
v 0.00754452 -0.04474753 0.09441858
v 0.00403589 -0.04480856 0.09451097
v 0.00499409 -0.04482305 0.09452855
v 0.00399530 -0.04482585 0.09449619
v 0.00499409 -0.04482305 0.09452855
v 0.00528526 -0.04483938 0.09452122
v 0.00399691 -0.04487413 0.09447956
v 0.00754452 -0.04474753 0.09441858
v 0.00528526 -0.04483938 0.09452122
v 0.00399530 -0.04482585 0.09449619
v 0.00754452 -0.04474753 0.09441858
v 0.00399691 -0.04487413 0.09447956
v 0.00324440 -0.04487252 0.09441107
v 0.00754452 -0.04474753 0.09441858
v 0.00381845 -0.04476714 0.09452289
v 0.00381845 -0.04476714 0.09452289
v 0.00225639 -0.04481375 0.09423822
v 0.00324440 -0.04487252 0.09441107
v 0.00499409 -0.04482305 0.09452855
v 0.00528526 -0.04483938 0.09452122
v 0.00754452 -0.04474753 0.09441858
v 0.00381845 -0.04476714 0.09452289
v 0.00324440 -0.04487252 0.09441107
v 0.01426869 -0.04479444 0.09706991
v 0.01302140 -0.04472583 0.09803456
v 0.01321786 -0.04450160 0.09792929
v 0.01321786 -0.04450160 0.09792929
v 0.01302140 -0.04472583 0.09803456
v 0.01277542 -0.04455989 0.09805864
v 0.01323652 -0.04444181 0.09781354
v 0.01321786 -0.04450160 0.09792929
v 0.01321786 -0.04450160 0.09792929
v 0.01277542 -0.04455989 0.09805864
v 0.01251786 -0.04455715 0.09810268
v 0.01251786 -0.04455715 0.09810268
v 0.01251786 -0.04455715 0.09810268
v 0.01321786 -0.04450160 0.09792929
v 0.01321786 -0.04450160 0.09792929
v 0.01243591 -0.04447239 0.09805268
v 0.01221555 -0.04451078 0.09809738
v 0.01224899 -0.04454517 0.09811919
v 0.01221555 -0.04451078 0.09809738
v 0.01321786 -0.04450160 0.09792929
v 0.01224899 -0.04454517 0.09811919
v 0.01251786 -0.04455715 0.09810268
v 0.01443243 -0.04459941 0.09663230
v 0.01426869 -0.04479444 0.09706991
v 0.01321786 -0.04450160 0.09792929
v 0.01323652 -0.04444181 0.09781354
v 0.01027250 -0.04495292 0.09296125
v 0.01446270 -0.04649698 0.07453221
v 0.01456546 -0.04697096 0.07433962
v 0.01443243 -0.04459941 0.09663230
v 0.01404941 -0.04650700 0.07432812
v 0.01373189 -0.04649353 0.07446521
v 0.01388359 -0.04661953 0.07427090
v 0.01404941 -0.04650700 0.07432812
v 0.01431155 -0.04680246 0.07424587
v 0.01429265 -0.04648792 0.07442992
v 0.01400423 -0.04662466 0.07423394
v 0.01410597 -0.04682117 0.07422417
v 0.01431155 -0.04680246 0.07424587
v 0.01405620 -0.04648679 0.07441031
v 0.01399773 -0.04648619 0.07441610
v 0.01411485 -0.04648619 0.07441598
v 0.01399773 -0.04648619 0.07441610
v 0.01373189 -0.04649353 0.07446521
v 0.01405620 -0.04648679 0.07441031
v 0.01019287 -0.04670947 0.07763952
v 0.01388359 -0.04661953 0.07427090
v 0.01378387 -0.04663562 0.07431507
v 0.01019287 -0.04670947 0.07763952
v 0.01378387 -0.04663562 0.07431507
v 0.01405620 -0.04648679 0.07441031
v 0.01373189 -0.04649353 0.07446521
v 0.01404941 -0.04650700 0.07432812
v 0.01446270 -0.04649698 0.07453221
v 0.01411485 -0.04648619 0.07441598
v 0.01405620 -0.04648679 0.07441031
v 0.01429265 -0.04648792 0.07442992
v 0.01429265 -0.04648792 0.07442992
v 0.01400423 -0.04662466 0.07423394
v 0.01400423 -0.04662466 0.07423394
v 0.00806129 -0.04592978 0.08119815
v 0.00806129 -0.04592978 0.08119815
v 0.00914764 -0.04608052 0.07902044
v 0.01162660 -0.04640239 0.07647633
v 0.00850677 -0.04609060 0.07968419
v 0.00820446 -0.04602861 0.08014196
v 0.00839233 -0.04620695 0.07995885
v 0.00839233 -0.04620695 0.07995885
v 0.00820446 -0.04602861 0.08014196
v 0.00801855 -0.04624986 0.08036363
v 0.00801855 -0.04624986 0.08036363
v 0.00839520 -0.04619878 0.07969659
v 0.00837564 -0.04620498 0.07974141
v 0.00914764 -0.04608052 0.07902044
v 0.00820446 -0.04602861 0.08014196
v 0.00860166 -0.04609370 0.07954704
v 0.00820446 -0.04602861 0.08014196
v 0.00850677 -0.04609060 0.07968419
v 0.00860166 -0.04609370 0.07954704
v 0.00850677 -0.04609060 0.07968419
v 0.00839233 -0.04620695 0.07995885
v 0.00801855 -0.04624986 0.08036363
v 0.00850677 -0.04609060 0.07968419
v 0.00914764 -0.04608052 0.07902044
v 0.00860166 -0.04609370 0.07954704
v 0.00850677 -0.04609060 0.07968419
v 0.00801855 -0.04624986 0.08036363
v 0.00837564 -0.04620498 0.07974141
v 0.00850677 -0.04609060 0.07968419
v 0.00839520 -0.04619878 0.07969659
v 0.00839520 -0.04619878 0.07969659
v 0.00806129 -0.04592978 0.08119815
v 0.00801855 -0.04624986 0.08036363
v 0.00820446 -0.04602861 0.08014196
v 0.00820446 -0.04602861 0.08014196
v -0.01146423 -0.04444891 0.09793394
v -0.01147502 -0.04447472 0.09802001
v -0.01157164 -0.04443186 0.09805381
v -0.01147502 -0.04447472 0.09802001
v -0.01153779 -0.04453039 0.09811466
v -0.01157164 -0.04443186 0.09805381
v -0.01146423 -0.04444891 0.09793394
v -0.01143831 -0.04455900 0.09805768
v -0.01147502 -0.04447472 0.09802001
v -0.01136928 -0.04459196 0.09796077
v -0.01136928 -0.04459196 0.09796077
v -0.01143831 -0.04455900 0.09805768
v -0.01136928 -0.04459196 0.09796077
v -0.01153779 -0.04453039 0.09811466
v -0.01143831 -0.04455900 0.09805768
v -0.01146423 -0.04444891 0.09793394
v -0.01087754 -0.04653662 0.07449191
v -0.01026719 -0.04660111 0.07351964
v -0.01093769 -0.04669833 0.07466262
v -0.00860977 -0.04669052 0.07213109
v -0.00862408 -0.04679483 0.07226985
v -0.00952339 -0.04665786 0.07277387
v -0.01137936 -0.04639810 0.07565754
v -0.00952339 -0.04665786 0.07277387
v -0.00526762 -0.04676508 0.07118219
v -0.00623608 -0.04682111 0.07154685
v -0.00862408 -0.04679483 0.07226985
v -0.01137936 -0.04639810 0.07565754
v -0.01026719 -0.04660111 0.07351964
v -0.01087754 -0.04653662 0.07449191
v -0.01365089 -0.04446256 0.09757059
v -0.01383137 -0.04461050 0.09749227
v -0.01410859 -0.04461574 0.09714788
v -0.01383137 -0.04461050 0.09749227
v -0.01357072 -0.04456949 0.09772390
v -0.01410859 -0.04461574 0.09714788
v -0.01410859 -0.04461574 0.09714788
v -0.01357072 -0.04456949 0.09772390
v -0.01353424 -0.04474872 0.09783929
v -0.01410859 -0.04461574 0.09714788
v -0.01353424 -0.04474872 0.09783929
v -0.01445692 -0.04462546 0.09637540
v -0.01365089 -0.04446256 0.09757059
v -0.01410859 -0.04461574 0.09714788
v -0.01445692 -0.04462546 0.09637540
v -0.01283639 -0.04443693 0.09796422
v -0.01157164 -0.04443186 0.09805381
v -0.01262283 -0.04452085 0.09808820
v -0.01153779 -0.04453039 0.09811466
v -0.01220989 -0.04453223 0.09813016
v -0.01220989 -0.04453223 0.09813016
v -0.01153779 -0.04453039 0.09811466
v -0.01262283 -0.04452085 0.09808820
v -0.01262283 -0.04452085 0.09808820
v -0.01153779 -0.04453039 0.09811466
v -0.01221650 -0.04457426 0.09815496
v -0.01283639 -0.04443693 0.09796422
v -0.01262283 -0.04452085 0.09808820
v -0.01221650 -0.04457426 0.09815496
v -0.01282024 -0.04454374 0.09804052
v -0.01282024 -0.04454374 0.09804052
v -0.01221650 -0.04457426 0.09815496
v -0.01275825 -0.04458945 0.09808105
v -0.01285994 -0.04451787 0.09801679
v -0.01285994 -0.04451787 0.09801679
v -0.01262283 -0.04452085 0.09808820
v -0.01357072 -0.04456949 0.09772390
v -0.01357072 -0.04456949 0.09772390
v -0.01262283 -0.04452085 0.09808820
v -0.01282024 -0.04454374 0.09804052
v -0.01353424 -0.04474872 0.09783929
v -0.01357072 -0.04456949 0.09772390
v -0.01262283 -0.04452085 0.09808820
v -0.01353424 -0.04474872 0.09783929
v -0.01353424 -0.04474872 0.09783929
v -0.01454985 -0.04489004 0.09633141
v -0.01448529 -0.04467290 0.09576946
v -0.01445692 -0.04462546 0.09637540
v -0.01365089 -0.04446256 0.09757059
v -0.01283639 -0.04443693 0.09796422
v -0.01339000 -0.04452180 0.09777688
v -0.01329803 -0.04455322 0.09787648
v -0.01283639 -0.04443693 0.09796422
v -0.01357072 -0.04456949 0.09772390
v -0.01329803 -0.04455322 0.09787648
v -0.01365089 -0.04446256 0.09757059
v -0.01329803 -0.04455322 0.09787648
v -0.01366698 -0.04457521 0.09762090
v -0.01329803 -0.04455322 0.09787648
v -0.01357072 -0.04456949 0.09772390
v -0.01366698 -0.04457521 0.09762090
v -0.01366698 -0.04457521 0.09762090
v -0.01357072 -0.04456949 0.09772390
v -0.01383137 -0.04461050 0.09749227
v -0.00526762 -0.04676508 0.07118219
v -0.00430965 -0.04678934 0.07141441
v -0.00623608 -0.04682111 0.07154685
v -0.00430965 -0.04678934 0.07141441
v -0.00373912 -0.04687571 0.07147163
v -0.00511998 -0.04683971 0.07147729
v -0.00623608 -0.04682111 0.07154685
v -0.00430965 -0.04678934 0.07141441
v -0.00511998 -0.04683971 0.07147729
v -0.00511998 -0.04683971 0.07147729
v -0.00373912 -0.04687571 0.07147163
v -0.00623608 -0.04682111 0.07154685
v -0.00148630 -0.04672896 0.07182401
v -0.00035667 -0.04702079 0.07249635
v -0.00373912 -0.04687571 0.07147163
v -0.00148630 -0.04672896 0.07182401
v -0.00430965 -0.04678934 0.07141441
v -0.00148630 -0.04672896 0.07182401
v -0.00373912 -0.04687571 0.07147163
v -0.01445692 -0.04462546 0.09637540
v -0.01448529 -0.04467290 0.09576946
v -0.01437002 -0.04672223 0.07163435
v -0.01448529 -0.04467290 0.09576946
v -0.01451474 -0.04687803 0.07128107
v 0.00061131 -0.04659879 0.07310861
v 0.00142425 -0.04657590 0.07424992
v -0.00035667 -0.04702079 0.07249635
v -0.00148630 -0.04672896 0.07182401
v 0.00061131 -0.04659879 0.07310861
v 0.00002098 -0.04670119 0.07272237
v 0.00061131 -0.04659879 0.07310861
v -0.00035667 -0.04702079 0.07249635
v 0.00142425 -0.04657590 0.07424992
v 0.00166464 -0.04649037 0.07463353
v 0.00205064 -0.04636645 0.07618939
v 0.00142425 -0.04657590 0.07424992
v -0.01376336 -0.04693472 0.06998151
v -0.01387411 -0.04694598 0.07006829
v -0.01363199 -0.04696542 0.06984657
v -0.01400208 -0.04702824 0.07009643
v -0.01326656 -0.04690885 0.06961101
v -0.01376336 -0.04693472 0.06998151
v -0.01347708 -0.04697525 0.06973409
v -0.01376336 -0.04693472 0.06998151
v -0.01363199 -0.04696542 0.06984657
v -0.01347708 -0.04697525 0.06973409
v -0.01363199 -0.04696542 0.06984657
v -0.01400208 -0.04702824 0.07009643
v -0.01347708 -0.04697525 0.06973409
v -0.01347708 -0.04697525 0.06973409
v -0.01363199 -0.04696542 0.06984657
v -0.01349008 -0.04701626 0.06971824
v -0.01405680 -0.04683506 0.07037705
v -0.01326656 -0.04690885 0.06961101
v -0.01347708 -0.04697525 0.06973409
v -0.01324719 -0.04698699 0.06959927
v -0.01324719 -0.04698699 0.06959927
v -0.01324719 -0.04698699 0.06959927
v -0.01347708 -0.04697525 0.06973409
v -0.01324719 -0.04698699 0.06959927
v -0.01313400 -0.04704475 0.06951993
v -0.01400375 -0.04715377 0.07009929
v -0.01303446 -0.04711282 0.06946939
v -0.01326346 -0.04706525 0.06957441
v -0.01326346 -0.04706525 0.06957441
v -0.01349008 -0.04701626 0.06971824
v -0.01400208 -0.04702824 0.07009643
v -0.01326346 -0.04706525 0.06957441
v -0.01400375 -0.04715377 0.07009929
v -0.01301968 -0.04699593 0.06949710
v -0.01301968 -0.04699593 0.06949710
v -0.01301968 -0.04699593 0.06949710
v -0.01301968 -0.04699593 0.06949710
v -0.01326346 -0.04706525 0.06957441
v -0.01303446 -0.04711282 0.06946939
v -0.01326346 -0.04706525 0.06957441
v -0.01303446 -0.04711282 0.06946939
v -0.01326656 -0.04690885 0.06961101
v -0.01301968 -0.04699593 0.06949710
v -0.01271432 -0.04696869 0.06942647
v -0.01282423 -0.04700177 0.06943035
v -0.01282423 -0.04700177 0.06943035
v -0.01282423 -0.04700177 0.06943035
v -0.01282423 -0.04700177 0.06943035
v -0.01283091 -0.04704308 0.06941151
v -0.01283437 -0.04708021 0.06940299
v -0.01283437 -0.04708021 0.06940299
v -0.01405680 -0.04683506 0.07037705
v -0.01251429 -0.04697233 0.06938838
v -0.01424068 -0.04690033 0.07059109
v -0.01451474 -0.04687803 0.07128107
v -0.01400208 -0.04702824 0.07009643
v -0.01251947 -0.04700791 0.06936007
v -0.01251947 -0.04700791 0.06936007
v -0.01251947 -0.04700791 0.06936007
v -0.01251947 -0.04700791 0.06936007
v -0.01271432 -0.04696869 0.06942647
v -0.01202625 -0.04697018 0.06935805
v -0.01251429 -0.04697233 0.06938838
v -0.01451474 -0.04687803 0.07128107
v -0.01424068 -0.04690033 0.07059109
v -0.01418077 -0.04690992 0.07048046
v -0.01418077 -0.04690992 0.07048046
v -0.01424068 -0.04690033 0.07059109
v -0.01424068 -0.04690033 0.07059109
v -0.01400208 -0.04702824 0.07009643
v -0.01418077 -0.04690992 0.07048046
v -0.01241493 -0.04700928 0.06934487
v -0.01202625 -0.04697018 0.06935805
v -0.01241493 -0.04700928 0.06934487
v -0.01241493 -0.04700928 0.06934487
v -0.01400375 -0.04715377 0.07009929
v -0.01241785 -0.04705065 0.06932526
v -0.01241493 -0.04700928 0.06934487
v -0.01200211 -0.04694706 0.06939071
v -0.01200121 -0.04701089 0.06932604
v -0.01200187 -0.04701095 0.06932604
v -0.01405680 -0.04683506 0.07037705
v -0.01451474 -0.04687803 0.07128107
v -0.01326656 -0.04690885 0.06961101
v -0.01200187 -0.04701095 0.06932604
v -0.01200121 -0.04701089 0.06932604
v -0.01200008 -0.04704993 0.06930917
v -0.01200121 -0.04701089 0.06932604
v -0.01200187 -0.04701095 0.06932604
v -0.01200187 -0.04701095 0.06932604
v -0.01200097 -0.04709196 0.06929749
v -0.01200008 -0.04704993 0.06930917
v -0.01200115 -0.04705232 0.06930619
v -0.01200187 -0.04701095 0.06932604
v -0.01200115 -0.04705232 0.06930619
v -0.01200187 -0.04701095 0.06932604
v -0.01326656 -0.04690885 0.06961101
v -0.01376336 -0.04693472 0.06998151
v -0.01200097 -0.04709196 0.06929749
v -0.01396149 -0.04693734 0.07016676
v -0.01396149 -0.04693734 0.07016676
v -0.01418077 -0.04690992 0.07048046
v -0.01396149 -0.04693734 0.07016676
v -0.01418077 -0.04690992 0.07048046
v -0.01396149 -0.04693734 0.07016676
v -0.01387411 -0.04694598 0.07006829
v -0.01376336 -0.04693472 0.06998151
v -0.01396149 -0.04693734 0.07016676
v -0.01387411 -0.04694598 0.07006829
v 0.00231600 -0.04517644 0.08960229
v 0.00213069 -0.04527032 0.08932346
v 0.00207353 -0.04601949 0.08026450
v 0.00578082 -0.04700851 0.06917876
v 0.01217269 -0.04695731 0.06917351
v 0.01215171 -0.04702609 0.06910556
v 0.00517964 -0.04704469 0.06915903
v -0.01160466 -0.04707729 0.06929630
v -0.01200008 -0.04704993 0.06930917
v -0.00562960 -0.04701566 0.06927108
v -0.01160424 -0.04698652 0.06934118
v -0.01202625 -0.04697018 0.06935805
v 0.01132303 -0.04708337 0.06908839
v -0.01200121 -0.04701089 0.06932604
v -0.01200008 -0.04704993 0.06930917
v -0.01200085 -0.04700231 0.06933110
v -0.01200085 -0.04700231 0.06933110
v 0.00517964 -0.04704469 0.06915903
v -0.01200085 -0.04700231 0.06933110
v -0.01200240 -0.04692834 0.06943124
v -0.01200211 -0.04694706 0.06939071
v -0.01202625 -0.04697018 0.06935805
v -0.01200240 -0.04692834 0.06943124
v -0.01200240 -0.04692834 0.06943124
v 0.01215147 -0.04711890 0.06907409
v 0.00251961 -0.04524898 0.09000581
v 0.00268024 -0.04534846 0.09023541
v 0.00213069 -0.04527032 0.08932346
v 0.00231600 -0.04517644 0.08960229
v 0.00251961 -0.04524898 0.09000581
v 0.00213069 -0.04527032 0.08932346
v 0.00432396 -0.04514503 0.09079402
v 0.00534391 -0.04530227 0.09088724
v 0.00356865 -0.04518646 0.09066909
v 0.00356865 -0.04518646 0.09066909
v 0.00526714 -0.04508149 0.09089916
v 0.00432396 -0.04514503 0.09079402
v 0.00356865 -0.04518646 0.09066909
v 0.00526714 -0.04508149 0.09089916
v 0.00356865 -0.04518646 0.09066909
v 0.00341791 -0.04511147 0.09052938
v 0.00334930 -0.04517120 0.09056371
v 0.00341791 -0.04511147 0.09052938
v 0.00318903 -0.04515600 0.09047979
v 0.00312424 -0.04522264 0.09049886
v 0.00361437 -0.04524791 0.09069246
v 0.00268024 -0.04534846 0.09023541
v 0.00356865 -0.04518646 0.09066909
v 0.00309843 -0.04509299 0.09035199
v 0.00296021 -0.04516530 0.09035581
v 0.00318903 -0.04515600 0.09047979
v 0.00334930 -0.04517120 0.09056371
v 0.00296021 -0.04516530 0.09035581
v 0.00334930 -0.04517120 0.09056371
v 0.00312424 -0.04522264 0.09049886
v 0.00268024 -0.04534846 0.09023541
v 0.00268024 -0.04534846 0.09023541
v 0.00312424 -0.04522264 0.09049886
v 0.00356865 -0.04518646 0.09066909
v 0.00268024 -0.04534846 0.09023541
v 0.00309843 -0.04509299 0.09035199
v 0.00296021 -0.04516530 0.09035581
v 0.00231600 -0.04517644 0.08960229
v 0.00251961 -0.04524898 0.09000581
v 0.00251961 -0.04524898 0.09000581
v 0.00296021 -0.04516530 0.09035581
v 0.00268024 -0.04534846 0.09023541
v 0.01215171 -0.04702609 0.06910556
v 0.01215171 -0.04702609 0.06910556
v 0.01215147 -0.04711890 0.06907409
v 0.01216030 -0.04706531 0.06907778
v 0.00526714 -0.04508149 0.09089916
v 0.00605005 -0.04516935 0.09072774
v 0.01270878 -0.04695963 0.06943941
v 0.00563139 -0.04673928 0.07685083
v 0.00469494 -0.04624491 0.07771199
v 0.00671005 -0.04509800 0.09031957
v 0.00764227 -0.04522365 0.08889389
v 0.00713944 -0.04521483 0.09021872
v 0.00654984 -0.04512298 0.09051316
v 0.00673914 -0.04519265 0.09050196
v 0.00764227 -0.04522365 0.08889389
v 0.00763518 -0.04547798 0.08782070
v 0.00776088 -0.04553860 0.08879160
v 0.00760984 -0.04541128 0.08949416
v 0.00713944 -0.04521483 0.09021872
v 0.00534391 -0.04530227 0.09088724
v 0.00673914 -0.04519265 0.09050196
v 0.00673914 -0.04519265 0.09050196
v 0.00654984 -0.04512298 0.09051316
v 0.00526714 -0.04508149 0.09089916
v 0.00605005 -0.04516935 0.09072774
v 0.00526714 -0.04508149 0.09089916
v 0.00673914 -0.04519265 0.09050196
v 0.00605005 -0.04516935 0.09072774
v 0.00673914 -0.04519265 0.09050196
v 0.00607759 -0.04520148 0.09073817
v 0.00534391 -0.04530227 0.09088724
v 0.00605005 -0.04516935 0.09072774
v 0.00607759 -0.04520148 0.09073817
v 0.00673914 -0.04519265 0.09050196
v 0.00534391 -0.04530227 0.09088724
v 0.00607759 -0.04520148 0.09073817
v 0.00607759 -0.04520148 0.09073817
v 0.00605005 -0.04516935 0.09072774
v 0.00673914 -0.04519265 0.09050196
v 0.00764227 -0.04522365 0.08889389
v 0.00760984 -0.04541128 0.08949416
v 0.00713944 -0.04521483 0.09021872
v 0.00763518 -0.04547798 0.08782070
v 0.00764227 -0.04522365 0.08889389
v 0.00684261 -0.04548132 0.08628362
v 0.00684261 -0.04548132 0.08628362
v 0.00708485 -0.04559963 0.08652871
v 0.00763518 -0.04547798 0.08782070
v 0.00565720 -0.04571431 0.08462041
v 0.00507069 -0.04585051 0.08389943
v 0.00708485 -0.04559963 0.08652871
v 0.00565720 -0.04571431 0.08462041
v 0.00708485 -0.04559963 0.08652871
v 0.00684261 -0.04548132 0.08628362
v 0.00399756 -0.04610109 0.07917803
v 0.00397927 -0.04631835 0.07985401
v 0.00563139 -0.04673928 0.07685083
v 0.00440812 -0.04629862 0.07831138
v 0.00469494 -0.04624491 0.07771199
v 0.00399756 -0.04610109 0.07917803
v 0.00469494 -0.04624491 0.07771199
v 0.00397927 -0.04631835 0.07985401
v 0.00469494 -0.04624491 0.07771199
v 0.00440812 -0.04629862 0.07831138
v 0.00397927 -0.04631835 0.07985401
v 0.00684261 -0.04548132 0.08628362
v 0.00446552 -0.04580157 0.08292096
v 0.00565720 -0.04571431 0.08462041
v 0.00446552 -0.04580157 0.08292096
v 0.00507069 -0.04585051 0.08389943
v -0.02246087 -0.04453986 0.06875127
v -0.02201843 -0.04592841 0.06936162
v -0.02337646 -0.04492133 0.06845372
v -0.02328789 -0.04518806 0.06870609
v -0.02365916 -0.04526799 0.06897348
v -0.02283382 -0.04586547 0.06941503
v -0.02253723 -0.04611158 0.06960576
v -0.02429056 -0.04443979 0.06839841
v -0.02288818 -0.04453986 0.06826299
v -0.02201843 -0.04592841 0.06936162
v -0.02276223 -0.04568052 0.06911748
v -0.02382653 -0.04411268 0.06793493
v -0.02382653 -0.04411268 0.06793493
v -0.02331233 -0.04433315 0.06812632
v -0.02288818 -0.04453986 0.06826299
v -0.02382653 -0.04411268 0.06793493
v -0.02201843 -0.04592841 0.06936162
v -0.02175903 -0.04608100 0.06959050
v -0.02408307 -0.04338026 0.06748479
v -0.02331233 -0.04433315 0.06812632
v -0.02382653 -0.04411268 0.06793493
v -0.02288818 -0.04453986 0.06826299
v -0.02368021 -0.04314899 0.06756108
v -0.02288818 -0.04453986 0.06826299
v -0.02408307 -0.04338026 0.06748479
v -0.02157253 -0.04627323 0.06980162
v -0.02119833 -0.04626142 0.06986087
v -0.02036660 -0.04627841 0.07007092
v -0.02201843 -0.04592841 0.06936162
v -0.02048867 -0.04665613 0.07020658
v -0.02110594 -0.04635816 0.06994277
v -0.02048867 -0.04665613 0.07020658
v -0.02194309 -0.04655313 0.07023996
v -0.01998138 -0.04702711 0.07079786
v -0.01969140 -0.04659223 0.07019418
v -0.01838272 -0.04675388 0.07005566
v -0.02036660 -0.04627841 0.07007092
v -0.01980584 -0.04670286 0.07026761
v -0.02048867 -0.04665613 0.07020658
v -0.01980584 -0.04670286 0.07026761
v -0.01838272 -0.04675388 0.07005566
v -0.01906967 -0.04720079 0.07073682
v -0.01906967 -0.04720079 0.07073682
v -0.02194309 -0.04655313 0.07023996
v -0.01998138 -0.04702711 0.07079786
v -0.01838272 -0.04675388 0.07005566
v -0.01783895 -0.04721808 0.07028549
v -0.01949596 -0.04321473 0.06247794
v -0.01831048 -0.04527235 0.06324285
v -0.01825851 -0.04467839 0.06348639
v -0.01805162 -0.04490822 0.06365466
v -0.01746773 -0.04574966 0.06407803
v -0.01920843 -0.04422515 0.06222957
v -0.01845353 -0.04525893 0.06289666
v -0.01949596 -0.04321473 0.06247794
v -0.01831048 -0.04527235 0.06324285
v -0.01845353 -0.04525893 0.06289666
v -0.01746773 -0.04574966 0.06407803
v -0.01847475 -0.04526942 0.06236743
v -0.01845353 -0.04525893 0.06289666
v -0.01920843 -0.04422515 0.06222957
v -0.01831048 -0.04527235 0.06324285
v -0.01688569 -0.04668283 0.06887906
v -0.01719284 -0.04674857 0.06926625
v -0.01783895 -0.04721808 0.07028549
v -0.01629048 -0.04689067 0.06792503
v -0.01652431 -0.04737311 0.06976979
v -0.01719284 -0.04674857 0.06926625
v -0.01838272 -0.04675388 0.07005566
v -0.01719284 -0.04674857 0.06926625
v -0.01629048 -0.04689067 0.06792503
v -0.01783895 -0.04721808 0.07028549
v -0.01719284 -0.04674857 0.06926625
v -0.01652431 -0.04737311 0.06976979
v -0.01629048 -0.04689067 0.06792503
v -0.01551169 -0.04756051 0.06638795
v -0.01600766 -0.04732137 0.06497043
v -0.01690489 -0.04648298 0.06303018
v -0.01609373 -0.04706233 0.06608456
v -0.01551169 -0.04756051 0.06638795
v -0.01629048 -0.04689067 0.06792503
v -0.01609373 -0.04706233 0.06608456
v -0.01609373 -0.04706233 0.06608456
v -0.01670551 -0.04656124 0.06479448
v -0.01670551 -0.04656124 0.06479448
v -0.01845353 -0.04525893 0.06289666
v 0.00331253 -0.03805398 0.11283920
v 0.00354767 -0.03823614 0.11307320
v 0.00343388 -0.03814506 0.11295500
v 0.00387907 -0.03800678 0.11327090
v 0.00409341 -0.03828001 0.11333140
v 0.00390047 -0.03774970 0.11329970
v 0.00412512 -0.03743696 0.11334790
v 0.00391603 -0.03751230 0.11331990
v 0.00363922 -0.03802442 0.11314670
v 0.00354767 -0.03823614 0.11307320
v 0.00388646 -0.03828454 0.11326190
v 0.00409341 -0.03828001 0.11333140
v 0.00325793 -0.03797078 0.11285130
v 0.00354767 -0.03823614 0.11307320
v 0.00325793 -0.03797078 0.11285130
v 0.00343388 -0.03814506 0.11295500
v 0.00391603 -0.03751230 0.11331990
v 0.00341892 -0.04121065 0.11216920
v 0.00341892 -0.04121065 0.11216920
v 0.00412965 -0.04076617 0.11270080
v 0.00382453 -0.04086953 0.11251180
v 0.00402451 -0.04227107 0.11157600
v 0.00358629 -0.03884172 0.11308410
v 0.00331253 -0.03805398 0.11283920
v 0.00397628 -0.03835725 0.11328980
v 0.00407684 -0.03835660 0.11330920
v 0.00408715 -0.03894281 0.11327090
v 0.00408715 -0.03894281 0.11327090
v 0.00409341 -0.03828001 0.11333140
v 0.00407684 -0.03835660 0.11330920
v 0.00408715 -0.03894281 0.11327090
v 0.00339752 -0.04253435 0.11066570
v 0.00395471 -0.04352641 0.10986890
v 0.00341892 -0.04121065 0.11216920
v 0.00395471 -0.04352641 0.10986890
v 0.00403214 -0.04297590 0.11079680
v 0.00341892 -0.04121065 0.11216920
v 0.00402451 -0.04227107 0.11157600
v 0.00435686 -0.04324477 0.11035430
v 0.00402451 -0.04227107 0.11157600
v 0.00403214 -0.04297590 0.11079680
v 0.00370407 -0.04011106 0.11285290
v 0.00435686 -0.04324477 0.11035430
v 0.00436795 -0.04293817 0.11080310
v 0.00402451 -0.04227107 0.11157600
v 0.00370407 -0.04011106 0.11285290
v 0.00403214 -0.04297590 0.11079680
v 0.00437266 -0.03958767 0.11311590
v 0.00437266 -0.03958767 0.11311590
v 0.00325072 -0.04352748 0.10810940
v 0.00314850 -0.04335302 0.10804900
v 0.00336450 -0.04373121 0.10800160
v 0.00325072 -0.04352748 0.10810940
v 0.00314850 -0.04335302 0.10804900
v 0.00348091 -0.04385328 0.10797490
v 0.00364792 -0.04397386 0.10792830
v 0.00325072 -0.04352748 0.10810940
v 0.00348091 -0.04385328 0.10797490
v 0.00325072 -0.04352748 0.10810940
v 0.00336450 -0.04373121 0.10800160
v 0.00364792 -0.04397386 0.10792830
v 0.00364792 -0.04397386 0.10792830
v 0.00348091 -0.04385328 0.10797490
v 0.00363302 -0.04395216 0.10793000
v 0.00411701 -0.04410135 0.10777870
v 0.00364792 -0.04397386 0.10792830
v 0.00395471 -0.04352641 0.10986890
v 0.00325072 -0.04352748 0.10810940
v 0.00339752 -0.04253435 0.11066570
v 0.00017023 -0.04422777 0.10524500
v 0.00057220 -0.04387992 0.10570990
v -0.00048113 -0.04378455 0.10571180
v 0.00080560 -0.04388099 0.10576360
v 0.00081634 -0.04370880 0.10587010
v 0.00080560 -0.04388099 0.10576360
v 0.00017023 -0.04422777 0.10524500
v 0.00081634 -0.04370880 0.10587010
v 0.00077799 -0.04368805 0.10586420
v 0.00081634 -0.04370880 0.10587010
v -0.00048113 -0.04378455 0.10571180
v 0.00077799 -0.04368805 0.10586420
v 0.00081634 -0.04370880 0.10587010
v 0.00097537 -0.04329007 0.10583930
v -0.00048113 -0.04378455 0.10571180
v 0.00077799 -0.04368805 0.10586420
v 0.00375742 -0.04416370 0.10689820
v 0.00247717 -0.04396605 0.10641330
v 0.00017023 -0.04422777 0.10524500
v 0.00167084 -0.04385328 0.10609710
v 0.00081634 -0.04370880 0.10587010
v 0.00175470 -0.04361820 0.10626880
v 0.00175470 -0.04361820 0.10626880
v 0.00175470 -0.04361820 0.10626880
v 0.00247717 -0.04396605 0.10641330
v 0.00274610 -0.04363840 0.10708990
v 0.00247717 -0.04396605 0.10641330
v 0.00229460 -0.04353034 0.10670820
v 0.00175470 -0.04361820 0.10626880
v 0.00274610 -0.04363840 0.10708990
v 0.00268364 -0.04335826 0.10716520
v 0.00097537 -0.04329007 0.10583930
v 0.00175470 -0.04361820 0.10626880
v 0.00268364 -0.04335826 0.10716520
v 0.00175470 -0.04361820 0.10626880
v 0.00229460 -0.04353034 0.10670820
v 0.00268364 -0.04335826 0.10716520
v 0.00229460 -0.04353034 0.10670820
v 0.00274610 -0.04363840 0.10708990
v 0.00376701 -0.04401379 0.10788780
v 0.00411701 -0.04410135 0.10777870
v 0.00363302 -0.04395216 0.10793000
v 0.00363261 -0.04395294 0.10793000
v 0.00363261 -0.04395294 0.10793000
v 0.00411701 -0.04410135 0.10777870
v 0.00376701 -0.04401379 0.10788780
v 0.00363261 -0.04395294 0.10793000
v 0.00348091 -0.04385328 0.10797490
v 0.00348091 -0.04385328 0.10797490
v 0.00331163 -0.04368329 0.10801990
v 0.00331163 -0.04368329 0.10801990
v 0.00247717 -0.04396605 0.10641330
v 0.00292492 -0.04332965 0.10757700
v 0.00331163 -0.04368329 0.10801990
v 0.00348091 -0.04385328 0.10797490
v 0.00336450 -0.04373121 0.10800160
v 0.00331163 -0.04368329 0.10801990
v 0.00336450 -0.04373121 0.10800160
v 0.00314850 -0.04335302 0.10804900
v 0.00314850 -0.04335302 0.10804900
v 0.00314850 -0.04335302 0.10804900
v 0.00268364 -0.04335826 0.10716520
v 0.00292492 -0.04332965 0.10757700
v -0.00391799 -0.04337215 0.11013930
v -0.00332320 -0.04332232 0.10866340
v -0.00314426 -0.04411280 0.10673890
v -0.00417018 -0.04377692 0.10928520
v -0.00314426 -0.04411280 0.10673890
v -0.00391799 -0.04337215 0.11013930
v -0.00351274 -0.04270410 0.11058940
v -0.00417018 -0.04377692 0.10928520
v -0.00332713 -0.03927701 0.11274330
v -0.00366497 -0.04139280 0.11216440
v -0.00332969 -0.04025936 0.11225500
v -0.00380897 -0.04110670 0.11252300
v -0.00332445 -0.04180949 0.11132800
v -0.00414365 -0.03969526 0.11309900
v -0.00395387 -0.03896945 0.11322150
v -0.00380897 -0.04110670 0.11252300
v -0.00332713 -0.03927701 0.11274330
v -0.00317925 -0.03805440 0.11261850
v -0.00340360 -0.03820496 0.11292780
v -0.00332445 -0.04180949 0.11132800
v -0.00391799 -0.04337215 0.11013930
v -0.00351274 -0.04270410 0.11058940
v -0.00412363 -0.03897804 0.11324980
v -0.00362915 -0.03839719 0.11312580
v -0.00374818 -0.03822904 0.11322650
v -0.00391799 -0.04337215 0.11013930
v -0.00430345 -0.04263067 0.11124120
v -0.00417018 -0.04377692 0.10928520
v -0.00371927 -0.03832572 0.11318290
v -0.00374818 -0.03822904 0.11322650
v -0.00379872 -0.03835695 0.11322770
v -0.00393224 -0.03832978 0.11327600
v -0.00379872 -0.03835695 0.11322770
v -0.00371927 -0.03832572 0.11318290
v -0.00393224 -0.03832978 0.11327600
v -0.00393224 -0.03832978 0.11327600
v -0.00407684 -0.03835630 0.11330920
v -0.00374818 -0.03822904 0.11322650
v -0.00416624 -0.03835517 0.11331790
v -0.00416064 -0.03822785 0.11332440
v -0.00366497 -0.04139280 0.11216440
v -0.00430345 -0.04263067 0.11124120
v -0.00332445 -0.04180949 0.11132800
v -0.00380897 -0.04110670 0.11252300
v -0.00332969 -0.04025936 0.11225500
v -0.00380230 -0.03765624 0.11326830
v -0.00380230 -0.03765624 0.11326830
v 0.02105331 -0.04638999 0.06992429
v 0.02090781 -0.04446864 0.06987112
v 0.02384567 -0.04340499 0.06759351
v 0.02452462 -0.04302549 0.06725209
v 0.02105331 -0.04638999 0.06992429
v 0.02384567 -0.04340499 0.06759351
v 0.02273344 -0.04615634 0.06969445
v 0.02337074 -0.04508543 0.06858533
v 0.02337074 -0.04508543 0.06858533
v 0.02452462 -0.04302549 0.06725209
v 0.02337074 -0.04508543 0.06858533
v 0.02273344 -0.04615634 0.06969445
v 0.02105331 -0.04638999 0.06992429
v 0.02273344 -0.04615634 0.06969445
v 0.01828962 -0.04655963 0.06991189
v 0.01827967 -0.04668563 0.06994694
v 0.01767468 -0.04633522 0.06965678
v 0.01829081 -0.04660362 0.06993478
v 0.01827967 -0.04668563 0.06994694
v 0.01828962 -0.04655963 0.06991189
v 0.01824212 -0.04689067 0.07005733
v 0.01827967 -0.04668563 0.06994694
v 0.01829081 -0.04660362 0.06993478
v 0.01885986 -0.04653877 0.07007497
v 0.01909637 -0.04687350 0.07030576
v 0.01829081 -0.04660362 0.06993478
v 0.01909637 -0.04687350 0.07030576
v 0.01824212 -0.04689067 0.07005733
v 0.01824212 -0.04689067 0.07005733
v 0.02090781 -0.04446864 0.06987112
v 0.01902765 -0.04711502 0.07053846
v 0.01952362 -0.04657316 0.07018560
v 0.02105331 -0.04638999 0.06992429
v 0.01909637 -0.04687350 0.07030576
v 0.01952362 -0.04657316 0.07018560
v 0.02032947 -0.04633277 0.07008498
v 0.01997452 -0.04693847 0.07049900
v 0.01997685 -0.04699581 0.07058471
v 0.01999634 -0.04707455 0.07075953
v 0.02105331 -0.04638999 0.06992429
v 0.01767468 -0.04633522 0.06965678
v 0.01737976 -0.04667520 0.06939977
v 0.01795864 -0.04725790 0.07045513
v 0.01795864 -0.04725790 0.07045513
v 0.01827967 -0.04668563 0.06994694
v 0.01824212 -0.04689067 0.07005733
v 0.01766574 -0.04681777 0.06969588
v 0.01827967 -0.04668563 0.06994694
v 0.01795864 -0.04725790 0.07045513
v 0.01766592 -0.04681694 0.06969553
v 0.01827967 -0.04668563 0.06994694
v 0.01766574 -0.04681777 0.06969588
v 0.01633656 -0.04681330 0.06797730
v 0.01795864 -0.04725790 0.07045513
v 0.01617550 -0.04717957 0.06842416
v 0.01795864 -0.04725790 0.07045513
v 0.01737976 -0.04667520 0.06939977
v 0.01737976 -0.04667520 0.06939977
v 0.01770609 -0.04659241 0.06961363
v 0.01767468 -0.04633522 0.06965678
v 0.01827967 -0.04668563 0.06994694
v 0.01770609 -0.04659241 0.06961363
v 0.01597350 -0.04732322 0.06795400
v 0.01633656 -0.04681330 0.06797730
v 0.01617550 -0.04717957 0.06842416
v 0.01737976 -0.04667520 0.06939977
v 0.01548421 -0.04750245 0.06831842
v 0.01628971 -0.04657983 0.06760662
v 0.01617550 -0.04717957 0.06842416
v 0.01586306 -0.04732251 0.06653863
v 0.01597350 -0.04732322 0.06795400
v 0.01548421 -0.04750245 0.06831842
v 0.01547586 -0.04758989 0.06693398
v 0.01586306 -0.04732251 0.06653863
v 0.01617550 -0.04717957 0.06842416
v 0.01636081 -0.04673570 0.06539577
v 0.01797860 -0.04506254 0.06365436
v 0.01681900 -0.04608869 0.06479924
v 0.01636081 -0.04673570 0.06539577
v 0.01823657 -0.04552763 0.06301993
v 0.01636081 -0.04673570 0.06539577
v 0.01658058 -0.04668086 0.06490224
v 0.01823657 -0.04552763 0.06301993
v 0.01636081 -0.04673570 0.06539577
v 0.01582551 -0.04743903 0.06534451
v 0.01823657 -0.04552763 0.06301993
v 0.01582551 -0.04743903 0.06534451
v 0.01547586 -0.04758989 0.06693398
v 0.01586306 -0.04732251 0.06653863
v 0.01658058 -0.04668086 0.06490224
v 0.01636081 -0.04673570 0.06539577
v 0.01658058 -0.04668086 0.06490224
v 0.01597350 -0.04732322 0.06795400
v 0.01636081 -0.04673570 0.06539577
v 0.01618295 -0.04661160 0.06599903
v 0.01586306 -0.04732251 0.06653863
v 0.01636081 -0.04673570 0.06539577
v 0.01597350 -0.04732322 0.06795400
v 0.01597350 -0.04732322 0.06795400
v 0.01618295 -0.04661160 0.06599903
v 0.01628971 -0.04657983 0.06760662
v 0.01997756 -0.04306155 0.06189352
v 0.01997756 -0.04306155 0.06189352
v 0.00294661 -0.03778600 0.11294150
v 0.00329971 -0.03756189 0.11319910
v 0.00149339 -0.03728342 0.11356840
v -0.00124741 -0.03760308 0.11337700
v -0.00296849 -0.03786540 0.11277070
v 0.00316691 -0.03796070 0.11259510
v -0.00124741 -0.03760308 0.11337700
v 0.00149339 -0.03728342 0.11356840
v -0.00146103 -0.03709888 0.11361180
v -0.00384110 -0.03720563 0.11337380
v -0.00384110 -0.03720563 0.11337380
v -0.00310415 -0.03770440 0.11309140
v 0.00388378 -0.03719091 0.11337080
v 0.00388378 -0.03719091 0.11337080
v -0.00310415 -0.03770440 0.11309140
v 0.00348091 -0.03745460 0.11329280
v 0.00305939 -0.03782480 0.11289300
v 0.00336450 -0.03763526 0.11315810
v 0.00392139 -0.03729736 0.11333000
v 0.00370979 -0.03744745 0.11327780
v 0.00401366 -0.03725081 0.11334180
v 0.00348091 -0.03745460 0.11329280
v 0.00348091 -0.03745460 0.11329280
v 0.00329971 -0.03756189 0.11319910
v 0.00388378 -0.03719091 0.11337080
v 0.00370979 -0.03744745 0.11327780
v 0.00380230 -0.03757899 0.11326970
v 0.00391603 -0.03751230 0.11331990
v 0.00336450 -0.03763526 0.11315810
v 0.00406182 -0.03712946 0.11335620
v 0.00336450 -0.03763526 0.11315810
v 0.00433260 -0.03689241 0.11335450
v 0.00406182 -0.03712946 0.11335620
v 0.00416857 -0.03706735 0.11336080
v 0.00305939 -0.03782480 0.11289300
v 0.00325793 -0.03797078 0.11285130
v 0.00380230 -0.03757899 0.11326970
v 0.00406182 -0.03712946 0.11335620
v 0.00348091 -0.03745460 0.11329280
v 0.00416857 -0.03706735 0.11336080
v 0.00416857 -0.03706735 0.11336080
v 0.00433260 -0.03689241 0.11335450
v 0.00416857 -0.03706735 0.11336080
v 0.00391603 -0.03751230 0.11331990
v 0.00336450 -0.03763526 0.11315810
v 0.00380230 -0.03757899 0.11326970
v 0.00325793 -0.03797078 0.11285130
v 0.00360483 -0.03788137 0.11315810
v 0.00325793 -0.03797078 0.11285130
v 0.00391603 -0.03751230 0.11331990
v 0.00360483 -0.03788137 0.11315810
v 0.00348091 -0.03745460 0.11329280
v 0.00294661 -0.03778600 0.11294150
v 0.00329971 -0.03756189 0.11319910
v 0.00348091 -0.03745460 0.11329280
v 0.00294661 -0.03778600 0.11294150
v 0.00305939 -0.03782480 0.11289300
v 0.00360483 -0.03788137 0.11315810
v 0.00388378 -0.03719091 0.11337080
v 0.00348091 -0.03745460 0.11329280
v 0.00406182 -0.03712946 0.11335620
v 0.00331253 -0.03805398 0.11283920
v 0.00316691 -0.03796070 0.11259510
v 0.00331253 -0.03805398 0.11283920
v 0.00305939 -0.03782480 0.11289300
v 0.00305939 -0.03782480 0.11289300
v 0.00331253 -0.03805398 0.11283920
v 0.00325793 -0.03797078 0.11285130
v 0.00305939 -0.03782480 0.11289300
v 0.00308728 -0.03808176 0.10824230
v 0.00316691 -0.03796070 0.11259510
v 0.00251239 -0.03787863 0.10746370
v -0.00140524 -0.03786468 0.10640060
v -0.00312692 -0.03804570 0.10863260
v -0.00253701 -0.03811490 0.10710820
v 0.00006819 -0.03797769 0.10598720
v 0.00006819 -0.03797769 0.10598720
v 0.00074768 -0.03787106 0.10626950
v 0.00158209 -0.03816175 0.10639280
v 0.00251239 -0.03787863 0.10746370
v 0.00158209 -0.03816175 0.10639280
v 0.00074768 -0.03787106 0.10626950
v 0.00006819 -0.03797769 0.10598720
v 0.00158209 -0.03816175 0.10639280
v 0.00194931 -0.03817170 0.10659490
v 0.00251239 -0.03787863 0.10746370
v 0.00194931 -0.03817170 0.10659490
v 0.00308728 -0.03808176 0.10824230
v 0.00194931 -0.03817170 0.10659490
v 0.00264376 -0.03841042 0.10725770
v 0.00308728 -0.03808176 0.10824230
v -0.00317925 -0.03805440 0.11261850
v -0.00296849 -0.03786540 0.11277070
v -0.00317925 -0.03805440 0.11261850
v -0.00312692 -0.03804570 0.10863260
v -0.00364917 -0.03754234 0.11324300
v -0.00340360 -0.03820496 0.11292780
v -0.00380230 -0.03765624 0.11326830
v -0.00340360 -0.03820496 0.11292780
v -0.00349265 -0.03807079 0.11302590
v -0.00364917 -0.03754234 0.11324300
v -0.00364917 -0.03754234 0.11324300
v -0.00349265 -0.03807079 0.11302590
v -0.00340360 -0.03820496 0.11292780
v -0.00335640 -0.03791952 0.11296260
v -0.00310415 -0.03770440 0.11309140
v -0.00384110 -0.03720563 0.11337380
v -0.00364917 -0.03754234 0.11324300
v -0.00364917 -0.03754234 0.11324300
v -0.00320172 -0.03793704 0.11281900
v -0.00310415 -0.03770440 0.11309140
v -0.00335640 -0.03791952 0.11296260
v -0.00335640 -0.03791952 0.11296260
v -0.00310415 -0.03770440 0.11309140
v -0.00364917 -0.03754234 0.11324300
v -0.00405347 -0.03722798 0.11334670
v -0.00433260 -0.03689241 0.11335450
v -0.00395924 -0.03723537 0.11334230
v -0.00433260 -0.03689241 0.11335450
v -0.00395924 -0.03723537 0.11334230
v -0.00364917 -0.03754234 0.11324300
v -0.00384110 -0.03720563 0.11337380
v -0.00433260 -0.03689241 0.11335450
v -0.00364917 -0.03754234 0.11324300
v -0.00317925 -0.03805440 0.11261850
v -0.00335640 -0.03791952 0.11296260
v -0.00296849 -0.03786540 0.11277070
v 0.01663535 -0.04292976 0.06538611
v 0.01680272 -0.04315638 0.06487268
v 0.01927566 -0.04330492 0.06265252
v 0.01663535 -0.04292976 0.06538611
v 0.01927566 -0.04330492 0.06265252
v 0.01979351 -0.04300642 0.06242448
v 0.01663535 -0.04292976 0.06538611
v 0.01979351 -0.04300642 0.06242448
v 0.02009952 -0.04286134 0.06244295
v 0.01663535 -0.04292976 0.06538611
v 0.01629054 -0.04328989 0.06598144
v 0.01680272 -0.04315638 0.06487268
v 0.01840412 -0.04335749 0.06986361
v 0.01792621 -0.04313242 0.06962102
v 0.01960092 -0.04319185 0.07006090
v 0.01840412 -0.04335749 0.06986361
v 0.01792621 -0.04313242 0.06962102
v 0.01844018 -0.04305458 0.06976503
v 0.01960092 -0.04319185 0.07006090
v 0.01792621 -0.04313242 0.06962102
v 0.01885920 -0.04288566 0.06975764
v 0.01792621 -0.04313242 0.06962102
v 0.01667624 -0.04287266 0.06790679
v 0.02037137 -0.04286444 0.06961578
v 0.02055352 -0.04296916 0.06975930
v 0.01885920 -0.04288566 0.06975764
v 0.01702404 -0.04320567 0.06887906
v 0.01667624 -0.04287266 0.06790679
v 0.01702404 -0.04320567 0.06887906
v 0.01638239 -0.04319345 0.06776720
v 0.01885920 -0.04288566 0.06975764
v 0.02055352 -0.04296916 0.06975930
v 0.02030795 -0.04292947 0.06999784
v 0.01960092 -0.04319185 0.07006090
v 0.01960092 -0.04319185 0.07006090
v 0.02030795 -0.04292947 0.06999784
v 0.01840412 -0.04335749 0.06986361
v 0.01960092 -0.04319185 0.07006090
v 0.01667624 -0.04287266 0.06790679
v 0.01638239 -0.04319345 0.06776720
v 0.01663535 -0.04292976 0.06538611
v 0.01885920 -0.04288566 0.06975764
v 0.01960092 -0.04319185 0.07006090
v 0.01844018 -0.04305458 0.06976503
v 0.01844018 -0.04305458 0.06976503
v 0.01629054 -0.04328989 0.06598144
v 0.02382564 -0.04298728 0.06725782
v 0.02090781 -0.04446864 0.06987112
v 0.02030795 -0.04292947 0.06999784
v 0.02392596 -0.04287517 0.06690257
v 0.02382564 -0.04298728 0.06725782
v 0.02030795 -0.04292947 0.06999784
v 0.02392596 -0.04287517 0.06690257
v 0.02030795 -0.04292947 0.06999784
v 0.02055352 -0.04296916 0.06975930
v 0.02392596 -0.04287517 0.06690257
v -0.02387934 -0.04288530 0.06696695
v -0.02398729 -0.04284608 0.06674808
v -0.02088165 -0.04288709 0.06944125
v -0.02382344 -0.04294842 0.06717866
v -0.02368021 -0.04314899 0.06756108
v -0.02099800 -0.04298728 0.06958860
v -0.01885777 -0.04329061 0.07014983
v -0.02099800 -0.04298728 0.06958860
v -0.02010446 -0.04322969 0.06999397
v -0.02010446 -0.04322969 0.06999397
v -0.02099800 -0.04298728 0.06958860
v -0.01937198 -0.04299211 0.06996101
v -0.01885777 -0.04329061 0.07014983
v -0.02010446 -0.04322969 0.06999397
v -0.01841872 -0.04290378 0.06974822
v -0.01841872 -0.04290378 0.06974822
v -0.02010446 -0.04322969 0.06999397
v -0.01937198 -0.04299211 0.06996101
v -0.01645153 -0.04314851 0.06789845
v -0.01709747 -0.04303151 0.06891769
v -0.01621031 -0.04325354 0.06688892
v -0.01645153 -0.04314851 0.06789845
v -0.01649183 -0.04286617 0.06679224
v -0.01841872 -0.04290378 0.06974822
v -0.01709747 -0.04303151 0.06891769
v -0.01841872 -0.04290378 0.06974822
v -0.01937198 -0.04299211 0.06996101
v -0.02099800 -0.04298728 0.06958860
v -0.01841872 -0.04290378 0.06974822
v -0.01673901 -0.04298365 0.06510394
v -0.01709747 -0.04303151 0.06891769
v -0.01673901 -0.04298365 0.06510394
v -0.01984781 -0.04297161 0.06242996
v -0.01673901 -0.04298365 0.06510394
v -0.01949596 -0.04321473 0.06247794
v -0.02368021 -0.04314899 0.06756108
v -0.02387934 -0.04288530 0.06696695
v -0.02382344 -0.04294842 0.06717866
v -0.02449035 -0.04269361 0.06679815
v -0.02441304 -0.04272842 0.06667989
v -0.02430641 -0.04313993 0.06728261
v -0.02368021 -0.04314899 0.06756108
v -0.02449035 -0.04269361 0.06679815
v -0.02467477 -0.04257220 0.06679147
v -0.02441304 -0.04272842 0.06667989
v -0.02398198 -0.04324370 0.06744050
v -0.02430641 -0.04313993 0.06728261
v -0.02368021 -0.04314899 0.06756108
v -0.02398198 -0.04324370 0.06744050
v -0.02368021 -0.04314899 0.06756108
v -0.02408307 -0.04338026 0.06748479
v -0.02467477 -0.04257220 0.06679147
v -0.02492618 -0.04289191 0.06732648
v -0.02449035 -0.04269361 0.06679815
v -0.02398729 -0.04284608 0.06674808
v -0.02486449 -0.04240387 0.06687831
v -0.02467477 -0.04257220 0.06679147
v -0.02449035 -0.04269361 0.06679815
v -0.02486449 -0.04240387 0.06687831
v -0.02449035 -0.04269361 0.06679815
v -0.02492618 -0.04289191 0.06732648
v -0.02430641 -0.04313993 0.06728261
v -0.02430641 -0.04313993 0.06728261
v -0.02408307 -0.04338026 0.06748479
v -0.02210998 -0.04223585 0.06302922
v -0.02210998 -0.04223585 0.06302922
v -0.02436232 -0.04220914 0.06597572
v -0.02310943 -0.04227781 0.06428807
v -0.01958942 -0.04334402 0.06228059
v -0.01958942 -0.04334402 0.06228059
v -0.01847475 -0.04526942 0.06236743
v -0.01920843 -0.04422515 0.06222957
v -0.02014350 -0.04295563 0.06187754
v -0.02014350 -0.04295563 0.06187754
v -0.01974296 -0.04327726 0.06152045
v -0.01847475 -0.04526942 0.06236743
v -0.01958942 -0.04334402 0.06228059
v -0.02014350 -0.04295563 0.06187754
v -0.01974296 -0.04327726 0.06152045
v -0.01958942 -0.04334402 0.06228059
v -0.02032619 -0.04285001 0.06204068
v -0.01949137 -0.04323929 0.06119477
v -0.01974296 -0.04327726 0.06152045
v -0.02014350 -0.04295563 0.06187754
v -0.02027851 -0.04271709 0.06165391
v -0.02014350 -0.04295563 0.06187754
v -0.02032619 -0.04285001 0.06204068
v -0.02014350 -0.04295563 0.06187754
v -0.01979047 -0.04287481 0.06120526
v -0.02014350 -0.04295563 0.06187754
v -0.01985991 -0.04289877 0.06130576
v -0.02019333 -0.04273062 0.06154465
v -0.02040302 -0.04275131 0.06194984
v -0.02032619 -0.04285001 0.06204068
v -0.02050316 -0.04282981 0.06237107
v -0.01985991 -0.04289877 0.06130576
v -0.02014350 -0.04295563 0.06187754
v -0.02041816 -0.04260045 0.06167751
v -0.02037280 -0.04256290 0.06157678
v -0.02058649 -0.04256260 0.06183815
v -0.02032619 -0.04285001 0.06204068
v -0.02040302 -0.04275131 0.06194984
v -0.02058649 -0.04256260 0.06183815
v -0.02063369 -0.04248327 0.06179285
v -0.02063369 -0.04248327 0.06179285
v -0.02063369 -0.04248327 0.06179285
v -0.02032619 -0.04285001 0.06204068
v -0.02058649 -0.04256260 0.06183815
v -0.02063369 -0.04248327 0.06179285
v -0.02032619 -0.04285001 0.06204068
v 0.02366447 -0.04317045 0.06754964
v 0.02384567 -0.04340499 0.06759351
v 0.02090781 -0.04446864 0.06987112
v 0.02366447 -0.04317045 0.06754964
v 0.02090781 -0.04446864 0.06987112
v 0.02440559 -0.04301398 0.06712812
v 0.02440559 -0.04301398 0.06712812
v 0.02384567 -0.04340499 0.06759351
v 0.02440559 -0.04301398 0.06712812
v 0.02500575 -0.04322767 0.06776708
v 0.02452462 -0.04270124 0.06680577
v 0.02440559 -0.04301398 0.06712812
v 0.02392596 -0.04287517 0.06690257
v 0.02481764 -0.04286974 0.06728434
v 0.02452462 -0.04270124 0.06680577
v 0.02392596 -0.04287517 0.06690257
v 0.02476143 -0.04268050 0.06701833
v 0.02452462 -0.04270124 0.06680577
v 0.02473372 -0.04256945 0.06685930
v 0.02478790 -0.04234266 0.06670659
v 0.02478790 -0.04234266 0.06670659
v 0.02273178 -0.04239231 0.06397908
v 0.02402496 -0.04225111 0.06542485
v 0.02478790 -0.04234266 0.06670659
v 0.02273178 -0.04239231 0.06397908
v 0.01997756 -0.04306155 0.06189352
v 0.02033329 -0.04281473 0.06187051
v 0.01997756 -0.04306155 0.06189352
v 0.01927566 -0.04330492 0.06265252
v 0.02037048 -0.04271650 0.06148046
v 0.02039086 -0.04238468 0.06145465
v 0.02033329 -0.04281473 0.06187051
v 0.02037048 -0.04271650 0.06148046
v 0.01977246 -0.04292243 0.06115287
v 0.01946640 -0.04333823 0.06120914
v 0.01977246 -0.04292243 0.06115287
v -0.00249100 -0.03678900 0.05129069
v -0.00001049 -0.03673356 0.05127179
v -0.00249100 -0.03678900 0.05129069
v 0.00385284 -0.03665924 0.05147826
v -0.03219157 -0.02844458 0.08483260
v -0.03193610 -0.02773690 0.08762353
v 0.00194931 -0.03679078 0.05125993
v -0.00249100 -0.03678900 0.05129069
v -0.00001049 -0.03673356 0.05127179
v -0.00249100 -0.03678900 0.05129069
v 0.00194931 -0.03679078 0.05125993
v 0.00013625 -0.03687816 0.05121743
v -0.00349420 -0.02094119 0.11526290
v -0.00354004 -0.02091544 0.11525430
v -0.00465393 -0.02102971 0.11514410
v 0.00088549 -0.02097105 0.11546280
v -0.00013440 -0.02090960 0.11544990
v -0.00349420 -0.02094119 0.11526290
v -0.00329500 -0.02077460 0.11517880
v -0.03127503 -0.03082418 0.07546514
v -0.03177905 -0.03008890 0.07805532
v -0.03052330 -0.03131437 0.07308858
v -0.00624621 -0.02097111 0.11478780
v -0.00329500 -0.02077460 0.11517880
v -0.00899124 -0.02108597 0.11409680
v -0.00624621 -0.02097111 0.11478780
v -0.00624740 -0.02097982 0.11479560
v -0.00625026 -0.02101302 0.11481860
v -0.00625026 -0.02101302 0.11481860
v -0.00465393 -0.02102971 0.11514410
v -0.00349420 -0.02094119 0.11526290
v -0.00625026 -0.02101302 0.11481860
v -0.00901031 -0.02113485 0.11414220
v -0.00899124 -0.02108597 0.11409680
v -0.00660706 -0.02111530 0.11479270
v -0.00465393 -0.02102971 0.11514410
v -0.00974744 -0.02119362 0.11389270
v -0.00974917 -0.02120226 0.11390040
v -0.01007080 -0.02134180 0.11385610
v -0.00660706 -0.02111530 0.11479270
v -0.00901031 -0.02113485 0.11414220
v -0.02909374 -0.03229904 0.06935971
v -0.03127503 -0.03082418 0.07546514
v -0.03052330 -0.03131437 0.07308858
v -0.01319122 -0.02149742 0.11261740
v -0.01319122 -0.02149742 0.11261740
v -0.00901031 -0.02113485 0.11414220
v -0.00974917 -0.02120226 0.11390040
v -0.01319122 -0.02149742 0.11261740
v -0.01007080 -0.02134180 0.11385610
v -0.00901031 -0.02113485 0.11414220
v -0.01221466 -0.02148097 0.11306660
v -0.01007080 -0.02134180 0.11385610
v -0.01319122 -0.02149742 0.11261740
v -0.02860260 -0.03239393 0.06866735
v -0.02909374 -0.03229904 0.06935971
v -0.02570724 -0.03350585 0.06408971
v -0.01221466 -0.02148097 0.11306660
v -0.01523774 -0.02189922 0.11175810
v -0.01007080 -0.02134180 0.11385610
v -0.01341670 -0.02161544 0.11252740
v -0.01221466 -0.02148097 0.11306660
v -0.01319122 -0.02149742 0.11261740
v -0.02694547 -0.03313177 0.06581532
v -0.02860260 -0.03239393 0.06866735
v -0.02570724 -0.03350585 0.06408971
v -0.02696323 -0.03315418 0.06580930
v -0.02860260 -0.03239393 0.06866735
v -0.02694547 -0.03313177 0.06581532
v -0.02909374 -0.03229904 0.06935971
v -0.01637268 -0.02202361 0.11101810
v -0.02693802 -0.03315442 0.06577986
v -0.01637268 -0.02202361 0.11101810
v -0.01221466 -0.02148097 0.11306660
v -0.01341670 -0.02161544 0.11252740
v -0.01637268 -0.02202361 0.11101810
v -0.01523774 -0.02189922 0.11175810
v -0.01221466 -0.02148097 0.11306660
v -0.02695852 -0.03318923 0.06577515
v -0.02697104 -0.03322100 0.06577485
v -0.01637268 -0.02202361 0.11101810
v -0.01319122 -0.02149742 0.11261740
v -0.01844018 -0.02224302 0.10966580
v -0.02570724 -0.03350585 0.06408971
v -0.02479839 -0.03398752 0.06280034
v -0.01844018 -0.02224302 0.10966580
v -0.02479839 -0.03398752 0.06280034
v -0.02368551 -0.03418046 0.06166750
v -0.02479839 -0.03398752 0.06280034
v -0.02570724 -0.03350585 0.06408971
v -0.02479839 -0.03398752 0.06280034
v -0.02716439 -0.03344488 0.06600087
v -0.02909374 -0.03229904 0.06935971
v -0.02479839 -0.03398752 0.06280034
v -0.02909374 -0.03229904 0.06935971
v -0.02697104 -0.03322100 0.06577485
v -0.02239990 -0.03447669 0.06028258
v -0.02239990 -0.03447669 0.06028258
v -0.02247619 -0.03460448 0.06033605
v -0.02479839 -0.03398752 0.06280034
v -0.02368551 -0.03418046 0.06166750
v -0.02221673 -0.02314138 0.10661590
v -0.02017205 -0.02269506 0.10841640
v -0.01844018 -0.02224302 0.10966580
v -0.02221673 -0.02314138 0.10661590
v -0.01844018 -0.02224302 0.10966580
v -0.02198791 -0.02291005 0.10668080
v -0.02239990 -0.03447669 0.06028258
v -0.02476501 -0.02378988 0.10391510
v -0.01983642 -0.03505468 0.05804723
v -0.02476501 -0.02378988 0.10391510
v -0.02198791 -0.02291005 0.10668080
v -0.02419281 -0.02352660 0.10448350
v -0.02419281 -0.02352660 0.10448350
v -0.01983642 -0.03505468 0.05804723
v -0.02061265 -0.03513646 0.05849730
v -0.02247619 -0.03460448 0.06033605
v -0.02721786 -0.02454805 0.10059250
v -0.02721786 -0.02454805 0.10059250
v -0.02476501 -0.02378988 0.10391510
v -0.02419281 -0.02352660 0.10448350
v -0.01693725 -0.03565734 0.05600249
v -0.01983642 -0.03505468 0.05804723
v -0.01688385 -0.03557723 0.05602163
v -0.02061265 -0.03513646 0.05849730
v -0.01663804 -0.03567939 0.05583930
v -0.01693725 -0.03565734 0.05600249
v -0.01436561 -0.03604364 0.05458587
v -0.02061265 -0.03513646 0.05849730
v -0.01358032 -0.03596830 0.05428594
v -0.01688385 -0.03557723 0.05602163
v -0.01437371 -0.03605026 0.05457586
v -0.01437371 -0.03605026 0.05457586
v -0.01688385 -0.03557723 0.05602163
v -0.01393127 -0.03590345 0.05435454
v -0.02843958 -0.02509123 0.09838932
v -0.02721786 -0.02454805 0.10059250
v -0.02788347 -0.02477020 0.09925740
v -0.01437371 -0.03605026 0.05457586
v -0.01693725 -0.03565734 0.05600249
v -0.01663804 -0.03567939 0.05583930
v -0.02943509 -0.02553457 0.09629911
v -0.02721786 -0.02454805 0.10059250
v -0.02843958 -0.02509123 0.09838932
v -0.02969169 -0.02579110 0.09597676
v -0.02721786 -0.02454805 0.10059250
v -0.02943509 -0.02553457 0.09629911
v -0.01437371 -0.03605026 0.05457586
v -0.01436561 -0.03604364 0.05458587
v -0.01693725 -0.03565734 0.05600249
v -0.01393127 -0.03590345 0.05435454
v -0.01688385 -0.03557723 0.05602163
v -0.01358032 -0.03596830 0.05428594
v -0.02943509 -0.02553457 0.09629911
v -0.03025436 -0.02604055 0.09436696
v -0.01205444 -0.03620284 0.05353826
v -0.01053231 -0.03641670 0.05291450
v -0.01437371 -0.03605026 0.05457586
v -0.01436561 -0.03604364 0.05458587
v -0.01053231 -0.03641670 0.05291450
v -0.00885010 -0.03642922 0.05242812
v -0.01205444 -0.03620284 0.05353826
v -0.01393127 -0.03590345 0.05435454
v -0.00885010 -0.03642922 0.05242812
v -0.03025436 -0.02604055 0.09436696
v -0.00946045 -0.03639650 0.05260741
v -0.01205444 -0.03620284 0.05353826
v -0.00885010 -0.03642922 0.05242812
v -0.03025436 -0.02604055 0.09436696
v -0.01053231 -0.03641670 0.05291450
v -0.01205444 -0.03620284 0.05353826
v -0.00946045 -0.03639650 0.05260741
v -0.03151154 -0.02720087 0.09018129
v -0.03025436 -0.02604055 0.09436696
v -0.03143090 -0.02704101 0.09024566
v -0.00885010 -0.03642922 0.05242812
v -0.01053231 -0.03641670 0.05291450
v -0.00946045 -0.03639650 0.05260741
v -0.00885010 -0.03642922 0.05242812
v -0.00249100 -0.03678900 0.05129069
v -0.00816345 -0.03647518 0.05229842
v -0.00416178 -0.03666108 0.05153357
v -0.00249100 -0.03678900 0.05129069
v -0.00885010 -0.03642922 0.05242812
v -0.00816345 -0.03647518 0.05229842
v -0.00885010 -0.03642922 0.05242812
v -0.03193610 -0.02773690 0.08762353
v -0.01462805 -0.04718804 0.07171076
v -0.01455867 -0.04501664 0.09659045
v -0.01457363 -0.04729110 0.07087677
v -0.01460003 -0.04716414 0.07158011
v -0.01455867 -0.04501664 0.09659045
v -0.01462805 -0.04718804 0.07171076
v -0.01455038 -0.04707771 0.07170134
v -0.01455038 -0.04707771 0.07170134
v -0.01300621 -0.04482334 0.09806865
v -0.01369667 -0.04486465 0.09770482
v -0.01353424 -0.04474872 0.09783929
v -0.01265573 -0.04488027 0.09824961
v -0.01319313 -0.04486197 0.09802430
v -0.01300621 -0.04482334 0.09806865
v -0.01359367 -0.04492163 0.09790319
v -0.01226234 -0.04475826 0.09818404
v -0.01353424 -0.04474872 0.09783929
v -0.01214933 -0.04471737 0.09819525
v -0.01191568 -0.04486095 0.09827262
v -0.01300621 -0.04482334 0.09806865
v -0.01353424 -0.04474872 0.09783929
v -0.01265573 -0.04488027 0.09824961
v -0.01191568 -0.04486095 0.09827262
v -0.01353424 -0.04474872 0.09783929
v -0.01226234 -0.04475826 0.09818404
v -0.01196151 -0.04484659 0.09825038
v -0.01196151 -0.04484659 0.09825038
v -0.01191568 -0.04486095 0.09827262
v -0.01226234 -0.04475826 0.09818404
v -0.01159179 -0.04481673 0.09818285
v -0.01196151 -0.04484659 0.09825038
v -0.01214933 -0.04471737 0.09819525
v -0.01158708 -0.04476761 0.09815979
v -0.01159179 -0.04481673 0.09818285
v -0.01191568 -0.04486095 0.09827262
v -0.01196151 -0.04484659 0.09825038
v -0.01157045 -0.04486513 0.09823983
v -0.01156485 -0.04489219 0.09833616
v -0.01409792 -0.04479914 0.09722161
v -0.01434510 -0.04483693 0.09678941
v -0.01409792 -0.04479914 0.09722161
v -0.01454985 -0.04489004 0.09633141
v -0.01434510 -0.04483693 0.09678941
v -0.01409357 -0.04479867 0.09722751
v -0.01409792 -0.04479914 0.09722161
v -0.01391983 -0.04483729 0.09745305
v -0.01409357 -0.04479867 0.09722751
v -0.01409357 -0.04479867 0.09722751
v -0.01369667 -0.04486465 0.09770482
v -0.01454985 -0.04489004 0.09633141
v -0.01391983 -0.04483729 0.09745305
v -0.01391983 -0.04483729 0.09745305
v -0.01454985 -0.04489004 0.09633141
v -0.01409357 -0.04479867 0.09722751
v -0.01369667 -0.04486465 0.09770482
v -0.01369667 -0.04486465 0.09770482
v -0.01455867 -0.04501664 0.09659045
v -0.01454985 -0.04489004 0.09633141
v -0.01359367 -0.04492163 0.09790319
v -0.01455867 -0.04501664 0.09659045
v -0.01369667 -0.04486465 0.09770482
v -0.01319313 -0.04486197 0.09802430
v -0.01359367 -0.04492163 0.09790319
v -0.01369667 -0.04486465 0.09770482
v -0.01300621 -0.04482334 0.09806865
v -0.01388454 -0.04730933 0.06997424
v -0.01363116 -0.04732835 0.06975746
v -0.01388454 -0.04730933 0.06997424
v -0.01363116 -0.04732835 0.06975746
v -0.01375961 -0.04727840 0.06987851
v -0.01388454 -0.04730933 0.06997424
v -0.01365154 -0.04736119 0.06973278
v -0.01363116 -0.04732835 0.06975746
v -0.01390868 -0.04734200 0.06995278
v -0.01390868 -0.04734200 0.06995278
v -0.01365154 -0.04736119 0.06973278
v -0.01390868 -0.04734200 0.06995278
v -0.01387691 -0.04737383 0.06983655
v -0.01365154 -0.04736119 0.06973278
v -0.01390868 -0.04734200 0.06995278
v -0.01365154 -0.04736119 0.06973278
v -0.01400607 -0.04721230 0.07016390
v -0.01385390 -0.04722672 0.06999808
v -0.01400375 -0.04715377 0.07009929
v -0.01400607 -0.04721230 0.07016390
v -0.01385390 -0.04722672 0.06999808
v -0.01400607 -0.04721230 0.07016390
v -0.01385390 -0.04722672 0.06999808
v -0.01375961 -0.04727840 0.06987851
v -0.01385390 -0.04722672 0.06999808
v -0.01400607 -0.04721230 0.07016390
v -0.01200252 -0.04728800 0.06929862
v -0.01200062 -0.04728794 0.06929844
v -0.01200252 -0.04728800 0.06929862
v -0.01199954 -0.04733133 0.06928557
v -0.01428931 -0.04726701 0.07047313
v -0.01388454 -0.04730933 0.06997424
v -0.01375961 -0.04727840 0.06987851
v -0.01200252 -0.04728800 0.06929862
v -0.01200062 -0.04728794 0.06929844
v -0.01428931 -0.04726701 0.07047313
v -0.01375961 -0.04727840 0.06987851
v -0.01401937 -0.04725575 0.07015669
v -0.01200217 -0.04733192 0.06928515
v -0.01201015 -0.04737973 0.06925457
v -0.01403957 -0.04729455 0.07014328
v -0.01388454 -0.04730933 0.06997424
v -0.01428931 -0.04726701 0.07047313
v -0.01403957 -0.04729455 0.07014328
v -0.01406598 -0.04732698 0.07012414
v -0.01200062 -0.04740512 0.06923091
v -0.01199960 -0.04740500 0.06923079
v -0.01201015 -0.04737973 0.06925457
v -0.01200062 -0.04740512 0.06923091
v -0.01199960 -0.04740500 0.06923079
v -0.01403957 -0.04729455 0.07014328
v -0.01199918 -0.04743862 0.06917953
v -0.01199960 -0.04740500 0.06923079
v -0.01200062 -0.04740512 0.06923091
v -0.01406598 -0.04732698 0.07012414
v -0.01406598 -0.04732698 0.07012414
v -0.01230067 -0.04728734 0.06930583
v -0.01230067 -0.04728734 0.06930583
v -0.01230067 -0.04728734 0.06930583
v -0.01230204 -0.04733133 0.06929248
v -0.01230204 -0.04733133 0.06929248
v -0.01200217 -0.04733192 0.06928515
v -0.01417005 -0.04719269 0.07038778
v -0.01417005 -0.04719269 0.07038778
v -0.01230400 -0.04737097 0.06926959
v -0.01417005 -0.04719269 0.07038778
v -0.01230204 -0.04733133 0.06929248
v -0.01418447 -0.04723590 0.07038229
v -0.01401937 -0.04725575 0.07015669
v -0.01375961 -0.04727840 0.06987851
v -0.01418447 -0.04723590 0.07038229
v -0.01375961 -0.04727840 0.06987851
v -0.01400607 -0.04721230 0.07016390
v -0.01418447 -0.04723590 0.07038229
v -0.01400607 -0.04721230 0.07016390
v -0.01417005 -0.04719269 0.07038778
v -0.01418447 -0.04723590 0.07038229
v -0.01401937 -0.04725575 0.07015669
v -0.01230669 -0.04740440 0.06923830
v -0.01230669 -0.04740440 0.06923830
v -0.01200062 -0.04740512 0.06923091
v -0.01230669 -0.04740440 0.06923830
v -0.01428931 -0.04726701 0.07047313
v -0.01401937 -0.04725575 0.07015669
v -0.01418447 -0.04723590 0.07038229
v -0.01230984 -0.04742985 0.06920009
v -0.01230669 -0.04740440 0.06923830
v -0.01423543 -0.04730665 0.07035565
v -0.01428931 -0.04726701 0.07047313
v -0.01423543 -0.04730665 0.07035565
v -0.01423543 -0.04730665 0.07035565
v -0.01406598 -0.04732698 0.07012414
v -0.01251316 -0.04728507 0.06933099
v -0.01457363 -0.04729110 0.07087677
v -0.01387691 -0.04737383 0.06983655
v -0.01406598 -0.04732698 0.07012414
v -0.01457363 -0.04729110 0.07087677
v -0.01406598 -0.04732698 0.07012414
v -0.01423543 -0.04730665 0.07035565
v -0.01251316 -0.04728507 0.06933099
v -0.01230067 -0.04728734 0.06930583
v -0.01251316 -0.04728507 0.06933099
v -0.01251590 -0.04732906 0.06931787
v -0.01251316 -0.04728507 0.06933099
v -0.01251590 -0.04732906 0.06931787
v -0.01230204 -0.04733133 0.06929248
v -0.01251590 -0.04732906 0.06931787
v -0.01259773 -0.04728376 0.06934595
v -0.01430511 -0.04717159 0.07062911
v -0.01417005 -0.04719269 0.07038778
v -0.01400375 -0.04715377 0.07009929
v -0.01259773 -0.04728376 0.06934595
v -0.01259773 -0.04728376 0.06934595
v -0.01430511 -0.04717159 0.07062911
v -0.01430511 -0.04717159 0.07062911
v -0.01252013 -0.04736882 0.06929516
v -0.01251590 -0.04732906 0.06931787
v -0.01252013 -0.04736882 0.06929516
v -0.01201015 -0.04737973 0.06925457
v -0.01230400 -0.04737097 0.06926959
v -0.01432055 -0.04721468 0.07062536
v -0.01252013 -0.04736882 0.06929516
v -0.01230400 -0.04737097 0.06926959
v -0.01252549 -0.04740220 0.06926417
v -0.01252013 -0.04736882 0.06929516
v -0.01252549 -0.04740220 0.06926417
v -0.01430511 -0.04717159 0.07062911
v -0.01260101 -0.04732775 0.06933295
v -0.01259773 -0.04728376 0.06934595
v -0.01432055 -0.04721468 0.07062536
v -0.01260101 -0.04732775 0.06933295
v -0.01260101 -0.04732775 0.06933295
v -0.01432055 -0.04721468 0.07062536
v -0.01260614 -0.04736745 0.06931048
v -0.01260101 -0.04732775 0.06933295
v -0.01260614 -0.04736745 0.06931048
v -0.01437509 -0.04728490 0.07060509
v -0.01423543 -0.04730665 0.07035565
v -0.01428931 -0.04726701 0.07047313
v -0.01260614 -0.04736745 0.06931048
v -0.01252013 -0.04736882 0.06929516
v -0.01253199 -0.04742765 0.06922638
v -0.01252549 -0.04740220 0.06926417
v -0.01307004 -0.04742455 0.06932514
v -0.01199918 -0.04743862 0.06917953
v -0.01230984 -0.04742985 0.06920009
v -0.01437509 -0.04728490 0.07060509
v -0.01253199 -0.04742765 0.06922638
v -0.01457363 -0.04729110 0.07087677
v -0.01423543 -0.04730665 0.07035565
v -0.01437509 -0.04728490 0.07060509
v -0.01261270 -0.04740083 0.06927967
v -0.01260614 -0.04736745 0.06931048
v -0.01261270 -0.04740083 0.06927967
v -0.01307004 -0.04742455 0.06932514
v -0.01439422 -0.04715323 0.07083874
v -0.01430511 -0.04717159 0.07062911
v -0.01400375 -0.04715377 0.07009929
v -0.01261270 -0.04740083 0.06927967
v -0.01439422 -0.04715323 0.07083874
v -0.01439422 -0.04715323 0.07083874
v -0.01460003 -0.04716414 0.07158011
v -0.01432055 -0.04721468 0.07062536
v -0.01439422 -0.04715323 0.07083874
v -0.01441019 -0.04719620 0.07083672
v -0.01432055 -0.04721468 0.07062536
v -0.01460003 -0.04716414 0.07158011
v -0.01441019 -0.04719620 0.07083672
v -0.01300609 -0.04727381 0.06946092
v -0.01441019 -0.04719620 0.07083672
v -0.01300609 -0.04727381 0.06946092
v -0.01300609 -0.04727381 0.06946092
v -0.01301211 -0.04731768 0.06944859
v -0.01301211 -0.04731768 0.06944859
v -0.01446712 -0.04726588 0.07082182
v -0.01428931 -0.04726701 0.07047313
v -0.01460003 -0.04716414 0.07158011
v -0.01446712 -0.04726588 0.07082182
v -0.01437509 -0.04728490 0.07060509
v -0.01428931 -0.04726701 0.07047313
v -0.01301211 -0.04731768 0.06944859
v -0.01446712 -0.04726588 0.07082182
v -0.01301211 -0.04731768 0.06944859
v -0.01446712 -0.04726588 0.07082182
v -0.01302129 -0.04735726 0.06942725
v -0.01302129 -0.04735726 0.06942725
v -0.01303339 -0.04739052 0.06939810
v -0.01302129 -0.04735726 0.06942725
v -0.01303339 -0.04739052 0.06939810
v -0.01303339 -0.04739052 0.06939810
v -0.01261270 -0.04740083 0.06927967
v -0.01312714 -0.04726952 0.06950968
v -0.01451474 -0.04687803 0.07128107
v -0.01439422 -0.04715323 0.07083874
v -0.01400375 -0.04715377 0.07009929
v -0.01312714 -0.04726952 0.06950968
v -0.01312714 -0.04726952 0.06950968
v -0.01300609 -0.04727381 0.06946092
v -0.01448607 -0.04712593 0.07115101
v -0.01439422 -0.04715323 0.07083874
v -0.01448607 -0.04712593 0.07115101
v -0.01303339 -0.04739052 0.06939810
v -0.01313400 -0.04731339 0.06949782
v -0.01312714 -0.04726952 0.06950968
v -0.01448607 -0.04712593 0.07115101
v -0.01313400 -0.04731339 0.06949782
v -0.01313400 -0.04731339 0.06949782
v -0.01460003 -0.04716414 0.07158011
v -0.01428931 -0.04726701 0.07047313
v -0.01441019 -0.04719620 0.07083672
v -0.01314455 -0.04735291 0.06947702
v -0.01313400 -0.04731339 0.06949782
v -0.01314455 -0.04735291 0.06947702
v -0.01315820 -0.04738605 0.06944841
v -0.01450860 -0.04711610 0.07126301
v -0.01314455 -0.04735291 0.06947702
v -0.01315820 -0.04738605 0.06944841
v -0.01315820 -0.04738605 0.06944841
v -0.01450860 -0.04711610 0.07126301
v -0.01448607 -0.04712593 0.07115101
v -0.01450860 -0.04711610 0.07126301
v -0.01460003 -0.04716414 0.07158011
v -0.01448607 -0.04712593 0.07115101
v -0.01315820 -0.04738605 0.06944841
v -0.01456189 -0.04723775 0.07114368
v -0.01456189 -0.04723775 0.07114368
v -0.01456189 -0.04723775 0.07114368
v -0.01446712 -0.04726588 0.07082182
v -0.01345801 -0.04725426 0.06968426
v -0.01345801 -0.04725426 0.06968426
v -0.01309013 -0.04722481 0.06949609
v -0.01400375 -0.04715377 0.07009929
v -0.01345801 -0.04725426 0.06968426
v -0.01345801 -0.04725426 0.06968426
v -0.01456189 -0.04723775 0.07114368
v -0.01345801 -0.04725426 0.06968426
v -0.01375961 -0.04727840 0.06987851
v -0.01313400 -0.04731339 0.06949782
v -0.01345801 -0.04725426 0.06968426
v -0.01346719 -0.04729801 0.06967359
v -0.01346719 -0.04729801 0.06967359
v -0.01346719 -0.04729801 0.06967359
v -0.01313400 -0.04731339 0.06949782
v -0.01375961 -0.04727840 0.06987851
v -0.01348119 -0.04733735 0.06965482
v -0.01348119 -0.04733735 0.06965482
v -0.01348119 -0.04733735 0.06965482
v -0.01314455 -0.04735291 0.06947702
v -0.01349955 -0.04737031 0.06962859
v -0.01348119 -0.04733735 0.06965482
v -0.01349955 -0.04737031 0.06962859
v -0.01458501 -0.04722768 0.07125914
v -0.01458501 -0.04722768 0.07125914
v -0.01458501 -0.04722768 0.07125914
v -0.01458501 -0.04722768 0.07125914
v -0.01387691 -0.04737383 0.06983655
v -0.01315820 -0.04738605 0.06944841
v -0.01349955 -0.04737031 0.06962859
v -0.01387691 -0.04737383 0.06983655
v -0.01360517 -0.04724544 0.06978517
v -0.01360517 -0.04724544 0.06978517
v -0.01455020 -0.04707777 0.07170116
v -0.01454341 -0.04703217 0.07169741
v -0.01455038 -0.04707771 0.07170134
v -0.01455020 -0.04707777 0.07170116
v -0.01455020 -0.04707777 0.07170116
v -0.01450860 -0.04711610 0.07126301
v -0.01455020 -0.04707777 0.07170116
v -0.01360517 -0.04724544 0.06978517
v -0.01375961 -0.04727840 0.06987851
v -0.01345801 -0.04725426 0.06968426
v -0.01455038 -0.04707771 0.07170134
v -0.01460003 -0.04716414 0.07158011
v -0.01455020 -0.04707777 0.07170116
v -0.01455038 -0.04707771 0.07170134
v -0.01455020 -0.04707777 0.07170116
v -0.01462793 -0.04718834 0.07170903
v -0.01458501 -0.04722768 0.07125914
v -0.01375961 -0.04727840 0.06987851
v -0.01462793 -0.04718834 0.07170903
v -0.01462793 -0.04718834 0.07170903
v -0.01462805 -0.04718804 0.07171076
v -0.01457363 -0.04729110 0.07087677
v -0.01462793 -0.04718834 0.07170903
v -0.01462805 -0.04718804 0.07171076
v -0.01363116 -0.04732835 0.06975746
v -0.01457363 -0.04729110 0.07087677
v -0.01458501 -0.04722768 0.07125914
v -0.01462793 -0.04718834 0.07170903
v -0.01363116 -0.04732835 0.06975746
v -0.01349955 -0.04737031 0.06962859
v -0.01349955 -0.04737031 0.06962859
v -0.01360517 -0.04724544 0.06978517
v -0.01385390 -0.04722672 0.06999808
v -0.01375961 -0.04727840 0.06987851
v -0.01360517 -0.04724544 0.06978517
v -0.01360517 -0.04724544 0.06978517
v -0.01137638 -0.04483956 0.09809964
v -0.01146221 -0.04480004 0.09813255
v -0.01132202 -0.04488068 0.09802395
v -0.01146221 -0.04480004 0.09813255
v -0.01132202 -0.04488068 0.09802395
v -0.01153790 -0.04471904 0.09813779
v -0.01153790 -0.04471904 0.09813779
v -0.01214933 -0.04471737 0.09819525
v -0.01153790 -0.04471904 0.09813791
v -0.01137638 -0.04483956 0.09809964
v -0.01135182 -0.04489320 0.09818512
v -0.01146221 -0.04480004 0.09813255
v -0.01191568 -0.04486095 0.09827262
v -0.01135182 -0.04489320 0.09818512
v -0.01191568 -0.04486095 0.09827262
v -0.01157045 -0.04486513 0.09823983
v -0.01150310 -0.04471999 0.09812700
v -0.01153790 -0.04471904 0.09813791
v -0.01146882 -0.04472094 0.09811204
v -0.01150310 -0.04471999 0.09812700
v -0.01135182 -0.04489320 0.09818512
v -0.01132202 -0.04488068 0.09802395
v -0.01153790 -0.04471904 0.09813779
v -0.01150310 -0.04471999 0.09812700
v -0.01146221 -0.04480004 0.09813255
v -0.01135182 -0.04489320 0.09818512
v -0.01153790 -0.04471904 0.09813779
v -0.01135182 -0.04489320 0.09818512
v -0.01199680 -0.04728800 0.06929850
v 0.01201546 -0.04736042 0.06906008
v 0.01216912 -0.04744946 0.06897073
v -0.01199918 -0.04743862 0.06917953
v -0.01201015 -0.04737973 0.06925457
v -0.01199960 -0.04740500 0.06923079
v -0.01199918 -0.04743862 0.06917953
v 0.01215046 -0.04740291 0.06903058
v 0.01215046 -0.04740291 0.06903058
v -0.00759309 -0.04716247 0.07198280
v -0.00961685 -0.04708230 0.07303160
v -0.01126521 -0.04681396 0.07600891
v -0.01093769 -0.04669833 0.07466262
v -0.00759309 -0.04716247 0.07198280
v -0.00759309 -0.04716247 0.07198280
v 0.01272970 -0.04734474 0.06943356
v 0.01215320 -0.04732769 0.06907409
v 0.01216912 -0.04744946 0.06897073
v 0.01272970 -0.04734474 0.06943356
v 0.01215505 -0.04731220 0.06907552
v 0.01215320 -0.04732769 0.06907409
v -0.00472003 -0.04717928 0.07158768
v -0.00511378 -0.04717803 0.07160127
v -0.00472003 -0.04717928 0.07158768
v -0.00511378 -0.04717803 0.07160127
v -0.00472212 -0.04710936 0.07152956
v -0.00472003 -0.04717928 0.07158768
v -0.00427592 -0.04724854 0.07164752
v -0.00511378 -0.04717803 0.07160127
v -0.00323701 -0.04717123 0.07167941
v -0.00623608 -0.04682111 0.07154685
v -0.00282437 -0.04703426 0.07167452
v -0.00323701 -0.04717123 0.07167941
v -0.00472212 -0.04710936 0.07152956
v -0.00623608 -0.04682111 0.07154685
v -0.00323701 -0.04717123 0.07167941
v -0.00323701 -0.04717123 0.07167941
v -0.00323701 -0.04717123 0.07167941
v -0.00427592 -0.04724854 0.07164752
v -0.00472003 -0.04717928 0.07158768
v -0.00323701 -0.04717123 0.07167941
v -0.00472003 -0.04717928 0.07158768
v -0.00282663 -0.04709547 0.07168930
v -0.00283581 -0.04716539 0.07174611
v -0.00323701 -0.04717123 0.07167941
v -0.00282663 -0.04709547 0.07168930
v -0.00283581 -0.04716539 0.07174611
v -0.00283581 -0.04716539 0.07174611
v -0.00159454 -0.04719680 0.07209676
v -0.00323701 -0.04717123 0.07167941
v -0.00283581 -0.04716539 0.07174611
v -0.00595325 -0.04717135 0.07167786
v -0.00759309 -0.04716247 0.07198280
v -0.00427592 -0.04724854 0.07164752
v -0.00211775 -0.04715067 0.07191425
v -0.00101280 -0.04700279 0.07223695
v -0.00159454 -0.04719680 0.07209676
v -0.00211775 -0.04715067 0.07191425
v -0.00211775 -0.04715073 0.07191425
v -0.00211775 -0.04715073 0.07191425
v -0.00511378 -0.04717803 0.07160127
v -0.00759309 -0.04716247 0.07198280
v -0.00595325 -0.04717135 0.07167786
v -0.00595325 -0.04717135 0.07167786
v -0.00159454 -0.04719680 0.07209676
v -0.00283581 -0.04716539 0.07174611
v -0.00211775 -0.04715073 0.07191425
v -0.00427592 -0.04724854 0.07164752
v -0.00011492 -0.04712820 0.07289022
v -0.00159454 -0.04719680 0.07209676
v 0.01272970 -0.04734474 0.06943356
v 0.00167781 -0.04691356 0.07516247
v -0.00035667 -0.04702079 0.07249635
v 0.00107473 -0.04695415 0.07392781
v -0.00011492 -0.04712820 0.07289022
v -0.00035667 -0.04702079 0.07249635
v 0.00167781 -0.04691356 0.07516247
v 0.00142425 -0.04657590 0.07424992
v 0.00107473 -0.04695415 0.07392781
v -0.00035667 -0.04702079 0.07249635
v 0.00167781 -0.04691356 0.07516247
v 0.00107473 -0.04695415 0.07392781
v 0.00142425 -0.04657590 0.07424992
v -0.00035667 -0.04702079 0.07249635
v -0.00011492 -0.04712820 0.07289022
v -0.00159454 -0.04719680 0.07209676
v -0.00035667 -0.04702079 0.07249635
v 0.00563139 -0.04673928 0.07685083
v 0.00450516 -0.04655957 0.07827943
v 0.00440812 -0.04629862 0.07831138
v 0.00167781 -0.04691356 0.07516247
v 0.00425583 -0.04657584 0.07899349
v 0.00397927 -0.04631835 0.07985401
v 0.00450516 -0.04655957 0.07827943
v 0.00563139 -0.04673928 0.07685083
v 0.00425583 -0.04657584 0.07899349
v 0.00450516 -0.04655957 0.07827943
v 0.00425583 -0.04657584 0.07899349
v 0.00405395 -0.04639220 0.08116245
v 0.00397927 -0.04631835 0.07985401
v 0.00460458 -0.04620087 0.08302015
v 0.00766712 -0.04582077 0.08750337
v 0.00728553 -0.04583817 0.08682245
v 0.00763518 -0.04547798 0.08782070
v 0.00369924 -0.04553288 0.09085482
v 0.00534391 -0.04530227 0.09088724
v 0.00581473 -0.04551935 0.09098786
v 0.00369924 -0.04553288 0.09085482
v 0.00361252 -0.04537898 0.09070676
v 0.00534391 -0.04530227 0.09088724
v 0.00268024 -0.04534846 0.09023541
v 0.00357032 -0.04546421 0.09073328
v 0.00369924 -0.04553288 0.09085482
v 0.00293112 -0.04551255 0.09047740
v 0.00361252 -0.04537898 0.09070676
v 0.00293112 -0.04551255 0.09047740
v 0.00211519 -0.04561269 0.08956867
v 0.00268024 -0.04534846 0.09023541
v 0.00776088 -0.04553860 0.08879160
v 0.00748771 -0.04559838 0.08992856
v 0.00760984 -0.04541128 0.08949416
v 0.00785142 -0.04568696 0.08898204
v 0.00748771 -0.04559838 0.08992856
v 0.00776088 -0.04553860 0.08879160
v 0.00674719 -0.04555839 0.09071439
v 0.00581473 -0.04551935 0.09098786
v 0.00577259 -0.04544746 0.09088116
v 0.00647730 -0.04543638 0.09066289
v 0.00608051 -0.04541355 0.09077733
v 0.00622749 -0.04539442 0.09073251
v 0.00669575 -0.04546344 0.09058469
v 0.00608051 -0.04541355 0.09077733
v 0.00647730 -0.04543638 0.09066289
v 0.00669575 -0.04546344 0.09058469
v 0.00577259 -0.04544746 0.09088116
v 0.00608051 -0.04541355 0.09077733
v 0.00647730 -0.04543638 0.09066289
v 0.00666428 -0.04549545 0.09060758
v 0.00785142 -0.04568696 0.08898204
v 0.00766712 -0.04582077 0.08750337
v 0.00666428 -0.04549545 0.09060758
v 0.00669575 -0.04546344 0.09058469
v 0.00696242 -0.04549252 0.09040939
v 0.00666428 -0.04549545 0.09060758
v 0.00669575 -0.04546344 0.09058469
v 0.00698179 -0.04553008 0.09043800
v 0.00666428 -0.04549545 0.09060758
v 0.00696242 -0.04549252 0.09040939
v 0.00737494 -0.04564380 0.09027546
v 0.00737494 -0.04564380 0.09027546
v 0.00748771 -0.04559838 0.08992856
v 0.00696242 -0.04549252 0.09040939
v 0.00669575 -0.04546344 0.09058469
v 0.00748771 -0.04559838 0.08992856
v 0.00669575 -0.04546344 0.09058469
v 0.00713944 -0.04521483 0.09021872
v 0.00737494 -0.04564380 0.09027546
v 0.00696242 -0.04549252 0.09040939
v 0.00748771 -0.04559838 0.08992856
v 0.00748771 -0.04559838 0.08992856
v 0.00608051 -0.04541355 0.09077733
v 0.00534391 -0.04530227 0.09088724
v 0.00622749 -0.04539442 0.09073251
v 0.00577259 -0.04544746 0.09088116
v 0.00534391 -0.04530227 0.09088724
v -0.00729746 -0.04474478 0.09793943
v -0.00737011 -0.04487544 0.09797459
v -0.00725931 -0.04473221 0.09800046
v -0.00692081 -0.04473119 0.09815466
v -0.00697613 -0.04473567 0.09814900
v -0.00707811 -0.04486262 0.09820479
v -0.00737011 -0.04487544 0.09797459
v -0.00729746 -0.04474478 0.09793943
v -0.00725931 -0.04473221 0.09800046
v -0.00718784 -0.04473793 0.09807056
v -0.00729746 -0.04474478 0.09793943
v -0.00734508 -0.04680669 0.07627022
v -0.00734419 -0.04660320 0.07717746
v 0.01256936 -0.04484105 0.09819000
v -0.00692081 -0.04473119 0.09815466
v 0.01246738 -0.04473090 0.09814137
v -0.00707811 -0.04486262 0.09820479
v 0.01256936 -0.04484105 0.09819000
v 0.01306957 -0.04489749 0.09819388
v 0.00414467 -0.04489290 0.09836459
v 0.00414467 -0.04489290 0.09836459
v 0.01221579 -0.04489290 0.09836459
v -0.00070256 -0.04489272 0.09836643
v -0.00070256 -0.04489272 0.09836643
v -0.00697613 -0.04473567 0.09814900
v 0.01256936 -0.04484105 0.09819000
v -0.00697613 -0.04473567 0.09814900
v -0.00692081 -0.04473119 0.09815466
v -0.00554979 -0.04489219 0.09837317
v -0.00531006 -0.04690688 0.07506364
v -0.00635338 -0.04675602 0.07540220
v -0.00531006 -0.04690688 0.07506364
v -0.00669241 -0.04680293 0.07556289
v -0.00531006 -0.04690688 0.07506364
v -0.00635338 -0.04675602 0.07540220
v -0.00607675 -0.04682534 0.07528203
v -0.00531006 -0.04690688 0.07506364
v -0.00669241 -0.04680293 0.07556289
v -0.00646973 -0.04687345 0.07538980
v -0.00631714 -0.04689604 0.07527488
v -0.00607675 -0.04682534 0.07528203
v -0.00531006 -0.04690688 0.07506364
v -0.00631714 -0.04689604 0.07527488
v -0.00669241 -0.04680293 0.07556289
v -0.00734508 -0.04680669 0.07627022
v -0.00646973 -0.04687345 0.07538980
v -0.00669241 -0.04680293 0.07556289
v -0.00646973 -0.04687345 0.07538980
v -0.00626850 -0.04690796 0.07523745
v -0.00631714 -0.04689604 0.07527488
v -0.00729853 -0.04638576 0.07675099
v -0.00734508 -0.04680669 0.07627022
v -0.00669241 -0.04680293 0.07556289
v 0.01400941 -0.04495102 0.09754842
v 0.01457458 -0.04502826 0.09664613
v 0.01390355 -0.04494732 0.09772723
v 0.01411169 -0.04486489 0.09729856
v 0.01305001 -0.04482936 0.09804910
v 0.01305001 -0.04482936 0.09804910
v 0.01411169 -0.04486489 0.09729856
v 0.01466870 -0.04508739 0.09586834
v 0.01411169 -0.04486489 0.09729856
v 0.01426869 -0.04479444 0.09706991
v 0.01306915 -0.04478710 0.09801000
v 0.01305001 -0.04482936 0.09804910
v 0.01302140 -0.04472583 0.09803456
v 0.01318645 -0.04486930 0.09804815
v 0.01306527 -0.04473119 0.09799665
v 0.01306957 -0.04489749 0.09819388
v 0.01256936 -0.04484105 0.09819000
v 0.01318645 -0.04486930 0.09804815
v 0.01315712 -0.04478424 0.09797018
v 0.01342934 -0.04479616 0.09783381
v 0.01342934 -0.04479616 0.09783381
v 0.01306527 -0.04473119 0.09799665
v 0.01302140 -0.04472583 0.09803456
v 0.01366990 -0.04482936 0.09769624
v 0.01306915 -0.04478710 0.09801000
v 0.01315712 -0.04478424 0.09797018
v 0.01342934 -0.04479616 0.09783381
v 0.01366990 -0.04482936 0.09769624
v 0.01305001 -0.04482936 0.09804910
v 0.01306915 -0.04478710 0.09801000
v 0.01466870 -0.04508739 0.09586834
v 0.01426869 -0.04479444 0.09706991
v 0.01443243 -0.04459941 0.09663230
v 0.01318645 -0.04486930 0.09804815
v 0.01305001 -0.04482936 0.09804910
v 0.01366990 -0.04482936 0.09769624
v 0.01366990 -0.04482936 0.09769624
v 0.01302140 -0.04472583 0.09803456
v 0.01387405 -0.04477620 0.09748929
v 0.01411169 -0.04486489 0.09729856
v 0.01342934 -0.04479616 0.09783381
v 0.01400941 -0.04495102 0.09754842
v 0.01411169 -0.04486489 0.09729856
v 0.01318645 -0.04486930 0.09804815
v 0.01366990 -0.04482936 0.09769624
v 0.01426869 -0.04479444 0.09706991
v 0.01366990 -0.04482936 0.09769624
v 0.01387405 -0.04477620 0.09748929
v 0.01400941 -0.04495102 0.09754842
v 0.01411169 -0.04486489 0.09729856
v 0.01366990 -0.04482936 0.09769624
v 0.01426869 -0.04479444 0.09706991
v -0.00443405 -0.04677224 0.07509618
v -0.00429726 -0.04691421 0.07498151
v -0.00531006 -0.04690688 0.07506364
v -0.00607675 -0.04682534 0.07528203
v -0.00631714 -0.04689604 0.07527488
v -0.00431490 -0.04693251 0.07497686
v -0.00431490 -0.04693251 0.07497686
v 0.01466870 -0.04508739 0.09586834
v -0.00301552 -0.04684913 0.07535690
v -0.00291061 -0.04680967 0.07544034
v -0.00331116 -0.04681730 0.07528012
v -0.00429726 -0.04691421 0.07498151
v -0.00285721 -0.04688954 0.07537931
v -0.00301552 -0.04684913 0.07535690
v -0.00331116 -0.04681730 0.07528012
v -0.00266075 -0.04674971 0.07562011
v -0.00285810 -0.04671823 0.07548850
v -0.00385469 -0.04691827 0.07503789
v -0.00285721 -0.04688954 0.07537931
v -0.00429726 -0.04691421 0.07498151
v -0.00385469 -0.04691827 0.07503789
v -0.00267690 -0.04690027 0.07543843
v -0.00285721 -0.04688954 0.07537931
v -0.00328523 -0.04691529 0.07517451
v -0.00371486 -0.04693585 0.07501327
v -0.00267690 -0.04690027 0.07543843
v -0.00328523 -0.04691529 0.07517451
v -0.00267690 -0.04690027 0.07543843
v -0.00385469 -0.04691827 0.07503789
v -0.00374144 -0.04686814 0.07514417
v -0.00285810 -0.04671823 0.07548850
v -0.00374144 -0.04686814 0.07514417
v -0.00301552 -0.04684913 0.07535690
v -0.00331116 -0.04681730 0.07528012
v -0.00331116 -0.04681730 0.07528012
v -0.00429726 -0.04691421 0.07498151
v -0.00371486 -0.04693585 0.07501327
v -0.00385469 -0.04691827 0.07503789
v -0.00431490 -0.04693251 0.07497686
v -0.00521707 -0.04694473 0.07490891
v -0.00371486 -0.04693585 0.07501327
v -0.00431490 -0.04693251 0.07497686
v -0.00210094 -0.04682254 0.07616883
v -0.00216669 -0.04669016 0.07638019
v -0.00266075 -0.04674971 0.07562011
v -0.00259972 -0.04675531 0.07570737
v -0.00216669 -0.04669016 0.07638019
v -0.00285810 -0.04671823 0.07548850
v -0.00259972 -0.04675531 0.07570737
v -0.00266075 -0.04674971 0.07562011
v -0.00216669 -0.04669016 0.07638019
v -0.00267690 -0.04690027 0.07543843
v -0.00210094 -0.04682254 0.07616883
v -0.00254059 -0.04685187 0.07567113
v -0.00266075 -0.04674971 0.07562011
v -0.00259972 -0.04675531 0.07570737
v -0.00285810 -0.04671823 0.07548850
v -0.00291061 -0.04680967 0.07544034
v -0.00210094 -0.04682254 0.07616883
v -0.00266075 -0.04674971 0.07562011
v -0.00301552 -0.04684913 0.07535690
v -0.00285721 -0.04688954 0.07537931
v -0.00210094 -0.04682254 0.07616883
v -0.00301552 -0.04684913 0.07535690
v -0.00285721 -0.04688954 0.07537931
v -0.00254059 -0.04685187 0.07567113
v -0.00210094 -0.04682254 0.07616883
v -0.00285721 -0.04688954 0.07537931
v -0.00266075 -0.04674971 0.07562011
v 0.01456546 -0.04697096 0.07433962
v 0.01375049 -0.04685425 0.07432937
v 0.01019287 -0.04670947 0.07763952
v 0.01374810 -0.04692745 0.07428449
v 0.01377803 -0.04685688 0.07430946
v 0.01374810 -0.04692745 0.07428449
v 0.01376622 -0.04690408 0.07429599
v 0.01377803 -0.04685688 0.07430946
v 0.01386255 -0.04692101 0.07424014
v 0.01375484 -0.04700088 0.07418340
v 0.01397085 -0.04693496 0.07420200
v 0.01388359 -0.04661953 0.07427090
v 0.01376622 -0.04690408 0.07429599
v 0.01374810 -0.04692745 0.07428449
v 0.01388359 -0.04661953 0.07427090
v 0.01377803 -0.04685688 0.07430946
v 0.01376622 -0.04690408 0.07429599
v 0.01388359 -0.04661953 0.07427090
v 0.01377803 -0.04685688 0.07430946
v 0.01411908 -0.04698944 0.07414656
v 0.01374810 -0.04692745 0.07428449
v 0.01386255 -0.04692101 0.07424014
v 0.01410597 -0.04682117 0.07422417
v 0.01407998 -0.04689306 0.07421678
v 0.01407998 -0.04689306 0.07421678
v 0.01406013 -0.04686993 0.07422232
v 0.01397085 -0.04693496 0.07420200
v 0.01410597 -0.04682117 0.07422417
v 0.01397085 -0.04693496 0.07420200
v 0.01406013 -0.04686993 0.07422232
v 0.01410597 -0.04682117 0.07422417
v 0.01410597 -0.04682117 0.07422417
v 0.01407998 -0.04689306 0.07421678
v 0.01411908 -0.04698944 0.07414656
v 0.01417768 -0.04682064 0.07424193
v 0.01425194 -0.04681879 0.07426571
v 0.01410597 -0.04682117 0.07422417
v 0.01417768 -0.04682064 0.07424193
v 0.01411908 -0.04698944 0.07414656
v 0.01422119 -0.04687827 0.07425206
v 0.01417768 -0.04682064 0.07424193
v 0.01410597 -0.04682117 0.07422417
v 0.01411908 -0.04698944 0.07414656
v 0.01430886 -0.04685664 0.07429021
v 0.01411908 -0.04698944 0.07414656
v 0.01456546 -0.04697096 0.07433962
v 0.01422119 -0.04687827 0.07425206
v 0.01425194 -0.04681879 0.07426571
v 0.01417768 -0.04682064 0.07424193
v 0.01425194 -0.04681879 0.07426571
v 0.01426750 -0.04681813 0.07427245
v 0.01430886 -0.04685664 0.07429021
v 0.01425194 -0.04681879 0.07426571
v 0.01426750 -0.04681813 0.07427245
v 0.01426750 -0.04681813 0.07427245
v 0.01430886 -0.04685664 0.07429021
v 0.01456546 -0.04697096 0.07433962
v -0.00210094 -0.04682254 0.07616883
v -0.00200146 -0.04567748 0.08905059
v -0.00216669 -0.04669016 0.07638019
v 0.00868988 -0.04655313 0.07922643
v 0.01375484 -0.04700088 0.07418340
v 0.01019287 -0.04670947 0.07763952
v 0.01019287 -0.04670947 0.07763952
v 0.01090127 -0.04657900 0.07716745
v 0.00839806 -0.04633486 0.07970327
v -0.00150847 -0.04536402 0.09134346
v 0.00049400 -0.04529333 0.09345144
v 0.00081539 -0.04495888 0.09366697
v -0.00079298 -0.04524207 0.09254401
v -0.00150067 -0.04549181 0.09123772
v -0.00150847 -0.04536402 0.09134346
v -0.00152147 -0.04530388 0.09139138
v 0.00081539 -0.04495888 0.09366697
v 0.00201988 -0.04511642 0.09413903
v 0.00324440 -0.04487252 0.09441107
v -0.00150067 -0.04549181 0.09123772
v -0.00150067 -0.04549181 0.09123772
v -0.00198924 -0.04522746 0.09009808
v -0.00200146 -0.04567748 0.08905059
v -0.00152147 -0.04530388 0.09139138
v 0.00049400 -0.04529333 0.09345144
v 0.00343943 -0.04524242 0.09433120
v 0.00201988 -0.04511642 0.09413903
v 0.00201988 -0.04511642 0.09413903
v -0.00150067 -0.04549181 0.09123772
v 0.00049400 -0.04529333 0.09345144
v -0.00079298 -0.04524207 0.09254401
v 0.00791579 -0.04637086 0.08104228
v 0.00837672 -0.04640382 0.07972580
v 0.00868988 -0.04655313 0.07922643
v 0.01019287 -0.04670947 0.07763952
v 0.00835347 -0.04640090 0.07975918
v 0.01019287 -0.04670947 0.07763952
v 0.00835347 -0.04640090 0.07975918
v 0.00837672 -0.04640382 0.07972580
v 0.01019287 -0.04670947 0.07763952
v 0.00868988 -0.04655313 0.07922643
v 0.00837672 -0.04640382 0.07972580
v 0.00852394 -0.04626250 0.08234304
v 0.00791579 -0.04637086 0.08104228
v 0.00806129 -0.04592978 0.08119815
v 0.00791579 -0.04637086 0.08104228
v 0.00809145 -0.04643744 0.08016675
v 0.00801855 -0.04624986 0.08036363
v 0.00806570 -0.04525697 0.09409302
v 0.00695038 -0.04515409 0.09433168
v 0.00616735 -0.04507821 0.09446877
v 0.00402737 -0.04517507 0.09445637
v 0.00616735 -0.04507821 0.09446877
v 0.00402737 -0.04517507 0.09445637
v 0.00616735 -0.04507821 0.09446877
v 0.00402737 -0.04517507 0.09445637
v 0.00324440 -0.04487252 0.09441107
v 0.00201988 -0.04511642 0.09413903
v 0.00343943 -0.04524242 0.09433120
v 0.00878525 -0.04509276 0.09385770
v 0.00616735 -0.04507821 0.09446877
v 0.00695038 -0.04515409 0.09433168
v 0.00819397 -0.04512697 0.09405314
v 0.00878525 -0.04509276 0.09385770
v 0.00695038 -0.04515409 0.09433168
v 0.00819397 -0.04512697 0.09405314
v 0.00695038 -0.04515409 0.09433168
v 0.00819397 -0.04512697 0.09405314
v 0.00861549 -0.04516315 0.09389966
v 0.00878525 -0.04509276 0.09385770
v 0.00878525 -0.04509276 0.09385770
v 0.00861549 -0.04516315 0.09389966
v 0.00819397 -0.04512697 0.09405314
v 0.00695038 -0.04515409 0.09433168
v 0.00878525 -0.04509276 0.09385770
v 0.01027250 -0.04495292 0.09296125
v 0.00899601 -0.04509347 0.09372895
v 0.00882721 -0.04523742 0.09376806
v 0.00882721 -0.04523742 0.09376806
v 0.00947809 -0.04536181 0.09333485
v 0.00861549 -0.04516315 0.09389966
v 0.00933838 -0.04512739 0.09352391
v 0.01027250 -0.04495292 0.09296125
v 0.00878525 -0.04509276 0.09385770
v 0.00806570 -0.04525697 0.09409302
v 0.00882721 -0.04523742 0.09376806
v 0.00695038 -0.04515409 0.09433168
v 0.00806570 -0.04525697 0.09409302
v 0.00947809 -0.04536181 0.09333485
v 0.00882721 -0.04523742 0.09376806
v 0.00861549 -0.04516315 0.09389966
v 0.00933838 -0.04512739 0.09352391
v 0.00878525 -0.04509276 0.09385770
v 0.00933260 -0.04522097 0.09351348
v 0.01124334 -0.04539769 0.09172123
v 0.01027250 -0.04495292 0.09296125
v 0.00933260 -0.04522097 0.09351348
v 0.00947809 -0.04536181 0.09333485
v 0.01124334 -0.04539769 0.09172123
v 0.00933260 -0.04522097 0.09351348
v 0.00932962 -0.04522085 0.09351527
v 0.00861549 -0.04516315 0.09389966
v 0.00861549 -0.04516315 0.09389966
v 0.00947809 -0.04536181 0.09333485
v 0.00933260 -0.04522097 0.09351348
v 0.00861549 -0.04516315 0.09389966
v 0.00933260 -0.04522097 0.09351348
v 0.00932962 -0.04522085 0.09351527
v 0.01187044 -0.04565846 0.08934813
v 0.01187044 -0.04565846 0.08934813
v 0.01197385 -0.04527366 0.08895599
v 0.01124334 -0.04539769 0.09172123
v 0.01094430 -0.04590409 0.08565038
v 0.01124334 -0.04539769 0.09172123
f 1 2 3
f 1 3 4
f 5 6 7
f 8 9 10
f 11 12 13
f 14 15 16
f 17 18 19
f 8 20 9
f 21 22 23
f 24 25 26
f 27 28 29
f 30 31 32
f 33 25 24
f 34 30 32
f 35 36 37
f 38 39 14
f 40 41 42
f 40 43 41
f 24 26 44
f 45 46 47
f 48 45 47
f 49 14 50
f 51 22 21
f 49 50 52
f 53 5 7
f 54 1 4
f 38 14 49
f 55 44 56
f 57 58 59
f 60 24 44
f 57 19 58
f 61 55 56
f 62 44 55
f 57 59 63
f 64 43 40
f 65 66 67
f 68 69 70
f 71 72 73
f 68 74 69
f 75 76 77
f 78 40 42
f 79 80 18
f 79 18 17
f 81 82 83
f 53 12 11
f 84 39 38
f 85 86 87
f 88 89 90
f 91 31 30
f 92 93 94
f 95 19 57
f 96 53 11
f 97 80 98
f 95 57 63
f 21 23 99
f 100 101 102
f 103 36 35
f 104 30 34
f 79 98 80
f 105 40 78
f 106 84 38
f 107 46 45
f 108 91 30
f 109 37 36
f 110 111 112
f 113 68 70
f 114 54 115
f 116 117 118
f 103 35 9
f 103 9 20
f 119 114 115
f 79 17 19
f 79 19 95
f 120 45 48
f 121 122 80
f 120 123 45
f 124 125 13
f 121 80 97
f 126 21 99
f 119 115 127
f 128 129 130
f 131 11 13
f 132 133 134
f 22 124 13
f 135 136 137
f 138 139 33
f 138 119 139
f 140 79 95
f 140 98 79
f 141 100 102
f 5 142 6
f 143 144 145
f 146 138 33
f 143 145 124
f 100 147 101
f 148 38 49
f 148 49 149
f 10 150 8
f 126 99 151
f 152 84 106
f 146 33 24
f 153 41 43
f 154 138 146
f 155 140 95
f 156 102 157
f 158 1 54
f 159 124 22
f 160 158 161
f 162 163 164
f 165 166 167
f 168 165 167
f 169 156 157
f 109 170 37
f 171 172 84
f 171 84 152
f 173 174 175
f 176 54 114
f 177 178 179
f 180 181 182
f 183 146 24
f 1 184 2
f 156 141 102
f 185 186 187
f 64 188 43
f 185 187 189
f 95 63 190
f 191 62 55
f 192 193 194
f 195 154 146
f 192 196 193
f 148 197 38
f 171 187 186
f 185 171 186
f 198 192 194
f 199 76 75
f 195 146 183
f 200 197 148
f 140 97 98
f 184 1 158
f 184 158 160
f 201 20 8
f 201 8 150
f 97 140 155
f 173 175 202
f 203 204 205
f 206 198 194
f 207 208 209
f 210 211 22
f 210 22 51
f 212 195 183
f 196 213 193
f 214 215 216
f 217 148 149
f 218 206 194
f 219 220 221
f 212 62 191
f 222 212 191
f 223 160 176
f 150 10 224
f 200 217 149
f 169 157 166
f 225 207 209
f 226 227 228
f 229 97 155
f 229 155 95
f 114 223 176
f 20 36 103
f 190 230 95
f 229 95 230
f 231 226 228
f 232 233 234
f 235 231 228
f 236 192 198
f 237 96 11
f 188 153 43
f 206 236 198
f 238 169 166
f 239 240 241
f 114 119 138
f 242 243 244
f 245 246 247
f 248 249 250
f 174 173 2
f 251 252 253
f 254 255 109
f 256 257 144
f 258 259 260
f 256 144 143
f 261 258 260
f 262 64 40
f 262 263 64
f 264 113 265
f 266 233 232
f 267 268 269
f 270 227 226
f 271 40 105
f 272 273 274
f 275 276 277
f 278 270 226
f 159 143 124
f 279 114 138
f 280 172 171
f 281 282 121
f 283 231 235
f 184 174 2
f 154 279 138
f 284 285 286
f 287 288 289
f 290 166 165
f 290 291 166
f 51 21 126
f 36 254 109
f 292 154 195
f 131 237 11
f 293 174 184
f 294 295 296
f 297 298 299
f 300 301 302
f 303 283 235
f 303 235 304
f 305 306 170
f 212 292 195
f 307 308 309
f 310 168 167
f 311 312 313
f 314 213 196
f 315 316 317
f 318 319 320
f 314 196 192
f 321 171 185
f 281 322 282
f 323 314 192
f 324 321 185
f 325 197 200
f 326 327 210
f 328 329 192
f 328 192 236
f 321 330 280
f 321 280 171
f 331 212 222
f 328 236 206
f 281 121 97
f 332 184 160
f 333 143 159
f 334 291 290
f 335 5 53
f 336 292 212
f 20 337 36
f 338 321 324
f 339 249 248
f 340 206 218
f 341 342 343
f 266 344 233
f 149 325 200
f 336 212 331
f 334 345 165
f 346 51 126
f 347 169 238
f 347 348 169
f 349 341 343
f 350 165 168
f 350 334 165
f 351 352 353
f 354 331 222
f 355 226 231
f 356 357 358
f 359 305 170
f 283 355 231
f 360 361 362
f 363 350 168
f 332 160 223
f 364 347 238
f 365 359 170
f 366 367 368
f 369 213 314
f 370 371 306
f 372 373 374
f 365 170 109
f 229 375 97
f 376 210 51
f 293 377 174
f 378 379 380
f 201 150 224
f 381 332 223
f 382 237 131
f 383 141 156
f 384 53 96
f 385 201 224
f 386 387 388
f 389 385 224
f 305 370 306
f 390 156 169
f 293 391 377
f 392 329 328
f 393 223 114
f 385 20 201
f 392 394 329
f 395 396 154
f 395 154 292
f 397 264 265
f 397 265 398
f 397 399 264
f 400 147 100
f 284 401 285
f 402 390 169
f 348 402 169
f 403 381 223
f 404 405 395
f 406 407 408
f 409 410 284
f 184 391 293
f 411 224 412
f 411 389 224
f 413 404 395
f 256 143 333
f 414 283 303
f 415 51 416
f 417 411 412
f 418 419 420
f 421 422 367
f 421 367 366
f 423 424 425
f 426 427 428
f 411 385 389
f 429 391 184
f 430 431 432
f 433 434 435
f 338 330 321
f 270 436 227
f 437 438 439
f 338 440 330
f 429 184 332
f 346 416 51
f 336 395 292
f 412 441 281
f 442 96 237
f 375 229 230
f 413 395 336
f 443 341 349
f 444 291 334
f 445 446 336
f 447 5 448
f 445 336 331
f 449 442 237
f 450 324 451
f 452 453 454
f 455 412 281
f 456 457 458
f 459 413 336
f 460 461 360
f 462 463 464
f 447 465 142
f 390 466 156
f 467 468 469
f 470 471 446
f 472 473 283
f 470 446 445
f 474 475 476
f 477 478 479
f 480 444 334
f 481 331 354
f 335 53 384
f 480 334 350
f 470 445 331
f 482 483 484
f 482 485 483
f 337 365 109
f 332 391 429
f 486 487 488
f 447 142 5
f 410 481 401
f 489 360 362
f 455 417 412
f 410 401 284
f 490 491 492
f 481 470 331
f 493 350 494
f 495 489 362
f 455 281 97
f 496 497 394
f 450 338 324
f 498 481 410
f 498 499 481
f 375 230 190
f 500 415 416
f 337 255 254
f 501 502 503
f 504 505 506
f 392 496 394
f 477 450 478
f 332 507 391
f 508 509 510
f 511 472 283
f 511 283 414
f 337 254 36
f 383 100 141
f 376 326 210
f 403 332 381
f 512 410 409
f 512 498 410
f 513 449 237
f 513 237 382
f 427 392 328
f 514 515 516
f 517 518 519
f 520 521 522
f 523 384 524
f 525 526 527
f 528 512 409
f 403 507 332
f 529 530 531
f 442 532 96
f 529 533 530
f 534 528 409
f 348 347 364
f 513 382 535
f 448 5 335
f 536 537 538
f 539 533 529
f 452 540 453
f 541 542 543
f 544 545 546
f 547 477 398
f 404 413 459
f 548 473 472
f 549 550 551
f 552 447 448
f 507 553 554
f 555 556 557
f 558 507 554
f 558 559 507
f 471 470 481
f 499 559 558
f 499 558 471
f 477 560 450
f 443 561 341
f 532 442 449
f 383 156 466
f 499 471 481
f 562 338 450
f 562 450 560
f 563 562 560
f 563 560 477
f 564 480 350
f 565 499 498
f 565 559 499
f 460 360 489
f 566 498 512
f 567 482 484
f 568 566 512
f 493 564 350
f 569 563 477
f 565 498 566
f 568 512 528
f 400 100 570
f 571 572 448
f 559 566 568
f 559 565 566
f 568 528 534
f 335 384 523
f 573 568 534
f 359 370 305
f 573 534 574
f 575 489 495
f 337 20 385
f 547 569 477
f 392 576 496
f 577 533 539
f 577 574 533
f 578 579 580
f 559 568 573
f 348 466 390
f 562 577 440
f 562 440 338
f 577 559 573
f 577 573 574
f 577 581 559
f 348 390 402
f 582 583 584
f 585 466 348
f 586 577 562
f 586 581 577
f 376 587 326
f 480 291 444
f 417 337 385
f 588 589 392
f 417 385 411
f 590 591 562
f 592 562 563
f 586 562 591
f 588 392 427
f 586 591 590
f 590 581 586
f 592 563 569
f 592 593 581
f 594 595 596
f 597 569 547
f 561 598 341
f 597 592 569
f 597 547 593
f 593 592 597
f 599 588 427
f 600 427 426
f 600 599 427
f 601 602 603
f 604 605 606
f 607 461 460
f 608 609 610
f 589 576 392
f 589 611 576
f 612 613 614
f 615 616 617
f 607 460 489
f 548 615 617
f 575 607 489
f 455 618 417
f 619 335 523
f 620 621 622
f 570 100 383
f 623 587 376
f 372 624 373
f 625 365 337
f 626 532 449
f 370 627 371
f 628 629 630
f 631 599 600
f 632 633 634
f 626 449 513
f 635 636 500
f 635 500 416
f 572 552 448
f 637 638 532
f 639 626 513
f 640 641 642
f 643 640 642
f 585 570 383
f 644 625 337
f 645 646 291
f 647 648 649
f 650 561 443
f 651 645 291
f 652 653 654
f 291 480 564
f 655 532 626
f 655 637 532
f 552 572 571
f 656 655 626
f 651 291 564
f 635 657 636
f 658 461 607
f 659 651 564
f 383 466 585
f 660 607 575
f 660 658 607
f 611 659 564
f 656 626 639
f 619 448 335
f 644 337 417
f 661 659 611
f 662 663 664
f 661 611 589
f 661 589 588
f 665 661 588
f 7 370 359
f 666 661 665
f 665 588 599
f 455 97 375
f 667 665 599
f 552 465 447
f 668 669 638
f 670 671 672
f 673 599 631
f 674 675 676
f 677 585 348
f 678 623 376
f 679 680 681
f 682 683 616
f 682 616 615
f 684 448 619
f 685 682 615
f 684 571 448
f 685 615 548
f 682 686 683
f 687 677 348
f 687 348 291
f 585 677 687
f 646 687 291
f 688 689 690
f 691 359 365
f 691 365 625
f 644 417 618
f 692 687 646
f 2 693 465
f 694 692 646
f 694 646 645
f 695 669 668
f 696 644 618
f 697 692 694
f 698 685 548
f 637 668 638
f 696 618 455
f 697 585 687
f 699 700 701
f 702 698 548
f 702 548 472
f 693 202 465
f 703 663 662
f 704 697 694
f 704 694 645
f 692 697 687
f 704 645 651
f 705 651 659
f 705 704 651
f 691 12 359
f 706 668 637
f 706 695 668
f 707 644 696
f 697 704 705
f 708 659 661
f 708 705 659
f 709 706 637
f 709 637 655
f 710 708 661
f 711 710 661
f 666 711 661
f 707 625 644
f 712 713 714
f 715 710 666
f 715 666 665
f 716 717 718
f 719 656 639
f 720 709 655
f 721 665 667
f 14 678 376
f 722 686 682
f 723 721 667
f 723 667 724
f 725 719 639
f 720 655 656
f 722 682 685
f 726 722 685
f 726 685 698
f 2 465 552
f 727 728 729
f 730 731 732
f 173 693 2
f 733 734 735
f 719 720 656
f 705 736 697
f 737 708 710
f 142 371 627
f 738 705 708
f 738 736 705
f 738 708 737
f 739 625 707
f 721 710 715
f 740 688 690
f 721 737 710
f 723 741 721
f 742 658 660
f 737 736 738
f 737 743 736
f 698 744 726
f 745 746 747
f 748 749 750
f 751 2 552
f 752 571 684
f 753 696 455
f 752 552 571
f 737 721 741
f 754 755 756
f 757 758 759
f 760 761 762
f 763 733 735
f 764 744 698
f 765 741 723
f 766 722 726
f 767 768 769
f 739 691 625
f 770 771 772
f 773 774 775
f 764 698 702
f 743 737 741
f 776 764 777
f 778 765 723
f 779 763 780
f 781 782 783
f 778 723 784
f 785 669 695
f 786 787 788
f 766 789 722
f 790 791 792
f 793 794 795
f 796 790 792
f 741 765 778
f 766 726 797
f 12 7 359
f 798 764 776
f 767 780 799
f 767 800 768
f 801 785 695
f 802 751 552
f 803 767 769
f 804 805 741
f 6 627 370
f 6 370 7
f 802 552 752
f 798 797 744
f 798 744 764
f 804 741 778
f 806 807 808
f 809 810 811
f 812 813 814
f 815 766 797
f 151 707 696
f 789 816 817
f 818 695 706
f 818 801 695
f 766 816 789
f 14 819 678
f 815 816 766
f 99 23 707
f 820 798 776
f 3 2 751
f 821 797 798
f 15 14 376
f 815 822 816
f 115 802 752
f 821 798 820
f 823 15 376
f 785 115 752
f 824 815 797
f 825 709 720
f 58 822 815
f 58 826 822
f 14 39 819
f 825 706 709
f 827 815 824
f 825 818 706
f 824 797 821
f 58 815 827
f 828 824 821
f 13 12 691
f 829 720 719
f 829 825 720
f 4 751 802
f 829 719 725
f 63 830 824
f 828 821 820
f 828 63 824
f 823 376 831
f 830 827 824
f 776 828 820
f 115 4 802
f 3 751 4
f 832 15 823
f 830 58 827
f 99 707 151
f 833 834 835
f 139 785 801
f 23 739 707
f 836 828 776
f 63 828 836
f 837 829 725
f 151 696 753
f 139 801 818
f 779 733 763
f 56 44 829
f 838 58 830
f 56 829 837
f 839 776 840
f 839 836 776
f 841 842 843
f 844 845 846
f 31 779 780
f 847 848 849
f 838 830 63
f 836 839 840
f 840 63 836
f 208 779 31
f 850 851 852
f 37 306 812
f 202 693 173
f 32 767 803
f 59 58 838
f 853 32 803
f 854 855 856
f 857 858 859
f 31 780 767
f 31 767 32
f 127 115 785
f 127 785 139
f 53 7 12
f 47 860 861
f 862 863 864
f 54 4 115
f 47 861 48
f 170 306 37
f 865 866 867
f 868 869 870
f 6 142 627
f 13 691 739
f 26 825 829
f 26 25 825
f 19 871 826
f 58 19 826
f 44 26 829
f 59 838 63
f 25 139 818
f 25 818 825
f 18 826 871
f 18 871 19
f 77 872 75
f 13 739 23
f 33 139 25
f 306 813 812
f 306 371 813
f 209 208 31
f 22 13 23
f 873 874 875
f 876 877 878
f 876 878 879
f 876 879 880
f 874 876 880
f 881 876 874
f 882 874 873
f 883 884 885
f 881 877 876
f 881 886 877
f 887 874 882
f 888 889 890
f 891 886 881
f 892 881 874
f 891 873 893
f 891 882 873
f 894 886 891
f 893 894 891
f 895 896 897
f 898 899 900
f 901 886 894
f 896 902 897
f 903 904 905
f 906 894 893
f 897 907 908
f 897 902 907
f 906 909 894
f 910 905 904
f 911 912 913
f 914 915 916
f 904 917 910
f 917 918 919
f 917 904 918
f 920 921 914
f 917 919 922
f 923 924 925
f 926 922 927
f 926 917 922
f 928 926 927
f 929 921 920
f 928 930 931
f 930 928 927
f 930 927 932
f 933 934 935
f 935 933 936
f 932 937 931
f 932 931 930
f 937 932 938
f 916 920 914
f 939 937 938
f 929 920 916
f 940 941 939
f 929 916 942
f 940 939 938
f 943 944 945
f 946 947 941
f 946 941 940
f 948 943 945
f 949 948 945
f 950 951 952
f 953 942 954
f 953 929 942
f 955 956 957
f 958 959 944
f 958 944 943
f 946 960 947
f 958 943 948
f 953 958 948
f 953 948 949
f 946 961 960
f 962 963 959
f 962 959 958
f 962 964 963
f 965 962 958
f 966 961 946
f 967 962 965
f 967 964 962
f 967 968 964
f 969 970 971
f 972 967 958
f 972 968 967
f 973 972 958
f 973 958 953
f 973 968 972
f 973 953 968
f 974 975 961
f 976 974 961
f 976 961 966
f 977 975 974
f 977 974 978
f 879 878 977
f 880 879 977
f 880 977 978
f 874 880 875
f 979 980 981
f 982 983 984
f 985 986 987
f 988 989 990
f 991 992 993
f 994 995 992
f 996 997 998
f 999 1000 1001
f 1002 996 998
f 1003 988 990
f 1004 1005 1006
f 1007 1008 1009
f 1010 1005 1004
f 1011 1012 1013
f 1010 1014 1005
f 1015 1016 1017
f 1018 1010 1004
f 1019 1020 1021
f 1022 1004 1023
f 1022 1023 1024
f 1025 1018 1004
f 1026 1027 1028
f 1025 1004 1022
f 1025 1022 1024
f 1029 1010 1018
f 1030 1031 1032
f 1033 1025 1024
f 1034 1035 1036
f 1037 1038 1039
f 1040 1041 1042
f 1043 1044 1045
f 1046 1047 1048
f 1049 1050 1051
f 1052 1053 1054
f 1046 1048 1055
f 1056 1049 1051
f 1056 1050 1049
f 1057 1058 1059
f 1060 1061 1062
f 1063 1064 1065
f 1066 1067 1068
f 1069 1070 1071
f 1072 1067 1066
f 1073 1074 1075
f 1076 1077 1078
f 1079 1080 1081
f 1082 1083 1084
f 1085 1079 1086
f 1073 1075 1087
f 1088 1079 1085
f 1089 1090 1091
f 1092 1093 1094
f 1095 1096 1097
f 1098 1099 1100
f 1101 1102 1103
f 1104 1089 1091
f 1105 1106 1107
f 1108 1109 1110
f 1111 1112 1113
f 1114 1092 1094
f 1115 1116 1117
f 1118 1119 1120
f 1121 1122 1123
f 1124 1125 1126
f 1124 1126 1108
f 1127 1128 1129
f 1130 1131 1132
f 1133 1134 1135
f 1136 1137 1138
f 1139 1140 1141
f 1139 1142 1140
f 1143 1144 1145
f 1124 1108 1110
f 1146 1147 1148
f 1146 1135 1149
f 1146 1133 1135
f 1150 1130 1132
f 1151 1152 1153
f 1154 1121 1123
f 1155 1156 1157
f 1158 1159 1160
f 1161 1162 1163
f 1164 1143 1145
f 1165 1166 1167
f 1168 1169 1170
f 1171 1172 1173
f 1174 1150 1132
f 1175 1120 1176
f 1177 1178 1179
f 1180 1181 1182
f 1183 1184 1185
f 1186 1146 1148
f 1158 1160 1187
f 1188 1181 1180
f 1189 1133 1146
f 1189 1146 1186
f 1189 1190 1133
f 1191 1192 1193
f 1194 1189 1186
f 1195 1196 1197
f 1190 1189 1198
f 1199 1200 1201
f 1202 1158 1187
f 1203 1204 1205
f 1206 1207 1208
f 1209 1190 1198
f 1210 1211 1212
f 1213 1214 1215
f 1213 1216 1214
f 1217 1218 1219
f 1220 1191 1193
f 1221 1222 1223
f 1224 1225 1226
f 1227 1228 1229
f 1230 1231 1232
f 1233 1234 1235
f 1236 1221 1223
f 1237 1238 1239
f 1240 1221 1236
f 1240 995 1221
f 1241 1242 1243
f 992 1236 993
f 992 1240 1236
f 995 1240 992
f 1244 1245 1246
f 1247 1248 1249
f 1250 1251 1252
f 1248 1247 1253
f 1254 1255 1256
f 1257 1258 1255
f 1257 1255 1254
f 1259 1254 1260
f 1259 1257 1254
f 1259 1258 1257
f 1261 1262 1263
f 1264 1259 1260
f 1265 1259 1264
f 1265 1264 1260
f 1265 1258 1259
f 1266 1267 1268
f 1269 1270 1271
f 1272 1265 1260
f 1273 1269 1271
f 1274 1269 1273
f 1275 1272 1276
f 1274 1273 1277
f 1272 1275 1278
f 1279 1280 1281
f 1282 1283 1284
f 547 1285 593
f 1286 1287 1288
f 1286 1288 1289
f 1290 1291 1292
f 1293 1286 1289
f 1293 1289 1294
f 1295 1292 1296
f 1295 1290 1292
f 1297 1293 1294
f 1297 1294 1298
f 1299 1295 1296
f 1300 1297 1298
f 1301 547 398
f 1299 1296 1302
f 1301 1298 547
f 1301 1300 1298
f 1301 398 265
f 1303 1302 1304
f 1303 1299 1302
f 1303 1304 1305
f 1306 265 113
f 1306 1301 265
f 1307 1303 1305
f 1308 113 70
f 1308 1306 113
f 1307 1305 1309
f 69 1308 70
f 1310 1307 1309
f 1310 1309 1311
f 1312 69 74
f 1313 74 346
f 1313 1312 74
f 1314 1315 1316
f 1288 1315 1314
f 1317 1310 1311
f 1317 1311 1318
f 1319 346 126
f 1319 1313 346
f 1317 1318 1315
f 1319 126 151
f 1320 1319 151
f 1287 1317 1315
f 1287 1315 1288
f 547 1298 1285
f 1321 1322 1323
f 1324 1321 1323
f 1325 1324 1326
f 1290 1326 1327
f 1290 1325 1326
f 1290 1327 1291
f 1328 1329 1330
f 1329 1331 1330
f 1332 1333 1200
f 1328 1330 1334
f 1332 1200 1335
f 1336 1328 1334
f 1337 1338 1339
f 1336 1334 1340
f 1341 1336 1342
f 1336 1340 1342
f 1338 1343 1071
f 1332 1335 1084
f 1339 1338 1071
f 1344 1332 1084
f 1345 1341 1176
f 1341 1342 1176
f 1344 1084 1083
f 1346 1345 1176
f 1343 1347 1071
f 1346 1176 1120
f 1348 1344 1083
f 1071 1347 1069
f 1347 1349 1350
f 1069 1347 1350
f 1349 1346 1119
f 1346 1120 1119
f 1329 1348 1351
f 1350 1349 1119
f 1348 1083 1351
f 1352 1019 1353
f 1019 1021 1353
f 1329 1351 1354
f 1329 1354 1331
f 1333 1355 1201
f 1355 1352 1201
f 1352 1353 1201
f 1333 1201 1200
f 1356 1357 1358
f 1359 1360 1361
f 1359 1362 1360
f 1363 1364 1365
f 1366 1367 1368
f 1366 1369 1367
f 1370 1371 1372
f 1370 1373 1371
f 1359 1374 1362
f 142 1375 1376
f 142 465 1375
f 1377 1378 1379
f 1380 1363 1365
f 1381 1382 1373
f 1383 1382 1381
f 1380 1365 1384
f 1385 1380 1384
f 1359 1386 1374
f 1387 1356 1388
f 1385 1384 1389
f 1390 1382 1383
f 1390 1383 1391
f 1359 1392 1386
f 1393 1389 1394
f 1393 1385 1389
f 1379 1382 1390
f 1395 1393 1394
f 1395 1394 1396
f 1397 1377 1379
f 1359 1388 1392
f 1387 1388 1359
f 1397 1267 1377
f 1398 1395 1396
f 1398 1396 1399
f 1400 1267 1397
f 1400 1266 1268
f 1400 1268 1267
f 1398 1399 1401
f 1372 1402 1403
f 1404 1372 1403
f 1405 202 1266
f 1405 1266 1400
f 1398 1401 1406
f 1407 1398 1406
f 1407 1408 1398
f 371 142 1376
f 1357 1409 1410
f 1411 1408 1407
f 1412 1413 1409
f 1412 1409 1357
f 1414 1413 1412
f 1357 1410 1358
f 1415 1404 1416
f 1415 1416 1368
f 1417 202 1405
f 1407 1418 1411
f 1419 202 1417
f 1420 1421 1413
f 1422 1390 1423
f 371 1376 1424
f 1425 202 1419
f 1426 1421 1420
f 1427 1415 1368
f 813 371 1424
f 1426 1428 1421
f 1422 1423 1361
f 1367 1427 1368
f 465 202 1425
f 1429 1418 1407
f 1429 1424 1418
f 1375 465 1425
f 400 1430 147
f 400 1407 1431
f 400 1431 1430
f 814 813 1424
f 814 1424 1429
f 1429 1407 400
f 1430 1369 147
f 1415 1372 1404
f 1361 1360 1422
f 1391 1423 1390
f 1358 1388 1356
f 1363 1428 1364
f 1432 1079 1433
f 1434 1079 1432
f 1435 1434 1432
f 1436 1434 1435
f 1436 1435 1432
f 1437 1438 1434
f 1437 1434 1436
f 1439 1438 1437
f 1439 1440 1438
f 1441 1440 1439
f 1442 1441 1439
f 1443 1441 1442
f 1444 1445 1446
f 1447 1448 964
f 1449 1447 964
f 1449 964 968
f 1450 1443 1442
f 1451 1447 1449
f 1452 1449 968
f 1450 1453 1443
f 1451 1449 1452
f 1454 1451 1452
f 1455 1456 1454
f 1450 1457 1453
f 1455 1454 1452
f 1455 1452 968
f 1455 968 1456
f 1458 1459 1460
f 1461 1457 1450
f 1462 1457 1461
f 1463 1171 1462
f 1461 1463 1462
f 1464 1463 1461
f 1172 1171 1463
f 1465 1454 1466
f 1465 1451 1454
f 1459 1467 1468
f 1468 1459 1460
f 1463 1464 1469
f 1470 1471 1472
f 1451 1473 1448
f 1451 1448 1447
f 1172 1463 1469
f 1172 1469 1474
f 1475 1476 1477
f 1172 1474 1478
f 1451 1479 1473
f 1480 1478 1481
f 1480 1064 1478
f 1482 1451 1465
f 1482 1465 1466
f 1482 1466 1483
f 1065 1064 1480
f 1065 1484 1485
f 1486 1487 1485
f 1486 1485 1484
f 1488 1479 1451
f 1486 1489 1487
f 1490 1491 1492
f 1489 1493 1487
f 1494 1495 1479
f 1488 1496 1497
f 1498 1499 1493
f 1498 1493 1489
f 1500 1501 1502
f 1503 1488 1497
f 1504 1505 1506
f 1507 1479 1488
f 1508 1494 1479
f 1508 1509 1494
f 1510 1479 1507
f 1510 1508 1479
f 1488 1503 1507
f 1511 1512 1513
f 1509 1508 1510
f 1514 1515 1509
f 1514 1509 1510
f 1514 1510 1507
f 1516 1514 1507
f 1517 1515 1518
f 1519 1520 1521
f 1522 1523 1524
f 1525 1088 1509
f 1525 1509 1515
f 1526 1525 1515
f 1526 1515 1517
f 1088 1525 1526
f 1527 1433 1088
f 1527 1088 1526
f 1079 1088 1433
f 1434 1080 1079
f 1528 1529 1530
f 1531 1532 1529
f 1531 1529 1528
f 1533 1534 1535
f 1536 1537 1538
f 1537 1539 1540
f 1538 1537 1540
f 1541 1542 1543
f 1544 1545 1546
f 1545 1543 1546
f 1544 1546 1547
f 1548 1544 1547
f 1548 1547 1549
f 1550 1551 1552
f 1553 1554 1555
f 1556 1557 1558
f 1556 1558 1534
f 1559 1560 1561
f 1562 1563 1564
f 1565 1566 1567
f 1565 1567 1568
f 1565 1568 1569
f 1570 1571 1572
f 1570 1572 1573
f 1574 1575 1576
f 1575 1577 1576
f 1578 1579 1580
f 1579 1581 1580
f 1578 1580 1582
f 1583 1584 1585
f 1586 1587 1588
f 1583 1585 1589
f 1590 1591 1592
f 1593 1590 1592
f 1594 1590 1593
f 1594 1593 1595
f 1596 1256 1255
f 1596 1255 1258
f 1272 1597 1258
f 1272 1258 1265
f 1598 1599 1278
f 1598 1278 1600
f 1601 1602 1603
f 1604 1601 1603
f 1605 1606 1607
f 1608 1609 1610
f 1610 1611 1608
f 1608 1611 1612
f 1613 1614 1615
f 1616 1617 1618
f 1619 1620 1621
f 1622 1623 1624
f 1625 1626 1627
f 1628 1402 1371
f 1629 1630 1631
f 1629 1632 1630
f 1633 1634 1635
f 1636 1637 1638
f 1639 1640 1641
f 1639 1641 1642
f 1643 1644 1645
f 1646 1647 1648
f 1649 1650 1651
f 1652 1653 1654
f 1655 1656 1657
f 1658 1659 1660
f 1661 1662 1663
f 1664 1665 1666
f 1667 1620 1619
f 102 1663 1650
f 1668 1649 1669
f 1670 1671 1672
f 1673 1674 1675
f 1676 1677 1678
f 1679 1665 1664
f 1680 1681 1682
f 1683 1684 1685
f 1686 1687 1626
f 1656 1688 1689
f 1690 1683 1691
f 1667 1619 1692
f 1690 1691 1693
f 101 1694 1695
f 1696 1667 1692
f 1697 1698 1699
f 1700 1697 1699
f 1701 1702 1703
f 1700 1699 1327
f 1655 1704 1705
f 1706 1707 1708
f 1709 1636 1638
f 1709 1638 1710
f 1711 1712 1683
f 1713 1668 1651
f 1714 1692 1687
f 1715 1716 1637
f 1711 1683 1690
f 1717 1625 1627
f 1718 1719 1720
f 1382 1379 1378
f 1721 1722 1723
f 1714 1687 1686
f 1724 1725 1707
f 1726 1727 1728
f 1729 1727 1726
f 1655 1657 1704
f 1730 1713 1651
f 1731 1706 1732
f 1730 1651 1733
f 1729 1726 1728
f 1686 1626 1625
f 1734 1700 1327
f 1735 1721 1723
f 1730 1733 1736
f 1737 1738 1739
f 102 1695 1661
f 1740 1741 1742
f 1402 1372 1371
f 1326 1734 1327
f 1743 1721 1735
f 1744 1731 1732
f 1745 1746 1747
f 1730 1736 1748
f 1744 1732 1749
f 1744 1749 1750
f 1751 1730 1748
f 1752 1753 1754
f 1751 1748 1620
f 1755 1727 1729
f 1668 1650 1649
f 1756 1636 1709
f 1757 1758 1632
f 1759 1746 1745
f 1416 1404 1760
f 101 1695 102
f 1761 1756 1709
f 1762 1757 1632
f 1763 1668 1713
f 1757 1764 1758
f 1765 1759 1745
f 1761 1709 1710
f 1766 1767 1768
f 1769 1744 1770
f 1771 1667 1696
f 1762 1632 1629
f 102 1661 1663
f 1772 1744 1769
f 1772 1707 1744
f 1761 1773 1636
f 1761 1636 1756
f 1774 1696 1692
f 1775 1692 1714
f 1304 1757 1762
f 1763 1713 1730
f 1776 1775 1714
f 1777 1778 1779
f 1780 1781 1782
f 1783 1769 1784
f 1785 1729 1728
f 1786 1686 1625
f 1787 1788 1789
f 1790 1766 1768
f 1790 1791 1766
f 1792 1655 1705
f 1793 1382 1727
f 1794 1763 1730
f 1772 1769 1783
f 1697 1795 1698
f 1796 1766 1791
f 1797 1786 1625
f 1798 1631 1305
f 1798 1629 1631
f 1799 1800 1801
f 1802 1794 1730
f 1803 1688 1656
f 1751 1802 1730
f 1804 1792 1705
f 1805 1783 1806
f 1807 1808 1809
f 1810 1811 1790
f 1304 1629 1798
f 1812 1813 1814
f 1791 1790 1811
f 1815 1785 1728
f 1815 1816 1817
f 1818 1677 1676
f 1819 1791 1811
f 1820 1655 1792
f 1751 1620 1667
f 1821 1751 1667
f 1803 1404 1688
f 1821 1667 1771
f 1822 1705 1823
f 1824 1822 1823
f 1305 1304 1798
f 1825 1826 1827
f 1828 1811 1810
f 1829 1830 1831
f 1829 1831 1832
f 1828 1819 1811
f 1650 157 102
f 1833 1793 1727
f 1833 1727 1755
f 1834 1824 1823
f 1835 1711 1690
f 1836 1837 1838
f 1785 1839 1729
f 1840 1702 1701
f 1841 1725 1724
f 1842 1790 1843
f 1844 1834 1823
f 1842 1845 1790
f 1846 1847 1848
f 1849 1850 1851
f 1852 1767 1766
f 1853 1842 1843
f 1854 1855 1856
f 1857 1858 1859
f 1697 1700 1734
f 1845 1810 1790
f 1725 1860 1628
f 1861 1810 1845
f 1786 1714 1686
f 1786 1776 1714
f 1707 1706 1731
f 1862 1845 1842
f 1863 1786 1797
f 1853 1862 1842
f 1650 166 157
f 1864 1865 1656
f 1866 1773 1761
f 1866 1867 1773
f 1868 1802 1751
f 1868 1751 1821
f 1869 1795 1697
f 1707 1731 1744
f 1868 1821 1771
f 1870 1871 1872
f 1843 1862 1853
f 1873 1833 1755
f 1655 1864 1656
f 1865 1803 1656
f 1874 1822 1824
f 166 1650 1668
f 1729 1873 1755
f 1794 1668 1763
f 1875 1776 1786
f 1876 1874 1824
f 1877 1878 1879
f 1880 1881 1882
f 1883 1707 1772
f 1884 1885 1886
f 1887 1888 1889
f 1890 1891 1892
f 1893 1894 1895
f 1896 1864 1655
f 1794 167 166
f 1794 166 1668
f 1897 1883 1772
f 1868 1794 1802
f 1898 1844 1823
f 1899 1900 1901
f 1902 1903 1843
f 1904 1843 1903
f 1304 1905 1757
f 1869 1906 1795
f 1907 1793 1833
f 1304 1762 1629
f 1820 1896 1655
f 1908 193 1830
f 1805 1897 1772
f 1909 1796 1791
f 1910 167 1794
f 1909 1911 1796
f 1910 1794 1868
f 1805 1772 1783
f 1912 1902 1843
f 1913 1830 1829
f 1897 1914 1883
f 1913 1908 1830
f 1915 1913 1829
f 1916 1917 1918
f 1919 1904 1903
f 1920 1910 1868
f 1860 1725 1841
f 1921 1903 1902
f 1912 1843 1316
f 1922 1697 1734
f 1915 1923 1776
f 1909 1791 1819
f 1875 1915 1776
f 1924 1925 1926
f 1927 1903 1921
f 1908 194 193
f 1928 1852 1766
f 1929 1805 1930
f 1931 1819 1828
f 1912 1921 1902
f 1932 1820 1792
f 1933 1792 1804
f 1934 1897 1805
f 1935 1936 1937
f 1938 1939 1940
f 1913 194 1908
f 1922 1734 1326
f 1922 1326 1941
f 1942 1943 1944
f 1945 1946 1947
f 1915 194 1913
f 1942 1929 1930
f 1948 1921 1912
f 1948 1912 1949
f 1915 1875 1950
f 1950 194 1915
f 1951 194 1950
f 1952 1953 1954
f 1955 1944 1956
f 1955 1942 1944
f 1957 1828 1810
f 1934 1805 1929
f 1896 1820 1932
f 1958 1959 1867
f 1958 228 1959
f 1958 1867 1866
f 1958 235 228
f 1960 1766 1796
f 1960 1928 1766
f 1961 235 1958
f 1961 1958 1866
f 1962 1822 1874
f 1963 1964 1965
f 1966 1810 1861
f 1934 1929 1942
f 1966 1957 1810
f 1967 1873 1968
f 1962 1874 1876
f 1969 1839 1785
f 1970 1845 1862
f 1967 1833 1873
f 1869 1697 1922
f 1969 1785 1815
f 1971 1967 1968
f 1854 1856 1972
f 1973 1962 1876
f 1974 1796 1975
f 1974 1960 1796
f 1976 1977 1978
f 1979 1854 1972
f 1974 1911 1909
f 1980 1981 1862
f 1982 1962 1973
f 1980 1862 1843
f 1983 1980 1843
f 1949 1912 1316
f 1984 1985 1986
f 1949 1316 1315
f 1987 1988 1989
f 1990 1974 1909
f 1991 1992 1993
f 1979 1994 1854
f 1995 1969 1815
f 1860 1402 1628
f 1996 1962 1982
f 1997 1998 1999
f 1828 2000 1931
f 2001 1986 1985
f 2001 1984 1986
f 1995 1815 1817
f 2002 2003 2004
f 2005 1869 2006
f 2007 1957 1966
f 1914 1707 1883
f 1904 2008 1843
f 2009 1978 1977
f 2010 1970 1862
f 1907 1833 1967
f 2011 1981 1980
f 2011 2012 1981
f 2013 1852 1928
f 1366 1368 2014
f 2013 1995 1852
f 2015 2016 2017
f 2018 1996 2019
f 1983 2011 1980
f 2020 2018 1906
f 2021 1905 1304
f 2022 1839 1969
f 2023 1906 1869
f 2023 2020 1906
f 2024 2025 2026
f 1914 1897 1934
f 2027 2005 2006
f 2028 1724 1707
f 2028 1841 1724
f 2029 2030 2031
f 1315 1927 1921
f 1315 1921 1948
f 1315 1948 1949
f 2032 1907 1839
f 2033 1969 1995
f 2033 2022 1969
f 2034 2035 1382
f 2036 2027 2006
f 1904 2037 2008
f 2038 1860 1841
f 1996 2039 1962
f 1990 1960 1974
f 2040 2020 2023
f 2018 2039 1996
f 2041 2040 2023
f 2042 2041 2023
f 2000 2043 1931
f 2036 2006 1869
f 2044 1942 1955
f 2028 1707 1914
f 1371 1373 1382
f 2018 2045 2039
f 2046 2047 2048
f 2049 2050 2051
f 2052 2053 2054
f 2005 2027 2036
f 2040 2045 2018
f 2034 1382 1793
f 1994 2044 1955
f 2020 2040 2018
f 2055 2056 2057
f 1324 2036 1869
f 2058 2059 2060
f 1324 1869 1922
f 2061 2040 2041
f 2013 2033 1995
f 1302 2021 1304
f 2040 2062 2045
f 2042 2023 2005
f 2063 2064 2065
f 2066 2040 2061
f 1403 1402 1860
f 2067 2033 2013
f 2068 2069 2070
f 2071 2072 2073
f 2074 2075 2076
f 2074 2076 2077
f 2078 2040 2066
f 2042 2061 2041
f 2079 2013 1928
f 2079 2067 2013
f 2080 2005 2036
f 2081 2079 1928
f 2081 1928 1960
f 2082 2083 2084
f 2085 2022 2033
f 2086 2087 2088
f 2089 2067 2079
f 1934 1942 2044
f 2090 1934 2044
f 2091 2092 2062
f 2093 2081 1960
f 2005 2061 2042
f 1979 2090 2044
f 1979 2044 1994
f 2078 2062 2040
f 2078 2091 2062
f 2094 2095 2096
f 2093 1960 1990
f 2097 2080 2036
f 1979 1972 2098
f 2099 1793 1907
f 2100 2061 2005
f 2097 2005 2080
f 2101 2078 2066
f 2102 2103 2104
f 2100 2005 2097
f 2105 2043 2000
f 2105 2106 2043
f 2105 2107 2106
f 2108 2101 2066
f 2109 2108 2066
f 2035 1371 1382
f 2109 2066 2061
f 2110 2032 1839
f 2036 2111 2097
f 2036 1324 1323
f 2112 2056 2055
f 2100 2109 2061
f 2111 2100 2097
f 2113 2112 2055
f 2114 2115 2116
f 2117 2118 2119
f 2120 2033 2067
f 2090 1914 1934
f 2120 2121 2033
f 2122 2123 2124
f 2125 2108 2109
f 2125 2109 2100
f 2113 2055 2126
f 2127 2028 1914
f 2128 1366 2014
f 2111 2036 1323
f 2129 2130 2131
f 2111 2125 2100
f 2132 2072 2071
f 2133 2134 2135
f 2136 2137 2138
f 1315 2139 1927
f 2140 2141 2142
f 2143 2091 2078
f 2144 2067 2089
f 2145 2146 2147
f 2148 2128 2149
f 2078 2101 2108
f 2085 1839 2022
f 2150 1292 2151
f 2152 2081 2093
f 2153 2078 2108
f 2154 2143 2078
f 2155 2153 2108
f 2156 2157 2158
f 2159 2160 2161
f 2125 2162 2163
f 2164 2107 2105
f 2165 2148 2149
f 2166 1904 2167
f 2166 2168 2037
f 2169 2154 2078
f 2166 2037 1904
f 2170 2168 2166
f 2171 2165 2149
f 2172 2173 2174
f 2153 2169 2078
f 2175 2176 2177
f 2120 2085 2121
f 2178 2038 1841
f 2162 2125 2111
f 2179 2180 2181
f 2182 2166 2167
f 2178 1841 2028
f 2183 2170 2166
f 2184 2162 2111
f 2182 2183 2166
f 2185 2186 2187
f 2140 2188 2141
f 2189 2190 2191
f 2192 2193 2194
f 2192 2194 2195
f 2196 2197 2198
f 2199 2200 2201
f 2202 2203 2204
f 2205 2206 2207
f 2208 2175 2177
f 2209 2177 2210
f 2211 2110 1839
f 2148 1662 2128
f 2212 2213 2214
f 2211 1839 2085
f 2215 2168 2170
f 2216 2217 2218
f 2219 2139 1315
f 2208 2176 2175
f 2220 2221 2222
f 2223 2224 2225
f 2127 1914 2090
f 2226 2227 2228
f 2212 2229 2213
f 2143 2154 2169
f 2230 2177 2209
f 2231 2232 2219
f 2233 2234 2235
f 2236 2237 2238
f 2239 2240 2237
f 2236 2239 2237
f 2239 2210 2240
f 2239 2209 2210
f 2241 2211 2085
f 2231 2219 1315
f 2242 2243 2151
f 2244 2229 2212
f 2245 2244 2212
f 2152 2246 2081
f 1292 2242 2151
f 2247 2188 2140
f 2248 2236 2238
f 2248 2238 2249
f 2250 2251 2249
f 2250 2249 2229
f 1366 147 1369
f 2252 1315 1318
f 2252 2231 1315
f 2252 1318 1311
f 2253 2085 2120
f 2253 2241 2085
f 2254 2252 1311
f 2183 2215 2170
f 2169 2255 2143
f 2242 2090 1979
f 2256 2107 2164
f 2256 2257 2107
f 2258 2259 2260
f 2261 1371 2035
f 2251 2248 2249
f 2244 2262 2229
f 2255 2212 2214
f 2263 2183 2182
f 2264 2263 2182
f 2265 1907 2032
f 2265 2032 2110
f 1689 1403 1860
f 1689 1860 2038
f 2165 1662 2148
f 2266 2267 2268
f 2269 2208 2177
f 2270 2236 2248
f 2271 2112 2113
f 2271 2272 2112
f 2232 2273 2274
f 2275 2248 2251
f 2034 2261 2035
f 2276 2169 2277
f 2276 2277 2162
f 2239 2236 2270
f 2278 2269 2177
f 2279 2193 2192
f 2280 2281 2282
f 2283 2099 1907
f 2284 2285 2286
f 2262 2251 2250
f 2262 2275 2251
f 2287 2276 2162
f 2288 2239 2270
f 2289 2290 2291
f 2292 2293 2294
f 2276 2255 2169
f 2295 2231 2252
f 2296 1689 2038
f 2297 2298 2299
f 2278 2177 2230
f 2127 2178 2028
f 2300 2246 2152
f 2254 2295 2252
f 2265 2110 2211
f 2301 2269 2278
f 2302 2265 2211
f 2212 2255 2276
f 2303 2304 2305
f 2306 2307 2308
f 2241 2302 2211
f 2270 2248 2275
f 2309 2127 2090
f 2034 1793 2099
f 2283 2034 2099
f 2287 2162 2184
f 2310 2311 2312
f 2313 2244 2245
f 2183 2314 2215
f 2315 2287 2184
f 2315 2184 2111
f 1309 2254 1311
f 1292 1302 1296
f 2316 2193 2279
f 2199 2201 2317
f 2276 2245 2212
f 2318 1907 2265
f 2319 2183 2263
f 2320 2319 2263
f 2321 2322 2323
f 2324 2209 2239
f 2178 2296 2038
f 2324 2325 2209
f 2302 2318 2265
f 2309 2178 2127
f 2326 2275 2262
f 2326 2262 2327
f 2315 2276 2287
f 2328 2327 2262
f 2315 2329 2276
f 2330 2165 2171
f 2331 2302 2241
f 2325 2230 2209
f 2332 2324 2239
f 2333 2334 2295
f 2333 2295 2254
f 2276 2313 2245
f 1657 2296 2178
f 2313 2276 2329
f 2335 2241 2253
f 2336 2337 2338
f 2332 2239 2288
f 2339 2283 1907
f 2340 2254 1309
f 2313 2341 2244
f 2319 2314 2183
f 2319 2342 2314
f 2343 2344 2246
f 2343 2246 2300
f 2328 2244 2341
f 2328 2262 2244
f 2345 2330 2171
f 2346 2347 2348
f 2309 2090 2242
f 2349 2288 2270
f 2350 2351 2352
f 2349 2332 2288
f 2353 2354 2355
f 2356 2349 2270
f 2357 2309 2242
f 2358 2331 2241
f 2359 2329 2315
f 2111 2359 2315
f 2360 1907 2318
f 2361 2341 2313
f 2361 2313 2329
f 2362 2363 2364
f 2356 2270 2275
f 2365 2350 2352
f 1651 2165 2330
f 1651 2330 2345
f 2366 2332 2349
f 2366 2349 2356
f 2356 2275 2326
f 2367 2356 2326
f 2368 2369 2370
f 2371 2273 2232
f 1662 1366 2128
f 2360 2339 1907
f 2359 2111 2372
f 2373 2371 2232
f 2374 2375 2376
f 2377 2361 2329
f 2378 2366 2356
f 2379 2272 2271
f 2380 2344 2343
f 2381 2382 2383
f 2345 2176 2208
f 1638 2384 2326
f 1708 2360 2318
f 2327 1638 2326
f 2385 2341 2361
f 2386 2383 2387
f 2301 2208 2269
f 2301 2345 2208
f 2388 2314 2342
f 2301 1651 2345
f 2385 2361 2377
f 2389 2377 2329
f 2390 2178 2309
f 2389 2359 2372
f 2389 2329 2359
f 2331 2318 2302
f 2391 2392 2304
f 2393 2394 2395
f 2391 2304 2303
f 2357 2242 1292
f 1638 2327 2328
f 1688 1403 1689
f 2396 2318 2331
f 1657 1689 2296
f 2397 2331 2358
f 1638 2328 2341
f 2398 2399 2400
f 2385 1638 2341
f 2401 2402 2403
f 101 147 1366
f 2404 2405 2406
f 2386 2381 2383
f 1694 101 1366
f 2407 2261 2034
f 2408 1693 2388
f 2396 2331 2397
f 2409 2410 2411
f 2412 1638 2385
f 2413 2385 2377
f 2414 2342 2319
f 2415 2278 2230
f 2415 2301 2278
f 2416 2414 2319
f 2416 2319 2417
f 2418 2413 2377
f 2419 2420 2421
f 2419 2412 2420
f 2422 2423 2424
f 2425 2426 2427
f 2325 2428 2230
f 2429 2241 2335
f 2430 2431 2432
f 2433 2301 2415
f 2434 2435 2436
f 1634 2437 2438
f 2439 2440 2441
f 1707 2034 2283
f 2442 2443 2444
f 1708 1707 2283
f 1291 2357 1292
f 2408 2342 2414
f 2408 2388 2342
f 2445 1634 2438
f 1708 2283 2339
f 2446 2447 2448
f 1621 2449 2450
f 2451 2340 1309
f 1621 2450 2452
f 2453 2454 2324
f 2453 2324 2332
f 2455 2456 2457
f 1708 2339 2360
f 1699 2390 2309
f 2458 2343 2459
f 2453 2332 2366
f 2458 2380 2343
f 1823 2390 1699
f 2460 2453 2366
f 1699 2309 2357
f 2461 2408 2414
f 1704 1657 2178
f 1704 2178 2390
f 1662 1694 1366
f 2460 2366 2378
f 1628 1371 2261
f 1664 2462 2463
f 2367 2378 2356
f 2464 2465 2466
f 2467 2468 2469
f 1635 1634 2445
f 1716 2384 1638
f 2367 2470 2378
f 1631 2471 2472
f 2473 2474 2475
f 2475 2474 2476
f 1637 1716 1638
f 1650 2165 1651
f 1693 1691 2388
f 2477 2392 2391
f 2478 1722 1693
f 1404 1403 1688
f 2478 1693 2408
f 1666 2462 1664
f 2479 2480 2481
f 1725 1628 2261
f 1706 1708 2318
f 1695 1694 1662
f 1706 2318 2396
f 2482 1638 2412
f 1656 1689 1657
f 1683 1685 1691
f 1650 1663 1662
f 1650 1662 2165
f 1749 1706 2396
f 1710 1638 2482
f 1723 1722 2478
f 1736 2301 2433
f 2412 2419 2413
f 1661 1695 1662
f 2483 2478 2408
f 2483 2408 1735
f 1725 2261 2407
f 1732 1706 1749
f 1327 1699 2357
f 1749 2396 2397
f 2484 2433 2485
f 1710 2482 2412
f 1710 2412 2413
f 1710 2413 2418
f 2486 2487 2488
f 2489 2414 2416
f 2490 2491 2492
f 1705 1704 2390
f 2493 2494 2495
f 2496 2497 2498
f 1621 1620 2449
f 2499 1749 2397
f 1327 2357 1291
f 1707 1725 2407
f 1823 1705 2390
f 1630 2500 2471
f 1630 2471 1631
f 1735 1723 2478
f 1733 1651 2301
f 1733 2301 1736
f 1735 2478 2483
f 1619 2454 2453
f 1750 1749 2499
f 1692 1619 2453
f 1633 2501 1634
f 1687 1692 2453
f 1687 2453 2460
f 1748 1736 2433
f 1748 2433 2484
f 1758 1764 2502
f 1687 2460 2378
f 2503 2504 2505
f 2506 2507 2508
f 2509 2510 2511
f 1626 1687 2378
f 1320 151 753
f 2512 753 455
f 2512 1320 753
f 2513 455 375
f 2513 2512 455
f 190 2513 375
f 2514 2515 2516
f 2517 2518 2519
f 2520 2521 2522
f 2523 2524 2525
f 2526 2527 2528
f 2529 2530 2531
f 2532 2533 2514
f 2534 2535 2530
f 2532 2536 2533
f 2532 2537 2536
f 2538 2537 2532
f 2539 2540 2541
f 2542 2543 2537
f 2544 2545 2546
f 2542 2537 2538
f 2547 2527 2526
f 2548 2549 2550
f 2551 2519 2545
f 2551 2545 2544
f 2542 2552 2543
f 2553 2552 2542
f 2554 2555 2556
f 2557 2558 2559
f 916 915 2560
f 2561 2529 2562
f 2553 2563 2564
f 2547 2565 2527
f 1456 2566 2563
f 1456 2567 2566
f 2530 2529 2561
f 2568 2565 2547
f 2569 2565 2568
f 2570 2541 2571
f 2570 2539 2541
f 2572 2573 2574
f 2572 2574 2575
f 2576 2577 2578
f 2561 2579 2580
f 2581 2582 2583
f 2584 2585 2586
f 2530 2561 2587
f 2588 2572 2575
f 946 2572 2588
f 2581 2589 2582
f 2590 2591 2592
f 1433 2534 2530
f 2581 2514 2589
f 2593 2594 2595
f 2596 2586 2597
f 2590 2528 2591
f 2584 2586 2596
f 2580 2587 2561
f 2598 946 2588
f 2599 2528 2590
f 946 2598 966
f 2600 2514 2581
f 2599 2526 2528
f 2580 2530 2587
f 2600 2532 2514
f 2601 2532 2600
f 2602 2603 2604
f 2605 2606 2607
f 2608 2526 2599
f 2609 2532 2610
f 2608 2547 2526
f 2609 2538 2532
f 2611 2598 2612
f 2613 2598 2611
f 2613 966 2598
f 2614 2542 2538
f 2615 2547 2608
f 2616 2617 2618
f 2619 2620 2621
f 2619 2622 2620
f 2615 2568 2547
f 2619 2623 2622
f 2624 1433 2530
f 1432 1433 2624
f 2625 2571 2626
f 2568 2627 2569
f 2628 916 2629
f 2630 2571 2625
f 2631 2632 2633
f 2634 2542 2614
f 2635 2636 2637
f 2638 2592 2591
f 2639 2619 2621
f 2612 2640 2611
f 2641 2592 2638
f 2613 2611 2640
f 2630 2625 2626
f 2642 2613 2640
f 2643 2630 2626
f 2641 2590 2592
f 2644 2553 2542
f 2644 2542 2634
f 2641 2599 2590
f 2645 2553 2644
f 2646 2647 2648
f 2649 2650 2651
f 2652 2601 2600
f 2653 2654 2655
f 2656 2657 2658
f 2659 2553 2645
f 2563 2553 2659
f 2660 2661 2662
f 2663 2608 2599
f 2664 2630 2643
f 2663 2599 2641
f 2665 2614 2666
f 2659 2645 2644
f 2667 2563 2659
f 1454 1456 2563
f 2668 2563 2667
f 2668 1454 2563
f 2669 2608 2663
f 2669 2615 2608
f 2642 2670 2613
f 2671 2615 2669
f 2672 2673 2674
f 2675 2583 2676
f 2677 2678 2679
f 2680 2651 2650
f 2681 2628 2629
f 2682 2683 2643
f 2675 2581 2583
f 2684 2651 2680
f 2685 2686 2683
f 2687 2688 2689
f 2690 2649 2651
f 2682 2643 2691
f 2690 2692 2649
f 2675 2600 2581
f 2682 2685 2683
f 2693 2685 2682
f 2694 2641 2638
f 2675 2652 2600
f 1442 2693 2682
f 1442 2682 2695
f 1442 2695 2696
f 1442 2696 1450
f 2609 2610 2697
f 2698 2665 2666
f 2699 2700 2701
f 2665 2634 2614
f 2702 2634 2665
f 2702 2644 2634
f 2703 2700 2699
f 2702 2659 2644
f 2703 2704 2700
f 2705 2706 2704
f 2707 2708 2709
f 2710 2711 2712
f 2713 2671 2669
f 2714 2715 2716
f 2717 2718 2719
f 2714 2720 2721
f 2722 2723 2724
f 916 954 942
f 2725 2638 2726
f 2705 2704 2703
f 2727 2675 2676
f 2727 2652 2675
f 2728 2729 2730
f 2731 2714 2716
f 2732 2733 2734
f 2727 2698 2666
f 2720 2714 2731
f 2735 2638 2725
f 2735 2694 2638
f 2736 873 875
f 2737 2665 2698
f 2738 2699 2701
f 2737 2702 2665
f 2739 2740 2741
f 2742 2703 2699
f 2743 2744 2745
f 1466 2668 2667
f 1466 1454 2746
f 1466 2667 2659
f 2747 2727 2676
f 2747 2676 2748
f 2735 2663 2641
f 2747 2698 2727
f 2749 2750 2751
f 2752 2703 2753
f 2754 2702 2737
f 2754 2659 2702
f 2752 2705 2703
f 1466 2659 2754
f 2755 2756 2757
f 2758 2759 2760
f 2761 2754 2762
f 2735 2669 2663
f 2763 2731 2716
f 2763 2716 2764
f 2765 2754 2761
f 2766 2669 2735
f 2767 2669 2766
f 2768 2754 2765
f 2767 2713 2669
f 2769 2738 2701
f 2770 2754 2768
f 2768 2765 2771
f 2772 2754 2770
f 2773 2774 2775
f 2776 2777 2778
f 2769 2753 2738
f 2779 2754 2772
f 2780 2628 2767
f 2781 2772 2770
f 916 2628 2780
f 2782 2754 2779
f 2783 2754 2782
f 2784 2782 2779
f 2785 2754 2783
f 2786 2783 2782
f 2764 2752 2753
f 2787 2783 2786
f 2787 2785 2783
f 2788 2754 2785
f 2788 2785 2787
f 1483 2754 2788
f 2789 2790 2791
f 1483 1466 2754
f 2763 2720 2731
f 2792 2762 2793
f 2794 2735 2725
f 2771 2761 2762
f 2771 2762 2792
f 2771 2765 2761
f 2795 2769 2701
f 2795 2753 2769
f 2796 2753 2795
f 2797 2735 2794
f 2796 2764 2753
f 2798 2764 2796
f 2799 2768 2771
f 2799 2770 2768
f 2797 2766 2735
f 2799 2781 2770
f 2798 2763 2764
f 2800 2763 2798
f 2797 2767 2766
f 2801 2802 2803
f 2804 2805 2806
f 2807 2781 2799
f 2807 2772 2781
f 2808 2809 2810
f 2811 2812 2813
f 2814 2779 2772
f 2815 2816 2817
f 2780 2767 2797
f 2818 2779 2814
f 2818 2784 2779
f 2819 2820 2821
f 2822 2786 2782
f 2822 2782 2823
f 2824 2701 2825
f 2780 954 916
f 2826 2725 2827
f 2828 2829 2830
f 2826 2794 2725
f 2831 2788 2787
f 2832 2793 2833
f 2826 2780 2797
f 2826 954 2780
f 2824 2795 2701
f 2832 2792 2793
f 2834 2826 2827
f 2832 2771 2792
f 2835 2826 2834
f 2836 2826 2835
f 2837 2838 2839
f 2840 2826 2836
f 2841 2842 2843
f 2844 2826 2840
f 2845 2826 2844
f 2846 2800 2798
f 2846 2798 2796
f 2847 2827 2848
f 2849 2799 2771
f 2847 2834 2827
f 2850 2825 2701
f 2850 2824 2825
f 2851 2824 2850
f 2852 2822 2823
f 2853 2824 2851
f 2854 2786 2855
f 2854 2787 2786
f 2856 2831 2787
f 2847 2835 2834
f 2857 2858 2859
f 2860 2861 2862
f 2853 2795 2824
f 2860 2862 2863
f 2864 2858 2857
f 2864 2865 2858
f 2866 2832 2833
f 2853 2796 2795
f 2867 2796 2853
f 2868 2869 2870
f 2871 2872 2873
f 2847 2836 2835
f 2840 2836 2847
f 2874 2826 2845
f 2875 2876 2877
f 2878 2849 2871
f 2879 2846 2796
f 2879 2796 2880
f 2881 2849 2878
f 2882 2811 2813
f 2882 2813 2883
f 2881 2799 2849
f 2884 2799 2881
f 2884 2807 2799
f 2885 2850 2701
f 2874 2840 2886
f 2874 2844 2840
f 2874 2845 2844
f 954 2826 2874
f 954 968 953
f 2887 2888 2889
f 2890 2891 2892
f 2893 2850 2885
f 2893 2851 2850
f 2894 2895 2896
f 2897 2863 2898
f 2860 2863 2897
f 2893 2853 2851
f 2899 2866 2833
f 2900 2847 2848
f 2878 2871 2873
f 2880 2853 2893
f 2880 2867 2853
f 2901 2879 2880
f 2902 2903 2904
f 2905 2906 2907
f 2908 2882 2883
f 2908 2883 2901
f 2909 2518 2884
f 2533 2847 2516
f 2533 2840 2847
f 2536 2840 2533
f 1526 1517 2910
f 2911 2873 2912
f 2913 2893 2885
f 2537 2914 2915
f 2916 2873 2911
f 2916 2878 2873
f 2543 2914 2537
f 2886 2840 2543
f 2917 2893 2913
f 2917 2880 2893
f 2918 2874 2886
f 2918 2886 2564
f 2919 2878 2916
f 2920 2874 2918
f 2919 2881 2921
f 2922 2880 2917
f 2919 2884 2881
f 2923 2880 2922
f 2924 2884 2919
f 2924 2909 2884
f 2923 2901 2880
f 2908 2901 2923
f 2925 2518 2909
f 2926 2923 2922
f 2926 2908 2923
f 2926 2913 2885
f 2926 2917 2913
f 2926 2922 2917
f 2911 2912 2927
f 2928 2926 2885
f 2929 2926 2928
f 2930 2926 2929
f 2931 2926 2930
f 2882 2908 2926
f 2932 2933 2934
f 2935 2926 2931
f 2515 2533 2516
f 915 2936 2937
f 915 2937 2560
f 2924 2925 2909
f 2518 2925 2924
f 2527 2885 2528
f 2534 2938 2535
f 2534 2939 2938
f 2563 2874 2920
f 2527 2928 2885
f 2552 2886 2543
f 2552 2564 2886
f 2546 2916 2911
f 2940 2941 2942
f 2563 2918 2564
f 2563 2920 2918
f 2545 2916 2546
f 2943 2944 2945
f 2567 1456 2946
f 2567 2946 2566
f 2527 2929 2928
f 2545 2919 2916
f 2527 2930 2929
f 2519 2919 2545
f 2519 2924 2919
f 2565 2931 2930
f 2565 2930 2527
f 2518 2924 2519
f 2565 2935 2931
f 2530 2535 2531
f 2569 2947 2565
f 2541 2540 2927
f 2948 2949 2950
f 2951 2952 2953
f 2591 2528 2885
f 2514 2516 2589
f 2954 2955 2956
f 2957 2958 2959
f 2960 2958 2957
f 2961 2958 2960
f 2961 2960 2957
f 2962 2958 2961
f 2963 2961 2957
f 2964 2958 2962
f 2965 2963 2957
f 2966 2958 2964
f 2967 2965 2957
f 2968 2958 2966
f 2969 2967 2957
f 2970 2971 2972
f 2973 1498 1489
f 2974 2975 2968
f 2974 2968 2976
f 2973 1489 2977
f 2978 2975 2974
f 2979 2975 2978
f 2980 2981 2982
f 2983 2975 2984
f 2574 2573 2985
f 2986 2983 2987
f 2986 2975 2983
f 932 2988 938
f 2989 2990 2987
f 2991 2988 932
f 2979 2978 2992
f 2993 2574 2985
f 2994 2983 2984
f 2994 2984 2979
f 2994 2979 2992
f 927 2991 932
f 2987 2983 2994
f 2995 2996 2997
f 2998 2991 927
f 2999 1484 1065
f 3000 2992 2978
f 2999 1065 1480
f 3001 3002 3003
f 3004 2989 3005
f 3006 2989 3004
f 3006 2990 2989
f 3007 927 922
f 3008 2999 1480
f 3009 927 3007
f 3009 2998 927
f 3005 3010 2990
f 3005 2990 3006
f 3005 3006 3004
f 3011 3007 922
f 3010 3012 3013
f 3014 922 919
f 3014 3011 922
f 3015 3016 3017
f 3015 3018 3016
f 3019 3020 3021
f 3022 3018 918
f 3023 3016 3018
f 3024 3010 3013
f 3023 3018 3022
f 3025 3016 3026
f 3027 3022 918
f 3027 918 904
f 3028 3027 904
f 3024 3029 3030
f 3024 3030 3010
f 3031 3032 3033
f 3034 3027 3028
f 3035 1481 1478
f 3035 1478 1474
f 3029 3024 3036
f 3037 3038 3039
f 3036 3040 3029
f 3041 3042 3043
f 3039 3044 3037
f 3039 3045 3044
f 1469 3035 1474
f 3040 3035 1469
f 3046 3047 3048
f 3049 3034 3028
f 3050 3034 3049
f 3051 3050 3049
f 3051 3034 3050
f 3052 3053 3045
f 3054 3039 3052
f 3045 3039 3054
f 3045 3054 3052
f 3055 3056 3057
f 3058 3059 3060
f 1469 3061 3040
f 3062 3051 3049
f 3061 1469 1464
f 3063 3064 3065
f 3066 3067 3052
f 3068 2955 3069
f 3070 1464 1461
f 3071 3070 1461
f 3070 3061 1464
f 3072 3067 3073
f 3072 3052 3067
f 3074 3072 3073
f 3053 3052 3072
f 2958 3075 3076
f 2958 3076 2959
f 3077 3078 3071
f 2954 3079 2958
f 3080 3079 2954
f 2956 3068 3080
f 2696 1461 1450
f 2696 3077 3071
f 2696 3071 1461
f 2955 3068 2956
f 3077 3081 2695
f 2958 2968 2954
f 2954 2956 3080
f 3082 3083 3084
f 3085 3086 3087
f 3088 3089 3086
f 3089 3090 3086
f 3087 3086 3091
f 3092 3087 3091
f 3091 3086 3093
f 3094 3095 3096
f 3097 3098 3099
f 3100 3101 3102
f 3090 2954 2968
f 3103 3104 3105
f 3106 3107 3108
f 3102 3101 3016
f 3109 3110 3111
f 3112 3092 3093
f 3092 3091 3093
f 3100 3102 3113
f 3102 3016 3113
f 3113 3016 3025
f 3100 3113 3114
f 3115 3113 3116
f 3093 3086 2986
f 3086 3090 2986
f 3113 3025 3116
f 3090 2968 2975
f 3090 2975 2986
f 3117 3112 3093
f 3117 3093 3118
f 3119 3093 2987
f 3120 3121 3122
f 2987 3093 2986
f 3115 3116 3123
f 3116 3025 3123
f 3124 3125 3126
f 3100 3114 3127
f 3127 3114 3128
f 3115 3123 3129
f 3130 3115 3129
f 3131 3132 3133
f 3129 3134 3135
f 3136 3127 3128
f 3137 3138 3139
f 3136 3128 3140
f 3140 3128 3141
f 3142 3143 3144
f 3129 3135 3145
f 3130 3129 3145
f 3142 3144 3146
f 3147 3148 3149
f 3119 2987 3150
f 3135 3134 3151
f 3145 3135 3151
f 3150 2987 2990
f 3150 2990 3010
f 3140 3141 3152
f 3141 3128 3152
f 3153 3140 3152
f 3154 3155 3156
f 3130 3145 3157
f 3158 3159 3160
f 3161 3150 3083
f 3162 3163 3164
f 3157 3145 3165
f 3166 3157 3165
f 3165 3145 3167
f 3145 3151 3168
f 3151 3134 3169
f 3170 3171 3172
f 3173 3174 3175
f 3083 3150 3010
f 3166 3165 3167
f 3030 3084 3083
f 3010 3030 3083
f 3166 3167 3176
f 3170 3172 2954
f 3170 2954 3090
f 3082 3177 3083
f 3178 3179 3180
f 3181 3182 3183
f 3085 3184 3086
f 3185 3186 3187
f 3188 3189 3190
f 3189 3191 3192
f 3186 3193 3194
f 3101 3186 3194
f 3195 2574 3196
f 3196 2574 2993
f 1322 1321 3189
f 3197 3198 3199
f 1324 1325 3200
f 3201 1290 3202
f 1325 3203 3200
f 3195 3204 2574
f 3189 1321 3205
f 1321 1324 3200
f 3188 1322 3189
f 3196 2993 3185
f 3101 3194 3017
f 1325 3206 3203
f 3186 3185 3193
f 3185 2993 3193
f 3189 3205 3191
f 3207 3208 3209
f 3101 3017 3016
f 2695 3210 3077
f 3210 2512 3077
f 2512 3211 3077
f 2513 3211 2512
f 3212 3078 3077
f 3211 3212 3077
f 190 840 3213
f 3177 3214 3215
f 3216 3061 3212
f 3217 3218 3219
f 2513 190 3213
f 3082 3084 3177
f 3177 3084 3214
f 3212 3061 3078
f 3216 3029 3040
f 2513 3213 3211
f 3213 3212 3211
f 3216 3040 3061
f 190 63 840
f 2827 2725 3220
f 1293 3221 3222
f 3223 2827 3220
f 3224 3223 3220
f 1286 1293 3225
f 3226 3227 3228
f 3229 3225 3230
f 3225 1293 3222
f 2725 2726 3231
f 3225 3222 3230
f 3231 3220 2725
f 3226 3228 3232
f 3233 3234 3235
f 3236 3229 3230
f 3237 3236 3230
f 2591 3231 2726
f 3231 2591 3238
f 3237 3230 3239
f 1317 1287 3240
f 3241 3238 2885
f 2591 2885 3238
f 1310 1317 3242
f 1317 3240 3242
f 3242 3240 3243
f 3244 3245 3246
f 1310 3242 3243
f 3247 3248 3249
f 3250 1310 3243
f 3250 3243 3251
f 3252 3250 3251
f 3253 3254 3255
f 3252 3251 3256
f 3257 3258 3259
f 3260 3252 3256
f 1320 2512 3210
f 3254 3261 3255
f 3260 3256 3262
f 2682 3210 2695
f 3210 2682 2691
f 3263 3264 3265
f 1320 3210 3266
f 1319 1320 3266
f 3267 3268 3269
f 1319 3266 3270
f 1303 3271 1299
f 3268 3272 3269
f 2643 2626 3270
f 3270 2691 2643
f 3273 3269 3272
f 1319 3270 1313
f 1299 3271 3274
f 1313 3270 2626
f 3275 1313 2626
f 1299 3274 3276
f 1312 1313 3275
f 3276 3274 3277
f 3276 3277 2575
f 3275 2626 3278
f 1312 3275 3278
f 1290 1295 3279
f 3204 3276 2575
f 2571 2541 3280
f 3281 2626 3280
f 2626 2571 3280
f 3282 3283 3284
f 3202 1290 3279
f 2575 2574 3204
f 3285 3286 3287
f 3285 3287 3288
f 2912 3285 3288
f 3288 2927 2541
f 3288 2927 2912
f 3284 3289 3282
f 69 3290 3291
f 3290 69 3292
f 3290 3292 3291
f 69 3291 1308
f 1308 3291 1306
f 3293 3294 3295
f 1301 1306 3291
f 1301 3291 3296
f 3297 1301 3296
f 1300 1301 3298
f 1300 3298 3299
f 3299 3298 3300
f 3298 1301 3297
f 3300 3298 3297
f 2583 2582 3301
f 1300 3299 1297
f 2676 2583 3301
f 1297 3299 3300
f 1297 3300 1293
f 1293 3300 3221
f 3301 3302 3224
f 3301 2582 3223
f 3302 3301 3223
f 3303 3304 3305
f 3224 3302 3223
f 3306 3307 3308
f 3309 3310 3311
f 3312 3313 3314
f 3315 3316 3317
f 3318 3319 3320
f 3321 3322 3323
f 3324 3325 3326
f 3327 3325 3324
f 3328 3327 3324
f 3329 3330 3331
f 3332 3329 3331
f 3333 3334 3335
f 3336 3337 3333
f 3338 3339 3340
f 3341 3342 3343
f 3344 3345 3346
f 3344 3346 3347
f 3348 3345 3344
f 3348 3349 3345
f 3350 3351 3352
f 3353 3354 3355
f 3356 3353 3355
f 3357 3358 3353
f 3357 3353 3356
f 3359 3360 3361
f 3362 3363 3364
f 3365 3366 3367
f 3368 3369 3370
f 3371 3368 3370
f 3372 3371 3370
f 3373 3374 3375
f 3376 3374 3373
f 3377 3378 3376
f 3379 3378 3377
f 3380 3381 3382
f 3383 3384 3385
f 3386 3387 3388
f 3389 3390 3391
f 3392 3393 3394
f 3395 3396 3397
f 3398 3399 3400
f 3398 3400 3401
f 3402 3403 3404
f 3405 3406 3407
f 3408 3402 3404
f 3409 3403 3402
f 3410 3398 3401
f 3395 3411 3412
f 3395 3412 3413
f 3414 3415 3406
f 3395 3413 3416
f 3414 3406 3405
f 3415 3408 3404
f 3395 3398 3411
f 3417 3403 3409
f 3417 3400 3403
f 3406 3415 3404
f 3411 3398 3410
f 3418 3400 3417
f 3419 3395 3416
f 3420 3414 3405
f 3419 3416 3421
f 3396 3422 3423
f 3395 3422 3396
f 3395 3397 3424
f 3401 3400 3418
f 3425 3426 3427
f 3428 3429 3430
f 3431 3432 3433
f 3434 3435 3436
f 3437 3438 3439
f 1282 3440 1283
f 3441 3442 3443
f 3444 3445 3442
f 3444 3442 3446
f 3447 3445 3444
f 3448 3447 3444
f 3449 3447 3448
f 3450 3449 3448
f 3451 3452 3450
f 3453 3452 3451
f 3454 3455 3456
f 3457 3458 3459
f 3460 3458 3457
f 3461 3462 3463
f 3464 3465 3466
f 3467 3468 3469
f 3470 3471 3472
f 3473 3474 3471
f 3473 3475 3474
f 3476 3477 3478
f 3479 3480 3481
f 3482 3483 3484
f 3485 3486 3487
f 3488 3489 3490
f 3491 3492 3493
f 3494 3495 3496
f 3497 3498 3499
f 3500 3501 3502
f 3503 3504 3505
f 3506 3507 3508
f 3509 3507 3506
f 3510 3509 3506
f 3511 3512 3513
f 3514 3512 3511
f 3515 3516 3517
f 3518 3519 3520
f 3521 3518 3520
f 3522 3523 3524
f 3525 3526 3527
f 3528 3525 3527
f 3529 3530 3528
f 3531 3529 3528
f 3532 3529 3531
f 3532 3533 3529
f 3534 3535 3536
f 3537 3534 3536
f 3537 3536 3538
f 3532 3539 3533
f 3537 3538 3540
f 3541 3539 3532
f 3542 3537 3540
f 3543 3542 3540
f 3544 3542 3543
f 3545 3544 3543
f 3546 3545 3543
f 3547 3546 3543
f 3548 3546 3547
f 3549 3541 3532
f 3549 3550 3551
f 3549 3551 3541
f 3548 3547 3552
f 3549 3552 3550
f 3549 3548 3552
f 3553 3548 3549
f 3530 3525 3528
f 3554 3555 3556
f 3557 3558 3559
f 3560 3561 3562
f 3563 3564 3565
f 3566 3566 3567
f 3568 3569 3570
f 3567 3566 3567
f 3571 3572 3573
f 3563 3574 3564
f 3575 3576 3577
f 3576 3568 3577
f 3568 3570 3577
f 3578 3578 3579
f 3578 3580 3578
f 3581 3582 3583
f 3567 3567 3584
f 3585 3586 3587
f 3588 3585 3587
f 3589 3590 3591
f 3592 3593 3592
f 3594 3595 3596
f 3581 3583 3569
f 3568 3581 3569
f 3592 3592 3566
f 3597 3598 3599
f 3566 3592 3566
f 3600 3336 3335
f 3601 3602 3603
f 3604 3605 3606
f 3607 3405 3407
f 3608 3609 3610
f 3611 3612 3613
f 3614 3615 3616
f 3612 3617 3613
f 3618 3611 3613
f 3619 3620 3621
f 3622 3623 3624
f 3625 3626 3627
f 3622 3624 3628
f 3621 3620 3629
f 3333 3335 3336
f 3601 3630 3602
f 3631 3336 3600
f 3632 3633 3634
f 3632 3634 3635
f 3420 3405 3636
f 3637 3638 3639
f 3576 3575 3640
f 3589 3591 3641
f 3642 3643 3644
f 3645 3646 3647
f 3648 3649 3650
f 3651 3652 3653
f 3654 3655 3656
f 3642 3644 3657
f 3658 3659 3660
f 3651 3653 3661
f 3658 3660 3662
f 3663 3664 3665
f 3420 3663 3414
f 3663 3665 3666
f 3414 3663 3666
f 3662 3660 3667
f 3414 3666 3668
f 3667 3660 3669
f 3670 3321 3323
f 3667 3669 3671
f 3672 3670 3323
f 3667 3671 3633
f 3633 3671 3634
f 3673 3674 3675
f 3676 3677 3678
f 3677 3679 3678
f 3680 3681 3682
f 3683 3684 3685
f 3686 3687 3688
f 3689 3686 3688
f 3690 3691 3692
f 3691 3350 3692
f 3350 3352 3692
f 3693 3684 3683
f 3694 3695 3696
f 3697 3698 3699
f 3700 3699 3698
f 3701 3702 3703
f 3704 3705 3706
f 3704 3706 3707
f 3708 3709 3710
f 3711 3712 3713
f 3711 3713 3714
f 3697 3715 3698
f 3716 3357 3356
f 3687 3686 3717
f 3718 3719 3720
f 3721 3722 3723
f 3724 3725 3726
f 3727 3728 3729
f 3730 3731 3732
f 3732 3731 3733
f 3734 3735 3736
f 3737 3738 3739
f 3740 3741 3742
f 3738 3743 3744
f 3744 3743 3745
f 3743 3746 3747
f 3748 3749 3750
f 3751 3752 3753
f 3697 3699 3754
f 3755 3756 3757
f 3758 3759 3760
f 3761 3762 3738
f 3737 3761 3738
f 3738 3762 3743
f 3743 3762 3746
f 3763 3764 3765
f 3766 3767 3768
f 3725 3769 3770
f 3771 3772 3773
f 3767 3357 3774
f 3775 3776 3775
f 3768 3767 3774
f 3726 3769 3724
f 3769 3725 3724
f 3777 3778 3779
f 3780 3781 3782
f 3775 3775 3783
f 3782 3784 3780
f 3774 3357 3716
f 3785 3786 3787
f 3788 3785 3787
f 3386 3388 3789
f 3790 3791 3792
f 3410 3401 3411
f 3793 3794 3795
f 3796 3797 3798
f 3799 3800 3801
f 3802 3803 3802
f 3804 3802 3802
f 3805 3806 3807
f 3808 3809 3810
f 3794 3811 3812
f 3795 3794 3812
f 3813 3814 3815
f 3816 3798 3797
f 3817 3818 3819
f 3813 3815 3820
f 3793 3795 3821
f 3796 3822 3797
f 3823 3373 3375
f 3824 3376 3373
f 3422 3395 3419
f 3794 3825 3826
f 3794 3826 3811
f 3827 3828 3829
f 3830 3831 3832
f 3833 3834 3835
f 3836 3837 3838
f 3839 3840 3841
f 3811 3825 3842
f 3843 3844 3845
f 3846 3847 3848
f 3849 3850 3851
f 3851 3850 3852
f 3811 3842 3853
f 3854 3855 3856
f 3419 3421 3857
f 3825 3811 3826
f 3858 3859 3860
f 3861 3862 3863
f 3864 3865 3866
f 3864 3867 3865
f 3868 3476 3478
f 3869 3870 3871
f 3861 3872 3862
f 3873 3479 3481
f 3874 3875 3876
f 3875 3486 3876
f 3877 3878 3879
f 3880 3874 3876
f 3875 3881 3486
f 3881 3487 3486
f 3882 3883 3877
f 3877 3883 3878
f 3488 3490 3884
f 3885 3886 3887
f 3888 3889 3890
f 3891 3892 3893
f 3894 3895 3896
f 3470 3473 3471
f 3897 3898 3899
f 3900 3901 3902
f 3903 3904 3905
f 3904 3906 3907
f 3905 3904 3907
f 3908 3909 3910
f 3911 3912 3913
f 3526 3914 3527
f 3915 3916 3917
f 3918 3919 3920
f 3903 3905 3921
f 3922 3923 3924
f 3903 3921 3925
f 3926 3927 3928
f 3929 3930 3931
f 3918 3920 3932
f 3933 3934 3935
f 3936 3937 3938
f 3938 3937 3939
f 3940 3941 3942
f 3938 3939 3943
f 3888 3944 3945
f 3946 3947 3948
f 3949 3950 3951
f 3888 3945 3889
f 3952 3953 3954
f 3955 3956 3957
f 3958 3959 3960
f 3961 3962 3963
f 3964 3965 3966
f 3952 3967 3953
f 3968 3969 3970
f 3527 3971 3528
f 3971 3972 3528
f 3973 3974 3975
f 3934 3933 3456
f 3456 3933 3454
f 3976 3977 3978
f 3979 3980 3981
f 3981 3982 3983
f 3503 3505 3984
f 3983 3979 3981
f 3985 3986 3987
f 3988 3989 3990
f 3989 3991 3990
f 3992 3993 3994
f 3995 3996 3997
f 3998 3999 4000
f 4001 4002 4001
f 4000 3999 4003
f 4004 3973 3975
f 4005 4006 4007
f 4001 4001 4008
f 4009 4010 4009
f 4011 4000 4012
f 4000 4003 4012
f 4013 4014 4015
f 4012 4003 4016
f 4017 4018 4019
f 4018 4020 4019
f 4005 4007 4021
f 4009 4009 4022
f 4023 4008 4023
f 4024 4011 4012
f 4025 4026 4026
f 4012 4027 4028
f 4029 4030 4031
f 4023 4023 4032
f 4031 4030 4033
f 4024 4012 4034
f 4035 4022 4035
f 4034 4012 4036
f 3451 3450 4037
f 4026 4026 4038
f 4012 4028 4037
f 4036 4012 4037
f 3528 4039 3531
f 4031 4033 4040
f 4041 4042 4043
f 4040 4033 4044
f 4035 4035 4045
f 4046 4032 4046
f 4034 4036 4047
f 4047 4036 3450
f 4036 4037 3450
f 3531 4048 4049
f 4048 4050 4049
f 4051 4052 4053
f 4054 4055 4054
f 4056 4057 4058
f 4040 4044 4059
f 4060 4040 4059
f 4046 4046 4061
f 4062 4045 4062
f 4042 4063 4043
f 4047 3450 4064
f 4065 4047 4064
f 4066 3531 4049
f 4067 4060 4068
f 4060 4059 4068
f 4069 4070 4071
f 4072 4072 4073
f 4074 4075 4076
f 4062 4062 4077
f 4072 4061 4072
f 4078 4079 4080
f 4079 4081 4080
f 4065 4064 4082
f 4083 4065 4082
f 4084 4051 4085
f 4082 4064 4086
f 3450 3448 4086
f 4064 3450 4086
f 4085 4051 4087
f 4051 4053 4087
f 4088 4089 4088
f 4054 4054 4090
f 4091 3991 4092
f 4088 4088 4093
f 4094 4095 4096
f 3989 4092 3991
f 4097 4098 4099
f 4100 4101 4060
f 4102 4101 4100
f 4086 4103 4104
f 3553 3549 3532
f 4104 4103 4105
f 4103 4100 4106
f 4106 4060 4107
f 4106 4100 4060
f 3553 3532 4108
f 4109 4102 4103
f 4103 4102 4100
f 4086 4104 4105
f 4110 4111 4112
f 4105 4103 4113
f 4114 4106 4115
f 3448 3444 4086
f 4060 4067 4115
f 4106 4107 4115
f 3444 4103 4086
f 4115 4107 4060
f 3531 4066 4116
f 4117 4118 4119
f 4108 3532 4120
f 3531 4116 3532
f 3444 4109 4103
f 4109 3444 3446
f 4102 4109 4121
f 4109 3446 4121
f 4122 4123 4124
f 4125 4126 4127
f 4128 4129 4130
f 3521 3520 4131
f 4132 4133 4134
f 4135 4136 4137
f 4137 4136 4138
f 3535 4139 3536
f 4137 4138 4140
f 4138 4136 4141
f 4142 4143 4144
f 4145 4137 4146
f 4137 4140 4146
f 4147 4148 4149
f 4150 4151 4152
f 4149 4148 4153
f 4154 4155 4156
f 4157 4158 4159
f 4159 4158 4160
f 4161 4162 4163
f 1279 4164 1280
f 4165 4166 4167
f 4168 4169 4129
f 4128 4168 4129
f 4170 4171 4172
f 4173 4174 4175
f 4173 4175 4176
f 3535 4173 4176
f 3534 4173 3535
f 4176 4175 4177
f 4178 4179 4180
f 4180 4181 4178
f 4182 4183 4184
f 4185 4186 4187
f 4188 4189 4190
f 4191 4192 4193
f 4194 4195 4196
f 4197 4198 4199
f 4200 4200 4201
f 4200 4202 4200
f 4203 4204 4205
f 4206 4207 4208
f 4209 4210 4211
f 4212 4213 4214
f 4215 4216 4217
f 4218 4219 3433
f 4219 3431 3433
f 4220 4221 4222
f 4223 4224 4225
f 4226 4227 4228
f 4229 4230 4231
f 4212 4232 4213
f 3544 4233 3542
f 4234 1534 4235
f 4236 4237 4238
f 4238 4239 4240
f 4241 4236 4238
f 4242 4243 4236
f 4238 4244 4239
f 1535 4234 4235
f 4245 4236 4241
f 4246 4242 4236
f 1535 1534 4234
f 4247 4248 4249
f 4250 4251 4244
f 4237 4244 4238
f 4252 4253 4254
f 4252 4255 4253
f 4236 4244 4237
f 4236 4243 4244
f 4256 4257 4258
f 1558 4235 1534
f 4240 4244 4251
f 4240 4251 4259
f 4260 4259 4251
f 4261 4251 4262
f 4240 4239 4244
f 4260 4251 4261
f 4263 4240 4259
f 4264 4259 4260
f 4265 4259 4264
f 4263 4266 4240
f 4265 4260 4261
f 4265 4264 4260
f 4267 4266 4263
f 4268 4265 4261
f 4269 4268 4270
f 4271 4265 4268
f 4269 4271 4268
f 4272 4273 4274
f 4275 4267 4263
f 1760 1404 1803
f 4276 4277 4278
f 4279 4275 4263
f 4280 4275 4279
f 4281 4282 4283
f 4284 1543 1542
f 4284 4285 1543
f 4286 4287 4288
f 4282 4285 4284
f 4289 4290 4291
f 4283 4284 4281
f 4282 4284 4283
f 4292 4293 4294
f 4288 4287 4295
f 1549 1547 4296
f 4279 4297 4280
f 4298 4299 4300
f 1551 4301 4302
f 4303 4304 4305
f 4306 4296 1547
f 4307 4308 4309
f 4302 1552 1551
f 4306 1549 4296
f 4310 4293 4292
f 4310 4292 4311
f 4312 1547 1546
f 4313 4314 4315
f 1543 4316 1546
f 4317 4316 1543
f 4310 4313 4315
f 4310 4315 4318
f 4317 4285 4319
f 4317 1543 4285
f 4310 4318 4293
f 4320 4321 4322
f 4323 4324 1285
f 4325 1285 4326
f 4325 4326 4327
f 4328 4329 4330
f 4328 4330 4331
f 4328 4331 4323
f 4323 1285 4325
f 4328 4332 4329
f 4333 4334 4335
f 4326 1285 1298
f 4326 1298 4327
f 4328 4336 4332
f 4328 4325 4336
f 4328 4323 4325
f 1610 4337 1611
f 4338 4339 4340
f 4341 4339 4338
f 4341 391 507
f 1612 4342 4343
f 4337 4342 1612
f 4342 4329 4343
f 507 4339 4341
f 4342 4330 4329
f 4344 4330 4342
f 4331 4330 4344
f 4345 4344 4342
f 4345 4331 4344
f 4346 4345 4342
f 4347 4348 4349
f 4350 581 593
f 4351 4352 4353
f 4354 4355 4356
f 4357 4356 4355
f 4358 4359 4360
f 4361 4342 4337
f 4362 4363 4364
f 4365 4346 4342
f 377 4366 174
f 4339 4346 4365
f 4339 559 581
f 1611 4337 1612
f 4367 581 4350
f 4367 4339 581
f 4368 4346 4339
f 4340 4365 4338
f 4340 4339 4365
f 4339 507 559
f 4369 4370 4371
f 4372 1603 4373
f 4374 4375 4376
f 4377 4378 4379
f 175 174 4380
f 4381 4382 4383
f 4381 4383 4384
f 4385 4386 4387
f 4386 4388 4387
f 1270 1273 1271
f 4389 4390 4391
f 4392 4390 4389
f 4393 4394 4395
f 4396 4390 4392
f 4397 4391 4390
f 4398 4399 4400
f 4401 4402 4403
f 4396 4404 4390
f 4405 4406 4407
f 4408 4409 4407
f 4408 4407 4406
f 4410 4409 4408
f 4411 4402 4401
f 4412 4413 4414
f 4410 4408 4406
f 175 4415 202
f 4416 4417 4418
f 4419 4420 4421
f 4422 4423 4424
f 4425 4426 4427
f 4428 4429 4430
f 4431 4428 4430
f 4432 4433 4434
f 4435 4415 175
f 4436 4431 4430
f 4437 4415 4435
f 4438 4415 4437
f 4439 4427 4440
f 4441 4425 4427
f 4442 4443 4444
f 4445 4446 4447
f 4448 4441 4427
f 4448 4427 4439
f 4373 1603 1602
f 4449 4450 4451
f 4452 1249 4453
f 4452 4454 1249
f 4453 1249 1248
f 4455 4456 4457
f 4453 4458 4452
f 4459 1378 1377
f 4460 4461 4462
f 4463 4461 4460
f 4464 4458 4453
f 4465 1843 1790
f 4465 1790 1768
f 4466 4465 4467
f 4468 4469 4470
f 4471 4472 4473
f 1843 4465 4474
f 4475 4467 4468
f 4475 4468 4470
f 4475 4470 4476
f 4477 4478 4479
f 4480 4475 4481
f 4480 4467 4475
f 4466 4467 4480
f 4482 4466 4480
f 4483 4484 4485
f 4481 4486 4480
f 4487 4466 4482
f 4488 4466 4487
f 4474 4465 4466
f 4474 1316 1843
f 4474 4466 4488
f 4489 4488 4487
f 4490 1316 4474
f 4490 4474 4488
f 4491 1316 4490
f 4491 4488 4489
f 4491 4490 4488
f 4492 4472 4471
f 4492 4493 4472
f 4461 4494 4462
f 4495 4493 4492
f 4496 1592 1591
f 4476 4470 4497
f 4491 1314 1316
f 1314 4491 4489
f 1314 4489 4498
f 4499 4500 4501
f 4502 4503 4504
f 35 37 4505
f 4506 4503 4502
f 35 4505 4507
f 35 4507 4508
f 4509 4510 4511
f 37 812 4512
f 4513 4514 4515
f 4516 4517 4518
f 4519 4520 4521
f 4522 4513 4515
f 4523 4513 4522
f 4523 4524 4513
f 4525 814 4526
f 4523 4527 4524
f 4528 4522 4515
f 4529 814 4525
f 4530 4522 4528
f 4530 4523 4522
f 4531 4532 4533
f 4534 4530 4528
f 4535 4525 4511
f 4536 4529 4525
f 4536 4525 4535
f 4537 4529 4536
f 4537 814 4529
f 4538 4530 4534
f 812 814 4537
f 4511 4536 4535
f 4510 4537 4536
f 4510 4536 4511
f 4510 812 4537
f 4538 4534 4528
f 4539 4540 4541
f 4542 4543 4544
f 4545 4546 4547
f 4548 4549 4550
f 4551 4552 4553
f 1576 1577 4554
f 4555 4548 4550
f 4556 4545 4547
f 4557 4549 4548
f 4558 4559 4560
f 4561 4562 4563
f 4555 4557 4548
f 4564 4558 4560
f 4553 4552 4565
f 4562 4561 4566
f 4567 4568 4569
f 4570 4571 4572
f 4570 4572 4573
f 4574 4575 4576
f 4577 4578 1561
f 4579 1585 1584
f 4580 4581 4582
f 4583 585 4584
f 4585 4581 4580
f 4586 4585 4580
f 4587 4588 4589
f 4572 4571 4590
f 4591 4592 4593
f 4594 4595 4596
f 4597 4598 4599
f 4600 1561 4578
f 4601 4584 697
f 4584 585 697
f 1559 1561 4600
f 4602 4603 4604
f 4605 4602 4604
f 4606 4607 4602
f 4608 4609 4610
f 4605 4606 4602
f 4611 1289 1288
f 4612 4608 4610
f 4608 4612 4613
f 4614 1298 1294
f 4604 4603 4615
f 4616 4606 4605
f 4617 4618 4619
f 4620 4621 4622
f 4623 4620 4622
f 4624 4625 4626
f 4627 4628 4629
f 4622 4627 4629
f 4623 4630 4621
f 1298 4614 4631
f 4627 4632 4628
f 4633 4634 4635
f 4636 4637 4638
f 4639 4640 4641
f 4623 4622 4642
f 4622 4629 4642
f 4643 4644 4645
f 4646 4636 4638
f 4647 4648 4649
f 4650 4651 4652
f 4653 4654 4655
f 4656 4657 4658
f 4659 4629 4628
f 4623 4621 4620
f 4660 4661 4662
f 4335 4334 4663
f 4664 4665 4666
f 4667 4668 4669
f 4607 4670 4602
f 4671 4672 4673
f 1597 1272 4674
f 1529 4675 4676
f 1272 1278 4677
f 4674 1272 4677
f 1530 1529 4678
f 4679 4680 4681
f 1278 1599 4682
f 4677 1278 4682
f 4683 4684 4685
f 4681 4680 4686
f 4687 4688 4689
f 4690 4691 4692
f 4693 1591 1590
f 4694 4695 4696
f 1532 4675 1529
f 4697 4698 4699
f 4700 4701 4702
f 4498 4703 1314
f 4704 4705 4706
f 4707 4708 4709
f 4710 4704 4706
f 4711 4712 4713
f 4714 4715 4716
f 1314 4703 4717
f 4718 1314 4717
f 4718 4717 4719
f 4717 4703 4719
f 4720 4721 4722
f 4723 4724 4725
f 4711 4713 4726
f 4727 4470 4469
f 4712 4711 4726
f 4728 4712 4726
f 4729 4730 4731
f 4732 4733 4734
f 4735 4736 4737
f 4738 4739 4740
f 4741 1577 4742
f 4743 4744 4745
f 4746 4747 4748
f 4749 4750 4751
f 4752 4753 4754
f 1577 1575 4742
f 4751 4750 4755
f 4756 4757 4758
f 1565 4759 1566
f 4760 4761 4762
f 4754 4753 4763
f 4764 4765 4766
f 4767 4768 4769
f 4770 4771 4772
f 4749 4773 4750
f 4769 4768 4774
f 4775 4776 4777
f 4778 4779 4780
f 4781 4782 4783
f 4784 4753 4752
f 4785 4786 4787
f 4788 4785 4787
f 4789 4788 4790
f 4788 4787 4790
f 4791 4792 4793
f 4794 4795 4796
f 4797 4798 4799
f 4800 4801 4802
f 4803 4804 1537
f 4805 4806 4807
f 4804 1539 1537
f 1550 4808 4809
f 4790 4787 4810
f 4811 4812 4813
f 4805 4807 4814
f 1551 1550 4809
f 1549 4815 1548
f 4816 1537 1536
f 4816 1536 4817
f 4818 4817 4819
f 4820 4821 4822
f 4823 4824 1538
f 4825 4785 4826
f 4827 4828 4829
f 2045 2062 4824
f 4786 4785 4825
f 4830 4831 4832
f 4833 4834 4835
f 2045 4824 4836
f 2045 4836 2039
f 4837 4838 4839
f 4840 4841 4842
f 4843 4844 4845
f 4835 4846 4833
f 4837 4847 4848
f 4837 4839 4847
f 4241 4837 4848
f 4241 4848 4245
f 1536 1538 4824
f 4849 4824 2062
f 4850 4851 4852
f 4849 1536 4824
f 4286 4288 4853
f 4854 4855 4856
f 4857 4819 4817
f 4858 4853 4288
f 4859 4860 4861
f 4862 4863 4864
f 4865 4817 1536
f 4865 4857 4817
f 2240 2210 2177
f 4866 4867 4868
f 4869 4870 4871
f 2238 2237 4872
f 4873 4874 4875
f 4876 4870 4869
f 4877 4878 4879
f 4876 2249 4870
f 2249 4880 4881
f 2249 2238 4880
f 4882 4869 4871
f 4883 4876 4869
f 4883 2249 4876
f 4883 4869 4882
f 4884 4885 4886
f 4887 4877 4879
f 2213 4883 4882
f 2213 4882 4871
f 4888 1536 4849
f 4889 4887 4879
f 4890 4891 4892
f 4893 2213 4894
f 2229 2249 4883
f 2229 4883 2213
f 2214 2213 4893
f 4895 4896 4897
f 4898 4899 4779
f 4900 4896 4895
f 4901 4508 4902
f 4779 4903 4898
f 4903 4779 4778
f 10 9 35
f 4904 35 4508
f 4905 4906 4907
f 4908 4508 4901
f 4904 4508 4908
f 826 4909 4910
f 4911 4908 4901
f 4912 4911 4901
f 4913 4911 4912
f 4914 4908 4911
f 4915 4904 4908
f 4916 4913 4912
f 4916 4914 4913
f 4914 4911 4913
f 4917 4918 4919
f 826 4910 4920
f 4921 826 4920
f 4922 4737 4736
f 4922 4736 4923
f 822 826 4921
f 822 4921 816
f 4924 4925 4926
f 4927 4921 4920
f 4928 4927 4920
f 4929 4930 4601
f 4601 697 736
f 4601 736 4929
f 4931 1337 1339
f 4932 4933 4934
f 4935 1329 1328
f 4935 4936 1329
f 4937 4938 4939
f 4940 4941 4942
f 4943 1024 1023
f 4943 1023 4944
f 4945 4946 4947
f 4945 4947 4948
f 4944 1023 4949
f 4950 4951 4952
f 4953 4954 4955
f 4956 4944 4949
f 4957 4944 4956
f 4958 4944 4957
f 4959 4943 4944
f 4960 4961 4962
f 4963 4956 4964
f 4963 4957 4956
f 4963 4958 4957
f 4965 4958 4963
f 4965 4966 4958
f 4967 4963 4964
f 4968 4963 4967
f 4969 4970 4971
f 4972 4973 4974
f 4975 4967 4964
f 4975 4968 4967
f 4976 4977 4978
f 4979 4980 4981
f 4982 4983 4984
f 4985 4986 4987
f 4988 4989 4990
f 4991 4992 4993
f 4994 4995 4996
f 4997 4998 4999
f 5000 4998 4997
f 5001 4991 4993
f 5002 4997 4999
f 5003 5004 5005
f 5006 5007 5008
f 5009 5000 4997
f 5010 5000 5009
f 5011 5012 5013
f 5014 5002 4999
f 5014 4997 5002
f 5015 4997 5014
f 5016 890 889
f 5017 5009 4997
f 5018 5019 5020
f 5017 5010 5009
f 5021 5022 5023
f 5024 5025 5026
f 5027 1346 1349
f 5028 5018 5020
f 5029 5030 5031
f 5032 5033 5034
f 5035 5036 5037
f 5029 5031 5038
f 1347 5027 1349
f 5039 5035 5037
f 5040 5029 5038
f 5041 5042 5043
f 5044 1332 1344
f 5045 5046 5047
f 5048 5044 1344
f 5049 5050 5051
f 5052 5053 5054
f 5055 5053 5052
f 5052 5054 5056
f 5057 5058 5059
f 5060 5061 1347
f 5062 5056 5054
f 5063 5064 5065
f 5066 5067 5068
f 5069 5070 5071
f 5072 5073 5074
f 5075 5076 5077
f 5078 5079 5080
f 1343 5060 1347
f 5081 5082 5083
f 5084 5066 5068
f 5085 5075 5077
f 5086 5063 5065
f 5087 5063 5086
f 5088 5089 5090
f 5091 5081 5083
f 5092 5093 5094
f 5095 1348 1329
f 5096 5097 5098
f 5099 961 975
f 5100 5101 5102
f 5103 5104 5105
f 5106 5107 5108
f 5109 895 897
f 5110 5111 5112
f 5113 5114 5115
f 1498 5116 1499
f 5105 5117 5103
f 5118 5119 5120
f 5121 5122 5123
f 5124 5122 5121
f 3455 3454 5125
f 5126 5127 5128
f 5129 5130 5131
f 5129 5132 5130
f 5133 5134 5135
f 5136 5137 5138
f 5136 5139 5137
f 5140 5141 5142
f 5143 5133 5135
f 5144 5145 5146
f 5147 5148 5149
f 5150 5147 5149
f 5151 5152 5153
f 5152 5151 5154
f 5139 5136 5155
f 5156 5157 5156
f 5158 5159 5160
f 5161 5162 5163
f 5164 5156 5156
f 5159 5158 5165
f 5166 5167 5168
f 5169 5170 5171
f 5172 3464 3466
f 5173 5174 5175
f 5176 5177 5178
f 5179 5180 5181
f 5179 5181 5182
f 5183 5184 5184
f 5185 5186 5187
f 5188 5189 5190
f 5183 5184 5183
f 5191 5189 5188
f 5192 5193 5193
f 5194 5195 5196
f 5197 5198 5197
f 5199 5200 5201
f 5202 5203 5203
f 5204 5205 5204
f 5206 5207 5208
f 5209 5210 3447
f 5209 3447 3449
f 5211 5212 5210
f 5213 5214 5215
f 5216 5217 5216
f 5218 5219 5220
f 5221 5222 5212
f 5223 5224 5225
f 5226 5183 5183
f 5227 5191 5188
f 5228 5229 5230
f 5231 5232 5231
f 5227 5188 5233
f 5234 5235 5236
f 5237 5197 5237
f 5237 5197 5197
f 5195 5194 5238
f 5239 5216 5216
f 5240 5209 3449
f 5239 5216 5239
f 5241 5212 5211
f 5242 5221 5212
f 5242 5212 5241
f 5243 5244 5243
f 5245 5199 5201
f 5246 5204 5204
f 5247 5222 5221
f 5248 5202 5248
f 5247 5221 5249
f 5250 5251 5252
f 5253 5254 5255
f 5256 5257 5258
f 5259 5260 5259
f 5261 5228 5230
f 5262 5263 5262
f 5264 5231 5231
f 5265 5266 5267
f 5268 5236 5269
f 5268 5234 5236
f 5270 5227 5233
f 5270 5233 5271
f 5272 5237 5237
f 5273 5274 5273
f 5275 3449 3450
f 5276 5277 5278
f 5275 5240 3449
f 5279 5280 5281
f 5282 5283 5282
f 5284 5239 5239
f 5285 5241 5286
f 5285 5242 5241
f 5287 5288 5287
f 5289 5243 5243
f 5290 5275 3450
f 5291 5292 5293
f 5294 5284 5294
f 5295 5282 5282
f 5296 5248 5248
f 5297 5246 5297
f 5298 5249 5299
f 5298 5247 5249
f 5300 5301 5302
f 5303 5256 5258
f 5304 5305 5304
f 5306 5261 5230
f 5306 5230 5307
f 5308 5262 5262
f 5303 5258 5309
f 5308 5262 5308
f 5310 5286 5311
f 5312 5259 5259
f 5312 5259 5312
f 5310 5285 5286
f 5313 5287 5287
f 5314 5289 5314
f 5265 5267 5315
f 5316 5298 5299
f 5316 5299 5317
f 5318 5304 5304
f 5319 5320 5321
f 5322 5323 5322
f 5324 5268 5269
f 5324 5269 5325
f 5326 5327 5328
f 5329 5273 5273
f 5326 5328 5330
f 5329 5273 5329
f 5331 5332 5333
f 1369 1430 1367
f 5334 5306 5307
f 5334 5307 5335
f 5336 5308 5308
f 5336 5308 5336
f 5337 5324 5325
f 5338 5339 5340
f 5337 5325 5341
f 5342 5297 5297
f 5342 5297 5342
f 5343 5303 5309
f 5344 5345 5346
f 5347 5348 5349
f 5350 5312 5312
f 5351 5290 3450
f 5351 3450 3452
f 5265 5315 5352
f 5353 5294 5353
f 5353 5294 5294
f 5354 5310 5311
f 5355 5314 5314
f 5356 5310 5354
f 5357 5358 5359
f 5360 5361 5362
f 5363 5313 5363
f 5364 5329 5329
f 5365 5316 5317
f 5364 5329 5364
f 5331 5333 5366
f 5367 5316 5365
f 5368 5322 5322
f 5368 5322 5368
f 5369 5335 5370
f 5369 5334 5335
f 5371 5336 5336
f 5372 5373 5372
f 5374 5351 3452
f 5375 5376 5377
f 5378 5353 5353
f 5379 5380 5379
f 5381 5382 3456
f 5383 5342 5342
f 5337 5341 5384
f 5385 5356 5354
f 5385 5354 5386
f 5344 5346 5387
f 5388 5363 5363
f 5389 5355 5389
f 5390 5391 5392
f 5393 5365 5394
f 5393 5367 5365
f 5395 5368 5368
f 5395 5368 5395
f 5396 5369 5370
f 5397 5381 3456
f 5396 5370 5398
f 5399 5372 5372
f 5400 5371 5400
f 5401 5402 5401
f 5403 5404 5405
f 5337 5384 5406
f 5407 5357 5359
f 5408 5364 5364
f 5409 5410 5409
f 5411 5374 3452
f 5412 5413 5414
f 5415 5379 5379
f 5416 5385 5386
f 5331 5366 5417
f 5418 5378 5418
f 5419 5420 5421
f 5422 5389 5389
f 5423 5393 5394
f 5424 5425 5426
f 5427 5393 5423
f 5428 5395 5395
f 5429 5430 5429
f 5431 5398 5432
f 5431 5396 5398
f 5433 5400 5400
f 5434 5407 5359
f 5435 5409 5409
f 5433 5400 5433
f 5436 5331 5417
f 5437 5408 5437
f 5438 5439 5440
f 5441 5337 5406
f 5442 5412 5414
f 5443 5418 5418
f 5444 5445 5446
f 5447 3456 3455
f 5447 5397 3456
f 5448 5449 5448
f 5443 5418 5443
f 5450 5401 5401
f 5451 5452 5453
f 5448 5448 5454
f 5455 5456 5457
f 5404 5403 5458
f 5459 5121 5123
f 5459 5460 5121
f 5461 5427 5423
f 5462 5435 5462
f 5463 5437 5437
f 5462 5462 5464
f 5465 5466 5467
f 5468 5427 5461
f 5469 5470 5471
f 5472 5429 5429
f 5184 5428 5184
f 5190 5431 5432
f 5198 5433 5433
f 5189 5431 5190
f 5196 5195 5473
f 5193 5474 5193
f 5205 5443 5443
f 5200 5475 5201
f 5476 5477 5478
f 5203 5479 5203
f 5480 5481 5482
f 5483 3477 3476
f 5484 3481 3480
f 5485 5150 5149
f 5486 5487 5488
f 5489 5490 5491
f 1383 1381 5492
f 5493 5494 5495
f 5496 5497 5498
f 5499 5486 5488
f 5500 5150 5485
f 5501 5490 5489
f 5500 5147 5150
f 5483 5502 5503
f 5504 5505 5506
f 5483 5503 3477
f 5507 5154 5151
f 5508 3447 5210
f 5508 3445 3447
f 5212 3445 5508
f 5212 5508 5210
f 5212 5509 3445
f 5222 5510 5509
f 5222 5509 5212
f 5511 5512 5513
f 5514 5510 5222
f 5509 5515 3445
f 5509 5510 5516
f 3445 3443 3442
f 5517 3486 3485
f 5518 5519 5520
f 5521 1359 1361
f 3490 3489 5522
f 5523 5524 5525
f 5526 5527 5528
f 5526 1283 5527
f 5526 1284 1283
f 5529 5530 5530
f 5531 5532 5533
f 5534 5535 5536
f 5529 5530 5529
f 5537 5538 5539
f 5540 5541 5542
f 5543 5531 5533
f 5544 5529 5529
f 5545 5546 5547
f 5548 5549 5548
f 5550 5537 5539
f 5551 5552 5553
f 5554 5544 5554
f 5555 5548 5548
f 5556 5557 5558
f 5559 5560 3489
f 5556 5561 5557
f 5562 5539 5563
f 5562 5550 5539
f 5562 5563 5564
f 5565 5551 5553
f 5566 5562 5564
f 5567 5554 5554
f 5532 3489 3488
f 5566 5555 5562
f 5532 5559 3489
f 5568 5569 5570
f 5530 5571 5530
f 5572 5573 5574
f 5575 5569 5568
f 5576 1359 5577
f 5533 5532 3488
f 1407 1406 1401
f 4171 4170 5578
f 5579 5580 5581
f 5582 5583 5584
f 1387 1359 5576
f 5585 5586 5587
f 5588 5589 5590
f 5591 5564 5563
f 5592 5593 5594
f 5595 5596 5597
f 3504 5598 3505
f 5599 5600 5601
f 5602 5603 5604
f 5605 5606 5607
f 5608 3426 3425
f 3426 5609 5610
f 5610 5609 5611
f 3426 5610 3427
f 3427 5610 5611
f 5612 5613 5614
f 5615 5616 5617
f 5618 3513 3512
f 5619 5620 5621
f 5619 5621 5622
f 5620 5619 5622
f 5623 5624 5625
f 5626 5627 5628
f 5629 5630 5631
f 5632 5633 5634
f 5635 5636 5637
f 5638 5639 5640
f 5641 5642 5643
f 5644 3523 3522
f 5645 5642 5641
f 5646 4180 5647
f 5632 5634 5648
f 5647 4180 4179
f 3522 5649 5644
f 5650 5651 5652
f 5653 5654 5655
f 5656 5654 5653
f 5632 5648 5657
f 5658 5659 5660
f 5661 5662 5663
f 5656 5653 5655
f 5664 5665 5666
f 4204 5667 4205
f 5668 5669 5670
f 5671 5669 5668
f 5633 5672 5634
f 1420 1413 1414
f 5673 5674 5675
f 5676 5677 5678
f 5679 3345 3349
f 5679 5680 3345
f 5681 5682 5683
f 3342 5684 5685
f 3342 5685 3343
f 5686 5687 5688
f 5689 5690 5691
f 5692 1419 1417
f 5693 5694 5693
f 5693 5693 5695
f 5692 5696 1379
f 5692 1379 1419
f 5690 5689 5697
f 5698 5699 5700
f 5695 5695 5701
f 5695 5693 5695
f 5696 1397 1379
f 3332 5702 3329
f 5684 3343 5685
f 5703 5704 3334
f 5705 5706 5707
f 5708 5709 5710
f 5711 5712 5713
f 1362 5714 5715
f 1362 1374 5714
f 5711 5713 5716
f 3337 5703 3334
f 5717 5718 5719
f 5720 5721 5722
f 3337 3334 3333
f 5723 5724 5725
f 5726 5727 5728
f 5727 5726 5729
f 5730 5686 5688
f 5731 3360 3359
f 1376 1375 5732
f 5733 5734 5735
f 5736 5737 5738
f 5730 5739 5686
f 5740 5736 5738
f 5741 5742 5743
f 5744 5736 5740
f 5745 5744 5740
f 5746 5747 5748
f 5749 5750 5751
f 5749 5751 5752
f 5753 5754 5755
f 5756 5757 5758
f 5759 5760 5761
f 5762 5763 5764
f 5741 5743 5765
f 5762 5766 5763
f 5767 5741 5765
f 5768 5769 5770
f 5771 5772 5773
f 5774 1425 1419
f 5775 5776 5777
f 5702 3330 3329
f 5778 3330 5702
f 5702 5779 5778
f 5780 5781 5782
f 5702 5783 5779
f 5714 1374 5784
f 3791 5785 3792
f 5786 5787 5788
f 5789 5790 5791
f 5792 5793 5794
f 5795 5796 5797
f 5798 5799 5800
f 5801 5802 5803
f 5804 5805 5806
f 5807 5808 5778
f 5809 5810 5811
f 5807 5812 5808
f 5813 5810 5809
f 5806 5814 5804
f 5779 5807 5778
f 5815 5779 5783
f 5816 5817 5818
f 5819 5814 5806
f 5820 5821 5822
f 5823 5824 5825
f 5826 5827 5828
f 5829 5830 5831
f 5832 5833 5834
f 5835 5836 5837
f 5838 5836 5835
f 5839 5840 5841
f 5842 5843 5844
f 5845 5829 5831
f 5788 5787 5846
f 3816 3797 5847
f 5848 5849 5850
f 5851 5852 5853
f 5854 5848 5850
f 5855 5850 5856
f 5855 5856 5857
f 5858 5859 5860
f 5861 5862 5863
f 5864 5848 5865
f 5864 5849 5848
f 5866 5857 5856
f 3554 5867 5868
f 3555 3554 5868
f 5869 5855 5857
f 5870 5857 5866
f 5871 5872 5873
f 5874 5875 5876
f 5877 5872 5871
f 5878 5879 5880
f 5881 5882 5883
f 5884 5885 5886
f 5887 5888 5889
f 5890 5891 5892
f 5890 5893 5891
f 5894 5894 5895
f 5896 5884 5886
f 5897 5898 5899
f 5900 5894 5894
f 5901 5896 5886
f 5901 5886 5902
f 3562 3561 5903
f 5904 5905 5906
f 5849 5856 5850
f 5907 5908 5909
f 5910 5911 5912
f 5913 3314 3313
f 5914 5915 5916
f 5917 5918 5919
f 5920 5921 5922
f 5923 3314 5913
f 5924 5925 5926
f 5924 5927 5925
f 5928 5929 5930
f 5914 5931 5915
f 5932 5933 5934
f 5935 3855 3854
f 5936 5937 5938
f 5939 5940 3368
f 5941 5942 5943
f 5944 5945 5939
f 5946 5947 5948
f 3371 5939 3368
f 3371 5944 5939
f 5949 5950 5951
f 5952 5953 5954
f 5955 3307 3306
f 5955 5956 3307
f 5957 1421 5958
f 1413 1421 5957
f 5959 5960 5961
f 5959 5961 5962
f 5963 5964 5965
f 5966 5967 5968
f 5969 5969 5970
f 5971 5972 5973
f 5969 5974 5969
f 5975 5976 5977
f 5978 5979 5980
f 5981 5975 5977
f 5982 5983 5984
f 5985 5986 5987
f 5988 5989 5990
f 5991 5992 5993
f 5994 5995 5996
f 5997 5998 5999
f 6000 5986 5985
f 6001 6002 6003
f 1421 1428 1363
f 6004 5985 6005
f 6004 6000 5985
f 6006 6007 6008
f 6009 6010 6011
f 6012 3378 3379
f 6013 6014 6015
f 3378 3374 3376
f 1385 1393 6016
f 1363 1380 6017

