mtllib material.mtl
usemtl material_wrist2_1
v 0.00741410 -0.03065222 0.04235041
v -0.00431013 -0.03137511 0.04235017
v 0.00086270 -0.03159844 0.04815018
v 0.01119273 -0.02940005 0.04814982
v 0.01824021 -0.02546542 0.04235029
v 0.01990616 -0.02391648 0.04815042
v 0.02685356 -0.01477813 0.04235023
v 0.02750068 -0.01350778 0.04815047
v 0.02981877 0.00037456 0.04235017
v 0.02962142 0.00091942 0.04815018
v 0.02403694 0.01594418 0.04815012
v 0.02482855 0.01437944 0.04234987
v 0.01678419 0.02248424 0.04235041
v 0.01351433 0.02438205 0.04814982
v 0.00658256 0.02700871 0.04235005
v 0.00286961 0.02767097 0.04815006
v -0.00456065 0.02734059 0.04235017
v -0.00503063 0.02924406 0.04815018
v 0.00647503 0.02914071 0.04815006
v -0.00116235 0.02967113 0.04235011
v -0.01238846 0.02722448 0.04234915
v -0.01588916 0.02554732 0.04814976
v -0.02456438 0.01841181 0.04235011
v -0.02511644 0.01729649 0.04814970
v -0.03149038 0.00369722 0.04815012
v -0.03120249 0.00396532 0.04234999
v -0.03083801 -0.00927734 0.04235011
v -0.02951467 -0.01386368 0.04815000
v -0.02520275 -0.02127426 0.04234993
v -0.01875144 -0.02787178 0.04815042
v -0.01276588 -0.03119164 0.04234993
v -0.00382811 -0.03341490 0.04815018
v 0.00116247 -0.03357195 0.04235005
v -0.01276588 -0.03119164 0.04234993
v -0.00431013 -0.03137511 0.04235017
v 0.00116247 -0.03357195 0.04235005
v -0.03083801 -0.00927734 0.04235011
v -0.02966976 0.00036714 0.04234999
v -0.02805405 -0.01152807 0.04235017
v 0.02482855 0.01437944 0.04234987
v 0.01446467 0.02669155 0.04234999
v 0.02615612 0.01585757 0.04235166
v 0.01678419 0.02248424 0.04235041
v -0.01978939 -0.02461892 0.04235041
v -0.02520275 -0.02127426 0.04234993
v 0.00658256 0.02700871 0.04235005
v 0.03132891 0.00366515 0.04235005
v 0.02981877 0.00037456 0.04235017
v -0.00116235 0.02967113 0.04235011
v -0.00456065 0.02734059 0.04235017
v 0.03034389 -0.01132249 0.04235011
v -0.01238846 0.02722448 0.04234915
v 0.02685356 -0.01477813 0.04235023
v -0.01430380 0.02401447 0.04235017
v 0.02435284 -0.02215486 0.04234915
v -0.02456438 0.01841181 0.04235011
v -0.02466124 0.01497244 0.04235041
v 0.01824021 -0.02546542 0.04235029
v 0.01406908 -0.03050047 0.04235059
v 0.00741410 -0.03065222 0.04235041
v -0.03120249 0.00396532 0.04234999
v -0.00382811 -0.03341490 0.04815018
v -0.00957799 -0.03000444 0.04814982
v -0.01875144 -0.02787178 0.04815042
v 0.02403694 0.01594418 0.04815012
v 0.02202165 0.02134281 0.04815006
v 0.01351433 0.02438205 0.04814982
v 0.03132051 0.00427961 0.04815006
v -0.01907771 -0.02468580 0.04815101
v 0.00647503 0.02914071 0.04815006
v -0.02782201 -0.01300328 0.04815006
v -0.02951467 -0.01386368 0.04815000
v 0.02962142 0.00091942 0.04815018
v 0.00286961 0.02767097 0.04815006
v -0.00503063 0.02924406 0.04815018
v 0.02944409 -0.01446366 0.04815006
v 0.02750068 -0.01350778 0.04815047
v -0.01072984 0.02580815 0.04815024
v -0.01588916 0.02554732 0.04814976
v -0.02077198 0.01919883 0.04814910
v 0.01990616 -0.02391648 0.04815042
v 0.01818209 -0.02807402 0.04814964
v -0.02511644 0.01729649 0.04814970
v -0.02899032 0.00611436 0.04815000
v 0.01119273 -0.02940005 0.04814982
v -0.03149038 0.00369722 0.04815012
v 0.00677109 -0.03281390 0.04814970
v 0.00086270 -0.03159844 0.04815018
v 0.00677109 -0.03281390 0.04814970
v 0.01406908 -0.03050047 0.04235059
v 0.01818209 -0.02807402 0.04814964
v 0.02435284 -0.02215486 0.04234915
v 0.02944409 -0.01446366 0.04815006
v 0.03034389 -0.01132249 0.04235011
v 0.03132051 0.00427961 0.04815006
v 0.03132891 0.00366515 0.04235005
v 0.02615612 0.01585757 0.04235166
v 0.02202165 0.02134281 0.04815006
v 0.01446467 0.02669155 0.04234999
v -0.01072984 0.02580815 0.04815024
v -0.01430380 0.02401447 0.04235017
v -0.02077198 0.01919883 0.04814910
v -0.02466124 0.01497244 0.04235041
v -0.02899032 0.00611436 0.04815000
v -0.02966976 0.00036714 0.04234999
v -0.02966976 0.00036714 0.04234999
v -0.02899032 0.00611436 0.04815000
v -0.02782201 -0.01300328 0.04815006
v -0.02805405 -0.01152807 0.04235017
v -0.01978939 -0.02461892 0.04235041
v -0.01907771 -0.02468580 0.04815101
v -0.00957799 -0.03000444 0.04814982
v -0.02005761 -0.02462053 0.10717670
v -0.01910012 -0.02242374 0.10793200
v -0.02061462 -0.02274268 0.10677610
v 0.00000000 -0.02282041 0.11440000
v -0.00112915 -0.02080971 0.11438170
v -0.00284576 -0.02083534 0.11427840
v -0.00400567 -0.02288460 0.11414220
v -0.00398296 -0.03629893 0.05215483
v -0.00348741 -0.03627592 0.05195128
v -0.00103951 -0.03841048 0.05187571
v -0.00020647 -0.02080512 0.11440000
v -0.00801277 -0.03815746 0.05288493
v -0.00398296 -0.03629893 0.05215483
v -0.00103951 -0.03841048 0.05187571
v -0.01742547 -0.02211141 0.10921750
v -0.00795031 -0.03610771 0.05289143
v -0.01158326 -0.03579765 0.05403131
v -0.01711648 -0.03718155 0.05679976
v -0.01528638 -0.02381616 0.11040590
v -0.01659423 -0.02199441 0.10963010
v -0.01533031 -0.03535610 0.05585521
v -0.01585388 -0.02189391 0.11009490
v -0.02119350 -0.03427940 0.05999743
v -0.01502221 -0.02175086 0.11060610
v -0.02459907 -0.03544420 0.06376737
v -0.02119350 -0.03427940 0.05999743
v -0.01711648 -0.03718155 0.05679976
v -0.01201432 -0.02139377 0.11204230
v -0.02650547 -0.03272157 0.06632417
v -0.02880859 -0.03367424 0.07086843
v -0.02852267 -0.03179049 0.06995862
v -0.01173472 -0.02339059 0.11211310
v -0.03007149 -0.03078359 0.07400220
v -0.03102016 -0.03167861 0.07887214
v -0.03132963 -0.02913361 0.08091014
v -0.03090351 -0.02919960 0.08881276
v -0.03113883 -0.02778285 0.08631604
v -0.03038120 -0.02645915 0.09135907
v -0.00797778 -0.02307856 0.11336450
v -0.00931424 -0.02115923 0.11297970
v -0.00849914 -0.02109766 0.11322300
v -0.02916806 -0.02578592 0.09442800
v -0.03038120 -0.02645915 0.09135907
v -0.03090351 -0.02919960 0.08881276
v -0.02661126 -0.02644819 0.09984868
v -0.00785053 -0.02105498 0.11339780
v -0.02789688 -0.02485650 0.09773534
v -0.00735849 -0.02102410 0.11352130
v -0.00686461 -0.02099537 0.11363670
v -0.02519989 -0.02399015 0.10163390
v -0.00538635 -0.02091920 0.11394300
v -0.02246087 -0.02323859 0.10482300
v -0.02198666 -0.02305978 0.10535690
v -0.02165699 -0.02297955 0.10567860
v -0.02132284 -0.02290064 0.10599510
v 0.00523835 -0.02083575 0.11411450
v 0.00421798 -0.02079641 0.11426960
v 0.00469631 -0.02085036 0.11415420
v 0.02214843 -0.02306038 0.10530680
v 0.02103042 -0.02279549 0.10636980
v 0.02187180 -0.02300214 0.10555760
v 0.00518471 -0.02078372 0.11416660
v 0.00448906 -0.02077722 0.11425780
v 0.00887513 -0.02109009 0.11321190
v 0.00857210 -0.02106392 0.11330690
v 0.00829208 -0.02104878 0.11337620
v 0.00493920 -0.02072674 0.11423420
v 0.00468892 -0.02069586 0.11427950
v 0.00448906 -0.02077722 0.11425780
v 0.01759773 -0.02207767 0.10914040
v 0.01761281 -0.02211570 0.10908160
v 0.01820904 -0.02221792 0.10866680
v 0.01850146 -0.02222573 0.10852120
v 0.01838773 -0.02215826 0.10864800
v 0.01415568 -0.02161175 0.11111470
v 0.01314544 -0.02148622 0.11160960
v 0.01374393 -0.02156198 0.11131740
v 0.00506586 -0.02065420 0.11423000
v 0.00443822 -0.02066487 0.11432510
v 0.01807147 -0.02207845 0.10889580
v 0.01766782 -0.02205574 0.10913410
v 0.00552535 -0.02092182 0.11393170
v 0.00490081 -0.02089595 0.11403530
v 0.00540030 -0.02091681 0.11395160
v 0.00490135 -0.02089530 0.11403820
v 0.02250152 -0.02314192 0.10496400
v 0.02103042 -0.02279549 0.10636980
v 0.02214843 -0.02306038 0.10530680
v 0.01828384 -0.02208471 0.10876070
v 0.01830285 -0.02197068 0.10879410
v 0.01790255 -0.02199292 0.10904470
v 0.02250152 -0.02314192 0.10496400
v 0.02142739 -0.02288109 0.10601240
v 0.02103042 -0.02279549 0.10636980
v 0.01398688 -0.02157551 0.11122270
v 0.01314544 -0.02148622 0.11160960
v 0.01415568 -0.02161175 0.11111470
v 0.01850152 -0.02231472 0.10834500
v 0.01848334 -0.02230143 0.10839080
v 0.01850152 -0.02231472 0.10834490
v 0.00889492 -0.02104723 0.11326810
v 0.00865114 -0.02102673 0.11334140
v 0.01850152 -0.02231472 0.10834500
v 0.01850152 -0.02231472 0.10834490
v 0.01855462 -0.02232313 0.10824100
v 0.01336103 -0.02146834 0.11156980
v 0.01855462 -0.02232313 0.10824100
v 0.01848334 -0.02230143 0.10839080
v 0.01850152 -0.02231472 0.10834500
v 0.00890923 -0.02100235 0.11330520
v 0.00854683 -0.02095222 0.11342440
v 0.02213305 -0.02294659 0.10547510
v 0.02176952 -0.02290999 0.10577630
v 0.02203536 -0.02300083 0.10547360
v 0.01501083 -0.02169936 0.11077770
v 0.01354551 -0.02142137 0.11153960
v 0.01501083 -0.02169936 0.11077770
v 0.00916415 -0.02097308 0.11325480
v 0.00843793 -0.02086454 0.11348960
v 0.01411020 -0.02150201 0.11125580
v 0.02111905 -0.02270358 0.10642710
v 0.00532824 -0.02090317 0.11399660
v 0.01423108 -0.02145940 0.11122560
v 0.01506996 -0.02149486 0.11083500
v 0.01354551 -0.02142137 0.11153960
v 0.00790215 -0.02077710 0.11365470
v 0.00843793 -0.02086454 0.11348960
v 0.00916415 -0.02097308 0.11325480
v 0.02203786 -0.02286618 0.10561340
v 0.01471710 -0.02150869 0.11099140
v 0.01506996 -0.02149486 0.11083500
v 0.01423108 -0.02145940 0.11122560
v 0.01411825 -0.02164071 0.11104820
v 0.01350235 -0.02156519 0.11135110
v 0.01381021 -0.02160298 0.11119960
v 0.01421898 -0.02165424 0.11099420
v 0.02221673 -0.02287238 0.10531130
v 0.02156060 -0.02283430 0.10615050
v 0.02203786 -0.02286618 0.10561340
v 0.02221673 -0.02287238 0.10531130
v 0.02123063 -0.02254980 0.10642520
v 0.02185434 -0.02275377 0.10582530
v 0.02221673 -0.02287238 0.10531130
v 0.02185434 -0.02275377 0.10582530
v 0.02156060 -0.02283430 0.10615050
v 0.01472657 -0.02172017 0.11072990
v 0.00877863 -0.02111101 0.11317150
v 0.00885188 -0.02111905 0.11314050
v 0.00933707 -0.02115595 0.11299280
v 0.02231353 -0.02314138 0.10502980
v 0.02231341 -0.02314138 0.10502980
v 0.02263271 -0.02322405 0.10469800
v 0.02198833 -0.02305954 0.10535770
v 0.02219498 -0.02310979 0.10515610
v 0.01454299 -0.02169191 0.11084070
v 0.01287931 -0.02148330 0.11167110
v 0.01425170 -0.02164882 0.11100850
v 0.00535083 -0.02088749 0.11403010
v 0.00465906 -0.02086830 0.11412490
v 0.01881349 -0.02234894 0.10818270
v 0.01862609 -0.02230101 0.10834930
v 0.01776587 -0.02216845 0.10891570
v 0.01912301 -0.02239704 0.10796990
v 0.01468259 -0.02168798 0.11082410
v 0.01365327 -0.02156543 0.11133090
v 0.01404392 -0.02160722 0.11114920
v 0.00964689 -0.02115291 0.11296520
v 0.00856501 -0.02107566 0.11328440
v 0.00903320 -0.02107191 0.11312380
v 0.00964689 -0.02115291 0.11296520
v 0.00829208 -0.02104878 0.11337620
v 0.00856501 -0.02107566 0.11328440
v 0.00545138 -0.02088373 0.11402700
v 0.00421679 -0.02084785 0.11419610
v 0.02260136 -0.02318525 0.10482280
v 0.02215778 -0.02308636 0.10523900
v 0.00968105 -0.02114945 0.11296580
v 0.00887513 -0.02109009 0.11321190
v 0.00829208 -0.02104878 0.11337620
v 0.00968105 -0.02114945 0.11296580
v 0.02246320 -0.02313905 0.10498860
v 0.00968105 -0.02114945 0.11296580
v 0.00857210 -0.02106392 0.11330690
v 0.00887513 -0.02109009 0.11321190
v 0.01374393 -0.02156198 0.11131740
v 0.01379251 -0.02157104 0.11128660
v 0.00912142 -0.02110332 0.11314660
v 0.00857210 -0.02106392 0.11330690
v 0.00564945 -0.02092808 0.11390680
v 0.01474416 -0.02168416 0.11081540
v 0.00950473 -0.02109140 0.11308300
v 0.00950473 -0.02109140 0.11308300
v 0.00865114 -0.02102673 0.11334140
v 0.00889492 -0.02104723 0.11326810
v 0.00939751 -0.02103924 0.11315640
v 0.00135803 -0.02079391 0.11443600
v 0.00000000 -0.02077025 0.11449640
v 0.00020981 -0.02079916 0.11442290
v 0.01894330 -0.02214777 0.10830490
v 0.00621057 -0.02094894 0.11381890
v 0.00976562 -0.02099555 0.11309330
v 0.00916415 -0.02097308 0.11325480
v 0.00983101 -0.02103734 0.11303570
v 0.00790215 -0.02077710 0.11365470
v 0.00916415 -0.02097308 0.11325480
v 0.00976562 -0.02099555 0.11309330
v 0.02244538 -0.02304989 0.10513590
v 0.00994164 -0.02120363 0.11280080
v 0.02248376 -0.02299153 0.10515880
v 0.00149328 -0.02078068 0.11445300
v 0.00981980 -0.02119481 0.11283700
v 0.00096674 -0.02076971 0.11448770
v 0.02221673 -0.02287238 0.10531130
v 0.02203786 -0.02286618 0.10561340
v 0.02248376 -0.02299153 0.10515880
v 0.02263432 -0.02322363 0.10469960
v 0.00065569 -0.02076542 0.11450020
v 0.00087738 -0.02072852 0.11456420
v 0.00043884 -0.02063071 0.11462110
v -0.00080681 -0.02063322 0.11462110
v 0.00087738 -0.02072852 0.11456420
v 0.00065834 -0.02066200 0.11460110
v 0.01046448 -0.02124315 0.11263710
v 0.00043920 -0.02058780 0.11463640
v 0.00562990 -0.02076363 0.11411230
v 0.00448906 -0.02077722 0.11425780
v 0.00518471 -0.02078372 0.11416660
v 0.00562990 -0.02076363 0.11411230
v 0.00151825 -0.02059555 0.11461100
v -0.00080681 -0.02063322 0.11462110
v 0.00043920 -0.02058780 0.11463640
v 0.00151825 -0.02059555 0.11461100
v -0.00031662 -0.02053338 0.11466010
v 0.00562990 -0.02076363 0.11411230
v 0.00493920 -0.02072674 0.11423420
v 0.01046448 -0.02124315 0.11263710
v 0.00903320 -0.02107191 0.11312380
v 0.00877863 -0.02111101 0.11317150
v 0.00087199 -0.02080243 0.11441040
v 0.00140375 -0.02080488 0.11438840
v 0.00587922 -0.02091729 0.11392270
v 0.02409356 -0.02354186 0.10326280
v 0.02220135 -0.02310788 0.10516150
v 0.01848334 -0.02230143 0.10839080
v 0.00627738 -0.02093267 0.11384980
v 0.00983679 -0.02117824 0.11288410
v 0.00903320 -0.02107191 0.11312380
v 0.01046448 -0.02124315 0.11263710
v 0.00964689 -0.02115291 0.11296520
v 0.00620973 -0.02092456 0.11387460
v 0.00580925 -0.02082687 0.11404390
v 0.00589848 -0.02093970 0.11386000
v 0.01920050 -0.02240324 0.10792730
v 0.01862609 -0.02230101 0.10834930
v 0.01940858 -0.02234029 0.10789020
v 0.01514452 -0.02170670 0.11064280
v 0.01123803 -0.02121496 0.11252870
v 0.01501083 -0.02169936 0.11077770
v 0.01398688 -0.02157551 0.11122270
v 0.01514452 -0.02170670 0.11064280
v 0.01123803 -0.02121496 0.11252870
v 0.01943778 -0.02227371 0.10791100
v 0.01013880 -0.02104645 0.11294470
v 0.00990724 -0.02096760 0.11304400
v 0.00790215 -0.02077710 0.11365470
v 0.00976562 -0.02099555 0.11309330
v 0.02272480 -0.02317512 0.10477330
v 0.00990724 -0.02096760 0.11304400
v 0.01153564 -0.02105849 0.11246770
v 0.00790215 -0.02077710 0.11365470
v 0.01923269 -0.02245318 0.10778980
v 0.01049798 -0.02123969 0.11257450
v 0.00994164 -0.02120363 0.11280080
v 0.00981980 -0.02119481 0.11283700
v 0.02309787 -0.02322500 0.10443090
v 0.02309787 -0.02322500 0.10443090
v 0.02203536 -0.02300083 0.10547360
v 0.01959222 -0.02252447 0.10750400
v 0.02279752 -0.02309000 0.10482100
v 0.02511590 -0.02363634 0.10226330
v 0.02248376 -0.02299153 0.10515880
v 0.02279752 -0.02309000 0.10482100
v 0.02511590 -0.02363634 0.10226330
v 0.02511590 -0.02363634 0.10226330
v 0.02123063 -0.02254980 0.10642520
v 0.02221673 -0.02287238 0.10531130
v 0.01936674 -0.02247405 0.10770380
v 0.01855462 -0.02232313 0.10824100
v 0.01923269 -0.02245318 0.10778980
v 0.02409356 -0.02354186 0.10326280
v 0.02409356 -0.02354186 0.10326280
v 0.02418893 -0.02366346 0.10293550
v 0.02219498 -0.02310979 0.10515610
v 0.01532900 -0.02180242 0.11040000
v 0.02409356 -0.02354186 0.10326280
v 0.02219498 -0.02310979 0.10515610
v 0.02263432 -0.02322363 0.10469960
v 0.01046448 -0.02124315 0.11263710
v 0.02511590 -0.02363634 0.10226330
v 0.00172424 -0.02071905 0.11453330
v 0.00711626 -0.02098912 0.11364280
v 0.02425760 -0.02365827 0.10293850
v 0.02706146 -0.02466249 0.09887593
v 0.00151825 -0.02059555 0.11461100
v 0.01941198 -0.02246743 0.10771170
v 0.01855462 -0.02232313 0.10824100
v 0.01936674 -0.02247405 0.10770380
v 0.00262445 -0.02082872 0.11431020
v 0.01555806 -0.02181744 0.11032080
v 0.00627381 -0.02092349 0.11386960
v 0.01126092 -0.02132368 0.11232270
v 0.00983679 -0.02117824 0.11288410
v 0.01046448 -0.02124315 0.11263710
v 0.01126092 -0.02132368 0.11232270
v 0.00964689 -0.02115291 0.11296520
v 0.00983679 -0.02117824 0.11288410
v 0.02425503 -0.02363783 0.10298310
v 0.01072973 -0.02124506 0.11259500
v 0.00964689 -0.02115291 0.11296520
v 0.01126092 -0.02132368 0.11232270
v 0.02426064 -0.02363449 0.10298680
v 0.00582039 -0.02075070 0.11408480
v 0.00582463 -0.02071404 0.11409770
v 0.00582463 -0.02071404 0.11409770
v 0.00387752 -0.02056753 0.11441040
v 0.00506586 -0.02065420 0.11423000
v 0.00602215 -0.02086538 0.11397800
v 0.02501672 -0.02383095 0.10207900
v 0.02501672 -0.02383095 0.10207900
v 0.02309787 -0.02322500 0.10443090
v 0.02409356 -0.02354186 0.10326280
v 0.02501672 -0.02383095 0.10207900
v 0.00614685 -0.02095186 0.11381110
v 0.00639516 -0.02096462 0.11376020
v 0.02034777 -0.02264714 0.10696750
v 0.01862609 -0.02230101 0.10834930
v 0.01912301 -0.02239704 0.10796990
v 0.02034777 -0.02264714 0.10696750
v 0.01862609 -0.02230101 0.10834930
v 0.01072400 -0.02122879 0.11262230
v 0.01056969 -0.02122384 0.11266510
v 0.01502776 -0.02176123 0.11056500
v 0.01542741 -0.02181696 0.11034140
v 0.01964795 -0.02244043 0.10764580
v 0.01952624 -0.02239573 0.10776660
v 0.01532900 -0.02180242 0.11040000
v 0.01472657 -0.02172017 0.11072990
v 0.01502776 -0.02176123 0.11056500
v 0.01035195 -0.02115988 0.11280290
v 0.00621057 -0.02094894 0.11381890
v 0.00711626 -0.02098912 0.11364280
v 0.00532824 -0.02090317 0.11399660
v 0.01068806 -0.02106142 0.11276380
v 0.01830285 -0.02197068 0.10879410
v 0.01894330 -0.02214777 0.10830490
v 0.01943778 -0.02227371 0.10791100
v 0.01153564 -0.02105849 0.11246770
v 0.01579415 -0.02186053 0.11015800
v 0.01994752 -0.02259707 0.10721290
v 0.02564853 -0.02411347 0.10110030
v 0.01624637 -0.02193433 0.10986910
v 0.01923269 -0.02245318 0.10778980
v 0.01959222 -0.02252447 0.10750400
v 0.02566248 -0.02410691 0.10110850
v 0.02567178 -0.02410203 0.10111380
v 0.02022188 -0.02263981 0.10702860
v 0.00651526 -0.02091008 0.11385380
v 0.01563519 -0.02180814 0.11031950
v 0.00607556 -0.02072596 0.11404940
v 0.00387752 -0.02056753 0.11441040
v 0.00582463 -0.02071404 0.11409770
v 0.00790215 -0.02077710 0.11365470
v 0.02659082 -0.02432882 0.09991592
v 0.02706146 -0.02466249 0.09887593
v 0.02659082 -0.02432882 0.09991592
v 0.02567178 -0.02410203 0.10111380
v 0.00664282 -0.02097785 0.11370730
v 0.02034777 -0.02264714 0.10696750
v 0.01569229 -0.02178722 0.11032770
v 0.00640917 -0.02082204 0.11394840
v 0.01569229 -0.02178722 0.11032770
v 0.01638346 -0.02179658 0.11000350
v 0.01512902 -0.02150297 0.11072050
v 0.01506996 -0.02149486 0.11083500
v 0.01606082 -0.02167421 0.11023340
v 0.01506996 -0.02149486 0.11083500
v 0.01512902 -0.02150297 0.11072050
v 0.02799218 -0.02494955 0.09739965
v 0.01994621 -0.02254676 0.10733740
v 0.01582390 -0.02187412 0.11011200
v 0.02799218 -0.02494955 0.09739965
v 0.02511590 -0.02363634 0.10226330
v 0.02659082 -0.02432882 0.09991592
v 0.02001953 -0.02229261 0.10763060
v 0.01830285 -0.02197068 0.10879410
v 0.01943778 -0.02227371 0.10791100
v 0.02001953 -0.02229261 0.10763060
v 0.02123063 -0.02254980 0.10642520
v 0.01830285 -0.02197068 0.10879410
v 0.02822083 -0.02498906 0.09704339
v 0.02511590 -0.02363634 0.10226330
v 0.02799218 -0.02494955 0.09739965
v 0.02821248 -0.02480411 0.09730428
v 0.02511590 -0.02363634 0.10226330
v 0.02822083 -0.02498906 0.09704339
v 0.01126092 -0.02132368 0.11232270
v 0.02858978 -0.02524882 0.09621268
v 0.02921676 -0.02581739 0.09431356
v 0.01994752 -0.02259707 0.10721290
v 0.01959222 -0.02252447 0.10750400
v 0.01994752 -0.02259707 0.10721290
v 0.00208241 -0.02074146 0.11448750
v 0.00202274 -0.02068746 0.11453570
v 0.00662899 -0.02094727 0.11378550
v 0.00219721 -0.02059078 0.11456760
v 0.00387752 -0.02056753 0.11441040
v -0.00031662 -0.02053338 0.11466010
v 0.00151825 -0.02059555 0.11461100
v 0.00607556 -0.02072596 0.11404940
v 0.00632679 -0.02073085 0.11400070
v 0.00790215 -0.02077710 0.11365470
v 0.00607556 -0.02072596 0.11404940
v 0.01068806 -0.02106142 0.11276380
v 0.01013880 -0.02104645 0.11294470
v 0.00983101 -0.02103734 0.11303570
v 0.01628410 -0.02191996 0.10989950
v 0.01104122 -0.02127617 0.11247520
v 0.00694495 -0.02098912 0.11365770
v 0.00689012 -0.02099150 0.11365220
v 0.02988713 -0.02584505 0.09320348
v 0.02858978 -0.02524882 0.09621268
v 0.02921676 -0.02581739 0.09431356
v 0.02988713 -0.02584505 0.09320348
v 0.02799218 -0.02494955 0.09739965
v 0.02858978 -0.02524882 0.09621268
v 0.02988713 -0.02584505 0.09320348
v 0.02822083 -0.02498906 0.09704339
v 0.02799218 -0.02494955 0.09739965
v 0.02988713 -0.02584505 0.09320348
v 0.03007233 -0.02622383 0.09228736
v 0.02921676 -0.02581739 0.09431356
v 0.03043740 -0.02682876 0.09024518
v 0.03007233 -0.02622383 0.09228736
v 0.02038383 -0.02266204 0.10692280
v 0.01111596 -0.02124357 0.11244480
v 0.01104122 -0.02127617 0.11247520
v 0.01126092 -0.02132368 0.11232270
v 0.01111596 -0.02124357 0.11244480
v 0.00964689 -0.02115291 0.11296520
v 0.01072973 -0.02124506 0.11259500
v 0.00711626 -0.02098912 0.11364280
v 0.01111596 -0.02124357 0.11244480
v 0.01072973 -0.02124506 0.11259500
v 0.01104122 -0.02127617 0.11247520
v 0.01111596 -0.02124357 0.11244480
v 0.01056969 -0.02122384 0.11266510
v 0.00964689 -0.02115291 0.11296520
v 0.01592731 -0.02175915 0.11025920
v 0.02000463 -0.02256816 0.10727430
v 0.02039617 -0.02265417 0.10693500
v 0.01111596 -0.02124357 0.11244480
v 0.01072400 -0.02122879 0.11262230
v 0.01056969 -0.02122384 0.11266510
v 0.01606082 -0.02167421 0.11023340
v 0.01512902 -0.02150297 0.11072050
v 0.01638346 -0.02179658 0.11000350
v 0.01616364 -0.02167689 0.11017730
v 0.01506996 -0.02149486 0.11083500
v 0.01153564 -0.02105849 0.11246770
v 0.01068806 -0.02106142 0.11276380
v 0.01087129 -0.02106642 0.11270320
v 0.01068806 -0.02106142 0.11276380
v 0.01123803 -0.02121496 0.11252870
v 0.01126092 -0.02132368 0.11232270
v 0.01621699 -0.02193284 0.10987690
v 0.03087234 -0.02696180 0.08925527
v 0.01068806 -0.02106142 0.11276380
v 0.00983101 -0.02103734 0.11303570
v 0.00239390 -0.02079278 0.11440510
v 0.01131063 -0.02112960 0.11252860
v 0.00739080 -0.02100086 0.11358910
v 0.01111376 -0.02107334 0.11261680
v 0.01153564 -0.02105849 0.11246770
v 0.01087129 -0.02106642 0.11270320
v 0.01111376 -0.02107334 0.11261680
v 0.01087129 -0.02106642 0.11270320
v 0.01068806 -0.02106142 0.11276380
v 0.00327706 -0.02081197 0.11432400
v 0.01136773 -0.02131217 0.11232270
v 0.01126092 -0.02132368 0.11232270
v 0.01159662 -0.02135413 0.11219300
v 0.03087234 -0.02696180 0.08925527
v 0.02988713 -0.02584505 0.09320348
v 0.03007233 -0.02622383 0.09228736
v 0.02009159 -0.02246159 0.10735230
v 0.03073549 -0.02659934 0.09017652
v 0.02988713 -0.02584505 0.09320348
v 0.03087234 -0.02696180 0.08925527
v 0.02027577 -0.02248317 0.10720810
v 0.01940858 -0.02234029 0.10789020
v 0.02009159 -0.02246159 0.10735230
v 0.02027577 -0.02248317 0.10720810
v 0.02027577 -0.02248317 0.10720810
v 0.01145082 -0.02130985 0.11232830
v 0.01126092 -0.02132368 0.11232270
v 0.01136773 -0.02131217 0.11232270
v 0.01145082 -0.02130985 0.11232830
v 0.02029865 -0.02267092 0.10691660
v 0.03133404 -0.02840846 0.08387655
v 0.00299066 -0.02075910 0.11442080
v 0.00327706 -0.02081197 0.11432400
v 0.02029865 -0.02267092 0.10691660
v 0.01145327 -0.02130663 0.11233360
v 0.02030146 -0.02267009 0.10691950
v 0.03139001 -0.02759659 0.08618062
v 0.03073549 -0.02659934 0.09017652
v 0.03087234 -0.02696180 0.08925527
v 0.01146793 -0.02128356 0.11235890
v 0.02029865 -0.02267092 0.10691660
v 0.03117132 -0.02783530 0.08616155
v 0.03087234 -0.02696180 0.08925527
v 0.03133404 -0.02840846 0.08387655
v 0.00645047 -0.02075237 0.11397170
v 0.00663555 -0.02078020 0.11392480
v 0.00632679 -0.02073085 0.11400070
v 0.00681239 -0.02085661 0.11385440
v 0.00711304 -0.02091610 0.11375020
v 0.00738352 -0.02102047 0.11353640
v 0.01690232 -0.02200770 0.10953270
v 0.01152586 -0.02108025 0.11246180
v 0.01152586 -0.02108025 0.11246180
v 0.01111376 -0.02107334 0.11261680
v 0.01068806 -0.02106142 0.11276380
v 0.03139001 -0.02759659 0.08618062
v 0.03087234 -0.02696180 0.08925527
v 0.03117132 -0.02783530 0.08616155
v 0.01655733 -0.02194631 0.10976490
v 0.01196897 -0.02136093 0.11212050
v 0.01159662 -0.02135413 0.11219300
v 0.01170349 -0.02135413 0.11220830
v 0.00319827 -0.02082133 0.11431090
v 0.01175832 -0.02133756 0.11221060
v 0.01196897 -0.02136093 0.11212050
v 0.01175999 -0.02133536 0.11221420
v 0.01631063 -0.02183938 0.11000740
v 0.01501083 -0.02169936 0.11077770
v 0.01569229 -0.02178722 0.11032770
v 0.01631063 -0.02183938 0.11000740
v 0.03133404 -0.02840846 0.08387655
v 0.01631063 -0.02183938 0.11000740
v 0.01506996 -0.02149486 0.11083500
v 0.01631063 -0.02183938 0.11000740
v 0.01654160 -0.02179551 0.10992410
v 0.00669473 -0.02080863 0.11390370
v 0.01660674 -0.02199292 0.10963580
v 0.00302500 -0.02081066 0.11434200
v 0.01660674 -0.02199292 0.10963580
v 0.01621699 -0.02193284 0.10987690
v 0.01660668 -0.02199298 0.10963580
v 0.01182788 -0.02115023 0.11233550
v 0.02049928 -0.02267158 0.10685530
v 0.01213335 -0.02124196 0.11218390
v 0.02049928 -0.02267158 0.10685530
v 0.02034777 -0.02264714 0.10696750
v 0.02000463 -0.02256816 0.10727430
v 0.00327706 -0.02081197 0.11432400
v 0.00135803 -0.02079391 0.11443600
v 0.00302500 -0.02081066 0.11434200
v 0.01730489 -0.02210170 0.10919700
v 0.02049928 -0.02267158 0.10685530
v 0.00327706 -0.02081197 0.11432400
v 0.00149328 -0.02078068 0.11445300
v 0.00239390 -0.02079278 0.11440510
v 0.02055519 -0.02265757 0.10684900
v 0.02060735 -0.02259546 0.10689310
v 0.02027577 -0.02248317 0.10720810
v 0.02062749 -0.02255791 0.10690700
v 0.02047646 -0.02246057 0.10707160
v 0.02001953 -0.02229261 0.10763060
v 0.02062749 -0.02255791 0.10690700
v 0.02123063 -0.02254980 0.10642520
v 0.02001953 -0.02229261 0.10763060
v 0.02047646 -0.02246057 0.10707160
v 0.02064549 -0.02274614 0.10661500
v 0.02064549 -0.02274614 0.10661500
v 0.02064549 -0.02274614 0.10661500
v 0.03146600 -0.02878671 0.08178228
v 0.00297725 -0.02067494 0.11447660
v 0.00722444 -0.02096188 0.11367790
v 0.00790215 -0.02077710 0.11365470
v 0.00337219 -0.02061408 0.11446560
v 0.00219721 -0.02059078 0.11456760
v 0.00151825 -0.02059555 0.11461100
v 0.00337219 -0.02061408 0.11446560
v 0.00387752 -0.02056753 0.11441040
v 0.00219721 -0.02059078 0.11456760
v 0.00694704 -0.02080082 0.11385560
v 0.00694704 -0.02080082 0.11385560
v 0.00669473 -0.02080863 0.11390370
v 0.00640917 -0.02082204 0.11394840
v 0.01263827 -0.02144956 0.11179620
v 0.01170349 -0.02135413 0.11220830
v 0.01243299 -0.02141529 0.11191360
v 0.01196897 -0.02136093 0.11212050
v 0.01668995 -0.02192109 0.10975020
v 0.01569229 -0.02178722 0.11032770
v 0.01759773 -0.02207767 0.10914040
v 0.01249951 -0.02141284 0.11190280
v 0.01709735 -0.02195048 0.10952350
v 0.01146793 -0.02128356 0.11235890
v 0.01241731 -0.02136456 0.11199250
v 0.01675343 -0.02177417 0.10981450
v 0.00903320 -0.02107191 0.11312380
v 0.01273465 -0.02139532 0.11185690
v 0.01146793 -0.02128356 0.11235890
v 0.01241731 -0.02136456 0.11199250
v 0.01273465 -0.02139532 0.11185690
v 0.01675343 -0.02177417 0.10981450
v 0.01830285 -0.02197068 0.10879410
v 0.01506996 -0.02149486 0.11083500
v 0.01675343 -0.02177417 0.10981450
v 0.01506996 -0.02149486 0.11083500
v 0.01616364 -0.02167689 0.11017730
v 0.00327706 -0.02081197 0.11432400
v 0.01222610 -0.02129703 0.11211880
v 0.01223367 -0.02127522 0.11213120
v 0.01730489 -0.02210170 0.10919700
v 0.03146600 -0.02878671 0.08178228
v 0.03133404 -0.02840846 0.08387655
v 0.03082323 -0.02987676 0.07799762
v 0.01660668 -0.02199298 0.10963580
v 0.01699298 -0.02205449 0.10938900
v 0.01235985 -0.02120512 0.11211350
v 0.01256692 -0.02145832 0.11177980
v 0.01159662 -0.02135413 0.11219300
v 0.01256686 -0.02145832 0.11177980
v 0.01298397 -0.02150499 0.11159250
v 0.00377607 -0.02082145 0.11427730
v 0.00327706 -0.02081197 0.11432400
v 0.00340521 -0.02081269 0.11431720
v 0.00739938 -0.02099817 0.11359590
v 0.00749344 -0.02099794 0.11358420
v 0.02111423 -0.02278190 0.10634910
v 0.00377607 -0.02082145 0.11427730
v 0.01272702 -0.02147382 0.11171730
v 0.02062749 -0.02255791 0.10690700
v 0.02080982 -0.02258008 0.10675970
v 0.02047646 -0.02246057 0.10707160
v 0.02100145 -0.02256631 0.10661330
v 0.02123063 -0.02254980 0.10642520
v 0.00728059 -0.02098107 0.11364280
v 0.00365716 -0.02072435 0.11438720
v 0.00341958 -0.02070653 0.11442220
v 0.00297725 -0.02067494 0.11447660
v 0.00365716 -0.02072435 0.11438720
v 0.02099013 -0.02282202 0.10631040
v 0.02064549 -0.02274614 0.10661500
v 0.02099609 -0.02293348 0.10616580
v 0.02099013 -0.02282202 0.10631040
v 0.03030806 -0.03058159 0.07474368
v 0.03146600 -0.02878671 0.08178228
v 0.03082323 -0.02987676 0.07799762
v 0.00382495 -0.02064263 0.11440580
v 0.00390625 -0.02086210 0.11419190
v 0.00339562 -0.02084565 0.11423720
v 0.00389826 -0.02086043 0.11417810
v 0.01579415 -0.02186053 0.11015800
v 0.03118515 -0.02947741 0.07855814
v 0.03146600 -0.02878671 0.08178228
v 0.03030806 -0.03058159 0.07474368
v 0.00390625 -0.02086210 0.11419190
v 0.00262445 -0.02082872 0.11431020
v 0.00339562 -0.02084565 0.11423720
v 0.02134382 -0.02290183 0.10598850
v 0.00778234 -0.02095860 0.11358550
v 0.01758062 -0.02212387 0.10907530
v 0.00786018 -0.02089667 0.11361600
v 0.00422585 -0.02085399 0.11418330
v 0.00390625 -0.02086210 0.11419190
v 0.00773484 -0.02092719 0.11362180
v 0.00744128 -0.02085137 0.11373160
v 0.00744748 -0.02080821 0.11374590
v 0.00744921 -0.02079308 0.11374950
v 0.00903320 -0.02107191 0.11312380
v 0.00694495 -0.02098912 0.11365770
v 0.00738352 -0.02102047 0.11353640
v 0.00738352 -0.02102047 0.11353640
v 0.00787503 -0.02105128 0.11341230
v 0.02114868 -0.02283883 0.10622480
v 0.01260012 -0.02143001 0.11184820
v 0.02838850 -0.03187680 0.06949704
v 0.03030806 -0.03058159 0.07474368
v 0.02848160 -0.03179514 0.07027882
v 0.01314544 -0.02148622 0.11160960
v 0.01196897 -0.02136093 0.11212050
v 0.01260012 -0.02143001 0.11184820
v 0.02939319 -0.03123188 0.07178777
v 0.01722770 -0.02188879 0.10949280
v 0.01286268 -0.02135485 0.11184860
v 0.01287394 -0.02131778 0.11186460
v 0.01714503 -0.02182805 0.10956680
v 0.01714503 -0.02182805 0.10956680
v 0.01267606 -0.02124673 0.11197510
v 0.01737570 -0.02211743 0.10913650
v 0.01737564 -0.02211749 0.10913640
v 0.01775473 -0.02218180 0.10887810
v 0.01771116 -0.02217239 0.10891560
v 0.01298403 -0.02150499 0.11159260
v 0.01339846 -0.02155321 0.11139910
v 0.00397944 -0.02083182 0.11424490
v 0.00340521 -0.02081269 0.11431720
v 0.00836450 -0.02108418 0.11328040
v 0.02681630 -0.03254956 0.06655496
v 0.02669382 -0.03263509 0.06690138
v 0.02117192 -0.02261251 0.10645820
v 0.02111905 -0.02270358 0.10642710
v 0.02123063 -0.02254980 0.10642520
v 0.02117192 -0.02261251 0.10645820
v 0.02681630 -0.03254956 0.06655496
v 0.02939319 -0.03123188 0.07178777
v 0.02838850 -0.03187680 0.06949704
v 0.00749344 -0.02099794 0.11358420
v 0.02451556 -0.03341627 0.06375306
v 0.00385976 -0.02078205 0.11432140
v 0.00392353 -0.02074307 0.11434870
v 0.00385976 -0.02078205 0.11432140
v 0.01404392 -0.02160722 0.11114920
v 0.01263827 -0.02144956 0.11179620
v 0.01365327 -0.02156543 0.11133090
v 0.00341958 -0.02070653 0.11442220
v 0.00365716 -0.02072435 0.11438720
v 0.00392884 -0.02069115 0.11437790
v 0.00387752 -0.02056759 0.11441040
v 0.00393301 -0.02063292 0.11439650
v 0.00440013 -0.02087724 0.11411080
v 0.01314544 -0.02148622 0.11160960
v 0.02179425 -0.03412342 0.06053251
v 0.02681630 -0.03254956 0.06655496
v 0.02451556 -0.03341627 0.06375306
v 0.02179425 -0.03412342 0.06053251
v 0.02405732 -0.03335613 0.06272214
v 0.02681630 -0.03254956 0.06655496
v 0.02130508 -0.03434270 0.05996221
v 0.02405732 -0.03335613 0.06272214
v 0.02179425 -0.03412342 0.06053251
v 0.02143412 -0.02283084 0.10609450
v 0.01306849 -0.02138918 0.11174830
v 0.01750683 -0.02196562 0.10929420
v 0.02156060 -0.02283430 0.10615050
v 0.02123063 -0.02254980 0.10642520
v 0.02111905 -0.02270358 0.10642710
v 0.01772248 -0.02192330 0.10918180
v 0.00787449 -0.02076053 0.11365740
v 0.01309984 -0.02127814 0.11178920
v 0.01309984 -0.02127814 0.11178920
v 0.01506996 -0.02149486 0.11083500
v 0.01153564 -0.02105849 0.11246770
v 0.01309984 -0.02127814 0.11178920
v 0.01267606 -0.02124673 0.11197510
v 0.01813006 -0.02224761 0.10861430
v 0.00794321 -0.02083921 0.11362090
v 0.00787449 -0.02076053 0.11365740
v 0.00790215 -0.02077710 0.11365470
v 0.00744921 -0.02079308 0.11374950
v 0.01882934 -0.03455257 0.05783545
v 0.02405732 -0.03335613 0.06272214
v 0.02130508 -0.03434270 0.05996221
v 0.00790215 -0.02077710 0.11365470
v 0.00787449 -0.02076053 0.11365740
v 0.00794321 -0.02083921 0.11362090
v 0.02165943 -0.02297931 0.10567940
v 0.01381015 -0.02160298 0.11119960
v 0.00836450 -0.02108418 0.11328040
v 0.01412582 -0.03542995 0.05486387
v 0.02179425 -0.03412342 0.06053251
v 0.01879787 -0.03480172 0.05818361
v 0.01412582 -0.03542995 0.05486387
v 0.01412582 -0.03542995 0.05486387
v 0.01879787 -0.03480172 0.05818361
v 0.01528942 -0.03536975 0.05589562
v 0.01412582 -0.03542995 0.05486387
v 0.01882934 -0.03455257 0.05783545
v 0.02130508 -0.03434270 0.05996221
v 0.01216316 -0.03570836 0.05424398
v 0.01049798 -0.03570228 0.05335795
v 0.01412582 -0.03542995 0.05486387
v 0.01216316 -0.03570836 0.05424398
v 0.00903320 -0.02107191 0.11312380
v 0.00856501 -0.02107566 0.11328440
v 0.00711626 -0.02098912 0.11364280
v 0.00989151 -0.03585320 0.05323690
v 0.00989151 -0.03585320 0.05323690
v 0.01216316 -0.03570836 0.05424398
v 0.00599289 -0.03614121 0.05226892
v 0.00448906 -0.02077722 0.11425780
v 0.00365716 -0.02072435 0.11438720
v 0.00392353 -0.02074307 0.11434870
v 0.01049798 -0.03570228 0.05335795
v 0.00557894 -0.03428006 0.05211889
v 0.01412582 -0.03542995 0.05486387
v 0.00440013 -0.02087724 0.11411080
v 0.01862609 -0.02230101 0.10834930
v 0.01690232 -0.02200770 0.10953270
v 0.01758062 -0.02212387 0.10907530
v 0.00490135 -0.02089530 0.11403820
v 0.00599289 -0.03614121 0.05226892
v 0.01049798 -0.03570228 0.05335795
v 0.00989151 -0.03585320 0.05323690
v 0.00557894 -0.03428006 0.05211889
v 0.01820904 -0.02221792 0.10866680
v 0.01862609 -0.02230101 0.10834930
v 0.02142739 -0.02288109 0.10601240
v 0.02049928 -0.02267158 0.10685530
v 0.02103042 -0.02279549 0.10636980
v 0.00381398 -0.03618758 0.05194234
v 0.00599289 -0.03614121 0.05226892
v 0.00363725 -0.03629136 0.05204004
v 0.00363725 -0.03629136 0.05204004
v -0.00348741 -0.03627592 0.05195128
v 0.00000000 -0.03629016 0.05175024
v 0.00363725 -0.03629136 0.05204004
v 0.00000000 -0.03629016 0.05175024
v -0.00080133 -0.03616183 0.05165755
v 0.00262201 -0.03614246 0.05177778
v 0.00599289 -0.03614121 0.05226892
v 0.00381398 -0.03618758 0.05194234
v 0.00262201 -0.03614246 0.05177778
v -0.00080133 -0.03616183 0.05165755
v 0.01506996 -0.02149486 0.11083500
v 0.02203786 -0.02286618 0.10561340
v 0.02156060 -0.02283430 0.10615050
v 0.02111905 -0.02270358 0.10642710
v 0.00262219 -0.03612244 0.05177134
v 0.00262201 -0.03614246 0.05177778
v -0.00080133 -0.03616183 0.05165755
v 0.00262141 -0.03603941 0.05175930
v 0.02185434 -0.02275377 0.10582530
v 0.02123063 -0.02254980 0.10642520
v 0.02156060 -0.02283430 0.10615050
v 0.01850152 -0.02231472 0.10834490
v 0.02198833 -0.02305954 0.10535770
v 0.02198827 -0.02305966 0.10535750
v 0.02165943 -0.02297931 0.10567940
v 0.00790215 -0.02077710 0.11365470
v 0.02198833 -0.02305954 0.10535770
v 0.00535083 -0.02088749 0.11403010
v 0.00422585 -0.02085399 0.11418330
v 0.00465906 -0.02086830 0.11412490
v 0.03141182 -0.01307910 0.08070999
v 0.03146588 -0.00848651 0.08006715
v 0.03146600 -0.02878671 0.08178228
v 0.03143841 0.00606555 0.08009463
v 0.03146600 -0.02878671 0.08178228
v 0.03146588 -0.00848651 0.08006715
v 0.03118515 -0.02947741 0.07855814
v 0.03141182 -0.01307910 0.08070999
v 0.03146600 -0.02878671 0.08178228
v 0.03145086 0.04064947 0.08080691
v 0.03094315 -0.01481056 0.07709401
v 0.03130877 0.00980300 0.07968086
v 0.03030806 -0.03058159 0.07474368
v 0.03049576 0.01255750 0.07507032
v 0.02979421 -0.01750987 0.07276433
v 0.02939319 -0.03123188 0.07178777
v 0.03008908 0.04064911 0.07354348
v 0.02681630 -0.03254956 0.06655496
v 0.02862930 0.01562535 0.06996244
v 0.02405732 -0.03335613 0.06272214
v 0.02656364 -0.02210569 0.06617635
v 0.02571290 0.04064977 0.06469339
v 0.02729696 0.01740497 0.06736844
v 0.01882934 -0.03455257 0.05783545
v 0.02330398 -0.02541494 0.06185042
v 0.02489757 0.02002751 0.06374448
v 0.02115249 0.02327007 0.05969130
v 0.02069085 0.04065012 0.05936712
v 0.01412582 -0.03542995 0.05486387
v 0.01391983 -0.03140395 0.05485236
v 0.01637649 0.04064989 0.05618941
v 0.01509433 0.02699834 0.05550146
v 0.01081460 0.04064941 0.05350863
v 0.01010125 0.02916306 0.05331510
v 0.00844574 0.02957195 0.05280005
v 0.00206798 0.04064947 0.05155438
v 0.00088596 -0.03476417 0.05165785
v 0.00476837 0.03043019 0.05201143
v 0.00171852 0.03081113 0.05169743
v -0.00387752 -0.03600728 0.05188953
v -0.00136089 -0.03473085 0.05167305
v -0.00038004 0.03087979 0.05163592
v -0.00771713 -0.03587830 0.05258142
v -0.00475693 -0.03433650 0.05200380
v -0.00468409 0.03044247 0.05200034
v -0.00887585 0.04064965 0.05276817
v -0.01152992 -0.03552657 0.05383604
v -0.00695419 -0.03380721 0.05237764
v -0.01196289 -0.03227949 0.05401510
v -0.00825733 0.02963548 0.05275166
v -0.01831817 -0.03445214 0.05731093
v -0.01597970 -0.03047323 0.05596441
v -0.01531410 0.02696651 0.05551904
v -0.02004426 -0.02791357 0.05881017
v -0.01825898 0.04064995 0.05731958
v -0.02551651 -0.02332735 0.06451696
v -0.02417796 -0.03327351 0.06295919
v -0.02039337 0.02366775 0.05910009
v -0.02584743 0.04065001 0.06487554
v -0.02743339 -0.02113008 0.06752485
v -0.02668285 -0.03243857 0.06640332
v -0.02447503 0.02041661 0.06331914
v -0.02940082 -0.01835298 0.07181638
v -0.02617454 0.01866954 0.06561177
v -0.02759075 0.01698726 0.06788724
v -0.03014987 0.04064959 0.07372754
v -0.03071248 -0.01577728 0.07608312
v -0.03018754 0.01298660 0.07414525
v -0.03104662 -0.02967482 0.07777136
v -0.03133606 -0.01351058 0.07977670
v -0.03151106 -0.02862536 0.08206331
v -0.03096628 0.01080405 0.07720464
v -0.03144478 -0.00778770 0.07912057
v -0.03133606 -0.01351058 0.07977670
v -0.03151106 -0.02862536 0.08206331
v -0.03136473 0.04064953 0.08003860
v -0.03145337 0.00830614 0.08127188
v -0.03149819 0.04064959 0.08592236
v -0.03151106 -0.02862536 0.08206331
v 0.00557894 -0.03428006 0.05211889
v 0.00896263 -0.03330677 0.05289065
v 0.02076530 -0.02669382 0.05905336
v -0.02763998 -0.01225960 0.03865009
v -0.02476811 -0.01824581 0.03864908
v -0.02777642 -0.01202797 0.04815047
v -0.01698982 0.02218747 0.03865087
v -0.01994371 0.01991075 0.04815119
v -0.01505661 0.02342933 0.04814887
v -0.01338422 0.02435892 0.03865015
v -0.01225471 0.02488362 0.04815012
v -0.02906686 -0.00749904 0.03865009
v -0.02928370 -0.00589383 0.04815000
v 0.00135547 -0.03151100 0.03864997
v 0.00184452 -0.03144085 0.04815018
v -0.00554830 -0.03101730 0.04815018
v -0.00560004 0.02723371 0.03865021
v -0.00702774 0.02679461 0.04815012
v -0.00505727 -0.03103113 0.03864991
v -0.02930104 0.00300163 0.03865027
v -0.02929913 0.00258344 0.04815012
v -0.00914383 -0.03001523 0.03865069
v -0.01146596 -0.02914953 0.04814350
v 0.00135547 0.02761024 0.04815018
v -0.01225471 -0.02878451 0.03865009
v -0.01575279 -0.02694964 0.03865206
v -0.01712179 -0.02608585 0.04814851
v -0.02676701 0.01056420 0.04815012
v -0.02560091 0.01289069 0.03865200
v -0.01997607 -0.02368062 0.03864389
v -0.02250307 -0.02109926 0.04815196
v -0.02414029 0.01503598 0.04815369
v -0.02107995 0.01875442 0.03865063
v -0.02547955 -0.01685214 0.04814767
v 0.02560091 -0.01679158 0.03865075
v 0.02917325 -0.00690937 0.03864991
v 0.02763998 -0.01225960 0.03865009
v 0.01202630 0.02514851 0.03865015
v 0.01767861 0.02166557 0.03865009
v 0.02145302 0.01843202 0.03865158
v -0.01698982 0.02218747 0.03865087
v -0.01338422 0.02435892 0.03865015
v -0.00560004 0.02723371 0.03865021
v -0.02763998 -0.01225960 0.03865009
v -0.02930104 0.00300163 0.03865027
v 0.01225471 -0.02878451 0.03865009
v -0.02906686 -0.00749904 0.03865009
v -0.01225471 -0.02878451 0.03865009
v -0.00505727 -0.03103113 0.03864991
v -0.00914383 -0.03001523 0.03865069
v 0.00135547 -0.03151100 0.03864997
v -0.02476811 -0.01824581 0.03864908
v 0.01767861 -0.02556627 0.03865009
v 0.02108025 -0.02265572 0.03865134
v -0.01997607 -0.02368062 0.03864389
v -0.01575279 -0.02694964 0.03865206
v 0.01522064 -0.02724123 0.03864645
v -0.02560091 0.01289069 0.03865200
v -0.02107995 0.01875442 0.03865063
v 0.02580583 0.01244270 0.03865057
v 0.02763998 0.00835878 0.03865009
v 0.02929913 0.00258356 0.03864997
v 0.00394422 0.02733314 0.03865009
v 0.00857830 -0.03022599 0.03865110
v 0.02763998 0.00835878 0.03865009
v 0.02511179 0.01381003 0.04814970
v 0.02842438 0.00612062 0.04815047
v 0.01522064 -0.02724123 0.03864645
v 0.01767861 -0.02556627 0.03865009
v 0.01917374 -0.02456372 0.04814988
v 0.02580583 0.01244270 0.03865057
v 0.01203387 -0.02893686 0.04815006
v 0.02929913 0.00258356 0.03864997
v 0.01225471 -0.02878451 0.03865009
v 0.00394422 0.02733314 0.03865009
v 0.02936726 0.00101960 0.04815018
v 0.00857830 -0.03022599 0.03865110
v 0.00712061 -0.03059583 0.04815131
v 0.00857759 0.02632540 0.04815006
v 0.02949100 -0.00319010 0.04815006
v 0.01202630 0.02514851 0.03865015
v 0.02917325 -0.00690937 0.03864991
v 0.02881544 -0.00848907 0.04815042
v 0.01338380 0.02435910 0.04814642
v 0.01879978 0.02090346 0.04815012
v 0.02763998 -0.01225960 0.03865009
v 0.02586752 -0.01643747 0.04814940
v 0.01767861 0.02166557 0.03865009
v 0.02560091 -0.01679158 0.03865075
v 0.02145302 0.01843202 0.03865158
v 0.02108025 -0.02265572 0.03865134
v 0.02660650 0.01487267 0.04815238
v 0.02406221 0.01829355 0.04814243
v 0.02574658 0.01599180 0.05790984
v -0.01529246 0.02532947 0.05202829
v -0.01638603 0.02503430 0.05512994
v -0.01207154 0.02754062 0.05350941
v -0.01878088 0.02301126 0.05463981
v 0.03131079 0.00128972 0.07121044
v 0.03083151 0.00425565 0.06871634
v 0.03074645 0.00574565 0.07185524
v -0.00789261 0.02958112 0.05260670
v -0.01164960 0.02846205 0.05386549
v -0.00969696 0.02917897 0.05316817
v -0.00756645 0.02914756 0.05225843
v -0.01164960 0.02846205 0.05386549
v -0.00789261 0.02958112 0.05260670
v -0.01207154 0.02754062 0.05350941
v -0.00560754 0.03024613 0.05213350
v -0.00825733 0.02963548 0.05275166
v -0.00468409 0.03044247 0.05200034
v -0.00801420 0.02965050 0.05267280
v -0.00825733 0.02963548 0.05275166
v -0.00560754 0.03024613 0.05213350
v -0.00969696 0.02917897 0.05316817
v -0.02414041 0.01822268 0.04889959
v -0.02658921 0.01490378 0.04814863
v -0.02713257 0.01382839 0.05928558
v -0.02414041 0.01822268 0.04889959
v -0.02140665 0.02108407 0.04814803
v -0.02658921 0.01490378 0.04814863
v 0.03146940 -0.00056900 0.07360178
v 0.02942800 0.00899917 0.06402510
v 0.03027939 0.00644189 0.06702655
v -0.02140665 0.02108407 0.04814803
v -0.02431160 0.01791906 0.05507177
v -0.02232694 0.02009057 0.05454677
v -0.01869142 0.02326387 0.05185067
v 0.03023809 0.00669122 0.06481450
v -0.01048344 0.02773094 0.05195528
v -0.01535058 0.02543973 0.05047601
v -0.00454712 0.03028911 0.05190557
v -0.00801420 0.02965050 0.05267280
v -0.00560754 0.03024613 0.05213350
v -0.00454712 0.03028911 0.05190557
v -0.01735872 0.02417337 0.05165952
v -0.01869142 0.02326387 0.05185067
v -0.01535058 0.02543973 0.05047601
v 0.02807450 0.01228827 0.04877990
v 0.02793759 0.01239418 0.06013000
v 0.02981168 0.00817245 0.04816228
v -0.00468409 0.03019124 0.05192953
v -0.00756645 0.02914756 0.05225843
v -0.00454712 0.03028911 0.05190557
v -0.00698841 0.02871102 0.05086541
v -0.00756645 0.02914756 0.05225843
v -0.00210947 0.03074371 0.05172008
v -0.00468409 0.03044247 0.05200034
v -0.00038004 0.03087979 0.05163592
v -0.00154108 0.03039592 0.05154699
v -0.00210947 0.03074371 0.05172008
v -0.00560754 0.03024613 0.05213350
v 0.00043487 0.03015178 0.05131995
v -0.00454712 0.03028911 0.05190557
v -0.00560754 0.03024613 0.05213350
v 0.00043487 0.03015178 0.05131995
v -0.00468415 0.02983826 0.05174285
v -0.00426984 0.02931022 0.05104237
v -0.00756645 0.02914756 0.05225843
v -0.00468409 0.03019124 0.05192953
v -0.00107384 0.02992886 0.05122369
v -0.01147037 0.02734112 0.04817628
v -0.01537370 0.02545154 0.04815012
v -0.00426984 0.02931022 0.05104237
v -0.01531344 0.02547699 0.04925131
v -0.01735872 0.02417337 0.05165952
v -0.00426984 0.02931022 0.05104237
v -0.00468409 0.03019124 0.05192953
v -0.00107384 0.02992886 0.05122369
v -0.00426984 0.02931022 0.05104237
v -0.00468415 0.02983826 0.05174285
v -0.00468409 0.03019124 0.05192953
v 0.00169557 0.02985233 0.05114561
v -0.00454712 0.03028911 0.05190557
v 0.00169557 0.02985233 0.05114561
v -0.00454712 0.03028911 0.05190557
v 0.00043487 0.03015178 0.05131995
v 0.02660650 0.01487267 0.04815238
v 0.00044395 0.03074079 0.05163210
v -0.00831825 0.02840375 0.04815375
v 0.00210565 0.03071343 0.05170911
v 0.00171792 0.03065955 0.05166929
v -0.00154108 0.03039592 0.05154699
v 0.00210565 0.03071343 0.05170911
v 0.00171792 0.03065955 0.05166929
v 0.00044395 0.03064674 0.05160939
v -0.00154108 0.03039592 0.05154699
v 0.00204188 0.03059935 0.05168110
v -0.00154108 0.03039592 0.05154699
v 0.00044395 0.03064674 0.05160939
v 0.00171792 0.03065955 0.05166929
v 0.00341415 0.03040355 0.05176436
v 0.00341415 0.03040355 0.05176436
v 0.00108093 0.03054517 0.05160754
v -0.00154108 0.03039592 0.05154699
v 0.00108093 0.03054517 0.05160754
v 0.00043487 0.03015178 0.05131995
v -0.00154108 0.03039592 0.05154699
v -0.03118419 0.00547051 0.07617682
v 0.00210565 0.03071343 0.05170911
v 0.00379974 0.03040403 0.05185264
v 0.00341415 0.03040355 0.05176436
v 0.00204188 0.03059935 0.05168110
v -0.00041968 0.02957242 0.05030822
v 0.00341415 0.03040355 0.05176436
v 0.00476837 0.03043019 0.05201143
v 0.00210565 0.03071343 0.05170911
v 0.00171852 0.03081113 0.05169743
v 0.00525284 0.03035539 0.05207628
v 0.00210565 0.03071343 0.05170911
v 0.00476837 0.03043019 0.05201143
v 0.00525284 0.03035539 0.05207628
v -0.03145641 -0.00039788 0.07308548
v -0.00264025 0.02950435 0.04815244
v 0.00525284 0.03035539 0.05207628
v 0.03085798 0.00455225 0.04814910
v 0.03138649 0.00120270 0.04815131
v 0.00525284 0.03035539 0.05207628
v 0.00499862 0.03022545 0.05202364
v 0.00379974 0.03040403 0.05185264
v 0.03150182 -0.00163019 0.04815238
v 0.00505698 0.03017026 0.05200260
v 0.00499862 0.03022545 0.05202364
v 0.00505698 0.03011614 0.05198276
v 0.00169557 0.02985233 0.05114561
v 0.00330013 0.02944457 0.05078262
v 0.00844574 0.02957195 0.05280005
v 0.00476837 0.03043019 0.05201143
v 0.00525284 0.03035539 0.05207628
v 0.00505698 0.02978277 0.05180335
v 0.00844574 0.02957195 0.05280005
v 0.00638246 0.02994388 0.05225676
v 0.00785589 0.02965587 0.05263799
v 0.00341415 0.03040355 0.05176436
v 0.00505698 0.03011614 0.05198276
v 0.00785589 0.02965587 0.05263799
v 0.00505698 0.03011614 0.05198276
v 0.00638246 0.02994388 0.05225676
v 0.00685120 0.02953183 0.05220884
v 0.00785589 0.02965587 0.05263799
v -0.00041968 0.02957242 0.05030822
v 0.00844574 0.02957195 0.05280005
v 0.00638246 0.02994388 0.05225676
v 0.00499862 0.03022545 0.05202364
v 0.01010125 0.02916306 0.05331510
v 0.00638246 0.02994388 0.05225676
v 0.00844574 0.02957195 0.05280005
v 0.01010125 0.02916306 0.05331510
v 0.00785589 0.02965587 0.05263799
v 0.00638246 0.02994388 0.05225676
v 0.00574398 0.02908945 0.05121147
v 0.00574398 0.02908945 0.05121147
v -0.00041968 0.02957242 0.05030822
v 0.00330013 0.02944457 0.05078262
v 0.00785589 0.02965587 0.05263799
v 0.00351077 0.02935421 0.04814696
v 0.00574398 0.02908945 0.05121147
v -0.03046882 0.00873607 0.07337516
v 0.01201248 0.02806890 0.05388540
v 0.00785589 0.02965587 0.05263799
v 0.01010125 0.02916306 0.05331510
v 0.00813359 0.02837491 0.05090081
v 0.01109123 0.02747941 0.05241286
v 0.01201248 0.02806890 0.05388540
v 0.01010125 0.02916306 0.05331510
v 0.01509433 0.02699834 0.05550146
v 0.01598930 0.02555364 0.05521172
v 0.01201248 0.02806890 0.05388540
v 0.00574398 0.02908945 0.05121147
v 0.00785589 0.02965587 0.05263799
v -0.02928584 0.01220554 0.07055848
v 0.00683117 0.02879858 0.04815661
v 0.01109123 0.02747941 0.05241286
v 0.00574398 0.02908945 0.05121147
v 0.01599121 0.02649533 0.05597776
v -0.02927780 0.01448959 0.07141774
v 0.01509433 0.02699834 0.05550146
v 0.01599121 0.02649533 0.05597776
v 0.02115249 0.02327007 0.05969130
v 0.02007198 0.02259773 0.05786311
v 0.01277685 0.02673906 0.05009543
v 0.01526373 0.02534294 0.05246233
v 0.01598930 0.02555364 0.05521172
v -0.03108346 0.00293213 0.06924539
v 0.01736485 0.02402454 0.05423384
v -0.02927780 0.01448959 0.07141774
v -0.03018754 0.01298660 0.07414525
v -0.02759075 0.01698726 0.06788724
v 0.01298201 0.02678376 0.04815495
v -0.02742844 0.01664221 0.06756639
v -0.02771347 0.01439845 0.06672567
v 0.01942569 0.02253592 0.05426871
v 0.01787644 0.02374672 0.05231255
v 0.01787644 0.02374672 0.05231255
v 0.01662063 0.02469438 0.05112349
v -0.02949404 0.00958419 0.06809657
v -0.02998048 0.00744957 0.06682389
v 0.02333641 0.01944059 0.06028789
v 0.02509117 0.01857411 0.06348317
v 0.02007198 0.02259773 0.05786311
v -0.03146934 -0.00020775 0.04815316
v -0.03148174 -0.00296414 0.07141733
v 0.02310311 0.01907569 0.05770123
v 0.02117681 0.02117723 0.05377566
v 0.02565741 0.01625031 0.06184393
v -0.03064608 0.00507200 0.06722182
v 0.02793639 0.01601356 0.06844419
v 0.02793639 0.01601356 0.06844419
v 0.02708905 0.01604694 0.06624311
v 0.01916986 0.02299243 0.04815101
v -0.02985513 0.00790709 0.06340354
v 0.02793639 0.01601356 0.06844419
v 0.02729696 0.01740497 0.06736844
v 0.02876716 0.01480358 0.07018804
v 0.02867603 0.01355683 0.06924718
v 0.02340412 0.01891648 0.05582129
v -0.02448338 0.02012962 0.06321340
v 0.02968323 0.01312655 0.07241410
v 0.02968323 0.01312655 0.07241410
v 0.02876716 0.01480358 0.07018804
v 0.02729696 0.01740497 0.06736844
v -0.02873444 0.01052659 0.06333369
v 0.02968323 0.01312655 0.07241410
v 0.02793639 0.01601356 0.06844419
v 0.02876716 0.01480358 0.07018804
v 0.02968323 0.01312655 0.07241410
v -0.02583599 0.01728099 0.06414502
v 0.02867603 0.01355683 0.06924718
v 0.02509117 0.01857411 0.06348317
v 0.02708905 0.01604694 0.06624311
v 0.02575331 0.01577901 0.05914491
v -0.03043758 0.00620997 0.04815167
v -0.02695304 0.01388645 0.06210786
v -0.02256965 0.02164494 0.06095778
v 0.02788323 0.01235729 0.06398850
v -0.02885127 0.01047611 0.06160682
v 0.02995055 0.01125401 0.07258886
v -0.02039337 0.02366775 0.05910009
v -0.02336996 0.01933032 0.05994147
v 0.02955913 0.00949019 0.06868618
v 0.02270036 0.01979196 0.04814445
v 0.03072834 0.00851983 0.07490056
v -0.02431362 0.01766222 0.05866855
v -0.01948922 0.02291309 0.05692040
v -0.02925002 0.00972766 0.04815179
v -0.03106135 0.00357336 0.04815006
v -0.02469468 0.01725471 0.05721372
v -0.02138364 0.02078682 0.05592006
v -0.01638603 0.02503430 0.05512994
v -0.01207154 0.02754062 0.05350941
v -0.01576226 0.02653157 0.05575460
v -0.01531410 0.02696651 0.05551904
v -0.01576226 0.02653157 0.05575460
v -0.01531410 0.02696651 0.05551904
v -0.01207154 0.02754062 0.05350941
v -0.01179546 0.02836686 0.05390846
v -0.01531410 0.02696651 0.05551904
v -0.00969696 0.02917897 0.05316817
v -0.01531410 0.02696651 0.05551904
v -0.00825733 0.02963548 0.05275166
v -0.01164960 0.02846205 0.05386549
v -0.01196289 -0.03227949 0.05401510
v -0.01597970 -0.03047323 0.05596441
v -0.01369762 -0.03063750 0.05406367
v -0.02133238 -0.02473217 0.05575436
v -0.02162516 -0.02470225 0.05377691
v -0.01876199 -0.02700167 0.05295830
v 0.02448832 -0.02155488 0.05623430
v 0.02486819 -0.02120649 0.04815095
v 0.02662998 -0.01870620 0.04815131
v -0.02846801 -0.01536786 0.04814648
v -0.02589941 -0.01981300 0.04816472
v -0.02790266 -0.01636302 0.05998617
v -0.01555532 -0.02910453 0.05201351
v -0.02042198 -0.02579730 0.05700773
v 0.03097867 -0.01021540 0.07494395
v -0.00695419 -0.03380721 0.05237764
v -0.01196289 -0.03227949 0.05401510
v -0.00853074 -0.03338676 0.05280536
v -0.00853074 -0.03338676 0.05280536
v -0.01196289 -0.03227949 0.05401510
v -0.01017749 -0.03282451 0.05336439
v -0.00695419 -0.03380721 0.05237764
v -0.00607300 -0.03365319 0.05206763
v -0.00848633 -0.03334724 0.05277472
v -0.01017749 -0.03282451 0.05336439
v -0.01196289 -0.03227949 0.05401510
v -0.00848633 -0.03334724 0.05277472
v -0.01675796 -0.02863407 0.05492109
v -0.01369762 -0.03063750 0.05406367
v -0.00848389 -0.03272581 0.05241674
v -0.02388554 -0.02227628 0.05571174
v -0.02250528 -0.02392160 0.04815644
v 0.02651315 -0.01879376 0.05790811
v 0.02872461 -0.01464688 0.06122684
v 0.03145378 -0.00354469 0.07314419
v -0.00735855 -0.03273075 0.05177730
v 0.02989834 -0.01158279 0.06656593
v 0.02989679 -0.01168692 0.06359916
v 0.03060770 -0.00911248 0.06882089
v -0.01192718 -0.03092479 0.05090832
v -0.01771998 -0.02794098 0.04815262
v 0.03110885 -0.00663805 0.07015186
v -0.00464588 -0.03428006 0.05199468
v -0.00488484 -0.03410059 0.05197757
v -0.00507027 -0.03401476 0.05198478
v -0.00337249 -0.03442138 0.05182522
v -0.00735855 -0.03273075 0.05177730
v -0.00255567 -0.03442996 0.05173224
v -0.00695419 -0.03380721 0.05237764
v -0.00488484 -0.03410059 0.05197757
v -0.00255567 -0.03442996 0.05173224
v -0.00255567 -0.03442996 0.05173224
v -0.00488484 -0.03410059 0.05197757
v -0.00337255 -0.03429085 0.05178815
v -0.00432831 -0.03410673 0.05186337
v -0.00756550 -0.03249841 0.04815506
v -0.00219339 -0.03466504 0.05172294
v -0.00475693 -0.03433650 0.05200380
v -0.00136089 -0.03473085 0.05167305
v -0.00531250 -0.03298187 0.04899621
v 0.03089118 -0.00832766 0.04815131
v -0.00219339 -0.03466504 0.05172294
v -0.00475693 -0.03433650 0.05200380
v -0.00128806 -0.03461557 0.05166918
v -0.00128806 -0.03461557 0.05166918
v -0.00475693 -0.03433650 0.05200380
v -0.00337249 -0.03442138 0.05182522
v -0.00434869 -0.03322124 0.05095183
v -0.00337255 -0.03429085 0.05178815
v -0.00488484 -0.03410059 0.05197757
v -0.00241679 -0.03433907 0.05166327
v -0.00488484 -0.03410059 0.05197757
v -0.00241679 -0.03433907 0.05166327
v -0.01197785 -0.03105998 0.04816490
v -0.00075448 -0.03371810 0.05113232
v -0.00128806 -0.03461557 0.05166918
v -0.00337249 -0.03442138 0.05182522
v -0.00111860 -0.03458952 0.05164939
v -0.00337249 -0.03442138 0.05182522
v -0.00464588 -0.03428006 0.05199468
v -0.00111860 -0.03458952 0.05164939
v -0.00464588 -0.03428006 0.05199468
v -0.00255567 -0.03442996 0.05173224
v 0.00011473 -0.03455162 0.05164188
v 0.00011473 -0.03455162 0.05164188
v -0.00607300 -0.03365319 0.05206763
v -0.00434869 -0.03322124 0.05095183
v -0.00075448 -0.03371810 0.05113232
v -0.00337255 -0.03429085 0.05178815
v -0.00173897 -0.03442913 0.05163347
v -0.00255567 -0.03442996 0.05173224
v -0.00337255 -0.03429085 0.05178815
v -0.00173897 -0.03442913 0.05163347
v 0.00011473 -0.03455162 0.05164188
v -0.00255567 -0.03442996 0.05173224
v 0.00003815 -0.03445380 0.05157744
v -0.00255567 -0.03442996 0.05173224
v -0.00173897 -0.03442913 0.05163347
v 0.00003815 -0.03445380 0.05157744
v 0.00003815 -0.03445380 0.05157744
v -0.00434869 -0.03322124 0.05095183
v 0.00141907 -0.03466749 0.05168527
v -0.00128806 -0.03461557 0.05166918
v -0.00111860 -0.03458952 0.05164939
v 0.00252163 -0.03447562 0.05174094
v 0.00252163 -0.03447562 0.05174094
v 0.00252163 -0.03447562 0.05174094
v -0.00111860 -0.03458952 0.05164939
v 0.00011473 -0.03455162 0.05164188
v 0.00252163 -0.03447562 0.05174094
v 0.00011473 -0.03455162 0.05164188
v 0.00283831 -0.03440064 0.05177021
v 0.00283831 -0.03440064 0.05177021
v 0.00283831 -0.03440064 0.05177021
v 0.00003815 -0.03445380 0.05157744
v 0.00361860 -0.03427207 0.05183398
v 0.00134808 -0.03443664 0.05160969
v 0.00003815 -0.03445380 0.05157744
v 0.00134808 -0.03443664 0.05160969
v 0.00154513 -0.03439617 0.05160748
v 0.00361860 -0.03427207 0.05183398
v 0.00003815 -0.03445380 0.05157744
v 0.00154513 -0.03439617 0.05160748
v -0.00075448 -0.03371810 0.05113232
v 0.00154513 -0.03439617 0.05160748
v 0.02928721 -0.01351708 0.04814970
v 0.00088596 -0.03476417 0.05165785
v 0.00141907 -0.03466749 0.05168527
v -0.03015393 -0.01587677 0.07378751
v -0.03005141 -0.01393526 0.07220071
v 0.00252163 -0.03447562 0.05174094
v -0.03144478 -0.00778770 0.07912057
v -0.03080099 -0.00941062 0.07227557
v 0.00361860 -0.03427207 0.05183398
v 0.00413156 -0.03419381 0.05186533
v 0.00448078 -0.03367078 0.05162751
v -0.00406104 -0.03318148 0.04814827
v 0.00466645 -0.03422731 0.05197012
v 0.00283831 -0.03440064 0.05177021
v -0.00142920 -0.03342700 0.04815208
v 0.00466645 -0.03407365 0.05191922
v 0.00358903 -0.03327715 0.05060994
v 0.00466645 -0.03422731 0.05197012
v 0.00283831 -0.03440064 0.05177021
v 0.00567687 -0.03406512 0.05214303
v 0.00567687 -0.03406512 0.05214303
v 0.00283831 -0.03440064 0.05177021
v 0.00361860 -0.03427207 0.05183398
v 0.00567687 -0.03396910 0.05211257
v -0.03129917 -0.00529474 0.07129293
v 0.00283831 -0.03440064 0.05177021
v 0.00567687 -0.03396910 0.05211257
v 0.00413156 -0.03419381 0.05186533
v 0.00567687 -0.03396910 0.05211257
v 0.00567687 -0.03396910 0.05211257
v 0.00466645 -0.03407365 0.05191922
v 0.00896263 -0.03330677 0.05289065
v 0.00896263 -0.03330677 0.05289065
v 0.00448078 -0.03367078 0.05162751
v 0.00804442 -0.03350120 0.05266785
v 0.00804442 -0.03350120 0.05266785
v 0.00814819 -0.03276157 0.05219644
v 0.00402027 -0.03323000 0.04815149
v 0.00905514 -0.03212255 0.05162584
v 0.01391983 -0.03140395 0.05485236
v 0.01238054 -0.03116941 0.05363404
v 0.00814819 -0.03276157 0.05219644
v 0.01238054 -0.03116941 0.05363404
v 0.00787598 -0.03237873 0.04910528
v 0.02076530 -0.02669382 0.05905336
v 0.01391983 -0.03140395 0.05485236
v 0.01684945 -0.02944326 0.05639922
v 0.01477807 -0.02993917 0.05435270
v 0.01220953 -0.03082031 0.05078029
v 0.00969827 -0.03193247 0.04815238
v 0.01684945 -0.02944326 0.05639922
v 0.03144645 -0.00428688 0.04815083
v -0.02769201 -0.02018415 0.06805413
v -0.02851343 -0.01779222 0.06885999
v 0.01870155 -0.02750533 0.05670821
v -0.03088659 -0.00789356 0.06816411
v -0.02960401 -0.01293015 0.06820768
v 0.02076530 -0.02669382 0.05905336
v 0.01524716 -0.02930909 0.05136436
v 0.01861310 -0.02711534 0.05540239
v 0.01477807 -0.02993917 0.05435270
v 0.01238054 -0.03116941 0.05363404
v 0.01861310 -0.02711534 0.05540239
v -0.02701783 -0.02128005 0.06688743
v -0.02559852 -0.02160406 0.06390088
v -0.03047353 -0.00963873 0.06683677
v 0.01464891 -0.02976751 0.04815191
v 0.02458947 -0.02267020 0.06262487
v 0.02635574 -0.02110624 0.06526273
v 0.01878929 -0.02704787 0.05225175
v 0.02170079 -0.02465003 0.05801099
v -0.02762311 -0.01787042 0.06588548
v -0.02701783 -0.02128005 0.06688743
v -0.02769201 -0.02018415 0.06805413
v -0.02551651 -0.02332735 0.06451696
v -0.02961421 -0.01233327 0.06477630
v -0.02551651 -0.02332735 0.06451696
v -0.02621400 -0.02219384 0.06556349
v 0.02979421 -0.01750987 0.07276433
v 0.02656364 -0.02210569 0.06617635
v 0.02694213 -0.02159613 0.06679689
v 0.02178299 -0.02432602 0.05554300
v 0.02616143 -0.01965904 0.06282562
v 0.02498388 -0.02091026 0.06040376
v 0.01879411 -0.02712738 0.04815119
v 0.02177548 -0.02453511 0.05396252
v 0.02872914 -0.01915770 0.07017439
v 0.02872914 -0.01915770 0.07017439
v 0.02694213 -0.02159613 0.06679689
v 0.02874153 -0.01878565 0.07008892
v 0.02694213 -0.02159613 0.06679689
v 0.02656364 -0.02210569 0.06617635
v 0.02874153 -0.01878565 0.07008892
v 0.02996349 -0.01493382 0.07251352
v -0.02797985 -0.01597994 0.06269586
v 0.02907228 -0.01651525 0.06997865
v 0.02822256 -0.01727056 0.06745427
v 0.02507656 -0.02060896 0.05849689
v -0.02958112 -0.01260006 0.06279736
v -0.02586358 -0.01965516 0.06140035
v -0.02004426 -0.02791357 0.05881017
v -0.02551651 -0.02332735 0.06451696
v -0.02246594 -0.02604490 0.06104648
v -0.02246594 -0.02604490 0.06104648
v -0.02166748 -0.02597570 0.05980193
v 0.02695673 -0.01779991 0.06061679
v -0.02588587 -0.01948440 0.05934607
v -0.03134244 -0.00586772 0.04814833
v 0.02881574 -0.01431298 0.06520289
v -0.02004426 -0.02791357 0.05881017
v 0.02187591 -0.02450400 0.04815375
v -0.02317333 -0.02316427 0.05918020
v -0.02598065 -0.01957315 0.05760657
v -0.02128601 -0.02570009 0.05889600
v -0.03042078 -0.01013088 0.04814863
v -0.02326959 -0.02279049 0.05678993
v -0.01369762 -0.03063750 0.05406367
v -0.02004426 -0.02791357 0.05881017
v -0.03125923 -0.02734225 0.08728116
v 0.00629896 0.04064965 0.11416760
v 0.00387752 -0.02056753 0.11441040
v 0.00790215 -0.02077710 0.11365470
v -0.02973175 -0.02564859 0.09371465
v -0.02893495 0.04064959 0.09597486
v 0.01153564 -0.02105849 0.11246770
v 0.01464837 0.04064953 0.11109060
v 0.01506996 -0.02149486 0.11083500
v -0.02789688 -0.02485650 0.09773534
v -0.02531903 -0.02343702 0.10208790
v 0.01830285 -0.02197068 0.10879410
v -0.02374458 0.04064947 0.10398000
v 0.01990890 0.04065030 0.10761150
v 0.02123063 -0.02254980 0.10642520
v -0.02031159 -0.02234154 0.10722670
v -0.01907348 0.04064959 0.10823330
v -0.01690667 -0.02172994 0.10972490
v 0.02504158 0.04064863 0.10240830
v 0.02511590 -0.02363634 0.10226330
v -0.01546478 0.04065108 0.11061370
v -0.01327508 -0.02124929 0.11172760
v 0.02821248 -0.02480411 0.09730428
v -0.00836563 0.04064959 0.11367360
v -0.00933689 -0.02085793 0.11323450
v 0.02930396 0.04064965 0.09495729
v 0.02988713 -0.02584505 0.09320348
v -0.00530612 -0.02061957 0.11419990
v 0.03126943 0.04064947 0.08743089
v -0.00264734 -0.02060025 0.11454070
v -0.00105953 0.04064953 0.11464480
v 0.01699298 -0.02205449 0.10938900
v 0.01743572 -0.02213054 0.10908370
v 0.01737564 -0.02211749 0.10913640
v 0.01701104 -0.02206063 0.10936420
v 0.01660668 -0.02199298 0.10963580
v 0.01658183 -0.02199244 0.10963790
v 0.01621699 -0.02193284 0.10987690
v 0.01614826 -0.02192598 0.10990440
v 0.01708984 -0.02171272 0.10946170
v 0.01614826 -0.02192598 0.10990440
v 0.01621699 -0.02193284 0.10987690
v 0.01526874 -0.02179843 0.11041590
v 0.01542741 -0.02181696 0.11034140
v 0.01526874 -0.02179843 0.11041590
v 0.01542741 -0.02181696 0.11034140
v 0.01482290 -0.02173733 0.11066090
v 0.01462495 -0.02170699 0.11078260
v 0.01421898 -0.02165424 0.11099420
v 0.01437324 -0.02167809 0.11089830
v 0.01381015 -0.02160298 0.11119960
v 0.01391977 -0.02162075 0.11112860
v 0.01339846 -0.02155321 0.11139910
v 0.01346272 -0.02156513 0.11135140
v 0.01298397 -0.02150499 0.11159250
v 0.01300209 -0.02151155 0.11156660
v 0.01256686 -0.02145832 0.11177980
v 0.01253825 -0.02145969 0.11177430
v 0.01214700 -0.02141320 0.11196080
v 0.01207101 -0.02140980 0.11197450
v 0.01172477 -0.02136963 0.11213580
v 0.01148915 -0.02134609 0.11223010
v 0.01125270 -0.02132302 0.11232270
v 0.01160067 -0.02136176 0.11216700
v 0.01101559 -0.02130043 0.11241320
v 0.01077777 -0.02127832 0.11250190
v 0.01117467 -0.02132028 0.11233370
v 0.01062005 -0.02059882 0.11239140
v 0.01117467 -0.02132028 0.11233370
v 0.01077777 -0.02127832 0.11250190
v 0.01030004 -0.02123558 0.11267340
v 0.00988328 -0.02120494 0.11279600
v 0.00981980 -0.02119481 0.11283700
v 0.00988328 -0.02120494 0.11279600
v 0.01030004 -0.02123558 0.11267340
v 0.00944853 -0.02116978 0.11293730
v 0.00933707 -0.02115595 0.11299280
v 0.00901181 -0.02113610 0.11307240
v 0.00885188 -0.02111905 0.11314050
v 0.00857311 -0.02110397 0.11320100
v 0.00756836 -0.02053785 0.11330690
v 0.00857311 -0.02110397 0.11320100
v 0.00885188 -0.02111905 0.11314050
v 0.00769049 -0.02104473 0.11343890
v 0.00787503 -0.02105128 0.11341230
v 0.00738352 -0.02102047 0.11353640
v 0.00769049 -0.02104473 0.11343890
v 0.00787503 -0.02105128 0.11341230
v 0.00724667 -0.02101749 0.11354800
v 0.00689012 -0.02099150 0.11365220
v 0.00664282 -0.02097785 0.11370730
v 0.00639516 -0.02096462 0.11376020
v 0.00680131 -0.02099186 0.11365100
v 0.00614685 -0.02095186 0.11381110
v 0.00589848 -0.02093970 0.11386000
v 0.00635457 -0.02096790 0.11374720
v 0.00564945 -0.02092808 0.11390680
v 0.00540030 -0.02091681 0.11395160
v 0.00590646 -0.02094548 0.11383680
v 0.00545710 -0.02092474 0.11391990
v 0.00500661 -0.02090573 0.11399640
v 0.00455493 -0.02088826 0.11406630
v 0.00410247 -0.02087253 0.11412960
v 0.00389826 -0.02086043 0.11417810
v 0.00262445 -0.02082872 0.11431020
v 0.00339562 -0.02084565 0.11423720
v 0.00238776 -0.02082222 0.11433100
v 0.00273991 -0.02083510 0.11427960
v 0.00262445 -0.02082872 0.11431020
v 0.00143433 -0.02073788 0.11439600
v 0.00273991 -0.02083510 0.11427960
v 0.00238776 -0.02082222 0.11433100
v 0.00137752 -0.02080702 0.11439210
v 0.00182843 -0.02081847 0.11434650
v 0.00137204 -0.02081263 0.11436990
v 0.00182843 -0.02081847 0.11434650
v 0.00137752 -0.02080702 0.11439210
v 0.00087199 -0.02080243 0.11441040
v 0.00091533 -0.02080839 0.11438660
v 0.00043544 -0.02080023 0.11441950
v 0.00045705 -0.02080595 0.11439660
v -0.00039673 -0.02080488 0.11440620
v -0.00091460 -0.02080279 0.11440920
v -0.00039673 -0.02080488 0.11440620
v -0.00045669 -0.02080029 0.11441920
v -0.00137085 -0.02080690 0.11439230
v -0.00189203 -0.02077549 0.11435210
v -0.00039673 -0.02080488 0.11440620
v -0.00137085 -0.02080690 0.11439230
v -0.00235784 -0.02082729 0.11431090
v -0.00228262 -0.02082026 0.11433890
v -0.00273764 -0.02082943 0.11430220
v -0.00286251 -0.02083784 0.11426870
v -0.00319219 -0.02084022 0.11425880
v -0.00390625 -0.02089548 0.11419190
v -0.00286251 -0.02083784 0.11426870
v -0.00319219 -0.02084022 0.11425880
v -0.00386971 -0.02086508 0.11415950
v -0.00409919 -0.02086693 0.11415210
v -0.00455135 -0.02088266 0.11408880
v -0.00386971 -0.02086508 0.11415950
v -0.00409919 -0.02086693 0.11415210
v -0.00437206 -0.02088171 0.11409270
v -0.00500256 -0.02090013 0.11401900
v -0.00487322 -0.02090036 0.11401770
v -0.00545275 -0.02091920 0.11394240
v -0.00537324 -0.02092117 0.11393460
v -0.00590169 -0.02093982 0.11385940
v -0.00587183 -0.02094388 0.11384330
v -0.00634944 -0.02096217 0.11376960
v -0.00636905 -0.02096861 0.11374400
v -0.00679588 -0.02098619 0.11367350
v -0.00686461 -0.02099537 0.11363670
v -0.00724077 -0.02101182 0.11357080
v -0.00735849 -0.02102410 0.11352130
v -0.00768417 -0.02103900 0.11346150
v -0.00785053 -0.02105498 0.11339780
v -0.00812602 -0.02106791 0.11334580
v -0.00834060 -0.02108776 0.11326650
v -0.00856614 -0.02109843 0.11322370
v -0.00900441 -0.02113050 0.11309490
v -0.00882852 -0.02112251 0.11312710
v -0.00944078 -0.02116405 0.11295990
v -0.00931424 -0.02115923 0.11297970
v -0.00987518 -0.02119940 0.11281850
v -0.00979757 -0.02119791 0.11282440
v -0.01030749 -0.02123624 0.11267070
v -0.01027846 -0.02123862 0.11266130
v -0.01073753 -0.02127468 0.11251670
v -0.01075673 -0.02128124 0.11249020
v -0.01116544 -0.02131468 0.11235630
v -0.01123219 -0.02132576 0.11231160
v -0.01159089 -0.02135622 0.11218970
v -0.01182627 -0.02137988 0.11209440
v -0.01206088 -0.02140414 0.11199720
v -0.01170498 -0.02137225 0.11212520
v -0.01229465 -0.02142894 0.11189810
v -0.01252770 -0.02145409 0.11179700
v -0.01212775 -0.02141577 0.11195060
v -0.01275986 -0.02147978 0.11169400
v -0.01254814 -0.02146083 0.11177000
v -0.01299113 -0.02150589 0.11158930
v -0.01296591 -0.02150744 0.11158320
v -0.01338100 -0.02155554 0.11139020
v -0.01345121 -0.02155959 0.11137410
v -0.01379328 -0.02160513 0.11119120
v -0.01379388 -0.02168226 0.11135380
v -0.01379328 -0.02160513 0.11119120
v -0.01345121 -0.02155959 0.11137410
v -0.01420277 -0.02165627 0.11098610
v -0.01460915 -0.02170896 0.11077490
v -0.01481014 -0.02173173 0.11068350
v -0.01501268 -0.02176308 0.11055780
v -0.01460915 -0.02170896 0.11077490
v -0.01481014 -0.02173173 0.11068350
v -0.01525551 -0.02179276 0.11043860
v -0.01541292 -0.02181863 0.11033460
v -0.01569688 -0.02185565 0.11018650
v -0.01581007 -0.02187573 0.11010560
v -0.01613414 -0.02192032 0.10992710
v -0.01620388 -0.02193439 0.10987070
v -0.01656723 -0.02198678 0.10966060
v -0.01659423 -0.02199441 0.10963010
v -0.01699596 -0.02205497 0.10938700
v -0.01720875 -0.02208971 0.10924750
v -0.01698118 -0.02205580 0.10938370
v -0.01742023 -0.02212494 0.10910640
v -0.01763075 -0.02216053 0.10896360
v -0.01736456 -0.02211862 0.10913150
v -0.01783990 -0.02219659 0.10881900
v -0.01774424 -0.02218300 0.10887360
v -0.01812016 -0.02224868 0.10861020
v -0.01825499 -0.02227002 0.10852460
v -0.01849246 -0.02231574 0.10834120
v -0.01866525 -0.02234506 0.10822360
v -0.01886063 -0.02238422 0.10806660
v -0.01907062 -0.02242177 0.10791580
v -0.01922500 -0.02245402 0.10778650
v -0.01947093 -0.02250015 0.10760140
v -0.01958525 -0.02252519 0.10750120
v -0.01986610 -0.02258026 0.10728040
v -0.01994132 -0.02259767 0.10721030
v -0.02025616 -0.02266186 0.10695290
v -0.02001953 -0.02278089 0.10714230
v -0.01994132 -0.02259767 0.10721030
v -0.02025616 -0.02266186 0.10695290
v -0.02064085 -0.02274507 0.10661910
v -0.02102011 -0.02282989 0.10627900
v -0.02098405 -0.02282297 0.10630670
v -0.02001953 -0.02278089 0.10714230
v -0.02102011 -0.02282989 0.10627900
v -0.02132284 -0.02290064 0.10599510
v -0.02098405 -0.02282297 0.10630670
v -0.02102011 -0.02282989 0.10627900
v -0.02139383 -0.02291619 0.10593250
v -0.02176189 -0.02300411 0.10558020
v -0.02198666 -0.02305978 0.10535690
v -0.02212423 -0.02309352 0.10522160
v -0.02246087 -0.02323859 0.10482300
v -0.02198666 -0.02305978 0.10535690
v -0.02212423 -0.02309352 0.10522160
v -0.02238035 -0.02315849 0.10496100
v -0.02263271 -0.02322405 0.10469800
v 0.02165943 -0.02297931 0.10567940
v 0.02178281 -0.02300989 0.10555690
v 0.02214556 -0.02309930 0.10519850
v 0.02141422 -0.02292197 0.10590950
v 0.02198827 -0.02305966 0.10535750
v 0.02132600 -0.02290040 0.10599630
v 0.02098792 -0.02282255 0.10630820
v 0.02104002 -0.02283567 0.10625580
v 0.02064549 -0.02274614 0.10661500
v 0.02066028 -0.02275085 0.10659610
v 0.02029865 -0.02267092 0.10691660
v 0.02027511 -0.02266752 0.10692980
v 0.01994752 -0.02259707 0.10721290
v 0.01988458 -0.02258586 0.10725740
v 0.01959222 -0.02252447 0.10750400
v 0.01948887 -0.02250587 0.10757830
v 0.01923269 -0.02245318 0.10778980
v 0.01916497 -0.02247565 0.10775270
v 0.01886910 -0.02238333 0.10807000
v 0.01850152 -0.02231472 0.10834490
v 0.01855462 -0.02220106 0.10824100
v 0.01916497 -0.02247565 0.10775270
v 0.01850152 -0.02231472 0.10834490
v 0.01785594 -0.02220231 0.10879620
v 0.01775473 -0.02218180 0.10887810
v 0.01785594 -0.02220231 0.10879620
v 0.01775473 -0.02218180 0.10887810
v -0.01405137 -0.02162688 0.11109950
v -0.01547288 -0.02181190 0.11035230
v -0.01436090 -0.02167242 0.11092100
v -0.00498962 -0.02081149 0.11415760
v -0.00591958 -0.02090424 0.11394320
v -0.00524270 -0.02087581 0.11406060
v -0.01802653 -0.02222663 0.10869690
v -0.01866525 -0.02234506 0.10822360
v -0.01825499 -0.02227002 0.10852460
v -0.01846796 -0.02230453 0.10838400
v -0.00548744 -0.02077627 0.11413280
v -0.00549507 -0.02081435 0.11411370
v -0.00530612 -0.02061957 0.11419990
v -0.00955063 -0.02115643 0.11297130
v -0.01010710 -0.02121716 0.11274590
v -0.00961292 -0.02116876 0.11293300
v -0.00549990 -0.02070689 0.11415540
v -0.00595087 -0.02070188 0.11407750
v -0.01040762 -0.02122473 0.11269260
v -0.01131886 -0.02132546 0.11230940
v -0.00561523 -0.02091544 0.11391720
v -0.00500256 -0.02090013 0.11401900
v -0.00455135 -0.02088266 0.11408880
v -0.01508909 -0.02174836 0.11059300
v -0.01822125 -0.02224844 0.10859750
v -0.01970189 -0.02254265 0.10742830
v -0.00439453 -0.02086585 0.11414610
v -0.00536090 -0.02090322 0.11399440
v -0.00561523 -0.02091544 0.11391720
v -0.01396912 -0.02160131 0.11118040
v -0.01105666 -0.02127611 0.11246750
v -0.01134848 -0.02130913 0.11234880
v -0.02238619 -0.02302992 0.10519930
v -0.02286094 -0.02318644 0.10466870
v -0.02251261 -0.02314376 0.10495460
v -0.02262729 -0.02306509 0.10497980
v -0.01062017 -0.02122861 0.11264590
v -0.01182937 -0.02134925 0.11217020
v -0.01784342 -0.02216619 0.10890160
v -0.01880127 -0.02234750 0.10818870
v -0.01433944 -0.02163887 0.11101140
v -0.02234309 -0.02292722 0.10531690
v -0.02362060 -0.02335304 0.10389220
v -0.02275907 -0.02302020 0.10489800
v -0.02237969 -0.02315562 0.10497120
v -0.02212423 -0.02309352 0.10522160
v -0.02176189 -0.02300411 0.10558020
v -0.02238035 -0.02315849 0.10496100
v -0.01013135 -0.02116435 0.11284800
v -0.01067245 -0.02121073 0.11265900
v -0.01776909 -0.02214872 0.10896150
v -0.01971513 -0.02251279 0.10750320
v -0.01880127 -0.02234750 0.10818870
v -0.01433175 -0.02163130 0.11102990
v -0.01496464 -0.02171546 0.11069370
v -0.00464767 -0.02085775 0.11414710
v -0.00529802 -0.02088207 0.11404550
v -0.00555706 -0.02089720 0.11399090
v -0.01905345 -0.02238488 0.10801730
v -0.01971513 -0.02251279 0.10750320
v -0.01776909 -0.02214872 0.10896150
v -0.01016670 -0.02106428 0.11292710
v -0.01065129 -0.02111750 0.11274780
v -0.01127445 -0.02124309 0.11246160
v -0.01809895 -0.02220368 0.10873710
v -0.01902139 -0.02237486 0.10805380
v -0.01039928 -0.02100902 0.11287640
v -0.00933689 -0.02085793 0.11323450
v -0.01083326 -0.02104753 0.11272100
v -0.01039928 -0.02100902 0.11287640
v -0.01083326 -0.02104753 0.11272100
v -0.01082569 -0.02108484 0.11270970
v -0.01861608 -0.02229636 0.10836360
v -0.00987518 -0.02119940 0.11281850
v -0.00944078 -0.02116405 0.11295990
v -0.01441794 -0.02162009 0.11101810
v -0.01488274 -0.02166134 0.11080060
v -0.01861608 -0.02229636 0.10836360
v -0.01848810 -0.02224069 0.10850650
v -0.01966369 -0.02249878 0.10754980
v -0.01484954 -0.02160823 0.11086210
v -0.00499725 -0.02075529 0.11420720
v -0.00549507 -0.02081435 0.11411370
v -0.00499725 -0.02075529 0.11420720
v -0.01796907 -0.02214807 0.10887830
v -0.00504172 -0.02073085 0.11421760
v -0.00530612 -0.02061957 0.11419990
v -0.00499725 -0.02075529 0.11420720
v -0.01436191 -0.02147978 0.11115640
v -0.01422369 -0.02153295 0.11118400
v -0.00504643 -0.02068018 0.11423430
v -0.00530612 -0.02061957 0.11419990
v -0.00504172 -0.02073085 0.11421760
v -0.01492685 -0.02156388 0.11085810
v -0.01858717 -0.02218246 0.10851620
v -0.01905465 -0.02234232 0.10808930
v -0.01464837 -0.02140760 0.11104860
v -0.01414388 -0.02141416 0.11128400
v -0.00455135 -0.02088266 0.11408880
v -0.00409919 -0.02086693 0.11415210
v -0.01801443 -0.02208060 0.10892620
v -0.01840698 -0.02208119 0.10868840
v -0.01940912 -0.02226209 0.10799680
v -0.01900082 -0.02225303 0.10821230
v -0.01390784 -0.02161502 0.11115120
v -0.01436090 -0.02167242 0.11092100
v -0.00561523 -0.02091544 0.11391720
v -0.02236199 -0.02312797 0.10505930
v -0.02275812 -0.02322781 0.10465310
v -0.02160274 -0.02294111 0.10580810
v -0.00455135 -0.02088266 0.11408880
v -0.01738393 -0.02211385 0.10914770
v -0.01390784 -0.02161502 0.11115120
v -0.01783990 -0.02219659 0.10881900
v -0.00562280 -0.03612232 0.05218970
v -0.00080133 -0.03616183 0.05165755
v 0.00000000 -0.03629016 0.05175024
v -0.00562280 -0.03612232 0.05218970
v 0.00000000 -0.03629016 0.05175024
v -0.00348741 -0.03627592 0.05195128
v -0.02198320 -0.02301543 0.10548000
v -0.02252531 -0.02315044 0.10493550
v -0.02220517 -0.02308177 0.10523240
v -0.00395960 -0.03613615 0.05194181
v -0.00080133 -0.03616183 0.05165755
v -0.00562280 -0.03612232 0.05218970
v -0.00387859 -0.03609025 0.05190163
v -0.00771713 -0.03587830 0.05258142
v -0.00080133 -0.03616183 0.05165755
v -0.00395960 -0.03613615 0.05194181
v -0.00771713 -0.03587830 0.05258142
v -0.00387859 -0.03609025 0.05190163
v -0.00080133 -0.03616183 0.05165755
v -0.00795031 -0.03610771 0.05289143
v -0.00348741 -0.03627592 0.05195128
v -0.00398296 -0.03629893 0.05215483
v -0.00624222 -0.02093660 0.11384550
v -0.00536090 -0.02090322 0.11399440
v -0.00562280 -0.03612232 0.05218970
v -0.02223682 -0.02302438 0.10531640
v -0.00998420 -0.02117413 0.11286580
v -0.00562280 -0.03612232 0.05218970
v -0.00771713 -0.03587830 0.05258142
v -0.00395960 -0.03613615 0.05194181
v -0.00771713 -0.03587830 0.05258142
v -0.00562280 -0.03612232 0.05218970
v -0.00795031 -0.03610771 0.05289143
v -0.02232104 -0.02287584 0.10536310
v -0.02232104 -0.02287584 0.10536310
v -0.02531903 -0.02343702 0.10208790
v -0.02275907 -0.02302020 0.10489800
v -0.02175199 -0.02299541 0.10561120
v -0.01158326 -0.03579765 0.05403131
v -0.02139383 -0.02291619 0.10593250
v -0.01776909 -0.02214872 0.10896150
v -0.01155090 -0.03562307 0.05388152
v -0.00376946 -0.02082479 0.11426990
v -0.00529802 -0.02088207 0.11404550
v -0.00464767 -0.02085775 0.11414710
v -0.00376946 -0.02082479 0.11426990
v -0.00981891 -0.02110552 0.11299150
v -0.01153188 -0.03562849 0.05385631
v -0.00771713 -0.03587830 0.05258142
v -0.01155090 -0.03562307 0.05388152
v -0.01153129 -0.03556764 0.05384284
v -0.01153188 -0.03562849 0.05385631
v -0.00952911 -0.02100604 0.11314950
v -0.00952911 -0.02100604 0.11314950
v -0.00996310 -0.02097219 0.11302540
v -0.01155090 -0.03562307 0.05388152
v -0.01155090 -0.03562307 0.05388152
v -0.01153129 -0.03556764 0.05384284
v -0.01153188 -0.03562849 0.05385631
v -0.01152992 -0.03552657 0.05383604
v -0.00920242 -0.02114194 0.11304620
v -0.00903320 -0.02117872 0.11303220
v -0.01800721 -0.03484964 0.05726331
v -0.01158326 -0.03579765 0.05403131
v -0.01533031 -0.03535610 0.05585521
v -0.01501685 -0.03522688 0.05548030
v -0.01501685 -0.03522688 0.05548030
v -0.01158326 -0.03579765 0.05403131
v -0.01800721 -0.03484964 0.05726331
v -0.01572030 -0.03508973 0.05584228
v -0.01831817 -0.03445214 0.05731093
v -0.01155090 -0.03562307 0.05388152
v -0.01309579 -0.02144193 0.11164750
v -0.01501685 -0.03522688 0.05548030
v -0.01768404 -0.02212792 0.10903320
v -0.01861608 -0.02229636 0.10836360
v -0.01809895 -0.02220368 0.10873710
v -0.01768404 -0.02212792 0.10903320
v -0.00439453 -0.02062743 0.11434450
v -0.01400721 -0.02147758 0.11131630
v -0.01327508 -0.02124929 0.11172760
v -0.00409919 -0.02086693 0.11415210
v -0.00364614 -0.02085280 0.11420880
v -0.01800721 -0.03484964 0.05726331
v -0.01572030 -0.03508973 0.05584228
v -0.01501685 -0.03522688 0.05548030
v -0.01800721 -0.03484964 0.05726331
v -0.01533031 -0.03535610 0.05585521
v -0.02119350 -0.03427940 0.05999743
v -0.01309967 -0.02151244 0.11155590
v -0.01390784 -0.02161502 0.11115120
v -0.01300042 -0.02149146 0.11156740
v -0.01309967 -0.02151244 0.11155590
v -0.01309967 -0.02151244 0.11155590
v -0.02029037 -0.03421497 0.05896461
v -0.01572030 -0.03508973 0.05584228
v -0.01800721 -0.03484964 0.05726331
v -0.01763075 -0.02216053 0.10896360
v -0.02029037 -0.03421497 0.05896461
v -0.01831817 -0.03445214 0.05731093
v -0.01572030 -0.03508973 0.05584228
v -0.01694738 -0.02202832 0.10947450
v -0.00831652 -0.02105611 0.11335950
v -0.01040762 -0.02122473 0.11269260
v -0.00955063 -0.02115643 0.11297130
v -0.00439453 -0.02086585 0.11414610
v -0.01747047 -0.02211266 0.10913440
v -0.00831652 -0.02105611 0.11335950
v -0.02185088 -0.02295380 0.10565900
v -0.02146255 -0.02289319 0.10597590
v -0.01783078 -0.02197676 0.10909440
v -0.02172094 -0.02284771 0.10587780
v -0.00376946 -0.02082479 0.11426990
v -0.02119350 -0.03427940 0.05999743
v -0.02029037 -0.03421497 0.05896461
v -0.01800721 -0.03484964 0.05726331
v -0.02174222 -0.02281004 0.10589050
v -0.02029037 -0.03421497 0.05896461
v -0.02417796 -0.03327351 0.06295919
v -0.01831817 -0.03445214 0.05731093
v -0.02435415 -0.03344738 0.06335300
v -0.02119350 -0.03427940 0.05999743
v -0.02650547 -0.03272157 0.06632417
v -0.02160644 -0.02268934 0.10604360
v -0.02160644 -0.02268934 0.10604360
v -0.02531903 -0.02343702 0.10208790
v -0.02232104 -0.02287584 0.10536310
v -0.02435684 -0.03327274 0.06315511
v -0.02119350 -0.03427940 0.05999743
v -0.02435415 -0.03344738 0.06335300
v -0.02435684 -0.03327274 0.06315511
v -0.02029037 -0.03421497 0.05896461
v -0.02119350 -0.03427940 0.05999743
v -0.02074652 -0.02276593 0.10653390
v -0.02417796 -0.03327351 0.06295919
v -0.02102011 -0.02282989 0.10627900
v -0.00948673 -0.02109235 0.11308680
v -0.00378412 -0.02075529 0.11433690
v -0.01717364 -0.02204835 0.10936460
v -0.01809895 -0.02220368 0.10873710
v -0.01348990 -0.02152794 0.11144690
v -0.01717364 -0.02204835 0.10936460
v -0.01809895 -0.02220368 0.10873710
v -0.01776909 -0.02214872 0.10896150
v -0.01789319 -0.02195608 0.10906430
v -0.01789319 -0.02195608 0.10906430
v -0.01690667 -0.02172994 0.10972490
v -0.01940912 -0.02226209 0.10799680
v -0.01761353 -0.02207130 0.10914680
v -0.00301552 -0.02066564 0.11448850
v -0.02435684 -0.03327274 0.06315511
v -0.02668285 -0.03243857 0.06640332
v -0.02417796 -0.03327351 0.06295919
v -0.00264734 -0.02060025 0.11454070
v -0.01766043 -0.02204304 0.10915080
v -0.00439453 -0.02062743 0.11434450
v -0.00264734 -0.02060025 0.11454070
v -0.00530612 -0.02061957 0.11419990
v -0.01326096 -0.02144366 0.11162930
v -0.01422369 -0.02153295 0.11118400
v -0.01309579 -0.02144193 0.11164750
v -0.00347322 -0.02084094 0.11424990
v -0.01354306 -0.02143275 0.11153450
v -0.01326096 -0.02144366 0.11162930
v -0.01337641 -0.02138608 0.11162970
v -0.01327508 -0.02124929 0.11172760
v -0.01720875 -0.02208971 0.10924750
v -0.02112793 -0.02283406 0.10624240
v -0.02650547 -0.03272157 0.06632417
v -0.02668285 -0.03243857 0.06640332
v -0.00867021 -0.02107644 0.11326840
v -0.00902933 -0.02109897 0.11316970
v -0.01758855 -0.02194797 0.10925400
v -0.00881147 -0.02107983 0.11324000
v -0.00998420 -0.02117413 0.11286580
v -0.00902933 -0.02109897 0.11316970
v -0.00903165 -0.02109521 0.11317670
v -0.00998420 -0.02117413 0.11286580
v -0.00881147 -0.02107983 0.11324000
v -0.00882834 -0.02104151 0.11328790
v -0.00903165 -0.02109521 0.11317670
v -0.00905609 -0.02101278 0.11328020
v -0.00905609 -0.02101278 0.11328020
v -0.00912475 -0.02097463 0.11327640
v -0.00933689 -0.02085793 0.11323450
v -0.00905609 -0.02101278 0.11328020
v -0.01313525 -0.02149212 0.11160300
v -0.01300042 -0.02149146 0.11156740
v -0.02127563 -0.02278184 0.10625420
v -0.01767390 -0.02213644 0.10902060
v -0.00842285 -0.02084875 0.11350530
v -0.00933689 -0.02085793 0.11323450
v -0.00912475 -0.02097463 0.11327640
v -0.00376946 -0.02082479 0.11426990
v -0.01717364 -0.02204835 0.10936460
v -0.01784342 -0.02216619 0.10890160
v -0.01767390 -0.02213644 0.10902060
v -0.00329983 -0.02081447 0.11431950
v -0.02105706 -0.02256727 0.10653200
v -0.02234309 -0.02292722 0.10531690
v -0.02174222 -0.02281004 0.10589050
v -0.01313823 -0.02148878 0.11160860
v -0.02031159 -0.02234154 0.10722670
v -0.02105706 -0.02256727 0.10653200
v -0.00807428 -0.02106070 0.11337240
v -0.02852267 -0.03179049 0.06995862
v -0.01717364 -0.02204835 0.10936460
v -0.02064085 -0.02274507 0.10661910
v -0.01313823 -0.02148878 0.11160860
v -0.01433175 -0.02163130 0.11102990
v -0.01348990 -0.02152794 0.11144690
v -0.01714336 -0.02201420 0.10942950
v -0.01314151 -0.02148485 0.11161470
v -0.01314151 -0.02148485 0.11161470
v -0.01309579 -0.02144193 0.11164750
v -0.01433175 -0.02163130 0.11102990
v -0.01433175 -0.02163130 0.11102990
v -0.01309579 -0.02144193 0.11164750
v -0.01728391 -0.02198690 0.10939480
v -0.01303535 -0.02132010 0.11180070
v -0.01704156 -0.02206206 0.10935860
v -0.01275992 -0.02147972 0.11169400
v -0.01300042 -0.02149146 0.11156740
v -0.01275986 -0.02147978 0.11169400
v -0.01217395 -0.02141195 0.11196320
v -0.01300042 -0.02149146 0.11156740
v -0.01275992 -0.02147972 0.11169400
v -0.00319219 -0.02084022 0.11425880
v -0.02024519 -0.02264553 0.10700350
v -0.01242750 -0.02142953 0.11188230
v -0.01300042 -0.02149146 0.11156740
v -0.01217395 -0.02141195 0.11196320
v -0.01272970 -0.02145123 0.11177690
v -0.01279312 -0.02145195 0.11176130
v -0.01279693 -0.02144736 0.11176890
v -0.01279836 -0.02144551 0.11177170
v -0.00780088 -0.02098190 0.11355590
v -0.00881147 -0.02107983 0.11324000
v -0.01309579 -0.02144193 0.11164750
v -0.01278841 -0.02134639 0.11188260
v -0.02108490 -0.02279829 0.10634210
v -0.02067661 -0.02271318 0.10669510
v -0.00830173 -0.02089625 0.11351090
v -0.00905609 -0.02101278 0.11328020
v -0.01252770 -0.02145409 0.11179700
v -0.03104662 -0.02967482 0.07777136
v -0.03007149 -0.03078359 0.07400220
v -0.03132963 -0.02913361 0.08091014
v -0.00243044 -0.02079731 0.11439400
v -0.00812602 -0.02106785 0.11334590
v -0.00903320 -0.02117872 0.11303220
v -0.00812602 -0.02106791 0.11334580
v -0.02086699 -0.02262789 0.10668220
v -0.00807428 -0.02106070 0.11337240
v -0.00903320 -0.02117872 0.11303220
v -0.00757527 -0.02103036 0.11349580
v -0.02110451 -0.02260965 0.10651260
v -0.02110451 -0.02260965 0.10651260
v -0.02105706 -0.02256727 0.10653200
v -0.02174222 -0.02281004 0.10589050
v -0.02031159 -0.02234154 0.10722670
v -0.01278841 -0.02134639 0.11188260
v -0.02025616 -0.02266186 0.10695290
v -0.01690667 -0.02172994 0.10972490
v -0.00320184 -0.02080482 0.11434290
v -0.00320792 -0.02076572 0.11439320
v -0.00724244 -0.02099967 0.11360500
v -0.01196295 -0.02137190 0.11209970
v -0.00273764 -0.02082943 0.11430220
v -0.00814188 -0.02104836 0.11339960
v -0.01231342 -0.02139741 0.11197470
v -0.01734495 -0.02192252 0.10941180
v -0.01249843 -0.02141427 0.11190070
v -0.03132963 -0.02913361 0.08091014
v -0.00770485 -0.02100867 0.11353490
v -0.00902933 -0.02109897 0.11316970
v -0.00867021 -0.02107644 0.11326840
v -0.01208412 -0.02133858 0.11212010
v -0.01275503 -0.02124762 0.11194200
v -0.00815004 -0.02103370 0.11342630
v -0.00902933 -0.02109897 0.11316970
v -0.00770485 -0.02100867 0.11353490
v -0.01309579 -0.02144193 0.11164750
v -0.01279836 -0.02144551 0.11177170
v -0.01208412 -0.02133858 0.11212010
v -0.00209785 -0.02079772 0.11440460
v -0.00439453 -0.02086585 0.11414610
v -0.00347322 -0.02084094 0.11424990
v -0.00815064 -0.02103257 0.11342810
v -0.01229465 -0.02142894 0.11189810
v -0.00812411 -0.02094161 0.11352870
v -0.00209785 -0.02079772 0.11440460
v -0.02068734 -0.02267372 0.10675320
v -0.00768417 -0.02103900 0.11346150
v -0.01725250 -0.02185750 0.10949280
v -0.02056872 -0.02261090 0.10690120
v -0.00768417 -0.02103900 0.11346150
v -0.00812602 -0.02106791 0.11334580
v -0.01690667 -0.02172994 0.10972490
v -0.01783078 -0.02197676 0.10909440
v -0.02044469 -0.02250194 0.10707520
v -0.00250310 -0.02079075 0.11440300
v -0.00376946 -0.02082479 0.11426990
v -0.00329983 -0.02081447 0.11431950
v -0.01674848 -0.02201527 0.10954620
v -0.01970189 -0.02254265 0.10742830
v -0.02074652 -0.02276593 0.10653390
v -0.02025616 -0.02266186 0.10695290
v -0.00250310 -0.02079075 0.11440300
v -0.00376946 -0.02082479 0.11426990
v -0.00274593 -0.02079355 0.11438700
v -0.00270313 -0.02074289 0.11446470
v -0.01634025 -0.02194446 0.10982500
v -0.01250874 -0.02127319 0.11203060
v -0.00275707 -0.02069032 0.11448750
v -0.01706486 -0.02188545 0.10958950
v -0.00264734 -0.02060025 0.11454070
v -0.00264734 -0.02060025 0.11454070
v -0.00301552 -0.02066564 0.11448850
v -0.00378412 -0.02075529 0.11433690
v -0.00724244 -0.02099967 0.11360500
v -0.00920242 -0.02114194 0.11304620
v -0.00807428 -0.02106070 0.11337240
v -0.00215542 -0.02081435 0.11436050
v -0.00228262 -0.02082026 0.11433890
v -0.00724244 -0.02099967 0.11360500
v -0.00739574 -0.02099674 0.11359800
v -0.00279814 -0.02081865 0.11433440
v -0.00062537 -0.02078962 0.11445510
v -0.00770485 -0.02100867 0.11353490
v -0.01990371 -0.02256029 0.10732870
v -0.00209785 -0.02079772 0.11440460
v -0.00347322 -0.02084094 0.11424990
v -0.00279814 -0.02081865 0.11433440
v -0.01263648 -0.02124238 0.11199250
v -0.01702326 -0.02180868 0.10964500
v -0.01660299 -0.02196198 0.10972100
v -0.03125923 -0.02734225 0.08728116
v -0.03151106 -0.02862536 0.08206331
v -0.03132963 -0.02913361 0.08091014
v -0.01653033 -0.02194207 0.10978250
v -0.01219719 -0.02129364 0.11212830
v -0.01309579 -0.02144193 0.11164750
v -0.01208412 -0.02133858 0.11212010
v -0.03113883 -0.02778285 0.08631604
v -0.00651389 -0.02093780 0.11381440
v -0.00815004 -0.02103370 0.11342630
v -0.00770485 -0.02100867 0.11353490
v -0.00748485 -0.02099037 0.11359840
v -0.01206088 -0.02140414 0.11199720
v -0.01182627 -0.02137988 0.11209440
v -0.00651389 -0.02093780 0.11381440
v -0.02000844 -0.02256566 0.10727570
v -0.01671928 -0.02192467 0.10973290
v -0.00757545 -0.02086734 0.11369380
v -0.01189523 -0.02118009 0.11229840
v -0.01189523 -0.02118009 0.11229840
v -0.01309579 -0.02144193 0.11164750
v -0.01219719 -0.02129364 0.11212830
v -0.01611328 -0.02207899 0.10970580
v -0.02011811 -0.02263259 0.10707000
v -0.02025616 -0.02266186 0.10695290
v -0.01986610 -0.02258026 0.10728040
v -0.00724077 -0.02101176 0.11357080
v -0.00768417 -0.02103900 0.11346150
v -0.00724077 -0.02101182 0.11357080
v -0.00724077 -0.02101176 0.11357080
v -0.00724077 -0.02101176 0.11357080
v -0.00182688 -0.02081274 0.11436900
v -0.00182688 -0.02081274 0.11436900
v -0.00228262 -0.02082026 0.11433890
v -0.01682078 -0.02187478 0.10972720
v -0.01189523 -0.02118009 0.11229840
v -0.03038120 -0.02645915 0.09135907
v -0.03038120 -0.02645915 0.09135907
v -0.02973175 -0.02564859 0.09371465
v -0.03125923 -0.02734225 0.08728116
v -0.02024191 -0.02254194 0.10718040
v -0.01228421 -0.02120101 0.11214510
v -0.01966369 -0.02249878 0.10754980
v -0.02067661 -0.02271318 0.10669510
v -0.00658846 -0.02094763 0.11378780
v -0.01201260 -0.02129632 0.11218830
v -0.02036386 -0.02243697 0.10716730
v -0.02036386 -0.02243697 0.10716730
v -0.01168030 -0.02136445 0.11215640
v -0.02047729 -0.02244520 0.10708130
v -0.02031159 -0.02234154 0.10722670
v -0.02105706 -0.02256727 0.10653200
v -0.01680499 -0.02178221 0.10978190
v -0.02047729 -0.02244520 0.10708130
v -0.02105706 -0.02256727 0.10653200
v -0.02036386 -0.02243697 0.10716730
v -0.01159089 -0.02135622 0.11218970
v -0.02012705 -0.02248764 0.10730730
v -0.00154603 -0.02077907 0.11445870
v -0.01986610 -0.02258026 0.10728040
v -0.02011811 -0.02263259 0.10707000
v -0.01646536 -0.02182221 0.10994750
v -0.00704610 -0.02094537 0.11372820
v -0.01986610 -0.02258026 0.10728040
v -0.00717217 -0.02089959 0.11375230
v -0.01648664 -0.02176421 0.10996740
v -0.00673914 -0.02078998 0.11389960
v -0.00830173 -0.02089625 0.11351090
v -0.00757545 -0.02086734 0.11369380
v -0.00673914 -0.02078998 0.11389960
v -0.00842285 -0.02084875 0.11350530
v -0.00530612 -0.02061957 0.11419990
v -0.00933689 -0.02085793 0.11323450
v -0.00708008 -0.02127027 0.11355100
v -0.00724077 -0.02101176 0.11357080
v -0.00724077 -0.02101182 0.11357080
v -0.00635034 -0.02096116 0.11377360
v -0.00724077 -0.02101176 0.11357080
v -0.00708008 -0.02127027 0.11355100
v -0.00635034 -0.02096116 0.11377360
v -0.00090027 -0.02080309 0.11441090
v -0.00724244 -0.02099967 0.11360500
v -0.00090027 -0.02080309 0.11441090
v -0.02789688 -0.02485650 0.09773534
v -0.02973175 -0.02564859 0.09371465
v -0.03038120 -0.02645915 0.09135907
v -0.02751076 -0.02471607 0.09835702
v -0.02789688 -0.02485650 0.09773534
v -0.02519989 -0.02399015 0.10163390
v -0.01616603 -0.02190196 0.10997520
v -0.01543450 -0.02179151 0.11041060
v -0.01660299 -0.02196198 0.10972100
v -0.01616603 -0.02190196 0.10997520
v -0.01168507 -0.02132755 0.11224470
v -0.01971513 -0.02251279 0.10750320
v -0.01196289 -0.02116346 0.11239140
v -0.01327508 -0.02124929 0.11172760
v -0.01228421 -0.02120101 0.11214510
v -0.01579093 -0.02183753 0.11021480
v -0.01543450 -0.02179151 0.11041060
v -0.01116544 -0.02131468 0.11235630
v -0.02536958 -0.02400600 0.10151660
v -0.02031153 -0.02234154 0.10722670
v -0.02031159 -0.02234154 0.10722670
v -0.02047729 -0.02244520 0.10708130
v -0.00078750 -0.02077484 0.11448160
v -0.00651389 -0.02093780 0.11381440
v -0.01956778 -0.02243006 0.10770510
v -0.01607376 -0.02187055 0.11006520
v -0.01610434 -0.02183312 0.11010700
v -0.00080183 -0.02077305 0.11448440
v -0.01596647 -0.02175956 0.11023810
v -0.02535814 -0.02399450 0.10154980
v -0.02004003 -0.02236986 0.10743830
v -0.01940912 -0.02226209 0.10799680
v -0.01992791 -0.02231448 0.10758480
v -0.02031159 -0.02234154 0.10722670
v -0.02031153 -0.02234154 0.10722670
v -0.01992791 -0.02231448 0.10758480
v -0.02004003 -0.02236986 0.10743830
v -0.00682944 -0.02091199 0.11380550
v -0.01992791 -0.02231448 0.10758480
v -0.02031153 -0.02234154 0.10722670
v -0.02047729 -0.02244520 0.10708130
v -0.01616621 -0.02168530 0.11017360
v -0.01947093 -0.02250015 0.10760140
v -0.02542531 -0.02398687 0.10151400
v -0.00661707 -0.02084618 0.11389650
v -0.01569873 -0.02185481 0.11018940
v -0.01611328 -0.02207899 0.10970580
v -0.01569688 -0.02185565 0.11018650
v -0.01525551 -0.02179276 0.11043860
v -0.00126052 -0.02077090 0.11448010
v -0.00673914 -0.02078998 0.11389960
v -0.01947093 -0.02250015 0.10760140
v -0.00595087 -0.02070188 0.11407750
v -0.00842285 -0.02084875 0.11350530
v -0.00673914 -0.02078998 0.11389960
v -0.00595087 -0.02070188 0.11407750
v -0.01169574 -0.02117842 0.11237250
v -0.01189523 -0.02118009 0.11229840
v -0.00635034 -0.02096116 0.11377360
v -0.00708008 -0.02127027 0.11355100
v -0.00634944 -0.02096217 0.11376960
v -0.00138277 -0.02059453 0.11460910
v -0.01105666 -0.02127611 0.11246750
v -0.01196295 -0.02137190 0.11209970
v -0.01134848 -0.02130913 0.11234880
v -0.00561523 -0.02091544 0.11391720
v -0.00724244 -0.02099967 0.11360500
v -0.00635034 -0.02096116 0.11377360
v -0.02545416 -0.02396512 0.10152930
v -0.01543450 -0.02179151 0.11041060
v -0.02362060 -0.02335304 0.10389220
v -0.02546828 -0.02391594 0.10157810
v -0.01189523 -0.02118009 0.11229840
v -0.02789688 -0.02485650 0.09773534
v -0.02751076 -0.02471607 0.09835702
v -0.02546828 -0.02391594 0.10157810
v -0.02531903 -0.02343702 0.10208790
v -0.02789688 -0.02485650 0.09773534
v -0.01151019 -0.02121067 0.11241970
v -0.02237969 -0.02315562 0.10497120
v -0.02519989 -0.02399015 0.10163390
v -0.02246087 -0.02323859 0.10482300
v -0.01073753 -0.02127468 0.11251670
v -0.01960521 -0.02237558 0.10773850
v -0.01555693 -0.02174592 0.11043440
v -0.01940912 -0.02226209 0.10799680
v -0.01549327 -0.02161902 0.11055360
v -0.00498962 -0.02081149 0.11415760
v -0.00074507 -0.02076739 0.11449580
v -0.01907062 -0.02242171 0.10791580
v -0.01562500 -0.02159065 0.11056020
v -0.01690667 -0.02172994 0.10972490
v -0.01616621 -0.02168530 0.11017360
v -0.01907062 -0.02242171 0.10791580
v -0.00638139 -0.02088588 0.11390410
v -0.00682944 -0.02091199 0.11380550
v -0.00498962 -0.02081149 0.11415760
v -0.00638139 -0.02088588 0.11390410
v -0.01907062 -0.02242171 0.10791580
v -0.01947093 -0.02250015 0.10760140
v -0.01907062 -0.02242177 0.10791580
v -0.01481014 -0.02173173 0.11068350
v -0.00561523 -0.02091544 0.11391720
v -0.00091904 -0.02073007 0.11454210
v -0.00561523 -0.02091544 0.11391720
v -0.00590169 -0.02093982 0.11385940
v -0.00545275 -0.02091920 0.11394240
v -0.00561523 -0.02091544 0.11391720
v -0.00634944 -0.02096217 0.11376960
v -0.00590169 -0.02093982 0.11385940
v -0.00080565 -0.02066832 0.11459420
v -0.00092273 -0.02057522 0.11462970
v -0.00724244 -0.02099967 0.11360500
v -0.01065129 -0.02111750 0.11274780
v -0.01208412 -0.02133858 0.11212010
v -0.01127445 -0.02124309 0.11246160
v -0.01065129 -0.02111750 0.11274780
v -0.01126492 -0.02108746 0.11255940
v -0.01327508 -0.02124929 0.11172760
v -0.01196289 -0.02116346 0.11239140
v -0.01126492 -0.02108746 0.11255940
v -0.01126492 -0.02108746 0.11255940
v -0.01126492 -0.02108746 0.11255940
v -0.01327508 -0.02124929 0.11172760
v -0.01131886 -0.02132546 0.11230940
v -0.01073753 -0.02127468 0.11251670
v -0.01030749 -0.02123624 0.11267070
v -0.01496464 -0.02171546 0.11069370
v -0.01653033 -0.02194207 0.10978250
v -0.01579093 -0.02183753 0.11021480
v -0.01940912 -0.02226209 0.10799680
v -0.02031159 -0.02234154 0.10722670
v -0.01992791 -0.02231448 0.10758480
v -0.01549327 -0.02161902 0.11055360
v -0.01562500 -0.02159065 0.11056020
v -0.01616621 -0.02168530 0.11017360
v -0.01907062 -0.02242177 0.10791580
v -0.01846796 -0.02230453 0.10838400
v -0.00591958 -0.02090424 0.11394320
v -0.00498962 -0.02081149 0.11415760
v -0.00651389 -0.02093780 0.11381440
v -0.00549507 -0.02081435 0.11411370
v -0.00500256 -0.02090013 0.11401900
v -0.02252531 -0.02315044 0.10493550
v -0.02362060 -0.02335304 0.10389220
v -0.02220517 -0.02308177 0.10523240
v -0.02362060 -0.02335304 0.10389220
v 0.00087738 -0.02072852 0.11456420
v -0.00270313 -0.02074289 0.11446470
v -0.00091904 -0.02073007 0.11454210
v -0.02362060 -0.02335304 0.10389220
v -0.01433944 -0.02163887 0.11101140
v -0.01579093 -0.02183753 0.11021480
v -0.01543450 -0.02179151 0.11041060
v -0.02237969 -0.02315562 0.10497120
v -0.02246087 -0.02323859 0.10482300
v -0.02238035 -0.02315849 0.10496100
v -0.02275907 -0.02302020 0.10489800
v -0.01579093 -0.02183753 0.11021480
v -0.01861608 -0.02229636 0.10836360
v -0.01966369 -0.02249878 0.10754980
v -0.01902139 -0.02237486 0.10805380
v -0.01030749 -0.02123624 0.11267070
v -0.01436191 -0.02147978 0.11115640
v -0.01549327 -0.02161902 0.11055360
v -0.01492685 -0.02156388 0.11085810
v -0.01436191 -0.02147978 0.11115640
v -0.01562500 -0.02159065 0.11056020
v -0.01464837 -0.02140760 0.11104860
v -0.01690667 -0.02172994 0.10972490
v -0.01562500 -0.02159065 0.11056020
v -0.01464837 -0.02140760 0.11104860
v -0.01327508 -0.02124929 0.11172760
v -0.01690667 -0.02172994 0.10972490
v -0.01481014 -0.02173173 0.11068350
v -0.00524270 -0.02087581 0.11406060
v -0.00591958 -0.02090424 0.11394320
v -0.00651389 -0.02093780 0.11381440
v -0.02031159 -0.02234154 0.10722670
v -0.00105953 0.04064953 0.11464480
v 0.00629896 0.04064965 0.11416760
v -0.00836563 0.04064959 0.11367360
v 0.03008908 0.04064911 0.07354348
v -0.03136473 0.04064953 0.08003860
v -0.03149819 0.04064959 0.08592236
v -0.03014987 0.04064959 0.07372754
v 0.02571290 0.04064977 0.06469339
v 0.01081460 0.04064941 0.05350863
v 0.00206798 0.04064947 0.05155438
v -0.00887585 0.04064965 0.05276817
v 0.01990890 0.04065030 0.10761150
v 0.02504158 0.04064863 0.10240830
v 0.02930396 0.04064965 0.09495729
v -0.02374458 0.04064947 0.10398000
v -0.02893495 0.04064959 0.09597486
v -0.01546478 0.04065108 0.11061370
v 0.02069085 0.04065012 0.05936712
v -0.01907348 0.04064959 0.10823330
v -0.02584743 0.04065001 0.06487554
v 0.01464837 0.04064953 0.11109060
v -0.01825898 0.04064995 0.05731958
v 0.01637649 0.04064989 0.05618941
v 0.03126943 0.04064947 0.08743089
v 0.03145086 0.04064947 0.08080691
v 0.01879978 0.02090346 0.04815012
v 0.01916986 0.02299243 0.04815101
v 0.02270036 0.01979196 0.04814445
v 0.02511179 0.01381003 0.04814970
v 0.02406221 0.01829355 0.04814243
v 0.02660650 0.01487267 0.04815238
v 0.01338380 0.02435910 0.04814642
v 0.01298201 0.02678376 0.04815495
v 0.02981168 0.00817245 0.04816228
v 0.00857759 0.02632540 0.04815006
v 0.02842438 0.00612062 0.04815047
v 0.03085798 0.00455225 0.04814910
v 0.00683117 0.02879858 0.04815661
v 0.00135547 0.02761024 0.04815018
v 0.02936726 0.00101960 0.04815018
v 0.00351077 0.02935421 0.04814696
v -0.00264025 0.02950435 0.04815244
v 0.03138649 0.00120270 0.04815131
v 0.02949100 -0.00319010 0.04815006
v 0.03150182 -0.00163019 0.04815238
v 0.03144645 -0.00428688 0.04815083
v -0.00702774 0.02679461 0.04815012
v 0.02881544 -0.00848907 0.04815042
v -0.00831825 0.02840375 0.04815375
v 0.03089118 -0.00832766 0.04815131
v 0.02928721 -0.01351708 0.04814970
v -0.01147037 0.02734112 0.04817628
v 0.02586752 -0.01643747 0.04814940
v -0.01225471 0.02488362 0.04815012
v -0.01537370 0.02545154 0.04815012
v -0.01505661 0.02342933 0.04814887
v 0.02662998 -0.01870620 0.04815131
v 0.02486819 -0.02120649 0.04815095
v -0.02140665 0.02108407 0.04814803
v -0.01994371 0.01991075 0.04815119
v 0.01917374 -0.02456372 0.04814988
v 0.02187591 -0.02450400 0.04815375
v -0.02658921 0.01490378 0.04814863
v -0.02414029 0.01503598 0.04815369
v 0.01879411 -0.02712738 0.04815119
v -0.02676701 0.01056420 0.04815012
v 0.01464891 -0.02976751 0.04815191
v 0.01203387 -0.02893686 0.04815006
v -0.02925002 0.00972766 0.04815179
v 0.00969827 -0.03193247 0.04815238
v -0.03043758 0.00620997 0.04815167
v -0.02929913 0.00258344 0.04815012
v 0.00712061 -0.03059583 0.04815131
v -0.03106135 0.00357336 0.04815006
v 0.00402027 -0.03323000 0.04815149
v 0.00184452 -0.03144085 0.04815018
v -0.03146934 -0.00020775 0.04815316
v -0.00142920 -0.03342700 0.04815208
v -0.00554830 -0.03101730 0.04815018
v -0.03134244 -0.00586772 0.04814833
v -0.02928370 -0.00589383 0.04815000
v -0.00406104 -0.03318148 0.04814827
v -0.00756550 -0.03249841 0.04815506
v -0.03042078 -0.01013088 0.04814863
v -0.02777642 -0.01202797 0.04815047
v -0.01146596 -0.02914953 0.04814350
v -0.02846801 -0.01536786 0.04814648
v -0.01197785 -0.03105998 0.04816490
v -0.01712179 -0.02608585 0.04814851
v -0.02547955 -0.01685214 0.04814767
v -0.01771998 -0.02794098 0.04815262
v -0.02589941 -0.01981300 0.04816472
v -0.02250307 -0.02109926 0.04815196
v -0.02250528 -0.02392160 0.04815644
v 0.01864624 -0.02234268 0.10826960
v 0.01727288 -0.02209609 0.10934720
v 0.01704943 -0.02408218 0.10933920
v 0.01528942 -0.03536975 0.05589562
v 0.01879787 -0.03480172 0.05818361
v 0.01533508 -0.03743761 0.05577647
v 0.00045705 -0.02080595 0.11439660
v 0.01216316 -0.03570836 0.05424398
v 0.00115585 -0.02081024 0.11437950
v 0.00630379 -0.03825819 0.05248057
v 0.00599289 -0.03614121 0.05226892
v 0.02032369 -0.02469325 0.10688840
v 0.01988458 -0.02258586 0.10725740
v 0.00283366 -0.02285248 0.11427130
v 0.00363725 -0.03629136 0.05204004
v 0.02094650 -0.02281713 0.10631840
v 0.00204849 -0.02082157 0.11433260
v -0.00103951 -0.03841048 0.05187571
v 0.00273991 -0.02083510 0.11427960
v -0.00348741 -0.03627592 0.05195128
v 0.00319475 -0.02084589 0.11423620
v 0.00381470 -0.02086210 0.11416900
v 0.00476074 -0.02089643 0.11403360
v 0.00589597 -0.02296036 0.11383870
v 0.02456086 -0.02575629 0.10262570
v 0.02214556 -0.02309930 0.10519850
v 0.00545710 -0.02092474 0.11391990
v 0.02239090 -0.02316141 0.10494940
v 0.02263271 -0.02322405 0.10469800
v 0.00613403 -0.02095270 0.11378750
v 0.02418893 -0.02366346 0.10293550
v 0.00680131 -0.02099186 0.11365100
v 0.02706146 -0.02466249 0.09887593
v 0.00737000 -0.02103281 0.11348240
v 0.02896070 -0.02764099 0.09506696
v 0.02921676 -0.02581739 0.09431356
v 0.03043740 -0.02682876 0.09024518
v 0.00976956 -0.02321094 0.11283360
v 0.00856018 -0.02110004 0.11321150
v 0.03137224 -0.03015607 0.08497697
v 0.03133404 -0.02840846 0.08387655
v 0.01121330 -0.02132058 0.11233130
v 0.03027391 -0.03260129 0.07517045
v 0.01350957 -0.02358609 0.11132900
v 0.01370614 -0.02159398 0.11122220
v 0.02848160 -0.03179514 0.07027882
v 0.02639240 -0.03485625 0.06612581
v 0.02669382 -0.03263509 0.06690138
v 0.01482290 -0.02173733 0.11066090
v 0.01526874 -0.02179843 0.11041590
v 0.02157598 -0.03624814 0.06054395
v 0.01609802 -0.02192163 0.10997670
v 0.02456086 -0.02575629 0.10262570
v 0.02032369 -0.02469325 0.10688840
v -0.02005761 -0.02462053 0.10717670
v 0.02639240 -0.03485625 0.06612581
v -0.02880859 -0.03367424 0.07086843
v -0.02459907 -0.03544420 0.06376737
v -0.02661126 -0.02644819 0.09984868
v 0.02157598 -0.03624814 0.06054395
v 0.01533508 -0.03743761 0.05577647
v -0.01711648 -0.03718155 0.05679976
v 0.02896070 -0.02764099 0.09506696
v 0.03137224 -0.03015607 0.08497697
v -0.03090351 -0.02919960 0.08881276
v 0.00589597 -0.02296036 0.11383870
v 0.00283366 -0.02285248 0.11427130
v -0.00400567 -0.02288460 0.11414220
v 0.00000000 -0.02282041 0.11440000
v 0.00976956 -0.02321094 0.11283360
v -0.00797778 -0.02307856 0.11336450
v -0.03102016 -0.03167861 0.07887214
v 0.03027391 -0.03260129 0.07517045
v 0.01350957 -0.02358609 0.11132900
v -0.01173472 -0.02339059 0.11211310
v 0.01704943 -0.02408218 0.10933920
v -0.01528638 -0.02381616 0.11040590
v -0.00103951 -0.03841048 0.05187571
v 0.00630379 -0.03825819 0.05248057
v -0.00801277 -0.03815746 0.05288493
v 0.00628930 -0.03081524 0.05246782
v 0.00632214 -0.03195083 0.05240041
v 0.00212574 -0.03195047 0.05193316
v 0.00046420 -0.03150105 0.05184364
v 0.00233048 -0.03166121 0.04986488
v 0.00628930 -0.03081524 0.05246782
v 0.00046420 -0.03150105 0.05184364
v -0.00099659 -0.03143429 0.04984986
v -0.00420064 -0.03116977 0.05054253
v -0.00614965 -0.03086209 0.05246877
v 0.00212574 -0.03195047 0.05193316
v 0.00632214 -0.03195083 0.05240041
v 0.00233048 -0.03166121 0.04986488
v -0.00209981 -0.03195041 0.05197072
v -0.00345606 -0.03195011 0.05021888
v -0.00623202 -0.03195232 0.05245870
v 0.00046420 -0.03150105 0.05184364
v 0.00212574 -0.03195047 0.05193316
v -0.00209981 -0.03195041 0.05197072
v 0.00046420 -0.03150105 0.05184364
v -0.00209981 -0.03195041 0.05197072
v -0.00623202 -0.03195232 0.05245870
v -0.00614965 -0.03086209 0.05246877
v 0.00046420 -0.03150105 0.05184364
v -0.00623202 -0.03195232 0.05245870
v -0.00345606 -0.03195011 0.05021888
v 0.00233048 -0.03166121 0.04986488
v -0.00099659 -0.03143429 0.04984986
v -0.00345606 -0.03195011 0.05021888
v -0.00099659 -0.03143429 0.04984986
v -0.00420064 -0.03116977 0.05054253
v -0.00623202 -0.03195232 0.05245870
v -0.00345606 -0.03195011 0.05021888
v -0.00420064 -0.03116977 0.05054253
v -0.00614965 -0.03086209 0.05246877
v 0.00632214 -0.03195083 0.05240041
v 0.00628930 -0.03081524 0.05246782
v 0.00233048 -0.03166121 0.04986488
f 1 2 3
f 1 3 4
f 5 1 4
f 5 4 6
f 7 5 6
f 7 6 8
f 9 7 8
f 9 8 10
f 9 10 11
f 12 9 11
f 13 12 11
f 13 11 14
f 15 13 14
f 15 14 16
f 17 15 16
f 18 19 20
f 18 20 21
f 22 18 21
f 22 21 23
f 24 22 23
f 25 24 23
f 25 23 26
f 25 26 27
f 28 25 27
f 28 27 29
f 30 28 29
f 30 29 31
f 32 30 31
f 32 31 33
f 34 35 36
f 37 38 39
f 40 41 42
f 43 41 40
f 34 44 35
f 45 37 39
f 46 41 43
f 40 42 47
f 45 39 44
f 48 40 47
f 45 44 34
f 46 49 41
f 50 49 46
f 48 47 51
f 52 49 50
f 53 48 51
f 54 52 50
f 55 53 51
f 56 52 54
f 57 56 54
f 58 53 55
f 59 58 55
f 60 58 59
f 61 56 57
f 38 61 57
f 36 60 59
f 36 35 60
f 37 61 38
f 62 63 64
f 65 66 67
f 68 66 65
f 63 69 64
f 66 70 67
f 71 72 64
f 69 71 64
f 68 65 73
f 67 70 74
f 70 75 74
f 76 68 73
f 76 73 77
f 74 75 78
f 78 75 79
f 78 79 80
f 76 77 81
f 76 81 82
f 80 79 83
f 80 83 84
f 82 81 85
f 84 83 86
f 82 85 87
f 87 85 88
f 87 88 62
f 71 84 86
f 88 63 62
f 71 86 72
f 89 32 33
f 89 33 90
f 91 89 90
f 91 90 92
f 93 91 92
f 93 92 94
f 95 93 94
f 95 94 96
f 95 96 97
f 98 95 97
f 98 97 99
f 19 98 99
f 19 99 20
f 17 16 100
f 101 17 100
f 101 100 102
f 103 101 102
f 103 102 104
f 105 103 104
f 106 107 108
f 109 106 108
f 110 109 108
f 110 108 111
f 110 111 112
f 2 110 112
f 2 112 3
f 113 114 115
f 116 117 118
f 116 118 119
f 120 121 122
f 123 117 116
f 124 125 126
f 127 114 113
f 128 125 124
f 129 128 124
f 130 129 124
f 131 127 113
f 131 132 127
f 133 129 130
f 131 134 132
f 135 133 130
f 136 134 131
f 137 138 139
f 140 136 131
f 141 138 137
f 142 141 137
f 143 141 142
f 144 140 131
f 145 143 142
f 146 145 142
f 147 145 146
f 148 147 146
f 149 147 148
f 150 149 148
f 151 140 144
f 151 152 140
f 151 153 152
f 154 155 156
f 157 154 156
f 158 153 151
f 159 154 157
f 160 158 151
f 161 160 151
f 162 159 157
f 163 161 151
f 164 162 157
f 113 164 157
f 119 163 151
f 165 164 113
f 166 165 113
f 167 166 113
f 118 163 119
f 115 167 113
f 168 169 170
f 171 172 173
f 174 175 169
f 176 177 178
f 179 180 181
f 182 183 184
f 185 186 182
f 187 188 189
f 190 191 180
f 192 193 186
f 194 195 196
f 194 197 195
f 198 199 200
f 201 202 203
f 201 203 192
f 204 205 206
f 207 208 209
f 210 211 212
f 213 214 177
f 215 216 217
f 207 218 208
f 219 220 221
f 222 223 214
f 224 225 226
f 227 228 218
f 229 218 207
f 230 231 223
f 232 228 227
f 224 233 225
f 234 197 194
f 235 236 237
f 238 239 240
f 224 241 233
f 242 243 244
f 245 246 247
f 245 247 248
f 249 250 251
f 252 253 254
f 255 256 257
f 245 248 258
f 259 260 261
f 262 263 264
f 262 265 263
f 266 265 262
f 267 268 245
f 267 269 268
f 270 271 234
f 272 273 274
f 275 273 272
f 276 277 269
f 276 278 277
f 279 280 281
f 282 283 284
f 270 285 286
f 287 173 288
f 289 290 291
f 292 283 282
f 293 171 173
f 293 173 287
f 294 295 296
f 209 297 298
f 299 300 292
f 174 169 168
f 185 182 184
f 194 196 301
f 293 204 171
f 302 207 209
f 303 213 177
f 303 177 299
f 304 305 306
f 201 192 186
f 307 214 303
f 307 222 214
f 307 223 222
f 308 309 310
f 230 223 307
f 311 202 201
f 312 234 194
f 204 226 205
f 313 314 315
f 316 317 318
f 319 224 226
f 244 228 232
f 320 259 261
f 321 224 319
f 322 309 308
f 320 261 323
f 324 309 322
f 321 241 224
f 325 326 327
f 267 245 258
f 328 262 264
f 329 330 309
f 329 309 324
f 328 266 262
f 331 332 333
f 331 333 334
f 335 259 320
f 336 332 331
f 337 338 339
f 340 179 181
f 341 342 343
f 344 345 332
f 346 180 347
f 348 349 350
f 308 351 352
f 308 310 351
f 353 270 234
f 354 288 355
f 272 274 356
f 357 270 353
f 358 359 360
f 361 359 358
f 362 285 270
f 190 180 346
f 276 298 278
f 168 170 285
f 363 174 168
f 276 209 298
f 312 301 364
f 365 184 366
f 312 194 301
f 302 209 276
f 292 303 299
f 185 184 365
f 367 186 185
f 368 207 302
f 201 186 367
f 369 230 307
f 370 371 372
f 369 307 303
f 315 314 373
f 242 232 227
f 311 201 374
f 375 313 315
f 346 174 363
f 242 244 232
f 376 377 378
f 379 226 204
f 380 381 382
f 383 217 383
f 384 385 386
f 387 319 226
f 388 389 379
f 383 383 390
f 391 321 319
f 391 319 387
f 392 393 394
f 395 325 327
f 396 397 398
f 399 400 401
f 402 379 204
f 403 264 404
f 354 355 405
f 354 287 288
f 403 328 264
f 406 267 258
f 402 388 379
f 402 293 287
f 407 408 409
f 402 204 293
f 410 385 384
f 411 391 387
f 412 334 333
f 353 234 413
f 414 404 415
f 416 336 331
f 416 331 334
f 414 403 404
f 417 418 419
f 417 356 418
f 420 308 352
f 421 269 267
f 362 270 357
f 421 276 269
f 422 285 362
f 423 424 425
f 426 427 428
f 429 403 414
f 417 272 356
f 430 431 432
f 433 403 429
f 434 190 346
f 435 190 434
f 436 437 438
f 439 168 285
f 439 363 168
f 440 403 433
f 441 442 443
f 411 387 444
f 312 445 446
f 312 364 445
f 227 243 242
f 447 448 449
f 450 365 451
f 434 346 363
f 452 292 453
f 406 454 455
f 456 185 365
f 452 303 292
f 457 185 456
f 458 459 460
f 461 303 452
f 367 185 457
f 369 303 461
f 374 201 367
f 462 463 464
f 465 313 375
f 466 467 468
f 378 469 376
f 470 267 406
f 390 390 471
f 472 414 415
f 470 406 473
f 390 383 390
f 330 329 324
f 419 474 475
f 476 414 472
f 416 334 412
f 421 267 470
f 476 429 414
f 477 429 476
f 478 417 419
f 477 433 429
f 479 439 285
f 440 433 477
f 479 285 422
f 480 276 421
f 481 482 483
f 481 484 482
f 439 434 363
f 485 472 486
f 485 476 472
f 485 477 476
f 487 444 488
f 487 411 444
f 312 446 489
f 480 302 276
f 417 275 272
f 480 368 302
f 490 275 417
f 491 368 480
f 492 434 439
f 370 372 493
f 494 495 496
f 453 292 282
f 497 498 499
f 473 406 455
f 500 485 486
f 501 365 450
f 473 455 502
f 501 456 365
f 492 435 434
f 369 461 452
f 330 324 322
f 503 504 505
f 506 507 508
f 509 510 511
f 512 513 514
f 515 516 517
f 357 353 413
f 410 384 518
f 519 486 520
f 521 522 521
f 519 500 486
f 419 475 523
f 524 412 330
f 525 412 524
f 525 416 412
f 362 357 526
f 527 528 529
f 527 529 530
f 526 422 362
f 531 435 492
f 532 533 534
f 535 536 537
f 538 480 421
f 492 439 479
f 539 430 432
f 540 312 489
f 540 489 541
f 542 543 544
f 545 546 547
f 548 549 550
f 551 515 517
f 552 553 554
f 555 542 544
f 490 417 556
f 557 558 559
f 560 561 562
f 540 563 312
f 564 565 566
f 567 568 569
f 570 243 227
f 571 490 572
f 573 574 575
f 576 577 578
f 579 580 576
f 581 582 583
f 469 378 584
f 585 573 586
f 473 502 587
f 585 574 573
f 588 552 554
f 585 589 590
f 591 322 308
f 592 589 585
f 593 357 413
f 594 595 596
f 597 598 599
f 591 308 600
f 601 602 603
f 604 605 606
f 607 457 456
f 607 367 457
f 608 609 610
f 611 612 613
f 614 374 367
f 506 508 615
f 616 617 618
f 619 601 603
f 620 521 521
f 588 554 621
f 622 330 623
f 624 471 624
f 625 586 619
f 625 619 603
f 626 419 523
f 627 628 629
f 630 586 625
f 630 625 603
f 626 523 631
f 622 525 524
f 585 586 630
f 632 633 634
f 538 421 470
f 478 419 626
f 479 422 526
f 635 492 636
f 635 531 492
f 637 531 635
f 638 479 639
f 638 492 479
f 540 541 640
f 641 480 538
f 642 589 592
f 643 644 645
f 646 647 648
f 649 480 641
f 650 651 652
f 556 417 478
f 649 491 480
f 653 308 420
f 654 603 655
f 656 603 654
f 657 658 659
f 660 570 227
f 661 646 648
f 662 243 570
f 656 630 603
f 578 663 664
f 642 595 594
f 665 576 578
f 666 636 492
f 667 473 587
f 668 308 653
f 669 670 671
f 672 592 585
f 673 571 572
f 672 585 674
f 672 642 592
f 675 676 677
f 672 595 642
f 678 679 680
f 681 473 667
f 682 501 450
f 683 684 685
f 686 456 501
f 687 456 686
f 623 330 322
f 688 456 687
f 688 607 456
f 689 506 615
f 690 691 692
f 693 694 695
f 696 624 624
f 622 524 330
f 697 620 697
f 698 626 631
f 699 646 661
f 700 525 622
f 701 479 526
f 700 416 525
f 478 626 698
f 702 635 636
f 702 637 635
f 703 704 705
f 706 707 708
f 706 416 700
f 701 639 479
f 709 492 638
f 710 711 712
f 709 636 666
f 713 714 268
f 715 714 713
f 715 716 714
f 182 491 649
f 655 656 654
f 717 718 719
f 717 664 718
f 172 490 556
f 720 656 655
f 721 578 664
f 721 664 717
f 720 722 656
f 723 722 720
f 724 576 665
f 725 563 540
f 726 727 728
f 729 585 630
f 730 731 732
f 172 572 490
f 733 734 735
f 736 668 286
f 724 579 576
f 737 585 729
f 737 674 585
f 738 674 737
f 739 669 671
f 740 741 742
f 681 743 744
f 745 672 674
f 745 595 672
f 746 747 748
f 686 501 682
f 686 682 205
f 746 748 749
f 750 751 752
f 357 593 753
f 754 526 357
f 755 687 686
f 756 622 623
f 757 747 746
f 758 688 687
f 759 760 758
f 761 760 759
f 761 762 760
f 754 763 526
f 757 714 747
f 274 473 681
f 764 700 622
f 765 766 767
f 768 769 770
f 771 697 697
f 772 773 774
f 775 706 700
f 776 777 778
f 274 779 473
f 780 781 782
f 768 478 698
f 783 784 785
f 701 526 763
f 768 786 478
f 639 701 787
f 788 538 470
f 789 638 639
f 790 420 791
f 789 639 792
f 793 638 789
f 793 709 638
f 794 709 793
f 795 709 794
f 795 702 636
f 795 636 709
f 796 797 798
f 788 641 538
f 349 799 800
f 801 478 786
f 183 649 641
f 801 556 478
f 286 653 420
f 802 716 715
f 803 804 805
f 806 807 808
f 801 172 556
f 720 655 208
f 809 804 803
f 286 668 653
f 721 717 182
f 673 572 172
f 810 578 721
f 810 665 578
f 811 737 729
f 811 738 737
f 810 724 665
f 812 738 811
f 813 724 810
f 814 731 730
f 812 674 738
f 815 745 674
f 816 681 744
f 816 817 818
f 816 744 817
f 819 681 816
f 820 749 821
f 820 746 749
f 754 753 593
f 754 357 753
f 755 686 205
f 233 687 755
f 822 823 736
f 349 800 824
f 825 805 826
f 233 758 687
f 757 746 820
f 233 759 758
f 756 823 822
f 825 803 805
f 827 828 829
f 830 759 233
f 830 761 759
f 761 830 762
f 831 832 833
f 786 768 770
f 790 286 420
f 268 714 757
f 822 736 286
f 178 701 763
f 178 763 834
f 825 826 835
f 788 470 274
f 169 622 756
f 173 801 786
f 836 622 169
f 278 715 713
f 837 838 169
f 837 622 838
f 839 840 841
f 775 842 843
f 775 700 842
f 764 622 837
f 284 593 413
f 844 775 843
f 787 701 178
f 845 775 846
f 845 706 775
f 845 846 707
f 172 801 173
f 845 707 706
f 776 778 847
f 715 848 802
f 792 639 787
f 849 850 851
f 852 853 854
f 855 856 857
f 183 182 649
f 218 720 208
f 218 723 720
f 193 721 182
f 729 723 218
f 858 233 755
f 859 811 729
f 860 810 721
f 861 862 863
f 789 792 787
f 864 202 813
f 864 813 810
f 865 794 793
f 819 816 818
f 865 793 789
f 865 795 794
f 812 815 674
f 866 815 812
f 867 868 869
f 870 745 871
f 870 595 745
f 819 818 872
f 873 865 789
f 874 875 876
f 877 878 879
f 880 881 882
f 786 770 883
f 246 821 884
f 246 757 820
f 246 820 821
f 350 349 824
f 259 885 260
f 246 268 757
f 886 887 888
f 855 857 889
f 890 891 892
f 893 894 895
f 288 786 355
f 173 786 288
f 713 268 269
f 896 890 892
f 897 898 899
f 900 901 902
f 170 756 822
f 170 169 756
f 897 899 903
f 904 905 906
f 298 715 278
f 175 837 169
f 284 754 593
f 907 908 909
f 181 844 843
f 180 844 181
f 191 844 180
f 191 846 775
f 297 715 298
f 191 775 844
f 283 754 284
f 190 846 191
f 190 707 846
f 910 911 912
f 848 715 297
f 197 913 195
f 914 915 916
f 917 776 847
f 918 919 920
f 918 921 919
f 922 641 923
f 922 183 641
f 924 925 926
f 226 755 205
f 927 928 929
f 218 859 729
f 225 755 226
f 225 858 755
f 228 859 218
f 228 811 859
f 225 233 858
f 186 193 182
f 228 812 811
f 930 931 932
f 214 787 178
f 933 934 935
f 214 178 177
f 234 791 197
f 936 937 938
f 939 929 940
f 192 860 721
f 939 927 929
f 192 721 193
f 941 812 228
f 941 866 812
f 942 943 944
f 945 918 946
f 945 946 947
f 945 947 948
f 203 810 860
f 948 918 945
f 948 921 918
f 203 860 192
f 203 864 810
f 223 787 214
f 864 203 202
f 356 819 872
f 247 884 248
f 223 789 787
f 247 246 884
f 949 950 951
f 356 872 952
f 953 786 883
f 231 873 789
f 231 789 223
f 265 954 263
f 265 955 954
f 231 956 873
f 245 268 246
f 405 786 957
f 234 790 791
f 234 271 790
f 355 786 405
f 356 681 819
f 958 959 960
f 270 286 790
f 274 681 356
f 277 713 269
f 273 788 274
f 285 822 286
f 170 822 285
f 961 962 963
f 964 965 966
f 967 968 969
f 970 965 964
f 971 968 967
f 970 964 972
f 973 971 967
f 970 972 974
f 975 971 973
f 976 975 973
f 977 970 974
f 978 975 976
f 977 974 979
f 980 981 978
f 982 977 979
f 982 979 983
f 984 985 980
f 982 983 986
f 987 982 986
f 988 982 987
f 989 990 984
f 991 988 987
f 992 991 987
f 993 992 994
f 993 991 992
f 995 993 994
f 996 993 995
f 947 997 948
f 998 996 995
f 999 996 998
f 1000 1001 947
f 1002 996 999
f 1003 1004 1000
f 1005 996 1002
f 1006 996 1005
f 1007 1008 1003
f 1009 1008 1007
f 1010 1006 1005
f 1011 1009 1007
f 1012 1009 1011
f 1013 1006 1010
f 1014 1012 1011
f 1015 1006 1013
f 1016 1014 1011
f 1016 1011 1017
f 1018 1015 1013
f 1019 1015 1018
f 1020 1016 1017
f 1021 1020 1017
f 1022 1019 1018
f 1023 1021 143
f 1024 1019 1022
f 1019 1024 1025
f 1023 143 145
f 1026 1019 1025
f 1027 1023 145
f 1026 1025 1028
f 1029 1027 145
f 1030 1029 1031
f 1026 1028 1032
f 1033 1034 1035
f 1036 1026 1032
f 1036 1032 1037
f 1038 1037 1039
f 1038 1036 1037
f 1030 1027 1029
f 1023 1020 1021
f 1008 1004 1003
f 1004 1001 1000
f 1001 997 947
f 997 921 948
f 1040 1041 989
f 1041 990 989
f 990 1042 984
f 1042 985 984
f 985 981 980
f 981 975 978
f 1043 1044 1045
f 1046 1047 1048
f 1049 1048 1050
f 1051 1043 1045
f 1049 1046 1048
f 1051 1045 1052
f 1053 1054 1055
f 1056 1050 1057
f 1056 1049 1050
f 1058 1053 1055
f 1059 1052 1060
f 1059 1051 1052
f 1061 1058 1055
f 1061 1055 1062
f 1056 1057 1063
f 1064 1061 1062
f 1065 1062 1066
f 1065 1064 1062
f 1059 1060 1067
f 1068 1059 1067
f 1069 1065 1066
f 1069 1066 1070
f 1068 1067 1071
f 1044 1069 1070
f 1072 1068 1071
f 1072 1071 1047
f 1044 1070 1073
f 1044 1073 1045
f 1046 1072 1047
f 1074 1075 1076
f 1077 1078 1079
f 1080 1081 1082
f 1083 1084 1085
f 1083 1086 1084
f 1087 1088 1089
f 1087 1090 1088
f 1087 1085 1090
f 1091 1083 1085
f 1092 1075 1074
f 1092 1074 1093
f 1094 1085 1087
f 1094 1087 1095
f 1094 1091 1085
f 1096 1082 1075
f 1096 1075 1092
f 1097 1098 1080
f 1082 1077 1079
f 1082 1099 1100
f 1082 1100 1101
f 1082 1102 1077
f 1084 1097 1080
f 1082 1079 1099
f 1084 1080 1082
f 1084 1096 1085
f 1084 1082 1096
f 1090 1085 1103
f 1075 1082 1101
f 1104 1105 1106
f 1107 1108 1109
f 1104 1110 1105
f 1107 1109 1111
f 1112 1104 1106
f 1113 1107 1111
f 1114 1056 1063
f 1112 1106 1115
f 1116 1113 1111
f 1116 1111 1117
f 1114 1063 1118
f 1112 1115 1119
f 1120 1114 1118
f 1053 1117 1054
f 1053 1116 1117
f 1121 1112 1119
f 1121 1119 1122
f 1120 1118 1123
f 1120 1123 1124
f 1125 1121 1122
f 1125 1122 1126
f 1127 1120 1124
f 1128 1125 1126
f 1129 1127 1124
f 1129 1124 1105
f 1130 1128 1126
f 1130 1126 1109
f 1110 1129 1105
f 1108 1130 1109
f 1131 1132 1133
f 1134 1135 1136
f 1134 1137 1135
f 1138 1139 1140
f 1138 1140 964
f 1141 1142 1143
f 1144 1145 1146
f 1144 1147 1145
f 1148 1149 1150
f 1151 1152 1153
f 1151 1154 1152
f 1155 1156 1157
f 1158 1159 1160
f 1146 1154 1151
f 1161 1138 964
f 1139 1162 1163
f 1164 1165 1166
f 1134 1167 1137
f 1139 1168 1162
f 1155 1165 1164
f 1169 1134 1136
f 1170 1167 1134
f 1171 1172 1173
f 1174 1146 1151
f 1175 1176 1177
f 1162 1178 1179
f 1144 1146 1174
f 1180 1162 1168
f 1178 1131 1133
f 1181 1182 1183
f 1184 1136 1185
f 1184 1169 1136
f 1186 1187 1188
f 1189 1005 1190
f 1189 1191 1005
f 1167 1164 1166
f 1192 1193 1194
f 1195 1191 1189
f 1196 1197 1198
f 1196 1198 1199
f 1200 1181 1183
f 1201 1134 1169
f 1167 1202 1164
f 1203 1184 1185
f 1204 1167 1205
f 1204 1205 1170
f 1204 1202 1167
f 1206 1207 1208
f 1209 1210 1211
f 1201 1170 1134
f 1189 1190 1002
f 1212 1208 1213
f 1214 1215 1216
f 1178 1180 1217
f 1189 1002 1218
f 1201 1202 1204
f 1201 1204 1170
f 1184 1201 1169
f 1219 1201 1184
f 1220 1218 1002
f 1220 1189 1218
f 1221 1222 1223
f 1224 1225 1226
f 1227 1228 1229
f 1227 1229 1230
f 1231 1228 1227
f 1232 1233 1234
f 1235 1236 1237
f 1220 1002 999
f 1238 1037 1032
f 1227 1230 1239
f 1240 1241 1242
f 1243 1206 1208
f 1236 1235 1244
f 1245 1246 1247
f 1248 1249 1250
f 1251 1227 1239
f 1180 1178 1162
f 1252 1037 1238
f 1253 1184 1203
f 1240 1242 1254
f 1243 1208 1212
f 1255 1168 1139
f 1253 1219 1184
f 1256 1139 1138
f 1257 1258 1259
f 1260 1138 1161
f 1256 1138 1260
f 1261 1241 1240
f 1261 1240 1262
f 1263 1241 1261
f 1264 1236 1244
f 1168 1255 1180
f 1265 1243 1212
f 1266 1267 1268
f 1269 1264 1244
f 1256 1255 1139
f 1258 1257 1270
f 1271 1263 1261
f 1271 1261 1262
f 1272 1273 1274
f 1275 1276 1277
f 1278 1269 1244
f 1278 1244 1279
f 1280 1253 1203
f 1265 1269 1278
f 1265 1212 1269
f 1281 1282 1283
f 1284 1285 1286
f 1287 1288 1289
f 1290 1265 1278
f 1291 1292 1293
f 1290 1278 1294
f 1295 1253 1280
f 1295 1280 1296
f 1297 1032 1028
f 1298 1299 1300
f 1301 1296 1302
f 1303 1304 1305
f 1306 1303 1305
f 1297 1238 1032
f 1307 1308 1309
f 1310 1297 1028
f 1311 1295 1296
f 1312 1313 1303
f 1312 1303 1306
f 1314 1306 1305
f 1301 1311 1296
f 1310 1028 1315
f 1316 1317 1318
f 1319 1314 987
f 1320 1301 1302
f 1321 1302 1322
f 1323 1252 1238
f 1319 1306 1314
f 1320 1311 1301
f 1321 1322 1324
f 1325 1326 1327
f 1328 1311 1320
f 1321 1320 1302
f 1329 1330 1310
f 1331 1324 1322
f 1332 1320 1321
f 1333 1334 1320
f 1335 1238 1297
f 1336 1323 1238
f 1336 1238 1335
f 1337 1319 987
f 1335 1297 1310
f 987 986 1338
f 1339 1331 1322
f 1331 1321 1324
f 1340 1341 1252
f 1332 1321 1331
f 1337 1342 1339
f 1334 1328 1320
f 1338 1337 987
f 1025 1310 1315
f 1331 1339 1342
f 1343 1332 1331
f 1329 1310 1025
f 1344 1337 1338
f 1024 1329 1025
f 1330 1329 1024
f 1343 1334 1332
f 1336 1345 1323
f 1343 1331 1342
f 1346 986 983
f 1335 1310 1330
f 1347 1338 986
f 1347 1348 1338
f 1349 1334 1343
f 1349 1328 1334
f 1350 1345 1336
f 1344 1342 1337
f 1351 1352 1353
f 1354 1348 1347
f 1355 1343 1342
f 1356 1330 1024
f 1356 1024 1022
f 1357 983 979
f 1358 1359 1360
f 1361 1336 1335
f 1362 1363 1364
f 1354 1347 1365
f 1366 1330 1356
f 1367 1368 1369
f 1354 1344 1338
f 1370 1342 1344
f 1371 1345 1350
f 1372 1335 1330
f 1361 1350 1336
f 1370 1355 1342
f 1373 1356 1022
f 1365 979 974
f 1374 1344 1354
f 1375 1350 1361
f 1157 1375 1361
f 1376 1354 1365
f 1373 1366 1356
f 1133 1355 1370
f 1132 1343 1355
f 1377 1373 1022
f 1378 1366 1373
f 1372 1361 1335
f 1376 1365 974
f 1379 1354 1376
f 1379 1374 1354
f 1380 1343 1132
f 1323 1340 1252
f 1374 1370 1344
f 1133 1132 1355
f 1378 1372 1330
f 1378 1330 1366
f 1380 1349 1343
f 1381 1376 974
f 1179 1370 1374
f 1157 1361 1372
f 1381 1379 1376
f 1371 1323 1345
f 1382 1372 1378
f 1179 1133 1370
f 1378 1373 1377
f 1383 1378 1377
f 1384 1371 1350
f 1385 1340 1323
f 1386 1372 1382
f 972 1381 974
f 964 1381 972
f 1375 1384 1350
f 1386 1157 1372
f 1162 1374 1379
f 1163 1162 1379
f 1387 1382 1378
f 1166 1386 1382
f 1385 1323 1371
f 1162 1179 1374
f 1140 1379 1381
f 1165 1157 1386
f 1383 1377 1388
f 1389 1390 1391
f 1387 1166 1382
f 1392 1377 1393
f 1137 1378 1383
f 1165 1386 1166
f 1388 1377 1392
f 1394 1388 1392
f 964 1140 1381
f 1135 1137 1383
f 1140 1163 1379
f 1395 1396 1145
f 1395 1147 1396
f 1397 1398 1399
f 1397 1400 1398
f 1156 1375 1157
f 1137 1387 1378
f 1147 1395 1145
f 1167 1387 1137
f 1155 1157 1165
f 1156 1384 1375
f 1167 1166 1387
f 1178 1133 1179
f 1163 1140 1139
f 1401 1402 1403
f 1404 1405 1406
f 1407 1408 1409
f 1410 1411 1412
f 1413 1414 1406
f 971 1415 966
f 1416 1417 1418
f 1419 1420 1421
f 1422 1419 1423
f 1419 1421 1424
f 1423 1419 1424
f 1425 1426 1427
f 1428 1413 1429
f 1401 1403 1430
f 1424 1401 1430
f 1424 1430 1423
f 1405 1431 1432
f 1433 1409 1434
f 1411 1432 1431
f 966 1415 1435
f 1423 1430 1436
f 1437 1438 1439
f 1429 1413 1440
f 1406 1405 1441
f 1415 1442 1435
f 1004 1008 1443
f 1441 1405 1432
f 1422 1423 1444
f 1444 1423 1445
f 1004 1443 1446
f 1429 1440 1447
f 1430 1403 1436
f 1443 1008 1448
f 1449 1450 1451
f 1452 1453 1454
f 1444 1445 1455
f 1445 1423 1455
f 1406 1441 1413
f 1447 1440 1456
f 1457 1458 1459
f 1447 1456 1460
f 1439 1438 1461
f 1462 1463 1464
f 1465 1466 1467
f 1423 1436 1468
f 1469 1470 1471
f 1472 1455 1473
f 1440 1413 1474
f 1473 1455 1475
f 1476 1477 1478
f 1479 1480 1481
f 1482 1483 1484
f 1481 1480 1485
f 1474 1413 1441
f 1486 1487 1488
f 1489 1473 1490
f 1491 1492 1493
f 1490 1473 1475
f 1161 966 1435
f 1455 1423 1475
f 1462 1464 1001
f 1001 1464 997
f 1494 1495 1496
f 1497 1498 1499
f 1490 1475 1500
f 1439 1461 1442
f 1501 1447 1460
f 997 1464 1502
f 1503 1504 1505
f 1502 1464 1506
f 1440 1474 1456
f 1507 1508 1509
f 1510 1511 1512
f 1494 1496 1513
f 1514 1515 1516
f 1500 1475 1517
f 1518 1519 1520
f 1521 1522 1523
f 1501 1460 1524
f 1260 1161 1435
f 1517 1475 1525
f 1409 1526 1434
f 1527 1528 1040
f 1529 1027 1530
f 1528 1531 1040
f 1027 1030 1530
f 1030 1532 1533
f 1534 1525 1535
f 1535 1525 1536
f 1525 1475 1536
f 1460 1456 1537
f 1040 1531 1538
f 1538 1531 1539
f 1434 1526 1438
f 1524 1460 1540
f 1535 1536 1541
f 1027 1529 1023
f 1524 1540 1542
f 1543 1544 1545
f 1040 1538 1546
f 1547 1548 1549
f 1532 1341 1550
f 1546 1551 1552
f 1548 1553 1549
f 1535 1541 1554
f 1555 1556 1557
f 1541 1536 1558
f 1559 1524 1542
f 1460 1537 1540
f 1529 1530 1023
f 1040 1546 1560
f 1546 1552 1560
f 1561 1555 1557
f 1438 1526 1461
f 1558 1536 1562
f 1540 1563 1542
f 1040 1560 1041
f 1559 1542 1564
f 1565 1558 1566
f 1532 1550 1533
f 1567 1559 1564
f 1558 1562 1566
f 1567 1564 1568
f 1564 1542 1569
f 1542 1563 1569
f 1030 1533 1530
f 1570 1571 1572
f 1566 1573 1565
f 1564 1569 1574
f 1568 1564 1574
f 1442 1461 1435
f 1569 1563 1575
f 1576 1565 1573
f 1435 1577 1260
f 1435 1461 1577
f 1020 1023 1578
f 1023 1530 1579
f 1578 1023 1579
f 1576 1573 1580
f 1533 1550 1581
f 1530 1582 1579
f 1583 1576 1580
f 1569 1575 1574
f 1568 1574 1584
f 1580 1573 1585
f 1530 1533 1582
f 1586 1587 1588
f 1020 1578 1589
f 1016 1020 1589
f 1578 1579 1590
f 1533 1581 1591
f 1568 1584 1585
f 1574 1575 1592
f 985 1042 1593
f 985 1593 1594
f 1574 1592 1584
f 1585 1584 1595
f 1583 1580 1596
f 1579 1582 1597
f 985 1594 981
f 1598 1599 1600
f 1533 1591 1601
f 1582 1533 1601
f 1602 1578 1603
f 1580 1585 1596
f 1583 1596 1593
f 1579 1597 1590
f 1604 1605 1606
f 1596 1585 1607
f 1593 1608 1594
f 1585 1595 1607
f 1603 1578 1590
f 1593 1596 1609
f 1595 1584 1610
f 1593 1609 1608
f 1607 1595 1611
f 1602 1603 1590
f 1584 1592 1610
f 1604 1606 1612
f 1613 1614 1615
f 1616 1617 1618
f 1619 1613 1615
f 1597 1582 1620
f 981 1621 1615
f 1615 1621 1619
f 981 1594 1621
f 1622 1594 1608
f 1609 1596 1623
f 1596 1607 1623
f 1601 1591 1624
f 1582 1601 1620
f 975 1613 1619
f 1623 1607 1407
f 1621 1594 1622
f 1590 1597 1625
f 1607 1611 1407
f 1595 1610 1611
f 1601 1624 1620
f 1626 1627 1628
f 1609 1623 1608
f 1597 1620 1625
f 975 1619 971
f 1620 1624 1412
f 1629 1602 1630
f 1608 1623 1631
f 1625 1620 1632
f 1633 1341 1340
f 1623 1407 1433
f 1602 1590 1630
f 1622 1608 1634
f 1635 1629 1630
f 1620 1412 1632
f 1611 1610 1636
f 1619 1415 971
f 1590 1625 1637
f 1622 1634 1621
f 1632 1412 1638
f 1341 1633 1550
f 1590 1637 1639
f 1630 1590 1639
f 1631 1623 1433
f 1621 1634 1439
f 1639 1637 1414
f 1591 1581 1640
f 1621 1439 1619
f 1625 1632 1641
f 1637 1625 1641
f 1608 1631 1634
f 1630 1639 1428
f 1635 1630 1428
f 1581 1550 1633
f 1611 1636 1407
f 1634 1437 1439
f 1591 1640 1624
f 1634 1631 1434
f 1641 1632 1431
f 1412 1624 1410
f 1619 1439 1415
f 1632 1638 1431
f 1581 1633 1640
f 1637 1641 1404
f 1414 1637 1404
f 968 971 966
f 1407 1636 1408
f 1012 1014 1642
f 1641 1431 1405
f 1631 1433 1434
f 1640 1410 1624
f 1639 1414 1428
f 1404 1641 1405
f 1433 1407 1409
f 1638 1412 1411
f 1415 1439 1442
f 1429 1643 1428
f 1437 1634 1438
f 1634 1434 1438
f 1428 1414 1413
f 1638 1411 1431
f 1414 1404 1406
f 1038 1039 1644
f 1645 1646 1647
f 1038 1644 1648
f 1649 1038 1648
f 1645 1647 1650
f 1651 1650 1652
f 1651 1645 1650
f 1649 1648 1653
f 1649 1653 1654
f 1651 1652 1655
f 1656 1649 1654
f 1657 1651 1655
f 1657 1655 1658
f 1656 1654 1659
f 1660 1656 1659
f 1660 1659 1661
f 1662 1658 1663
f 1662 1657 1658
f 1664 1660 1661
f 1664 1661 1665
f 1662 1663 1666
f 1667 1664 1665
f 1667 1665 1668
f 1669 1662 1666
f 1669 1666 1670
f 1667 1668 1671
f 1672 1669 1670
f 1672 1670 628
f 1667 1671 1673
f 1674 1673 345
f 1674 1667 1673
f 1672 628 627
f 1672 627 965
f 970 1672 965
f 1645 345 1646
f 1645 1674 345
f 1341 1037 1252
f 1341 1532 1037
f 1532 1039 1037
f 1161 964 966
f 1675 1676 1677
f 1678 1676 1675
f 1679 1678 1675
f 1680 1678 1679
f 1681 1680 1679
f 1682 1680 1681
f 1683 1684 1685
f 1686 1683 1687
f 454 1688 1689
f 1690 1688 454
f 1691 1690 454
f 1692 1690 1691
f 1693 1690 1692
f 1694 1693 1692
f 1695 1693 1694
f 1696 1695 1694
f 1697 1695 1696
f 1698 1697 1696
f 1699 1697 1698
f 1700 1699 1698
f 1701 1699 1700
f 1702 1701 1700
f 1703 1701 1702
f 1704 1703 1702
f 1705 1703 1704
f 1706 1703 1705
f 1707 1703 1706
f 1708 1707 1706
f 1709 1707 1708
f 1710 1707 1709
f 1711 1712 1713
f 1714 1711 1713
f 1715 1711 1714
f 1716 1717 1718
f 1719 1717 1716
f 1720 1719 1716
f 1721 1719 1720
f 1722 1721 1720
f 1723 1721 1722
f 1724 1725 1726
f 1727 1724 1728
f 1729 1730 1731
f 1732 1730 1729
f 1733 1732 1729
f 1734 1732 1733
f 1735 1732 1734
f 1736 1732 1735
f 1737 1736 1735
f 1738 1736 1737
f 1739 1736 1738
f 1740 1739 1738
f 1741 1739 1740
f 1742 1739 1741
f 1743 1742 1741
f 1744 1743 1741
f 195 1744 1741
f 1745 1744 195
f 913 1745 195
f 1746 1745 913
f 1747 1746 913
f 1748 1746 1747
f 1749 1748 1747
f 1750 1751 1752
f 1753 1754 1755
f 1756 1757 1753
f 1758 1759 1760
f 1761 1758 1760
f 1762 1758 1761
f 1763 1762 1761
f 1764 1762 1763
f 1765 1764 1763
f 1766 1767 1768
f 1769 1767 1766
f 1770 1771 1772
f 1773 1770 1774
f 1775 1773 1774
f 1776 1773 1775
f 1777 1776 1775
f 1778 1779 1780
f 1781 1778 1782
f 1783 1784 1785
f 1786 1784 1783
f 1787 1786 1783
f 1788 1786 1787
f 1789 1788 1787
f 1790 1788 1789
f 1791 1790 1789
f 1792 1790 1791
f 1793 1792 1791
f 1794 1792 1793
f 1795 1794 1793
f 1796 1794 1795
f 1797 1796 1795
f 1798 1796 1797
f 1799 1798 1797
f 1800 1798 1799
f 1801 1800 1799
f 1802 1800 1801
f 1803 1802 1801
f 1804 1802 1803
f 1805 1802 1804
f 1806 1805 1804
f 1807 1805 1806
f 1808 1807 1806
f 1809 1807 1808
f 1810 1809 1808
f 1811 1809 1810
f 1812 1811 1810
f 1813 1811 1812
f 1814 1813 1812
f 1815 1813 1814
f 1816 1815 1814
f 1817 1815 1816
f 1818 1815 1817
f 1819 1815 1818
f 1820 1819 1818
f 1821 1819 1820
f 1822 1819 1821
f 1823 1822 1821
f 1824 1822 1823
f 1825 1824 1823
f 1826 1824 1825
f 1827 1826 1825
f 1828 1827 1825
f 1829 1827 1828
f 1830 1831 1832
f 1833 1831 1830
f 1834 1833 1830
f 1835 1834 1830
f 1836 1837 1838
f 1839 1836 1838
f 1840 1836 1839
f 1841 1840 1839
f 1842 1840 1841
f 1843 1842 1841
f 1844 1842 1843
f 1845 1844 1843
f 1846 1844 1845
f 1847 1846 1845
f 1848 1846 1847
f 1849 1846 1848
f 1850 1849 1848
f 1851 1849 1850
f 1852 1849 1851
f 1853 1852 1851
f 1854 1852 1853
f 1855 1854 1853
f 1856 1855 1853
f 1857 1855 1856
f 1858 1857 1856
f 1859 1857 1858
f 1860 1859 1858
f 1861 1859 1860
f 1862 1861 1860
f 1863 1861 1862
f 1864 1863 1862
f 1865 1863 1864
f 1866 1865 1864
f 1867 1868 1869
f 1870 1867 1869
f 1871 1867 1870
f 1872 1873 1874
f 1875 1876 1877
f 1878 1875 1877
f 166 1875 1878
f 1879 166 1878
f 1880 166 1879
f 1881 1880 1879
f 1882 1883 1884
f 1885 1882 1884
f 1886 1882 1885
f 1887 1888 1889
f 1890 1888 1887
f 1891 1887 1889
f 1892 1890 1887
f 1893 1890 1892
f 1894 1890 1893
f 1895 1894 1893
f 1896 1894 1895
f 1897 1896 1895
f 1898 1896 1897
f 1899 1898 1897
f 1900 1898 1899
f 1901 1900 1899
f 1902 1900 1901
f 1903 1902 1901
f 1904 1902 1903
f 1905 1904 1903
f 1906 1904 1905
f 1907 1908 1909
f 1910 1907 1911
f 1677 1912 1913
f 1676 1912 1677
f 1914 1915 1916
f 1917 1918 1919
f 1920 1921 1922
f 1920 1923 1921
f 1924 1925 1926
f 1927 1928 1929
f 1930 1924 1926
f 1930 1931 1924
f 1927 1932 1933
f 1931 1930 1926
f 1934 1935 1936
f 1927 1933 1928
f 1914 1937 1915
f 1938 1939 1923
f 1940 1941 1942
f 1943 1937 1914
f 1944 1945 1932
f 1946 1947 1948
f 1946 1949 1947
f 1950 1951 1944
f 1952 1953 1938
f 1943 1954 1937
f 1955 1956 1949
f 1955 1957 1956
f 1958 1959 1960
f 1958 1961 1959
f 1962 1963 1950
f 1964 1965 1966
f 1967 1968 1954
f 1969 1970 1971
f 1972 1973 1974
f 1975 1976 1977
f 1978 1979 1972
f 1980 1981 1982
f 1983 1984 1985
f 1978 1986 1979
f 1928 1987 1988
f 1989 1968 1967
f 1989 1990 1968
f 1991 1992 1993
f 1994 1990 1989
f 1995 1996 1917
f 1997 1926 1925
f 1998 1992 1991
f 1999 2000 2001
f 2002 1994 2003
f 2004 2005 2006
f 2002 2007 1994
f 1992 2008 2009
f 2010 2002 2011
f 2012 2012 2013
f 2014 2008 1992
f 2015 2016 2017
f 2018 2019 2018
f 2018 2019 2019
f 2012 2020 2012
f 2015 2017 2008
f 2021 2022 2023
f 1940 1942 2024
f 2025 1920 1922
f 1914 1916 2026
f 2025 1922 2027
f 2028 2029 2030
f 2031 2032 2033
f 2034 2035 2036
f 2037 2038 2039
f 2040 1000 947
f 2041 2042 2043
f 2044 2045 2046
f 1003 1000 2040
f 2047 2048 2049
f 1971 2050 2051
f 2047 2052 2048
f 1948 2035 2034
f 2053 1946 1948
f 2054 1944 1932
f 2055 2056 2057
f 2058 2059 2060
f 2054 1950 1944
f 1955 1949 1946
f 2061 1957 1955
f 2062 2063 2064
f 2065 1958 1960
f 2066 2058 2060
f 2065 1960 2067
f 1962 1950 2054
f 1952 2068 1953
f 2069 2058 2066
f 2070 2071 2072
f 2073 1919 1970
f 2074 1963 1962
f 2074 1977 1963
f 2075 2076 2077
f 2074 1975 1977
f 2078 1003 2079
f 2080 1975 2074
f 1975 1985 1976
f 2081 1985 1975
f 2078 1007 1003
f 2082 1985 2081
f 2083 1011 1007
f 2082 1983 1985
f 2084 2085 2086
f 2082 1981 1980
f 2084 2087 2085
f 1978 1972 1974
f 2088 1988 2089
f 2090 2091 2092
f 2093 2069 2066
f 2088 1928 1988
f 2094 2095 2096
f 2097 2098 2099
f 2100 1989 1967
f 2097 2099 2101
f 2102 2103 2104
f 2003 1994 1989
f 2003 1989 2100
f 1998 1991 2105
f 2106 2006 1995
f 2107 2002 2003
f 2106 2004 2006
f 2106 2005 2004
f 2011 2108 2010
f 1940 2109 2110
f 2111 2112 2113
f 2088 1929 1928
f 2114 2115 2116
f 1940 2024 2109
f 2117 2118 2119
f 2120 2018 2018
f 2014 1992 1998
f 2121 1914 2026
f 2122 2123 2124
f 2025 2027 2125
f 2036 2021 2023
f 2014 2015 2008
f 2126 2127 2128
f 1920 1938 1923
f 2129 1938 1920
f 2130 2131 2132
f 2133 1971 2051
f 2134 1938 2129
f 2054 1932 2135
f 2136 2034 2137
f 2138 2015 2014
f 2136 1948 2034
f 1943 1914 2121
f 2136 2053 1948
f 2134 1952 1938
f 2139 2053 2136
f 2139 1946 2053
f 2140 1969 1971
f 2141 2142 2143
f 2144 1946 2139
f 2145 2146 2147
f 2144 1955 1946
f 2148 2149 2150
f 2151 2061 1955
f 2152 2153 2154
f 2155 2156 2157
f 2158 2159 2160
f 2161 2065 2067
f 2158 2162 2159
f 2054 2074 1962
f 2161 2067 2163
f 2164 2074 2054
f 2165 1919 2073
f 2166 2105 2167
f 1917 1919 2165
f 2081 1981 2082
f 2168 1967 1954
f 2169 2170 2171
f 2172 2015 2138
f 2172 2016 2015
f 2173 2174 2175
f 2176 1998 2105
f 2177 1995 1917
f 2178 2179 2180
f 2177 2106 1995
f 2181 2106 2177
f 2182 1998 2176
f 2183 2184 2185
f 2186 2187 2188
f 2189 1940 2110
f 2190 2003 2191
f 2182 2014 1998
f 2190 2107 2003
f 2192 2002 2107
f 2192 2107 2190
f 2193 2011 2002
f 2193 2002 2192
f 2025 1850 2194
f 2195 2023 2065
f 2025 2125 1850
f 2196 2155 2157
f 2197 2155 2196
f 2023 2137 2036
f 2198 2054 2135
f 2137 2034 2036
f 2199 2054 2198
f 2200 2138 2014
f 2201 2202 2203
f 2204 2205 2206
f 2207 2054 2208
f 2207 2164 2054
f 2209 2080 2074
f 2209 2164 2207
f 2209 2074 2164
f 2210 1981 2081
f 2211 2212 2213
f 2214 2121 2215
f 2214 1943 2121
f 2216 2136 2137
f 2134 2217 1952
f 2218 2219 2220
f 2133 2221 1971
f 2139 2136 2216
f 2166 2217 2134
f 2222 2223 2224
f 2225 2221 2133
f 2226 2227 2228
f 2229 1943 2214
f 2229 1954 1943
f 2152 2230 2153
f 2151 1955 2231
f 2229 2214 2215
f 2232 2088 2089
f 2233 2197 2196
f 2068 1952 2234
f 2161 2163 2235
f 2229 2168 1954
f 2236 2237 2238
f 2239 2105 2166
f 2240 2229 2215
f 2241 2242 2243
f 2240 2244 2229
f 2245 2240 2215
f 2246 2176 2105
f 2192 2190 2191
f 2247 2193 2192
f 2248 2025 2194
f 2249 2250 2251
f 2248 2194 1847
f 2177 1917 2165
f 2252 2253 2254
f 1927 1929 2088
f 2255 2189 2110
f 2256 2195 2065
f 2257 2258 2259
f 2200 2014 2182
f 2260 2258 2257
f 2129 1920 2025
f 2261 2258 2260
f 2262 2258 2261
f 2263 2258 2262
f 2264 2208 2265
f 2266 2258 2263
f 2207 2208 2264
f 2166 2134 2129
f 2267 2186 2188
f 2268 2137 2269
f 2270 2220 2271
f 2259 2249 2251
f 2259 2251 2272
f 2273 2274 2275
f 2218 2220 2270
f 2225 2133 2276
f 2216 2137 2268
f 2277 2278 2279
f 2280 2139 2216
f 2280 2144 2139
f 2277 2281 2282
f 2283 2281 2277
f 2284 2144 2280
f 2285 2286 2287
f 2231 2288 2151
f 2289 2192 2191
f 2161 2235 2290
f 2138 2291 2172
f 2239 2246 2105
f 2182 2176 2246
f 2292 2165 2073
f 2247 2192 2289
f 2293 2165 2292
f 2294 1927 2088
f 2295 2260 2257
f 2246 2200 2182
f 2161 2256 2065
f 2189 2255 2296
f 1951 2261 2260
f 2297 1927 2294
f 2135 1927 2297
f 2298 2261 1951
f 2299 2200 2246
f 2300 2261 2298
f 2300 2262 2261
f 1031 1029 2301
f 2300 2263 2262
f 2302 2303 2304
f 2305 2263 2300
f 2269 2023 2195
f 2269 2137 2023
f 2193 2247 2306
f 2307 2308 2309
f 2310 2311 2312
f 2307 2265 2308
f 2313 2314 2315
f 2316 2265 2307
f 2316 2264 2265
f 2259 2272 2317
f 2318 2207 2264
f 2318 2209 2207
f 2276 2133 2319
f 2270 2271 2318
f 2320 2268 2269
f 2320 2216 2268
f 2321 2277 2279
f 2322 2200 2299
f 2323 2216 2320
f 2322 2138 2200
f 2324 2325 2324
f 2322 2326 2327
f 2280 2216 2323
f 2283 2277 2321
f 2328 2284 2280
f 2329 2330 2331
f 2332 2248 1847
f 2333 2334 2335
f 2332 1847 1845
f 2336 2292 2337
f 2338 2292 2336
f 2339 2292 2338
f 2339 2293 2292
f 2340 2025 2248
f 2341 2247 2289
f 2339 2165 2293
f 2342 2165 2339
f 2343 2299 2246
f 2342 2339 2344
f 2343 2322 2299
f 2344 2165 2342
f 2345 2346 2347
f 2348 2349 2350
f 2351 2189 2296
f 2351 2296 2352
f 2295 1951 2260
f 2129 2025 2340
f 1944 1951 2295
f 2256 2161 1939
f 2050 2297 2353
f 2354 2297 2050
f 2351 2355 2189
f 2354 2135 2297
f 2356 2355 2351
f 2357 2135 2354
f 2357 2198 2135
f 2358 2269 2195
f 2359 2360 2361
f 2362 2247 2341
f 2362 2306 2247
f 2319 2355 2356
f 2363 2326 2322
f 2364 2166 2129
f 2365 2366 2367
f 2364 2368 2166
f 2369 2370 2371
f 2372 2365 2367
f 2373 2374 2375
f 2376 2316 2307
f 2259 2377 2378
f 2259 2317 2377
f 2376 2307 2379
f 2264 2316 2376
f 2368 2239 2166
f 2380 2320 2269
f 2336 2225 2276
f 2381 2246 2239
f 2340 2332 1845
f 2382 2270 2318
f 2383 2267 2188
f 2384 2385 2386
f 2340 1845 2387
f 2388 1939 2389
f 2388 2389 2390
f 2391 2392 2393
f 2336 2339 2338
f 2394 2324 2324
f 2340 2248 2332
f 2283 2321 2395
f 2396 2351 2352
f 2397 2398 2397
f 2399 2246 2381
f 2341 2289 2400
f 2401 2365 2372
f 2402 2403 2404
f 2256 2358 2195
f 2399 2343 2246
f 2405 2280 2323
f 2406 2362 2341
f 2407 2408 1973
f 2406 2306 2362
f 2406 2193 2306
f 2409 2357 2354
f 2410 2369 2371
f 2405 2323 2320
f 2405 2320 2380
f 2411 2286 2285
f 2412 2284 2328
f 2413 2259 2378
f 2414 2415 2416
f 2417 2322 2343
f 2418 2419 2420
f 2413 2378 2421
f 2422 2280 2405
f 2363 2322 2417
f 2381 2239 2368
f 2423 2336 2276
f 2424 2425 2424
f 2426 2399 2381
f 1933 2259 2413
f 2427 2264 2376
f 159 155 154
f 1939 2388 2428
f 2429 2264 2427
f 2430 2417 2343
f 2430 2343 2399
f 2429 2318 2264
f 2417 2326 2363
f 2382 2318 2429
f 2431 2432 2433
f 2434 2218 2270
f 2435 2436 2437
f 2438 2439 2440
f 2441 2442 2443
f 2444 2283 2395
f 2445 2397 2397
f 2446 2281 2283
f 2447 2351 2396
f 2448 2449 2450
f 2447 2356 2351
f 2451 2452 2453
f 2454 2129 2340
f 2454 2364 2129
f 2455 2456 2457
f 2458 2300 2298
f 2458 2305 2300
f 2459 2269 2358
f 2406 2341 2400
f 2460 2461 2462
f 2463 2364 2464
f 2413 2421 2465
f 2380 2269 1993
f 2466 2451 2453
f 2467 2468 2469
f 2470 2276 2319
f 2471 2357 2409
f 2472 2405 2380
f 2473 2381 2368
f 2470 2423 2276
f 2474 2381 2473
f 2475 2423 2470
f 2474 2426 2381
f 2476 2426 2474
f 2477 2451 2466
f 2016 2328 2280
f 2016 2280 2422
f 2478 2412 2328
f 2427 2376 2379
f 2478 2328 2479
f 2430 2399 2426
f 2480 2481 2482
f 2483 2418 2420
f 2483 2420 2484
f 2485 2429 2427
f 2486 2487 2488
f 2489 2417 2430
f 2490 2424 2424
f 2491 2451 2477
f 2489 2326 2417
f 2492 2429 2485
f 2490 2424 2490
f 2493 2494 2495
f 2493 2495 2496
f 2497 2336 2423
f 2497 2339 2336
f 2498 2382 2429
f 1939 2428 2499
f 2500 2501 2502
f 2503 2436 2435
f 2493 2340 2387
f 1933 2257 2259
f 2504 2505 2369
f 2506 2507 2508
f 2295 2257 1933
f 1915 2340 2493
f 332 2344 2339
f 2509 2344 332
f 345 1673 2509
f 2444 2446 2283
f 2510 2511 2512
f 2513 2514 2515
f 2516 2451 2491
f 2517 2340 1915
f 2518 2491 2477
f 2458 2298 1951
f 2519 2451 2516
f 2517 2454 2340
f 2518 2516 2491
f 2518 2519 2516
f 2520 2460 2462
f 2521 2522 2523
f 1977 2305 2458
f 2524 2525 2519
f 2526 2410 2371
f 2526 2369 2410
f 2504 2369 2526
f 2527 2528 2529
f 2409 2354 2050
f 1933 2465 2530
f 2356 2470 2319
f 1933 2413 2465
f 2463 2368 2364
f 1971 2471 2409
f 2472 2422 2405
f 2531 2422 2472
f 2016 2422 2531
f 2476 2474 2532
f 2476 2430 2426
f 2483 2484 2533
f 2534 2430 2476
f 2535 2427 2379
f 2536 2423 2475
f 2535 2485 2427
f 2537 2490 2490
f 2489 2430 2534
f 2538 2539 2540
f 2541 1939 2499
f 2542 2543 2544
f 1925 2485 2545
f 2546 2547 2548
f 1925 2492 2485
f 1915 2496 2549
f 2498 2429 2492
f 1915 2493 2496
f 2022 2466 2453
f 2550 2506 2508
f 2551 2497 2536
f 2551 2339 2497
f 2552 2553 2554
f 2555 2556 2557
f 2518 2466 2022
f 2558 332 2339
f 2518 2477 2466
f 1953 2256 1939
f 2559 2509 332
f 2559 345 2509
f 2518 2524 2519
f 1937 2517 1915
f 1953 2358 2256
f 1953 2459 2358
f 1950 2458 1951
f 1950 1977 2458
f 1941 2560 1942
f 2356 2447 310
f 2561 2562 2563
f 2526 2371 2564
f 1979 1973 1972
f 1979 2407 1973
f 1985 2504 2526
f 2565 2566 2567
f 2568 2460 2520
f 2356 310 309
f 2569 2505 2504
f 2570 1981 2571
f 2572 2573 2574
f 2575 2576 2577
f 2022 2453 1958
f 2009 2380 1993
f 2009 2472 2380
f 1968 2473 2368
f 1968 2474 2473
f 2017 2531 2472
f 2532 2474 1968
f 2017 2016 2531
f 2578 2579 2580
f 2581 2582 2583
f 2036 2022 2021
f 2470 2356 309
f 1923 2584 1921
f 2585 2546 2548
f 1923 1939 2541
f 2586 2587 2588
f 2589 2542 2544
f 2036 2518 2022
f 2475 2470 309
f 1924 2492 1925
f 1931 2492 1924
f 1931 2498 2492
f 2536 2475 309
f 2552 2554 2590
f 1932 2295 1933
f 2591 2592 2593
f 2536 2497 2423
f 1932 1945 2295
f 1948 1947 2594
f 1938 1953 1939
f 2536 309 330
f 1948 2594 2035
f 330 2551 2536
f 2595 2596 2597
f 1949 2598 1947
f 333 2558 2339
f 332 2558 333
f 345 2559 332
f 2599 2600 2601
f 1954 2517 1937
f 2602 2603 2604
f 2605 2524 2518
f 1963 1977 1950
f 2051 2050 2353
f 1968 2606 1954
f 1985 2526 1976
f 1984 2569 2504
f 1982 1981 2570
f 2607 2608 2609
f 1984 2504 1985
f 1971 2409 2050
f 1928 2610 1987
f 1928 1933 2610
f 1990 2532 1968
f 1994 2532 1990
f 1992 2009 1993
f 2023 2022 1958
f 1994 2476 2532
f 2023 1958 2065
f 1994 2534 2476
f 1970 2471 1971
f 2007 2534 1994
f 2611 2612 2613
f 2614 2582 2581
f 2008 2017 2472
f 2010 2615 2002
f 2616 2617 2618
f 2619 2620 2621
f 2008 2472 2009
f 1916 1915 2549
f 1919 2471 1970
f 2019 2622 2019
f 2623 2624 2625
f 2175 2174 2626
f 2627 2628 2629
f 2628 2630 2629
f 2631 2632 2633
f 2629 2630 2634
f 2635 2636 2637
f 2638 2639 2640
f 2641 2635 2637
f 2642 2641 2633
f 2632 2642 2633
f 2641 2637 2633
f 2643 2629 2644
f 2629 2634 2644
f 2645 2643 2641
f 2633 2637 2646
f 2638 2640 2628
f 2647 2638 2628
f 2646 2637 2648
f 2643 2644 2649
f 2643 2649 2635
f 2641 2643 2635
f 2650 2651 2630
f 2640 2650 2630
f 2628 2640 2630
f 2652 2653 2654
f 2655 2654 2656
f 2655 2652 2654
f 2655 2656 2657
f 2658 2659 2653
f 2658 2653 2652
f 2655 2657 2660
f 2661 2659 2658
f 2662 2655 2660
f 2662 2660 2663
f 2661 2664 2659
f 2665 2664 2661
f 2666 2662 2663
f 2665 2667 2664
f 2665 2668 2667
f 2666 2663 2669
f 2670 2669 2671
f 2670 2666 2669
f 2670 2671 2672
f 2673 2668 2665
f 2674 2670 2672
f 2673 2675 2668
f 2674 2672 2676
f 2677 2674 2676
f 2678 2675 2673
f 2679 2674 2677
f 2680 2678 2673
f 2681 2678 2680
f 2682 2681 2680
f 2683 2679 2677
f 2684 2679 2683
f 2685 2681 2682
f 2686 2685 2682
f 2687 2679 2684
f 2688 2687 2684
f 2689 2685 2686
f 2690 2689 2686
f 2691 2687 2688
f 2692 2689 2690
f 2693 2687 2691
f 2693 2694 2687
f 2695 2689 2692
f 2696 2694 2693
f 2697 2695 2692
f 2698 2697 2692
f 2699 2694 2696
f 2700 2697 2698
f 2701 2702 2699
f 2701 2699 2696
f 2703 2700 2698
f 2704 2705 2702
f 2704 2702 2701
f 2706 2703 2698
f 2706 2698 2707
f 2708 2705 2704
f 2709 2705 2708
f 2710 2707 2711
f 2710 2706 2707
f 2709 2712 2705
f 2713 2710 2711
f 2714 2715 2712
f 2714 2712 2709
f 2713 2711 2716
f 2717 2715 2714
f 2718 2713 2716
f 2718 2716 2719
f 2720 2718 2719
f 2720 2719 2715
f 2720 2715 2717
f 2721 2722 2723
f 2724 2725 2726
f 2727 123 116
f 2728 2724 2726
f 2729 2727 116
f 2730 2728 2726
f 2731 2728 2730
f 2732 2721 2723
f 2733 2721 2732
f 2734 2729 116
f 2735 2731 2730
f 2736 2733 2732
f 2734 2737 2729
f 2738 2735 2730
f 2739 2737 2734
f 2740 2735 2738
f 2741 2739 2734
f 2742 2741 2734
f 1888 2736 2732
f 2743 2742 2734
f 2744 2743 2734
f 2745 1888 2732
f 2745 2746 1888
f 2747 2743 2744
f 2745 2748 2746
f 2745 2749 2748
f 2750 2747 2744
f 2751 2749 2745
f 2752 2750 2744
f 2753 2751 2745
f 2754 2752 2744
f 2753 2745 2755
f 2756 2753 2755
f 2757 2756 2755
f 2758 2754 2744
f 2758 2759 2754
f 2760 2757 2755
f 1719 2759 2758
f 2761 2757 2760
f 2762 1719 2758
f 774 2760 2763
f 774 2761 2760
f 772 774 2763
f 2764 2762 2758
f 2765 2762 2764
f 2766 2763 2767
f 2766 772 2763
f 2768 2766 2767
f 2769 2765 2764
f 2770 2769 2764
f 851 2768 2767
f 849 2767 2771
f 2723 2772 2770
f 2723 2770 2764
f 849 851 2767
f 2725 2771 2726
f 2722 2772 2723
f 2725 849 2771
f 2773 2774 2775
f 2776 2777 2778
f 2773 2775 2779
f 2780 2776 2778
f 2781 2780 2782
f 2780 2778 2782
f 2783 2773 2779
f 2784 2783 2785
f 2783 2779 2785
f 2786 2787 2788
f 2787 2789 2788
f 2790 2786 2791
f 2786 2788 2791
f 2784 2785 2792
f 2793 2784 2792
f 2794 2790 2795
f 2790 2791 2795
f 2796 2794 2797
f 2798 2799 2800
f 2794 2795 2797
f 2776 2793 2777
f 2793 2792 2777
f 2799 2781 2800
f 2774 2796 2775
f 2796 2797 2775
f 2800 2781 2782
f 2801 2802 2803
f 2804 2801 2803
f 2805 2806 2807
f 2808 2805 2807
f 2809 2808 2807
f 2809 2807 2810
f 2811 2812 2813
f 2814 2811 2813
f 2814 2813 2815
f 2816 2814 2815
f 2817 2818 2819
f 2820 2821 2822
f 2823 2824 2825
f 2826 2827 2828
f 2829 2830 2831
f 2832 2833 2834
f 2832 2834 2835
f 2836 2837 2838

